ISO-10303-21;
HEADER;
FILE_DESCRIPTION(('FreeCAD Model'),'2;1');
FILE_NAME('Open CASCADE Shape Model','2026-10-04T16:02:14',('FreeCAD'),(
    'FreeCAD'),'Open CASCADE STEP processor 7.5','FreeCAD','Unknown');
FILE_SCHEMA(('AUTOMOTIVE_DESIGN { 1 0 10303 214 1 1 1 1 }'));
ENDSEC;
DATA;
#1 = APPLICATION_PROTOCOL_DEFINITION('international standard',
  'automotive_design',2000,#2);
#2 = APPLICATION_CONTEXT(
  'core data for automotive mechanical design processes');
#3 = SHAPE_DEFINITION_REPRESENTATION(#4,#10);
#4 = PRODUCT_DEFINITION_SHAPE('','',#5);
#5 = PRODUCT_DEFINITION('design','',#6,#9);
#6 = PRODUCT_DEFINITION_FORMATION('','',#7);
#7 = PRODUCT('Open CASCADE STEP translator 7.5 3',
  'Open CASCADE STEP translator 7.5 3','',(#8));
#8 = PRODUCT_CONTEXT('',#2,'mechanical');
#9 = PRODUCT_DEFINITION_CONTEXT('part definition',#2,'design');
#10 = ADVANCED_BREP_SHAPE_REPRESENTATION('',(#11,#15),#3665);
#11 = AXIS2_PLACEMENT_3D('',#12,#13,#14);
#12 = CARTESIAN_POINT('',(0.,0.,0.));
#13 = DIRECTION('',(0.,0.,1.));
#14 = DIRECTION('',(1.,0.,-0.));
#15 = MANIFOLD_SOLID_BREP('',#16);
#16 = CLOSED_SHELL('',(#17,#105,#140,#808,#863,#1191,#2888,#2893,#2898,
    #2933,#2968,#3552,#3607,#3636,#3640,#3644,#3651,#3658));
#17 = ADVANCED_FACE('',(#18),#32,.T.);
#18 = FACE_BOUND('',#19,.T.);
#19 = EDGE_LOOP('',(#20,#50,#77,#78));
#20 = ORIENTED_EDGE('',*,*,#21,.T.);
#21 = EDGE_CURVE('',#22,#24,#26,.T.);
#22 = VERTEX_POINT('',#23);
#23 = CARTESIAN_POINT('',(-5.216995364368E-15,21.301715890332,
    33.89210120378));
#24 = VERTEX_POINT('',#25);
#25 = CARTESIAN_POINT('',(-5.216995364368E-15,21.301715890332,
    3.29210120378));
#26 = SEAM_CURVE('',#27,(#31,#43),.PCURVE_S1.);
#27 = LINE('',#28,#29);
#28 = CARTESIAN_POINT('',(-5.216995364368E-15,21.301715890332,
    48.29210120378));
#29 = VECTOR('',#30,1.);
#30 = DIRECTION('',(0.,1.110223024625E-16,-1.));
#31 = PCURVE('',#32,#37);
#32 = CYLINDRICAL_SURFACE('',#33,21.3);
#33 = AXIS2_PLACEMENT_3D('',#34,#35,#36);
#34 = CARTESIAN_POINT('',(0.,1.715890331962E-03,48.29210120378));
#35 = DIRECTION('',(0.,1.110223024625E-16,-1.));
#36 = DIRECTION('',(0.,1.,1.110223024625E-16));
#37 = DEFINITIONAL_REPRESENTATION('',(#38),#42);
#38 = LINE('',#39,#40);
#39 = CARTESIAN_POINT('',(6.28318530718,-0.));
#40 = VECTOR('',#41,1.);
#41 = DIRECTION('',(0.,1.));
#42 = ( GEOMETRIC_REPRESENTATION_CONTEXT(2) 
PARAMETRIC_REPRESENTATION_CONTEXT() REPRESENTATION_CONTEXT('2D SPACE',''
  ) );
#43 = PCURVE('',#32,#44);
#44 = DEFINITIONAL_REPRESENTATION('',(#45),#49);
#45 = LINE('',#46,#47);
#46 = CARTESIAN_POINT('',(0.,-0.));
#47 = VECTOR('',#48,1.);
#48 = DIRECTION('',(0.,1.));
#49 = ( GEOMETRIC_REPRESENTATION_CONTEXT(2) 
PARAMETRIC_REPRESENTATION_CONTEXT() REPRESENTATION_CONTEXT('2D SPACE',''
  ) );
#50 = ORIENTED_EDGE('',*,*,#51,.F.);
#51 = EDGE_CURVE('',#24,#24,#52,.T.);
#52 = SURFACE_CURVE('',#53,(#58,#65),.PCURVE_S1.);
#53 = CIRCLE('',#54,21.3);
#54 = AXIS2_PLACEMENT_3D('',#55,#56,#57);
#55 = CARTESIAN_POINT('',(0.,1.715890331967E-03,3.29210120378));
#56 = DIRECTION('',(0.,1.110223024625E-16,-1.));
#57 = DIRECTION('',(0.,1.,1.110223024625E-16));
#58 = PCURVE('',#32,#59);
#59 = DEFINITIONAL_REPRESENTATION('',(#60),#64);
#60 = LINE('',#61,#62);
#61 = CARTESIAN_POINT('',(0.,45.));
#62 = VECTOR('',#63,1.);
#63 = DIRECTION('',(1.,0.));
#64 = ( GEOMETRIC_REPRESENTATION_CONTEXT(2) 
PARAMETRIC_REPRESENTATION_CONTEXT() REPRESENTATION_CONTEXT('2D SPACE',''
  ) );
#65 = PCURVE('',#66,#71);
#66 = PLANE('',#67);
#67 = AXIS2_PLACEMENT_3D('',#68,#69,#70);
#68 = CARTESIAN_POINT('',(0.,1.715890331967E-03,3.29210120378));
#69 = DIRECTION('',(0.,1.110223024625E-16,-1.));
#70 = DIRECTION('',(0.,1.,1.110223024625E-16));
#71 = DEFINITIONAL_REPRESENTATION('',(#72),#76);
#72 = CIRCLE('',#73,21.3);
#73 = AXIS2_PLACEMENT_2D('',#74,#75);
#74 = CARTESIAN_POINT('',(0.,0.));
#75 = DIRECTION('',(1.,0.));
#76 = ( GEOMETRIC_REPRESENTATION_CONTEXT(2) 
PARAMETRIC_REPRESENTATION_CONTEXT() REPRESENTATION_CONTEXT('2D SPACE',''
  ) );
#77 = ORIENTED_EDGE('',*,*,#21,.F.);
#78 = ORIENTED_EDGE('',*,*,#79,.T.);
#79 = EDGE_CURVE('',#22,#22,#80,.T.);
#80 = SURFACE_CURVE('',#81,(#86,#93),.PCURVE_S1.);
#81 = CIRCLE('',#82,21.3);
#82 = AXIS2_PLACEMENT_3D('',#83,#84,#85);
#83 = CARTESIAN_POINT('',(0.,1.715890331964E-03,33.89210120378));
#84 = DIRECTION('',(0.,1.110223024625E-16,-1.));
#85 = DIRECTION('',(0.,1.,1.110223024625E-16));
#86 = PCURVE('',#32,#87);
#87 = DEFINITIONAL_REPRESENTATION('',(#88),#92);
#88 = LINE('',#89,#90);
#89 = CARTESIAN_POINT('',(0.,14.4));
#90 = VECTOR('',#91,1.);
#91 = DIRECTION('',(1.,0.));
#92 = ( GEOMETRIC_REPRESENTATION_CONTEXT(2) 
PARAMETRIC_REPRESENTATION_CONTEXT() REPRESENTATION_CONTEXT('2D SPACE',''
  ) );
#93 = PCURVE('',#94,#99);
#94 = PLANE('',#95);
#95 = AXIS2_PLACEMENT_3D('',#96,#97,#98);
#96 = CARTESIAN_POINT('',(0.,1.715890331964E-03,33.89210120378));
#97 = DIRECTION('',(0.,1.110223024625E-16,-1.));
#98 = DIRECTION('',(0.,1.,1.110223024625E-16));
#99 = DEFINITIONAL_REPRESENTATION('',(#100),#104);
#100 = CIRCLE('',#101,21.3);
#101 = AXIS2_PLACEMENT_2D('',#102,#103);
#102 = CARTESIAN_POINT('',(0.,0.));
#103 = DIRECTION('',(1.,0.));
#104 = ( GEOMETRIC_REPRESENTATION_CONTEXT(2) 
PARAMETRIC_REPRESENTATION_CONTEXT() REPRESENTATION_CONTEXT('2D SPACE',''
  ) );
#105 = ADVANCED_FACE('',(#106,#109),#94,.F.);
#106 = FACE_BOUND('',#107,.F.);
#107 = EDGE_LOOP('',(#108));
#108 = ORIENTED_EDGE('',*,*,#79,.T.);
#109 = FACE_BOUND('',#110,.F.);
#110 = EDGE_LOOP('',(#111));
#111 = ORIENTED_EDGE('',*,*,#112,.F.);
#112 = EDGE_CURVE('',#113,#113,#115,.T.);
#113 = VERTEX_POINT('',#114);
#114 = CARTESIAN_POINT('',(-4.23727792505E-15,17.301715890332,
    33.89210120378));
#115 = SURFACE_CURVE('',#116,(#121,#128),.PCURVE_S1.);
#116 = CIRCLE('',#117,17.3);
#117 = AXIS2_PLACEMENT_3D('',#118,#119,#120);
#118 = CARTESIAN_POINT('',(0.,1.715890331964E-03,33.89210120378));
#119 = DIRECTION('',(0.,1.110223024625E-16,-1.));
#120 = DIRECTION('',(0.,1.,1.110223024625E-16));
#121 = PCURVE('',#94,#122);
#122 = DEFINITIONAL_REPRESENTATION('',(#123),#127);
#123 = CIRCLE('',#124,17.3);
#124 = AXIS2_PLACEMENT_2D('',#125,#126);
#125 = CARTESIAN_POINT('',(0.,0.));
#126 = DIRECTION('',(1.,0.));
#127 = ( GEOMETRIC_REPRESENTATION_CONTEXT(2) 
PARAMETRIC_REPRESENTATION_CONTEXT() REPRESENTATION_CONTEXT('2D SPACE',''
  ) );
#128 = PCURVE('',#129,#134);
#129 = CYLINDRICAL_SURFACE('',#130,17.3);
#130 = AXIS2_PLACEMENT_3D('',#131,#132,#133);
#131 = CARTESIAN_POINT('',(0.,1.715890331963E-03,40.29210120378));
#132 = DIRECTION('',(0.,1.110223024625E-16,-1.));
#133 = DIRECTION('',(0.,1.,1.110223024625E-16));
#134 = DEFINITIONAL_REPRESENTATION('',(#135),#139);
#135 = LINE('',#136,#137);
#136 = CARTESIAN_POINT('',(0.,6.4));
#137 = VECTOR('',#138,1.);
#138 = DIRECTION('',(1.,0.));
#139 = ( GEOMETRIC_REPRESENTATION_CONTEXT(2) 
PARAMETRIC_REPRESENTATION_CONTEXT() REPRESENTATION_CONTEXT('2D SPACE',''
  ) );
#140 = ADVANCED_FACE('',(#141,#144),#66,.T.);
#141 = FACE_BOUND('',#142,.T.);
#142 = EDGE_LOOP('',(#143));
#143 = ORIENTED_EDGE('',*,*,#51,.T.);
#144 = FACE_BOUND('',#145,.T.);
#145 = EDGE_LOOP('',(#146,#204,#233,#289,#313,#369,#420,#444,#500,#551,
    #575,#599,#655,#706,#730,#786));
#146 = ORIENTED_EDGE('',*,*,#147,.F.);
#147 = EDGE_CURVE('',#148,#150,#152,.T.);
#148 = VERTEX_POINT('',#149);
#149 = CARTESIAN_POINT('',(-1.969490062538,-13.00211600134,3.29210120378
    ));
#150 = VERTEX_POINT('',#151);
#151 = CARTESIAN_POINT('',(-10.27690373346,-8.205828482167,3.29210120378
    ));
#152 = SURFACE_CURVE('',#153,(#158,#165),.PCURVE_S1.);
#153 = ELLIPSE('',#154,6.265954988795,4.8);
#154 = AXIS2_PLACEMENT_3D('',#155,#156,#157);
#155 = CARTESIAN_POINT('',(-6.,-10.39058895508,3.29210120378));
#156 = DIRECTION('',(0.,1.110223024625E-16,-1.));
#157 = DIRECTION('',(-0.5,-0.866025403784,-9.614813431918E-17));
#158 = PCURVE('',#66,#159);
#159 = DEFINITIONAL_REPRESENTATION('',(#160),#164);
#160 = ELLIPSE('',#161,6.265954988795,4.8);
#161 = AXIS2_PLACEMENT_2D('',#162,#163);
#162 = CARTESIAN_POINT('',(-10.39230484541,-6.));
#163 = DIRECTION('',(-0.866025403784,-0.5));
#164 = ( GEOMETRIC_REPRESENTATION_CONTEXT(2) 
PARAMETRIC_REPRESENTATION_CONTEXT() REPRESENTATION_CONTEXT('2D SPACE',''
  ) );
#165 = PCURVE('',#166,#171);
#166 = CYLINDRICAL_SURFACE('',#167,4.8);
#167 = AXIS2_PLACEMENT_3D('',#168,#169,#170);
#168 = CARTESIAN_POINT('',(-3.107455756411,-5.380555362044,
    10.18650119185));
#169 = DIRECTION('',(-0.321393804843,-0.556670399226,-0.766044443119));
#170 = DIRECTION('',(0.,0.808963493304,-0.587858883153));
#171 = DEFINITIONAL_REPRESENTATION('',(#172),#203);
#172 = B_SPLINE_CURVE_WITH_KNOTS('',8,(#173,#174,#175,#176,#177,#178,
    #179,#180,#181,#182,#183,#184,#185,#186,#187,#188,#189,#190,#191,
    #192,#193,#194,#195,#196,#197,#198,#199,#200,#201,#202),
  .UNSPECIFIED.,.F.,.F.,(9,7,7,7,9),(2.72518057226,4.295976899055,
    5.474074144151,7.241220011795,9.00836587944),.UNSPECIFIED.);
#173 = CARTESIAN_POINT('',(0.,5.316502698403));
#174 = CARTESIAN_POINT('',(0.196349540849,4.996625277846));
#175 = CARTESIAN_POINT('',(0.392699081695,4.839045530793));
#176 = CARTESIAN_POINT('',(0.589048622541,4.862554821015));
#177 = CARTESIAN_POINT('',(0.785398163371,5.072599452345));
#178 = CARTESIAN_POINT('',(0.981747704242,5.458949707092));
#179 = CARTESIAN_POINT('',(1.178097245092,5.99615188905));
#180 = CARTESIAN_POINT('',(1.374446785946,6.64762467083));
#181 = CARTESIAN_POINT('',(1.718058482432,7.913317427635));
#182 = CARTESIAN_POINT('',(1.865320638068,8.496133560114));
#183 = CARTESIAN_POINT('',(2.012582793708,9.101401171207));
#184 = CARTESIAN_POINT('',(2.159844949344,9.709326374817));
#185 = CARTESIAN_POINT('',(2.30710710498,10.299492203127));
#186 = CARTESIAN_POINT('',(2.454369260618,10.852320050675));
#187 = CARTESIAN_POINT('',(2.601631416254,11.350440784004));
#188 = CARTESIAN_POINT('',(2.969786805347,12.423512928556));
#189 = CARTESIAN_POINT('',(3.190680038805,12.91234968692));
#190 = CARTESIAN_POINT('',(3.411573272203,13.198308561194));
#191 = CARTESIAN_POINT('',(3.632466505766,13.249654186497));
#192 = CARTESIAN_POINT('',(3.853359739126,13.058253890711));
#193 = CARTESIAN_POINT('',(4.074252972631,12.64289905035));
#194 = CARTESIAN_POINT('',(4.29514620608,12.044253646471));
#195 = CARTESIAN_POINT('',(4.736932672991,10.588614096182));
#196 = CARTESIAN_POINT('',(4.957825906434,9.731619144109));
#197 = CARTESIAN_POINT('',(5.178719139939,8.799570677162));
#198 = CARTESIAN_POINT('',(5.399612373255,7.860002192909));
#199 = CARTESIAN_POINT('',(5.620505606862,6.985551905451));
#200 = CARTESIAN_POINT('',(5.841398840254,6.24163547509));
#201 = CARTESIAN_POINT('',(6.062292073724,5.676364796529));
#202 = CARTESIAN_POINT('',(6.28318530718,5.316502698403));
#203 = ( GEOMETRIC_REPRESENTATION_CONTEXT(2) 
PARAMETRIC_REPRESENTATION_CONTEXT() REPRESENTATION_CONTEXT('2D SPACE',''
  ) );
#204 = ORIENTED_EDGE('',*,*,#205,.F.);
#205 = EDGE_CURVE('',#148,#206,#208,.T.);
#206 = VERTEX_POINT('',#207);
#207 = CARTESIAN_POINT('',(1.969490062538,-13.00211600134,3.29210120378)
  );
#208 = SURFACE_CURVE('',#209,(#214,#221),.PCURVE_S1.);
#209 = CIRCLE('',#210,13.152130434783);
#210 = AXIS2_PLACEMENT_3D('',#211,#212,#213);
#211 = CARTESIAN_POINT('',(0.,1.715890331967E-03,3.29210120378));
#212 = DIRECTION('',(0.,1.110223024625E-16,-1.));
#213 = DIRECTION('',(0.,1.,1.110223024625E-16));
#214 = PCURVE('',#66,#215);
#215 = DEFINITIONAL_REPRESENTATION('',(#216),#220);
#216 = CIRCLE('',#217,13.152130434783);
#217 = AXIS2_PLACEMENT_2D('',#218,#219);
#218 = CARTESIAN_POINT('',(0.,0.));
#219 = DIRECTION('',(1.,0.));
#220 = ( GEOMETRIC_REPRESENTATION_CONTEXT(2) 
PARAMETRIC_REPRESENTATION_CONTEXT() REPRESENTATION_CONTEXT('2D SPACE',''
  ) );
#221 = PCURVE('',#222,#227);
#222 = CONICAL_SURFACE('',#223,10.98,0.234311306971);
#223 = AXIS2_PLACEMENT_3D('',#224,#225,#226);
#224 = CARTESIAN_POINT('',(0.,1.715890331966E-03,12.39210120378));
#225 = DIRECTION('',(0.,1.110223024625E-16,-1.));
#226 = DIRECTION('',(0.,1.,1.110223024625E-16));
#227 = DEFINITIONAL_REPRESENTATION('',(#228),#232);
#228 = LINE('',#229,#230);
#229 = CARTESIAN_POINT('',(0.,9.1));
#230 = VECTOR('',#231,1.);
#231 = DIRECTION('',(1.,0.));
#232 = ( GEOMETRIC_REPRESENTATION_CONTEXT(2) 
PARAMETRIC_REPRESENTATION_CONTEXT() REPRESENTATION_CONTEXT('2D SPACE',''
  ) );
#233 = ORIENTED_EDGE('',*,*,#234,.F.);
#234 = EDGE_CURVE('',#235,#206,#237,.T.);
#235 = VERTEX_POINT('',#236);
#236 = CARTESIAN_POINT('',(10.276903733469,-8.205828482167,3.29210120378
    ));
#237 = SURFACE_CURVE('',#238,(#243,#250),.PCURVE_S1.);
#238 = ELLIPSE('',#239,6.265954988795,4.8);
#239 = AXIS2_PLACEMENT_3D('',#240,#241,#242);
#240 = CARTESIAN_POINT('',(6.,-10.39058895508,3.29210120378));
#241 = DIRECTION('',(0.,1.110223024625E-16,-1.));
#242 = DIRECTION('',(0.5,-0.866025403784,-9.614813431918E-17));
#243 = PCURVE('',#66,#244);
#244 = DEFINITIONAL_REPRESENTATION('',(#245),#249);
#245 = ELLIPSE('',#246,6.265954988795,4.8);
#246 = AXIS2_PLACEMENT_2D('',#247,#248);
#247 = CARTESIAN_POINT('',(-10.39230484541,6.));
#248 = DIRECTION('',(-0.866025403784,0.5));
#249 = ( GEOMETRIC_REPRESENTATION_CONTEXT(2) 
PARAMETRIC_REPRESENTATION_CONTEXT() REPRESENTATION_CONTEXT('2D SPACE',''
  ) );
#250 = PCURVE('',#251,#256);
#251 = CYLINDRICAL_SURFACE('',#252,4.8);
#252 = AXIS2_PLACEMENT_3D('',#253,#254,#255);
#253 = CARTESIAN_POINT('',(3.107455756411,-5.380555362044,10.18650119185
    ));
#254 = DIRECTION('',(0.321393804843,-0.556670399226,-0.766044443119));
#255 = DIRECTION('',(-2.775557561563E-17,0.808963493304,-0.587858883153)
  );
#256 = DEFINITIONAL_REPRESENTATION('',(#257),#288);
#257 = B_SPLINE_CURVE_WITH_KNOTS('',8,(#258,#259,#260,#261,#262,#263,
    #264,#265,#266,#267,#268,#269,#270,#271,#272,#273,#274,#275,#276,
    #277,#278,#279,#280,#281,#282,#283,#284,#285,#286,#287),
  .UNSPECIFIED.,.F.,.F.,(9,7,7,7,9),(3.55800473492,5.128801061715,
    7.484995551907,8.663092797003,9.841190042099),.UNSPECIFIED.);
#258 = CARTESIAN_POINT('',(0.,5.316502698403));
#259 = CARTESIAN_POINT('',(0.196349540849,5.636380118959));
#260 = CARTESIAN_POINT('',(0.392699081693,6.118555364912));
#261 = CARTESIAN_POINT('',(0.589048622548,6.744234315));
#262 = CARTESIAN_POINT('',(0.785398163393,7.481285321759));
#263 = CARTESIAN_POINT('',(0.98174770422,8.286513214262));
#264 = CARTESIAN_POINT('',(1.17809724509,9.110835751944));
#265 = CARTESIAN_POINT('',(1.374446785946,9.905869321393));
#266 = CARTESIAN_POINT('',(1.865320638069,11.714001831114));
#267 = CARTESIAN_POINT('',(2.159844949338,12.637376113507));
#268 = CARTESIAN_POINT('',(2.454369260614,13.255836824879));
#269 = CARTESIAN_POINT('',(2.748893571876,13.455911786579));
#270 = CARTESIAN_POINT('',(3.043417883175,13.193591815754));
#271 = CARTESIAN_POINT('',(3.337942194433,12.521465130994));
#272 = CARTESIAN_POINT('',(3.632466505713,11.559069372033));
#273 = CARTESIAN_POINT('',(4.074252972624,9.899459029263));
#274 = CARTESIAN_POINT('',(4.221515128262,9.310252631381));
#275 = CARTESIAN_POINT('',(4.368777283897,8.70332374257));
#276 = CARTESIAN_POINT('',(4.516039439536,8.098620005306));
#277 = CARTESIAN_POINT('',(4.663301595175,7.516484081931));
#278 = CARTESIAN_POINT('',(4.810563750809,6.976193281683));
#279 = CARTESIAN_POINT('',(4.957825906446,6.494613980646));
#280 = CARTESIAN_POINT('',(5.25235021772,5.675933693819));
#281 = CARTESIAN_POINT('',(5.399612373357,5.338833007641));
#282 = CARTESIAN_POINT('',(5.546874528997,5.087495877972));
#283 = CARTESIAN_POINT('',(5.694136684634,4.932115209073));
#284 = CARTESIAN_POINT('',(5.841398840269,4.878582004532));
#285 = CARTESIAN_POINT('',(5.988660995906,4.927979380354));
#286 = CARTESIAN_POINT('',(6.135923151543,5.076594632985));
#287 = CARTESIAN_POINT('',(6.28318530718,5.316502698403));
#288 = ( GEOMETRIC_REPRESENTATION_CONTEXT(2) 
PARAMETRIC_REPRESENTATION_CONTEXT() REPRESENTATION_CONTEXT('2D SPACE',''
  ) );
#289 = ORIENTED_EDGE('',*,*,#290,.F.);
#290 = EDGE_CURVE('',#235,#291,#293,.T.);
#291 = VERTEX_POINT('',#292);
#292 = CARTESIAN_POINT('',(12.246393796007,-4.79457162885,3.29210120378)
  );
#293 = SURFACE_CURVE('',#294,(#299,#306),.PCURVE_S1.);
#294 = CIRCLE('',#295,13.152130434783);
#295 = AXIS2_PLACEMENT_3D('',#296,#297,#298);
#296 = CARTESIAN_POINT('',(0.,1.715890331967E-03,3.29210120378));
#297 = DIRECTION('',(0.,1.110223024625E-16,-1.));
#298 = DIRECTION('',(0.,1.,1.110223024625E-16));
#299 = PCURVE('',#66,#300);
#300 = DEFINITIONAL_REPRESENTATION('',(#301),#305);
#301 = CIRCLE('',#302,13.152130434783);
#302 = AXIS2_PLACEMENT_2D('',#303,#304);
#303 = CARTESIAN_POINT('',(0.,0.));
#304 = DIRECTION('',(1.,0.));
#305 = ( GEOMETRIC_REPRESENTATION_CONTEXT(2) 
PARAMETRIC_REPRESENTATION_CONTEXT() REPRESENTATION_CONTEXT('2D SPACE',''
  ) );
#306 = PCURVE('',#222,#307);
#307 = DEFINITIONAL_REPRESENTATION('',(#308),#312);
#308 = LINE('',#309,#310);
#309 = CARTESIAN_POINT('',(0.,9.1));
#310 = VECTOR('',#311,1.);
#311 = DIRECTION('',(1.,0.));
#312 = ( GEOMETRIC_REPRESENTATION_CONTEXT(2) 
PARAMETRIC_REPRESENTATION_CONTEXT() REPRESENTATION_CONTEXT('2D SPACE',''
  ) );
#313 = ORIENTED_EDGE('',*,*,#314,.F.);
#314 = EDGE_CURVE('',#315,#291,#317,.T.);
#315 = VERTEX_POINT('',#316);
#316 = CARTESIAN_POINT('',(18.265954988795,1.715890331969E-03,
    3.29210120378));
#317 = SURFACE_CURVE('',#318,(#323,#330),.PCURVE_S1.);
#318 = ELLIPSE('',#319,6.265954988795,4.8);
#319 = AXIS2_PLACEMENT_3D('',#320,#321,#322);
#320 = CARTESIAN_POINT('',(12.,1.715890331967E-03,3.29210120378));
#321 = DIRECTION('',(0.,1.110223024625E-16,-1.));
#322 = DIRECTION('',(1.,0.,0.));
#323 = PCURVE('',#66,#324);
#324 = DEFINITIONAL_REPRESENTATION('',(#325),#329);
#325 = ELLIPSE('',#326,6.265954988795,4.8);
#326 = AXIS2_PLACEMENT_2D('',#327,#328);
#327 = CARTESIAN_POINT('',(0.,12.));
#328 = DIRECTION('',(0.,1.));
#329 = ( GEOMETRIC_REPRESENTATION_CONTEXT(2) 
PARAMETRIC_REPRESENTATION_CONTEXT() REPRESENTATION_CONTEXT('2D SPACE',''
  ) );
#330 = PCURVE('',#331,#336);
#331 = CYLINDRICAL_SURFACE('',#332,4.8);
#332 = AXIS2_PLACEMENT_3D('',#333,#334,#335);
#333 = CARTESIAN_POINT('',(6.214911512821,1.715890331967E-03,
    10.18650119185));
#334 = DIRECTION('',(0.642787609687,8.504801786368E-17,-0.766044443119)
  );
#335 = DIRECTION('',(0.766044443119,-7.136376042178E-17,0.642787609687)
  );
#336 = DEFINITIONAL_REPRESENTATION('',(#337),#368);
#337 = B_SPLINE_CURVE_WITH_KNOTS('',8,(#338,#339,#340,#341,#342,#343,
    #344,#345,#346,#347,#348,#349,#350,#351,#352,#353,#354,#355,#356,
    #357,#358,#359,#360,#361,#362,#363,#364,#365,#366,#367),
  .UNSPECIFIED.,.F.,.F.,(9,7,7,7,9),(0.,1.570796326795,2.748893571891,
    4.516039439535,6.28318530718),.UNSPECIFIED.);
#338 = CARTESIAN_POINT('',(6.28318530718,13.027678229651));
#339 = CARTESIAN_POINT('',(6.479534848029,13.027678229651));
#340 = CARTESIAN_POINT('',(6.675884388879,12.850215601426));
#341 = CARTESIAN_POINT('',(6.872233929723,12.495291852516));
#342 = CARTESIAN_POINT('',(7.068583470582,11.977496375759));
#343 = CARTESIAN_POINT('',(7.264933011424,11.326037589504));
#344 = CARTESIAN_POINT('',(7.461282552277,10.581665729927));
#345 = CARTESIAN_POINT('',(7.657632093125,9.790832771081));
#346 = CARTESIAN_POINT('',(8.001243789612,8.406875421689));
#347 = CARTESIAN_POINT('',(8.148505945249,7.813751060447));
#348 = CARTESIAN_POINT('',(8.295768100886,7.240225607752));
#349 = CARTESIAN_POINT('',(8.443030256522,6.705903205192));
#350 = CARTESIAN_POINT('',(8.590292412159,6.229018009817));
#351 = CARTESIAN_POINT('',(8.737554567797,5.825092754914));
#352 = CARTESIAN_POINT('',(8.884816723434,5.505889469532));
#353 = CARTESIAN_POINT('',(9.252972112526,4.938442095912));
#354 = CARTESIAN_POINT('',(9.473865345983,4.805478173537));
#355 = CARTESIAN_POINT('',(9.694758579433,4.905330772472));
#356 = CARTESIAN_POINT('',(9.915651812898,5.241725439351));
#357 = CARTESIAN_POINT('',(10.136545046345,5.792797767113));
#358 = CARTESIAN_POINT('',(10.357438279803,6.512872477488));
#359 = CARTESIAN_POINT('',(10.578331513259,7.341647173421));
#360 = CARTESIAN_POINT('',(11.02011798017,9.086830740979));
#361 = CARTESIAN_POINT('',(11.241011213621,10.003240578519));
#362 = CARTESIAN_POINT('',(11.461904447067,10.898583716786));
#363 = CARTESIAN_POINT('',(11.682797680528,11.70344330911));
#364 = CARTESIAN_POINT('',(11.903690913993,12.353878610178));
#365 = CARTESIAN_POINT('',(12.124584147447,12.803076771399));
#366 = CARTESIAN_POINT('',(12.345477380904,13.027678229651));
#367 = CARTESIAN_POINT('',(12.566370614359,13.027678229651));
#368 = ( GEOMETRIC_REPRESENTATION_CONTEXT(2) 
PARAMETRIC_REPRESENTATION_CONTEXT() REPRESENTATION_CONTEXT('2D SPACE',''
  ) );
#369 = ORIENTED_EDGE('',*,*,#370,.F.);
#370 = EDGE_CURVE('',#371,#315,#373,.T.);
#371 = VERTEX_POINT('',#372);
#372 = CARTESIAN_POINT('',(12.246393796007,4.798003409514,3.29210120378)
  );
#373 = SURFACE_CURVE('',#374,(#379,#386),.PCURVE_S1.);
#374 = ELLIPSE('',#375,6.265954988795,4.8);
#375 = AXIS2_PLACEMENT_3D('',#376,#377,#378);
#376 = CARTESIAN_POINT('',(12.,1.715890331967E-03,3.29210120378));
#377 = DIRECTION('',(0.,1.110223024625E-16,-1.));
#378 = DIRECTION('',(1.,0.,0.));
#379 = PCURVE('',#66,#380);
#380 = DEFINITIONAL_REPRESENTATION('',(#381),#385);
#381 = ELLIPSE('',#382,6.265954988795,4.8);
#382 = AXIS2_PLACEMENT_2D('',#383,#384);
#383 = CARTESIAN_POINT('',(0.,12.));
#384 = DIRECTION('',(0.,1.));
#385 = ( GEOMETRIC_REPRESENTATION_CONTEXT(2) 
PARAMETRIC_REPRESENTATION_CONTEXT() REPRESENTATION_CONTEXT('2D SPACE',''
  ) );
#386 = PCURVE('',#331,#387);
#387 = DEFINITIONAL_REPRESENTATION('',(#388),#419);
#388 = B_SPLINE_CURVE_WITH_KNOTS('',8,(#389,#390,#391,#392,#393,#394,
    #395,#396,#397,#398,#399,#400,#401,#402,#403,#404,#405,#406,#407,
    #408,#409,#410,#411,#412,#413,#414,#415,#416,#417,#418),
  .UNSPECIFIED.,.F.,.F.,(9,7,7,7,9),(0.,1.570796326795,2.748893571891,
    4.516039439535,6.28318530718),.UNSPECIFIED.);
#389 = CARTESIAN_POINT('',(0.,13.027678229651));
#390 = CARTESIAN_POINT('',(0.196349540849,13.027678229651));
#391 = CARTESIAN_POINT('',(0.392699081699,12.850215601426));
#392 = CARTESIAN_POINT('',(0.589048622543,12.495291852516));
#393 = CARTESIAN_POINT('',(0.785398163403,11.977496375759));
#394 = CARTESIAN_POINT('',(0.981747704244,11.326037589504));
#395 = CARTESIAN_POINT('',(1.178097245097,10.581665729927));
#396 = CARTESIAN_POINT('',(1.374446785946,9.790832771081));
#397 = CARTESIAN_POINT('',(1.718058482432,8.406875421689));
#398 = CARTESIAN_POINT('',(1.865320638069,7.813751060447));
#399 = CARTESIAN_POINT('',(2.012582793706,7.240225607752));
#400 = CARTESIAN_POINT('',(2.159844949343,6.705903205192));
#401 = CARTESIAN_POINT('',(2.30710710498,6.229018009817));
#402 = CARTESIAN_POINT('',(2.454369260617,5.825092754914));
#403 = CARTESIAN_POINT('',(2.601631416254,5.505889469532));
#404 = CARTESIAN_POINT('',(2.969786805347,4.938442095912));
#405 = CARTESIAN_POINT('',(3.190680038803,4.805478173537));
#406 = CARTESIAN_POINT('',(3.411573272253,4.905330772472));
#407 = CARTESIAN_POINT('',(3.632466505718,5.241725439351));
#408 = CARTESIAN_POINT('',(3.853359739165,5.792797767113));
#409 = CARTESIAN_POINT('',(4.074252972624,6.512872477488));
#410 = CARTESIAN_POINT('',(4.29514620608,7.341647173421));
#411 = CARTESIAN_POINT('',(4.736932672991,9.086830740979));
#412 = CARTESIAN_POINT('',(4.957825906441,10.003240578519));
#413 = CARTESIAN_POINT('',(5.178719139887,10.898583716786));
#414 = CARTESIAN_POINT('',(5.399612373349,11.70344330911));
#415 = CARTESIAN_POINT('',(5.620505606814,12.353878610178));
#416 = CARTESIAN_POINT('',(5.841398840267,12.803076771399));
#417 = CARTESIAN_POINT('',(6.062292073724,13.027678229651));
#418 = CARTESIAN_POINT('',(6.28318530718,13.027678229651));
#419 = ( GEOMETRIC_REPRESENTATION_CONTEXT(2) 
PARAMETRIC_REPRESENTATION_CONTEXT() REPRESENTATION_CONTEXT('2D SPACE',''
  ) );
#420 = ORIENTED_EDGE('',*,*,#421,.F.);
#421 = EDGE_CURVE('',#422,#371,#424,.T.);
#422 = VERTEX_POINT('',#423);
#423 = CARTESIAN_POINT('',(10.276903733469,8.209260262831,3.29210120378)
  );
#424 = SURFACE_CURVE('',#425,(#430,#437),.PCURVE_S1.);
#425 = CIRCLE('',#426,13.152130434783);
#426 = AXIS2_PLACEMENT_3D('',#427,#428,#429);
#427 = CARTESIAN_POINT('',(0.,1.715890331967E-03,3.29210120378));
#428 = DIRECTION('',(0.,1.110223024625E-16,-1.));
#429 = DIRECTION('',(0.,1.,1.110223024625E-16));
#430 = PCURVE('',#66,#431);
#431 = DEFINITIONAL_REPRESENTATION('',(#432),#436);
#432 = CIRCLE('',#433,13.152130434783);
#433 = AXIS2_PLACEMENT_2D('',#434,#435);
#434 = CARTESIAN_POINT('',(0.,0.));
#435 = DIRECTION('',(1.,0.));
#436 = ( GEOMETRIC_REPRESENTATION_CONTEXT(2) 
PARAMETRIC_REPRESENTATION_CONTEXT() REPRESENTATION_CONTEXT('2D SPACE',''
  ) );
#437 = PCURVE('',#222,#438);
#438 = DEFINITIONAL_REPRESENTATION('',(#439),#443);
#439 = LINE('',#440,#441);
#440 = CARTESIAN_POINT('',(0.,9.1));
#441 = VECTOR('',#442,1.);
#442 = DIRECTION('',(1.,0.));
#443 = ( GEOMETRIC_REPRESENTATION_CONTEXT(2) 
PARAMETRIC_REPRESENTATION_CONTEXT() REPRESENTATION_CONTEXT('2D SPACE',''
  ) );
#444 = ORIENTED_EDGE('',*,*,#445,.F.);
#445 = EDGE_CURVE('',#446,#422,#448,.T.);
#446 = VERTEX_POINT('',#447);
#447 = CARTESIAN_POINT('',(7.18385321289,16.327539417034,3.29210120378)
  );
#448 = SURFACE_CURVE('',#449,(#454,#461),.PCURVE_S1.);
#449 = ELLIPSE('',#450,6.265954988795,4.8);
#450 = AXIS2_PLACEMENT_3D('',#451,#452,#453);
#451 = CARTESIAN_POINT('',(6.,10.394020735745,3.29210120378));
#452 = DIRECTION('',(0.,1.110223024625E-16,-1.));
#453 = DIRECTION('',(0.5,0.866025403784,9.614813431918E-17));
#454 = PCURVE('',#66,#455);
#455 = DEFINITIONAL_REPRESENTATION('',(#456),#460);
#456 = ELLIPSE('',#457,6.265954988795,4.8);
#457 = AXIS2_PLACEMENT_2D('',#458,#459);
#458 = CARTESIAN_POINT('',(10.392304845413,6.));
#459 = DIRECTION('',(0.866025403784,0.5));
#460 = ( GEOMETRIC_REPRESENTATION_CONTEXT(2) 
PARAMETRIC_REPRESENTATION_CONTEXT() REPRESENTATION_CONTEXT('2D SPACE',''
  ) );
#461 = PCURVE('',#462,#467);
#462 = CYLINDRICAL_SURFACE('',#463,4.8);
#463 = AXIS2_PLACEMENT_3D('',#464,#465,#466);
#464 = CARTESIAN_POINT('',(3.107455756411,5.383987142707,10.18650119185)
  );
#465 = DIRECTION('',(0.321393804843,0.556670399226,-0.766044443119));
#466 = DIRECTION('',(2.775557561563E-17,0.808963493304,0.587858883153));
#467 = DEFINITIONAL_REPRESENTATION('',(#468),#499);
#468 = B_SPLINE_CURVE_WITH_KNOTS('',8,(#469,#470,#471,#472,#473,#474,
    #475,#476,#477,#478,#479,#480,#481,#482,#483,#484,#485,#486,#487,
    #488,#489,#490,#491,#492,#493,#494,#495,#496,#497,#498),
  .UNSPECIFIED.,.F.,.F.,(9,7,7,7,9),(5.86677322585,7.437569552645,
    8.615666797741,10.382812665385,12.149958533029),.UNSPECIFIED.);
#469 = CARTESIAN_POINT('',(-8.881784197001E-16,12.683497301597));
#470 = CARTESIAN_POINT('',(0.196349540849,13.003374722154));
#471 = CARTESIAN_POINT('',(0.392699081695,13.1609544692));
#472 = CARTESIAN_POINT('',(0.589048622541,13.137445178945));
#473 = CARTESIAN_POINT('',(0.785398163371,12.927400547662));
#474 = CARTESIAN_POINT('',(0.981747704242,12.541050292915));
#475 = CARTESIAN_POINT('',(1.178097245092,12.00384811094));
#476 = CARTESIAN_POINT('',(1.374446785946,11.35237532917));
#477 = CARTESIAN_POINT('',(1.718058482432,10.086682572365));
#478 = CARTESIAN_POINT('',(1.86532063807,9.503866439886));
#479 = CARTESIAN_POINT('',(2.012582793705,8.898598828793));
#480 = CARTESIAN_POINT('',(2.159844949344,8.290673625182));
#481 = CARTESIAN_POINT('',(2.307107104982,7.700507796871));
#482 = CARTESIAN_POINT('',(2.454369260616,7.147679949324));
#483 = CARTESIAN_POINT('',(2.601631416254,6.649559215996));
#484 = CARTESIAN_POINT('',(2.969786805347,5.576487071444));
#485 = CARTESIAN_POINT('',(3.190680038805,5.087650313063));
#486 = CARTESIAN_POINT('',(3.411573272203,4.801691438797));
#487 = CARTESIAN_POINT('',(3.632466505737,4.750345813478));
#488 = CARTESIAN_POINT('',(3.853359739126,4.941746109293));
#489 = CARTESIAN_POINT('',(4.074252972631,5.357100949638));
#490 = CARTESIAN_POINT('',(4.29514620608,5.955746353529));
#491 = CARTESIAN_POINT('',(4.736932672991,7.411385903818));
#492 = CARTESIAN_POINT('',(4.957825906432,8.268380855871));
#493 = CARTESIAN_POINT('',(5.178719139975,9.200429322871));
#494 = CARTESIAN_POINT('',(5.399612373247,10.139997807004));
#495 = CARTESIAN_POINT('',(5.620505606855,11.014448094567));
#496 = CARTESIAN_POINT('',(5.841398840252,11.758364524891));
#497 = CARTESIAN_POINT('',(6.062292073724,12.323635203471));
#498 = CARTESIAN_POINT('',(6.28318530718,12.683497301597));
#499 = ( GEOMETRIC_REPRESENTATION_CONTEXT(2) 
PARAMETRIC_REPRESENTATION_CONTEXT() REPRESENTATION_CONTEXT('2D SPACE',''
  ) );
#500 = ORIENTED_EDGE('',*,*,#501,.F.);
#501 = EDGE_CURVE('',#502,#446,#504,.T.);
#502 = VERTEX_POINT('',#503);
#503 = CARTESIAN_POINT('',(1.969490062538,13.005547782013,3.29210120378)
  );
#504 = SURFACE_CURVE('',#505,(#510,#517),.PCURVE_S1.);
#505 = ELLIPSE('',#506,6.265954988795,4.8);
#506 = AXIS2_PLACEMENT_3D('',#507,#508,#509);
#507 = CARTESIAN_POINT('',(6.,10.394020735745,3.29210120378));
#508 = DIRECTION('',(0.,1.110223024625E-16,-1.));
#509 = DIRECTION('',(0.5,0.866025403784,9.614813431918E-17));
#510 = PCURVE('',#66,#511);
#511 = DEFINITIONAL_REPRESENTATION('',(#512),#516);
#512 = ELLIPSE('',#513,6.265954988795,4.8);
#513 = AXIS2_PLACEMENT_2D('',#514,#515);
#514 = CARTESIAN_POINT('',(10.392304845413,6.));
#515 = DIRECTION('',(0.866025403784,0.5));
#516 = ( GEOMETRIC_REPRESENTATION_CONTEXT(2) 
PARAMETRIC_REPRESENTATION_CONTEXT() REPRESENTATION_CONTEXT('2D SPACE',''
  ) );
#517 = PCURVE('',#462,#518);
#518 = DEFINITIONAL_REPRESENTATION('',(#519),#550);
#519 = B_SPLINE_CURVE_WITH_KNOTS('',8,(#520,#521,#522,#523,#524,#525,
    #526,#527,#528,#529,#530,#531,#532,#533,#534,#535,#536,#537,#538,
    #539,#540,#541,#542,#543,#544,#545,#546,#547,#548,#549),
  .UNSPECIFIED.,.F.,.F.,(9,7,7,7,9),(5.86677322585,7.437569552645,
    8.615666797741,10.382812665385,12.149958533029),.UNSPECIFIED.);
#520 = CARTESIAN_POINT('',(-6.28318530718,12.683497301597));
#521 = CARTESIAN_POINT('',(-6.08683576633,13.003374722154));
#522 = CARTESIAN_POINT('',(-5.890486225484,13.1609544692));
#523 = CARTESIAN_POINT('',(-5.694136684639,13.137445178945));
#524 = CARTESIAN_POINT('',(-5.497787143808,12.927400547662));
#525 = CARTESIAN_POINT('',(-5.301437602937,12.541050292915));
#526 = CARTESIAN_POINT('',(-5.105088062087,12.00384811094));
#527 = CARTESIAN_POINT('',(-4.908738521234,11.35237532917));
#528 = CARTESIAN_POINT('',(-4.565126824748,10.086682572365));
#529 = CARTESIAN_POINT('',(-4.41786466911,9.503866439886));
#530 = CARTESIAN_POINT('',(-4.270602513475,8.898598828793));
#531 = CARTESIAN_POINT('',(-4.123340357836,8.290673625182));
#532 = CARTESIAN_POINT('',(-3.976078202198,7.700507796871));
#533 = CARTESIAN_POINT('',(-3.828816046563,7.147679949324));
#534 = CARTESIAN_POINT('',(-3.681553890926,6.649559215996));
#535 = CARTESIAN_POINT('',(-3.313398501833,5.576487071444));
#536 = CARTESIAN_POINT('',(-3.092505268375,5.087650313063));
#537 = CARTESIAN_POINT('',(-2.871612034977,4.801691438797));
#538 = CARTESIAN_POINT('',(-2.650718801443,4.750345813478));
#539 = CARTESIAN_POINT('',(-2.429825568054,4.941746109293));
#540 = CARTESIAN_POINT('',(-2.208932334549,5.357100949638));
#541 = CARTESIAN_POINT('',(-1.9880391011,5.955746353529));
#542 = CARTESIAN_POINT('',(-1.546252634189,7.411385903818));
#543 = CARTESIAN_POINT('',(-1.325359400748,8.268380855871));
#544 = CARTESIAN_POINT('',(-1.104466167205,9.200429322871));
#545 = CARTESIAN_POINT('',(-0.883572933932,10.139997807004));
#546 = CARTESIAN_POINT('',(-0.662679700325,11.014448094567));
#547 = CARTESIAN_POINT('',(-0.441786466927,11.758364524891));
#548 = CARTESIAN_POINT('',(-0.220893233456,12.323635203471));
#549 = CARTESIAN_POINT('',(-1.06581410364E-14,12.683497301597));
#550 = ( GEOMETRIC_REPRESENTATION_CONTEXT(2) 
PARAMETRIC_REPRESENTATION_CONTEXT() REPRESENTATION_CONTEXT('2D SPACE',''
  ) );
#551 = ORIENTED_EDGE('',*,*,#552,.F.);
#552 = EDGE_CURVE('',#553,#502,#555,.T.);
#553 = VERTEX_POINT('',#554);
#554 = CARTESIAN_POINT('',(-3.221342887785E-15,13.153846325115,
    3.29210120378));
#555 = SURFACE_CURVE('',#556,(#561,#568),.PCURVE_S1.);
#556 = CIRCLE('',#557,13.152130434783);
#557 = AXIS2_PLACEMENT_3D('',#558,#559,#560);
#558 = CARTESIAN_POINT('',(0.,1.715890331967E-03,3.29210120378));
#559 = DIRECTION('',(0.,1.110223024625E-16,-1.));
#560 = DIRECTION('',(0.,1.,1.110223024625E-16));
#561 = PCURVE('',#66,#562);
#562 = DEFINITIONAL_REPRESENTATION('',(#563),#567);
#563 = CIRCLE('',#564,13.152130434783);
#564 = AXIS2_PLACEMENT_2D('',#565,#566);
#565 = CARTESIAN_POINT('',(0.,0.));
#566 = DIRECTION('',(1.,0.));
#567 = ( GEOMETRIC_REPRESENTATION_CONTEXT(2) 
PARAMETRIC_REPRESENTATION_CONTEXT() REPRESENTATION_CONTEXT('2D SPACE',''
  ) );
#568 = PCURVE('',#222,#569);
#569 = DEFINITIONAL_REPRESENTATION('',(#570),#574);
#570 = LINE('',#571,#572);
#571 = CARTESIAN_POINT('',(0.,9.1));
#572 = VECTOR('',#573,1.);
#573 = DIRECTION('',(1.,0.));
#574 = ( GEOMETRIC_REPRESENTATION_CONTEXT(2) 
PARAMETRIC_REPRESENTATION_CONTEXT() REPRESENTATION_CONTEXT('2D SPACE',''
  ) );
#575 = ORIENTED_EDGE('',*,*,#576,.F.);
#576 = EDGE_CURVE('',#577,#553,#579,.T.);
#577 = VERTEX_POINT('',#578);
#578 = CARTESIAN_POINT('',(-1.969490062538,13.005547782013,3.29210120378
    ));
#579 = SURFACE_CURVE('',#580,(#585,#592),.PCURVE_S1.);
#580 = CIRCLE('',#581,13.152130434783);
#581 = AXIS2_PLACEMENT_3D('',#582,#583,#584);
#582 = CARTESIAN_POINT('',(0.,1.715890331967E-03,3.29210120378));
#583 = DIRECTION('',(0.,1.110223024625E-16,-1.));
#584 = DIRECTION('',(0.,1.,1.110223024625E-16));
#585 = PCURVE('',#66,#586);
#586 = DEFINITIONAL_REPRESENTATION('',(#587),#591);
#587 = CIRCLE('',#588,13.152130434783);
#588 = AXIS2_PLACEMENT_2D('',#589,#590);
#589 = CARTESIAN_POINT('',(0.,0.));
#590 = DIRECTION('',(1.,0.));
#591 = ( GEOMETRIC_REPRESENTATION_CONTEXT(2) 
PARAMETRIC_REPRESENTATION_CONTEXT() REPRESENTATION_CONTEXT('2D SPACE',''
  ) );
#592 = PCURVE('',#222,#593);
#593 = DEFINITIONAL_REPRESENTATION('',(#594),#598);
#594 = LINE('',#595,#596);
#595 = CARTESIAN_POINT('',(0.,9.1));
#596 = VECTOR('',#597,1.);
#597 = DIRECTION('',(1.,0.));
#598 = ( GEOMETRIC_REPRESENTATION_CONTEXT(2) 
PARAMETRIC_REPRESENTATION_CONTEXT() REPRESENTATION_CONTEXT('2D SPACE',''
  ) );
#599 = ORIENTED_EDGE('',*,*,#600,.F.);
#600 = EDGE_CURVE('',#601,#577,#603,.T.);
#601 = VERTEX_POINT('',#602);
#602 = CARTESIAN_POINT('',(-7.18385321289,16.327539417034,3.29210120378)
  );
#603 = SURFACE_CURVE('',#604,(#609,#616),.PCURVE_S1.);
#604 = ELLIPSE('',#605,6.265954988795,4.8);
#605 = AXIS2_PLACEMENT_3D('',#606,#607,#608);
#606 = CARTESIAN_POINT('',(-6.,10.394020735745,3.29210120378));
#607 = DIRECTION('',(0.,1.110223024625E-16,-1.));
#608 = DIRECTION('',(-0.5,0.866025403784,9.614813431918E-17));
#609 = PCURVE('',#66,#610);
#610 = DEFINITIONAL_REPRESENTATION('',(#611),#615);
#611 = ELLIPSE('',#612,6.265954988795,4.8);
#612 = AXIS2_PLACEMENT_2D('',#613,#614);
#613 = CARTESIAN_POINT('',(10.392304845413,-6.));
#614 = DIRECTION('',(0.866025403784,-0.5));
#615 = ( GEOMETRIC_REPRESENTATION_CONTEXT(2) 
PARAMETRIC_REPRESENTATION_CONTEXT() REPRESENTATION_CONTEXT('2D SPACE',''
  ) );
#616 = PCURVE('',#617,#622);
#617 = CYLINDRICAL_SURFACE('',#618,4.8);
#618 = AXIS2_PLACEMENT_3D('',#619,#620,#621);
#619 = CARTESIAN_POINT('',(-3.107455756411,5.383987142707,10.18650119185
    ));
#620 = DIRECTION('',(-0.321393804843,0.556670399226,-0.766044443119));
#621 = DIRECTION('',(0.,0.808963493304,0.587858883153));
#622 = DEFINITIONAL_REPRESENTATION('',(#623),#654);
#623 = B_SPLINE_CURVE_WITH_KNOTS('',8,(#624,#625,#626,#627,#628,#629,
    #630,#631,#632,#633,#634,#635,#636,#637,#638,#639,#640,#641,#642,
    #643,#644,#645,#646,#647,#648,#649,#650,#651,#652,#653),
  .UNSPECIFIED.,.F.,.F.,(9,7,7,7,9),(0.41641208133,1.987208408125,
    4.343402898317,5.521500143413,6.699597388509),.UNSPECIFIED.);
#624 = CARTESIAN_POINT('',(6.28318530718,12.683497301597));
#625 = CARTESIAN_POINT('',(6.479534848029,12.363619881041));
#626 = CARTESIAN_POINT('',(6.675884388867,11.881444635092));
#627 = CARTESIAN_POINT('',(6.872233929738,11.255765684949));
#628 = CARTESIAN_POINT('',(7.068583470551,10.518714678219));
#629 = CARTESIAN_POINT('',(7.264933011455,9.713486785702));
#630 = CARTESIAN_POINT('',(7.461282552264,8.889164248054));
#631 = CARTESIAN_POINT('',(7.657632093125,8.094130678607));
#632 = CARTESIAN_POINT('',(8.148505945249,6.285998168886));
#633 = CARTESIAN_POINT('',(8.443030256527,5.362623886455));
#634 = CARTESIAN_POINT('',(8.737554567761,4.744163175139));
#635 = CARTESIAN_POINT('',(9.032078879092,4.544088213275));
#636 = CARTESIAN_POINT('',(9.326603190333,4.806408184297));
#637 = CARTESIAN_POINT('',(9.621127501621,5.478534868973));
#638 = CARTESIAN_POINT('',(9.915651812893,6.440930627967));
#639 = CARTESIAN_POINT('',(10.357438279804,8.100540970737));
#640 = CARTESIAN_POINT('',(10.504700435442,8.689747368616));
#641 = CARTESIAN_POINT('',(10.651962591077,9.296676257434));
#642 = CARTESIAN_POINT('',(10.799224746715,9.901379994693));
#643 = CARTESIAN_POINT('',(10.946486902354,10.483515918064));
#644 = CARTESIAN_POINT('',(11.093749057989,11.023806718319));
#645 = CARTESIAN_POINT('',(11.241011213626,11.505386019354));
#646 = CARTESIAN_POINT('',(11.5355355249,12.324066306181));
#647 = CARTESIAN_POINT('',(11.682797680536,12.66116699236));
#648 = CARTESIAN_POINT('',(11.830059836177,12.912504122027));
#649 = CARTESIAN_POINT('',(11.977321991813,13.067884790929));
#650 = CARTESIAN_POINT('',(12.124584147448,13.121417995472));
#651 = CARTESIAN_POINT('',(12.271846303086,13.072020619645));
#652 = CARTESIAN_POINT('',(12.419108458722,12.923405367015));
#653 = CARTESIAN_POINT('',(12.566370614359,12.683497301597));
#654 = ( GEOMETRIC_REPRESENTATION_CONTEXT(2) 
PARAMETRIC_REPRESENTATION_CONTEXT() REPRESENTATION_CONTEXT('2D SPACE',''
  ) );
#655 = ORIENTED_EDGE('',*,*,#656,.F.);
#656 = EDGE_CURVE('',#657,#601,#659,.T.);
#657 = VERTEX_POINT('',#658);
#658 = CARTESIAN_POINT('',(-10.27690373346,8.209260262831,3.29210120378)
  );
#659 = SURFACE_CURVE('',#660,(#665,#672),.PCURVE_S1.);
#660 = ELLIPSE('',#661,6.265954988795,4.8);
#661 = AXIS2_PLACEMENT_3D('',#662,#663,#664);
#662 = CARTESIAN_POINT('',(-6.,10.394020735745,3.29210120378));
#663 = DIRECTION('',(0.,1.110223024625E-16,-1.));
#664 = DIRECTION('',(-0.5,0.866025403784,9.614813431918E-17));
#665 = PCURVE('',#66,#666);
#666 = DEFINITIONAL_REPRESENTATION('',(#667),#671);
#667 = ELLIPSE('',#668,6.265954988795,4.8);
#668 = AXIS2_PLACEMENT_2D('',#669,#670);
#669 = CARTESIAN_POINT('',(10.392304845413,-6.));
#670 = DIRECTION('',(0.866025403784,-0.5));
#671 = ( GEOMETRIC_REPRESENTATION_CONTEXT(2) 
PARAMETRIC_REPRESENTATION_CONTEXT() REPRESENTATION_CONTEXT('2D SPACE',''
  ) );
#672 = PCURVE('',#617,#673);
#673 = DEFINITIONAL_REPRESENTATION('',(#674),#705);
#674 = B_SPLINE_CURVE_WITH_KNOTS('',8,(#675,#676,#677,#678,#679,#680,
    #681,#682,#683,#684,#685,#686,#687,#688,#689,#690,#691,#692,#693,
    #694,#695,#696,#697,#698,#699,#700,#701,#702,#703,#704),
  .UNSPECIFIED.,.F.,.F.,(9,7,7,7,9),(0.41641208133,1.987208408125,
    4.343402898317,5.521500143413,6.699597388509),.UNSPECIFIED.);
#675 = CARTESIAN_POINT('',(0.,12.683497301597));
#676 = CARTESIAN_POINT('',(0.196349540849,12.363619881041));
#677 = CARTESIAN_POINT('',(0.392699081687,11.881444635092));
#678 = CARTESIAN_POINT('',(0.589048622559,11.255765684949));
#679 = CARTESIAN_POINT('',(0.785398163371,10.518714678219));
#680 = CARTESIAN_POINT('',(0.981747704275,9.713486785702));
#681 = CARTESIAN_POINT('',(1.178097245084,8.889164248054));
#682 = CARTESIAN_POINT('',(1.374446785946,8.094130678607));
#683 = CARTESIAN_POINT('',(1.865320638069,6.285998168886));
#684 = CARTESIAN_POINT('',(2.159844949347,5.362623886455));
#685 = CARTESIAN_POINT('',(2.454369260581,4.744163175139));
#686 = CARTESIAN_POINT('',(2.748893571913,4.544088213275));
#687 = CARTESIAN_POINT('',(3.043417883154,4.806408184297));
#688 = CARTESIAN_POINT('',(3.337942194442,5.478534868973));
#689 = CARTESIAN_POINT('',(3.632466505713,6.440930627967));
#690 = CARTESIAN_POINT('',(4.074252972624,8.100540970737));
#691 = CARTESIAN_POINT('',(4.221515128262,8.689747368616));
#692 = CARTESIAN_POINT('',(4.368777283897,9.296676257434));
#693 = CARTESIAN_POINT('',(4.516039439536,9.901379994693));
#694 = CARTESIAN_POINT('',(4.663301595175,10.483515918064));
#695 = CARTESIAN_POINT('',(4.810563750809,11.023806718319));
#696 = CARTESIAN_POINT('',(4.957825906446,11.505386019354));
#697 = CARTESIAN_POINT('',(5.25235021772,12.324066306181));
#698 = CARTESIAN_POINT('',(5.399612373357,12.66116699236));
#699 = CARTESIAN_POINT('',(5.546874528997,12.912504122027));
#700 = CARTESIAN_POINT('',(5.694136684634,13.067884790929));
#701 = CARTESIAN_POINT('',(5.841398840269,13.121417995472));
#702 = CARTESIAN_POINT('',(5.988660995906,13.072020619645));
#703 = CARTESIAN_POINT('',(6.135923151543,12.923405367015));
#704 = CARTESIAN_POINT('',(6.28318530718,12.683497301597));
#705 = ( GEOMETRIC_REPRESENTATION_CONTEXT(2) 
PARAMETRIC_REPRESENTATION_CONTEXT() REPRESENTATION_CONTEXT('2D SPACE',''
  ) );
#706 = ORIENTED_EDGE('',*,*,#707,.F.);
#707 = EDGE_CURVE('',#708,#657,#710,.T.);
#708 = VERTEX_POINT('',#709);
#709 = CARTESIAN_POINT('',(-12.246393796,4.798003409514,3.29210120378));
#710 = SURFACE_CURVE('',#711,(#716,#723),.PCURVE_S1.);
#711 = CIRCLE('',#712,13.152130434783);
#712 = AXIS2_PLACEMENT_3D('',#713,#714,#715);
#713 = CARTESIAN_POINT('',(0.,1.715890331967E-03,3.29210120378));
#714 = DIRECTION('',(0.,1.110223024625E-16,-1.));
#715 = DIRECTION('',(0.,1.,1.110223024625E-16));
#716 = PCURVE('',#66,#717);
#717 = DEFINITIONAL_REPRESENTATION('',(#718),#722);
#718 = CIRCLE('',#719,13.152130434783);
#719 = AXIS2_PLACEMENT_2D('',#720,#721);
#720 = CARTESIAN_POINT('',(0.,0.));
#721 = DIRECTION('',(1.,0.));
#722 = ( GEOMETRIC_REPRESENTATION_CONTEXT(2) 
PARAMETRIC_REPRESENTATION_CONTEXT() REPRESENTATION_CONTEXT('2D SPACE',''
  ) );
#723 = PCURVE('',#222,#724);
#724 = DEFINITIONAL_REPRESENTATION('',(#725),#729);
#725 = LINE('',#726,#727);
#726 = CARTESIAN_POINT('',(0.,9.1));
#727 = VECTOR('',#728,1.);
#728 = DIRECTION('',(1.,0.));
#729 = ( GEOMETRIC_REPRESENTATION_CONTEXT(2) 
PARAMETRIC_REPRESENTATION_CONTEXT() REPRESENTATION_CONTEXT('2D SPACE',''
  ) );
#730 = ORIENTED_EDGE('',*,*,#731,.F.);
#731 = EDGE_CURVE('',#732,#708,#734,.T.);
#732 = VERTEX_POINT('',#733);
#733 = CARTESIAN_POINT('',(-12.246393796,-4.79457162885,3.29210120378));
#734 = SURFACE_CURVE('',#735,(#740,#747),.PCURVE_S1.);
#735 = ELLIPSE('',#736,6.265954988795,4.8);
#736 = AXIS2_PLACEMENT_3D('',#737,#738,#739);
#737 = CARTESIAN_POINT('',(-12.,1.715890331969E-03,3.29210120378));
#738 = DIRECTION('',(0.,1.110223024625E-16,-1.));
#739 = DIRECTION('',(-1.,1.224646799147E-16,1.359631073447E-32));
#740 = PCURVE('',#66,#741);
#741 = DEFINITIONAL_REPRESENTATION('',(#742),#746);
#742 = ELLIPSE('',#743,6.265954988795,4.8);
#743 = AXIS2_PLACEMENT_2D('',#744,#745);
#744 = CARTESIAN_POINT('',(1.469576158977E-15,-12.));
#745 = DIRECTION('',(1.224646799147E-16,-1.));
#746 = ( GEOMETRIC_REPRESENTATION_CONTEXT(2) 
PARAMETRIC_REPRESENTATION_CONTEXT() REPRESENTATION_CONTEXT('2D SPACE',''
  ) );
#747 = PCURVE('',#748,#753);
#748 = CYLINDRICAL_SURFACE('',#749,4.8);
#749 = AXIS2_PLACEMENT_3D('',#750,#751,#752);
#750 = CARTESIAN_POINT('',(-6.214911512821,1.715890331967E-03,
    10.18650119185));
#751 = DIRECTION('',(-0.642787609687,1.637667967371E-16,-0.766044443119)
  );
#752 = DIRECTION('',(0.766044443119,7.136376042178E-17,-0.642787609687)
  );
#753 = DEFINITIONAL_REPRESENTATION('',(#754),#785);
#754 = B_SPLINE_CURVE_WITH_KNOTS('',8,(#755,#756,#757,#758,#759,#760,
    #761,#762,#763,#764,#765,#766,#767,#768,#769,#770,#771,#772,#773,
    #774,#775,#776,#777,#778,#779,#780,#781,#782,#783,#784),
  .UNSPECIFIED.,.F.,.F.,(9,7,7,7,9),(3.14159265359,4.712388980385,
    5.890486225481,7.657632093125,9.424777960769),.UNSPECIFIED.);
#755 = CARTESIAN_POINT('',(-8.881784197001E-16,4.972321770349));
#756 = CARTESIAN_POINT('',(0.196349540849,4.972321770349));
#757 = CARTESIAN_POINT('',(0.392699081696,5.149784398572));
#758 = CARTESIAN_POINT('',(0.589048622541,5.50470814744));
#759 = CARTESIAN_POINT('',(0.785398163379,6.02250362423));
#760 = CARTESIAN_POINT('',(0.981747704253,6.673962410474));
#761 = CARTESIAN_POINT('',(1.178097245089,7.418334270075));
#762 = CARTESIAN_POINT('',(1.374446785946,8.209167228919));
#763 = CARTESIAN_POINT('',(1.718058482432,9.593124578311));
#764 = CARTESIAN_POINT('',(1.865320638069,10.186248939554));
#765 = CARTESIAN_POINT('',(2.012582793706,10.759774392249));
#766 = CARTESIAN_POINT('',(2.159844949342,11.294096794809));
#767 = CARTESIAN_POINT('',(2.307107104979,11.770981990183));
#768 = CARTESIAN_POINT('',(2.454369260617,12.174907245086));
#769 = CARTESIAN_POINT('',(2.601631416254,12.494110530468));
#770 = CARTESIAN_POINT('',(2.969786805347,13.061557904088));
#771 = CARTESIAN_POINT('',(3.190680038805,13.194521826443));
#772 = CARTESIAN_POINT('',(3.411573272203,13.094669227561));
#773 = CARTESIAN_POINT('',(3.632466505766,12.758274560547));
#774 = CARTESIAN_POINT('',(3.853359739126,12.20720223293));
#775 = CARTESIAN_POINT('',(4.074252972631,11.48712752249));
#776 = CARTESIAN_POINT('',(4.29514620608,10.658352826579));
#777 = CARTESIAN_POINT('',(4.736932672991,8.913169259021));
#778 = CARTESIAN_POINT('',(4.957825906441,7.996759421468));
#779 = CARTESIAN_POINT('',(5.17871913988,7.101416283174));
#780 = CARTESIAN_POINT('',(5.399612373342,6.296556690875));
#781 = CARTESIAN_POINT('',(5.620505606833,5.646121389778));
#782 = CARTESIAN_POINT('',(5.841398840254,5.1969232286));
#783 = CARTESIAN_POINT('',(6.062292073724,4.972321770349));
#784 = CARTESIAN_POINT('',(6.28318530718,4.972321770349));
#785 = ( GEOMETRIC_REPRESENTATION_CONTEXT(2) 
PARAMETRIC_REPRESENTATION_CONTEXT() REPRESENTATION_CONTEXT('2D SPACE',''
  ) );
#786 = ORIENTED_EDGE('',*,*,#787,.F.);
#787 = EDGE_CURVE('',#732,#150,#788,.T.);
#788 = SURFACE_CURVE('',#789,(#794,#801),.PCURVE_S1.);
#789 = CIRCLE('',#790,13.152130434783);
#790 = AXIS2_PLACEMENT_3D('',#791,#792,#793);
#791 = CARTESIAN_POINT('',(0.,1.715890331967E-03,3.29210120378));
#792 = DIRECTION('',(0.,1.110223024625E-16,-1.));
#793 = DIRECTION('',(0.,1.,1.110223024625E-16));
#794 = PCURVE('',#66,#795);
#795 = DEFINITIONAL_REPRESENTATION('',(#796),#800);
#796 = CIRCLE('',#797,13.152130434783);
#797 = AXIS2_PLACEMENT_2D('',#798,#799);
#798 = CARTESIAN_POINT('',(0.,0.));
#799 = DIRECTION('',(1.,0.));
#800 = ( GEOMETRIC_REPRESENTATION_CONTEXT(2) 
PARAMETRIC_REPRESENTATION_CONTEXT() REPRESENTATION_CONTEXT('2D SPACE',''
  ) );
#801 = PCURVE('',#222,#802);
#802 = DEFINITIONAL_REPRESENTATION('',(#803),#807);
#803 = LINE('',#804,#805);
#804 = CARTESIAN_POINT('',(0.,9.1));
#805 = VECTOR('',#806,1.);
#806 = DIRECTION('',(1.,0.));
#807 = ( GEOMETRIC_REPRESENTATION_CONTEXT(2) 
PARAMETRIC_REPRESENTATION_CONTEXT() REPRESENTATION_CONTEXT('2D SPACE',''
  ) );
#808 = ADVANCED_FACE('',(#809),#129,.T.);
#809 = FACE_BOUND('',#810,.T.);
#810 = EDGE_LOOP('',(#811,#812,#835,#862));
#811 = ORIENTED_EDGE('',*,*,#112,.F.);
#812 = ORIENTED_EDGE('',*,*,#813,.F.);
#813 = EDGE_CURVE('',#814,#113,#816,.T.);
#814 = VERTEX_POINT('',#815);
#815 = CARTESIAN_POINT('',(-4.23727792505E-15,17.301715890332,
    39.29210120378));
#816 = SEAM_CURVE('',#817,(#821,#828),.PCURVE_S1.);
#817 = LINE('',#818,#819);
#818 = CARTESIAN_POINT('',(-4.23727792505E-15,17.301715890332,
    40.29210120378));
#819 = VECTOR('',#820,1.);
#820 = DIRECTION('',(0.,1.110223024625E-16,-1.));
#821 = PCURVE('',#129,#822);
#822 = DEFINITIONAL_REPRESENTATION('',(#823),#827);
#823 = LINE('',#824,#825);
#824 = CARTESIAN_POINT('',(6.28318530718,-0.));
#825 = VECTOR('',#826,1.);
#826 = DIRECTION('',(0.,1.));
#827 = ( GEOMETRIC_REPRESENTATION_CONTEXT(2) 
PARAMETRIC_REPRESENTATION_CONTEXT() REPRESENTATION_CONTEXT('2D SPACE',''
  ) );
#828 = PCURVE('',#129,#829);
#829 = DEFINITIONAL_REPRESENTATION('',(#830),#834);
#830 = LINE('',#831,#832);
#831 = CARTESIAN_POINT('',(0.,-0.));
#832 = VECTOR('',#833,1.);
#833 = DIRECTION('',(0.,1.));
#834 = ( GEOMETRIC_REPRESENTATION_CONTEXT(2) 
PARAMETRIC_REPRESENTATION_CONTEXT() REPRESENTATION_CONTEXT('2D SPACE',''
  ) );
#835 = ORIENTED_EDGE('',*,*,#836,.T.);
#836 = EDGE_CURVE('',#814,#814,#837,.T.);
#837 = SURFACE_CURVE('',#838,(#843,#850),.PCURVE_S1.);
#838 = CIRCLE('',#839,17.3);
#839 = AXIS2_PLACEMENT_3D('',#840,#841,#842);
#840 = CARTESIAN_POINT('',(0.,1.715890331963E-03,39.29210120378));
#841 = DIRECTION('',(0.,1.110223024625E-16,-1.));
#842 = DIRECTION('',(0.,1.,1.110223024625E-16));
#843 = PCURVE('',#129,#844);
#844 = DEFINITIONAL_REPRESENTATION('',(#845),#849);
#845 = LINE('',#846,#847);
#846 = CARTESIAN_POINT('',(0.,1.));
#847 = VECTOR('',#848,1.);
#848 = DIRECTION('',(1.,0.));
#849 = ( GEOMETRIC_REPRESENTATION_CONTEXT(2) 
PARAMETRIC_REPRESENTATION_CONTEXT() REPRESENTATION_CONTEXT('2D SPACE',''
  ) );
#850 = PCURVE('',#851,#856);
#851 = PLANE('',#852);
#852 = AXIS2_PLACEMENT_3D('',#853,#854,#855);
#853 = CARTESIAN_POINT('',(0.,1.715890331963E-03,39.29210120378));
#854 = DIRECTION('',(0.,1.110223024625E-16,-1.));
#855 = DIRECTION('',(0.,1.,1.110223024625E-16));
#856 = DEFINITIONAL_REPRESENTATION('',(#857),#861);
#857 = CIRCLE('',#858,17.3);
#858 = AXIS2_PLACEMENT_2D('',#859,#860);
#859 = CARTESIAN_POINT('',(0.,0.));
#860 = DIRECTION('',(1.,0.));
#861 = ( GEOMETRIC_REPRESENTATION_CONTEXT(2) 
PARAMETRIC_REPRESENTATION_CONTEXT() REPRESENTATION_CONTEXT('2D SPACE',''
  ) );
#862 = ORIENTED_EDGE('',*,*,#813,.T.);
#863 = ADVANCED_FACE('',(#864),#166,.F.);
#864 = FACE_BOUND('',#865,.F.);
#865 = EDGE_LOOP('',(#866,#867));
#866 = ORIENTED_EDGE('',*,*,#147,.F.);
#867 = ORIENTED_EDGE('',*,*,#868,.T.);
#868 = EDGE_CURVE('',#148,#150,#869,.T.);
#869 = SURFACE_CURVE('',#870,(#975,#1083),.PCURVE_S1.);
#870 = B_SPLINE_CURVE_WITH_KNOTS('',7,(#871,#872,#873,#874,#875,#876,
    #877,#878,#879,#880,#881,#882,#883,#884,#885,#886,#887,#888,#889,
    #890,#891,#892,#893,#894,#895,#896,#897,#898,#899,#900,#901,#902,
    #903,#904,#905,#906,#907,#908,#909,#910,#911,#912,#913,#914,#915,
    #916,#917,#918,#919,#920,#921,#922,#923,#924,#925,#926,#927,#928,
    #929,#930,#931,#932,#933,#934,#935,#936,#937,#938,#939,#940,#941,
    #942,#943,#944,#945,#946,#947,#948,#949,#950,#951,#952,#953,#954,
    #955,#956,#957,#958,#959,#960,#961,#962,#963,#964,#965,#966,#967,
    #968,#969,#970,#971,#972,#973,#974),.UNSPECIFIED.,.F.,.F.,(8,6,6,6,6
    ,6,6,6,6,6,6,6,6,6,6,6,6,8),(0.,0.148051777371,0.270644578836,
    0.339167999486,0.394513929518,0.451707655837,0.469931795125,
    0.479830251994,0.500103581292,0.51638721533,0.524093777248,
    0.537019136636,0.564967231248,0.614291351951,0.672628685204,
    0.745575062093,0.861844789453,1.),.UNSPECIFIED.);
#871 = CARTESIAN_POINT('',(-1.980646784849,-13.02456578609,3.19210120378
    ));
#872 = CARTESIAN_POINT('',(-1.935163739679,-12.93500888621,
    3.591674402151));
#873 = CARTESIAN_POINT('',(-1.897988963215,-12.84391075502,
    3.992030840924));
#874 = CARTESIAN_POINT('',(-1.869656232622,-12.7512670847,4.393195255062
    ));
#875 = CARTESIAN_POINT('',(-1.850853270461,-12.6570386043,4.795156543073
    ));
#876 = CARTESIAN_POINT('',(-1.842467409445,-12.56113090334,
    5.197867007949));
#877 = CARTESIAN_POINT('',(-1.845632673204,-12.46337545664,
    5.601242594789));
#878 = CARTESIAN_POINT('',(-1.875428740751,-12.28065622508,
    6.339612389317));
#879 = CARTESIAN_POINT('',(-1.897927914933,-12.19640001934,
    6.674371120357));
#880 = CARTESIAN_POINT('',(-1.930326693688,-12.11044007739,
    7.009414872386));
#881 = CARTESIAN_POINT('',(-1.973729551962,-12.02250493812,
    7.344611071553));
#882 = CARTESIAN_POINT('',(-2.029541925798,-11.93220482438,
    7.679697247319));
#883 = CARTESIAN_POINT('',(-2.09951370934,-11.83899806245,8.014274400943
    ));
#884 = CARTESIAN_POINT('',(-2.234626102681,-11.68762597287,
    8.534132356511));
#885 = CARTESIAN_POINT('',(-2.288277836108,-11.63214632216,
    8.720142491013));
#886 = CARTESIAN_POINT('',(-2.34757863915,-11.57528719888,8.905676158819
    ));
#887 = CARTESIAN_POINT('',(-2.41304252457,-11.51684055021,9.090573203109
    ));
#888 = CARTESIAN_POINT('',(-2.485259313993,-11.45655664051,
    9.274606565109));
#889 = CARTESIAN_POINT('',(-2.564932077612,-11.39411330384,
    9.457471123958));
#890 = CARTESIAN_POINT('',(-2.72404016315,-11.27651927102,9.785191638049
    ));
#891 = CARTESIAN_POINT('',(-2.800554203283,-11.22229067448,
    9.930550305288));
#892 = CARTESIAN_POINT('',(-2.882967103278,-11.16613051165,
    10.074658273843));
#893 = CARTESIAN_POINT('',(-2.971816256574,-11.1077565907,
    10.217218831715));
#894 = CARTESIAN_POINT('',(-3.067692299507,-11.04684322654,
    10.357819557948));
#895 = CARTESIAN_POINT('',(-3.171273289537,-10.98298715458,
    10.495914880294));
#896 = CARTESIAN_POINT('',(-3.399273220082,-10.84605594533,
    10.770170352011));
#897 = CARTESIAN_POINT('',(-3.524106640337,-10.77284372892,
    10.90591201259));
#898 = CARTESIAN_POINT('',(-3.658963108333,-10.69532217256,
    11.037452719348));
#899 = CARTESIAN_POINT('',(-3.804851201998,-10.61280505319,
    11.163633927873));
#900 = CARTESIAN_POINT('',(-3.962670846795,-10.52457853548,
    11.282703137051));
#901 = CARTESIAN_POINT('',(-4.133068862917,-10.42991288169,11.3923776812
    ));
#902 = CARTESIAN_POINT('',(-4.374964440308,-10.29560013265,
    11.520834955931));
#903 = CARTESIAN_POINT('',(-4.434710340127,-10.26243141587,
    11.55061461077));
#904 = CARTESIAN_POINT('',(-4.495745936789,-10.22853599839,
    11.579034421115));
#905 = CARTESIAN_POINT('',(-4.558053688649,-10.19390633732,
    11.605986245357));
#906 = CARTESIAN_POINT('',(-4.621600145881,-10.15854288508,
    11.631355996858));
#907 = CARTESIAN_POINT('',(-4.686333561495,-10.12245601486,
    11.655027040229));
#908 = CARTESIAN_POINT('',(-4.787946867846,-10.06568647508,
    11.688754990036));
#909 = CARTESIAN_POINT('',(-4.824040635691,-10.04549839934,
    11.700091148444));
#910 = CARTESIAN_POINT('',(-4.860450818485,-10.02510744604,
    11.71087309696));
#911 = CARTESIAN_POINT('',(-4.897163410164,-10.00451859818,
    11.721082457428));
#912 = CARTESIAN_POINT('',(-4.934162386,-9.983738094549,11.730701439398)
  );
#913 = CARTESIAN_POINT('',(-4.971429702599,-9.96277342979,
    11.739712840126));
#914 = CARTESIAN_POINT('',(-5.085782124848,-9.898335725685,
    11.76527813203));
#915 = CARTESIAN_POINT('',(-5.163672020847,-9.854295916705,
    11.779840930421));
#916 = CARTESIAN_POINT('',(-5.24242459341,-9.809599606817,
    11.791643902642));
#917 = CARTESIAN_POINT('',(-5.321829766251,-9.764347705692,
    11.800567701307));
#918 = CARTESIAN_POINT('',(-5.401657217238,-9.71865821148,
    11.806525701824));
#919 = CARTESIAN_POINT('',(-5.481655816331,-9.672668068976,
    11.809471535487));
#920 = CARTESIAN_POINT('',(-5.62572691061,-9.589480750812,11.80935448418
    ));
#921 = CARTESIAN_POINT('',(-5.689845186645,-9.552328598791,
    11.807360047248));
#922 = CARTESIAN_POINT('',(-5.753769588068,-9.515158382873,
    11.803423381849));
#923 = CARTESIAN_POINT('',(-5.81737209878,-9.478047400678,
    11.797564099596));
#924 = CARTESIAN_POINT('',(-5.880534507268,-9.441070269103,
    11.789819146001));
#925 = CARTESIAN_POINT('',(-5.94314792372,-9.404298757116,
    11.780240592853));
#926 = CARTESIAN_POINT('',(-6.034438200638,-9.350528603341,
    11.763523154633));
#927 = CARTESIAN_POINT('',(-6.063619657108,-9.333316484392,
    11.757756526286));
#928 = CARTESIAN_POINT('',(-6.092646727043,-9.316172169239,
    11.751600391337));
#929 = CARTESIAN_POINT('',(-6.121510257392,-9.29910217682,11.74506199284
    ));
#930 = CARTESIAN_POINT('',(-6.15020188156,-9.282112637463,
    11.738148971115));
#931 = CARTESIAN_POINT('',(-6.178714019405,-9.265209292885,
    11.730869363757));
#932 = CARTESIAN_POINT('',(-6.254547688943,-9.220200938962,
    11.710421643193));
#933 = CARTESIAN_POINT('',(-6.301531531007,-9.192261857155,
    11.696604055054));
#934 = CARTESIAN_POINT('',(-6.34795947542,-9.164605349305,
    11.681818129905));
#935 = CARTESIAN_POINT('',(-6.393806109242,-9.137253030156,
    11.666104907269));
#936 = CARTESIAN_POINT('',(-6.439051902486,-9.110223227606,
    11.649506254119));
#937 = CARTESIAN_POINT('',(-6.483682575995,-9.08353117964,
    11.632063941496));
#938 = CARTESIAN_POINT('',(-6.622841016616,-9.000230871869,
    11.574367659863));
#939 = CARTESIAN_POINT('',(-6.715057951202,-8.944918064864,
    11.531168727267));
#940 = CARTESIAN_POINT('',(-6.804267370785,-8.891360466823,
    11.484627000878));
#941 = CARTESIAN_POINT('',(-6.890471436546,-8.839620888828,
    11.435130700588));
#942 = CARTESIAN_POINT('',(-6.973725711474,-8.789722805309,
    11.383032339619));
#943 = CARTESIAN_POINT('',(-7.054125317851,-8.741657122493,
    11.328635884175));
#944 = CARTESIAN_POINT('',(-7.26887818913,-8.61373063259,11.172571414632
    ));
#945 = CARTESIAN_POINT('',(-7.397363923403,-8.537729340368,
    11.066643232607));
#946 = CARTESIAN_POINT('',(-7.518048281895,-8.467132605164,
    10.955731857334));
#947 = CARTESIAN_POINT('',(-7.631622918883,-8.401676667199,
    10.84088569987));
#948 = CARTESIAN_POINT('',(-7.738738267938,-8.341064035494,
    10.722912496726));
#949 = CARTESIAN_POINT('',(-7.840027499975,-8.28496888906,
    10.602392835032));
#950 = CARTESIAN_POINT('',(-8.049715477759,-8.171686472652,
    10.334521062329));
#951 = CARTESIAN_POINT('',(-8.155941940676,-8.116220794686,
    10.186406344602));
#952 = CARTESIAN_POINT('',(-8.255713529356,-8.066165713196,
    10.036005645373));
#953 = CARTESIAN_POINT('',(-8.349746957306,-8.021100110456,
    9.883834980137));
#954 = CARTESIAN_POINT('',(-8.438636048897,-7.980649145925,
    9.730281642714));
#955 = CARTESIAN_POINT('',(-8.522903082659,-7.944469182615,9.57562202124
    ));
#956 = CARTESIAN_POINT('',(-8.703157524683,-7.87197829193,9.225456010061
    ));
#957 = CARTESIAN_POINT('',(-8.796762218372,-7.837916667488,
    9.029486841938));
#958 = CARTESIAN_POINT('',(-8.884681919892,-7.809482253963,
    8.832498998002));
#959 = CARTESIAN_POINT('',(-8.967567200087,-7.786193039623,
    8.634781050528));
#960 = CARTESIAN_POINT('',(-9.045941511205,-7.767636528385,
    8.436545759004));
#961 = CARTESIAN_POINT('',(-9.12024970683,-7.753450624091,8.237941043654
    ));
#962 = CARTESIAN_POINT('',(-9.30342184661,-7.727182631422,7.722040854968
    ));
#963 = CARTESIAN_POINT('',(-9.406571663026,-7.721357149896,
    7.404385292707));
#964 = CARTESIAN_POINT('',(-9.501827772902,-7.724576142906,
    7.086480353892));
#965 = CARTESIAN_POINT('',(-9.590199756929,-7.735878406073,
    6.768596511218));
#966 = CARTESIAN_POINT('',(-9.672472612507,-7.754470325855,
    6.450914586021));
#967 = CARTESIAN_POINT('',(-9.749253425246,-7.779703091213,
    6.133531299354));
#968 = CARTESIAN_POINT('',(-9.906323172215,-7.848275349498,
    5.439722154794));
#969 = CARTESIAN_POINT('',(-9.984539056598,-7.894123134749,
    5.063486276679));
#970 = CARTESIAN_POINT('',(-10.05649066327,-7.947674948067,
    4.687848643068));
#971 = CARTESIAN_POINT('',(-10.12273350125,-8.008226699024,
    4.312869428244));
#972 = CARTESIAN_POINT('',(-10.18367108037,-8.075212368206,
    3.938582989891));
#973 = CARTESIAN_POINT('',(-10.23961000806,-8.148166499617,
    3.564998932818));
#974 = CARTESIAN_POINT('',(-10.29076745621,-8.226715379486,3.19210120378
    ));
#975 = PCURVE('',#166,#976);
#976 = DEFINITIONAL_REPRESENTATION('',(#977),#1082);
#977 = B_SPLINE_CURVE_WITH_KNOTS('',7,(#978,#979,#980,#981,#982,#983,
    #984,#985,#986,#987,#988,#989,#990,#991,#992,#993,#994,#995,#996,
    #997,#998,#999,#1000,#1001,#1002,#1003,#1004,#1005,#1006,#1007,#1008
    ,#1009,#1010,#1011,#1012,#1013,#1014,#1015,#1016,#1017,#1018,#1019,
    #1020,#1021,#1022,#1023,#1024,#1025,#1026,#1027,#1028,#1029,#1030,
    #1031,#1032,#1033,#1034,#1035,#1036,#1037,#1038,#1039,#1040,#1041,
    #1042,#1043,#1044,#1045,#1046,#1047,#1048,#1049,#1050,#1051,#1052,
    #1053,#1054,#1055,#1056,#1057,#1058,#1059,#1060,#1061,#1062,#1063,
    #1064,#1065,#1066,#1067,#1068,#1069,#1070,#1071,#1072,#1073,#1074,
    #1075,#1076,#1077,#1078,#1079,#1080,#1081),.UNSPECIFIED.,.F.,.F.,(8,
    6,6,6,6,6,6,6,6,6,6,6,6,6,6,6,6,8),(0.,0.148051777371,0.270644578836
    ,0.339167999486,0.394513929518,0.451707655837,0.469931795125,
    0.479830251994,0.500103581292,0.51638721533,0.524093777248,
    0.537019136636,0.564967231248,0.614291351951,0.672628685204,
    0.745575062093,0.861844789453,1.),.UNSPECIFIED.);
#978 = CARTESIAN_POINT('',(2.017137169731,9.25106615556));
#979 = CARTESIAN_POINT('',(2.054655302287,8.880503683175));
#980 = CARTESIAN_POINT('',(2.092777669983,8.511153482076));
#981 = CARTESIAN_POINT('',(2.131638840953,8.14316575882));
#982 = CARTESIAN_POINT('',(2.171388920128,7.776748186431));
#983 = CARTESIAN_POINT('',(2.212204865121,7.412169930668));
#984 = CARTESIAN_POINT('',(2.254300281629,7.049766036503));
#985 = CARTESIAN_POINT('',(2.33412565872,6.392003842376));
#986 = CARTESIAN_POINT('',(2.371354294746,6.095891936187));
#987 = CARTESIAN_POINT('',(2.409825143623,5.801794943316));
#988 = CARTESIAN_POINT('',(2.449735603482,5.510018278271));
#989 = CARTESIAN_POINT('',(2.491330692957,5.220997726177));
#990 = CARTESIAN_POINT('',(2.534912437214,4.935299809218));
#991 = CARTESIAN_POINT('',(2.606669543695,4.496225435784));
#992 = CARTESIAN_POINT('',(2.633157552708,4.340092861316));
#993 = CARTESIAN_POINT('',(2.660486501831,4.185372945949));
#994 = CARTESIAN_POINT('',(2.688748505506,4.032237760586));
#995 = CARTESIAN_POINT('',(2.718048156264,3.880911786925));
#996 = CARTESIAN_POINT('',(2.748512490101,3.731675383264));
#997 = CARTESIAN_POINT('',(2.805991923597,3.466302140343));
#998 = CARTESIAN_POINT('',(2.83253622002,3.349354625044));
#999 = CARTESIAN_POINT('',(2.860035106262,3.234185811759));
#1000 = CARTESIAN_POINT('',(2.888590062423,3.121038622144));
#1001 = CARTESIAN_POINT('',(2.918311569814,3.010237516601));
#1002 = CARTESIAN_POINT('',(2.949330595252,2.902193865722));
#1003 = CARTESIAN_POINT('',(3.015396997343,2.689154199883));
#1004 = CARTESIAN_POINT('',(3.050496247944,2.584535669263));
#1005 = CARTESIAN_POINT('',(3.087354987155,2.483957719439));
#1006 = CARTESIAN_POINT('',(3.126180139956,2.388249997542));
#1007 = CARTESIAN_POINT('',(3.167157013862,2.298646856789));
#1008 = CARTESIAN_POINT('',(3.210444438505,2.216698581146));
#1009 = CARTESIAN_POINT('',(3.270806525965,2.121270408023));
#1010 = CARTESIAN_POINT('',(3.285637549771,2.099195788171));
#1011 = CARTESIAN_POINT('',(3.300714680014,2.078172837439));
#1012 = CARTESIAN_POINT('',(3.316036485003,2.058274560435));
#1013 = CARTESIAN_POINT('',(3.331598521265,2.039577853872));
#1014 = CARTESIAN_POINT('',(3.347392863948,2.02216120893));
#1015 = CARTESIAN_POINT('',(3.372106075056,1.99738006518));
#1016 = CARTESIAN_POINT('',(3.380869442096,1.989058273221));
#1017 = CARTESIAN_POINT('',(3.389695742958,1.981149788547));
#1018 = CARTESIAN_POINT('',(3.398582576568,1.973666962056));
#1019 = CARTESIAN_POINT('',(3.407527136171,1.966621744736));
#1020 = CARTESIAN_POINT('',(3.41652620933,1.960025687661));
#1021 = CARTESIAN_POINT('',(3.44411169269,1.94132313547));
#1022 = CARTESIAN_POINT('',(3.462863502621,1.930685056674));
#1023 = CARTESIAN_POINT('',(3.481796031426,1.922072931659));
#1024 = CARTESIAN_POINT('',(3.500870399313,1.91556684204));
#1025 = CARTESIAN_POINT('',(3.520043567915,1.911224808071));
#1026 = CARTESIAN_POINT('',(3.539267485211,1.90907787172));
#1027 = CARTESIAN_POINT('',(3.573926423987,1.909163177769));
#1028 = CARTESIAN_POINT('',(3.589364916229,1.910616718495));
#1029 = CARTESIAN_POINT('',(3.604776468883,1.91348572681));
#1030 = CARTESIAN_POINT('',(3.620135920091,1.917757065061));
#1031 = CARTESIAN_POINT('',(3.635419907128,1.923405975916));
#1032 = CARTESIAN_POINT('',(3.650606589087,1.930397525217));
#1033 = CARTESIAN_POINT('',(3.672806977279,1.942611702345));
#1034 = CARTESIAN_POINT('',(3.6799124044,1.946826458144));
#1035 = CARTESIAN_POINT('',(3.686989632839,1.951327718802));
#1036 = CARTESIAN_POINT('',(3.694036794663,1.956110622983));
#1037 = CARTESIAN_POINT('',(3.701052172102,1.961170041463));
#1038 = CARTESIAN_POINT('',(3.708034197553,1.966500577119));
#1039 = CARTESIAN_POINT('',(3.726633313626,1.981482093073));
#1040 = CARTESIAN_POINT('',(3.73818737622,1.991614435628));
#1041 = CARTESIAN_POINT('',(3.749636992808,2.002467205865));
#1042 = CARTESIAN_POINT('',(3.760976782412,2.014012830411));
#1043 = CARTESIAN_POINT('',(3.772202514649,2.026223163087));
#1044 = CARTESIAN_POINT('',(3.783310992742,2.039070098721));
#1045 = CARTESIAN_POINT('',(3.818060981137,2.08162185978));
#1046 = CARTESIAN_POINT('',(3.841259531505,2.113561111164));
#1047 = CARTESIAN_POINT('',(3.863878905543,2.148071567342));
#1048 = CARTESIAN_POINT('',(3.88591605114,2.184891494283));
#1049 = CARTESIAN_POINT('',(3.907378288636,2.223781776314));
#1050 = CARTESIAN_POINT('',(3.928281450312,2.264535071292));
#1051 = CARTESIAN_POINT('',(3.984595768716,2.381894743149));
#1052 = CARTESIAN_POINT('',(4.018848735389,2.462027287682));
#1053 = CARTESIAN_POINT('',(4.051562035059,2.54647842278));
#1054 = CARTESIAN_POINT('',(4.082860171931,2.634520485115));
#1055 = CARTESIAN_POINT('',(4.112860727061,2.725578153521));
#1056 = CARTESIAN_POINT('',(4.141684703174,2.819228794762));
#1057 = CARTESIAN_POINT('',(4.202299717781,3.028761926752));
#1058 = CARTESIAN_POINT('',(4.23364463331,3.145488809206));
#1059 = CARTESIAN_POINT('',(4.263674243029,3.264904217397));
#1060 = CARTESIAN_POINT('',(4.292526085556,3.386608784029));
#1061 = CARTESIAN_POINT('',(4.320314934536,3.510288013666));
#1062 = CARTESIAN_POINT('',(4.347145060874,3.635706745254));
#1063 = CARTESIAN_POINT('',(4.405578269914,3.921528600192));
#1064 = CARTESIAN_POINT('',(4.436683175115,4.082772563034));
#1065 = CARTESIAN_POINT('',(4.466601778294,4.246102257307));
#1066 = CARTESIAN_POINT('',(4.495467017775,4.411237391597));
#1067 = CARTESIAN_POINT('',(4.523387830475,4.577953592632));
#1068 = CARTESIAN_POINT('',(4.550459690641,4.74607895192));
#1069 = CARTESIAN_POINT('',(4.618695941206,5.185529201645));
#1070 = CARTESIAN_POINT('',(4.65867097643,5.458776318782));
#1071 = CARTESIAN_POINT('',(4.697025714466,5.734712272311));
#1072 = CARTESIAN_POINT('',(4.733992413332,6.012919267089));
#1073 = CARTESIAN_POINT('',(4.769760381557,6.293069298061));
#1074 = CARTESIAN_POINT('',(4.804485254246,6.574922212261));
#1075 = CARTESIAN_POINT('',(4.878485551027,7.195064242036));
#1076 = CARTESIAN_POINT('',(4.917381017044,7.533937851369));
#1077 = CARTESIAN_POINT('',(4.955210528527,7.874628483156));
#1078 = CARTESIAN_POINT('',(4.992143325673,8.216876632079));
#1079 = CARTESIAN_POINT('',(5.028318709257,8.56047057793));
#1080 = CARTESIAN_POINT('',(5.063858874571,8.905242399157));
#1081 = CARTESIAN_POINT('',(5.098872300108,9.25106615556));
#1082 = ( GEOMETRIC_REPRESENTATION_CONTEXT(2) 
PARAMETRIC_REPRESENTATION_CONTEXT() REPRESENTATION_CONTEXT('2D SPACE',''
  ) );
#1083 = PCURVE('',#222,#1084);
#1084 = DEFINITIONAL_REPRESENTATION('',(#1085),#1190);
#1085 = B_SPLINE_CURVE_WITH_KNOTS('',7,(#1086,#1087,#1088,#1089,#1090,
    #1091,#1092,#1093,#1094,#1095,#1096,#1097,#1098,#1099,#1100,#1101,
    #1102,#1103,#1104,#1105,#1106,#1107,#1108,#1109,#1110,#1111,#1112,
    #1113,#1114,#1115,#1116,#1117,#1118,#1119,#1120,#1121,#1122,#1123,
    #1124,#1125,#1126,#1127,#1128,#1129,#1130,#1131,#1132,#1133,#1134,
    #1135,#1136,#1137,#1138,#1139,#1140,#1141,#1142,#1143,#1144,#1145,
    #1146,#1147,#1148,#1149,#1150,#1151,#1152,#1153,#1154,#1155,#1156,
    #1157,#1158,#1159,#1160,#1161,#1162,#1163,#1164,#1165,#1166,#1167,
    #1168,#1169,#1170,#1171,#1172,#1173,#1174,#1175,#1176,#1177,#1178,
    #1179,#1180,#1181,#1182,#1183,#1184,#1185,#1186,#1187,#1188,#1189),
  .UNSPECIFIED.,.F.,.F.,(8,6,6,6,6,6,6,6,6,6,6,6,6,6,6,6,6,8),(0.,
    0.148051777371,0.270644578836,0.339167999486,0.394513929518,
    0.451707655837,0.469931795125,0.479830251994,0.500103581292,
    0.51638721533,0.524093777248,0.537019136636,0.564967231248,
    0.614291351951,0.672628685204,0.745575062093,0.861844789453,1.),
  .UNSPECIFIED.);
#1086 = CARTESIAN_POINT('',(3.292486934953,9.2));
#1087 = CARTESIAN_POINT('',(3.29009593442,8.800426801628));
#1088 = CARTESIAN_POINT('',(3.288305526946,8.400070362856));
#1089 = CARTESIAN_POINT('',(3.287173920888,7.998905948717));
#1090 = CARTESIAN_POINT('',(3.286774312611,7.596944660706));
#1091 = CARTESIAN_POINT('',(3.287200049866,7.194234195831));
#1092 = CARTESIAN_POINT('',(3.288569802389,6.79085860899));
#1093 = CARTESIAN_POINT('',(3.293101829623,6.052488814463));
#1094 = CARTESIAN_POINT('',(3.295914927355,5.717730083423));
#1095 = CARTESIAN_POINT('',(3.299582233796,5.382686331393));
#1096 = CARTESIAN_POINT('',(3.304218922069,5.047490132228));
#1097 = CARTESIAN_POINT('',(3.30997182353,4.71240395646));
#1098 = CARTESIAN_POINT('',(3.317024531109,4.377826802837));
#1099 = CARTESIAN_POINT('',(3.3304635214,3.857968847269));
#1100 = CARTESIAN_POINT('',(3.335770969686,3.671958712766));
#1101 = CARTESIAN_POINT('',(3.341614007014,3.486425044961));
#1102 = CARTESIAN_POINT('',(3.34804712415,3.30152800067));
#1103 = CARTESIAN_POINT('',(3.355133179354,3.117494638671));
#1104 = CARTESIAN_POINT('',(3.362947585604,2.934630079822));
#1105 = CARTESIAN_POINT('',(3.378563570127,2.60690956573));
#1106 = CARTESIAN_POINT('',(3.386076617226,2.461550898492));
#1107 = CARTESIAN_POINT('',(3.394176600849,2.317442929937));
#1108 = CARTESIAN_POINT('',(3.402921851802,2.174882372064));
#1109 = CARTESIAN_POINT('',(3.412377198851,2.034281645832));
#1110 = CARTESIAN_POINT('',(3.422617858684,1.896186323486));
#1111 = CARTESIAN_POINT('',(3.445228991371,1.621930851769));
#1112 = CARTESIAN_POINT('',(3.457642720305,1.486189191189));
#1113 = CARTESIAN_POINT('',(3.471095604637,1.354648484431));
#1114 = CARTESIAN_POINT('',(3.485702085561,1.228467275906));
#1115 = CARTESIAN_POINT('',(3.501569365697,1.109398066729));
#1116 = CARTESIAN_POINT('',(3.518782902186,0.99972352258));
#1117 = CARTESIAN_POINT('',(3.543344699243,0.871266247849));
#1118 = CARTESIAN_POINT('',(3.549420213173,0.84148659301));
#1119 = CARTESIAN_POINT('',(3.555636273238,0.813066782664));
#1120 = CARTESIAN_POINT('',(3.561991691462,0.786114958423));
#1121 = CARTESIAN_POINT('',(3.568483604246,0.760745206922));
#1122 = CARTESIAN_POINT('',(3.575107183706,0.73707416355));
#1123 = CARTESIAN_POINT('',(3.585520620789,0.703346213744));
#1124 = CARTESIAN_POINT('',(3.589222604762,0.692010055336));
#1125 = CARTESIAN_POINT('',(3.592960129794,0.681228106819));
#1126 = CARTESIAN_POINT('',(3.596731801553,0.671018746351));
#1127 = CARTESIAN_POINT('',(3.600536002517,0.661399764382));
#1128 = CARTESIAN_POINT('',(3.604370891974,0.652388363654));
#1129 = CARTESIAN_POINT('',(3.616147386158,0.626823071749));
#1130 = CARTESIAN_POINT('',(3.624181625118,0.612260273359));
#1131 = CARTESIAN_POINT('',(3.63231753012,0.600457301137));
#1132 = CARTESIAN_POINT('',(3.640533097728,0.591533502473));
#1133 = CARTESIAN_POINT('',(3.648803845637,0.585575501956));
#1134 = CARTESIAN_POINT('',(3.657102744443,0.582629668292));
#1135 = CARTESIAN_POINT('',(3.672064664384,0.5827467196));
#1136 = CARTESIAN_POINT('',(3.678729237511,0.584741156532));
#1137 = CARTESIAN_POINT('',(3.68537882248,0.588677821931));
#1138 = CARTESIAN_POINT('',(3.691999291395,0.594537104183));
#1139 = CARTESIAN_POINT('',(3.698577426512,0.602282057778));
#1140 = CARTESIAN_POINT('',(3.705100911949,0.611860610926));
#1141 = CARTESIAN_POINT('',(3.714614428021,0.628578049147));
#1142 = CARTESIAN_POINT('',(3.717655828824,0.634344677494));
#1143 = CARTESIAN_POINT('',(3.720681385445,0.640500812442));
#1144 = CARTESIAN_POINT('',(3.72369003764,0.64703921094));
#1145 = CARTESIAN_POINT('',(3.726680807292,0.653952232665));
#1146 = CARTESIAN_POINT('',(3.72965279841,0.661231840022));
#1147 = CARTESIAN_POINT('',(3.737556927203,0.681679560586));
#1148 = CARTESIAN_POINT('',(3.742453549149,0.695497148726));
#1149 = CARTESIAN_POINT('',(3.747291239989,0.710283073875));
#1150 = CARTESIAN_POINT('',(3.752066869522,0.725996296511));
#1151 = CARTESIAN_POINT('',(3.756777940604,0.742594949661));
#1152 = CARTESIAN_POINT('',(3.761422529448,0.760037262284));
#1153 = CARTESIAN_POINT('',(3.77589527148,0.817733543917));
#1154 = CARTESIAN_POINT('',(3.785472382735,0.860932476513));
#1155 = CARTESIAN_POINT('',(3.794718975587,0.907474202902));
#1156 = CARTESIAN_POINT('',(3.803631843378,0.956970503192));
#1157 = CARTESIAN_POINT('',(3.812214093862,1.00906886416));
#1158 = CARTESIAN_POINT('',(3.820473628878,1.063465319605));
#1159 = CARTESIAN_POINT('',(3.8424501226,1.219529789147));
#1160 = CARTESIAN_POINT('',(3.855499115473,1.325457971172));
#1161 = CARTESIAN_POINT('',(3.867643174786,1.436369346446));
#1162 = CARTESIAN_POINT('',(3.878950601433,1.55121550391));
#1163 = CARTESIAN_POINT('',(3.889488681653,1.669188707054));
#1164 = CARTESIAN_POINT('',(3.899324518244,1.789708368748));
#1165 = CARTESIAN_POINT('',(3.91940013217,2.057580141451));
#1166 = CARTESIAN_POINT('',(3.92937676206,2.205694859177));
#1167 = CARTESIAN_POINT('',(3.938552525887,2.356095558407));
#1168 = CARTESIAN_POINT('',(3.947007028032,2.508266223643));
#1169 = CARTESIAN_POINT('',(3.954808036075,2.661819561066));
#1170 = CARTESIAN_POINT('',(3.962015876283,2.81647918254));
#1171 = CARTESIAN_POINT('',(3.9770197481,3.166645193719));
#1172 = CARTESIAN_POINT('',(3.984508317147,3.362614361841));
#1173 = CARTESIAN_POINT('',(3.991250128222,3.559602205778));
#1174 = CARTESIAN_POINT('',(3.997324474304,3.757320153251));
#1175 = CARTESIAN_POINT('',(4.002797036551,3.955555444775));
#1176 = CARTESIAN_POINT('',(4.007724431434,4.154160160126));
#1177 = CARTESIAN_POINT('',(4.01921638774,4.670060348811));
#1178 = CARTESIAN_POINT('',(4.025013627088,4.987715911073));
#1179 = CARTESIAN_POINT('',(4.029742084362,5.305620849887));
#1180 = CARTESIAN_POINT('',(4.033541819119,5.623504692562));
#1181 = CARTESIAN_POINT('',(4.036525561709,5.941186617759));
#1182 = CARTESIAN_POINT('',(4.038783571146,6.258569904426));
#1183 = CARTESIAN_POINT('',(4.042299291018,6.952379048986));
#1184 = CARTESIAN_POINT('',(4.043288442401,7.328614927101));
#1185 = CARTESIAN_POINT('',(4.043482238315,7.704252560712));
#1186 = CARTESIAN_POINT('',(4.042973652783,8.079231775536));
#1187 = CARTESIAN_POINT('',(4.041835579245,8.453518213889));
#1188 = CARTESIAN_POINT('',(4.040127300984,8.827102270962));
#1189 = CARTESIAN_POINT('',(4.037895923424,9.2));
#1190 = ( GEOMETRIC_REPRESENTATION_CONTEXT(2) 
PARAMETRIC_REPRESENTATION_CONTEXT() REPRESENTATION_CONTEXT('2D SPACE',''
  ) );
#1191 = ADVANCED_FACE('',(#1192),#222,.F.);
#1192 = FACE_BOUND('',#1193,.F.);
#1193 = EDGE_LOOP('',(#1194,#1195,#1218,#1245,#1246,#1247,#1351,#1585,
    #1586,#1910,#1911,#1912,#1913,#2237,#2238,#2384,#2528,#2529,#2765));
#1194 = ORIENTED_EDGE('',*,*,#552,.F.);
#1195 = ORIENTED_EDGE('',*,*,#1196,.F.);
#1196 = EDGE_CURVE('',#1197,#553,#1199,.T.);
#1197 = VERTEX_POINT('',#1198);
#1198 = CARTESIAN_POINT('',(-2.695170728256E-15,11.005585455549,
    12.29210120378));
#1199 = SEAM_CURVE('',#1200,(#1204,#1211),.PCURVE_S1.);
#1200 = LINE('',#1201,#1202);
#1201 = CARTESIAN_POINT('',(-2.689324370928E-15,10.981715890332,
    12.39210120378));
#1202 = VECTOR('',#1203,1.);
#1203 = DIRECTION('',(-5.686602504027E-17,0.232173166499,-0.97267446803)
  );
#1204 = PCURVE('',#222,#1205);
#1205 = DEFINITIONAL_REPRESENTATION('',(#1206),#1210);
#1206 = LINE('',#1207,#1208);
#1207 = CARTESIAN_POINT('',(6.28318530718,-0.));
#1208 = VECTOR('',#1209,1.);
#1209 = DIRECTION('',(0.,1.));
#1210 = ( GEOMETRIC_REPRESENTATION_CONTEXT(2) 
PARAMETRIC_REPRESENTATION_CONTEXT() REPRESENTATION_CONTEXT('2D SPACE',''
  ) );
#1211 = PCURVE('',#222,#1212);
#1212 = DEFINITIONAL_REPRESENTATION('',(#1213),#1217);
#1213 = LINE('',#1214,#1215);
#1214 = CARTESIAN_POINT('',(0.,-0.));
#1215 = VECTOR('',#1216,1.);
#1216 = DIRECTION('',(0.,1.));
#1217 = ( GEOMETRIC_REPRESENTATION_CONTEXT(2) 
PARAMETRIC_REPRESENTATION_CONTEXT() REPRESENTATION_CONTEXT('2D SPACE',''
  ) );
#1218 = ORIENTED_EDGE('',*,*,#1219,.T.);
#1219 = EDGE_CURVE('',#1197,#1197,#1220,.T.);
#1220 = SURFACE_CURVE('',#1221,(#1226,#1233),.PCURVE_S1.);
#1221 = CIRCLE('',#1222,11.003869565217);
#1222 = AXIS2_PLACEMENT_3D('',#1223,#1224,#1225);
#1223 = CARTESIAN_POINT('',(0.,1.715890331966E-03,12.29210120378));
#1224 = DIRECTION('',(0.,1.110223024625E-16,-1.));
#1225 = DIRECTION('',(0.,1.,1.110223024625E-16));
#1226 = PCURVE('',#222,#1227);
#1227 = DEFINITIONAL_REPRESENTATION('',(#1228),#1232);
#1228 = LINE('',#1229,#1230);
#1229 = CARTESIAN_POINT('',(0.,0.1));
#1230 = VECTOR('',#1231,1.);
#1231 = DIRECTION('',(1.,0.));
#1232 = ( GEOMETRIC_REPRESENTATION_CONTEXT(2) 
PARAMETRIC_REPRESENTATION_CONTEXT() REPRESENTATION_CONTEXT('2D SPACE',''
  ) );
#1233 = PCURVE('',#1234,#1239);
#1234 = PLANE('',#1235);
#1235 = AXIS2_PLACEMENT_3D('',#1236,#1237,#1238);
#1236 = CARTESIAN_POINT('',(0.,1.715890331966E-03,12.29210120378));
#1237 = DIRECTION('',(0.,1.110223024625E-16,-1.));
#1238 = DIRECTION('',(0.,1.,1.110223024625E-16));
#1239 = DEFINITIONAL_REPRESENTATION('',(#1240),#1244);
#1240 = CIRCLE('',#1241,11.003869565217);
#1241 = AXIS2_PLACEMENT_2D('',#1242,#1243);
#1242 = CARTESIAN_POINT('',(0.,0.));
#1243 = DIRECTION('',(1.,0.));
#1244 = ( GEOMETRIC_REPRESENTATION_CONTEXT(2) 
PARAMETRIC_REPRESENTATION_CONTEXT() REPRESENTATION_CONTEXT('2D SPACE',''
  ) );
#1245 = ORIENTED_EDGE('',*,*,#1196,.T.);
#1246 = ORIENTED_EDGE('',*,*,#576,.F.);
#1247 = ORIENTED_EDGE('',*,*,#1248,.F.);
#1248 = EDGE_CURVE('',#1249,#577,#1251,.T.);
#1249 = VERTEX_POINT('',#1250);
#1250 = CARTESIAN_POINT('',(-3.866786657111,10.582211610336,
    11.198353173229));
#1251 = SURFACE_CURVE('',#1252,(#1283,#1317),.PCURVE_S1.);
#1252 = B_SPLINE_CURVE_WITH_KNOTS('',8,(#1253,#1254,#1255,#1256,#1257,
    #1258,#1259,#1260,#1261,#1262,#1263,#1264,#1265,#1266,#1267,#1268,
    #1269,#1270,#1271,#1272,#1273,#1274,#1275,#1276,#1277,#1278,#1279,
    #1280,#1281,#1282),.UNSPECIFIED.,.F.,.F.,(9,7,7,7,9),(0.,
    0.128078300691,0.274111354576,0.456520448831,1.),.UNSPECIFIED.);
#1253 = CARTESIAN_POINT('',(-3.866786657111,10.582211610336,
    11.198353173229));
#1254 = CARTESIAN_POINT('',(-3.736212325184,10.65559590829,
    11.097367677458));
#1255 = CARTESIAN_POINT('',(-3.614020275261,10.724884420103,
    10.9911561944));
#1256 = CARTESIAN_POINT('',(-3.499597210092,10.790583273005,
    10.880727400194));
#1257 = CARTESIAN_POINT('',(-3.392419961705,10.853097616084,
    10.766893607326));
#1258 = CARTESIAN_POINT('',(-3.291987382583,10.912778778879,
    10.650310309869));
#1259 = CARTESIAN_POINT('',(-3.197808947452,10.969942291066,
    10.531486843216));
#1260 = CARTESIAN_POINT('',(-3.109414812925,11.02487448355,
    10.410786453998));
#1261 = CARTESIAN_POINT('',(-2.931645140095,11.138242065637,
    10.148929637425));
#1262 = CARTESIAN_POINT('',(-2.843934917633,11.196047076351,
    10.007375013578));
#1263 = CARTESIAN_POINT('',(-2.762587822095,11.251632251868,
    9.864182470569));
#1264 = CARTESIAN_POINT('',(-2.687079521934,11.305285131765,
    9.719682139098));
#1265 = CARTESIAN_POINT('',(-2.616958518136,11.357237614184,
    9.57413577313));
#1266 = CARTESIAN_POINT('',(-2.551822573291,11.407685922619,
    9.427746008451));
#1267 = CARTESIAN_POINT('',(-2.49130799847,11.456801892064,
    9.280661120989));
#1268 = CARTESIAN_POINT('',(-2.364872447159,11.564609276824,
    8.948501709432));
#1269 = CARTESIAN_POINT('',(-2.301377791092,11.622622575496,
    8.763141108362));
#1270 = CARTESIAN_POINT('',(-2.243984057303,11.679058847864,
    8.57711534048));
#1271 = CARTESIAN_POINT('',(-2.19217623599,11.734132751126,
    8.390600931319));
#1272 = CARTESIAN_POINT('',(-2.145516942638,11.788012867399,
    8.203736220803));
#1273 = CARTESIAN_POINT('',(-2.103625009363,11.840837677554,
    8.016626344716));
#1274 = CARTESIAN_POINT('',(-2.066163804902,11.892724863778,
    7.829346050034));
#1275 = CARTESIAN_POINT('',(-1.933550395598,12.095872330665,
    7.083573616999));
#1276 = CARTESIAN_POINT('',(-1.871045411558,12.240432203758,
    6.524464777897));
#1277 = CARTESIAN_POINT('',(-1.837431263875,12.380135724234,
    5.965730864074));
#1278 = CARTESIAN_POINT('',(-1.82826717342,12.515902142392,
    5.408033475179));
#1279 = CARTESIAN_POINT('',(-1.840097036798,12.648363354329,
    4.851788443492));
#1280 = CARTESIAN_POINT('',(-1.87055669219,12.7777702539,4.297141084373)
  );
#1281 = CARTESIAN_POINT('',(-1.917822892519,12.90429623994,
    3.744015515986));
#1282 = CARTESIAN_POINT('',(-1.980646784849,13.027997566761,
    3.19210120378));
#1283 = PCURVE('',#222,#1284);
#1284 = DEFINITIONAL_REPRESENTATION('',(#1285),#1316);
#1285 = B_SPLINE_CURVE_WITH_KNOTS('',8,(#1286,#1287,#1288,#1289,#1290,
    #1291,#1292,#1293,#1294,#1295,#1296,#1297,#1298,#1299,#1300,#1301,
    #1302,#1303,#1304,#1305,#1306,#1307,#1308,#1309,#1310,#1311,#1312,
    #1313,#1314,#1315),.UNSPECIFIED.,.F.,.F.,(9,7,7,7,9),(0.,
    0.128078300691,0.274111354576,0.456520448831,1.),.UNSPECIFIED.);
#1286 = CARTESIAN_POINT('',(5.932801364871,1.193748030551));
#1287 = CARTESIAN_POINT('',(5.94592442746,1.294733526214));
#1288 = CARTESIAN_POINT('',(5.95815960908,1.400945009564));
#1289 = CARTESIAN_POINT('',(5.969578694989,1.511373803484));
#1290 = CARTESIAN_POINT('',(5.980242892966,1.625207596393));
#1291 = CARTESIAN_POINT('',(5.99020978342,1.741790894021));
#1292 = CARTESIAN_POINT('',(5.999534598762,1.860614360518));
#1293 = CARTESIAN_POINT('',(6.008269386697,1.981314749781));
#1294 = CARTESIAN_POINT('',(6.02580655108,2.243171566355));
#1295 = CARTESIAN_POINT('',(6.034440260496,2.384726190202));
#1296 = CARTESIAN_POINT('',(6.042434364179,2.52791873321));
#1297 = CARTESIAN_POINT('',(6.04984621263,2.672419064682));
#1298 = CARTESIAN_POINT('',(6.056724871268,2.81796543065));
#1299 = CARTESIAN_POINT('',(6.063113742439,2.964355195329));
#1300 = CARTESIAN_POINT('',(6.069051821114,3.111440082791));
#1301 = CARTESIAN_POINT('',(6.081470788707,3.443599494347));
#1302 = CARTESIAN_POINT('',(6.08771666055,3.628960095418));
#1303 = CARTESIAN_POINT('',(6.093377833578,3.8149858633));
#1304 = CARTESIAN_POINT('',(6.09850908217,4.00150027246));
#1305 = CARTESIAN_POINT('',(6.103156717723,4.188364982977));
#1306 = CARTESIAN_POINT('',(6.107360943572,4.375474859063));
#1307 = CARTESIAN_POINT('',(6.111157168454,4.562755153746));
#1308 = CARTESIAN_POINT('',(6.124763360501,5.308527586781));
#1309 = CARTESIAN_POINT('',(6.131596396277,5.867636425883));
#1310 = CARTESIAN_POINT('',(6.13590327733,6.426370339703));
#1311 = CARTESIAN_POINT('',(6.138147028065,6.984067728605));
#1312 = CARTESIAN_POINT('',(6.13868769567,7.540312760285));
#1313 = CARTESIAN_POINT('',(6.13777209032,8.094960119408));
#1314 = CARTESIAN_POINT('',(6.135593618233,8.648085687794));
#1315 = CARTESIAN_POINT('',(6.132291025817,9.2));
#1316 = ( GEOMETRIC_REPRESENTATION_CONTEXT(2) 
PARAMETRIC_REPRESENTATION_CONTEXT() REPRESENTATION_CONTEXT('2D SPACE',''
  ) );
#1317 = PCURVE('',#617,#1318);
#1318 = DEFINITIONAL_REPRESENTATION('',(#1319),#1350);
#1319 = B_SPLINE_CURVE_WITH_KNOTS('',8,(#1320,#1321,#1322,#1323,#1324,
    #1325,#1326,#1327,#1328,#1329,#1330,#1331,#1332,#1333,#1334,#1335,
    #1336,#1337,#1338,#1339,#1340,#1341,#1342,#1343,#1344,#1345,#1346,
    #1347,#1348,#1349),.UNSPECIFIED.,.F.,.F.,(9,7,7,7,9),(0.,
    0.128078300691,0.274111354576,0.456520448831,1.),.UNSPECIFIED.);
#1320 = CARTESIAN_POINT('',(6.28318530718,2.362618349381));
#1321 = CARTESIAN_POINT('',(6.317303516954,2.438862812337));
#1322 = CARTESIAN_POINT('',(6.349889933091,2.519524624416));
#1323 = CARTESIAN_POINT('',(6.38109127857,2.603915730975));
#1324 = CARTESIAN_POINT('',(6.411020627501,2.691471256109));
#1325 = CARTESIAN_POINT('',(6.439779325325,2.781723571271));
#1326 = CARTESIAN_POINT('',(6.467464282853,2.874300497162));
#1327 = CARTESIAN_POINT('',(6.494169262304,2.968932157904));
#1328 = CARTESIAN_POINT('',(6.549427812414,3.175500422775));
#1329 = CARTESIAN_POINT('',(6.577695257022,3.287926372042));
#1330 = CARTESIAN_POINT('',(6.604917262145,3.402416393208));
#1331 = CARTESIAN_POINT('',(6.631193423463,3.518709139347));
#1332 = CARTESIAN_POINT('',(6.656606907444,3.636588077131));
#1333 = CARTESIAN_POINT('',(6.68123124461,3.755877933744));
#1334 = CARTESIAN_POINT('',(6.705133786154,3.87644389132));
#1335 = CARTESIAN_POINT('',(6.757407327025,4.150270339784));
#1336 = CARTESIAN_POINT('',(6.785400599419,4.304152295238));
#1337 = CARTESIAN_POINT('',(6.812470777048,4.459626712795));
#1338 = CARTESIAN_POINT('',(6.838710069416,4.616512338397));
#1339 = CARTESIAN_POINT('',(6.864195411661,4.774656469518));
#1340 = CARTESIAN_POINT('',(6.888993766881,4.933933150677));
#1341 = CARTESIAN_POINT('',(6.913165078738,5.094242441358));
#1342 = CARTESIAN_POINT('',(7.007071426619,5.736002322821));
#1343 = CARTESIAN_POINT('',(7.072243060321,6.224688029739));
#1344 = CARTESIAN_POINT('',(7.133719594897,6.719668475295));
#1345 = CARTESIAN_POINT('',(7.192265892282,7.219521325311));
#1346 = CARTESIAN_POINT('',(7.248506003196,7.723169021367));
#1347 = CARTESIAN_POINT('',(7.302890362443,8.229880083706));
#1348 = CARTESIAN_POINT('',(7.355818510642,8.73922318684));
#1349 = CARTESIAN_POINT('',(7.407640791038,9.25106615556));
#1350 = ( GEOMETRIC_REPRESENTATION_CONTEXT(2) 
PARAMETRIC_REPRESENTATION_CONTEXT() REPRESENTATION_CONTEXT('2D SPACE',''
  ) );
#1351 = ORIENTED_EDGE('',*,*,#1352,.F.);
#1352 = EDGE_CURVE('',#657,#1249,#1353,.T.);
#1353 = SURFACE_CURVE('',#1354,(#1429,#1507),.PCURVE_S1.);
#1354 = B_SPLINE_CURVE_WITH_KNOTS('',7,(#1355,#1356,#1357,#1358,#1359,
    #1360,#1361,#1362,#1363,#1364,#1365,#1366,#1367,#1368,#1369,#1370,
    #1371,#1372,#1373,#1374,#1375,#1376,#1377,#1378,#1379,#1380,#1381,
    #1382,#1383,#1384,#1385,#1386,#1387,#1388,#1389,#1390,#1391,#1392,
    #1393,#1394,#1395,#1396,#1397,#1398,#1399,#1400,#1401,#1402,#1403,
    #1404,#1405,#1406,#1407,#1408,#1409,#1410,#1411,#1412,#1413,#1414,
    #1415,#1416,#1417,#1418,#1419,#1420,#1421,#1422,#1423,#1424,#1425,
    #1426,#1427,#1428),.UNSPECIFIED.,.F.,.F.,(8,6,6,6,6,6,6,6,6,6,6,6,8)
  ,(0.,0.260094577925,0.473272018489,0.594439629356,0.691255029883,
    0.792403597427,0.824651120805,0.841944678469,0.877201631826,
    0.907102515645,0.921168868908,0.945226937742,1.),.UNSPECIFIED.);
#1355 = CARTESIAN_POINT('',(-10.29076745621,8.23014716015,3.19210120378)
  );
#1356 = CARTESIAN_POINT('',(-10.23586665269,8.145850605562,
    3.592285061573));
#1357 = CARTESIAN_POINT('',(-10.17546019758,8.067998285054,
    3.993254430138));
#1358 = CARTESIAN_POINT('',(-10.1092762116,7.997052390287,4.395034287879
    ));
#1359 = CARTESIAN_POINT('',(-10.0369349268,7.933591675755,4.797613492233
    ));
#1360 = CARTESIAN_POINT('',(-9.957908020135,7.878341169479,
    5.200944006225));
#1361 = CARTESIAN_POINT('',(-9.871478429365,7.832203643209,
    5.604941141029));
#1362 = CARTESIAN_POINT('',(-9.698733940481,7.767022382618,
    6.341039823174));
#1363 = CARTESIAN_POINT('',(-9.615225807186,7.744598122015,
    6.672901063374));
#1364 = CARTESIAN_POINT('',(-9.525401749751,7.729763679441,
    7.005041378871));
#1365 = CARTESIAN_POINT('',(-9.428494402777,7.723318847879,7.33733109));
#1366 = CARTESIAN_POINT('',(-9.323492878945,7.726257409248,
    7.669515913438));
#1367 = CARTESIAN_POINT('',(-9.209091933099,7.739788385599,
    8.001210313696));
#1368 = CARTESIAN_POINT('',(-9.011713454368,7.78020984356,8.519758616384
    ));
#1369 = CARTESIAN_POINT('',(-8.93649749433,7.798811093846,8.707301832805
    ));
#1370 = CARTESIAN_POINT('',(-8.857219974152,7.82166507207,8.894369380728
    ));
#1371 = CARTESIAN_POINT('',(-8.773436550916,7.849119180081,
    9.080799314535));
#1372 = CARTESIAN_POINT('',(-8.684627308889,7.881566740675,
    9.266361418195));
#1373 = CARTESIAN_POINT('',(-8.590150009035,7.919464605434,
    9.450745734134));
#1374 = CARTESIAN_POINT('',(-8.408456028464,7.99845044647,9.779598932096
    ));
#1375 = CARTESIAN_POINT('',(-8.323619351789,8.03735654851,9.92459898255)
  );
#1376 = CARTESIAN_POINT('',(-8.234199392733,8.080374092171,
    10.068362642532));
#1377 = CARTESIAN_POINT('',(-8.139689478891,8.127823682898,
    10.210597528241));
#1378 = CARTESIAN_POINT('',(-8.039519306364,8.180050194485,
    10.350897789424));
#1379 = CARTESIAN_POINT('',(-7.933009216275,8.237435136126,
    10.488727052179));
#1380 = CARTESIAN_POINT('',(-7.700461079551,8.366247306965,
    10.764068456339));
#1381 = CARTESIAN_POINT('',(-7.57393605889,8.438091848126,
    10.901084124162));
#1382 = CARTESIAN_POINT('',(-7.438554674935,8.516554700534,
    11.033866017727));
#1383 = CARTESIAN_POINT('',(-7.293193084938,8.602180280385,
    11.161237051967));
#1384 = CARTESIAN_POINT('',(-7.136756427744,8.695403779211,
    11.281408532956));
#1385 = CARTESIAN_POINT('',(-6.96826489886,8.796426513292,
    11.392046916024));
#1386 = CARTESIAN_POINT('',(-6.728953500913,8.939985083083,
    11.521516480448));
#1387 = CARTESIAN_POINT('',(-6.669814929131,8.975466523904,
    11.55153051857));
#1388 = CARTESIAN_POINT('',(-6.60937960252,9.01171455702,11.580158808193
    ));
#1389 = CARTESIAN_POINT('',(-6.547650034631,9.048709563118,
    11.607290188818));
#1390 = CARTESIAN_POINT('',(-6.48464420377,9.086421768823,
    11.632807381742));
#1391 = CARTESIAN_POINT('',(-6.420398551673,9.124810091291,
    11.65659056023));
#1392 = CARTESIAN_POINT('',(-6.319883777746,9.184741569271,
    11.690281634796));
#1393 = CARTESIAN_POINT('',(-6.284457092828,9.20584098212,
    11.701509547213));
#1394 = CARTESIAN_POINT('',(-6.248700197372,9.227110714804,
    11.712185929434));
#1395 = CARTESIAN_POINT('',(-6.212624428885,9.248541158914,
    11.722292648743));
#1396 = CARTESIAN_POINT('',(-6.176243192449,9.270121604161,
    11.731812167205));
#1397 = CARTESIAN_POINT('',(-6.139571960719,9.29184023838,
    11.740727541662));
#1398 = CARTESIAN_POINT('',(-6.027309946269,9.358218054373,
    11.765933476752));
#1399 = CARTESIAN_POINT('',(-5.950848319983,9.40327923921,
    11.780268476685));
#1400 = CARTESIAN_POINT('',(-5.873409422782,9.448748322255,
    11.791887235053));
#1401 = CARTESIAN_POINT('',(-5.795181492545,9.494496881864,
    11.800674132728));
#1402 = CARTESIAN_POINT('',(-5.716376773266,9.540387880605,
    11.806545308387));
#1403 = CARTESIAN_POINT('',(-5.637233311023,9.586276091321,
    11.809455846953));
#1404 = CARTESIAN_POINT('',(-5.490834394,9.670793500408,11.809365514592)
  );
#1405 = CARTESIAN_POINT('',(-5.423588341842,9.709472837774,
    11.807195549391));
#1406 = CARTESIAN_POINT('',(-5.356437844854,9.747954518448,
    11.802897030581));
#1407 = CARTESIAN_POINT('',(-5.289532971755,9.78615596375,
    11.796493465216));
#1408 = CARTESIAN_POINT('',(-5.223014752141,9.824003371471,
    11.788029048214));
#1409 = CARTESIAN_POINT('',(-5.157015320035,9.861431054174,
    11.777565801295));
#1410 = CARTESIAN_POINT('',(-5.060911864465,9.915763135306,
    11.759354361002));
#1411 = CARTESIAN_POINT('',(-5.030306628392,9.933040358222,
    11.753102426719));
#1412 = CARTESIAN_POINT('',(-4.999854380883,9.95020685749,
    11.746432862804));
#1413 = CARTESIAN_POINT('',(-4.969566289156,9.967257613008,
    11.739354048327));
#1414 = CARTESIAN_POINT('',(-4.939452655978,9.984188173335,
    11.731874787706));
#1415 = CARTESIAN_POINT('',(-4.909522919673,10.000994655689,
    11.724004310709));
#1416 = CARTESIAN_POINT('',(-4.828925195243,10.046200450345,
    11.70163858565));
#1417 = CARTESIAN_POINT('',(-4.778627777751,10.074354456721,
    11.686408565732));
#1418 = CARTESIAN_POINT('',(-4.728935966367,10.102119267522,
    11.670109851291));
#1419 = CARTESIAN_POINT('',(-4.679884529734,10.129483165901,
    11.65279192038));
#1420 = CARTESIAN_POINT('',(-4.631501093138,10.156438628456,
    11.63450491739));
#1421 = CARTESIAN_POINT('',(-4.583806791224,10.182981737954,
    11.615298479914));
#1422 = CARTESIAN_POINT('',(-4.429834971301,10.268601505894,
    11.549509130622));
#1423 = CARTESIAN_POINT('',(-4.32652951846,10.325935393216,
    11.49929130258));
#1424 = CARTESIAN_POINT('',(-4.227037200741,10.381127528635,
    11.44512096153));
#1425 = CARTESIAN_POINT('',(-4.131391503453,10.434243892336,
    11.387518606952));
#1426 = CARTESIAN_POINT('',(-4.039546803017,10.485382089783,
    11.326946157187));
#1427 = CARTESIAN_POINT('',(-3.95139670232,10.53465977913,
    11.263790125561));
#1428 = CARTESIAN_POINT('',(-3.866786657111,10.582211610336,
    11.198353173229));
#1429 = PCURVE('',#222,#1430);
#1430 = DEFINITIONAL_REPRESENTATION('',(#1431),#1506);
#1431 = B_SPLINE_CURVE_WITH_KNOTS('',7,(#1432,#1433,#1434,#1435,#1436,
    #1437,#1438,#1439,#1440,#1441,#1442,#1443,#1444,#1445,#1446,#1447,
    #1448,#1449,#1450,#1451,#1452,#1453,#1454,#1455,#1456,#1457,#1458,
    #1459,#1460,#1461,#1462,#1463,#1464,#1465,#1466,#1467,#1468,#1469,
    #1470,#1471,#1472,#1473,#1474,#1475,#1476,#1477,#1478,#1479,#1480,
    #1481,#1482,#1483,#1484,#1485,#1486,#1487,#1488,#1489,#1490,#1491,
    #1492,#1493,#1494,#1495,#1496,#1497,#1498,#1499,#1500,#1501,#1502,
    #1503,#1504,#1505),.UNSPECIFIED.,.F.,.F.,(8,6,6,6,6,6,6,6,6,6,6,6,8)
  ,(0.,0.260094577925,0.473272018489,0.594439629356,0.691255029883,
    0.792403597427,0.824651120805,0.841944678469,0.877201631826,
    0.907102515645,0.921168868908,0.945226937742,1.),.UNSPECIFIED.);
#1432 = CARTESIAN_POINT('',(5.386882037346,9.2));
#1433 = CARTESIAN_POINT('',(5.384487382697,8.799816142206));
#1434 = CARTESIAN_POINT('',(5.382695158914,8.398846773641));
#1435 = CARTESIAN_POINT('',(5.381563840753,7.997066915901));
#1436 = CARTESIAN_POINT('',(5.381166982077,7.594487711546));
#1437 = CARTESIAN_POINT('',(5.381598424403,7.191157197554));
#1438 = CARTESIAN_POINT('',(5.382977497287,6.787160062751));
#1439 = CARTESIAN_POINT('',(5.387514077448,6.051061380605));
#1440 = CARTESIAN_POINT('',(5.390305495415,5.719200140406));
#1441 = CARTESIAN_POINT('',(5.39393660004,5.387059824909));
#1442 = CARTESIAN_POINT('',(5.398519634321,5.05477011378));
#1443 = CARTESIAN_POINT('',(5.40419732032,4.722585290342));
#1444 = CARTESIAN_POINT('',(5.411147973047,4.390890890084));
#1445 = CARTESIAN_POINT('',(5.424451931232,3.872342587395));
#1446 = CARTESIAN_POINT('',(5.429767391986,3.684799370975));
#1447 = CARTESIAN_POINT('',(5.435624271987,3.497731823051));
#1448 = CARTESIAN_POINT('',(5.442078006835,3.311301889245));
#1449 = CARTESIAN_POINT('',(5.449192589102,3.125739785585));
#1450 = CARTESIAN_POINT('',(5.45704488746,2.941355469645));
#1451 = CARTESIAN_POINT('',(5.472674641968,2.612502271683));
#1452 = CARTESIAN_POINT('',(5.480147994187,2.467502221229));
#1453 = CARTESIAN_POINT('',(5.488203517257,2.323738561248));
#1454 = CARTESIAN_POINT('',(5.496898839438,2.181503675539));
#1455 = CARTESIAN_POINT('',(5.506298025686,2.041203414355));
#1456 = CARTESIAN_POINT('',(5.516475398104,1.903374151601));
#1457 = CARTESIAN_POINT('',(5.539066531806,1.62803274744));
#1458 = CARTESIAN_POINT('',(5.551543129337,1.491017079618));
#1459 = CARTESIAN_POINT('',(5.56507275545,1.358235186053));
#1460 = CARTESIAN_POINT('',(5.57977259087,1.230864151812));
#1461 = CARTESIAN_POINT('',(5.595752652276,1.110692670824));
#1462 = CARTESIAN_POINT('',(5.613100655777,1.000054287756));
#1463 = CARTESIAN_POINT('',(5.637874650137,0.870584723332));
#1464 = CARTESIAN_POINT('',(5.644006404501,0.84057068521));
#1465 = CARTESIAN_POINT('',(5.650281177036,0.811942395586));
#1466 = CARTESIAN_POINT('',(5.65669772339,0.784811014962));
#1467 = CARTESIAN_POINT('',(5.663253058052,0.759293822037));
#1468 = CARTESIAN_POINT('',(5.669942152184,0.73551064355));
#1469 = CARTESIAN_POINT('',(5.680412606204,0.701819568984));
#1470 = CARTESIAN_POINT('',(5.684103885284,0.690591656567));
#1471 = CARTESIAN_POINT('',(5.687830294387,0.679915274346));
#1472 = CARTESIAN_POINT('',(5.691590439277,0.669808555036));
#1473 = CARTESIAN_POINT('',(5.695382705791,0.660289036575));
#1474 = CARTESIAN_POINT('',(5.699205259836,0.651373662118));
#1475 = CARTESIAN_POINT('',(5.710906776541,0.626167727028));
#1476 = CARTESIAN_POINT('',(5.718875993584,0.611832727095));
#1477 = CARTESIAN_POINT('',(5.726944505881,0.600213968727));
#1478 = CARTESIAN_POINT('',(5.735090799068,0.591427071052));
#1479 = CARTESIAN_POINT('',(5.74329097319,0.585555895393));
#1480 = CARTESIAN_POINT('',(5.751518678835,0.582645356826));
#1481 = CARTESIAN_POINT('',(5.766721715816,0.582735689188));
#1482 = CARTESIAN_POINT('',(5.773698576968,0.584905654388));
#1483 = CARTESIAN_POINT('',(5.780658308697,0.589204173198));
#1484 = CARTESIAN_POINT('',(5.787584728081,0.595607738563));
#1485 = CARTESIAN_POINT('',(5.79446278329,0.604072155566));
#1486 = CARTESIAN_POINT('',(5.801278539586,0.614535402484));
#1487 = CARTESIAN_POINT('',(5.811190176013,0.632746842778));
#1488 = CARTESIAN_POINT('',(5.814344678675,0.63899877706));
#1489 = CARTESIAN_POINT('',(5.817481421382,0.645668340975));
#1490 = CARTESIAN_POINT('',(5.82059924915,0.652747155452));
#1491 = CARTESIAN_POINT('',(5.823697103918,0.660226416073));
#1492 = CARTESIAN_POINT('',(5.826774024552,0.66809689307));
#1493 = CARTESIAN_POINT('',(5.835054406078,0.690462618129));
#1494 = CARTESIAN_POINT('',(5.84021589679,0.705692638047));
#1495 = CARTESIAN_POINT('',(5.845309324637,0.721991352489));
#1496 = CARTESIAN_POINT('',(5.850331253843,0.7393092834));
#1497 = CARTESIAN_POINT('',(5.855279027351,0.757596286389));
#1498 = CARTESIAN_POINT('',(5.860150686982,0.776802723865));
#1499 = CARTESIAN_POINT('',(5.875859875125,0.842592073158));
#1500 = CARTESIAN_POINT('',(5.886370821178,0.892809901239));
#1501 = CARTESIAN_POINT('',(5.896466438611,0.946980242188));
#1502 = CARTESIAN_POINT('',(5.906146535217,1.004582596814));
#1503 = CARTESIAN_POINT('',(5.915419041146,1.065155046689));
#1504 = CARTESIAN_POINT('',(5.924297833609,1.128311078149));
#1505 = CARTESIAN_POINT('',(5.932801364871,1.193748030551));
#1506 = ( GEOMETRIC_REPRESENTATION_CONTEXT(2) 
PARAMETRIC_REPRESENTATION_CONTEXT() REPRESENTATION_CONTEXT('2D SPACE',''
  ) );
#1507 = PCURVE('',#617,#1508);
#1508 = DEFINITIONAL_REPRESENTATION('',(#1509),#1584);
#1509 = B_SPLINE_CURVE_WITH_KNOTS('',7,(#1510,#1511,#1512,#1513,#1514,
    #1515,#1516,#1517,#1518,#1519,#1520,#1521,#1522,#1523,#1524,#1525,
    #1526,#1527,#1528,#1529,#1530,#1531,#1532,#1533,#1534,#1535,#1536,
    #1537,#1538,#1539,#1540,#1541,#1542,#1543,#1544,#1545,#1546,#1547,
    #1548,#1549,#1550,#1551,#1552,#1553,#1554,#1555,#1556,#1557,#1558,
    #1559,#1560,#1561,#1562,#1563,#1564,#1565,#1566,#1567,#1568,#1569,
    #1570,#1571,#1572,#1573,#1574,#1575,#1576,#1577,#1578,#1579,#1580,
    #1581,#1582,#1583),.UNSPECIFIED.,.F.,.F.,(8,6,6,6,6,6,6,6,6,6,6,6,8)
  ,(0.,0.260094577925,0.473272018489,0.594439629356,0.691255029883,
    0.792403597427,0.824651120805,0.841944678469,0.877201631826,
    0.907102515645,0.921168868908,0.945226937742,1.),.UNSPECIFIED.);
#1510 = CARTESIAN_POINT('',(4.325905660661,9.25106615556));
#1511 = CARTESIAN_POINT('',(4.3634811314,8.879937360244));
#1512 = CARTESIAN_POINT('',(4.401662673588,8.51002466081));
#1513 = CARTESIAN_POINT('',(4.440585486102,8.141478830791));
#1514 = CARTESIAN_POINT('',(4.480400389783,7.774508526321));
#1515 = CARTESIAN_POINT('',(4.521285242564,7.40938434773));
#1516 = CARTESIAN_POINT('',(4.56345478765,7.046443257382));
#1517 = CARTESIAN_POINT('',(4.64305994514,6.390755465434));
#1518 = CARTESIAN_POINT('',(4.67997041215,6.097213087696));
#1519 = CARTESIAN_POINT('',(4.718101933017,5.805652054016));
#1520 = CARTESIAN_POINT('',(4.75764687526,5.516370299383));
#1521 = CARTESIAN_POINT('',(4.798843455149,5.229790932169));
#1522 = CARTESIAN_POINT('',(4.841985220129,4.946462818782));
#1523 = CARTESIAN_POINT('',(4.913396830135,4.508296981886));
#1524 = CARTESIAN_POINT('',(4.940044098948,4.350811364944));
#1525 = CARTESIAN_POINT('',(4.967541144613,4.194752138703));
#1526 = CARTESIAN_POINT('',(4.995981673276,4.04029393997));
#1527 = CARTESIAN_POINT('',(5.025472125843,3.887664977916));
#1528 = CARTESIAN_POINT('',(5.056141946462,3.737150597926));
#1529 = CARTESIAN_POINT('',(5.113748134184,3.470808192956));
#1530 = CARTESIAN_POINT('',(5.140188652512,3.354123603102));
#1531 = CARTESIAN_POINT('',(5.167575826381,3.239201822584));
#1532 = CARTESIAN_POINT('',(5.196009884814,3.126282460577));
#1533 = CARTESIAN_POINT('',(5.225600012472,3.015685105305));
#1534 = CARTESIAN_POINT('',(5.25647560086,2.907814579737));
#1535 = CARTESIAN_POINT('',(5.322588649813,2.693857219215));
#1536 = CARTESIAN_POINT('',(5.357910094603,2.588226499871));
#1537 = CARTESIAN_POINT('',(5.395014273652,2.486676877439));
#1538 = CARTESIAN_POINT('',(5.434112976311,2.390051915677));
#1539 = CARTESIAN_POINT('',(5.47539614766,2.29961221028));
#1540 = CARTESIAN_POINT('',(5.519026533773,2.216942523896));
#1541 = CARTESIAN_POINT('',(5.579905227037,2.120764689145));
#1542 = CARTESIAN_POINT('',(5.594871529429,2.098517299255));
#1543 = CARTESIAN_POINT('',(5.610088280574,2.077341424573));
#1544 = CARTESIAN_POINT('',(5.625553966172,2.057312105329));
#1545 = CARTESIAN_POINT('',(5.64126394244,2.038508386384));
#1546 = CARTESIAN_POINT('',(5.657209943398,2.021010902886));
#1547 = CARTESIAN_POINT('',(5.682050972967,1.99625929657));
#1548 = CARTESIAN_POINT('',(5.690786573282,1.98801771817));
#1549 = CARTESIAN_POINT('',(5.699584386372,1.980187320802));
#1550 = CARTESIAN_POINT('',(5.708442009673,1.972780290018));
#1551 = CARTESIAN_POINT('',(5.717356640783,1.965808406868));
#1552 = CARTESIAN_POINT('',(5.726325077472,1.959283047894));
#1553 = CARTESIAN_POINT('',(5.753730320553,1.94084443075));
#1554 = CARTESIAN_POINT('',(5.772328277838,1.930373118465));
#1555 = CARTESIAN_POINT('',(5.791102753018,1.921895543978));
#1556 = CARTESIAN_POINT('',(5.810015724533,1.91548928664));
#1557 = CARTESIAN_POINT('',(5.829025167287,1.911210517173));
#1558 = CARTESIAN_POINT('',(5.848084234175,1.909089305398));
#1559 = CARTESIAN_POINT('',(5.883301712752,1.909155138893));
#1560 = CARTESIAN_POINT('',(5.899463581324,1.910736606286));
#1561 = CARTESIAN_POINT('',(5.915594645368,1.913869321554));
#1562 = CARTESIAN_POINT('',(5.931666092052,1.918537539297));
#1563 = CARTESIAN_POINT('',(5.947651342657,1.924711646779));
#1564 = CARTESIAN_POINT('',(5.963525701569,1.932350033408));
#1565 = CARTESIAN_POINT('',(5.98667075873,1.945658812096));
#1566 = CARTESIAN_POINT('',(5.994046123381,1.95022945692));
#1567 = CARTESIAN_POINT('',(6.00138989035,1.955107557603));
#1568 = CARTESIAN_POINT('',(6.008700027821,1.960287489937));
#1569 = CARTESIAN_POINT('',(6.015974681042,1.965763342606));
#1570 = CARTESIAN_POINT('',(6.023212172331,1.971528917187));
#1571 = CARTESIAN_POINT('',(6.042723354823,1.987923175027));
#1572 = CARTESIAN_POINT('',(6.054922600384,1.999097270741));
#1573 = CARTESIAN_POINT('',(6.067001300866,2.011068018352));
#1574 = CARTESIAN_POINT('',(6.07895358115,2.023802167475));
#1575 = CARTESIAN_POINT('',(6.090774976546,2.037265995819));
#1576 = CARTESIAN_POINT('',(6.102462281457,2.05142609072));
#1577 = CARTESIAN_POINT('',(6.140311852485,2.100000057519));
#1578 = CARTESIAN_POINT('',(6.165898208752,2.137183491031));
#1579 = CARTESIAN_POINT('',(6.190758453932,2.177427993288));
#1580 = CARTESIAN_POINT('',(6.214895805029,2.220382329741));
#1581 = CARTESIAN_POINT('',(6.238326458606,2.26573232135));
#1582 = CARTESIAN_POINT('',(6.261077262158,2.313213183169));
#1583 = CARTESIAN_POINT('',(6.28318530718,2.362618349381));
#1584 = ( GEOMETRIC_REPRESENTATION_CONTEXT(2) 
PARAMETRIC_REPRESENTATION_CONTEXT() REPRESENTATION_CONTEXT('2D SPACE',''
  ) );
#1585 = ORIENTED_EDGE('',*,*,#707,.F.);
#1586 = ORIENTED_EDGE('',*,*,#1587,.F.);
#1587 = EDGE_CURVE('',#732,#708,#1588,.T.);
#1588 = SURFACE_CURVE('',#1589,(#1694,#1802),.PCURVE_S1.);
#1589 = B_SPLINE_CURVE_WITH_KNOTS('',7,(#1590,#1591,#1592,#1593,#1594,
    #1595,#1596,#1597,#1598,#1599,#1600,#1601,#1602,#1603,#1604,#1605,
    #1606,#1607,#1608,#1609,#1610,#1611,#1612,#1613,#1614,#1615,#1616,
    #1617,#1618,#1619,#1620,#1621,#1622,#1623,#1624,#1625,#1626,#1627,
    #1628,#1629,#1630,#1631,#1632,#1633,#1634,#1635,#1636,#1637,#1638,
    #1639,#1640,#1641,#1642,#1643,#1644,#1645,#1646,#1647,#1648,#1649,
    #1650,#1651,#1652,#1653,#1654,#1655,#1656,#1657,#1658,#1659,#1660,
    #1661,#1662,#1663,#1664,#1665,#1666,#1667,#1668,#1669,#1670,#1671,
    #1672,#1673,#1674,#1675,#1676,#1677,#1678,#1679,#1680,#1681,#1682,
    #1683,#1684,#1685,#1686,#1687,#1688,#1689,#1690,#1691,#1692,#1693),
  .UNSPECIFIED.,.F.,.F.,(8,6,6,6,6,6,6,6,6,6,6,6,6,6,6,6,6,8),(0.,
    0.147652651969,0.270096854372,0.338921016842,0.394524716055,
    0.451876799901,0.470256478983,0.479987706305,0.500083038697,
    0.51616516152,0.523882741964,0.536910076498,0.565025771966,
    0.614462504621,0.672428287908,0.745745562195,0.861882025353,1.),
  .UNSPECIFIED.);
#1590 = CARTESIAN_POINT('',(-12.27141424106,-4.796134516279,
    3.19210120378));
#1591 = CARTESIAN_POINT('',(-12.17138462119,-4.790760069951,
    3.590596977134));
#1592 = CARTESIAN_POINT('',(-12.07415915145,-4.777462732087,
    3.989871990078));
#1593 = CARTESIAN_POINT('',(-11.97999892949,-4.755781829451,
    4.389950552723));
#1594 = CARTESIAN_POINT('',(-11.88921120665,-4.72510748875,
    4.790821636147));
#1595 = CARTESIAN_POINT('',(-11.80215468083,-4.684631766677,
    5.192438137905));
#1596 = CARTESIAN_POINT('',(-11.71924650831,-4.633298874273,
    5.594717111569));
#1597 = CARTESIAN_POINT('',(-11.57605757,-4.516740008643,6.331576904963)
  );
#1598 = CARTESIAN_POINT('',(-11.51434302479,-4.455392843163,
    6.665924556033));
#1599 = CARTESIAN_POINT('',(-11.45608909617,-4.384661427664,
    7.000558559398));
#1600 = CARTESIAN_POINT('',(-11.40161121821,-4.303461371225,
    7.335347639314));
#1601 = CARTESIAN_POINT('',(-11.3512725014,-4.210391644816,
    7.670032301048));
#1602 = CARTESIAN_POINT('',(-11.3054765572,-4.103679957445,
    8.004218212357));
#1603 = CARTESIAN_POINT('',(-11.24168185029,-3.911513939734,
    8.524538173918));
#1604 = CARTESIAN_POINT('',(-11.22029675156,-3.837226899273,
    8.711385232753));
#1605 = CARTESIAN_POINT('',(-11.20055312293,-3.757327919124,
    8.897757275234));
#1606 = CARTESIAN_POINT('',(-11.18252879475,-3.671263312184,
    9.083493436185));
#1607 = CARTESIAN_POINT('',(-11.16630350928,-3.578391940228,
    9.268365334557));
#1608 = CARTESIAN_POINT('',(-11.15195091292,-3.477936687337,
    9.452065770781));
#1609 = CARTESIAN_POINT('',(-11.12948989464,-3.280795987104,
    9.781326171895));
#1610 = CARTESIAN_POINT('',(-11.1207146445,-3.187118873556,
    9.927389485073));
#1611 = CARTESIAN_POINT('',(-11.11322751799,-3.087321311122,
    10.072195889675));
#1612 = CARTESIAN_POINT('',(-11.10705333405,-2.980789483041,
    10.215445754349));
#1613 = CARTESIAN_POINT('',(-11.10220574521,-2.866840739493,
    10.356721959054));
#1614 = CARTESIAN_POINT('',(-11.0986745474,-2.744675945879,
    10.495472085948));
#1615 = CARTESIAN_POINT('',(-11.09407460905,-2.477752033992,
    10.770733834262));
#1616 = CARTESIAN_POINT('',(-11.09309015285,-2.332599536642,
    10.906834883549));
#1617 = CARTESIAN_POINT('',(-11.09339199507,-2.176547529914,
    11.038709621687));
#1618 = CARTESIAN_POINT('',(-11.09488931075,-2.008368398456,
    11.165188522143));
#1619 = CARTESIAN_POINT('',(-11.0974120308,-1.826916832526,
    11.284500153108));
#1620 = CARTESIAN_POINT('',(-11.10064765413,-1.631263378003,
    11.394336382404));
#1621 = CARTESIAN_POINT('',(-11.10530316482,-1.353126324779,
    11.523037284686));
#1622 = CARTESIAN_POINT('',(-11.10646218465,-1.284121631273,
    11.55298491413));
#1623 = CARTESIAN_POINT('',(-11.10763615609,-1.213611665962,
    11.581543548006));
#1624 = CARTESIAN_POINT('',(-11.10880932179,-1.141608892804,
    11.608601906641));
#1625 = CARTESIAN_POINT('',(-11.10996487187,-1.068144321657,
    11.634042652103));
#1626 = CARTESIAN_POINT('',(-11.1110854471,-0.99327069082,
    11.657745980205));
#1627 = CARTESIAN_POINT('',(-11.11271920424,-0.876718450027,
    11.691160355919));
#1628 = CARTESIAN_POINT('',(-11.11327010611,-0.835998493361,
    11.702207238106));
#1629 = CARTESIAN_POINT('',(-11.11380372259,-0.794917703356,
    11.712715866537));
#1630 = CARTESIAN_POINT('',(-11.11431750486,-0.753490228499,
    11.722668818652));
#1631 = CARTESIAN_POINT('',(-11.11480898043,-0.711732441984,
    11.732049241856));
#1632 = CARTESIAN_POINT('',(-11.11527575316,-0.66966294171,
    11.740840853521));
#1633 = CARTESIAN_POINT('',(-11.11662360296,-0.539826827237,
    11.765934569364));
#1634 = CARTESIAN_POINT('',(-11.11741673508,-0.451097937789,
    11.780266240134));
#1635 = CARTESIAN_POINT('',(-11.11807454169,-0.361319221502,
    11.791882862667));
#1636 = CARTESIAN_POINT('',(-11.11857993655,-0.270717755897,
    11.800668893615));
#1637 = CARTESIAN_POINT('',(-11.11892037086,-0.179545697796,
    11.806540518458));
#1638 = CARTESIAN_POINT('',(-11.119089099,-8.808162466327E-02,
    11.809452833055));
#1639 = CARTESIAN_POINT('',(-11.11908431962,7.655457661088E-02,
    11.809370365538));
#1640 = CARTESIAN_POINT('',(-11.11897241435,0.149742651757,
    11.80743917554));
#1641 = CARTESIAN_POINT('',(-11.11875068482,0.222778679504,
    11.803613434644));
#1642 = CARTESIAN_POINT('',(-11.11842190671,0.295518535534,
    11.797911701381));
#1643 = CARTESIAN_POINT('',(-11.11799131612,0.367827335812,
    11.790369061783));
#1644 = CARTESIAN_POINT('',(-11.11746625075,0.439579131196,
    11.781035077813));
#1645 = CARTESIAN_POINT('',(-11.11656284018,0.544765662481,
    11.76466259638));
#1646 = CARTESIAN_POINT('',(-11.11625020434,0.578720484982,
    11.758954998528));
#1647 = CARTESIAN_POINT('',(-11.11591889101,0.612508857676,
    11.752855754233));
#1648 = CARTESIAN_POINT('',(-11.11556996599,0.646119446983,
    11.746372083501));
#1649 = CARTESIAN_POINT('',(-11.11520455334,0.679541797623,
    11.739511614347));
#1650 = CARTESIAN_POINT('',(-11.11482383547,0.712766332617,
    11.732282382795));
#1651 = CARTESIAN_POINT('',(-11.11376265731,0.801519023496,
    11.711881614845));
#1652 = CARTESIAN_POINT('',(-11.11305616103,0.856665314654,
    11.698043550229));
#1653 = CARTESIAN_POINT('',(-11.11231545583,0.911181577504,
    11.683218736088));
#1654 = CARTESIAN_POINT('',(-11.11154669073,0.965033810744,
    11.667449133285));
#1655 = CARTESIAN_POINT('',(-11.11075611963,1.018194989462,
    11.650777600737));
#1656 = CARTESIAN_POINT('',(-11.10994994893,1.07064439357,
    11.633246929657));
#1657 = CARTESIAN_POINT('',(-11.107373597,1.233994933116,11.575299968529
    ));
#1658 = CARTESIAN_POINT('',(-11.10556860696,1.342219890734,
    11.531900022327));
#1659 = CARTESIAN_POINT('',(-11.10377935266,1.446921081707,
    11.485111713386));
#1660 = CARTESIAN_POINT('',(-11.10206239784,1.54806776014,
    11.435330707939));
#1661 = CARTESIAN_POINT('',(-11.10046676187,1.645696795786,
    11.38291616685));
#1662 = CARTESIAN_POINT('',(-11.0990328216,1.73989681897,11.328177490245
    ));
#1663 = CARTESIAN_POINT('',(-11.09561597585,1.99063489059,
    11.171476124702));
#1664 = CARTESIAN_POINT('',(-11.09404290681,2.140156108924,
    11.065255081109));
#1665 = CARTESIAN_POINT('',(-11.09325436808,2.280182125135,
    10.954037696613));
#1666 = CARTESIAN_POINT('',(-11.0933681698,2.411448908822,
    10.838877271416));
#1667 = CARTESIAN_POINT('',(-11.09445195928,2.53467291548,
    10.720584839123));
#1668 = CARTESIAN_POINT('',(-11.09654004939,2.650569522514,
    10.599742916818));
#1669 = CARTESIAN_POINT('',(-11.10330856939,2.88793144948,
    10.332418401247));
#1670 = CARTESIAN_POINT('',(-11.10837111727,3.006808219651,
    10.185223545323));
#1671 = CARTESIAN_POINT('',(-11.11487324652,3.117500777802,
    10.035775509659));
#1672 = CARTESIAN_POINT('',(-11.1228086799,3.22082439513,9.884579837044)
  );
#1673 = CARTESIAN_POINT('',(-11.1321503359,3.317467946806,9.732016608769
    ));
#1674 = CARTESIAN_POINT('',(-11.14286254772,3.408044296914,
    9.578357697415));
#1675 = CARTESIAN_POINT('',(-11.170148029,3.600654566766,9.228235509633)
  );
#1676 = CARTESIAN_POINT('',(-11.18751700118,3.699334553594,
    9.031280688894));
#1677 = CARTESIAN_POINT('',(-11.20693834094,3.790192276174,
    8.833294441937));
#1678 = CARTESIAN_POINT('',(-11.22831847017,3.874045063134,
    8.634570264865));
#1679 = CARTESIAN_POINT('',(-11.25156036908,3.951562407708,
    8.435324225518));
#1680 = CARTESIAN_POINT('',(-11.2765714868,4.023318891808,8.235706229665
    ));
#1681 = CARTESIAN_POINT('',(-11.34555593237,4.195110232643,7.71914805694
    ));
#1682 = CARTESIAN_POINT('',(-11.39206229778,4.287160366862,
    7.401854343336));
#1683 = CARTESIAN_POINT('',(-11.4424436217,4.367886651082,7.084313551323
    ));
#1684 = CARTESIAN_POINT('',(-11.49637357054,4.438638013555,
    6.766794661017));
#1685 = CARTESIAN_POINT('',(-11.55355850014,4.500486483836,
    6.449477560141));
#1686 = CARTESIAN_POINT('',(-11.61374102467,4.554278865074,6.13245857516
    ));
#1687 = CARTESIAN_POINT('',(-11.75158053386,4.655920060154,
    5.439115358203));
#1688 = CARTESIAN_POINT('',(-11.83037739296,4.700708601186,
    5.062981421129));
#1689 = CARTESIAN_POINT('',(-11.91271173674,4.736225983225,
    4.687445473993));
#1690 = CARTESIAN_POINT('',(-11.99825186464,4.763304508536,4.31256761254
    ));
#1691 = CARTESIAN_POINT('',(-12.08670959836,4.782576054556,
    3.938382152676));
#1692 = CARTESIAN_POINT('',(-12.17783535397,4.794538439126,
    3.564898691458));
#1693 = CARTESIAN_POINT('',(-12.27141424106,4.799566296943,3.19210120378
    ));
#1694 = PCURVE('',#222,#1695);
#1695 = DEFINITIONAL_REPRESENTATION('',(#1696),#1801);
#1696 = B_SPLINE_CURVE_WITH_KNOTS('',7,(#1697,#1698,#1699,#1700,#1701,
    #1702,#1703,#1704,#1705,#1706,#1707,#1708,#1709,#1710,#1711,#1712,
    #1713,#1714,#1715,#1716,#1717,#1718,#1719,#1720,#1721,#1722,#1723,
    #1724,#1725,#1726,#1727,#1728,#1729,#1730,#1731,#1732,#1733,#1734,
    #1735,#1736,#1737,#1738,#1739,#1740,#1741,#1742,#1743,#1744,#1745,
    #1746,#1747,#1748,#1749,#1750,#1751,#1752,#1753,#1754,#1755,#1756,
    #1757,#1758,#1759,#1760,#1761,#1762,#1763,#1764,#1765,#1766,#1767,
    #1768,#1769,#1770,#1771,#1772,#1773,#1774,#1775,#1776,#1777,#1778,
    #1779,#1780,#1781,#1782,#1783,#1784,#1785,#1786,#1787,#1788,#1789,
    #1790,#1791,#1792,#1793,#1794,#1795,#1796,#1797,#1798,#1799,#1800),
  .UNSPECIFIED.,.F.,.F.,(8,6,6,6,6,6,6,6,6,6,6,6,6,6,6,6,6,8),(0.,
    0.147652651969,0.270096854372,0.338921016842,0.394524716055,
    0.451876799901,0.470256478983,0.479987706305,0.500083038697,
    0.51616516152,0.523882741964,0.536910076498,0.565025771966,
    0.614462504621,0.672428287908,0.745745562195,0.861882025353,1.),
  .UNSPECIFIED.);
#1697 = CARTESIAN_POINT('',(4.339684486149,9.2));
#1698 = CARTESIAN_POINT('',(4.337299932805,8.801504226646));
#1699 = CARTESIAN_POINT('',(4.335512736822,8.402229213702));
#1700 = CARTESIAN_POINT('',(4.334380638494,8.002150651056));
#1701 = CARTESIAN_POINT('',(4.333976206373,7.601279567633));
#1702 = CARTESIAN_POINT('',(4.334391921807,7.199663065875));
#1703 = CARTESIAN_POINT('',(4.335745297045,6.797384092211));
#1704 = CARTESIAN_POINT('',(4.340235444959,6.060524298816));
#1705 = CARTESIAN_POINT('',(4.343027871483,5.726176647747));
#1706 = CARTESIAN_POINT('',(4.346670523434,5.391542644382));
#1707 = CARTESIAN_POINT('',(4.351277776331,5.056753564466));
#1708 = CARTESIAN_POINT('',(4.356995354127,4.722068902732));
#1709 = CARTESIAN_POINT('',(4.364005448397,4.387882991422));
#1710 = CARTESIAN_POINT('',(4.37738973888,3.867563029861));
#1711 = CARTESIAN_POINT('',(4.382697246346,3.680715971026));
#1712 = CARTESIAN_POINT('',(4.388543151549,3.494343928546));
#1713 = CARTESIAN_POINT('',(4.394982405454,3.308607767595));
#1714 = CARTESIAN_POINT('',(4.402078421472,3.123735869223));
#1715 = CARTESIAN_POINT('',(4.409907327306,2.940035432999));
#1716 = CARTESIAN_POINT('',(4.425561411885,2.610775031884));
#1717 = CARTESIAN_POINT('',(4.4330963899,2.464711718707));
#1718 = CARTESIAN_POINT('',(4.441222761586,2.319905314104));
#1719 = CARTESIAN_POINT('',(4.449999566322,2.17665544943));
#1720 = CARTESIAN_POINT('',(4.459492437547,2.035379244725));
#1721 = CARTESIAN_POINT('',(4.46977757744,1.896629117832));
#1722 = CARTESIAN_POINT('',(4.492474368684,1.621367369518));
#1723 = CARTESIAN_POINT('',(4.504926028859,1.48526632023));
#1724 = CARTESIAN_POINT('',(4.518423023899,1.353391582092));
#1725 = CARTESIAN_POINT('',(4.533080834841,1.226912681637));
#1726 = CARTESIAN_POINT('',(4.549007522665,1.107601050671));
#1727 = CARTESIAN_POINT('',(4.56628893984,0.997764821375));
#1728 = CARTESIAN_POINT('',(4.590985415288,0.869063919094));
#1729 = CARTESIAN_POINT('',(4.597121871736,0.83911628965));
#1730 = CARTESIAN_POINT('',(4.603401243036,0.810557655773));
#1731 = CARTESIAN_POINT('',(4.609822239801,0.783499297138));
#1732 = CARTESIAN_POINT('',(4.616381824357,0.758058551676));
#1733 = CARTESIAN_POINT('',(4.623074907946,0.734355223575));
#1734 = CARTESIAN_POINT('',(4.633504481008,0.700940847861));
#1735 = CARTESIAN_POINT('',(4.63715020882,0.689893965674));
#1736 = CARTESIAN_POINT('',(4.64083009142,0.679385337242));
#1737 = CARTESIAN_POINT('',(4.644542779915,0.669432385128));
#1738 = CARTESIAN_POINT('',(4.648286716459,0.660051961924));
#1739 = CARTESIAN_POINT('',(4.652060134257,0.651260350259));
#1740 = CARTESIAN_POINT('',(4.663710100108,0.626166634416));
#1741 = CARTESIAN_POINT('',(4.671677574023,0.611834963645));
#1742 = CARTESIAN_POINT('',(4.679744299321,0.600218341112));
#1743 = CARTESIAN_POINT('',(4.687888776039,0.591432310165));
#1744 = CARTESIAN_POINT('',(4.696087120398,0.585560685322));
#1745 = CARTESIAN_POINT('',(4.704313000957,0.582648370725));
#1746 = CARTESIAN_POINT('',(4.719119630905,0.582730838242));
#1747 = CARTESIAN_POINT('',(4.725701822796,0.58466202824));
#1748 = CARTESIAN_POINT('',(4.732269669824,0.588487769136));
#1749 = CARTESIAN_POINT('',(4.738809553598,0.594189502399));
#1750 = CARTESIAN_POINT('',(4.745308711088,0.601732141997));
#1751 = CARTESIAN_POINT('',(4.751755227763,0.611066125967));
#1752 = CARTESIAN_POINT('',(4.761201046481,0.627438607399));
#1753 = CARTESIAN_POINT('',(4.764249484073,0.633146205251));
#1754 = CARTESIAN_POINT('',(4.767282187013,0.639245449547));
#1755 = CARTESIAN_POINT('',(4.7702980812,0.645729120279));
#1756 = CARTESIAN_POINT('',(4.773296174925,0.652589589433));
#1757 = CARTESIAN_POINT('',(4.776275558875,0.659818820984));
#1758 = CARTESIAN_POINT('',(4.784231650831,0.680219588935));
#1759 = CARTESIAN_POINT('',(4.78917223364,0.694057653551));
#1760 = CARTESIAN_POINT('',(4.794053194398,0.708882467692));
#1761 = CARTESIAN_POINT('',(4.798871290384,0.724652070494));
#1762 = CARTESIAN_POINT('',(4.803623934266,0.741323603042));
#1763 = CARTESIAN_POINT('',(4.80830913207,0.758854274123));
#1764 = CARTESIAN_POINT('',(4.822888332357,0.816801235251));
#1765 = CARTESIAN_POINT('',(4.832528721239,0.860201181453));
#1766 = CARTESIAN_POINT('',(4.84183465017,0.906989490393));
#1767 = CARTESIAN_POINT('',(4.850802789961,0.956770495841));
#1768 = CARTESIAN_POINT('',(4.859436289,1.00918503693));
#1769 = CARTESIAN_POINT('',(4.867743205338,1.063923713535));
#1770 = CARTESIAN_POINT('',(4.889788613758,1.220625079077));
#1771 = CARTESIAN_POINT('',(4.902858600104,1.326846122671));
#1772 = CARTESIAN_POINT('',(4.915020117512,1.438063507167));
#1773 = CARTESIAN_POINT('',(4.926341948781,1.553223932364));
#1774 = CARTESIAN_POINT('',(4.936891803154,1.671516364657));
#1775 = CARTESIAN_POINT('',(4.946737176459,1.792358286962));
#1776 = CARTESIAN_POINT('',(4.96673547043,2.059682802533));
#1777 = CARTESIAN_POINT('',(4.976640018318,2.206877658457));
#1778 = CARTESIAN_POINT('',(4.985754435189,2.356325694121));
#1779 = CARTESIAN_POINT('',(4.99415679345,2.507521366736));
#1780 = CARTESIAN_POINT('',(5.001913617849,2.660084595011));
#1781 = CARTESIAN_POINT('',(5.009084144503,2.813743506365));
#1782 = CARTESIAN_POINT('',(5.024113137019,3.163865694146));
#1783 = CARTESIAN_POINT('',(5.031648116499,3.360820514886));
#1784 = CARTESIAN_POINT('',(5.038428085881,3.558806761842));
#1785 = CARTESIAN_POINT('',(5.044533610463,3.757530938915));
#1786 = CARTESIAN_POINT('',(5.050031362735,3.956776978261));
#1787 = CARTESIAN_POINT('',(5.054978788146,4.156394974115));
#1788 = CARTESIAN_POINT('',(5.066467102888,4.672953146839));
#1789 = CARTESIAN_POINT('',(5.072249482798,4.990246860444));
#1790 = CARTESIAN_POINT('',(5.076966408253,5.307787652456));
#1791 = CARTESIAN_POINT('',(5.080757324941,5.625306542763));
#1792 = CARTESIAN_POINT('',(5.083734486793,5.942623643638));
#1793 = CARTESIAN_POINT('',(5.085987800352,6.25964262862));
#1794 = CARTESIAN_POINT('',(5.089498436629,6.952985845576));
#1795 = CARTESIAN_POINT('',(5.090486253651,7.32911978265));
#1796 = CARTESIAN_POINT('',(5.090679242361,7.704655729787));
#1797 = CARTESIAN_POINT('',(5.090170286065,8.07953359124));
#1798 = CARTESIAN_POINT('',(5.089032212122,8.453719051103));
#1799 = CARTESIAN_POINT('',(5.087324252348,8.827202512321));
#1800 = CARTESIAN_POINT('',(5.08509347462,9.2));
#1801 = ( GEOMETRIC_REPRESENTATION_CONTEXT(2) 
PARAMETRIC_REPRESENTATION_CONTEXT() REPRESENTATION_CONTEXT('2D SPACE',''
  ) );
#1802 = PCURVE('',#748,#1803);
#1803 = DEFINITIONAL_REPRESENTATION('',(#1804),#1909);
#1804 = B_SPLINE_CURVE_WITH_KNOTS('',7,(#1805,#1806,#1807,#1808,#1809,
    #1810,#1811,#1812,#1813,#1814,#1815,#1816,#1817,#1818,#1819,#1820,
    #1821,#1822,#1823,#1824,#1825,#1826,#1827,#1828,#1829,#1830,#1831,
    #1832,#1833,#1834,#1835,#1836,#1837,#1838,#1839,#1840,#1841,#1842,
    #1843,#1844,#1845,#1846,#1847,#1848,#1849,#1850,#1851,#1852,#1853,
    #1854,#1855,#1856,#1857,#1858,#1859,#1860,#1861,#1862,#1863,#1864,
    #1865,#1866,#1867,#1868,#1869,#1870,#1871,#1872,#1873,#1874,#1875,
    #1876,#1877,#1878,#1879,#1880,#1881,#1882,#1883,#1884,#1885,#1886,
    #1887,#1888,#1889,#1890,#1891,#1892,#1893,#1894,#1895,#1896,#1897,
    #1898,#1899,#1900,#1901,#1902,#1903,#1904,#1905,#1906,#1907,#1908),
  .UNSPECIFIED.,.F.,.F.,(8,6,6,6,6,6,6,6,6,6,6,6,6,6,6,6,6,8),(0.,
    0.147652651969,0.270096854372,0.338921016842,0.394524716055,
    0.451876799901,0.470256478983,0.479987706305,0.500083038697,
    0.51616516152,0.523882741964,0.536910076498,0.565025771966,
    0.614462504621,0.672428287908,0.745745562195,0.861882025353,1.),
  .UNSPECIFIED.);
#1805 = CARTESIAN_POINT('',(1.600725088401,9.25106615556));
#1806 = CARTESIAN_POINT('',(1.638142055576,8.881502882521));
#1807 = CARTESIAN_POINT('',(1.676160024478,8.513145150287));
#1808 = CARTESIAN_POINT('',(1.714912455364,8.146142166555));
#1809 = CARTESIAN_POINT('',(1.754548195698,7.78069987734));
#1810 = CARTESIAN_POINT('',(1.795242622812,7.417084931766));
#1811 = CARTESIAN_POINT('',(1.837207346159,7.055629013366));
#1812 = CARTESIAN_POINT('',(1.916824866256,6.399121587891));
#1813 = CARTESIAN_POINT('',(1.953983508854,6.103327082723));
#1814 = CARTESIAN_POINT('',(1.99237803788,5.80953766043));
#1815 = CARTESIAN_POINT('',(2.03220452663,5.518056641192));
#1816 = CARTESIAN_POINT('',(2.073706194487,5.229316212418));
#1817 = CARTESIAN_POINT('',(2.117182838656,4.943877886586));
#1818 = CARTESIAN_POINT('',(2.18889519637,4.504283224224));
#1819 = CARTESIAN_POINT('',(2.21546302034,4.347403996596));
#1820 = CARTESIAN_POINT('',(2.242875980414,4.191943769247));
#1821 = CARTESIAN_POINT('',(2.271226963571,4.038075800437));
#1822 = CARTESIAN_POINT('',(2.30062146411,3.886026297537));
#1823 = CARTESIAN_POINT('',(2.331187695071,3.736077928059));
#1824 = CARTESIAN_POINT('',(2.388874113376,3.469412163196));
#1825 = CARTESIAN_POINT('',(2.415520778465,3.351880551732));
#1826 = CARTESIAN_POINT('',(2.443129188307,3.236139778007));
#1827 = CARTESIAN_POINT('',(2.471802051938,3.122435326258));
#1828 = CARTESIAN_POINT('',(2.50165118635,3.011095504657));
#1829 = CARTESIAN_POINT('',(2.532809244202,2.902536930765));
#1830 = CARTESIAN_POINT('',(2.599123344088,2.68871741469));
#1831 = CARTESIAN_POINT('',(2.634325514469,2.583825165935));
#1832 = CARTESIAN_POINT('',(2.671297794693,2.482997276032));
#1833 = CARTESIAN_POINT('',(2.710248981355,2.387071273138));
#1834 = CARTESIAN_POINT('',(2.751365768437,2.297294834428));
#1835 = CARTESIAN_POINT('',(2.794807754607,2.215235219908));
#1836 = CARTESIAN_POINT('',(2.855477775996,2.119637113477));
#1837 = CARTESIAN_POINT('',(2.870451294012,2.097440901944));
#1838 = CARTESIAN_POINT('',(2.88567510459,2.076318333455));
#1839 = CARTESIAN_POINT('',(2.901147612951,2.056344524561));
#1840 = CARTESIAN_POINT('',(2.916864082017,2.03759855614));
#1841 = CARTESIAN_POINT('',(2.932816137335,2.02016104524));
#1842 = CARTESIAN_POINT('',(2.957555290537,1.995614307253));
#1843 = CARTESIAN_POINT('',(2.966181743526,1.987506017432));
#1844 = CARTESIAN_POINT('',(2.974868685739,1.979798943082));
#1845 = CARTESIAN_POINT('',(2.983613792002,1.972504792299));
#1846 = CARTESIAN_POINT('',(2.992414357199,1.965634885637));
#1847 = CARTESIAN_POINT('',(3.001267296269,1.959200156103));
#1848 = CARTESIAN_POINT('',(3.028551778508,1.940843635672));
#1849 = CARTESIAN_POINT('',(3.047145666178,1.930374754419));
#1850 = CARTESIAN_POINT('',(3.065915994123,1.921898735218));
#1851 = CARTESIAN_POINT('',(3.084824766189,1.915493106587));
#1852 = CARTESIAN_POINT('',(3.103829985506,1.911214007962));
#1853 = CARTESIAN_POINT('',(3.122884836844,1.909091501903));
#1854 = CARTESIAN_POINT('',(3.157184047475,1.909151603562));
#1855 = CARTESIAN_POINT('',(3.172431652971,1.910559049607));
#1856 = CARTESIAN_POINT('',(3.187653477383,1.913347212167));
#1857 = CARTESIAN_POINT('',(3.202825264139,1.917503658755));
#1858 = CARTESIAN_POINT('',(3.217924448283,1.923004877611));
#1859 = CARTESIAN_POINT('',(3.232929896605,1.929817618648));
#1860 = CARTESIAN_POINT('',(3.254967985904,1.941778965948));
#1861 = CARTESIAN_POINT('',(3.262088361513,1.94595028112));
#1862 = CARTESIAN_POINT('',(3.269180730856,1.950409609219));
#1863 = CARTESIAN_POINT('',(3.276243200871,1.955152104471));
#1864 = CARTESIAN_POINT('',(3.283274029179,1.960172646025));
#1865 = CARTESIAN_POINT('',(3.290271624079,1.965465837952));
#1866 = CARTESIAN_POINT('',(3.308988007309,1.9804116207));
#1867 = CARTESIAN_POINT('',(3.320642679097,1.990558066148));
#1868 = CARTESIAN_POINT('',(3.332191668213,2.001438416521));
#1869 = CARTESIAN_POINT('',(3.343629396554,2.013024480432));
#1870 = CARTESIAN_POINT('',(3.354951477592,2.025287445992));
#1871 = CARTESIAN_POINT('',(3.366154594361,2.03819852262));
#1872 = CARTESIAN_POINT('',(3.401153168498,2.080932423089));
#1873 = CARTESIAN_POINT('',(3.424501073809,2.113018485478));
#1874 = CARTESIAN_POINT('',(3.44726286811,2.147710299049));
#1875 = CARTESIAN_POINT('',(3.469435333479,2.184741124358));
#1876 = CARTESIAN_POINT('',(3.491025888589,2.223867337265));
#1877 = CARTESIAN_POINT('',(3.512050668224,2.264877877268));
#1878 = CARTESIAN_POINT('',(3.568550648099,2.382721781456));
#1879 = CARTESIAN_POINT('',(3.602866712326,2.463080672357));
#1880 = CARTESIAN_POINT('',(3.635637231142,2.547771268804));
#1881 = CARTESIAN_POINT('',(3.666987549947,2.636062422926));
#1882 = CARTESIAN_POINT('',(3.697035954875,2.727376329798));
#1883 = CARTESIAN_POINT('',(3.725904144285,2.821288811324));
#1884 = CARTESIAN_POINT('',(3.786325195382,3.030421991777));
#1885 = CARTESIAN_POINT('',(3.817456552951,3.146433936268));
#1886 = CARTESIAN_POINT('',(3.847290234278,3.265097261638));
#1887 = CARTESIAN_POINT('',(3.875961159521,3.386020664726));
#1888 = CARTESIAN_POINT('',(3.903582038859,3.508895578699));
#1889 = CARTESIAN_POINT('',(3.930255252221,3.633490810912));
#1890 = CARTESIAN_POINT('',(3.98872862687,3.91923873656));
#1891 = CARTESIAN_POINT('',(4.020004892412,4.081279442646));
#1892 = CARTESIAN_POINT('',(4.050081713655,4.245429503503));
#1893 = CARTESIAN_POINT('',(4.079094146279,4.411403937225));
#1894 = CARTESIAN_POINT('',(4.107152750353,4.578974863127));
#1895 = CARTESIAN_POINT('',(4.134354405056,4.747967956167));
#1896 = CARTESIAN_POINT('',(4.202648493462,5.188016820804));
#1897 = CARTESIAN_POINT('',(4.242565266576,5.460971622404));
#1898 = CARTESIAN_POINT('',(4.280866912388,5.736606472368));
#1899 = CARTESIAN_POINT('',(4.317784693634,6.014505556779));
#1900 = CARTESIAN_POINT('',(4.353507131002,6.294342322818));
#1901 = CARTESIAN_POINT('',(4.388189257344,6.575877535712));
#1902 = CARTESIAN_POINT('',(4.462136199454,7.195610782866));
#1903 = CARTESIAN_POINT('',(4.501019778071,7.534395739946));
#1904 = CARTESIAN_POINT('',(4.5388381561,7.874996461472));
#1905 = CARTESIAN_POINT('',(4.575760415021,8.217153698434));
#1906 = CARTESIAN_POINT('',(4.611925734287,8.560655925874));
#1907 = CARTESIAN_POINT('',(4.647456205456,8.905335362564));
#1908 = CARTESIAN_POINT('',(4.682460218778,9.25106615556));
#1909 = ( GEOMETRIC_REPRESENTATION_CONTEXT(2) 
PARAMETRIC_REPRESENTATION_CONTEXT() REPRESENTATION_CONTEXT('2D SPACE',''
  ) );
#1910 = ORIENTED_EDGE('',*,*,#787,.F.);
#1911 = ORIENTED_EDGE('',*,*,#868,.F.);
#1912 = ORIENTED_EDGE('',*,*,#205,.F.);
#1913 = ORIENTED_EDGE('',*,*,#1914,.F.);
#1914 = EDGE_CURVE('',#235,#206,#1915,.T.);
#1915 = SURFACE_CURVE('',#1916,(#2021,#2129),.PCURVE_S1.);
#1916 = B_SPLINE_CURVE_WITH_KNOTS('',7,(#1917,#1918,#1919,#1920,#1921,
    #1922,#1923,#1924,#1925,#1926,#1927,#1928,#1929,#1930,#1931,#1932,
    #1933,#1934,#1935,#1936,#1937,#1938,#1939,#1940,#1941,#1942,#1943,
    #1944,#1945,#1946,#1947,#1948,#1949,#1950,#1951,#1952,#1953,#1954,
    #1955,#1956,#1957,#1958,#1959,#1960,#1961,#1962,#1963,#1964,#1965,
    #1966,#1967,#1968,#1969,#1970,#1971,#1972,#1973,#1974,#1975,#1976,
    #1977,#1978,#1979,#1980,#1981,#1982,#1983,#1984,#1985,#1986,#1987,
    #1988,#1989,#1990,#1991,#1992,#1993,#1994,#1995,#1996,#1997,#1998,
    #1999,#2000,#2001,#2002,#2003,#2004,#2005,#2006,#2007,#2008,#2009,
    #2010,#2011,#2012,#2013,#2014,#2015,#2016,#2017,#2018,#2019,#2020),
  .UNSPECIFIED.,.F.,.F.,(8,6,6,6,6,6,6,6,6,6,6,6,6,6,6,6,6,8),(0.,
    0.148544272084,0.270602814666,0.339284234908,0.394826139712,
    0.451894083292,0.470170977643,0.479954815311,0.499886641519,
    0.516626491859,0.524240576754,0.537193512654,0.565050077975,
    0.614283707022,0.672221854251,0.745597302128,0.861780350414,1.),
  .UNSPECIFIED.);
#1917 = CARTESIAN_POINT('',(10.290767456214,-8.226715379486,
    3.19210120378));
#1918 = CARTESIAN_POINT('',(10.235768107199,-8.142267514804,
    3.593003381052));
#1919 = CARTESIAN_POINT('',(10.175243345243,-8.064287069995,
    3.994693743634));
#1920 = CARTESIAN_POINT('',(10.108919803663,-7.993238692364,
    4.397197559058));
#1921 = CARTESIAN_POINT('',(10.036415474391,-7.929704447792,
    4.800503636842));
#1922 = CARTESIAN_POINT('',(9.957198613218,-7.874413830462,
    5.204563538016));
#1923 = CARTESIAN_POINT('',(9.870547308267,-7.828275450594,5.60929182347
    ));
#1924 = CARTESIAN_POINT('',(9.697127498898,-7.76310532181,6.347566087151
    ));
#1925 = CARTESIAN_POINT('',(9.613150278727,-7.740712888581,
    6.680871573219));
#1926 = CARTESIAN_POINT('',(9.52279132574,-7.725987647951,7.014457169762
    ));
#1927 = CARTESIAN_POINT('',(9.425270666624,-7.719741907888,
    7.348190979497));
#1928 = CARTESIAN_POINT('',(9.319559093184,-7.722986362814,
    7.681813089077));
#1929 = CARTESIAN_POINT('',(9.204327348848,-7.73695103695,8.014928910092
    ));
#1930 = CARTESIAN_POINT('',(9.006107461577,-7.77815454985,8.533766999734
    ));
#1931 = CARTESIAN_POINT('',(8.931068331801,-7.796915427566,
    8.720206673814));
#1932 = CARTESIAN_POINT('',(8.851991899047,-7.819897864722,8.90616794051
    ));
#1933 = CARTESIAN_POINT('',(8.768437937672,-7.847445358975,
    9.091489576641));
#1934 = CARTESIAN_POINT('',(8.679891614957,-7.87994659877,9.275942799418
    ));
#1935 = CARTESIAN_POINT('',(8.585717583977,-7.917852719735,9.45921996398
    ));
#1936 = CARTESIAN_POINT('',(8.403687371867,-7.997182197598,
    9.787847542212));
#1937 = CARTESIAN_POINT('',(8.318093276336,-8.03653494076,9.933700928429
    ));
#1938 = CARTESIAN_POINT('',(8.227837448564,-8.080064111677,
    10.078291232602));
#1939 = CARTESIAN_POINT('',(8.132400122895,-8.128098062158,
    10.221317629921));
#1940 = CARTESIAN_POINT('',(8.031196470626,-8.180989700675,
    10.362361356221));
#1941 = CARTESIAN_POINT('',(7.923529009625,-8.239129279126,
    10.500867861271));
#1942 = CARTESIAN_POINT('',(7.690297322576,-8.368586689827,
    10.775069855817));
#1943 = CARTESIAN_POINT('',(7.564491583254,-8.44012892482,10.91038433946
    ));
#1944 = CARTESIAN_POINT('',(7.429954329258,-8.518180613682,
    11.041488922595));
#1945 = CARTESIAN_POINT('',(7.285591845627,-8.603268472436,
    11.167224137679));
#1946 = CARTESIAN_POINT('',(7.130343313683,-8.695809913222,
    11.285838707836));
#1947 = CARTESIAN_POINT('',(6.963262794063,-8.795994652381,
    11.395053098717));
#1948 = CARTESIAN_POINT('',(6.725905216846,-8.938382163178,
    11.523065854223));
#1949 = CARTESIAN_POINT('',(6.667055617991,-8.973689758757,
    11.552845259844));
#1950 = CARTESIAN_POINT('',(6.6069244081,-9.009754369634,11.581251199725
    ));
#1951 = CARTESIAN_POINT('',(6.545514438945,-9.046556463491,
    11.608174282421));
#1952 = CARTESIAN_POINT('',(6.482843742479,-9.084066554108,
    11.633499184536));
#1953 = CARTESIAN_POINT('',(6.41894845381,-9.122244077264,
    11.657108137393));
#1954 = CARTESIAN_POINT('',(6.319056891018,-9.181802184318,
    11.69054151192));
#1955 = CARTESIAN_POINT('',(6.283893923358,-9.202744028898,
    11.701673491173));
#1956 = CARTESIAN_POINT('',(6.248405924701,-9.223853468448,
    11.712262056963));
#1957 = CARTESIAN_POINT('',(6.212603994612,-9.24512110198,
    11.722289491961));
#1958 = CARTESIAN_POINT('',(6.176501238723,-9.266536459448,
    11.731738656017));
#1959 = CARTESIAN_POINT('',(6.140112768733,-9.288088001743,
    11.740592986155));
#1960 = CARTESIAN_POINT('',(6.028777207119,-9.353920098647,
    11.76563033788));
#1961 = CARTESIAN_POINT('',(5.952973593906,-9.398596239479,
    11.779891972323));
#1962 = CARTESIAN_POINT('',(5.876206208731,-9.443675445405,
    11.791484687066));
#1963 = CARTESIAN_POINT('',(5.798658055132,-9.489032744728,
    11.800295368202));
#1964 = CARTESIAN_POINT('',(5.72053555407,-9.534534691599,
    11.806241462004));
#1965 = CARTESIAN_POINT('',(5.642070303778,-9.580039765782,
    11.809277936183));
#1966 = CARTESIAN_POINT('',(5.497550653996,-9.663493775555,
    11.809510319029));
#1967 = CARTESIAN_POINT('',(5.431510687373,-9.701491728414,
    11.807563755132));
#1968 = CARTESIAN_POINT('',(5.365551489278,-9.739305474781,
    11.80356350663));
#1969 = CARTESIAN_POINT('',(5.299815446681,-9.776856414663,
    11.797530439639));
#1970 = CARTESIAN_POINT('',(5.234436892293,-9.814073930066,
    11.78950479927));
#1971 = CARTESIAN_POINT('',(5.169542212883,-9.850894810786,
    11.779543679695));
#1972 = CARTESIAN_POINT('',(5.076006763665,-9.903804527316,
    11.76233983405));
#1973 = CARTESIAN_POINT('',(5.046887199554,-9.920253208338,
    11.756575303673));
#1974 = CARTESIAN_POINT('',(5.017901743691,-9.936603811327,
    11.750431567313));
#1975 = CARTESIAN_POINT('',(4.989060176915,-9.952851888203,
    11.743915660568));
#1976 = CARTESIAN_POINT('',(4.96037158248,-9.968993454745,
    11.737034990408));
#1977 = CARTESIAN_POINT('',(4.931844346053,-9.985024990589,
    11.729797335169));
#1978 = CARTESIAN_POINT('',(4.855243743544,-10.02802360023,
    11.709304851529));
#1979 = CARTESIAN_POINT('',(4.80749051352,-10.05477648044,
    11.695389169333));
#1980 = CARTESIAN_POINT('',(4.760264121004,-10.08118706127,
    11.680503425443));
#1981 = CARTESIAN_POINT('',(4.71359590789,-10.10724424161,
    11.664688972372));
#1982 = CARTESIAN_POINT('',(4.667511394657,-10.1329403852,
    11.647987959911));
#1983 = CARTESIAN_POINT('',(4.62203077243,-10.15827086801,11.63044240737
    ));
#1984 = CARTESIAN_POINT('',(4.4806905813,-10.23691849602,11.572631659874
    ));
#1985 = CARTESIAN_POINT('',(4.387090342441,-10.28889453751,
    11.529459399645));
#1986 = CARTESIAN_POINT('',(4.29649592062,-10.33915565827,11.48297711118
    ));
#1987 = CARTESIAN_POINT('',(4.208958546167,-10.38773553133,
    11.433568357965));
#1988 = CARTESIAN_POINT('',(4.124469868484,-10.43469381676,
    11.381581320918));
#1989 = CARTESIAN_POINT('',(4.042974453206,-10.4801077712,
    11.327316292451));
#1990 = CARTESIAN_POINT('',(3.825467766973,-10.60176665119,
    11.171519280738));
#1991 = CARTESIAN_POINT('',(3.695714911689,-10.67487026091,
    11.065744577319));
#1992 = CARTESIAN_POINT('',(3.574508108857,-10.74393781224,
    10.955011881703));
#1993 = CARTESIAN_POINT('',(3.461275948101,-10.80943374517,
    10.840362431617));
#1994 = CARTESIAN_POINT('',(3.355438757015,-10.87177024173,
    10.722598747844));
#1995 = CARTESIAN_POINT('',(3.25640128709,-10.93133050045,
    10.602298065458));
#1996 = CARTESIAN_POINT('',(3.054362270135,-11.05572101826,
    10.335648933336));
#1997 = CARTESIAN_POINT('',(2.95383993399,-11.11956919881,
    10.188569283618));
#1998 = CARTESIAN_POINT('',(2.861129578131,-11.18056781115,
    10.039229999611));
#1999 = CARTESIAN_POINT('',(2.77552173162,-11.23911957008,9.888137962139
    ));
#2000 = CARTESIAN_POINT('',(2.696405929672,-11.29554590964,
    9.735674256705));
#2001 = CARTESIAN_POINT('',(2.623233173853,-11.35012279906,
    9.582111465912));
#2002 = CARTESIAN_POINT('',(2.469770455912,-11.47016400539,
    9.231951840835));
#2003 = CARTESIAN_POINT('',(2.392807188566,-11.53463230849,
    9.034858274268));
#2004 = CARTESIAN_POINT('',(2.323667186641,-11.59695888867,
    8.836727532045));
#2005 = CARTESIAN_POINT('',(2.261592654372,-11.65747298534,8.63785483359
    ));
#2006 = CARTESIAN_POINT('',(2.205952760535,-11.71642648864,
    8.438457441878));
#2007 = CARTESIAN_POINT('',(2.156201472837,-11.77402749547,
    8.238686023295));
#2008 = CARTESIAN_POINT('',(2.041685335691,-11.91978289714,
    7.721851120708));
#2009 = CARTESIAN_POINT('',(1.985111360566,-12.00613552485,
    7.404432512001));
#2010 = CARTESIAN_POINT('',(1.940299431474,-12.09017761248,
    7.086764904232));
#2011 = CARTESIAN_POINT('',(1.90591517817,-12.17230209149,6.769118181523
    ));
#2012 = CARTESIAN_POINT('',(1.880881013805,-12.25279144936,
    6.451672814087));
#2013 = CARTESIAN_POINT('',(1.864333125999,-12.33184671019,
    6.134525403104));
#2014 = CARTESIAN_POINT('',(1.845128607519,-12.5021536669,5.440774509507
    ));
#2015 = CARTESIAN_POINT('',(1.845703428213,-12.59286043501,
    5.064361835573));
#2016 = CARTESIAN_POINT('',(1.856093067449,-12.68199248985,
    4.688547848225));
#2017 = CARTESIAN_POINT('',(1.87540850096,-12.76967913106,4.313392857927
    ));
#2018 = CARTESIAN_POINT('',(1.902956691238,-12.8559869221,3.938931294888
    ));
#2019 = CARTESIAN_POINT('',(1.938180394945,-12.94094873243,
    3.565172777454));
#2020 = CARTESIAN_POINT('',(1.980646784849,-13.02456578609,3.19210120378
    ));
#2021 = PCURVE('',#222,#2022);
#2022 = DEFINITIONAL_REPRESENTATION('',(#2023),#2128);
#2023 = B_SPLINE_CURVE_WITH_KNOTS('',7,(#2024,#2025,#2026,#2027,#2028,
    #2029,#2030,#2031,#2032,#2033,#2034,#2035,#2036,#2037,#2038,#2039,
    #2040,#2041,#2042,#2043,#2044,#2045,#2046,#2047,#2048,#2049,#2050,
    #2051,#2052,#2053,#2054,#2055,#2056,#2057,#2058,#2059,#2060,#2061,
    #2062,#2063,#2064,#2065,#2066,#2067,#2068,#2069,#2070,#2071,#2072,
    #2073,#2074,#2075,#2076,#2077,#2078,#2079,#2080,#2081,#2082,#2083,
    #2084,#2085,#2086,#2087,#2088,#2089,#2090,#2091,#2092,#2093,#2094,
    #2095,#2096,#2097,#2098,#2099,#2100,#2101,#2102,#2103,#2104,#2105,
    #2106,#2107,#2108,#2109,#2110,#2111,#2112,#2113,#2114,#2115,#2116,
    #2117,#2118,#2119,#2120,#2121,#2122,#2123,#2124,#2125,#2126,#2127),
  .UNSPECIFIED.,.F.,.F.,(8,6,6,6,6,6,6,6,6,6,6,6,6,6,6,6,6,8),(0.,
    0.148544272084,0.270602814666,0.339284234908,0.394826139712,
    0.451894083292,0.470170977643,0.479954815311,0.499886641519,
    0.516626491859,0.524240576754,0.537193512654,0.565050077975,
    0.614283707022,0.672221854251,0.745597302128,0.861780350414,1.),
  .UNSPECIFIED.);
#2024 = CARTESIAN_POINT('',(2.245289383756,9.2));
#2025 = CARTESIAN_POINT('',(2.242890430765,8.799097822727));
#2026 = CARTESIAN_POINT('',(2.24109607405,8.397407460146));
#2027 = CARTESIAN_POINT('',(2.239965102769,7.994903644722));
#2028 = CARTESIAN_POINT('',(2.239571492863,7.591597566937));
#2029 = CARTESIAN_POINT('',(2.240009669205,7.187537665763));
#2030 = CARTESIAN_POINT('',(2.241399741048,6.782809380309));
#2031 = CARTESIAN_POINT('',(2.245971573497,6.044535116629));
#2032 = CARTESIAN_POINT('',(2.248789252117,5.71122963056));
#2033 = CARTESIAN_POINT('',(2.252455519077,5.377644034019));
#2034 = CARTESIAN_POINT('',(2.257084403104,5.043910224282));
#2035 = CARTESIAN_POINT('',(2.262821116989,4.710288114704));
#2036 = CARTESIAN_POINT('',(2.269847157394,4.377172293687));
#2037 = CARTESIAN_POINT('',(2.283254698345,3.858334204046));
#2038 = CARTESIAN_POINT('',(2.288573572017,3.671894529965));
#2039 = CARTESIAN_POINT('',(2.294430452053,3.48593326327));
#2040 = CARTESIAN_POINT('',(2.300880207979,3.300611627139));
#2041 = CARTESIAN_POINT('',(2.307986146903,3.116158404362));
#2042 = CARTESIAN_POINT('',(2.315824252093,2.9328812398));
#2043 = CARTESIAN_POINT('',(2.331500042986,2.604253661567));
#2044 = CARTESIAN_POINT('',(2.339048881075,2.458400275351));
#2045 = CARTESIAN_POINT('',(2.347189584299,2.313809971178));
#2046 = CARTESIAN_POINT('',(2.35598122982,2.170783573859));
#2047 = CARTESIAN_POINT('',(2.365489468921,2.029739847558));
#2048 = CARTESIAN_POINT('',(2.375790495945,1.891233342509));
#2049 = CARTESIAN_POINT('',(2.398476144048,1.617031347962));
#2050 = CARTESIAN_POINT('',(2.410893807187,1.481716864319));
#2051 = CARTESIAN_POINT('',(2.424348798221,1.350612281185));
#2052 = CARTESIAN_POINT('',(2.438954979405,1.2248770661));
#2053 = CARTESIAN_POINT('',(2.454818702732,1.106262495944));
#2054 = CARTESIAN_POINT('',(2.472024378051,0.997048105063));
#2055 = CARTESIAN_POINT('',(2.496598043943,0.869035349557));
#2056 = CARTESIAN_POINT('',(2.502700206675,0.839255943936));
#2057 = CARTESIAN_POINT('',(2.508943684016,0.810850004055));
#2058 = CARTESIAN_POINT('',(2.515327209972,0.783926921359));
#2059 = CARTESIAN_POINT('',(2.521847810095,0.758602019244));
#2060 = CARTESIAN_POINT('',(2.528500507137,0.734993066387));
#2061 = CARTESIAN_POINT('',(2.53890611306,0.70155969186));
#2062 = CARTESIAN_POINT('',(2.542569927036,0.690427712606));
#2063 = CARTESIAN_POINT('',(2.546268317335,0.679839146817));
#2064 = CARTESIAN_POINT('',(2.549999919284,0.669811711818));
#2065 = CARTESIAN_POINT('',(2.553763154831,0.660362547763));
#2066 = CARTESIAN_POINT('',(2.557556232542,0.651508217624));
#2067 = CARTESIAN_POINT('',(2.569161190784,0.6264708659));
#2068 = CARTESIAN_POINT('',(2.577061852677,0.612209231457));
#2069 = CARTESIAN_POINT('',(2.585060475767,0.600616516713));
#2070 = CARTESIAN_POINT('',(2.593136137792,0.591805835577));
#2071 = CARTESIAN_POINT('',(2.601265586806,0.585859741776));
#2072 = CARTESIAN_POINT('',(2.609423176244,0.582823267597));
#2073 = CARTESIAN_POINT('',(2.624432023714,0.58259088475));
#2074 = CARTESIAN_POINT('',(2.631284350844,0.584537448648));
#2075 = CARTESIAN_POINT('',(2.638121391571,0.58853769715));
#2076 = CARTESIAN_POINT('',(2.644927780239,0.594570764141));
#2077 = CARTESIAN_POINT('',(2.651689166106,0.60259640451));
#2078 = CARTESIAN_POINT('',(2.658392204098,0.612557524085));
#2079 = CARTESIAN_POINT('',(2.66804125181,0.629761369729));
#2080 = CARTESIAN_POINT('',(2.671043434849,0.635525900106));
#2081 = CARTESIAN_POINT('',(2.674030002516,0.641669636467));
#2082 = CARTESIAN_POINT('',(2.67699994108,0.648185543212));
#2083 = CARTESIAN_POINT('',(2.679952315246,0.655066213372));
#2084 = CARTESIAN_POINT('',(2.682886268152,0.66230386861));
#2085 = CARTESIAN_POINT('',(2.69075954393,0.68279635225));
#2086 = CARTESIAN_POINT('',(2.695662505449,0.696712034447));
#2087 = CARTESIAN_POINT('',(2.700506090083,0.711597778337));
#2088 = CARTESIAN_POINT('',(2.705287178797,0.727412231408));
#2089 = CARTESIAN_POINT('',(2.710003289015,0.744113243869));
#2090 = CARTESIAN_POINT('',(2.714652514269,0.761658796409));
#2091 = CARTESIAN_POINT('',(2.729085247409,0.819469543905));
#2092 = CARTESIAN_POINT('',(2.738619768141,0.862641804135));
#2093 = CARTESIAN_POINT('',(2.747825811393,0.9091240926));
#2094 = CARTESIAN_POINT('',(2.75670036454,0.958532845814));
#2095 = CARTESIAN_POINT('',(2.765246603147,1.010519882861));
#2096 = CARTESIAN_POINT('',(2.773472404891,1.064784911328));
#2097 = CARTESIAN_POINT('',(2.795381854494,1.220581923042));
#2098 = CARTESIAN_POINT('',(2.808399479356,1.32635662646));
#2099 = CARTESIAN_POINT('',(2.820515925498,1.437089322077));
#2100 = CARTESIAN_POINT('',(2.831799140528,1.551738772162));
#2101 = CARTESIAN_POINT('',(2.842316037531,1.669502455936));
#2102 = CARTESIAN_POINT('',(2.852133327805,1.789803138322));
#2103 = CARTESIAN_POINT('',(2.872118924835,2.056452270443));
#2104 = CARTESIAN_POINT('',(2.882034081506,2.203531920161));
#2105 = CARTESIAN_POINT('',(2.89115854875,2.352871204169));
#2106 = CARTESIAN_POINT('',(2.899570441158,2.503963241641));
#2107 = CARTESIAN_POINT('',(2.907336328285,2.656426947074));
#2108 = CARTESIAN_POINT('',(2.914515495572,2.809989737868));
#2109 = CARTESIAN_POINT('',(2.929573889469,3.160149362945));
#2110 = CARTESIAN_POINT('',(2.937127205807,3.357242929512));
#2111 = CARTESIAN_POINT('',(2.943923199931,3.555373671735));
#2112 = CARTESIAN_POINT('',(2.950042781642,3.75424637019));
#2113 = CARTESIAN_POINT('',(2.955552894214,3.953643761902));
#2114 = CARTESIAN_POINT('',(2.960511212426,4.153415180485));
#2115 = CARTESIAN_POINT('',(2.97202159259,4.670250083072));
#2116 = CARTESIAN_POINT('',(2.977814185883,4.987668691779));
#2117 = CARTESIAN_POINT('',(2.982539588952,5.305336299548));
#2118 = CARTESIAN_POINT('',(2.986337563429,5.622983022256));
#2119 = CARTESIAN_POINT('',(2.989320610298,5.940428389693));
#2120 = CARTESIAN_POINT('',(2.99157882019,6.257575800676));
#2121 = CARTESIAN_POINT('',(2.99509897059,6.951326694273));
#2122 = CARTESIAN_POINT('',(2.996090437797,7.327739368206));
#2123 = CARTESIAN_POINT('',(2.996285634735,7.703553355554));
#2124 = CARTESIAN_POINT('',(2.995777692913,8.078708345853));
#2125 = CARTESIAN_POINT('',(2.994639620477,8.453169908892));
#2126 = CARTESIAN_POINT('',(2.992930790054,8.826928426325));
#2127 = CARTESIAN_POINT('',(2.990698372227,9.2));
#2128 = ( GEOMETRIC_REPRESENTATION_CONTEXT(2) 
PARAMETRIC_REPRESENTATION_CONTEXT() REPRESENTATION_CONTEXT('2D SPACE',''
  ) );
#2129 = PCURVE('',#251,#2130);
#2130 = DEFINITIONAL_REPRESENTATION('',(#2131),#2236);
#2131 = B_SPLINE_CURVE_WITH_KNOTS('',7,(#2132,#2133,#2134,#2135,#2136,
    #2137,#2138,#2139,#2140,#2141,#2142,#2143,#2144,#2145,#2146,#2147,
    #2148,#2149,#2150,#2151,#2152,#2153,#2154,#2155,#2156,#2157,#2158,
    #2159,#2160,#2161,#2162,#2163,#2164,#2165,#2166,#2167,#2168,#2169,
    #2170,#2171,#2172,#2173,#2174,#2175,#2176,#2177,#2178,#2179,#2180,
    #2181,#2182,#2183,#2184,#2185,#2186,#2187,#2188,#2189,#2190,#2191,
    #2192,#2193,#2194,#2195,#2196,#2197,#2198,#2199,#2200,#2201,#2202,
    #2203,#2204,#2205,#2206,#2207,#2208,#2209,#2210,#2211,#2212,#2213,
    #2214,#2215,#2216,#2217,#2218,#2219,#2220,#2221,#2222,#2223,#2224,
    #2225,#2226,#2227,#2228,#2229,#2230,#2231,#2232,#2233,#2234,#2235),
  .UNSPECIFIED.,.F.,.F.,(8,6,6,6,6,6,6,6,6,6,6,6,6,6,6,6,6,8),(0.,
    0.148544272084,0.270602814666,0.339284234908,0.394826139712,
    0.451894083292,0.470170977643,0.479954815311,0.499886641519,
    0.516626491859,0.524240576754,0.537193512654,0.565050077975,
    0.614283707022,0.672221854251,0.745597302128,0.861780350414,1.),
  .UNSPECIFIED.);
#2132 = CARTESIAN_POINT('',(1.184313007072,9.25106615556));
#2133 = CARTESIAN_POINT('',(1.22195592479,8.879271193836));
#2134 = CARTESIAN_POINT('',(1.260207077545,8.50869683485));
#2135 = CARTESIAN_POINT('',(1.299202408817,8.13949451959));
#2136 = CARTESIAN_POINT('',(1.339093584589,7.771874064286));
#2137 = CARTESIAN_POINT('',(1.380059526258,7.40610776386));
#2138 = CARTESIAN_POINT('',(1.42231632084,7.042534846882));
#2139 = CARTESIAN_POINT('',(1.502186666932,6.384969615716));
#2140 = CARTESIAN_POINT('',(1.539277569747,6.090187837196));
#2141 = CARTESIAN_POINT('',(1.577602953062,5.797408531377));
#2142 = CARTESIAN_POINT('',(1.617358211416,5.506934246651));
#2143 = CARTESIAN_POINT('',(1.658785654888,5.219195930721));
#2144 = CARTESIAN_POINT('',(1.70218392416,4.934753359092));
#2145 = CARTESIAN_POINT('',(1.773791974173,4.496530455853));
#2146 = CARTESIAN_POINT('',(1.80033975344,4.340035893404));
#2147 = CARTESIAN_POINT('',(1.827732267577,4.184960265288));
#2148 = CARTESIAN_POINT('',(1.856062274814,4.031476804807));
#2149 = CARTESIAN_POINT('',(1.885435105468,3.879811677053));
#2150 = CARTESIAN_POINT('',(1.915978750669,3.730247488947));
#2151 = CARTESIAN_POINT('',(1.973646948484,3.464161148432));
#2152 = CARTESIAN_POINT('',(2.000300059402,3.346828067622));
#2153 = CARTESIAN_POINT('',(2.027915876646,3.231289205637));
#2154 = CARTESIAN_POINT('',(2.056597198612,3.117790741921));
#2155 = CARTESIAN_POINT('',(2.08645589227,3.006661961814));
#2156 = CARTESIAN_POINT('',(2.117624629197,2.898320750684));
#2157 = CARTESIAN_POINT('',(2.183833143185,2.685375725656));
#2158 = CARTESIAN_POINT('',(2.218907779655,2.581111076671));
#2159 = CARTESIAN_POINT('',(2.255739172851,2.480888764138));
#2160 = CARTESIAN_POINT('',(2.294533250577,2.385538685729));
#2161 = CARTESIAN_POINT('',(2.335473882674,2.296293817797));
#2162 = CARTESIAN_POINT('',(2.378718182382,2.214701975382));
#2163 = CARTESIAN_POINT('',(2.439084101606,2.119616173009));
#2164 = CARTESIAN_POINT('',(2.453973924338,2.097544621651));
#2165 = CARTESIAN_POINT('',(2.469111235882,2.076534712252));
#2166 = CARTESIAN_POINT('',(2.484494471724,2.056660286998));
#2167 = CARTESIAN_POINT('',(2.500118996579,2.03799906999));
#2168 = CARTESIAN_POINT('',(2.515976623441,2.020630309966));
#2169 = CARTESIAN_POINT('',(2.540662148721,1.996068564988));
#2170 = CARTESIAN_POINT('',(2.54933236181,1.987897519157));
#2171 = CARTESIAN_POINT('',(2.558063808076,1.9801315844));
#2172 = CARTESIAN_POINT('',(2.56685413574,1.972782667058));
#2173 = CARTESIAN_POINT('',(2.575700605062,1.965862280952));
#2174 = CARTESIAN_POINT('',(2.584600088341,1.959381547383));
#2175 = CARTESIAN_POINT('',(2.611780110898,1.941066043127));
#2176 = CARTESIAN_POINT('',(2.630219149829,1.930648070795));
#2177 = CARTESIAN_POINT('',(2.648832342405,1.922189233635));
#2178 = CARTESIAN_POINT('',(2.667582715549,1.915765430088));
#2179 = CARTESIAN_POINT('',(2.686429378395,1.911431957044));
#2180 = CARTESIAN_POINT('',(2.705326733264,1.909218965345));
#2181 = CARTESIAN_POINT('',(2.740094393545,1.909049606576));
#2182 = CARTESIAN_POINT('',(2.755967294195,1.910468260477));
#2183 = CARTESIAN_POINT('',(2.771812698288,1.913383544258));
#2184 = CARTESIAN_POINT('',(2.787603242624,1.917781481552));
#2185 = CARTESIAN_POINT('',(2.803313573617,1.923635105567));
#2186 = CARTESIAN_POINT('',(2.818920029793,1.930906112305));
#2187 = CARTESIAN_POINT('',(2.841441502924,1.943476581773));
#2188 = CARTESIAN_POINT('',(2.848456821399,1.947690114562));
#2189 = CARTESIAN_POINT('',(2.855444350968,1.952182640409));
#2190 = CARTESIAN_POINT('',(2.862402306295,1.95694943712));
#2191 = CARTESIAN_POINT('',(2.869329045456,1.961985532032));
#2192 = CARTESIAN_POINT('',(2.876223069939,1.96728570201));
#2193 = CARTESIAN_POINT('',(2.894753048663,1.982300949332));
#2194 = CARTESIAN_POINT('',(2.90632447869,1.992505924568));
#2195 = CARTESIAN_POINT('',(2.917790681954,2.003432784551));
#2196 = CARTESIAN_POINT('',(2.929146299841,2.015053744852));
#2197 = CARTESIAN_POINT('',(2.940387130096,2.027340468102));
#2198 = CARTESIAN_POINT('',(2.951510009015,2.040264680876));
#2199 = CARTESIAN_POINT('',(2.98617505138,2.082905227426));
#2200 = CARTESIAN_POINT('',(3.009277942811,2.114828084341));
#2201 = CARTESIAN_POINT('',(3.03180530133,2.149297975353));
#2202 = CARTESIAN_POINT('',(3.053754387602,2.186056283683));
#2203 = CARTESIAN_POINT('',(3.075132624058,2.224866814439));
#2204 = CARTESIAN_POINT('',(3.095955784224,2.265524720509));
#2205 = CARTESIAN_POINT('',(3.152111133486,2.382690751411));
#2206 = CARTESIAN_POINT('',(3.186288633718,2.462711726948));
#2207 = CARTESIAN_POINT('',(3.218932893794,2.547030638933));
#2208 = CARTESIAN_POINT('',(3.250167776608,2.634924745234));
#2209 = CARTESIAN_POINT('',(3.28011023159,2.725822425677));
#2210 = CARTESIAN_POINT('',(3.308880552362,2.819303498642));
#2211 = CARTESIAN_POINT('',(3.369222020926,3.027879015388));
#2212 = CARTESIAN_POINT('',(3.400363789296,3.143783699821));
#2213 = CARTESIAN_POINT('',(3.430206821245,3.26234381634));
#2214 = CARTESIAN_POINT('',(3.458886126207,3.383167231553));
#2215 = CARTESIAN_POINT('',(3.486514499566,3.505944750232));
#2216 = CARTESIAN_POINT('',(3.513194418866,3.630444741211));
#2217 = CARTESIAN_POINT('',(3.571722938494,3.916183995635));
#2218 = CARTESIAN_POINT('',(3.60304367318,4.078318505779));
#2219 = CARTESIAN_POINT('',(3.633161183694,4.242569653854));
#2220 = CARTESIAN_POINT('',(3.662211105401,4.408651015633));
#2221 = CARTESIAN_POINT('',(3.690304444505,4.576333632566));
#2222 = CARTESIAN_POINT('',(3.717538471211,4.745442437485));
#2223 = CARTESIAN_POINT('',(3.785894528104,5.185693883221));
#2224 = CARTESIAN_POINT('',(3.825839289206,5.458738071189));
#2225 = CARTESIAN_POINT('',(3.86416615891,5.734467042959));
#2226 = CARTESIAN_POINT('',(3.901106908172,6.012463930284));
#2227 = CARTESIAN_POINT('',(3.936850460372,6.292401407645));
#2228 = CARTESIAN_POINT('',(3.971552155521,6.574039754461));
#2229 = CARTESIAN_POINT('',(4.045552592303,7.19411639973));
#2230 = CARTESIAN_POINT('',(4.084468676859,7.533143753541));
#2231 = CARTESIAN_POINT('',(4.122317498384,7.873990312432));
#2232 = CARTESIAN_POINT('',(4.159268572625,8.216396126296));
#2233 = CARTESIAN_POINT('',(4.195461410944,8.56014913601));
#2234 = CARTESIAN_POINT('',(4.231018388679,8.905081176386));
#2235 = CARTESIAN_POINT('',(4.266048137448,9.25106615556));
#2236 = ( GEOMETRIC_REPRESENTATION_CONTEXT(2) 
PARAMETRIC_REPRESENTATION_CONTEXT() REPRESENTATION_CONTEXT('2D SPACE',''
  ) );
#2237 = ORIENTED_EDGE('',*,*,#290,.F.);
#2238 = ORIENTED_EDGE('',*,*,#2239,.F.);
#2239 = EDGE_CURVE('',#2240,#291,#2242,.T.);
#2240 = VERTEX_POINT('',#2241);
#2241 = CARTESIAN_POINT('',(11.119086468203,1.715890331968E-03,
    11.809407438993));
#2242 = SURFACE_CURVE('',#2243,(#2288,#2336),.PCURVE_S1.);
#2243 = B_SPLINE_CURVE_WITH_KNOTS('',7,(#2244,#2245,#2246,#2247,#2248,
    #2249,#2250,#2251,#2252,#2253,#2254,#2255,#2256,#2257,#2258,#2259,
    #2260,#2261,#2262,#2263,#2264,#2265,#2266,#2267,#2268,#2269,#2270,
    #2271,#2272,#2273,#2274,#2275,#2276,#2277,#2278,#2279,#2280,#2281,
    #2282,#2283,#2284,#2285,#2286,#2287),.UNSPECIFIED.,.F.,.F.,(8,6,6,6,
    6,6,6,8),(0.,7.41092038561E-02,0.130181994952,0.229048703798,
    0.344864373545,0.491945232489,0.725230758044,1.),.UNSPECIFIED.);
#2244 = CARTESIAN_POINT('',(11.119086468203,1.715890331967E-03,
    11.809407438993));
#2245 = CARTESIAN_POINT('',(11.119086471871,-0.167033203016,
    11.80940740837));
#2246 = CARTESIAN_POINT('',(11.118502761465,-0.335836769481,
    11.799335466109));
#2247 = CARTESIAN_POINT('',(11.117334553038,-0.502633724665,
    11.779179805387));
#2248 = CARTESIAN_POINT('',(11.115661357603,-0.665882626801,
    11.749524678396));
#2249 = CARTESIAN_POINT('',(11.113622939258,-0.824425137596,
    11.711241851641));
#2250 = CARTESIAN_POINT('',(11.111371200498,-0.977430837541,
    11.665365157617));
#2251 = CARTESIAN_POINT('',(11.107291487307,-1.23550783989,
    11.573333457102));
#2252 = CARTESIAN_POINT('',(11.10549218565,-1.343280317166,
    11.529928614735));
#2253 = CARTESIAN_POINT('',(11.103710329773,-1.44754822839,
    11.483167885144));
#2254 = CARTESIAN_POINT('',(11.102001806353,-1.548283131869,
    11.433442471611));
#2255 = CARTESIAN_POINT('',(11.100415026034,-1.645522845284,
    11.381107330172));
#2256 = CARTESIAN_POINT('',(11.09898987145,-1.73935595065,
    11.326468262296));
#2257 = CARTESIAN_POINT('',(11.095589982942,-1.989580815321,
    11.169814442607));
#2258 = CARTESIAN_POINT('',(11.094027411443,-2.138945418277,
    11.063542320061));
#2259 = CARTESIAN_POINT('',(11.09325053587,-2.278826660793,
    10.952288159866));
#2260 = CARTESIAN_POINT('',(11.093376618799,-2.409960369131,
    10.837101919519));
#2261 = CARTESIAN_POINT('',(11.094472935013,-2.533062287506,
    10.718792038731));
#2262 = CARTESIAN_POINT('',(11.096573567575,-2.648846695047,
    10.597939248739));
#2263 = CARTESIAN_POINT('',(11.103365547889,-2.885864258066,
    10.330737857449));
#2264 = CARTESIAN_POINT('',(11.108436326696,-3.004529744138,
    10.183684071132));
#2265 = CARTESIAN_POINT('',(11.114943464668,-3.115035664239,
    10.034386192356));
#2266 = CARTESIAN_POINT('',(11.122880580556,-3.218193892826,
    9.883347150606));
#2267 = CARTESIAN_POINT('',(11.132220633455,-3.314690535666,
    9.730945193342));
#2268 = CARTESIAN_POINT('',(11.142928051609,-3.405135980453,
    9.577451011623));
#2269 = CARTESIAN_POINT('',(11.170257274823,-3.597916075203,
    9.226918058352));
#2270 = CARTESIAN_POINT('',(11.187690185912,-3.696833423844,
    9.029377693305));
#2271 = CARTESIAN_POINT('',(11.207187043802,-3.787888038973,
    8.830801810388));
#2272 = CARTESIAN_POINT('',(11.228653403394,-3.871903433653,
    8.631485940491));
#2273 = CARTESIAN_POINT('',(11.251991372055,-3.949553819387,
    8.431647482139));
#2274 = CARTESIAN_POINT('',(11.277107610347,-4.021417683039,
    8.231437097844));
#2275 = CARTESIAN_POINT('',(11.346441063734,-4.193566448694,
    7.712932092065));
#2276 = CARTESIAN_POINT('',(11.39321496616,-4.285797347,7.394283468498)
  );
#2277 = CARTESIAN_POINT('',(11.443891698973,-4.366632477144,
    7.07539047933));
#2278 = CARTESIAN_POINT('',(11.4981411762,-4.43743253314,6.756523789685)
  );
#2279 = CARTESIAN_POINT('',(11.555666581759,-4.499278342543,6.4378641706
    ));
#2280 = CARTESIAN_POINT('',(11.616207918908,-4.553022902989,6.1195080354
    ));
#2281 = CARTESIAN_POINT('',(11.75414344113,-4.653940079458,5.42688909077
    ));
#2282 = CARTESIAN_POINT('',(11.83260860273,-4.698236457647,
    5.052809127313));
#2283 = CARTESIAN_POINT('',(11.91456590144,-4.733379604465,
    4.679322018365));
#2284 = CARTESIAN_POINT('',(11.999689740593,-4.760185275221,
    4.306486296596));
#2285 = CARTESIAN_POINT('',(12.087697024733,-4.779273702446,
    3.934335444758));
#2286 = CARTESIAN_POINT('',(12.178342357168,-4.791133899009,
    3.562878903409));
#2287 = CARTESIAN_POINT('',(12.271414241064,-4.796134516279,
    3.19210120378));
#2288 = PCURVE('',#222,#2289);
#2289 = DEFINITIONAL_REPRESENTATION('',(#2290),#2335);
#2290 = B_SPLINE_CURVE_WITH_KNOTS('',7,(#2291,#2292,#2293,#2294,#2295,
    #2296,#2297,#2298,#2299,#2300,#2301,#2302,#2303,#2304,#2305,#2306,
    #2307,#2308,#2309,#2310,#2311,#2312,#2313,#2314,#2315,#2316,#2317,
    #2318,#2319,#2320,#2321,#2322,#2323,#2324,#2325,#2326,#2327,#2328,
    #2329,#2330,#2331,#2332,#2333,#2334),.UNSPECIFIED.,.F.,.F.,(8,6,6,6,
    6,6,6,8),(0.,7.41092038561E-02,0.130181994952,0.229048703798,
    0.344864373545,0.491945232489,0.725230758044,1.),.UNSPECIFIED.);
#2291 = CARTESIAN_POINT('',(1.570796326795,0.582693764787));
#2292 = CARTESIAN_POINT('',(1.585972851758,0.582693794786));
#2293 = CARTESIAN_POINT('',(1.601154276365,0.592765739079));
#2294 = CARTESIAN_POINT('',(1.616147159329,0.612921396796));
#2295 = CARTESIAN_POINT('',(1.630804788968,0.642576526377));
#2296 = CARTESIAN_POINT('',(1.645016783067,0.680859351856));
#2297 = CARTESIAN_POINT('',(1.658704376778,0.726736046163));
#2298 = CARTESIAN_POINT('',(1.681736197891,0.818767746677));
#2299 = CARTESIAN_POINT('',(1.691335492208,0.862172589045));
#2300 = CARTESIAN_POINT('',(1.700602136597,0.908933318636));
#2301 = CARTESIAN_POINT('',(1.70953302402,0.958658732168));
#2302 = CARTESIAN_POINT('',(1.718131395859,1.010993873607));
#2303 = CARTESIAN_POINT('',(1.726405308653,1.065632941483));
#2304 = CARTESIAN_POINT('',(1.74840396397,1.222286761173));
#2305 = CARTESIAN_POINT('',(1.76145919522,1.328558883719));
#2306 = CARTESIAN_POINT('',(1.773607068828,1.439813043914));
#2307 = CARTESIAN_POINT('',(1.784916358814,1.554999284261));
#2308 = CARTESIAN_POINT('',(1.795454709603,1.673309165049));
#2309 = CARTESIAN_POINT('',(1.805289516195,1.794161955041));
#2310 = CARTESIAN_POINT('',(1.82525658721,2.061363346331));
#2311 = CARTESIAN_POINT('',(1.835142481608,2.208417132648));
#2312 = CARTESIAN_POINT('',(1.844240618852,2.357715011424));
#2313 = CARTESIAN_POINT('',(1.852628748158,2.508754053174));
#2314 = CARTESIAN_POINT('',(1.860373127822,2.661156010438));
#2315 = CARTESIAN_POINT('',(1.867532756382,2.814650192157));
#2316 = CARTESIAN_POINT('',(1.88257404294,3.165183145428));
#2317 = CARTESIAN_POINT('',(1.890126093946,3.362723510474));
#2318 = CARTESIAN_POINT('',(1.896919233963,3.561299393391));
#2319 = CARTESIAN_POINT('',(1.903034643469,3.760615263289));
#2320 = CARTESIAN_POINT('',(1.908539471542,3.960453721641));
#2321 = CARTESIAN_POINT('',(1.913491559451,4.160664105936));
#2322 = CARTESIAN_POINT('',(1.924995739801,4.679169111714));
#2323 = CARTESIAN_POINT('',(1.930782818082,4.997817735281));
#2324 = CARTESIAN_POINT('',(1.935497866534,5.316710724451));
#2325 = CARTESIAN_POINT('',(1.939281586573,5.635577414094));
#2326 = CARTESIAN_POINT('',(1.942247188025,5.95423703318));
#2327 = CARTESIAN_POINT('',(1.944485271397,6.27259316838));
#2328 = CARTESIAN_POINT('',(1.947937542443,6.965212113009));
#2329 = CARTESIAN_POINT('',(1.948898623736,7.339292076466));
#2330 = CARTESIAN_POINT('',(1.949075447816,7.712779185415));
#2331 = CARTESIAN_POINT('',(1.948559084499,8.085614907184));
#2332 = CARTESIAN_POINT('',(1.947421038889,8.457765759021));
#2333 = CARTESIAN_POINT('',(1.945719512577,8.829222300371));
#2334 = CARTESIAN_POINT('',(1.94350082103,9.2));
#2335 = ( GEOMETRIC_REPRESENTATION_CONTEXT(2) 
PARAMETRIC_REPRESENTATION_CONTEXT() REPRESENTATION_CONTEXT('2D SPACE',''
  ) );
#2336 = PCURVE('',#331,#2337);
#2337 = DEFINITIONAL_REPRESENTATION('',(#2338),#2383);
#2338 = B_SPLINE_CURVE_WITH_KNOTS('',7,(#2339,#2340,#2341,#2342,#2343,
    #2344,#2345,#2346,#2347,#2348,#2349,#2350,#2351,#2352,#2353,#2354,
    #2355,#2356,#2357,#2358,#2359,#2360,#2361,#2362,#2363,#2364,#2365,
    #2366,#2367,#2368,#2369,#2370,#2371,#2372,#2373,#2374,#2375,#2376,
    #2377,#2378,#2379,#2380,#2381,#2382),.UNSPECIFIED.,.F.,.F.,(8,6,6,6,
    6,6,6,8),(0.,7.41092038561E-02,0.130181994952,0.229048703798,
    0.344864373545,0.491945232489,0.725230758044,1.),.UNSPECIFIED.);
#2339 = CARTESIAN_POINT('',(6.28318530718,1.909124584728));
#2340 = CARTESIAN_POINT('',(6.318341368294,1.909124610544));
#2341 = CARTESIAN_POINT('',(6.353508776489,1.916464964128));
#2342 = CARTESIAN_POINT('',(6.388329119275,1.93115418612));
#2343 = CARTESIAN_POINT('',(6.422552408628,1.952795822067));
#2344 = CARTESIAN_POINT('',(6.455990306293,1.980811898713));
#2345 = CARTESIAN_POINT('',(6.488502479183,2.014508095464));
#2346 = CARTESIAN_POINT('',(6.543812054762,2.082386079144));
#2347 = CARTESIAN_POINT('',(6.56706902332,2.114479548633));
#2348 = CARTESIAN_POINT('',(6.589743131297,2.149154990812));
#2349 = CARTESIAN_POINT('',(6.611831524867,2.186148649845));
#2350 = CARTESIAN_POINT('',(6.633341769815,2.225219731396));
#2351 = CARTESIAN_POINT('',(6.654289983258,2.266159614011));
#2352 = CARTESIAN_POINT('',(6.710687663724,2.383977995871));
#2353 = CARTESIAN_POINT('',(6.744976402,2.464382763207));
#2354 = CARTESIAN_POINT('',(6.777721608346,2.549109028405));
#2355 = CARTESIAN_POINT('',(6.809048590695,2.637427852291));
#2356 = CARTESIAN_POINT('',(6.839075518658,2.728763177513));
#2357 = CARTESIAN_POINT('',(6.867923897468,2.822692046306));
#2358 = CARTESIAN_POINT('',(6.928274611869,3.031745988088));
#2359 = CARTESIAN_POINT('',(6.95935884192,3.147655157725));
#2360 = CARTESIAN_POINT('',(6.989149349372,3.266206675793));
#2361 = CARTESIAN_POINT('',(7.017780495267,3.387011174169));
#2362 = CARTESIAN_POINT('',(7.045364543087,3.509761516929));
#2363 = CARTESIAN_POINT('',(7.072003456082,3.634227477608));
#2364 = CARTESIAN_POINT('',(7.130536043621,3.920318184655));
#2365 = CARTESIAN_POINT('',(7.1618960124,4.082848542839));
#2366 = CARTESIAN_POINT('',(7.192050411421,4.247498833165));
#2367 = CARTESIAN_POINT('',(7.221135314219,4.413981957696));
#2368 = CARTESIAN_POINT('',(7.249262058473,4.582068455328));
#2369 = CARTESIAN_POINT('',(7.276528192257,4.751582914448));
#2370 = CARTESIAN_POINT('',(7.345035921004,5.193347477628));
#2371 = CARTESIAN_POINT('',(7.385091928299,5.467512169955));
#2372 = CARTESIAN_POINT('',(7.423523268465,5.74437274821));
#2373 = CARTESIAN_POINT('',(7.460563281166,6.0235096957));
#2374 = CARTESIAN_POINT('',(7.496402127079,6.304593744083));
#2375 = CARTESIAN_POINT('',(7.531196099544,6.587383913779));
#2376 = CARTESIAN_POINT('',(7.604992323968,7.206624052131));
#2377 = CARTESIAN_POINT('',(7.643636594589,7.543622363088));
#2378 = CARTESIAN_POINT('',(7.681230777355,7.882411223609));
#2379 = CARTESIAN_POINT('',(7.717940779356,8.222736505563));
#2380 = CARTESIAN_POINT('',(7.753903351329,8.564390589422));
#2381 = CARTESIAN_POINT('',(7.789238508091,8.907208505348));
#2382 = CARTESIAN_POINT('',(7.824052872368,9.25106615556));
#2383 = ( GEOMETRIC_REPRESENTATION_CONTEXT(2) 
PARAMETRIC_REPRESENTATION_CONTEXT() REPRESENTATION_CONTEXT('2D SPACE',''
  ) );
#2384 = ORIENTED_EDGE('',*,*,#2385,.F.);
#2385 = EDGE_CURVE('',#371,#2240,#2386,.T.);
#2386 = SURFACE_CURVE('',#2387,(#2432,#2480),.PCURVE_S1.);
#2387 = B_SPLINE_CURVE_WITH_KNOTS('',7,(#2388,#2389,#2390,#2391,#2392,
    #2393,#2394,#2395,#2396,#2397,#2398,#2399,#2400,#2401,#2402,#2403,
    #2404,#2405,#2406,#2407,#2408,#2409,#2410,#2411,#2412,#2413,#2414,
    #2415,#2416,#2417,#2418,#2419,#2420,#2421,#2422,#2423,#2424,#2425,
    #2426,#2427,#2428,#2429,#2430,#2431),.UNSPECIFIED.,.F.,.F.,(8,6,6,6,
    6,6,6,8),(0.,0.296324224756,0.539408820679,0.678006050043,
    0.788283418562,0.903302384246,0.940150166845,1.),.UNSPECIFIED.);
#2388 = CARTESIAN_POINT('',(12.271414241064,4.799566296943,3.19210120378
    ));
#2389 = CARTESIAN_POINT('',(12.171034586081,4.794173043736,
    3.591991439219));
#2390 = CARTESIAN_POINT('',(12.073478812165,4.780801358777,
    3.992666093273));
#2391 = CARTESIAN_POINT('',(11.979010685384,4.758985717691,
    4.394150026993));
#2392 = CARTESIAN_POINT('',(11.887940825397,4.728109320106,
    4.796432117505));
#2393 = CARTESIAN_POINT('',(11.800632084228,4.68735422748,5.199464491431
    ));
#2394 = CARTESIAN_POINT('',(11.717506681919,4.635650959628,
    5.603162765149));
#2395 = CARTESIAN_POINT('',(11.574696768252,4.518780409401,
    6.339007501749));
#2396 = CARTESIAN_POINT('',(11.513496356503,4.45771148358,6.670914450006
    ));
#2397 = CARTESIAN_POINT('',(11.45571062333,4.387379728766,7.003101093445
    ));
#2398 = CARTESIAN_POINT('',(11.401648525989,4.306721182615,7.33543791981
    ));
#2399 = CARTESIAN_POINT('',(11.351665268007,4.214364148859,7.66767094719
    ));
#2400 = CARTESIAN_POINT('',(11.306155306731,4.108574523645,
    7.999415080195));
#2401 = CARTESIAN_POINT('',(11.242356428665,3.917299565165,
    8.518630784379));
#2402 = CARTESIAN_POINT('',(11.220779624695,3.842644909952,
    8.706787606817));
#2403 = CARTESIAN_POINT('',(11.20086551176,3.762311669002,8.894466379477
    ));
#2404 = CARTESIAN_POINT('',(11.182693554557,3.675736020997,
    9.081503723065));
#2405 = CARTESIAN_POINT('',(11.166345244642,3.582264734193,
    9.267667081803));
#2406 = CARTESIAN_POINT('',(11.151895833665,3.481105044407,
    9.452643053921));
#2407 = CARTESIAN_POINT('',(11.129462037641,3.28380623452,9.781919713436
    ));
#2408 = CARTESIAN_POINT('',(11.120762846806,3.190889794902,
    9.926765357805));
#2409 = CARTESIAN_POINT('',(11.11333048574,3.091953405422,
    10.070373808203));
#2410 = CARTESIAN_POINT('',(11.107189110434,2.986398841309,
    10.212452761898));
#2411 = CARTESIAN_POINT('',(11.102352068707,2.873560825385,
    10.352596571874));
#2412 = CARTESIAN_POINT('',(11.098809775316,2.752661393948,
    10.490269228973));
#2413 = CARTESIAN_POINT('',(11.094121380526,2.487181072705,
    10.765054616977));
#2414 = CARTESIAN_POINT('',(11.093088306305,2.342001852083,
    10.901684945881));
#2415 = CARTESIAN_POINT('',(11.093351402467,2.185896293091,
    11.034097416525));
#2416 = CARTESIAN_POINT('',(11.094820619017,2.017628806876,
    11.161122718479));
#2417 = CARTESIAN_POINT('',(11.097326551638,1.836042888882,
    11.28098644734));
#2418 = CARTESIAN_POINT('',(11.100556514554,1.640195812388,
    11.391374728159));
#2419 = CARTESIAN_POINT('',(11.105216521812,1.361717517609,
    11.52077656034));
#2420 = CARTESIAN_POINT('',(11.106377280944,1.29264006162,
    11.550885628741));
#2421 = CARTESIAN_POINT('',(11.107553883351,1.222049438486,
    11.579604677145));
#2422 = CARTESIAN_POINT('',(11.108730505237,1.14995748851,
    11.606821889965));
#2423 = CARTESIAN_POINT('',(11.109890248777,1.076394644904,
    11.632419256245));
#2424 = CARTESIAN_POINT('',(11.111015644433,1.001413138425,
    11.656276169208));
#2425 = CARTESIAN_POINT('',(11.113832794812,0.801123040699,
    11.714001314038));
#2426 = CARTESIAN_POINT('',(11.115440577466,0.673544301884,
    11.744843837588));
#2427 = CARTESIAN_POINT('',(11.116836250232,0.542792477832,
    11.770245703789));
#2428 = CARTESIAN_POINT('',(11.117944819238,0.409436565828,
    11.789711855527));
#2429 = CARTESIAN_POINT('',(11.118706212452,0.274189542581,
    11.802844961365));
#2430 = CARTESIAN_POINT('',(11.119086471164,0.137927706856,
    11.809407414274));
#2431 = CARTESIAN_POINT('',(11.119086468203,1.715890331968E-03,
    11.809407438993));
#2432 = PCURVE('',#222,#2433);
#2433 = DEFINITIONAL_REPRESENTATION('',(#2434),#2479);
#2434 = B_SPLINE_CURVE_WITH_KNOTS('',7,(#2435,#2436,#2437,#2438,#2439,
    #2440,#2441,#2442,#2443,#2444,#2445,#2446,#2447,#2448,#2449,#2450,
    #2451,#2452,#2453,#2454,#2455,#2456,#2457,#2458,#2459,#2460,#2461,
    #2462,#2463,#2464,#2465,#2466,#2467,#2468,#2469,#2470,#2471,#2472,
    #2473,#2474,#2475,#2476,#2477,#2478),.UNSPECIFIED.,.F.,.F.,(8,6,6,6,
    6,6,6,8),(0.,0.296324224756,0.539408820679,0.678006050043,
    0.788283418562,0.903302384246,0.940150166845,1.),.UNSPECIFIED.);
#2435 = CARTESIAN_POINT('',(1.198091832559,9.2));
#2436 = CARTESIAN_POINT('',(1.195698934913,8.80010976456));
#2437 = CARTESIAN_POINT('',(1.193907584114,8.399435110506));
#2438 = CARTESIAN_POINT('',(1.192776126722,7.997951176787));
#2439 = CARTESIAN_POINT('',(1.192377944555,7.595669086274));
#2440 = CARTESIAN_POINT('',(1.192806641465,7.192636712349));
#2441 = CARTESIAN_POINT('',(1.194181229399,6.788938438631));
#2442 = CARTESIAN_POINT('',(1.198707353101,6.053093702031));
#2443 = CARTESIAN_POINT('',(1.201494846361,5.721186753773));
#2444 = CARTESIAN_POINT('',(1.205121793123,5.389000110335));
#2445 = CARTESIAN_POINT('',(1.209700391583,5.056663283969));
#2446 = CARTESIAN_POINT('',(1.215373304213,4.72443025659));
#2447 = CARTESIAN_POINT('',(1.222318774292,4.392686123584));
#2448 = CARTESIAN_POINT('',(1.235628791688,3.873470419401));
#2449 = CARTESIAN_POINT('',(1.240958934285,3.685313596962));
#2450 = CARTESIAN_POINT('',(1.24683382824,3.497634824303));
#2451 = CARTESIAN_POINT('',(1.253309436392,3.310597480715));
#2452 = CARTESIAN_POINT('',(1.260450377154,3.124434121976));
#2453 = CARTESIAN_POINT('',(1.268334316377,2.939458149858));
#2454 = CARTESIAN_POINT('',(1.284003256084,2.610181490344));
#2455 = CARTESIAN_POINT('',(1.291477332056,2.465335845975));
#2456 = CARTESIAN_POINT('',(1.299533092853,2.321727395577));
#2457 = CARTESIAN_POINT('',(1.308228080092,2.179648441882));
#2458 = CARTESIAN_POINT('',(1.317626253725,2.039504631905));
#2459 = CARTESIAN_POINT('',(1.327801799604,1.901831974807));
#2460 = CARTESIAN_POINT('',(1.350367696824,1.627046586803));
#2461 = CARTESIAN_POINT('',(1.36281777563,1.490416257899));
#2462 = CARTESIAN_POINT('',(1.376315829831,1.358003787255));
#2463 = CARTESIAN_POINT('',(1.390978105266,1.230978485301));
#2464 = CARTESIAN_POINT('',(1.406913735548,1.111114756439));
#2465 = CARTESIAN_POINT('',(1.424209838859,1.00072647562));
#2466 = CARTESIAN_POINT('',(1.448934045676,0.871324643439));
#2467 = CARTESIAN_POINT('',(1.455076391305,0.841215575039));
#2468 = CARTESIAN_POINT('',(1.461362407145,0.812496526634));
#2469 = CARTESIAN_POINT('',(1.467790861919,0.785279313814));
#2470 = CARTESIAN_POINT('',(1.474358771579,0.759681947535));
#2471 = CARTESIAN_POINT('',(1.481061094226,0.735825034571));
#2472 = CARTESIAN_POINT('',(1.498982932703,0.678099889742));
#2473 = CARTESIAN_POINT('',(1.510417013274,0.64725736649));
#2474 = CARTESIAN_POINT('',(1.522151355542,0.621855499529));
#2475 = CARTESIAN_POINT('',(1.534132034619,0.602389348143));
#2476 = CARTESIAN_POINT('',(1.546291286197,0.589256243132));
#2477 = CARTESIAN_POINT('',(1.558546056333,0.582693789001));
#2478 = CARTESIAN_POINT('',(1.570796326795,0.582693764787));
#2479 = ( GEOMETRIC_REPRESENTATION_CONTEXT(2) 
PARAMETRIC_REPRESENTATION_CONTEXT() REPRESENTATION_CONTEXT('2D SPACE',''
  ) );
#2480 = PCURVE('',#331,#2481);
#2481 = DEFINITIONAL_REPRESENTATION('',(#2482),#2527);
#2482 = B_SPLINE_CURVE_WITH_KNOTS('',7,(#2483,#2484,#2485,#2486,#2487,
    #2488,#2489,#2490,#2491,#2492,#2493,#2494,#2495,#2496,#2497,#2498,
    #2499,#2500,#2501,#2502,#2503,#2504,#2505,#2506,#2507,#2508,#2509,
    #2510,#2511,#2512,#2513,#2514,#2515,#2516,#2517,#2518,#2519,#2520,
    #2521,#2522,#2523,#2524,#2525,#2526),.UNSPECIFIED.,.F.,.F.,(8,6,6,6,
    6,6,6,8),(0.,0.296324224756,0.539408820679,0.678006050043,
    0.788283418562,0.903302384246,0.940150166845,1.),.UNSPECIFIED.);
#2483 = CARTESIAN_POINT('',(4.742317741991,9.25106615556));
#2484 = CARTESIAN_POINT('',(4.779865642906,8.880209664357));
#2485 = CARTESIAN_POINT('',(4.818018731966,8.510567429394));
#2486 = CARTESIAN_POINT('',(4.856911904505,8.142289951559));
#2487 = CARTESIAN_POINT('',(4.896695636837,7.775585413944));
#2488 = CARTESIAN_POINT('',(4.937547353558,7.410723726457));
#2489 = CARTESIAN_POINT('',(4.979681250356,7.048040928525));
#2490 = CARTESIAN_POINT('',(5.059246774081,6.39255471401));
#2491 = CARTESIAN_POINT('',(5.096156231367,6.098960374283));
#2492 = CARTESIAN_POINT('',(5.13428627712,5.8073466887));
#2493 = CARTESIAN_POINT('',(5.173829212582,5.518011463292));
#2494 = CARTESIAN_POINT('',(5.21502316345,5.231377579927));
#2495 = CARTESIAN_POINT('',(5.258161567046,4.947993591075));
#2496 = CARTESIAN_POINT('',(5.329647085997,4.509242157772));
#2497 = CARTESIAN_POINT('',(5.356377034984,4.35123636726));
#2498 = CARTESIAN_POINT('',(5.383961974896,4.19466554132));
#2499 = CARTESIAN_POINT('',(5.412496507452,4.039705914675));
#2500 = CARTESIAN_POINT('',(5.442088100938,3.886588017148));
#2501 = CARTESIAN_POINT('',(5.47286753256,3.735600299253));
#2502 = CARTESIAN_POINT('',(5.530581985362,3.468939577861));
#2503 = CARTESIAN_POINT('',(5.55701008379,3.352389644799));
#2504 = CARTESIAN_POINT('',(5.584384112592,3.237601759783));
#2505 = CARTESIAN_POINT('',(5.612804156912,3.124815366868));
#2506 = CARTESIAN_POINT('',(5.642379232475,3.014349789508));
#2507 = CARTESIAN_POINT('',(5.673238506254,2.906609473267));
#2508 = CARTESIAN_POINT('',(5.739258036993,2.693098011655));
#2509 = CARTESIAN_POINT('',(5.774497323427,2.587769060128));
#2510 = CARTESIAN_POINT('',(5.811510776863,2.486504337744));
#2511 = CARTESIAN_POINT('',(5.850508517336,2.390141705241));
#2512 = CARTESIAN_POINT('',(5.891679046043,2.299931544255));
#2513 = CARTESIAN_POINT('',(5.935184042701,2.217445395291));
#2514 = CARTESIAN_POINT('',(5.995950029397,2.121313235745));
#2515 = CARTESIAN_POINT('',(6.010944234531,2.098994472798));
#2516 = CARTESIAN_POINT('',(6.026190018857,2.077750710804));
#2517 = CARTESIAN_POINT('',(6.041685895791,2.057657434136));
#2518 = CARTESIAN_POINT('',(6.057427228417,2.038794182717));
#2519 = CARTESIAN_POINT('',(6.073405732564,2.021242117495));
#2520 = CARTESIAN_POINT('',(6.115927026215,1.978832920429));
#2521 = CARTESIAN_POINT('',(6.142853387396,1.956239639419));
#2522 = CARTESIAN_POINT('',(6.170311614767,1.937677802133));
#2523 = CARTESIAN_POINT('',(6.19820615372,1.923478439186));
#2524 = CARTESIAN_POINT('',(6.2264199717,1.913907310562));
#2525 = CARTESIAN_POINT('',(6.254807845404,1.909124605566));
#2526 = CARTESIAN_POINT('',(6.28318530718,1.909124584728));
#2527 = ( GEOMETRIC_REPRESENTATION_CONTEXT(2) 
PARAMETRIC_REPRESENTATION_CONTEXT() REPRESENTATION_CONTEXT('2D SPACE',''
  ) );
#2528 = ORIENTED_EDGE('',*,*,#421,.F.);
#2529 = ORIENTED_EDGE('',*,*,#2530,.F.);
#2530 = EDGE_CURVE('',#2531,#422,#2533,.T.);
#2531 = VERTEX_POINT('',#2532);
#2532 = CARTESIAN_POINT('',(3.866786657111,10.582211610336,
    11.198353173229));
#2533 = SURFACE_CURVE('',#2534,(#2609,#2687),.PCURVE_S1.);
#2534 = B_SPLINE_CURVE_WITH_KNOTS('',7,(#2535,#2536,#2537,#2538,#2539,
    #2540,#2541,#2542,#2543,#2544,#2545,#2546,#2547,#2548,#2549,#2550,
    #2551,#2552,#2553,#2554,#2555,#2556,#2557,#2558,#2559,#2560,#2561,
    #2562,#2563,#2564,#2565,#2566,#2567,#2568,#2569,#2570,#2571,#2572,
    #2573,#2574,#2575,#2576,#2577,#2578,#2579,#2580,#2581,#2582,#2583,
    #2584,#2585,#2586,#2587,#2588,#2589,#2590,#2591,#2592,#2593,#2594,
    #2595,#2596,#2597,#2598,#2599,#2600,#2601,#2602,#2603,#2604,#2605,
    #2606,#2607,#2608),.UNSPECIFIED.,.F.,.F.,(8,6,6,6,6,6,6,6,6,6,6,6,8)
  ,(0.,5.70423244243E-02,8.054392474329E-02,9.439491359662E-02,
    0.122998803342,0.164584537878,0.187114782794,0.236156575028,
    0.322585494949,0.423835987178,0.552463388766,0.756601849862,1.),
  .UNSPECIFIED.);
#2535 = CARTESIAN_POINT('',(3.866786657111,10.582211610336,
    11.198353173229));
#2536 = CARTESIAN_POINT('',(3.954910340774,10.532685073382,
    11.266507554578));
#2537 = CARTESIAN_POINT('',(4.046858576445,10.481295154872,
    11.332175578648));
#2538 = CARTESIAN_POINT('',(4.142816678062,10.427883479335,
    11.395026964513));
#2539 = CARTESIAN_POINT('',(4.242909181039,10.372314434849,
    11.454625580498));
#2540 = CARTESIAN_POINT('',(4.347182898118,10.314479154361,
    11.51044158729));
#2541 = CARTESIAN_POINT('',(4.455584081489,10.25431011424,
    11.561875595408));
#2542 = CARTESIAN_POINT('',(4.614216402724,10.16605462101,11.62741969694
    ));
#2543 = CARTESIAN_POINT('',(4.66116794051,10.139909209605,
    11.645691359687));
#2544 = CARTESIAN_POINT('',(4.708767938528,10.113372069056,
    11.663064631402));
#2545 = CARTESIAN_POINT('',(4.756994548116,10.086448036877,
    11.679493027953));
#2546 = CARTESIAN_POINT('',(4.805819856984,10.059145368276,
    11.694929865589));
#2547 = CARTESIAN_POINT('',(4.855209308238,10.031476269533,
    11.709329351581));
#2548 = CARTESIAN_POINT('',(4.934537326421,9.986944146757,
    11.730497010444));
#2549 = CARTESIAN_POINT('',(4.964134990048,9.970309383062,
    11.737970868045));
#2550 = CARTESIAN_POINT('',(4.99390550371,9.95355656752,11.74506015755)
  );
#2551 = CARTESIAN_POINT('',(5.023839457494,9.936689663383,
    11.751756227212));
#2552 = CARTESIAN_POINT('',(5.053926638155,9.919713169916,
    11.758050863661));
#2553 = CARTESIAN_POINT('',(5.084156029115,9.9026321224,11.763936291902)
  );
#2554 = CARTESIAN_POINT('',(5.17721226107,9.849973347852,11.780699050428
    ));
#2555 = CARTESIAN_POINT('',(5.240469067539,9.814070107,11.790217446013)
  );
#2556 = CARTESIAN_POINT('',(5.304175816799,9.7777951286,11.797895383585)
  );
#2557 = CARTESIAN_POINT('',(5.36821512485,9.741207312751,11.803680966797
    ));
#2558 = CARTESIAN_POINT('',(5.432462546746,9.70437219641,11.807537577747
    ));
#2559 = CARTESIAN_POINT('',(5.496786486566,9.667362449171,
    11.809446073274));
#2560 = CARTESIAN_POINT('',(5.654474796146,9.576314641803,
    11.809350147402));
#2561 = CARTESIAN_POINT('',(5.747795575191,9.522156700575,
    11.805176408262));
#2562 = CARTESIAN_POINT('',(5.840566591475,9.46804026871,11.796885216888
    ));
#2563 = CARTESIAN_POINT('',(5.932404266878,9.414202406791,11.78456615962
    ));
#2564 = CARTESIAN_POINT('',(6.022980221838,9.360860748646,
    11.768380930207));
#2565 = CARTESIAN_POINT('',(6.112016198968,9.308212737364,
    11.748545303922));
#2566 = CARTESIAN_POINT('',(6.246556063811,9.228382736178,
    11.712723332525));
#2567 = CARTESIAN_POINT('',(6.293319559268,9.200581898382,11.69913624736
    ));
#2568 = CARTESIAN_POINT('',(6.339537553174,9.173057285515,
    11.684588217156));
#2569 = CARTESIAN_POINT('',(6.385184517797,9.145830430789,
    11.669119391629));
#2570 = CARTESIAN_POINT('',(6.430240703722,9.118919652125,
    11.652770803731));
#2571 = CARTESIAN_POINT('',(6.47469152602,9.092340241244,11.635583464133
    ));
#2572 = CARTESIAN_POINT('',(6.613943923644,9.008997404953,
    11.578447145076));
#2573 = CARTESIAN_POINT('',(6.706430526178,8.953527940754,
    11.535518698002));
#2574 = CARTESIAN_POINT('',(6.795909244498,8.899809437489,
    11.489218640551));
#2575 = CARTESIAN_POINT('',(6.882378426587,8.847907390928,
    11.439937598659));
#2576 = CARTESIAN_POINT('',(6.96589110517,8.797847274572,11.388030832043
    ));
#2577 = CARTESIAN_POINT('',(7.046540821329,8.749621414922,
    11.333804993129));
#2578 = CARTESIAN_POINT('',(7.261765715782,8.621375525114,
    11.178301453146));
#2579 = CARTESIAN_POINT('',(7.390477624277,8.545205396404,
    11.072742594936));
#2580 = CARTESIAN_POINT('',(7.511377942436,8.474437655105,
    10.962167787476));
#2581 = CARTESIAN_POINT('',(7.625156034379,8.408811389922,
    10.847631726654));
#2582 = CARTESIAN_POINT('',(7.732461823181,8.348030626039,
    10.729947404403));
#2583 = CARTESIAN_POINT('',(7.833929011144,8.29177011306,10.609699284158
    ));
#2584 = CARTESIAN_POINT('',(8.04289905661,8.178718034817,10.343764714136
    ));
#2585 = CARTESIAN_POINT('',(8.148365127691,8.123537308424,
    10.197366167899));
#2586 = CARTESIAN_POINT('',(8.247475381424,8.07367389114,10.048702992333
    ));
#2587 = CARTESIAN_POINT('',(8.340929536673,8.028717894971,9.898281670676
    ));
#2588 = CARTESIAN_POINT('',(8.429308516733,7.988303885823,9.746483241004
    ));
#2589 = CARTESIAN_POINT('',(8.513123734532,7.952096483354,9.593580478724
    ));
#2590 = CARTESIAN_POINT('',(8.694064187852,7.878769219347,9.244299190504
    ));
#2591 = CARTESIAN_POINT('',(8.788626803025,7.844063267287,9.047411913692
    ));
#2592 = CARTESIAN_POINT('',(8.877399545956,7.815076348913,8.8494747086)
  );
#2593 = CARTESIAN_POINT('',(8.961050116506,7.791315100523,8.650785766762
    ));
#2594 = CARTESIAN_POINT('',(9.040114956116,7.772357686645,8.451564496326
    ));
#2595 = CARTESIAN_POINT('',(9.115049799434,7.757833945813,8.251963023243
    ));
#2596 = CARTESIAN_POINT('',(9.299216393528,7.730907597133,7.734824041237
    ));
#2597 = CARTESIAN_POINT('',(9.402729896324,7.724759125112,7.416921217567
    ));
#2598 = CARTESIAN_POINT('',(9.498305386842,7.727698964673,7.098760210718
    ));
#2599 = CARTESIAN_POINT('',(9.586961114588,7.738759040167,6.780615016754
    ));
#2600 = CARTESIAN_POINT('',(9.669488733973,7.757140158278,6.462668768749
    ));
#2601 = CARTESIAN_POINT('',(9.746500198446,7.782189218173,6.145019344911
    ));
#2602 = CARTESIAN_POINT('',(9.904324807569,7.850538833891,5.449326748826
    ));
#2603 = CARTESIAN_POINT('',(9.983007389024,7.896416988503,5.071477286619
    ));
#2604 = CARTESIAN_POINT('',(10.055362777583,7.950076953151,
    4.694230099317));
#2605 = CARTESIAN_POINT('',(10.121955474687,8.010803836471,
    4.317646614577));
#2606 = CARTESIAN_POINT('',(10.183194992828,8.078023486837,
    3.941761856726));
#2607 = CARTESIAN_POINT('',(10.23939234117,8.151264067152,3.566585554003
    ));
#2608 = CARTESIAN_POINT('',(10.290767456214,8.23014716015,3.19210120378)
  );
#2609 = PCURVE('',#222,#2610);
#2610 = DEFINITIONAL_REPRESENTATION('',(#2611),#2686);
#2611 = B_SPLINE_CURVE_WITH_KNOTS('',7,(#2612,#2613,#2614,#2615,#2616,
    #2617,#2618,#2619,#2620,#2621,#2622,#2623,#2624,#2625,#2626,#2627,
    #2628,#2629,#2630,#2631,#2632,#2633,#2634,#2635,#2636,#2637,#2638,
    #2639,#2640,#2641,#2642,#2643,#2644,#2645,#2646,#2647,#2648,#2649,
    #2650,#2651,#2652,#2653,#2654,#2655,#2656,#2657,#2658,#2659,#2660,
    #2661,#2662,#2663,#2664,#2665,#2666,#2667,#2668,#2669,#2670,#2671,
    #2672,#2673,#2674,#2675,#2676,#2677,#2678,#2679,#2680,#2681,#2682,
    #2683,#2684,#2685),.UNSPECIFIED.,.F.,.F.,(8,6,6,6,6,6,6,6,6,6,6,6,8)
  ,(0.,5.70423244243E-02,8.054392474329E-02,9.439491359662E-02,
    0.122998803342,0.164584537878,0.187114782794,0.236156575028,
    0.322585494949,0.423835987178,0.552463388766,0.756601849862,1.),
  .UNSPECIFIED.);
#2612 = CARTESIAN_POINT('',(0.350383942309,1.193748030551));
#2613 = CARTESIAN_POINT('',(0.359240603443,1.12559364913));
#2614 = CARTESIAN_POINT('',(0.368502769414,1.059925625206));
#2615 = CARTESIAN_POINT('',(0.378192351219,0.997074239266));
#2616 = CARTESIAN_POINT('',(0.388325474519,0.937475623236));
#2617 = CARTESIAN_POINT('',(0.398910644626,0.881659616514));
#2618 = CARTESIAN_POINT('',(0.409946018469,0.830225608372));
#2619 = CARTESIAN_POINT('',(0.426141359451,0.76468150684));
#2620 = CARTESIAN_POINT('',(0.430940189218,0.746409844093));
#2621 = CARTESIAN_POINT('',(0.43581080046,0.729036572378));
#2622 = CARTESIAN_POINT('',(0.440751136965,0.712608175827));
#2623 = CARTESIAN_POINT('',(0.44575848743,0.697171338191));
#2624 = CARTESIAN_POINT('',(0.450829414208,0.682771852198));
#2625 = CARTESIAN_POINT('',(0.45898327542,0.661604193336));
#2626 = CARTESIAN_POINT('',(0.462027482042,0.654130335735));
#2627 = CARTESIAN_POINT('',(0.465091430293,0.64704104623));
#2628 = CARTESIAN_POINT('',(0.468174158131,0.640344976568));
#2629 = CARTESIAN_POINT('',(0.471274613101,0.634050340119));
#2630 = CARTESIAN_POINT('',(0.474391652334,0.628164911877));
#2631 = CARTESIAN_POINT('',(0.483992789678,0.611402153352));
#2632 = CARTESIAN_POINT('',(0.490527443068,0.601883757767));
#2633 = CARTESIAN_POINT('',(0.497116488771,0.594205820195));
#2634 = CARTESIAN_POINT('',(0.503747524038,0.588420236982));
#2635 = CARTESIAN_POINT('',(0.510407250085,0.584563626033));
#2636 = CARTESIAN_POINT('',(0.517081464863,0.582655130505));
#2637 = CARTESIAN_POINT('',(0.533457448901,0.582751056377));
#2638 = CARTESIAN_POINT('',(0.543161207101,0.586924795518));
#2639 = CARTESIAN_POINT('',(0.552818129914,0.595215986892));
#2640 = CARTESIAN_POINT('',(0.562385597824,0.60753504416));
#2641 = CARTESIAN_POINT('',(0.571826326123,0.623720273572));
#2642 = CARTESIAN_POINT('',(0.581108118722,0.643555899858));
#2643 = CARTESIAN_POINT('',(0.595131367459,0.679377871255));
#2644 = CARTESIAN_POINT('',(0.600005150772,0.692964956419));
#2645 = CARTESIAN_POINT('',(0.604821158226,0.707512986624));
#2646 = CARTESIAN_POINT('',(0.609576255036,0.72298181215));
#2647 = CARTESIAN_POINT('',(0.614267927509,0.739330400049));
#2648 = CARTESIAN_POINT('',(0.618894225244,0.756517739647));
#2649 = CARTESIAN_POINT('',(0.633378361397,0.813654058704));
#2650 = CARTESIAN_POINT('',(0.642984907015,0.856582505778));
#2651 = CARTESIAN_POINT('',(0.652261132522,0.902882563229));
#2652 = CARTESIAN_POINT('',(0.661203390821,0.952163605121));
#2653 = CARTESIAN_POINT('',(0.669814486023,1.004070371737));
#2654 = CARTESIAN_POINT('',(0.67810212159,1.058296210651));
#2655 = CARTESIAN_POINT('',(0.700134048664,1.213799750633));
#2656 = CARTESIAN_POINT('',(0.713211246173,1.319358608844));
#2657 = CARTESIAN_POINT('',(0.725382847553,1.429933416303));
#2658 = CARTESIAN_POINT('',(0.736716817582,1.544469477125));
#2659 = CARTESIAN_POINT('',(0.747280317891,1.662153799377));
#2660 = CARTESIAN_POINT('',(0.757140456649,1.782401919622));
#2661 = CARTESIAN_POINT('',(0.777163210325,2.048336489644));
#2662 = CARTESIAN_POINT('',(0.787079323457,2.19473503588));
#2663 = CARTESIAN_POINT('',(0.796207417691,2.343398211446));
#2664 = CARTESIAN_POINT('',(0.804625124435,2.493819533103));
#2665 = CARTESIAN_POINT('',(0.812398650205,2.645617962776));
#2666 = CARTESIAN_POINT('',(0.819586989742,2.798520725055));
#2667 = CARTESIAN_POINT('',(0.834695393595,3.147802013276));
#2668 = CARTESIAN_POINT('',(0.842284972713,3.344689290087));
#2669 = CARTESIAN_POINT('',(0.84911449256,3.542626495179));
#2670 = CARTESIAN_POINT('',(0.855265235537,3.741315437017));
#2671 = CARTESIAN_POINT('',(0.860804445024,3.940536707454));
#2672 = CARTESIAN_POINT('',(0.865790058267,4.140138180536));
#2673 = CARTESIAN_POINT('',(0.877383203191,4.657277162543));
#2674 = CARTESIAN_POINT('',(0.883223004009,4.975179986212));
#2675 = CARTESIAN_POINT('',(0.887987990105,5.293340993062));
#2676 = CARTESIAN_POINT('',(0.891819308676,5.611486187025));
#2677 = CARTESIAN_POINT('',(0.894830546057,5.929432435031));
#2678 = CARTESIAN_POINT('',(0.897112602364,6.247081858869));
#2679 = CARTESIAN_POINT('',(0.90068117126,6.942774454954));
#2680 = CARTESIAN_POINT('',(0.901691537409,7.320623917161));
#2681 = CARTESIAN_POINT('',(0.901898172378,7.697871104463));
#2682 = CARTESIAN_POINT('',(0.901395495099,8.074454589203));
#2683 = CARTESIAN_POINT('',(0.900257450733,8.450339347054));
#2684 = CARTESIAN_POINT('',(0.898544141555,8.825515649776));
#2685 = CARTESIAN_POINT('',(0.896303269834,9.2));
#2686 = ( GEOMETRIC_REPRESENTATION_CONTEXT(2) 
PARAMETRIC_REPRESENTATION_CONTEXT() REPRESENTATION_CONTEXT('2D SPACE',''
  ) );
#2687 = PCURVE('',#462,#2688);
#2688 = DEFINITIONAL_REPRESENTATION('',(#2689),#2764);
#2689 = B_SPLINE_CURVE_WITH_KNOTS('',7,(#2690,#2691,#2692,#2693,#2694,
    #2695,#2696,#2697,#2698,#2699,#2700,#2701,#2702,#2703,#2704,#2705,
    #2706,#2707,#2708,#2709,#2710,#2711,#2712,#2713,#2714,#2715,#2716,
    #2717,#2718,#2719,#2720,#2721,#2722,#2723,#2724,#2725,#2726,#2727,
    #2728,#2729,#2730,#2731,#2732,#2733,#2734,#2735,#2736,#2737,#2738,
    #2739,#2740,#2741,#2742,#2743,#2744,#2745,#2746,#2747,#2748,#2749,
    #2750,#2751,#2752,#2753,#2754,#2755,#2756,#2757,#2758,#2759,#2760,
    #2761,#2762,#2763),.UNSPECIFIED.,.F.,.F.,(8,6,6,6,6,6,6,6,6,6,6,6,8)
  ,(0.,5.70423244243E-02,8.054392474329E-02,9.439491359662E-02,
    0.122998803342,0.164584537878,0.187114782794,0.236156575028,
    0.322585494949,0.423835987178,0.552463388766,0.756601849862,1.),
  .UNSPECIFIED.);
#2690 = CARTESIAN_POINT('',(1.850371707709E-16,2.362618349381));
#2691 = CARTESIAN_POINT('',(2.302613550248E-02,2.311161513165));
#2692 = CARTESIAN_POINT('',(4.674543462793E-02,2.261801235093));
#2693 = CARTESIAN_POINT('',(7.12028157927E-02,2.214761920848));
#2694 = CARTESIAN_POINT('',(9.642974763352E-02,2.170342200445));
#2695 = CARTESIAN_POINT('',(0.122443698574,2.128902396604));
#2696 = CARTESIAN_POINT('',(0.149245304549,2.090846805686));
#2697 = CARTESIAN_POINT('',(0.18817132902,2.04249133557));
#2698 = CARTESIAN_POINT('',(0.199658327892,2.029029986623));
#2699 = CARTESIAN_POINT('',(0.211271888828,2.016247192217));
#2700 = CARTESIAN_POINT('',(0.223008607261,2.004174232138));
#2701 = CARTESIAN_POINT('',(0.234863898145,1.992842492808));
#2702 = CARTESIAN_POINT('',(0.246831857377,1.982282741994));
#2703 = CARTESIAN_POINT('',(0.266020667183,1.966773193579));
#2704 = CARTESIAN_POINT('',(0.273172790824,1.961300311675));
#2705 = CARTESIAN_POINT('',(0.280359976342,1.956111862986));
#2706 = CARTESIAN_POINT('',(0.287580540649,1.951213657072));
#2707 = CARTESIAN_POINT('',(0.294832635365,1.946611207872));
#2708 = CARTESIAN_POINT('',(0.302114246815,1.942309733712));
#2709 = CARTESIAN_POINT('',(0.324517019279,1.930062831093));
#2710 = CARTESIAN_POINT('',(0.339728455902,1.923115391343));
#2711 = CARTESIAN_POINT('',(0.355036740508,1.917515497762));
#2712 = CARTESIAN_POINT('',(0.370419875975,1.913297966711));
#2713 = CARTESIAN_POINT('',(0.385854355372,1.91048733578));
#2714 = CARTESIAN_POINT('',(0.401314883892,1.909096428376));
#2715 = CARTESIAN_POINT('',(0.439249466724,1.909166338376));
#2716 = CARTESIAN_POINT('',(0.461728194829,1.912208205536));
#2717 = CARTESIAN_POINT('',(0.484122329609,1.918250640786));
#2718 = CARTESIAN_POINT('',(0.506356262573,1.927233701988));
#2719 = CARTESIAN_POINT('',(0.528364814521,1.939049135698));
#2720 = CARTESIAN_POINT('',(0.550091317837,1.953552128988));
#2721 = CARTESIAN_POINT('',(0.583076708263,1.979794631553));
#2722 = CARTESIAN_POINT('',(0.594571939625,1.989756536899));
#2723 = CARTESIAN_POINT('',(0.605964753587,2.000433014276));
#2724 = CARTESIAN_POINT('',(0.617249754729,2.011797089662));
#2725 = CARTESIAN_POINT('',(0.628422677333,2.023821179698));
#2726 = CARTESIAN_POINT('',(0.639480271221,2.03647769333));
#2727 = CARTESIAN_POINT('',(0.67423320457,2.078607020999));
#2728 = CARTESIAN_POINT('',(0.697485021106,2.110338531637));
#2729 = CARTESIAN_POINT('',(0.720157833143,2.144660838438));
#2730 = CARTESIAN_POINT('',(0.742247821335,2.181310633184));
#2731 = CARTESIAN_POINT('',(0.763761781609,2.220046995876));
#2732 = CARTESIAN_POINT('',(0.784715201979,2.260660809041));
#2733 = CARTESIAN_POINT('',(0.84111300059,2.377564688776));
#2734 = CARTESIAN_POINT('',(0.875400298279,2.457393019572));
#2735 = CARTESIAN_POINT('',(0.908146333468,2.541560542834));
#2736 = CARTESIAN_POINT('',(0.939475089663,2.629335630402));
#2737 = CARTESIAN_POINT('',(0.969503965558,2.720139615154));
#2738 = CARTESIAN_POINT('',(0.998354016965,2.813547382848));
#2739 = CARTESIAN_POINT('',(1.058709102692,3.021494014928));
#2740 = CARTESIAN_POINT('',(1.089795596726,3.136820472629));
#2741 = CARTESIAN_POINT('',(1.119587344776,3.254799005308));
#2742 = CARTESIAN_POINT('',(1.148218577537,3.375038337089));
#2743 = CARTESIAN_POINT('',(1.175801517245,3.497229854677));
#2744 = CARTESIAN_POINT('',(1.20243817063,3.621142268623));
#2745 = CARTESIAN_POINT('',(1.260974389902,3.906041281963));
#2746 = CARTESIAN_POINT('',(1.292338557571,4.067937748783));
#2747 = CARTESIAN_POINT('',(1.322494760665,4.231961295024));
#2748 = CARTESIAN_POINT('',(1.351579279957,4.397823446347));
#2749 = CARTESIAN_POINT('',(1.37970362424,4.565293711996));
#2750 = CARTESIAN_POINT('',(1.406965517851,4.734195969091));
#2751 = CARTESIAN_POINT('',(1.475483086416,5.174548313709));
#2752 = CARTESIAN_POINT('',(1.515548178172,5.447921931374));
#2753 = CARTESIAN_POINT('',(1.553983171008,5.724001294898));
#2754 = CARTESIAN_POINT('',(1.591022060255,6.002364871141));
#2755 = CARTESIAN_POINT('',(1.626855532645,6.282681917592));
#2756 = CARTESIAN_POINT('',(1.661640271634,6.564710571339));
#2757 = CARTESIAN_POINT('',(1.735899698365,7.186414078181));
#2758 = CARTESIAN_POINT('',(1.774983454874,7.526690663912));
#2759 = CARTESIAN_POINT('',(1.812989273369,7.868804263));
#2760 = CARTESIAN_POINT('',(1.850088921345,8.212491287535));
#2761 = CARTESIAN_POINT('',(1.886423629813,8.557536908887));
#2762 = CARTESIAN_POINT('',(1.922117244363,8.903770973466));
#2763 = CARTESIAN_POINT('',(1.957279646518,9.25106615556));
#2764 = ( GEOMETRIC_REPRESENTATION_CONTEXT(2) 
PARAMETRIC_REPRESENTATION_CONTEXT() REPRESENTATION_CONTEXT('2D SPACE',''
  ) );
#2765 = ORIENTED_EDGE('',*,*,#2766,.F.);
#2766 = EDGE_CURVE('',#502,#2531,#2767,.T.);
#2767 = SURFACE_CURVE('',#2768,(#2806,#2847),.PCURVE_S1.);
#2768 = B_SPLINE_CURVE_WITH_KNOTS('',6,(#2769,#2770,#2771,#2772,#2773,
    #2774,#2775,#2776,#2777,#2778,#2779,#2780,#2781,#2782,#2783,#2784,
    #2785,#2786,#2787,#2788,#2789,#2790,#2791,#2792,#2793,#2794,#2795,
    #2796,#2797,#2798,#2799,#2800,#2801,#2802,#2803,#2804,#2805),
  .UNSPECIFIED.,.F.,.F.,(7,5,5,5,5,5,5,7),(0.,0.179747117016,
    0.344993202282,0.494719126689,0.627584704345,0.788203431082,
    0.91654842502,1.),.UNSPECIFIED.);
#2769 = CARTESIAN_POINT('',(1.980646784849,13.027997566761,3.19210120378
    ));
#2770 = CARTESIAN_POINT('',(1.952949118517,12.973460384359,
    3.435428032104));
#2771 = CARTESIAN_POINT('',(1.928419653977,12.918333787058,
    3.679060622909));
#2772 = CARTESIAN_POINT('',(1.907192609231,12.862617819572,
    3.922999134389));
#2773 = CARTESIAN_POINT('',(1.889427111022,12.806306392405,
    4.167240310439));
#2774 = CARTESIAN_POINT('',(1.875315482137,12.749383628603,
    4.411777534935));
#2775 = CARTESIAN_POINT('',(1.855692388929,12.638900699733,
    4.881673204387));
#2776 = CARTESIAN_POINT('',(1.849578967787,12.585440155283,
    5.106985719931));
#2777 = CARTESIAN_POINT('',(1.846933947704,12.531414947249,
    5.332531595081));
#2778 = CARTESIAN_POINT('',(1.847969183842,12.476793467192,
    5.558296901973));
#2779 = CARTESIAN_POINT('',(1.852937476077,12.421529889536,
    5.784260047277));
#2780 = CARTESIAN_POINT('',(1.870486483227,12.314842946739,
    6.215283769109));
#2781 = CARTESIAN_POINT('',(1.882308215836,12.263547093038,
    6.420311711226));
#2782 = CARTESIAN_POINT('',(1.897838352257,12.211619684699,
    6.625454232108));
#2783 = CARTESIAN_POINT('',(1.917339978115,12.158998882582,6.83067769522
    ));
#2784 = CARTESIAN_POINT('',(1.941126239533,12.105601934493,
    7.035933856955));
#2785 = CARTESIAN_POINT('',(1.994822336105,12.0031419938,7.42327244709)
  );
#2786 = CARTESIAN_POINT('',(2.023740324633,11.954269202627,
    7.605357697356));
#2787 = CARTESIAN_POINT('',(2.056597249835,11.90461567272,7.787370841683
    ));
#2788 = CARTESIAN_POINT('',(2.093698302742,11.854085122341,
    7.969247663523));
#2789 = CARTESIAN_POINT('',(2.135406276722,11.802552515183,8.15089911097
    ));
#2790 = CARTESIAN_POINT('',(2.238682206379,11.686139394404,
    8.551388203107));
#2791 = CARTESIAN_POINT('',(2.302571775594,11.620727535545,
    8.770036558824));
#2792 = CARTESIAN_POINT('',(2.374613589415,11.553307579208,
    8.987985684412));
#2793 = CARTESIAN_POINT('',(2.455765923806,11.483489612292,
    9.204913605446));
#2794 = CARTESIAN_POINT('',(2.54717099037,11.410776560056,9.42033708607)
  );
#2795 = CARTESIAN_POINT('',(2.732914787306,11.273310695637,
    9.803899215913));
#2796 = CARTESIAN_POINT('',(2.822945493076,11.209915105955,
    9.972780959459));
#2797 = CARTESIAN_POINT('',(2.921329893103,11.143757317304,
    10.139870009756));
#2798 = CARTESIAN_POINT('',(3.029031971574,11.074328977663,
    10.30458896982));
#2799 = CARTESIAN_POINT('',(3.147129618951,11.001014171619,
    10.466095935364));
#2800 = CARTESIAN_POINT('',(3.361570803777,10.872072743625,
    10.725293907544));
#2801 = CARTESIAN_POINT('',(3.451045402885,10.819246549012,
    10.82551078726));
#2802 = CARTESIAN_POINT('',(3.545902348806,10.764140065854,
    10.923489794702));
#2803 = CARTESIAN_POINT('',(3.646547452034,10.706475888045,
    11.01874625169));
#2804 = CARTESIAN_POINT('',(3.753373248216,10.645951269329,
    11.110639844313));
#2805 = CARTESIAN_POINT('',(3.866786657111,10.582211610336,
    11.198353173229));
#2806 = PCURVE('',#222,#2807);
#2807 = DEFINITIONAL_REPRESENTATION('',(#2808),#2846);
#2808 = B_SPLINE_CURVE_WITH_KNOTS('',6,(#2809,#2810,#2811,#2812,#2813,
    #2814,#2815,#2816,#2817,#2818,#2819,#2820,#2821,#2822,#2823,#2824,
    #2825,#2826,#2827,#2828,#2829,#2830,#2831,#2832,#2833,#2834,#2835,
    #2836,#2837,#2838,#2839,#2840,#2841,#2842,#2843,#2844,#2845),
  .UNSPECIFIED.,.F.,.F.,(7,5,5,5,5,5,5,7),(0.,0.179747117016,
    0.344993202282,0.494719126689,0.627584704345,0.788203431082,
    0.91654842502,1.),.UNSPECIFIED.);
#2809 = CARTESIAN_POINT('',(0.150894281363,9.2));
#2810 = CARTESIAN_POINT('',(0.149438241322,8.956673171676));
#2811 = CARTESIAN_POINT('',(0.148211239711,8.713040580871));
#2812 = CARTESIAN_POINT('',(0.147227858939,8.46910206939));
#2813 = CARTESIAN_POINT('',(0.146505131224,8.224860893341));
#2814 = CARTESIAN_POINT('',(0.146063434448,7.980323668845));
#2815 = CARTESIAN_POINT('',(0.145802317097,7.510427999392));
#2816 = CARTESIAN_POINT('',(0.145935564459,7.285115483849));
#2817 = CARTESIAN_POINT('',(0.146346370529,7.059569608698));
#2818 = CARTESIAN_POINT('',(0.147056935027,6.833804301806));
#2819 = CARTESIAN_POINT('',(0.148093683632,6.607841156502));
#2820 = CARTESIAN_POINT('',(0.150752379119,6.176817434671));
#2821 = CARTESIAN_POINT('',(0.152310193285,5.971789492554));
#2822 = CARTESIAN_POINT('',(0.154185889755,5.766646971671));
#2823 = CARTESIAN_POINT('',(0.156406930332,5.56142350856));
#2824 = CARTESIAN_POINT('',(0.159006038024,5.356167346824));
#2825 = CARTESIAN_POINT('',(0.164700056112,4.96882875669));
#2826 = CARTESIAN_POINT('',(0.167706106765,4.786743506424));
#2827 = CARTESIAN_POINT('',(0.171069051783,4.604730362096));
#2828 = CARTESIAN_POINT('',(0.174820900945,4.422853540257));
#2829 = CARTESIAN_POINT('',(0.178999831876,4.24120209281));
#2830 = CARTESIAN_POINT('',(0.189276668077,3.840713000673));
#2831 = CARTESIAN_POINT('',(0.195592390072,3.622064644956));
#2832 = CARTESIAN_POINT('',(0.202682314201,3.404115519368));
#2833 = CARTESIAN_POINT('',(0.210648094628,3.187187598333));
#2834 = CARTESIAN_POINT('',(0.219611885703,2.97176411771));
#2835 = CARTESIAN_POINT('',(0.237841816729,2.588201987867));
#2836 = CARTESIAN_POINT('',(0.246682543031,2.41932024432));
#2837 = CARTESIAN_POINT('',(0.256355632975,2.252231194024));
#2838 = CARTESIAN_POINT('',(0.266965929312,2.08751223396));
#2839 = CARTESIAN_POINT('',(0.27863265103,1.926005268415));
#2840 = CARTESIAN_POINT('',(0.299896218077,1.666807296236));
#2841 = CARTESIAN_POINT('',(0.308786782331,1.566590416588));
#2842 = CARTESIAN_POINT('',(0.318234417977,1.468611408897));
#2843 = CARTESIAN_POINT('',(0.328285320211,1.373354952288));
#2844 = CARTESIAN_POINT('',(0.338985597462,1.281461359374));
#2845 = CARTESIAN_POINT('',(0.350383942309,1.193748030551));
#2846 = ( GEOMETRIC_REPRESENTATION_CONTEXT(2) 
PARAMETRIC_REPRESENTATION_CONTEXT() REPRESENTATION_CONTEXT('2D SPACE',''
  ) );
#2847 = PCURVE('',#462,#2848);
#2848 = DEFINITIONAL_REPRESENTATION('',(#2849),#2887);
#2849 = B_SPLINE_CURVE_WITH_KNOTS('',6,(#2850,#2851,#2852,#2853,#2854,
    #2855,#2856,#2857,#2858,#2859,#2860,#2861,#2862,#2863,#2864,#2865,
    #2866,#2867,#2868,#2869,#2870,#2871,#2872,#2873,#2874,#2875,#2876,
    #2877,#2878,#2879,#2880,#2881,#2882,#2883,#2884,#2885,#2886),
  .UNSPECIFIED.,.F.,.F.,(7,5,5,5,5,5,5,7),(0.,0.179747117016,
    0.344993202282,0.494719126689,0.627584704345,0.788203431082,
    0.91654842502,1.),.UNSPECIFIED.);
#2850 = CARTESIAN_POINT('',(-1.124455483859,9.25106615556));
#2851 = CARTESIAN_POINT('',(-1.101608185199,9.025405897393));
#2852 = CARTESIAN_POINT('',(-1.078529764041,8.800201542177));
#2853 = CARTESIAN_POINT('',(-1.055187213398,8.575496130455));
#2854 = CARTESIAN_POINT('',(-1.031544750826,8.351339909054));
#2855 = CARTESIAN_POINT('',(-1.007562009973,8.127790919343));
#2856 = CARTESIAN_POINT('',(-0.960788477018,7.700020636203));
#2857 = CARTESIAN_POINT('',(-0.938057789379,7.495696517402));
#2858 = CARTESIAN_POINT('',(-0.914963528671,7.291994025882));
#2859 = CARTESIAN_POINT('',(-0.891465131155,7.08897432446));
#2860 = CARTESIAN_POINT('',(-0.867515615166,6.886709693158));
#2861 = CARTESIAN_POINT('',(-0.82089955158,6.502777045336));
#2862 = CARTESIAN_POINT('',(-0.798324068338,6.320961077858));
#2863 = CARTESIAN_POINT('',(-0.775290555299,6.139897628192));
#2864 = CARTESIAN_POINT('',(-0.751751982264,5.959662593491));
#2865 = CARTESIAN_POINT('',(-0.727652895105,5.780347508028));
#2866 = CARTESIAN_POINT('',(-0.680983440735,5.443850110142));
#2867 = CARTESIAN_POINT('',(-0.658547025911,5.28645274219));
#2868 = CARTESIAN_POINT('',(-0.635568851961,5.129941946293));
#2869 = CARTESIAN_POINT('',(-0.611995418004,4.974411404495));
#2870 = CARTESIAN_POINT('',(-0.587762951784,4.819976330043));
#2871 = CARTESIAN_POINT('',(-0.532606836541,4.481572392045));
#2872 = CARTESIAN_POINT('',(-0.501346840651,4.298198900305));
#2873 = CARTESIAN_POINT('',(-0.468868913212,4.116863282408));
#2874 = CARTESIAN_POINT('',(-0.435002527703,3.937903115947));
#2875 = CARTESIAN_POINT('',(-0.399545938235,3.761778974006));
#2876 = CARTESIAN_POINT('',(-0.332356283831,3.451127063846));
#2877 = CARTESIAN_POINT('',(-0.301316862501,3.315401005521));
#2878 = CARTESIAN_POINT('',(-0.268920772594,3.182195421076));
#2879 = CARTESIAN_POINT('',(-0.23498763414,3.051979456287));
#2880 = CARTESIAN_POINT('',(-0.199315958692,2.92540161269));
#2881 = CARTESIAN_POINT('',(-0.137085110953,2.723986638543));
#2882 = CARTESIAN_POINT('',(-0.111711367095,2.646565857729));
#2883 = CARTESIAN_POINT('',(-8.540011798314E-02,2.571319870321));
#2884 = CARTESIAN_POINT('',(-5.806862681201E-02,2.498595962557));
#2885 = CARTESIAN_POINT('',(-2.963417402808E-02,2.428842271997));
#2886 = CARTESIAN_POINT('',(0.,2.362618349381));
#2887 = ( GEOMETRIC_REPRESENTATION_CONTEXT(2) 
PARAMETRIC_REPRESENTATION_CONTEXT() REPRESENTATION_CONTEXT('2D SPACE',''
  ) );
#2888 = ADVANCED_FACE('',(#2889),#748,.F.);
#2889 = FACE_BOUND('',#2890,.F.);
#2890 = EDGE_LOOP('',(#2891,#2892));
#2891 = ORIENTED_EDGE('',*,*,#731,.F.);
#2892 = ORIENTED_EDGE('',*,*,#1587,.T.);
#2893 = ADVANCED_FACE('',(#2894),#251,.F.);
#2894 = FACE_BOUND('',#2895,.F.);
#2895 = EDGE_LOOP('',(#2896,#2897));
#2896 = ORIENTED_EDGE('',*,*,#234,.F.);
#2897 = ORIENTED_EDGE('',*,*,#1914,.T.);
#2898 = ADVANCED_FACE('',(#2899,#2930),#851,.T.);
#2899 = FACE_BOUND('',#2900,.T.);
#2900 = EDGE_LOOP('',(#2901));
#2901 = ORIENTED_EDGE('',*,*,#2902,.T.);
#2902 = EDGE_CURVE('',#2903,#2903,#2905,.T.);
#2903 = VERTEX_POINT('',#2904);
#2904 = CARTESIAN_POINT('',(-5.216995364368E-15,21.301715890332,
    39.29210120378));
#2905 = SURFACE_CURVE('',#2906,(#2911,#2918),.PCURVE_S1.);
#2906 = CIRCLE('',#2907,21.3);
#2907 = AXIS2_PLACEMENT_3D('',#2908,#2909,#2910);
#2908 = CARTESIAN_POINT('',(0.,1.715890331963E-03,39.29210120378));
#2909 = DIRECTION('',(0.,1.110223024625E-16,-1.));
#2910 = DIRECTION('',(0.,1.,1.110223024625E-16));
#2911 = PCURVE('',#851,#2912);
#2912 = DEFINITIONAL_REPRESENTATION('',(#2913),#2917);
#2913 = CIRCLE('',#2914,21.3);
#2914 = AXIS2_PLACEMENT_2D('',#2915,#2916);
#2915 = CARTESIAN_POINT('',(0.,0.));
#2916 = DIRECTION('',(1.,0.));
#2917 = ( GEOMETRIC_REPRESENTATION_CONTEXT(2) 
PARAMETRIC_REPRESENTATION_CONTEXT() REPRESENTATION_CONTEXT('2D SPACE',''
  ) );
#2918 = PCURVE('',#2919,#2924);
#2919 = CYLINDRICAL_SURFACE('',#2920,21.3);
#2920 = AXIS2_PLACEMENT_3D('',#2921,#2922,#2923);
#2921 = CARTESIAN_POINT('',(0.,1.715890331962E-03,48.29210120378));
#2922 = DIRECTION('',(0.,1.110223024625E-16,-1.));
#2923 = DIRECTION('',(0.,1.,1.110223024625E-16));
#2924 = DEFINITIONAL_REPRESENTATION('',(#2925),#2929);
#2925 = LINE('',#2926,#2927);
#2926 = CARTESIAN_POINT('',(0.,9.));
#2927 = VECTOR('',#2928,1.);
#2928 = DIRECTION('',(1.,0.));
#2929 = ( GEOMETRIC_REPRESENTATION_CONTEXT(2) 
PARAMETRIC_REPRESENTATION_CONTEXT() REPRESENTATION_CONTEXT('2D SPACE',''
  ) );
#2930 = FACE_BOUND('',#2931,.T.);
#2931 = EDGE_LOOP('',(#2932));
#2932 = ORIENTED_EDGE('',*,*,#836,.F.);
#2933 = ADVANCED_FACE('',(#2934,#2965),#1234,.F.);
#2934 = FACE_BOUND('',#2935,.F.);
#2935 = EDGE_LOOP('',(#2936));
#2936 = ORIENTED_EDGE('',*,*,#2937,.T.);
#2937 = EDGE_CURVE('',#2938,#2938,#2940,.T.);
#2938 = VERTEX_POINT('',#2939);
#2939 = CARTESIAN_POINT('',(-4.482207284879E-15,18.301715890332,
    12.29210120378));
#2940 = SURFACE_CURVE('',#2941,(#2946,#2953),.PCURVE_S1.);
#2941 = CIRCLE('',#2942,18.3);
#2942 = AXIS2_PLACEMENT_3D('',#2943,#2944,#2945);
#2943 = CARTESIAN_POINT('',(0.,1.715890331966E-03,12.29210120378));
#2944 = DIRECTION('',(0.,1.110223024625E-16,-1.));
#2945 = DIRECTION('',(0.,1.,1.110223024625E-16));
#2946 = PCURVE('',#1234,#2947);
#2947 = DEFINITIONAL_REPRESENTATION('',(#2948),#2952);
#2948 = CIRCLE('',#2949,18.3);
#2949 = AXIS2_PLACEMENT_2D('',#2950,#2951);
#2950 = CARTESIAN_POINT('',(0.,0.));
#2951 = DIRECTION('',(1.,0.));
#2952 = ( GEOMETRIC_REPRESENTATION_CONTEXT(2) 
PARAMETRIC_REPRESENTATION_CONTEXT() REPRESENTATION_CONTEXT('2D SPACE',''
  ) );
#2953 = PCURVE('',#2954,#2959);
#2954 = CYLINDRICAL_SURFACE('',#2955,18.3);
#2955 = AXIS2_PLACEMENT_3D('',#2956,#2957,#2958);
#2956 = CARTESIAN_POINT('',(0.,1.715890331964E-03,32.29210120378));
#2957 = DIRECTION('',(0.,1.110223024625E-16,-1.));
#2958 = DIRECTION('',(0.,1.,1.110223024625E-16));
#2959 = DEFINITIONAL_REPRESENTATION('',(#2960),#2964);
#2960 = LINE('',#2961,#2962);
#2961 = CARTESIAN_POINT('',(0.,20.));
#2962 = VECTOR('',#2963,1.);
#2963 = DIRECTION('',(1.,0.));
#2964 = ( GEOMETRIC_REPRESENTATION_CONTEXT(2) 
PARAMETRIC_REPRESENTATION_CONTEXT() REPRESENTATION_CONTEXT('2D SPACE',''
  ) );
#2965 = FACE_BOUND('',#2966,.F.);
#2966 = EDGE_LOOP('',(#2967));
#2967 = ORIENTED_EDGE('',*,*,#1219,.F.);
#2968 = ADVANCED_FACE('',(#2969,#3314),#2919,.T.);
#2969 = FACE_BOUND('',#2970,.T.);
#2970 = EDGE_LOOP('',(#2971,#2994,#2995,#2996,#3075,#3137,#3160,#3187,
    #3188));
#2971 = ORIENTED_EDGE('',*,*,#2972,.T.);
#2972 = EDGE_CURVE('',#2973,#2903,#2975,.T.);
#2973 = VERTEX_POINT('',#2974);
#2974 = CARTESIAN_POINT('',(-5.216995364368E-15,21.301715890332,
    39.74210120378));
#2975 = SEAM_CURVE('',#2976,(#2980,#2987),.PCURVE_S1.);
#2976 = LINE('',#2977,#2978);
#2977 = CARTESIAN_POINT('',(-5.216995364368E-15,21.301715890332,
    48.29210120378));
#2978 = VECTOR('',#2979,1.);
#2979 = DIRECTION('',(0.,1.110223024625E-16,-1.));
#2980 = PCURVE('',#2919,#2981);
#2981 = DEFINITIONAL_REPRESENTATION('',(#2982),#2986);
#2982 = LINE('',#2983,#2984);
#2983 = CARTESIAN_POINT('',(6.28318530718,-0.));
#2984 = VECTOR('',#2985,1.);
#2985 = DIRECTION('',(0.,1.));
#2986 = ( GEOMETRIC_REPRESENTATION_CONTEXT(2) 
PARAMETRIC_REPRESENTATION_CONTEXT() REPRESENTATION_CONTEXT('2D SPACE',''
  ) );
#2987 = PCURVE('',#2919,#2988);
#2988 = DEFINITIONAL_REPRESENTATION('',(#2989),#2993);
#2989 = LINE('',#2990,#2991);
#2990 = CARTESIAN_POINT('',(0.,-0.));
#2991 = VECTOR('',#2992,1.);
#2992 = DIRECTION('',(0.,1.));
#2993 = ( GEOMETRIC_REPRESENTATION_CONTEXT(2) 
PARAMETRIC_REPRESENTATION_CONTEXT() REPRESENTATION_CONTEXT('2D SPACE',''
  ) );
#2994 = ORIENTED_EDGE('',*,*,#2902,.F.);
#2995 = ORIENTED_EDGE('',*,*,#2972,.F.);
#2996 = ORIENTED_EDGE('',*,*,#2997,.F.);
#2997 = EDGE_CURVE('',#2998,#2973,#3000,.T.);
#2998 = VERTEX_POINT('',#2999);
#2999 = CARTESIAN_POINT('',(4.05,20.913136215121,43.79210120378));
#3000 = SURFACE_CURVE('',#3001,(#3022,#3046),.PCURVE_S1.);
#3001 = B_SPLINE_CURVE_WITH_KNOTS('',7,(#3002,#3003,#3004,#3005,#3006,
    #3007,#3008,#3009,#3010,#3011,#3012,#3013,#3014,#3015,#3016,#3017,
    #3018,#3019,#3020,#3021),.UNSPECIFIED.,.F.,.F.,(8,6,6,8),(0.,
    0.533222622943,0.813070620855,1.),.UNSPECIFIED.);
#3002 = CARTESIAN_POINT('',(4.05,20.913136215121,43.79210120378));
#3003 = CARTESIAN_POINT('',(4.049999957978,20.913136223259,
    43.371885132023));
#3004 = CARTESIAN_POINT('',(3.999132854659,20.922987718465,
    42.952326121268));
#3005 = CARTESIAN_POINT('',(3.897685689142,20.942636106436,
    42.536820473942));
#3006 = CARTESIAN_POINT('',(3.744381097694,20.971516884231,
    42.129031317129));
#3007 = CARTESIAN_POINT('',(3.536835052127,21.008505223602,
    41.733895327432));
#3008 = CARTESIAN_POINT('',(3.27177331064,21.051508955858,
    41.358267054885));
#3009 = CARTESIAN_POINT('',(2.77481784538,21.120906523073,
    40.831525034991));
#3010 = CARTESIAN_POINT('',(2.586488014393,21.145556423278,
    40.657986146315));
#3011 = CARTESIAN_POINT('',(2.38064717357,21.170409518961,
    40.494305052508));
#3012 = CARTESIAN_POINT('',(2.157255422514,21.194782255727,
    40.342739890774));
#3013 = CARTESIAN_POINT('',(1.916504532514,21.217872232469,
    40.205736071319));
#3014 = CARTESIAN_POINT('',(1.658871631036,21.23879123727,
    40.085961121418));
#3015 = CARTESIAN_POINT('',(1.202365510273,21.26854171934,39.9198064817)
  );
#3016 = CARTESIAN_POINT('',(1.012378495646,21.279080841244,
    39.862259605753));
#3017 = CARTESIAN_POINT('',(0.816404064728,21.287912238525,
    39.814923002132));
#3018 = CARTESIAN_POINT('',(0.615753015868,21.29475092638,
    39.778731279788));
#3019 = CARTESIAN_POINT('',(0.411827572816,21.299389650118,
    39.75433568472));
#3020 = CARTESIAN_POINT('',(0.206084903157,21.301715890332,
    39.74210120378));
#3021 = CARTESIAN_POINT('',(6.199774420683E-16,21.301715890332,
    39.74210120378));
#3022 = PCURVE('',#2919,#3023);
#3023 = DEFINITIONAL_REPRESENTATION('',(#3024),#3045);
#3024 = B_SPLINE_CURVE_WITH_KNOTS('',7,(#3025,#3026,#3027,#3028,#3029,
    #3030,#3031,#3032,#3033,#3034,#3035,#3036,#3037,#3038,#3039,#3040,
    #3041,#3042,#3043,#3044),.UNSPECIFIED.,.F.,.F.,(8,6,6,8),(0.,
    0.533222622943,0.813070620855,1.),.UNSPECIFIED.);
#3025 = CARTESIAN_POINT('',(0.191305606817,4.5));
#3026 = CARTESIAN_POINT('',(0.191305604807,4.920216071757));
#3027 = CARTESIAN_POINT('',(0.188873104988,5.339775082512));
#3028 = CARTESIAN_POINT('',(0.184021804467,5.755280729838));
#3029 = CARTESIAN_POINT('',(0.176697939408,6.163069886651));
#3030 = CARTESIAN_POINT('',(0.16680145123,6.558205876348));
#3031 = CARTESIAN_POINT('',(0.15419759775,6.933834148895));
#3032 = CARTESIAN_POINT('',(0.130639964091,7.460576168788));
#3033 = CARTESIAN_POINT('',(0.1217231066,7.634115057465));
#3034 = CARTESIAN_POINT('',(0.111989833288,7.797796151271));
#3035 = CARTESIAN_POINT('',(0.101441111696,7.949361313006));
#3036 = CARTESIAN_POINT('',(9.008818373006E-02,8.08636513246));
#3037 = CARTESIAN_POINT('',(7.795448051494E-02,8.206140082362));
#3038 = CARTESIAN_POINT('',(5.647680387733E-02,8.37229472208));
#3039 = CARTESIAN_POINT('',(4.754392847639E-02,8.429841598027));
#3040 = CARTESIAN_POINT('',(3.8334727366E-02,8.477178201647));
#3041 = CARTESIAN_POINT('',(2.891006941708E-02,8.513369923992));
#3042 = CARTESIAN_POINT('',(1.933462860083E-02,8.53776551906));
#3043 = CARTESIAN_POINT('',(9.67534756607E-03,8.55));
#3044 = CARTESIAN_POINT('',(0.,8.55));
#3045 = ( GEOMETRIC_REPRESENTATION_CONTEXT(2) 
PARAMETRIC_REPRESENTATION_CONTEXT() REPRESENTATION_CONTEXT('2D SPACE',''
  ) );
#3046 = PCURVE('',#3047,#3052);
#3047 = CYLINDRICAL_SURFACE('',#3048,4.05);
#3048 = AXIS2_PLACEMENT_3D('',#3049,#3050,#3051);
#3049 = CARTESIAN_POINT('',(0.,-23.29828410966,43.79210120378));
#3050 = DIRECTION('',(0.,1.,1.110223024625E-16));
#3051 = DIRECTION('',(1.,0.,0.));
#3052 = DEFINITIONAL_REPRESENTATION('',(#3053),#3074);
#3053 = B_SPLINE_CURVE_WITH_KNOTS('',7,(#3054,#3055,#3056,#3057,#3058,
    #3059,#3060,#3061,#3062,#3063,#3064,#3065,#3066,#3067,#3068,#3069,
    #3070,#3071,#3072,#3073),.UNSPECIFIED.,.F.,.F.,(8,6,6,8),(0.,
    0.533222622943,0.813070620855,1.),.UNSPECIFIED.);
#3054 = CARTESIAN_POINT('',(0.,44.211420324789));
#3055 = CARTESIAN_POINT('',(0.103757054755,44.211420332928));
#3056 = CARTESIAN_POINT('',(0.207351666103,44.221271828133));
#3057 = CARTESIAN_POINT('',(0.31177108396,44.240920216104));
#3058 = CARTESIAN_POINT('',(0.417905119058,44.269800993899));
#3059 = CARTESIAN_POINT('',(0.526669811702,44.30678933327));
#3060 = CARTESIAN_POINT('',(0.639045078935,44.349793065527));
#3061 = CARTESIAN_POINT('',(0.817852435382,44.419190632741));
#3062 = CARTESIAN_POINT('',(0.880930909514,44.443840532946));
#3063 = CARTESIAN_POINT('',(0.945586322718,44.468693628629));
#3064 = CARTESIAN_POINT('',(1.011887241727,44.493066365395));
#3065 = CARTESIAN_POINT('',(1.079923949628,44.516156342137));
#3066 = CARTESIAN_POINT('',(1.149815694085,44.537075346938));
#3067 = CARTESIAN_POINT('',(1.26976721673,44.566825829008));
#3068 = CARTESIAN_POINT('',(1.318708343263,44.577364950912));
#3069 = CARTESIAN_POINT('',(1.368357506597,44.586196348193));
#3070 = CARTESIAN_POINT('',(1.418543327269,44.593035036048));
#3071 = CARTESIAN_POINT('',(1.469110510627,44.597673759786));
#3072 = CARTESIAN_POINT('',(1.519911165521,44.6));
#3073 = CARTESIAN_POINT('',(1.570796326795,44.6));
#3074 = ( GEOMETRIC_REPRESENTATION_CONTEXT(2) 
PARAMETRIC_REPRESENTATION_CONTEXT() REPRESENTATION_CONTEXT('2D SPACE',''
  ) );
#3075 = ORIENTED_EDGE('',*,*,#3076,.F.);
#3076 = EDGE_CURVE('',#3077,#2998,#3079,.T.);
#3077 = VERTEX_POINT('',#3078);
#3078 = CARTESIAN_POINT('',(-5.216995364368E-15,21.301715890332,
    47.84210120378));
#3079 = SURFACE_CURVE('',#3080,(#3097,#3117),.PCURVE_S1.);
#3080 = B_SPLINE_CURVE_WITH_KNOTS('',8,(#3081,#3082,#3083,#3084,#3085,
    #3086,#3087,#3088,#3089,#3090,#3091,#3092,#3093,#3094,#3095,#3096),
  .UNSPECIFIED.,.F.,.F.,(9,7,9),(0.,0.309018747304,1.),.UNSPECIFIED.);
#3081 = CARTESIAN_POINT('',(-3.71986465241E-16,21.301715890332,
    47.84210120378));
#3082 = CARTESIAN_POINT('',(0.299839335638,21.301715890332,
    47.84210120378));
#3083 = CARTESIAN_POINT('',(0.597163187009,21.296892048476,
    47.816731641978));
#3084 = CARTESIAN_POINT('',(0.888691697243,21.287386249856,
    47.766737059738));
#3085 = CARTESIAN_POINT('',(1.171272923635,21.273627162785,
    47.693518633686));
#3086 = CARTESIAN_POINT('',(1.441992193958,21.256305022821,
    47.599110242362));
#3087 = CARTESIAN_POINT('',(1.698274819903,21.236292146489,
    47.48616542673));
#3088 = CARTESIAN_POINT('',(1.937979276056,21.21453766201,
    47.357951395819));
#3089 = CARTESIAN_POINT('',(2.65475998507,21.141491227577,
    46.906182147894));
#3090 = CARTESIAN_POINT('',(3.068905377185,21.08591810398,
    46.530830778979));
#3091 = CARTESIAN_POINT('',(3.404325098086,21.032541207681,
    46.114640973796));
#3092 = CARTESIAN_POINT('',(3.665949171124,20.986382087875,
    45.671994669331));
#3093 = CARTESIAN_POINT('',(3.858562086742,20.950210441936,
    45.21272980564));
#3094 = CARTESIAN_POINT('',(3.985913280077,20.925548611157,
    44.743473943334));
#3095 = CARTESIAN_POINT('',(4.049999952344,20.913136224351,
    44.268657182624));
#3096 = CARTESIAN_POINT('',(4.05,20.913136215121,43.79210120378));
#3097 = PCURVE('',#2919,#3098);
#3098 = DEFINITIONAL_REPRESENTATION('',(#3099),#3116);
#3099 = B_SPLINE_CURVE_WITH_KNOTS('',8,(#3100,#3101,#3102,#3103,#3104,
    #3105,#3106,#3107,#3108,#3109,#3110,#3111,#3112,#3113,#3114,#3115),
  .UNSPECIFIED.,.F.,.F.,(9,7,9),(0.,0.309018747304,1.),.UNSPECIFIED.);
#3100 = CARTESIAN_POINT('',(0.,0.45));
#3101 = CARTESIAN_POINT('',(1.407696411445E-02,0.45));
#3102 = CARTESIAN_POINT('',(2.803583219433E-02,0.475369561801));
#3103 = CARTESIAN_POINT('',(4.172685979722E-02,0.525364144041));
#3104 = CARTESIAN_POINT('',(5.500605004306E-02,0.598582570094));
#3105 = CARTESIAN_POINT('',(6.773922756637E-02,0.692990961418));
#3106 = CARTESIAN_POINT('',(7.98062842304E-02,0.805935777049));
#3107 = CARTESIAN_POINT('',(9.110557374538E-02,0.93414980796));
#3108 = CARTESIAN_POINT('',(0.124931542812,1.385919055886));
#3109 = CARTESIAN_POINT('',(0.144539312024,1.7612704248));
#3110 = CARTESIAN_POINT('',(0.16047915578,2.177460229984));
#3111 = CARTESIAN_POINT('',(0.172950234837,2.620106534448));
#3112 = CARTESIAN_POINT('',(0.182150881362,3.07937139814));
#3113 = CARTESIAN_POINT('',(0.188240935333,3.548627260446));
#3114 = CARTESIAN_POINT('',(0.191305604538,4.023444021156));
#3115 = CARTESIAN_POINT('',(0.191305606817,4.5));
#3116 = ( GEOMETRIC_REPRESENTATION_CONTEXT(2) 
PARAMETRIC_REPRESENTATION_CONTEXT() REPRESENTATION_CONTEXT('2D SPACE',''
  ) );
#3117 = PCURVE('',#3047,#3118);
#3118 = DEFINITIONAL_REPRESENTATION('',(#3119),#3136);
#3119 = B_SPLINE_CURVE_WITH_KNOTS('',8,(#3120,#3121,#3122,#3123,#3124,
    #3125,#3126,#3127,#3128,#3129,#3130,#3131,#3132,#3133,#3134,#3135),
  .UNSPECIFIED.,.F.,.F.,(9,7,9),(0.,0.309018747304,1.),.UNSPECIFIED.);
#3120 = CARTESIAN_POINT('',(4.712388980385,44.6));
#3121 = CARTESIAN_POINT('',(4.786423384246,44.6));
#3122 = CARTESIAN_POINT('',(4.859836652618,44.595176158144));
#3123 = CARTESIAN_POINT('',(4.932437457882,44.585670359524));
#3124 = CARTESIAN_POINT('',(5.00402188795,44.571911272453));
#3125 = CARTESIAN_POINT('',(5.074359190567,44.554589132489));
#3126 = CARTESIAN_POINT('',(5.143174312828,44.534576256157));
#3127 = CARTESIAN_POINT('',(5.21012520409,44.512821771678));
#3128 = CARTESIAN_POINT('',(5.419328195642,44.439775337245));
#3129 = CARTESIAN_POINT('',(5.555254801322,44.384202213648));
#3130 = CARTESIAN_POINT('',(5.684711816667,44.330825317349));
#3131 = CARTESIAN_POINT('',(5.809153171128,44.284666197543));
#3132 = CARTESIAN_POINT('',(5.92993294969,44.248494551604));
#3133 = CARTESIAN_POINT('',(6.048277875885,44.223832720825));
#3134 = CARTESIAN_POINT('',(6.165517164255,44.211420334019));
#3135 = CARTESIAN_POINT('',(6.28318530718,44.211420324789));
#3136 = ( GEOMETRIC_REPRESENTATION_CONTEXT(2) 
PARAMETRIC_REPRESENTATION_CONTEXT() REPRESENTATION_CONTEXT('2D SPACE',''
  ) );
#3137 = ORIENTED_EDGE('',*,*,#3138,.F.);
#3138 = EDGE_CURVE('',#3139,#3077,#3141,.T.);
#3139 = VERTEX_POINT('',#3140);
#3140 = CARTESIAN_POINT('',(-5.216995364368E-15,21.301715890332,
    48.29210120378));
#3141 = SEAM_CURVE('',#3142,(#3146,#3153),.PCURVE_S1.);
#3142 = LINE('',#3143,#3144);
#3143 = CARTESIAN_POINT('',(-5.216995364368E-15,21.301715890332,
    48.29210120378));
#3144 = VECTOR('',#3145,1.);
#3145 = DIRECTION('',(0.,1.110223024625E-16,-1.));
#3146 = PCURVE('',#2919,#3147);
#3147 = DEFINITIONAL_REPRESENTATION('',(#3148),#3152);
#3148 = LINE('',#3149,#3150);
#3149 = CARTESIAN_POINT('',(6.28318530718,-0.));
#3150 = VECTOR('',#3151,1.);
#3151 = DIRECTION('',(0.,1.));
#3152 = ( GEOMETRIC_REPRESENTATION_CONTEXT(2) 
PARAMETRIC_REPRESENTATION_CONTEXT() REPRESENTATION_CONTEXT('2D SPACE',''
  ) );
#3153 = PCURVE('',#2919,#3154);
#3154 = DEFINITIONAL_REPRESENTATION('',(#3155),#3159);
#3155 = LINE('',#3156,#3157);
#3156 = CARTESIAN_POINT('',(0.,-0.));
#3157 = VECTOR('',#3158,1.);
#3158 = DIRECTION('',(0.,1.));
#3159 = ( GEOMETRIC_REPRESENTATION_CONTEXT(2) 
PARAMETRIC_REPRESENTATION_CONTEXT() REPRESENTATION_CONTEXT('2D SPACE',''
  ) );
#3160 = ORIENTED_EDGE('',*,*,#3161,.T.);
#3161 = EDGE_CURVE('',#3139,#3139,#3162,.T.);
#3162 = SURFACE_CURVE('',#3163,(#3168,#3175),.PCURVE_S1.);
#3163 = CIRCLE('',#3164,21.3);
#3164 = AXIS2_PLACEMENT_3D('',#3165,#3166,#3167);
#3165 = CARTESIAN_POINT('',(0.,1.715890331962E-03,48.29210120378));
#3166 = DIRECTION('',(0.,1.110223024625E-16,-1.));
#3167 = DIRECTION('',(0.,1.,1.110223024625E-16));
#3168 = PCURVE('',#2919,#3169);
#3169 = DEFINITIONAL_REPRESENTATION('',(#3170),#3174);
#3170 = LINE('',#3171,#3172);
#3171 = CARTESIAN_POINT('',(0.,0.));
#3172 = VECTOR('',#3173,1.);
#3173 = DIRECTION('',(1.,0.));
#3174 = ( GEOMETRIC_REPRESENTATION_CONTEXT(2) 
PARAMETRIC_REPRESENTATION_CONTEXT() REPRESENTATION_CONTEXT('2D SPACE',''
  ) );
#3175 = PCURVE('',#3176,#3181);
#3176 = PLANE('',#3177);
#3177 = AXIS2_PLACEMENT_3D('',#3178,#3179,#3180);
#3178 = CARTESIAN_POINT('',(0.,1.715890331962E-03,48.29210120378));
#3179 = DIRECTION('',(0.,1.110223024625E-16,-1.));
#3180 = DIRECTION('',(0.,1.,1.110223024625E-16));
#3181 = DEFINITIONAL_REPRESENTATION('',(#3182),#3186);
#3182 = CIRCLE('',#3183,21.3);
#3183 = AXIS2_PLACEMENT_2D('',#3184,#3185);
#3184 = CARTESIAN_POINT('',(0.,0.));
#3185 = DIRECTION('',(1.,0.));
#3186 = ( GEOMETRIC_REPRESENTATION_CONTEXT(2) 
PARAMETRIC_REPRESENTATION_CONTEXT() REPRESENTATION_CONTEXT('2D SPACE',''
  ) );
#3187 = ORIENTED_EDGE('',*,*,#3138,.T.);
#3188 = ORIENTED_EDGE('',*,*,#3189,.F.);
#3189 = EDGE_CURVE('',#2973,#3077,#3190,.T.);
#3190 = SURFACE_CURVE('',#3191,(#3230,#3272),.PCURVE_S1.);
#3191 = B_SPLINE_CURVE_WITH_KNOTS('',7,(#3192,#3193,#3194,#3195,#3196,
    #3197,#3198,#3199,#3200,#3201,#3202,#3203,#3204,#3205,#3206,#3207,
    #3208,#3209,#3210,#3211,#3212,#3213,#3214,#3215,#3216,#3217,#3218,
    #3219,#3220,#3221,#3222,#3223,#3224,#3225,#3226,#3227,#3228,#3229),
  .UNSPECIFIED.,.F.,.F.,(8,6,6,6,6,6,8),(0.,0.15448796598,0.297944916749
    ,0.500012229167,0.702079701331,0.845536478355,1.),.UNSPECIFIED.);
#3192 = CARTESIAN_POINT('',(-1.7763568394E-15,21.301715890332,
    39.74210120378));
#3193 = CARTESIAN_POINT('',(-0.342673526479,21.301715890332,
    39.74210120378));
#3194 = CARTESIAN_POINT('',(-0.681993073869,21.295284101189,
    39.775927286188));
#3195 = CARTESIAN_POINT('',(-1.012710871244,21.282647539057,
    39.842388184802));
#3196 = CARTESIAN_POINT('',(-1.329834975971,21.264606786517,
    39.938979362928));
#3197 = CARTESIAN_POINT('',(-1.628920890561,21.242468749999,
    40.061946835619));
#3198 = CARTESIAN_POINT('',(-1.906336607973,21.217762335959,
    40.206307416464));
#3199 = CARTESIAN_POINT('',(-2.39454406443,21.168009582419,
    40.514012566256));
#3200 = CARTESIAN_POINT('',(-2.611014639514,21.142875338637,
    40.676737583154));
#3201 = CARTESIAN_POINT('',(-2.809091089446,21.117403137331,
    40.851448755953));
#3202 = CARTESIAN_POINT('',(-2.989155770614,21.092301019181,
    41.036007708126));
#3203 = CARTESIAN_POINT('',(-3.151694906737,21.068140582182,
    41.228650772664));
#3204 = CARTESIAN_POINT('',(-3.297228184849,21.045369892854,
    41.427924098511));
#3205 = CARTESIAN_POINT('',(-3.607972616432,20.994725101226,
    41.920953703813));
#3206 = CARTESIAN_POINT('',(-3.757122352267,20.968535281267,
    42.22035107016));
#3207 = CARTESIAN_POINT('',(-3.874997668554,20.946764774423,
    42.527577988482));
#3208 = CARTESIAN_POINT('',(-3.962662638753,20.93005084264,
    42.840197738724));
#3209 = CARTESIAN_POINT('',(-4.020870479263,20.918777987811,
    43.15626856782));
#3210 = CARTESIAN_POINT('',(-4.05,20.913136215121,43.474104295991));
#3211 = CARTESIAN_POINT('',(-4.05,20.913136215121,44.110098362964));
#3212 = CARTESIAN_POINT('',(-4.020870431149,20.918777995876,
    44.42793453286));
#3213 = CARTESIAN_POINT('',(-3.962662442143,20.930050883706,
    44.744005528663));
#3214 = CARTESIAN_POINT('',(-3.874997392306,20.946764824684,
    45.056624938242));
#3215 = CARTESIAN_POINT('',(-3.757122292676,20.968535284895,
    45.363851186567));
#3216 = CARTESIAN_POINT('',(-3.607972980194,20.99472504194,
    45.663248126598));
#3217 = CARTESIAN_POINT('',(-3.297228184849,21.045369892854,
    46.156278309048));
#3218 = CARTESIAN_POINT('',(-3.151694906737,21.068140582182,
    46.355551634895));
#3219 = CARTESIAN_POINT('',(-2.989155770614,21.092301019181,
    46.548194699433));
#3220 = CARTESIAN_POINT('',(-2.809091089446,21.117403137331,
    46.732753651606));
#3221 = CARTESIAN_POINT('',(-2.611014639513,21.142875338637,
    46.907464824405));
#3222 = CARTESIAN_POINT('',(-2.39454406443,21.168009582419,
    47.070189841303));
#3223 = CARTESIAN_POINT('',(-1.906376355504,21.217758285326,
    47.377869939204));
#3224 = CARTESIAN_POINT('',(-1.628955322148,21.242466358642,
    47.522243451106));
#3225 = CARTESIAN_POINT('',(-1.329833758827,21.264608175697,
    47.645231810802));
#3226 = CARTESIAN_POINT('',(-1.012663874919,21.282651213706,
    47.741833549704));
#3227 = CARTESIAN_POINT('',(-0.681914577902,21.295286740628,
    47.808288991778));
#3228 = CARTESIAN_POINT('',(-0.342603245482,21.301715890332,
    47.84210120378));
#3229 = CARTESIAN_POINT('',(-2.6645352591E-15,21.301715890332,
    47.84210120378));
#3230 = PCURVE('',#2919,#3231);
#3231 = DEFINITIONAL_REPRESENTATION('',(#3232),#3271);
#3232 = B_SPLINE_CURVE_WITH_KNOTS('',7,(#3233,#3234,#3235,#3236,#3237,
    #3238,#3239,#3240,#3241,#3242,#3243,#3244,#3245,#3246,#3247,#3248,
    #3249,#3250,#3251,#3252,#3253,#3254,#3255,#3256,#3257,#3258,#3259,
    #3260,#3261,#3262,#3263,#3264,#3265,#3266,#3267,#3268,#3269,#3270),
  .UNSPECIFIED.,.F.,.F.,(8,6,6,6,6,6,8),(0.,0.15448796598,0.297944916749
    ,0.500012229167,0.702079701331,0.845536478355,1.),.UNSPECIFIED.);
#3233 = CARTESIAN_POINT('',(6.28318530718,8.55));
#3234 = CARTESIAN_POINT('',(6.26709734819,8.55));
#3235 = CARTESIAN_POINT('',(6.251166850583,8.516173917591));
#3236 = CARTESIAN_POINT('',(6.235633405463,8.449713018977));
#3237 = CARTESIAN_POINT('',(6.220725108812,8.353121840852));
#3238 = CARTESIAN_POINT('',(6.206647697616,8.23015436816));
#3239 = CARTESIAN_POINT('',(6.193572998945,8.085793787316));
#3240 = CARTESIAN_POINT('',(6.170533748429,7.778088637523));
#3241 = CARTESIAN_POINT('',(6.160303542794,7.615363620625));
#3242 = CARTESIAN_POINT('',(6.150928620348,7.440652447827));
#3243 = CARTESIAN_POINT('',(6.142393833793,7.256093495654));
#3244 = CARTESIAN_POINT('',(6.134679422392,7.063450431115));
#3245 = CARTESIAN_POINT('',(6.127763886429,6.864177105269));
#3246 = CARTESIAN_POINT('',(6.112982459164,6.371147499967));
#3247 = CARTESIAN_POINT('',(6.105873521206,6.07175013362));
#3248 = CARTESIAN_POINT('',(6.10024608623,5.764523215298));
#3249 = CARTESIAN_POINT('',(6.096056227647,5.451903465056));
#3250 = CARTESIAN_POINT('',(6.093272701088,5.135832635959));
#3251 = CARTESIAN_POINT('',(6.091879700363,4.817996907789));
#3252 = CARTESIAN_POINT('',(6.091879700363,4.182002840816));
#3253 = CARTESIAN_POINT('',(6.093272703381,3.864166670919));
#3254 = CARTESIAN_POINT('',(6.096056237071,3.548095675116));
#3255 = CARTESIAN_POINT('',(6.100246099412,3.235476265537));
#3256 = CARTESIAN_POINT('',(6.105873523993,2.928250017212));
#3257 = CARTESIAN_POINT('',(6.11298244186,2.628853077182));
#3258 = CARTESIAN_POINT('',(6.127763886429,2.135822894731));
#3259 = CARTESIAN_POINT('',(6.134679422392,1.936549568884));
#3260 = CARTESIAN_POINT('',(6.142393833793,1.743906504346));
#3261 = CARTESIAN_POINT('',(6.150928620348,1.559347552173));
#3262 = CARTESIAN_POINT('',(6.160303542794,1.384636379374));
#3263 = CARTESIAN_POINT('',(6.170533748429,1.221911362477));
#3264 = CARTESIAN_POINT('',(6.193571123199,0.914231264576));
#3265 = CARTESIAN_POINT('',(6.206646077983,0.769857752674));
#3266 = CARTESIAN_POINT('',(6.22072517123,0.646869392978));
#3267 = CARTESIAN_POINT('',(6.235635615961,0.550267654075));
#3268 = CARTESIAN_POINT('',(6.251170535928,0.483812212002));
#3269 = CARTESIAN_POINT('',(6.267100647767,0.45));
#3270 = CARTESIAN_POINT('',(6.28318530718,0.45));
#3271 = ( GEOMETRIC_REPRESENTATION_CONTEXT(2) 
PARAMETRIC_REPRESENTATION_CONTEXT() REPRESENTATION_CONTEXT('2D SPACE',''
  ) );
#3272 = PCURVE('',#3047,#3273);
#3273 = DEFINITIONAL_REPRESENTATION('',(#3274),#3313);
#3274 = B_SPLINE_CURVE_WITH_KNOTS('',7,(#3275,#3276,#3277,#3278,#3279,
    #3280,#3281,#3282,#3283,#3284,#3285,#3286,#3287,#3288,#3289,#3290,
    #3291,#3292,#3293,#3294,#3295,#3296,#3297,#3298,#3299,#3300,#3301,
    #3302,#3303,#3304,#3305,#3306,#3307,#3308,#3309,#3310,#3311,#3312),
  .UNSPECIFIED.,.F.,.F.,(8,6,6,6,6,6,8),(0.,0.15448796598,0.297944916749
    ,0.500012229167,0.702079701331,0.845536478355,1.),.UNSPECIFIED.);
#3275 = CARTESIAN_POINT('',(1.570796326795,44.6));
#3276 = CARTESIAN_POINT('',(1.655407074074,44.6));
#3277 = CARTESIAN_POINT('',(1.739189640683,44.593568210857));
#3278 = CARTESIAN_POINT('',(1.821837902453,44.580931648725));
#3279 = CARTESIAN_POINT('',(1.903020566255,44.562890896185));
#3280 = CARTESIAN_POINT('',(1.982343154836,44.540752859667));
#3281 = CARTESIAN_POINT('',(2.059297172455,44.516046445627));
#3282 = CARTESIAN_POINT('',(2.201787698643,44.466293692087));
#3283 = CARTESIAN_POINT('',(2.268429000021,44.441159448305));
#3284 = CARTESIAN_POINT('',(2.333333050386,44.415687246999));
#3285 = CARTESIAN_POINT('',(2.396691191882,44.390585128849));
#3286 = CARTESIAN_POINT('',(2.45867865492,44.36642469185));
#3287 = CARTESIAN_POINT('',(2.519464325377,44.343654002522));
#3288 = CARTESIAN_POINT('',(2.663362266624,44.293009210894));
#3289 = CARTESIAN_POINT('',(2.745538847648,44.266819390935));
#3290 = CARTESIAN_POINT('',(2.826204857235,44.245048884091));
#3291 = CARTESIAN_POINT('',(2.905765064908,44.228334952308));
#3292 = CARTESIAN_POINT('',(2.984596553466,44.217062097479));
#3293 = CARTESIAN_POINT('',(3.06307489858,44.211420324789));
#3294 = CARTESIAN_POINT('',(3.220110470672,44.211420324789));
#3295 = CARTESIAN_POINT('',(3.298588925662,44.217062105544));
#3296 = CARTESIAN_POINT('',(3.377420454753,44.228334993374));
#3297 = CARTESIAN_POINT('',(3.456980590796,44.245048934352));
#3298 = CARTESIAN_POINT('',(3.537646435254,44.266819394563));
#3299 = CARTESIAN_POINT('',(3.619822872106,44.293009151608));
#3300 = CARTESIAN_POINT('',(3.763720981802,44.343654002522));
#3301 = CARTESIAN_POINT('',(3.824506652259,44.36642469185));
#3302 = CARTESIAN_POINT('',(3.886494115298,44.390585128849));
#3303 = CARTESIAN_POINT('',(3.949852256793,44.415687246999));
#3304 = CARTESIAN_POINT('',(4.014756307158,44.441159448305));
#3305 = CARTESIAN_POINT('',(4.081397608537,44.466293692087));
#3306 = CARTESIAN_POINT('',(4.223876533823,44.516042394994));
#3307 = CARTESIAN_POINT('',(4.300833365683,44.54075046831));
#3308 = CARTESIAN_POINT('',(4.380165833413,44.562892285365));
#3309 = CARTESIAN_POINT('',(4.461359617362,44.580935323374));
#3310 = CARTESIAN_POINT('',(4.544015047041,44.593570850296));
#3311 = CARTESIAN_POINT('',(4.627795586438,44.6));
#3312 = CARTESIAN_POINT('',(4.712388980385,44.6));
#3313 = ( GEOMETRIC_REPRESENTATION_CONTEXT(2) 
PARAMETRIC_REPRESENTATION_CONTEXT() REPRESENTATION_CONTEXT('2D SPACE',''
  ) );
#3314 = FACE_BOUND('',#3315,.T.);
#3315 = EDGE_LOOP('',(#3316));
#3316 = ORIENTED_EDGE('',*,*,#3317,.T.);
#3317 = EDGE_CURVE('',#3318,#3318,#3320,.T.);
#3318 = VERTEX_POINT('',#3319);
#3319 = CARTESIAN_POINT('',(4.05,-20.90970443445,43.79210120378));
#3320 = SURFACE_CURVE('',#3321,(#3396,#3474),.PCURVE_S1.);
#3321 = B_SPLINE_CURVE_WITH_KNOTS('',7,(#3322,#3323,#3324,#3325,#3326,
    #3327,#3328,#3329,#3330,#3331,#3332,#3333,#3334,#3335,#3336,#3337,
    #3338,#3339,#3340,#3341,#3342,#3343,#3344,#3345,#3346,#3347,#3348,
    #3349,#3350,#3351,#3352,#3353,#3354,#3355,#3356,#3357,#3358,#3359,
    #3360,#3361,#3362,#3363,#3364,#3365,#3366,#3367,#3368,#3369,#3370,
    #3371,#3372,#3373,#3374,#3375,#3376,#3377,#3378,#3379,#3380,#3381,
    #3382,#3383,#3384,#3385,#3386,#3387,#3388,#3389,#3390,#3391,#3392,
    #3393,#3394,#3395),.UNSPECIFIED.,.T.,.F.,(8,6,6,6,6,6,6,6,6,6,6,6,8)
  ,(0.,0.132572609038,0.202149888416,0.248625252441,0.32590348362,
    0.397663749106,0.498742200609,0.599820732021,0.67158092275,
    0.728650235581,0.795977946133,0.866200774971,1.),.UNSPECIFIED.);
#3322 = CARTESIAN_POINT('',(4.05,-20.90970443445,43.79210120378));
#3323 = CARTESIAN_POINT('',(4.049999957978,-20.90970444259,
    43.371885136137));
#3324 = CARTESIAN_POINT('',(3.999132851678,-20.91955593825,
    42.952326105495));
#3325 = CARTESIAN_POINT('',(3.897685698833,-20.93920432432,
    42.536820501784));
#3326 = CARTESIAN_POINT('',(3.744381083981,-20.96808510558,
    42.129031290048));
#3327 = CARTESIAN_POINT('',(3.53683506208,-21.0050734415,41.733895341871
    ));
#3328 = CARTESIAN_POINT('',(3.271773307363,-21.04807717565,
    41.358267051411));
#3329 = CARTESIAN_POINT('',(2.774817846224,-21.11747474229,
    40.831525035886));
#3330 = CARTESIAN_POINT('',(2.586488014533,-21.14212464261,
    40.657986146213));
#3331 = CARTESIAN_POINT('',(2.380647172816,-21.1669777384,
    40.494305051827));
#3332 = CARTESIAN_POINT('',(2.15725542167,-21.19135047513,
    40.342739890396));
#3333 = CARTESIAN_POINT('',(1.916504532604,-21.21444045176,
    40.205736071563));
#3334 = CARTESIAN_POINT('',(1.658871632179,-21.23535945653,
    40.085961121834));
#3335 = CARTESIAN_POINT('',(1.202365510382,-21.26510993866,
    39.919806481739));
#3336 = CARTESIAN_POINT('',(1.012378495665,-21.27564906058,
    39.862259605745));
#3337 = CARTESIAN_POINT('',(0.816404064644,-21.28448045786,
    39.814923002107));
#3338 = CARTESIAN_POINT('',(0.615753015774,-21.29131914571,
    39.77873127978));
#3339 = CARTESIAN_POINT('',(0.411827572812,-21.29595786945,
    39.754335684731));
#3340 = CARTESIAN_POINT('',(0.20608490325,-21.29828410966,39.74210120378
    ));
#3341 = CARTESIAN_POINT('',(-0.342673524564,-21.29828410966,
    39.74210120378));
#3342 = CARTESIAN_POINT('',(-0.681993079382,-21.29185232056,
    39.775927285909));
#3343 = CARTESIAN_POINT('',(-1.012710866941,-21.27921575812,
    39.842388186516));
#3344 = CARTESIAN_POINT('',(-1.329834974141,-21.26117500641,
    39.938979359499));
#3345 = CARTESIAN_POINT('',(-1.628920894456,-21.23903696886,
    40.0619468385));
#3346 = CARTESIAN_POINT('',(-1.906336606545,-21.21433055544,
    40.206307415564));
#3347 = CARTESIAN_POINT('',(-2.39454402435,-21.16457780584,
    40.514012540995));
#3348 = CARTESIAN_POINT('',(-2.611014685076,-21.13944355372,
    40.676737604907));
#3349 = CARTESIAN_POINT('',(-2.809091107273,-21.1139713537,
    40.851448784339));
#3350 = CARTESIAN_POINT('',(-2.989155739051,-21.08886924175,
    41.036007688323));
#3351 = CARTESIAN_POINT('',(-3.151694890625,-21.06470880505,
    41.228650734079));
#3352 = CARTESIAN_POINT('',(-3.297228206701,-21.04193810862,
    41.427924133182));
#3353 = CARTESIAN_POINT('',(-3.607972616432,-20.99129332056,
    41.920953703812));
#3354 = CARTESIAN_POINT('',(-3.757122352268,-20.9651035006,
    42.220351070161));
#3355 = CARTESIAN_POINT('',(-3.874997668554,-20.94333299375,
    42.527577988482));
#3356 = CARTESIAN_POINT('',(-3.962662638753,-20.92661906197,
    42.840197738723));
#3357 = CARTESIAN_POINT('',(-4.020870479263,-20.91534620714,
    43.156268567819));
#3358 = CARTESIAN_POINT('',(-4.05,-20.90970443445,43.474104295992));
#3359 = CARTESIAN_POINT('',(-4.05,-20.90970443445,44.110098362964));
#3360 = CARTESIAN_POINT('',(-4.020870431149,-20.91534621521,
    44.42793453286));
#3361 = CARTESIAN_POINT('',(-3.962662442143,-20.92661910304,
    44.744005528663));
#3362 = CARTESIAN_POINT('',(-3.874997392306,-20.94333304402,
    45.056624938242));
#3363 = CARTESIAN_POINT('',(-3.757122292675,-20.96510350423,
    45.363851186567));
#3364 = CARTESIAN_POINT('',(-3.607972980194,-20.99129326127,
    45.663248126598));
#3365 = CARTESIAN_POINT('',(-3.297228184849,-21.04193811219,
    46.156278309048));
#3366 = CARTESIAN_POINT('',(-3.151694906737,-21.06470880151,
    46.355551634895));
#3367 = CARTESIAN_POINT('',(-2.989155770614,-21.08886923851,
    46.548194699433));
#3368 = CARTESIAN_POINT('',(-2.809091089446,-21.11397135666,
    46.732753651606));
#3369 = CARTESIAN_POINT('',(-2.611014639513,-21.13944355797,
    46.907464824405));
#3370 = CARTESIAN_POINT('',(-2.39454406443,-21.16457780175,
    47.070189841303));
#3371 = CARTESIAN_POINT('',(-1.972535006883,-21.20758433996,
    47.336171768758));
#3372 = CARTESIAN_POINT('',(-1.773236645277,-21.22595073623,
    47.445157369955));
#3373 = CARTESIAN_POINT('',(-1.562338128997,-21.24309961021,
    47.543272469229));
#3374 = CARTESIAN_POINT('',(-1.340838734933,-21.25847854978,
    47.628685816887));
#3375 = CARTESIAN_POINT('',(-1.109953794803,-21.27155892102,
    47.699768692828));
#3376 = CARTESIAN_POINT('',(-0.871086734074,-21.28187931626,
    47.755098122719));
#3377 = CARTESIAN_POINT('',(-0.33642458569,-21.29759465291,
    47.83871775684));
#3378 = CARTESIAN_POINT('',(-3.997349330802E-02,-21.30171589033,
    47.860068861132));
#3379 = CARTESIAN_POINT('',(0.258942016831,-21.30091958905,
    47.855780593005));
#3380 = CARTESIAN_POINT('',(0.555496987731,-21.29508918648,
    47.825575265559));
#3381 = CARTESIAN_POINT('',(0.844923610272,-21.28460848106,
    47.770590015876));
#3382 = CARTESIAN_POINT('',(1.122775112169,-21.27029684111,
    47.693364461703));
#3383 = CARTESIAN_POINT('',(1.658871631095,-21.2353594566,47.49824128612
    ));
#3384 = CARTESIAN_POINT('',(1.916504532519,-21.2144404518,
    47.378466336228));
#3385 = CARTESIAN_POINT('',(2.157255422471,-21.19135047506,
    47.241462516805));
#3386 = CARTESIAN_POINT('',(2.380647173531,-21.1669777383,
    47.089897355085));
#3387 = CARTESIAN_POINT('',(2.5864880144,-21.14212464261,46.926216261249
    ));
#3388 = CARTESIAN_POINT('',(2.774817845423,-21.1174747424,
    46.752677372522));
#3389 = CARTESIAN_POINT('',(3.271764991977,-21.04807833685,
    46.225944169942));
#3390 = CARTESIAN_POINT('',(3.536832840993,-21.00507405848,
    45.850314263836));
#3391 = CARTESIAN_POINT('',(3.744385151368,-20.96808439028,
    45.455168330073));
#3392 = CARTESIAN_POINT('',(3.897689489461,-20.93920356131,
    45.047371303305));
#3393 = CARTESIAN_POINT('',(3.999133883328,-20.91955574989,
    44.63186608138));
#3394 = CARTESIAN_POINT('',(4.049999957979,-20.90970444259,
    44.212313078839));
#3395 = CARTESIAN_POINT('',(4.05,-20.90970443445,43.79210120378));
#3396 = PCURVE('',#2919,#3397);
#3397 = DEFINITIONAL_REPRESENTATION('',(#3398),#3473);
#3398 = B_SPLINE_CURVE_WITH_KNOTS('',7,(#3399,#3400,#3401,#3402,#3403,
    #3404,#3405,#3406,#3407,#3408,#3409,#3410,#3411,#3412,#3413,#3414,
    #3415,#3416,#3417,#3418,#3419,#3420,#3421,#3422,#3423,#3424,#3425,
    #3426,#3427,#3428,#3429,#3430,#3431,#3432,#3433,#3434,#3435,#3436,
    #3437,#3438,#3439,#3440,#3441,#3442,#3443,#3444,#3445,#3446,#3447,
    #3448,#3449,#3450,#3451,#3452,#3453,#3454,#3455,#3456,#3457,#3458,
    #3459,#3460,#3461,#3462,#3463,#3464,#3465,#3466,#3467,#3468,#3469,
    #3470,#3471,#3472),.UNSPECIFIED.,.T.,.F.,(8,6,6,6,6,6,6,6,6,6,6,6,8)
  ,(0.,0.132572609038,0.202149888416,0.248625252441,0.32590348362,
    0.397663749106,0.498742200609,0.599820732021,0.67158092275,
    0.728650235581,0.795977946133,0.866200774971,1.),.UNSPECIFIED.);
#3399 = CARTESIAN_POINT('',(2.950287046773,4.5));
#3400 = CARTESIAN_POINT('',(2.950287048783,4.920216067643));
#3401 = CARTESIAN_POINT('',(2.952719548744,5.339775098285));
#3402 = CARTESIAN_POINT('',(2.957570848663,5.755280701995));
#3403 = CARTESIAN_POINT('',(2.964894714833,6.163069913732));
#3404 = CARTESIAN_POINT('',(2.974791201888,6.558205861909));
#3405 = CARTESIAN_POINT('',(2.987395055995,6.933834152368));
#3406 = CARTESIAN_POINT('',(3.010952689459,7.460576167893));
#3407 = CARTESIAN_POINT('',(3.019869546984,7.634115057567));
#3408 = CARTESIAN_POINT('',(3.029602820337,7.797796151953));
#3409 = CARTESIAN_POINT('',(3.040151541934,7.949361313384));
#3410 = CARTESIAN_POINT('',(3.051504469855,8.086365132216));
#3411 = CARTESIAN_POINT('',(3.063638173021,8.206140081946));
#3412 = CARTESIAN_POINT('',(3.085115849707,8.37229472204));
#3413 = CARTESIAN_POINT('',(3.094048725113,8.429841598034));
#3414 = CARTESIAN_POINT('',(3.103257926228,8.477178201673));
#3415 = CARTESIAN_POINT('',(3.112682584177,8.513369923999));
#3416 = CARTESIAN_POINT('',(3.122258024989,8.537765519049));
#3417 = CARTESIAN_POINT('',(3.131917306019,8.55));
#3418 = CARTESIAN_POINT('',(3.15768061249,8.55));
#3419 = CARTESIAN_POINT('',(3.173611110445,8.516173917871));
#3420 = CARTESIAN_POINT('',(3.189144555105,8.449713017264));
#3421 = CARTESIAN_POINT('',(3.20405285187,8.353121844281));
#3422 = CARTESIAN_POINT('',(3.218130263337,8.230154365279));
#3423 = CARTESIAN_POINT('',(3.231204961757,8.085793788216));
#3424 = CARTESIAN_POINT('',(3.254244210449,7.778088662785));
#3425 = CARTESIAN_POINT('',(3.264474420123,7.615363598872));
#3426 = CARTESIAN_POINT('',(3.27384934127,7.440652419441));
#3427 = CARTESIAN_POINT('',(3.282384125487,7.256093515457));
#3428 = CARTESIAN_POINT('',(3.290098537606,7.0634504697));
#3429 = CARTESIAN_POINT('',(3.29701407538,6.864177070598));
#3430 = CARTESIAN_POINT('',(3.311795501606,6.371147499967));
#3431 = CARTESIAN_POINT('',(3.318904439563,6.071750133619));
#3432 = CARTESIAN_POINT('',(3.324531874539,5.764523215297));
#3433 = CARTESIAN_POINT('',(3.328721733122,5.451903465056));
#3434 = CARTESIAN_POINT('',(3.331505259681,5.13583263596));
#3435 = CARTESIAN_POINT('',(3.332898260407,4.817996907788));
#3436 = CARTESIAN_POINT('',(3.332898260407,4.182002840815));
#3437 = CARTESIAN_POINT('',(3.331505257389,3.864166670919));
#3438 = CARTESIAN_POINT('',(3.328721723698,3.548095675117));
#3439 = CARTESIAN_POINT('',(3.324531861358,3.235476265538));
#3440 = CARTESIAN_POINT('',(3.318904436776,2.928250017212));
#3441 = CARTESIAN_POINT('',(3.311795518909,2.628853077182));
#3442 = CARTESIAN_POINT('',(3.297014074341,2.135822894731));
#3443 = CARTESIAN_POINT('',(3.290098538378,1.936549568884));
#3444 = CARTESIAN_POINT('',(3.282384126976,1.743906504346));
#3445 = CARTESIAN_POINT('',(3.273849340422,1.559347552173));
#3446 = CARTESIAN_POINT('',(3.264474417975,1.384636379374));
#3447 = CARTESIAN_POINT('',(3.25424421234,1.221911362477));
#3448 = CARTESIAN_POINT('',(3.234328964696,0.955929435022));
#3449 = CARTESIAN_POINT('',(3.224933004359,0.846943833824));
#3450 = CARTESIAN_POINT('',(3.214999974029,0.74882873455));
#3451 = CARTESIAN_POINT('',(3.204577305196,0.663415386893));
#3452 = CARTESIAN_POINT('',(3.193721734472,0.592332510952));
#3453 = CARTESIAN_POINT('',(3.182497946348,0.537003081061));
#3454 = CARTESIAN_POINT('',(3.157385596154,0.45338344694));
#3455 = CARTESIAN_POINT('',(3.143468013056,0.432032342647));
#3456 = CARTESIAN_POINT('',(3.129437532275,0.436320610774));
#3457 = CARTESIAN_POINT('',(3.115515543323,0.466525938221));
#3458 = CARTESIAN_POINT('',(3.101921184667,0.521511187904));
#3459 = CARTESIAN_POINT('',(3.088860414695,0.598736742077));
#3460 = CARTESIAN_POINT('',(3.063638173072,0.79385991766));
#3461 = CARTESIAN_POINT('',(3.05150446986,0.913634867552));
#3462 = CARTESIAN_POINT('',(3.040151541896,1.050638686975));
#3463 = CARTESIAN_POINT('',(3.029602820304,1.202203848694));
#3464 = CARTESIAN_POINT('',(3.01986954699,1.36588494253));
#3465 = CARTESIAN_POINT('',(3.010952689497,1.539423831257));
#3466 = CARTESIAN_POINT('',(2.987395450177,2.066157033838));
#3467 = CARTESIAN_POINT('',(2.974791309161,2.441786939943));
#3468 = CARTESIAN_POINT('',(2.964894521472,2.836932873706));
#3469 = CARTESIAN_POINT('',(2.957570666781,3.244729900475));
#3470 = CARTESIAN_POINT('',(2.952719499655,3.6602351224));
#3471 = CARTESIAN_POINT('',(2.950287048783,4.079788124941));
#3472 = CARTESIAN_POINT('',(2.950287046773,4.5));
#3473 = ( GEOMETRIC_REPRESENTATION_CONTEXT(2) 
PARAMETRIC_REPRESENTATION_CONTEXT() REPRESENTATION_CONTEXT('2D SPACE',''
  ) );
#3474 = PCURVE('',#3047,#3475);
#3475 = DEFINITIONAL_REPRESENTATION('',(#3476),#3551);
#3476 = B_SPLINE_CURVE_WITH_KNOTS('',7,(#3477,#3478,#3479,#3480,#3481,
    #3482,#3483,#3484,#3485,#3486,#3487,#3488,#3489,#3490,#3491,#3492,
    #3493,#3494,#3495,#3496,#3497,#3498,#3499,#3500,#3501,#3502,#3503,
    #3504,#3505,#3506,#3507,#3508,#3509,#3510,#3511,#3512,#3513,#3514,
    #3515,#3516,#3517,#3518,#3519,#3520,#3521,#3522,#3523,#3524,#3525,
    #3526,#3527,#3528,#3529,#3530,#3531,#3532,#3533,#3534,#3535,#3536,
    #3537,#3538,#3539,#3540,#3541,#3542,#3543,#3544,#3545,#3546,#3547,
    #3548,#3549,#3550),.UNSPECIFIED.,.F.,.F.,(8,6,6,6,6,6,6,6,6,6,6,6,8)
  ,(0.,0.132572609038,0.202149888416,0.248625252441,0.32590348362,
    0.397663749106,0.498742200609,0.599820732021,0.67158092275,
    0.728650235581,0.795977946133,0.866200774971,1.),.UNSPECIFIED.);
#3477 = CARTESIAN_POINT('',(0.,2.388579675211));
#3478 = CARTESIAN_POINT('',(0.103757053739,2.388579667072));
#3479 = CARTESIAN_POINT('',(0.207351670244,2.378728171417));
#3480 = CARTESIAN_POINT('',(0.311771076259,2.359079785344));
#3481 = CARTESIAN_POINT('',(0.417905126963,2.330199004086));
#3482 = CARTESIAN_POINT('',(0.52666980721,2.29321066816));
#3483 = CARTESIAN_POINT('',(0.639045080114,2.250206934016));
#3484 = CARTESIAN_POINT('',(0.817852435078,2.180809367377));
#3485 = CARTESIAN_POINT('',(0.88093090951,2.156159467058));
#3486 = CARTESIAN_POINT('',(0.945586322961,2.131306371266));
#3487 = CARTESIAN_POINT('',(1.011887241948,2.106933634531));
#3488 = CARTESIAN_POINT('',(1.079923949586,2.083843657903));
#3489 = CARTESIAN_POINT('',(1.149815693784,2.062924653136));
#3490 = CARTESIAN_POINT('',(1.269767216702,2.033174170999));
#3491 = CARTESIAN_POINT('',(1.318708343259,2.022635049087));
#3492 = CARTESIAN_POINT('',(1.368357506618,2.013803651803));
#3493 = CARTESIAN_POINT('',(1.418543327292,2.00696496395));
#3494 = CARTESIAN_POINT('',(1.469110510628,2.002326240216));
#3495 = CARTESIAN_POINT('',(1.519911165499,2.));
#3496 = CARTESIAN_POINT('',(1.655407073601,2.));
#3497 = CARTESIAN_POINT('',(1.739189642012,2.006431789104));
#3498 = CARTESIAN_POINT('',(1.821837901522,2.019068351548));
#3499 = CARTESIAN_POINT('',(1.903020565572,2.037109103252));
#3500 = CARTESIAN_POINT('',(1.982343155991,2.059247140807));
#3501 = CARTESIAN_POINT('',(2.059297172038,2.083953554227));
#3502 = CARTESIAN_POINT('',(2.201787686945,2.133706303829));
#3503 = CARTESIAN_POINT('',(2.26842901203,2.158840555943));
#3504 = CARTESIAN_POINT('',(2.333333058613,2.184312755966));
#3505 = CARTESIAN_POINT('',(2.396691182706,2.209414867917));
#3506 = CARTESIAN_POINT('',(2.458678645196,2.233575304615));
#3507 = CARTESIAN_POINT('',(2.519464335497,2.256346001039));
#3508 = CARTESIAN_POINT('',(2.663362266624,2.306990789106));
#3509 = CARTESIAN_POINT('',(2.745538847649,2.333180609065));
#3510 = CARTESIAN_POINT('',(2.826204857235,2.354951115909));
#3511 = CARTESIAN_POINT('',(2.905765064908,2.371665047692));
#3512 = CARTESIAN_POINT('',(2.984596553466,2.382937902521));
#3513 = CARTESIAN_POINT('',(3.06307489858,2.388579675211));
#3514 = CARTESIAN_POINT('',(3.220110470672,2.388579675211));
#3515 = CARTESIAN_POINT('',(3.298588925662,2.382937894456));
#3516 = CARTESIAN_POINT('',(3.377420454753,2.371665006626));
#3517 = CARTESIAN_POINT('',(3.456980590796,2.354951065648));
#3518 = CARTESIAN_POINT('',(3.537646435254,2.333180605437));
#3519 = CARTESIAN_POINT('',(3.619822872106,2.306990848392));
#3520 = CARTESIAN_POINT('',(3.763720981802,2.256345997478));
#3521 = CARTESIAN_POINT('',(3.824506652259,2.23357530815));
#3522 = CARTESIAN_POINT('',(3.886494115298,2.209414871151));
#3523 = CARTESIAN_POINT('',(3.949852256793,2.184312753001));
#3524 = CARTESIAN_POINT('',(4.014756307158,2.158840551695));
#3525 = CARTESIAN_POINT('',(4.081397608537,2.133706307913));
#3526 = CARTESIAN_POINT('',(4.204567158429,2.0906997697));
#3527 = CARTESIAN_POINT('',(4.260546039811,2.072333373433));
#3528 = CARTESIAN_POINT('',(4.317782748074,2.055184499453));
#3529 = CARTESIAN_POINT('',(4.376153876844,2.039805559884));
#3530 = CARTESIAN_POINT('',(4.435565661647,2.026725188646));
#3531 = CARTESIAN_POINT('',(4.495948021822,2.016404793404));
#3532 = CARTESIAN_POINT('',(4.629568165135,2.000689456756));
#3533 = CARTESIAN_POINT('',(4.70270137576,1.996568219336));
#3534 = CARTESIAN_POINT('',(4.776075745206,1.997364520612));
#3535 = CARTESIAN_POINT('',(4.849182734181,2.003194923184));
#3536 = CARTESIAN_POINT('',(4.921515455915,2.013675628602));
#3537 = CARTESIAN_POINT('',(4.992504921915,2.027987268552));
#3538 = CARTESIAN_POINT('',(5.13336961311,2.062924653066));
#3539 = CARTESIAN_POINT('',(5.203261357554,2.083843657865));
#3540 = CARTESIAN_POINT('',(5.271298065441,2.106933634601));
#3541 = CARTESIAN_POINT('',(5.33759898445,2.131306371365));
#3542 = CARTESIAN_POINT('',(5.402254397665,2.156159467054));
#3543 = CARTESIAN_POINT('',(5.465332871813,2.180809367265));
#3544 = CARTESIAN_POINT('',(5.644137235143,2.25020577281));
#3545 = CARTESIAN_POINT('',(5.756513836862,2.293210051182));
#3546 = CARTESIAN_POINT('',(5.865281149461,2.33019971938));
#3547 = CARTESIAN_POINT('',(5.971416920802,2.359080548358));
#3548 = CARTESIAN_POINT('',(6.075836149964,2.378728359774));
#3549 = CARTESIAN_POINT('',(6.179429288646,2.388579667073));
#3550 = CARTESIAN_POINT('',(6.28318530718,2.388579675211));
#3551 = ( GEOMETRIC_REPRESENTATION_CONTEXT(2) 
PARAMETRIC_REPRESENTATION_CONTEXT() REPRESENTATION_CONTEXT('2D SPACE',''
  ) );
#3552 = ADVANCED_FACE('',(#3553),#2954,.F.);
#3553 = FACE_BOUND('',#3554,.F.);
#3554 = EDGE_LOOP('',(#3555,#3556,#3579,#3606));
#3555 = ORIENTED_EDGE('',*,*,#2937,.F.);
#3556 = ORIENTED_EDGE('',*,*,#3557,.F.);
#3557 = EDGE_CURVE('',#3558,#2938,#3560,.T.);
#3558 = VERTEX_POINT('',#3559);
#3559 = CARTESIAN_POINT('',(-4.482207284879E-15,18.301715890332,
    32.29210120378));
#3560 = SEAM_CURVE('',#3561,(#3565,#3572),.PCURVE_S1.);
#3561 = LINE('',#3562,#3563);
#3562 = CARTESIAN_POINT('',(-4.482207284879E-15,18.301715890332,
    32.29210120378));
#3563 = VECTOR('',#3564,1.);
#3564 = DIRECTION('',(0.,1.110223024625E-16,-1.));
#3565 = PCURVE('',#2954,#3566);
#3566 = DEFINITIONAL_REPRESENTATION('',(#3567),#3571);
#3567 = LINE('',#3568,#3569);
#3568 = CARTESIAN_POINT('',(6.28318530718,-0.));
#3569 = VECTOR('',#3570,1.);
#3570 = DIRECTION('',(0.,1.));
#3571 = ( GEOMETRIC_REPRESENTATION_CONTEXT(2) 
PARAMETRIC_REPRESENTATION_CONTEXT() REPRESENTATION_CONTEXT('2D SPACE',''
  ) );
#3572 = PCURVE('',#2954,#3573);
#3573 = DEFINITIONAL_REPRESENTATION('',(#3574),#3578);
#3574 = LINE('',#3575,#3576);
#3575 = CARTESIAN_POINT('',(0.,-0.));
#3576 = VECTOR('',#3577,1.);
#3577 = DIRECTION('',(0.,1.));
#3578 = ( GEOMETRIC_REPRESENTATION_CONTEXT(2) 
PARAMETRIC_REPRESENTATION_CONTEXT() REPRESENTATION_CONTEXT('2D SPACE',''
  ) );
#3579 = ORIENTED_EDGE('',*,*,#3580,.T.);
#3580 = EDGE_CURVE('',#3558,#3558,#3581,.T.);
#3581 = SURFACE_CURVE('',#3582,(#3587,#3594),.PCURVE_S1.);
#3582 = CIRCLE('',#3583,18.3);
#3583 = AXIS2_PLACEMENT_3D('',#3584,#3585,#3586);
#3584 = CARTESIAN_POINT('',(0.,1.715890331964E-03,32.29210120378));
#3585 = DIRECTION('',(0.,1.110223024625E-16,-1.));
#3586 = DIRECTION('',(0.,1.,1.110223024625E-16));
#3587 = PCURVE('',#2954,#3588);
#3588 = DEFINITIONAL_REPRESENTATION('',(#3589),#3593);
#3589 = LINE('',#3590,#3591);
#3590 = CARTESIAN_POINT('',(0.,0.));
#3591 = VECTOR('',#3592,1.);
#3592 = DIRECTION('',(1.,0.));
#3593 = ( GEOMETRIC_REPRESENTATION_CONTEXT(2) 
PARAMETRIC_REPRESENTATION_CONTEXT() REPRESENTATION_CONTEXT('2D SPACE',''
  ) );
#3594 = PCURVE('',#3595,#3600);
#3595 = PLANE('',#3596);
#3596 = AXIS2_PLACEMENT_3D('',#3597,#3598,#3599);
#3597 = CARTESIAN_POINT('',(0.,1.715890331964E-03,32.29210120378));
#3598 = DIRECTION('',(0.,1.110223024625E-16,-1.));
#3599 = DIRECTION('',(0.,1.,1.110223024625E-16));
#3600 = DEFINITIONAL_REPRESENTATION('',(#3601),#3605);
#3601 = CIRCLE('',#3602,18.3);
#3602 = AXIS2_PLACEMENT_2D('',#3603,#3604);
#3603 = CARTESIAN_POINT('',(0.,0.));
#3604 = DIRECTION('',(1.,0.));
#3605 = ( GEOMETRIC_REPRESENTATION_CONTEXT(2) 
PARAMETRIC_REPRESENTATION_CONTEXT() REPRESENTATION_CONTEXT('2D SPACE',''
  ) );
#3606 = ORIENTED_EDGE('',*,*,#3557,.T.);
#3607 = ADVANCED_FACE('',(#3608),#3047,.F.);
#3608 = FACE_BOUND('',#3609,.F.);
#3609 = EDGE_LOOP('',(#3610,#3611,#3632,#3633,#3634,#3635));
#3610 = ORIENTED_EDGE('',*,*,#2997,.F.);
#3611 = ORIENTED_EDGE('',*,*,#3612,.F.);
#3612 = EDGE_CURVE('',#3318,#2998,#3613,.T.);
#3613 = SEAM_CURVE('',#3614,(#3618,#3625),.PCURVE_S1.);
#3614 = LINE('',#3615,#3616);
#3615 = CARTESIAN_POINT('',(4.05,-23.29828410966,43.79210120378));
#3616 = VECTOR('',#3617,1.);
#3617 = DIRECTION('',(0.,1.,1.110223024625E-16));
#3618 = PCURVE('',#3047,#3619);
#3619 = DEFINITIONAL_REPRESENTATION('',(#3620),#3624);
#3620 = LINE('',#3621,#3622);
#3621 = CARTESIAN_POINT('',(6.28318530718,-0.));
#3622 = VECTOR('',#3623,1.);
#3623 = DIRECTION('',(0.,1.));
#3624 = ( GEOMETRIC_REPRESENTATION_CONTEXT(2) 
PARAMETRIC_REPRESENTATION_CONTEXT() REPRESENTATION_CONTEXT('2D SPACE',''
  ) );
#3625 = PCURVE('',#3047,#3626);
#3626 = DEFINITIONAL_REPRESENTATION('',(#3627),#3631);
#3627 = LINE('',#3628,#3629);
#3628 = CARTESIAN_POINT('',(0.,-0.));
#3629 = VECTOR('',#3630,1.);
#3630 = DIRECTION('',(0.,1.));
#3631 = ( GEOMETRIC_REPRESENTATION_CONTEXT(2) 
PARAMETRIC_REPRESENTATION_CONTEXT() REPRESENTATION_CONTEXT('2D SPACE',''
  ) );
#3632 = ORIENTED_EDGE('',*,*,#3317,.T.);
#3633 = ORIENTED_EDGE('',*,*,#3612,.T.);
#3634 = ORIENTED_EDGE('',*,*,#3076,.F.);
#3635 = ORIENTED_EDGE('',*,*,#3189,.F.);
#3636 = ADVANCED_FACE('',(#3637),#3176,.F.);
#3637 = FACE_BOUND('',#3638,.T.);
#3638 = EDGE_LOOP('',(#3639));
#3639 = ORIENTED_EDGE('',*,*,#3161,.F.);
#3640 = ADVANCED_FACE('',(#3641),#3595,.T.);
#3641 = FACE_BOUND('',#3642,.F.);
#3642 = EDGE_LOOP('',(#3643));
#3643 = ORIENTED_EDGE('',*,*,#3580,.F.);
#3644 = ADVANCED_FACE('',(#3645),#617,.F.);
#3645 = FACE_BOUND('',#3646,.F.);
#3646 = EDGE_LOOP('',(#3647,#3648,#3649,#3650));
#3647 = ORIENTED_EDGE('',*,*,#600,.F.);
#3648 = ORIENTED_EDGE('',*,*,#656,.F.);
#3649 = ORIENTED_EDGE('',*,*,#1352,.T.);
#3650 = ORIENTED_EDGE('',*,*,#1248,.T.);
#3651 = ADVANCED_FACE('',(#3652),#462,.F.);
#3652 = FACE_BOUND('',#3653,.F.);
#3653 = EDGE_LOOP('',(#3654,#3655,#3656,#3657));
#3654 = ORIENTED_EDGE('',*,*,#445,.F.);
#3655 = ORIENTED_EDGE('',*,*,#501,.F.);
#3656 = ORIENTED_EDGE('',*,*,#2766,.T.);
#3657 = ORIENTED_EDGE('',*,*,#2530,.T.);
#3658 = ADVANCED_FACE('',(#3659),#331,.F.);
#3659 = FACE_BOUND('',#3660,.F.);
#3660 = EDGE_LOOP('',(#3661,#3662,#3663,#3664));
#3661 = ORIENTED_EDGE('',*,*,#314,.F.);
#3662 = ORIENTED_EDGE('',*,*,#370,.F.);
#3663 = ORIENTED_EDGE('',*,*,#2385,.T.);
#3664 = ORIENTED_EDGE('',*,*,#2239,.T.);
#3665 = ( GEOMETRIC_REPRESENTATION_CONTEXT(3) 
GLOBAL_UNCERTAINTY_ASSIGNED_CONTEXT((#3669)) 
GLOBAL_UNIT_ASSIGNED_CONTEXT((#3666,#3667,#3668)) REPRESENTATION_CONTEXT
('Context #1','3D Context with UNIT and UNCERTAINTY') );
#3666 = ( LENGTH_UNIT() NAMED_UNIT(*) SI_UNIT(.MILLI.,.METRE.) );
#3667 = ( NAMED_UNIT(*) PLANE_ANGLE_UNIT() SI_UNIT($,.RADIAN.) );
#3668 = ( NAMED_UNIT(*) SI_UNIT($,.STERADIAN.) SOLID_ANGLE_UNIT() );
#3669 = UNCERTAINTY_MEASURE_WITH_UNIT(LENGTH_MEASURE(1.E-07),#3666,
  'distance_accuracy_value','confusion accuracy');
#3670 = PRODUCT_RELATED_PRODUCT_CATEGORY('part',$,(#7));
ENDSEC;
END-ISO-10303-21;
