ISO-10303-21;
HEADER;
FILE_DESCRIPTION (( 'STEP AP214' ),
    '1' );
FILE_NAME ('VAKKAS_NAMLU_ICI_AG_KAPSULU.STEP',
    '2026-09-28T15:43:11',
    ( '' ),
    ( '' ),
    'SwSTEP 2.0',
    'SolidWorks 2026',
    '' );
FILE_SCHEMA (( 'AUTOMOTIVE_DESIGN' ));
ENDSEC;

DATA;
#1 = CARTESIAN_POINT ( 'NONE',  ( 10.25304821336826855, 21.50000000000000000, 10.25304844104162783 ) ) ;
#2 = CARTESIAN_POINT ( 'NONE',  ( 14.00592453929131231, 19.00000000000000355, -3.752875982050024817 ) ) ;
#3 = ORIENTED_EDGE ( 'NONE', *, *, #2004, .F. ) ;
#4 = CARTESIAN_POINT ( 'NONE',  ( 10.71557417169938020, 19.00000000000000355, 5.776881607612935454 ) ) ;
#5 = DIRECTION ( 'NONE',  ( 2.317862832147734131E-17, 1.000000000000000000, 7.152980039235552631E-17 ) ) ;
#6 = EDGE_CURVE ( 'NONE', #295, #2081, #1338, .T. ) ;
#7 = LINE ( 'NONE', #1141, #967 ) ;
#8 = ORIENTED_EDGE ( 'NONE', *, *, #236, .F. ) ;
#9 = EDGE_CURVE ( 'NONE', #104, #842, #1558, .T. ) ;
#10 = DIRECTION ( 'NONE',  ( 0.8474568401986900534, 0.000000000000000000, 0.5308642990449178312 ) ) ;
#11 = ORIENTED_EDGE ( 'NONE', *, *, #1266, .F. ) ;
#12 = DIRECTION ( 'NONE',  ( 0.8660254037844398178, 0.000000000000000000, 0.4999999999999980016 ) ) ;
#13 = VERTEX_POINT ( 'NONE', #1464 ) ;
#14 = CARTESIAN_POINT ( 'NONE',  ( 22.30710143300821002, 25.00000000000000000, -5.977169814453707097 ) ) ;
#15 = ORIENTED_EDGE ( 'NONE', *, *, #20, .F. ) ;
#16 = CARTESIAN_POINT ( 'NONE',  ( -22.68583632923021653, -18.00000000000001066, -4.327419621351607404 ) ) ;
#17 = CARTESIAN_POINT ( 'NONE',  ( 0.000000000000000000, 2.500000000000000000, 0.000000000000000000 ) ) ;
#18 = FACE_OUTER_BOUND ( 'NONE', #22, .T. ) ;
#19 = ORIENTED_EDGE ( 'NONE', *, *, #1694, .T. ) ;
#20 = EDGE_CURVE ( 'NONE', #1785, #361, #360, .T. ) ;
#21 = CARTESIAN_POINT ( 'NONE',  ( 8.362459816959351144, 10.99999999999998934, 11.23575841943572051 ) ) ;
#22 = EDGE_LOOP ( 'NONE', ( #1937, #176, #340, #1222 ) ) ;
#23 = APPLICATION_PROTOCOL_DEFINITION ( 'draft international standard', 'automotive_design', 1998, #945 ) ;
#24 = CARTESIAN_POINT ( 'NONE',  ( -8.943724074190477324, -17.00000000000015987, 10.58346822571625978 ) ) ;
#25 = ORIENTED_EDGE ( 'NONE', *, *, #765, .F. ) ;
#26 = CARTESIAN_POINT ( 'NONE',  ( 22.58014292076228813, -20.33333333333357018, 4.881723551265211292 ) ) ;
#27 = CARTESIAN_POINT ( 'NONE',  ( -15.09057301160046016, 17.99999999999999645, -17.48280012490572588 ) ) ;
#28 = CARTESIAN_POINT ( 'NONE',  ( -13.58331427179881246, 18.99999999999999645, 2.738845266606278361 ) ) ;
#29 = AXIS2_PLACEMENT_3D ( 'NONE', #1790, #290, #435 ) ;
#30 = ORIENTED_EDGE ( 'NONE', *, *, #1306, .F. ) ;
#31 = B_SPLINE_CURVE_WITH_KNOTS ( 'NONE', 3,
 ( #932, #1119, #1608, #588 ),
 .UNSPECIFIED., .F., .F.,
 ( 4, 4 ),
 ( 0.000000000000000000, 0.9999999749999999299 ),
 .UNSPECIFIED. ) ;
#32 = CARTESIAN_POINT ( 'NONE',  ( 6.070014442738795424, 7.000000000000043521, -12.57745842997615071 ) ) ;
#33 = PRODUCT_CONTEXT ( 'NONE', #1325, 'mechanical' ) ;
#34 = CARTESIAN_POINT ( 'NONE',  ( -9.872916390503727158, 8.333333333333341031, 21.26864498714856211 ) ) ;
#35 = VERTEX_POINT ( 'NONE', #815 ) ;
#36 = CARTESIAN_POINT ( 'NONE',  ( -12.85855639646912607, 19.00000000000001776, 0.5886531508625336695 ) ) ;
#37 = CARTESIAN_POINT ( 'NONE',  ( 5.977169814453683117, -25.00000000000000355, 22.30710143300822068 ) ) ;
#38 = AXIS2_PLACEMENT_3D ( 'NONE', #323, #163, #387 ) ;
#39 = FACE_OUTER_BOUND ( 'NONE', #1732, .T. ) ;
#40 = DIRECTION ( 'NONE',  ( 2.317862832147734131E-17, 1.000000000000000000, 7.152980039235552631E-17 ) ) ;
#41 = VERTEX_POINT ( 'NONE', #836 ) ;
#42 = CARTESIAN_POINT ( 'NONE',  ( -14.00592453234428447, 19.00000000000000355, 3.752876007968416250 ) ) ;
#43 = CARTESIAN_POINT ( 'NONE',  ( 22.68583554325434548, 17.99999999999999645, -4.327419523256976319 ) ) ;
#44 = EDGE_CURVE ( 'NONE', #259, #1473, #625, .T. ) ;
#45 = CARTESIAN_POINT ( 'NONE',  ( -5.658360895298551796, -8.333333333333357018, 19.83371569842357474 ) ) ;
#46 = DIRECTION ( 'NONE',  ( -3.875561079746778773E-18, 1.000000000000000000, -7.509155199722912363E-17 ) ) ;
#47 = PRODUCT_DEFINITION_CONTEXT ( 'detailed design', #1011, 'design' ) ;
#48 = CARTESIAN_POINT ( 'NONE',  ( 10.50828750969729874, -16.99999999999998579, -6.237726103867744953 ) ) ;
#49 = VERTEX_POINT ( 'NONE', #1494 ) ;
#50 = VERTEX_POINT ( 'NONE', #972 ) ;
#51 = DIRECTION ( 'NONE',  ( 0.000000000000000000, 0.000000000000000000, 1.000000000000000000 ) ) ;
#52 = B_SPLINE_CURVE_WITH_KNOTS ( 'NONE', 3,
 ( #124, #422, #1947, #1617 ),
 .UNSPECIFIED., .F., .F.,
 ( 4, 4 ),
 ( -0.03599999999999997646, 0.000000000000000000 ),
 .UNSPECIFIED. ) ;
#53 = CARTESIAN_POINT ( 'NONE',  ( 0.3731063066613478640, 21.00018986479595995, 12.20918744917252319 ) ) ;
#54 = CARTESIAN_POINT ( 'NONE',  ( 19.67211160740480835, -6.019401145597406355, 6.423007616437621969 ) ) ;
#55 = EDGE_CURVE ( 'NONE', #1917, #840, #1728, .T. ) ;
#56 = EDGE_CURVE ( 'NONE', #1535, #1295, #1114, .T. ) ;
#57 = CARTESIAN_POINT ( 'NONE',  ( 5.658360895298547355, -8.333333333333401427, -19.83371569842357118 ) ) ;
#58 = ORIENTED_EDGE ( 'NONE', *, *, #1762, .T. ) ;
#59 = CIRCLE ( 'NONE', #1234, 4.500000000000000888 ) ;
#60 = DIRECTION ( 'NONE',  ( 0.000000000000000000, 1.000000000000000000, 0.000000000000000000 ) ) ;
#61 = VERTEX_POINT ( 'NONE', #963 ) ;
#62 = ORIENTED_EDGE ( 'NONE', *, *, #853, .T. ) ;
#63 = DIRECTION ( 'NONE',  ( 2.317862832147734131E-17, 1.000000000000000000, 7.152980039235552631E-17 ) ) ;
#64 = CARTESIAN_POINT ( 'NONE',  ( -16.32993166836428145, -25.00000000000000355, 16.32993143266200420 ) ) ;
#65 = CARTESIAN_POINT ( 'NONE',  ( -2.121914728667571470, 8.333333333333321491, 20.52117586452891373 ) ) ;
#66 = ADVANCED_FACE ( 'NONE', ( #779 ), #1935, .F. ) ;
#67 = EDGE_LOOP ( 'NONE', ( #715, #1469, #1300, #1586 ) ) ;
#68 = B_SPLINE_CURVE_WITH_KNOTS ( 'NONE', 3,
 ( #2133, #1149, #1637, #1126 ),
 .UNSPECIFIED., .F., .F.,
 ( 4, 4 ),
 ( 0.000000000000000000, 0.9999999749999999299 ),
 .UNSPECIFIED. ) ;
#69 = CARTESIAN_POINT ( 'NONE',  ( -5.977169814453679564, -25.00000000000000000, -22.30710143300821713 ) ) ;
#70 = AXIS2_PLACEMENT_3D ( 'NONE', #1711, #1074, #878 ) ;
#71 = CARTESIAN_POINT ( 'NONE',  ( 7.392915027724562549, -2.999999999999698019, -11.89605402226598940 ) ) ;
#72 = EDGE_CURVE ( 'NONE', #1933, #855, #1031, .T. ) ;
#73 = EDGE_LOOP ( 'NONE', ( #1429, #730, #1461, #993 ) ) ;
#74 = PRODUCT_DEFINITION_CONTEXT ( 'detailed design', #1408, 'design' ) ;
#75 = CARTESIAN_POINT ( 'NONE',  ( -23.35564505819506920, 8.333333333333291293, 2.084126089958302508 ) ) ;
#76 = CARTESIAN_POINT ( 'NONE',  ( 6.613447140326102591, 20.99974771737338841, -10.53136825760025630 ) ) ;
#77 = FACE_OUTER_BOUND ( 'NONE', #682, .T. ) ;
#78 = B_SPLINE_CURVE_WITH_KNOTS ( 'NONE', 3,
 ( #2131, #76, #1920, #406 ),
 .UNSPECIFIED., .F., .F.,
 ( 4, 4 ),
 ( 0.000000000000000000, 0.006003250809163241525 ),
 .UNSPECIFIED. ) ;
#79 = VERTEX_POINT ( 'NONE', #1453 ) ;
#80 = CARTESIAN_POINT ( 'NONE',  ( 5.977169814453673347, 25.00000000000000000, -22.30710143300821713 ) ) ;
#81 = ORIENTED_EDGE ( 'NONE', *, *, #1077, .T. ) ;
#82 = CARTESIAN_POINT ( 'NONE',  ( -14.00592453234428447, 19.00000000000000355, 3.752876007968416250 ) ) ;
#83 = EDGE_LOOP ( 'NONE', ( #698, #1215, #770, #1849 ) ) ;
#84 = EDGE_CURVE ( 'NONE', #50, #13, #930, .T. ) ;
#85 = CARTESIAN_POINT ( 'NONE',  ( 0.000000000000000000, -18.00000000000000000, 0.000000000000000000 ) ) ;
#86 = AXIS2_PLACEMENT_3D ( 'NONE', #609, #446, #1105 ) ;
#87 = B_SPLINE_SURFACE_WITH_KNOTS ( 'NONE', 3, 3, ( 
 ( #834, #1472, #1800, #960 ),
 ( #1981, #483, #1821, #319 ),
 ( #822, #159, #1484, #493 ),
 ( #1160, #994, #1666, #14 ) ),
 .UNSPECIFIED., .F., .F., .F.,
 ( 4, 4 ),
 ( 4, 4 ),
 ( -0.02309401076758503535, 0.000000000000000000 ),
 ( -0.05000000000000000278, 0.000000000000000000 ),
 .UNSPECIFIED. ) ;
#88 = CARTESIAN_POINT ( 'NONE',  ( -11.53102374542792852, -2.999999999999703348, -4.411725889001698597 ) ) ;
#89 = ADVANCED_FACE ( 'NONE', ( #952, #2125 ), #409, .F. ) ;
#90 = CARTESIAN_POINT ( 'NONE',  ( -5.826982199316414146, 19.00000000000000355, -11.06541513119736742 ) ) ;
#91 = CARTESIAN_POINT ( 'NONE',  ( -22.68583554325434193, 17.99999999999999645, 4.327419523256975431 ) ) ;
#92 = LINE ( 'NONE', #1085, #2113 ) ;
#93 = PLANE ( 'NONE',  #120 ) ;
#94 = APPLICATION_PROTOCOL_DEFINITION ( 'draft international standard', 'automotive_design', 1998, #434 ) ;
#95 = B_SPLINE_CURVE_WITH_KNOTS ( 'NONE', 3,
 ( #419, #1615, #254, #1260 ),
 .UNSPECIFIED., .F., .F.,
 ( 4, 4 ),
 ( 3.469446951953614189E-18, 0.006002026146775259197 ),
 .UNSPECIFIED. ) ;
#96 = FACE_OUTER_BOUND ( 'NONE', #1208, .T. ) ;
#97 = ORIENTED_EDGE ( 'NONE', *, *, #1974, .T. ) ;
#98 = B_SPLINE_CURVE_WITH_KNOTS ( 'NONE', 3,
 ( #918, #570, #905, #1945 ),
 .UNSPECIFIED., .F., .F.,
 ( 4, 4 ),
 ( -0.05000000000000001665, -0.04300000000000066269 ),
 .UNSPECIFIED. ) ;
#99 = AXIS2_PLACEMENT_3D ( 'NONE', #1174, #1304, #2126 ) ;
#100 = CARTESIAN_POINT ( 'NONE',  ( -20.00568060999047759, 8.333333333333284187, -5.016573413700618822 ) ) ;
#101 = AXIS2_PLACEMENT_3D ( 'NONE', #393, #63, #1365 ) ;
#102 = CARTESIAN_POINT ( 'NONE',  ( 7.595262839689382872, -18.00000000000000000, 21.81022037788508428 ) ) ;
#103 = CARTESIAN_POINT ( 'NONE',  ( 10.45432718050860821, 25.00000000000000000, -6.516235567968537090 ) ) ;
#104 = VERTEX_POINT ( 'NONE', #920 ) ;
#105 = CARTESIAN_POINT ( 'NONE',  ( 15.93132320543369929, 22.66666666666667140, 16.72957383756352812 ) ) ;
#106 = DIRECTION ( 'NONE',  ( -0.000000000000000000, 1.000000000000000000, -0.000000000000000000 ) ) ;
#107 = CARTESIAN_POINT ( 'NONE',  ( 22.30710143300821002, 25.00000000000000000, -5.977169814453707097 ) ) ;
#108 = CARTESIAN_POINT ( 'NONE',  ( -7.595262839689376655, -18.00000000000000355, -21.81022037788509849 ) ) ;
#109 = ORIENTED_EDGE ( 'NONE', *, *, #678, .T. ) ;
#110 = CARTESIAN_POINT ( 'NONE',  ( -28.07802670118529420, -18.00000000000000000, -11.68864477035408633 ) ) ;
#111 = DIRECTION ( 'NONE',  ( 0.000000000000000000, 0.000000000000000000, 1.000000000000000000 ) ) ;
#112 = CARTESIAN_POINT ( 'NONE',  ( -9.330528074123767723, -18.00000000000000000, -11.74483911588354523 ) ) ;
#113 = EDGE_CURVE ( 'NONE', #359, #885, #1190, .T. ) ;
#114 = CARTESIAN_POINT ( 'NONE',  ( -6.605827474212109252, -2.999999999999686029, -12.35047923316219709 ) ) ;
#115 = CARTESIAN_POINT ( 'NONE',  ( -5.977169814453679564, -25.00000000000000000, -22.30710143300821713 ) ) ;
#116 = CONTEXT_DEPENDENT_SHAPE_REPRESENTATION ( #2136, #1581 ) ;
#117 = CARTESIAN_POINT ( 'NONE',  ( 10.11827453609402028, 25.00000000000000711, -6.852288212383141897 ) ) ;
#118 = ORIENTED_EDGE ( 'NONE', *, *, #1700, .T. ) ;
#119 = DIRECTION ( 'NONE',  ( 2.317862832147734131E-17, 1.000000000000000000, 7.152980039235552631E-17 ) ) ;
#120 = AXIS2_PLACEMENT_3D ( 'NONE', #909, #1252, #1925 ) ;
#121 = CARTESIAN_POINT ( 'NONE',  ( 9.330528074123778381, 18.00000000000000000, 11.74483911588353813 ) ) ;
#122 = CARTESIAN_POINT ( 'NONE',  ( -21.47295433397189512, 17.99999999999999645, 0.8712501728315922289 ) ) ;
#123 = B_SPLINE_SURFACE_WITH_KNOTS ( 'NONE', 3, 3, ( 
 ( #210, #350, #1719, #1551 ),
 ( #727, #1688, #1384, #557 ),
 ( #1220, #1679, #181, #848 ),
 ( #1505, #2018, #1184, #192 ) ),
 .UNSPECIFIED., .F., .F., .F.,
 ( 4, 4 ),
 ( 4, 4 ),
 ( -0.02309401076758503535, 0.000000000000000000 ),
 ( -0.05000000000000000278, 0.000000000000000000 ),
 .UNSPECIFIED. ) ;
#124 = CARTESIAN_POINT ( 'NONE',  ( -9.163566713815198383, 18.99999999999999289, -10.39407259366235792 ) ) ;
#125 = CARTESIAN_POINT ( 'NONE',  ( 2.121914728667568362, 8.333333333333333925, -20.52117586452893505 ) ) ;
#126 = ADVANCED_FACE ( 'NONE', ( #2095 ), #634, .T. ) ;
#127 = CARTESIAN_POINT ( 'NONE',  ( 13.63741438071094159, -17.00000000000000000, 2.453758139829276708 ) ) ;
#128 = ORIENTED_EDGE ( 'NONE', *, *, #1369, .F. ) ;
#129 = PRODUCT_DEFINITION ( 'BİLİNMEY', '', #1766, #1900 ) ;
#130 = CARTESIAN_POINT ( 'NONE',  ( -3.752876315504598548, 21.50000000000000000, 14.00592446196978713 ) ) ;
#131 = LINE ( 'NONE', #1082, #1049 ) ;
#132 = CIRCLE ( 'NONE', #1771, 4.499999999999999112 ) ;
#133 = CARTESIAN_POINT ( 'NONE',  ( -11.35086963412188332, 24.99999999999999645, -4.002417477241658972 ) ) ;
#134 = CARTESIAN_POINT ( 'NONE',  ( 14.00592453929131231, 19.00000000000000355, -8.252875982050026593 ) ) ;
#135 = CARTESIAN_POINT ( 'NONE',  ( 14.34732119862376543, -8.333333333333424520, 14.81714212832079092 ) ) ;
#136 = EDGE_CURVE ( 'NONE', #1892, #1295, #1946, .T. ) ;
#137 = DIRECTION ( 'NONE',  ( 2.317862832147734131E-17, 1.000000000000000000, 7.152980039235552631E-17 ) ) ;
#138 = ORIENTED_EDGE ( 'NONE', *, *, #1987, .T. ) ;
#139 = EDGE_CURVE ( 'NONE', #1491, #2033, #1853, .T. ) ;
#140 = CARTESIAN_POINT ( 'NONE',  ( -6.605827474212109252, -2.999999999999686029, -12.35047923316219709 ) ) ;
#141 = DIRECTION ( 'NONE',  ( -0.5308642990449176091, 0.000000000000000000, 0.8474568401986901645 ) ) ;
#142 = ORIENTED_EDGE ( 'NONE', *, *, #982, .T. ) ;
#143 = CARTESIAN_POINT ( 'NONE',  ( -5.977169628561166626, -25.00000000000000355, -22.30710138319846791 ) ) ;
#144 = CARTESIAN_POINT ( 'NONE',  ( -4.419747557983613184, 18.99999999999999289, 13.13291786026863051 ) ) ;
#145 = CARTESIAN_POINT ( 'NONE',  ( -7.595262839689376655, -18.00000000000000355, -21.81022037788509849 ) ) ;
#146 = CARTESIAN_POINT ( 'NONE',  ( 5.336538684531082488, 25.00000000000003553, 10.99339293402345774 ) ) ;
#147 = ORIENTED_EDGE ( 'NONE', *, *, #1075, .F. ) ;
#148 = CARTESIAN_POINT ( 'NONE',  ( 13.91168213049590285, 10.99999999999998579, -1.624223429895497395 ) ) ;
#149 = EDGE_CURVE ( 'NONE', #926, #381, #59, .T. ) ;
#150 = EDGE_CURVE ( 'NONE', #1198, #397, #1261, .T. ) ;
#151 = PLANE ( 'NONE',  #1060 ) ;
#152 = CARTESIAN_POINT ( 'NONE',  ( -5.919489615095174351, 19.00000000000000000, 11.43016307130729636 ) ) ;
#153 = DIRECTION ( 'NONE',  ( 0.000000000000000000, 0.000000000000000000, 1.000000000000000000 ) ) ;
#154 = CARTESIAN_POINT ( 'NONE',  ( -13.93111715828631070, -11.98729992421471380, -14.62674222116149814 ) ) ;
#155 = DIRECTION ( 'NONE',  ( 0.000000000000000000, 0.000000000000000000, 1.000000000000000000 ) ) ;
#156 = ORIENTED_EDGE ( 'NONE', *, *, #1742, .F. ) ;
#157 = FILL_AREA_STYLE_COLOUR ( '', #957 ) ;
#158 = ORIENTED_EDGE ( 'NONE', *, *, #1987, .F. ) ;
#159 = CARTESIAN_POINT ( 'NONE',  ( 20.00568209392231367, -8.333333333333447612, -5.016573570102769608 ) ) ;
#160 = VECTOR ( 'NONE', #270, 1000.000000000000114 ) ;
#161 = FACE_OUTER_BOUND ( 'NONE', #1655, .T. ) ;
#162 = CARTESIAN_POINT ( 'NONE',  ( -9.330528074123767723, -18.00000000000000000, -11.74483911588354523 ) ) ;
#163 = DIRECTION ( 'NONE',  ( 0.000000000000000000, 1.000000000000000000, 0.000000000000000000 ) ) ;
#164 = EDGE_LOOP ( 'NONE', ( #1095, #2061, #835 ) ) ;
#165 = CARTESIAN_POINT ( 'NONE',  ( -22.30710138319845726, 25.00000000000000355, 5.977169628561196824 ) ) ;
#166 = VERTEX_POINT ( 'NONE', #585 ) ;
#167 = B_SPLINE_CURVE_WITH_KNOTS ( 'NONE', 3,
 ( #1293, #449, #954, #1958 ),
 .UNSPECIFIED., .F., .F.,
 ( 4, 4 ),
 ( 1.734723475976807094E-17, 0.006002026146817752983 ),
 .UNSPECIFIED. ) ;
#168 = DIRECTION ( 'NONE',  ( -0.000000000000000000, 1.000000000000000000, 0.000000000000000000 ) ) ;
#169 = VERTEX_POINT ( 'NONE', #1250 ) ;
#170 = CARTESIAN_POINT ( 'NONE',  ( -5.826982199316414146, 19.00000000000000355, -11.06541513119736742 ) ) ;
#171 = CARTESIAN_POINT ( 'NONE',  ( 14.00592453929131231, 25.00000000000000000, 0.7471240179499770706 ) ) ;
#172 = CARTESIAN_POINT ( 'NONE',  ( -7.518195639821164455, 17.99999999999999645, -18.90846737432477553 ) ) ;
#173 = EDGE_CURVE ( 'NONE', #802, #2085, #1531, .T. ) ;
#174 = ADVANCED_FACE ( 'NONE', ( #1084 ), #1756, .T. ) ;
#175 = CARTESIAN_POINT ( 'NONE',  ( -19.21154249863340979, 5.985729505310243503, -6.134497705971451609 ) ) ;
#176 = ORIENTED_EDGE ( 'NONE', *, *, #1209, .T. ) ;
#177 = B_SPLINE_CURVE_WITH_KNOTS ( 'NONE', 3,
 ( #1859, #1017, #1691, #999, #510, #809 ),
 .UNSPECIFIED., .F., .F.,
 ( 4, 2, 4 ),
 ( 0.000000000000000000, 0.01803782144187352637, 0.03607564288374705275 ),
 .UNSPECIFIED. ) ;
#178 = FACE_OUTER_BOUND ( 'NONE', #1179, .T. ) ;
#179 = VERTEX_POINT ( 'NONE', #1595 ) ;
#180 = CARTESIAN_POINT ( 'NONE',  ( -5.813708888194383029, 20.99974771737229062, -10.99309735652358633 ) ) ;
#181 = CARTESIAN_POINT ( 'NONE',  ( -18.83281697854393499, 8.333333333333325044, 8.422955872573988145 ) ) ;
#182 = LINE ( 'NONE', #998, #1223 ) ;
#183 = DIRECTION ( 'NONE',  ( 0.000000000000000000, 1.000000000000000000, 0.000000000000000000 ) ) ;
#184 = STYLED_ITEM ( 'NONE', ( #808 ), #1478 ) ;
#185 = VERTEX_POINT ( 'NONE', #1270 ) ;
#186 = CARTESIAN_POINT ( 'NONE',  ( -20.31471149485698291, 25.00000000000000000, -1.458530663215698020 ) ) ;
#187 = VERTEX_POINT ( 'NONE', #282 ) ;
#188 = DIRECTION ( 'NONE',  ( 0.5000000000000101030, 0.000000000000000000, 0.8660254037844328234 ) ) ;
#189 = ORIENTED_EDGE ( 'NONE', *, *, #1780, .F. ) ;
#190 = CARTESIAN_POINT ( 'NONE',  ( -4.419747557983613184, 18.99999999999999289, 13.13291786026863051 ) ) ;
#191 = ORIENTED_EDGE ( 'NONE', *, *, #1590, .F. ) ;
#192 = CARTESIAN_POINT ( 'NONE',  ( -22.30710143300821002, 25.00000000000000000, 5.977169814453709762 ) ) ;
#193 = PLANE ( 'NONE',  #1755 ) ;
#194 = CARTESIAN_POINT ( 'NONE',  ( -13.83137976573996220, -18.00000000000000000, -14.56426467838743832 ) ) ;
#195 = AXIS2_PLACEMENT_3D ( 'NONE', #1168, #1676, #1696 ) ;
#196 = CARTESIAN_POINT ( 'NONE',  ( 10.99339293402344353, 24.99999999999997513, 5.336538684531057619 ) ) ;
#197 = ORIENTED_EDGE ( 'NONE', *, *, #887, .F. ) ;
#198 = EDGE_CURVE ( 'NONE', #1198, #50, #2005, .T. ) ;
#199 = CARTESIAN_POINT ( 'NONE',  ( -16.86379089349000182, 24.99999999999998224, 11.42048035397185757 ) ) ;
#200 = B_SPLINE_CURVE_WITH_KNOTS ( 'NONE', 3,
 ( #1959, #946, #458, #1620 ),
 .UNSPECIFIED., .F., .F.,
 ( 4, 4 ),
 ( 0.0001305013926902160544, 0.003533955083402562716 ),
 .UNSPECIFIED. ) ;
#201 = CARTESIAN_POINT ( 'NONE',  ( 6.669439514681114289, 19.00000000000000355, -10.57902216931951322 ) ) ;
#202 = CARTESIAN_POINT ( 'NONE',  ( 19.06033087857446873, 17.99999999999999645, 6.039775654201563704 ) ) ;
#203 = AXIS2_PLACEMENT_3D ( 'NONE', #2051, #1078, #550 ) ;
#204 = CARTESIAN_POINT ( 'NONE',  ( 10.25304822031320207, 19.00000000000000355, 10.25304846696056593 ) ) ;
#205 = CARTESIAN_POINT ( 'NONE',  ( -12.49642171056552442, 19.00000000000000355, -0.4863929421032768818 ) ) ;
#206 = VERTEX_POINT ( 'NONE', #447 ) ;
#207 = CARTESIAN_POINT ( 'NONE',  ( 10.25304822031320207, 19.00000000000000355, 10.25304846696056593 ) ) ;
#208 = EDGE_CURVE ( 'NONE', #1569, #1170, #2116, .T. ) ;
#209 = EDGE_CURVE ( 'NONE', #1569, #1799, #617, .T. ) ;
#210 = CARTESIAN_POINT ( 'NONE',  ( -16.32993161855453224, -25.00000000000000000, 16.32993161855451802 ) ) ;
#211 = CARTESIAN_POINT ( 'NONE',  ( -13.48273041400648431, -8.333333333333373005, 19.18452137873712715 ) ) ;
#212 = EDGE_CURVE ( 'NONE', #1687, #1862, #1251, .T. ) ;
#213 = FACE_OUTER_BOUND ( 'NONE', #640, .T. ) ;
#214 = ORIENTED_EDGE ( 'NONE', *, *, #212, .F. ) ;
#215 = MECHANICAL_DESIGN_GEOMETRIC_PRESENTATION_REPRESENTATION (  '', ( #184 ), #1795 ) ;
#216 = CARTESIAN_POINT ( 'NONE',  ( 0.000000000000000000, 18.00000000000000000, -4.313650131537727361E-08 ) ) ;
#217 = ORIENTED_EDGE ( 'NONE', *, *, #669, .F. ) ;
#218 = ORIENTED_EDGE ( 'NONE', *, *, #2004, .T. ) ;
#219 = EDGE_CURVE ( 'NONE', #1917, #2097, #2096, .T. ) ;
#220 = CARTESIAN_POINT ( 'NONE',  ( -20.00568209392231367, -8.333333333333444060, 5.016573570102765167 ) ) ;
#221 = CYLINDRICAL_SURFACE ( 'NONE', #1200, 4.500000000000000888 ) ;
#222 = CARTESIAN_POINT ( 'NONE',  ( -7.595262839689376655, -18.00000000000000355, -21.81022037788509849 ) ) ;
#223 = EDGE_LOOP ( 'NONE', ( #1389, #214, #638, #1623 ) ) ;
#224 = ADVANCED_FACE ( 'NONE', ( #1097 ), #950, .T. ) ;
#225 = CARTESIAN_POINT ( 'NONE',  ( -14.00592453234428447, 19.00000000000000355, 8.252876007968417582 ) ) ;
#226 = ORIENTED_EDGE ( 'NONE', *, *, #1635, .F. ) ;
#227 = CIRCLE ( 'NONE', #1345, 4.500000000000001776 ) ;
#228 = CARTESIAN_POINT ( 'NONE',  ( -6.613447123781420522, 20.99974771737196377, 10.53136827560612154 ) ) ;
#229 = ORIENTED_EDGE ( 'NONE', *, *, #1462, .F. ) ;
#230 = CARTESIAN_POINT ( 'NONE',  ( 7.595262839689382872, -18.00000000000000000, 21.81022037788508428 ) ) ;
#231 = CARTESIAN_POINT ( 'NONE',  ( 9.067667526395064570, -2.999999999999728661, 8.376936907288284218 ) ) ;
#232 = CARTESIAN_POINT ( 'NONE',  ( -5.795594861430365619, 25.00000000000000000, -10.87038920214276594 ) ) ;
#233 = ORIENTED_EDGE ( 'NONE', *, *, #841, .T. ) ;
#234 = DIRECTION ( 'NONE',  ( 2.317862832147734131E-17, 1.000000000000000000, 7.152980039235552631E-17 ) ) ;
#235 = ITEM_DEFINED_TRANSFORMATION ( 'NONE', 'NONE', #1598,  #927 ) ;
#236 = EDGE_CURVE ( 'NONE', #1040, #1697, #52, .T. ) ;
#237 = CIRCLE ( 'NONE', #1282, 4.500000000000001776 ) ;
#238 = EDGE_CURVE ( 'NONE', #1249, #2017, #1924, .T. ) ;
#239 = CARTESIAN_POINT ( 'NONE',  ( 1.236856895180849847, 19.00000000000001066, -12.48960385999357037 ) ) ;
#240 = ORIENTED_EDGE ( 'NONE', *, *, #2039, .T. ) ;
#241 = CARTESIAN_POINT ( 'NONE',  ( -7.392915027724554555, -2.999999999999655831, 11.89605402226597519 ) ) ;
#242 = CARTESIAN_POINT ( 'NONE',  ( 13.38426085980492530, 25.00000000000000000, -3.586301888672224436 ) ) ;
#243 = CARTESIAN_POINT ( 'NONE',  ( 5.794657080369336498E-16, 25.00000000000000000, 1.788245009808888121E-15 ) ) ;
#244 = CARTESIAN_POINT ( 'NONE',  ( 22.68583632923021298, -18.00000000000001066, 4.327419621351606516 ) ) ;
#245 = CARTESIAN_POINT ( 'NONE',  ( 2.720806404413584012, -2.999999999999742872, -12.04129888457349296 ) ) ;
#246 = CARTESIAN_POINT ( 'NONE',  ( 16.32993161855453934, 25.00000000000000000, 16.32993161855451447 ) ) ;
#247 = SHAPE_DEFINITION_REPRESENTATION ( #965, #1538 ) ;
#248 = ORIENTED_EDGE ( 'NONE', *, *, #149, .T. ) ;
#249 = CARTESIAN_POINT ( 'NONE',  ( 14.63917106457295070, 18.00000000000000000, 3.270270713896636039 ) ) ;
#250 = ORIENTED_EDGE ( 'NONE', *, *, #1059, .T. ) ;
#251 = CARTESIAN_POINT ( 'NONE',  ( -22.30710143300821002, 25.00000000000000000, 5.977169814453709762 ) ) ;
#252 = CIRCLE ( 'NONE', #2066, 4.500000000000000888 ) ;
#253 = CARTESIAN_POINT ( 'NONE',  ( 10.65617302264745447, -17.00000000000000355, 5.981580881734697819 ) ) ;
#254 = CARTESIAN_POINT ( 'NONE',  ( -10.76001964827954183, 21.00018986479512861, -5.781474170640333199 ) ) ;
#255 = EDGE_LOOP ( 'NONE', ( #647, #906, #1747, #1578, #857, #1331, #1571, #742, #1402, #1584, #320, #459, #985, #191, #1150, #1263, #1079, #1071 ) ) ;
#256 = B_SPLINE_CURVE_WITH_KNOTS ( 'NONE', 3,
 ( #333, #1670, #1639, #143 ),
 .UNSPECIFIED., .F., .F.,
 ( 4, 4 ),
 ( -0.006999999999999687028, 0.000000000000000000 ),
 .UNSPECIFIED. ) ;
#257 = DIRECTION ( 'NONE',  ( 0.000000000000000000, -7.152980039235552631E-17, 1.000000000000000000 ) ) ;
#258 = DIRECTION ( 'NONE',  ( -0.000000000000000000, -1.000000000000000000, -0.000000000000000000 ) ) ;
#259 = VERTEX_POINT ( 'NONE', #1912 ) ;
#260 = CARTESIAN_POINT ( 'NONE',  ( 22.68583554325434548, 17.99999999999999645, -4.327419523256976319 ) ) ;
#261 = CARTESIAN_POINT ( 'NONE',  ( 14.00592453929131231, 19.00000000000000355, -8.252875982050026593 ) ) ;
#262 = ORIENTED_EDGE ( 'NONE', *, *, #1487, .T. ) ;
#263 = VECTOR ( 'NONE', #471, 1000.000000000000000 ) ;
#264 = CARTESIAN_POINT ( 'NONE',  ( 5.977169814453673347, 25.00000000000000000, -22.30710143300821713 ) ) ;
#265 = EDGE_CURVE ( 'NONE', #1154, #842, #719, .T. ) ;
#266 = CIRCLE ( 'NONE', #689, 2.000000000000000000 ) ;
#267 = DIRECTION ( 'NONE',  ( 0.000000000000000000, 0.000000000000000000, 1.000000000000000000 ) ) ;
#268 = ORIENTED_EDGE ( 'NONE', *, *, #1654, .F. ) ;
#269 = ORIENTED_EDGE ( 'NONE', *, *, #814, .F. ) ;
#270 = DIRECTION ( 'NONE',  ( 0.8474568401986900534, 0.000000000000000000, 0.5308642990449177201 ) ) ;
#271 = B_SPLINE_CURVE_WITH_KNOTS ( 'NONE', 3,
 ( #1648, #1466, #1130, #1640 ),
 .UNSPECIFIED., .F., .F.,
 ( 4, 4 ),
 ( 0.000000000000000000, 0.004871055294775455784 ),
 .UNSPECIFIED. ) ;
#272 = CARTESIAN_POINT ( 'NONE',  ( 4.898587196589412829E-16, 2.500000000000000000, 4.000000000000000000 ) ) ;
#273 = VERTEX_POINT ( 'NONE', #1757 ) ;
#274 = CARTESIAN_POINT ( 'NONE',  ( 16.86379089349006222, -25.00000000000001776, 11.42048035397187000 ) ) ;
#275 = B_SPLINE_CURVE_WITH_KNOTS ( 'NONE', 3,
 ( #1279, #1765, #289, #2114 ),
 .UNSPECIFIED., .F., .F.,
 ( 4, 4 ),
 ( -0.02309401076758503535, 0.000000000000000000 ),
 .UNSPECIFIED. ) ;
#276 = CARTESIAN_POINT ( 'NONE',  ( 5.795594863756134529, 25.00000000000000000, 10.87038920151958088 ) ) ;
#277 = PRODUCT_DEFINITION_SHAPE ( 'NONE', 'NONE',  #2146 ) ;
#278 = VERTEX_POINT ( 'NONE', #2071 ) ;
#279 = CARTESIAN_POINT ( 'NONE',  ( 20.31471149485695804, -24.99999999999998224, -1.458530663215704681 ) ) ;
#280 = EDGE_CURVE ( 'NONE', #185, #278, #31, .T. ) ;
#281 = CARTESIAN_POINT ( 'NONE',  ( 17.60181700545222228, -18.00000000000000000, -10.21087104858888850 ) ) ;
#282 = CARTESIAN_POINT ( 'NONE',  ( 2.449293598294706414E-16, 2.500000000000000000, 2.000000000000000000 ) ) ;
#283 = CARTESIAN_POINT ( 'NONE',  ( 8.943724074190473772, -16.99999999999994671, -10.58346822571626689 ) ) ;
#284 = CARTESIAN_POINT ( 'NONE',  ( 9.872917666428747907, -8.333333333333381887, 21.26864774027523808 ) ) ;
#285 = CARTESIAN_POINT ( 'NONE',  ( 15.09057348954083722, -18.00000000000000355, -17.48280075653348220 ) ) ;
#286 = ORIENTED_EDGE ( 'NONE', *, *, #1502, .F. ) ;
#287 =( NAMED_UNIT ( * ) PLANE_ANGLE_UNIT ( ) SI_UNIT ( $, .RADIAN. ) );
#288 = AXIS2_PLACEMENT_3D ( 'NONE', #1202, #1709, #351 ) ;
#289 = CARTESIAN_POINT ( 'NONE',  ( 11.42048035397186467, 25.00000000000001776, -16.86379089349005511 ) ) ;
#290 = DIRECTION ( 'NONE',  ( 0.000000000000000000, 1.000000000000000000, 0.000000000000000000 ) ) ;
#291 = CARTESIAN_POINT ( 'NONE',  ( -0.8751183979294333559, 24.99999999999999289, -12.18882689691418797 ) ) ;
#292 = CARTESIAN_POINT ( 'NONE',  ( 5.977169814453673347, 25.00000000000000000, -22.30710143300821713 ) ) ;
#293 = EDGE_CURVE ( 'NONE', #1473, #1799, #541, .T. ) ;
#294 = FACE_OUTER_BOUND ( 'NONE', #523, .T. ) ;
#295 = VERTEX_POINT ( 'NONE', #283 ) ;
#296 = CARTESIAN_POINT ( 'NONE',  ( -13.58331427179881246, 18.99999999999999645, 2.738845266606278361 ) ) ;
#297 = SHAPE_REPRESENTATION_RELATIONSHIP ( 'NONE' , 'NONE' ,  #1538, #1127 ) ;
#298 = VERTEX_POINT ( 'NONE', #942 ) ;
#299 = AXIS2_PLACEMENT_3D ( 'NONE', #573, #1411, #1625 ) ;
#300 = CARTESIAN_POINT ( 'NONE',  ( -9.872916390503727158, 8.333333333333341031, 21.26864498714856211 ) ) ;
#301 = CARTESIAN_POINT ( 'NONE',  ( -10.45432716525991346, 25.00000000000000000, 6.516235583217238947 ) ) ;
#302 = FACE_OUTER_BOUND ( 'NONE', #223, .T. ) ;
#303 = DIRECTION ( 'NONE',  ( 0.000000000000000000, 0.000000000000000000, 1.000000000000000000 ) ) ;
#304 = EDGE_CURVE ( 'NONE', #1491, #35, #623, .T. ) ;
#305 = VERTEX_POINT ( 'NONE', #1596 ) ;
#306 = FACE_OUTER_BOUND ( 'NONE', #1902, .T. ) ;
#307 = ADVANCED_FACE ( 'NONE', ( #1582 ), #1271, .T. ) ;
#308 = B_SPLINE_CURVE_WITH_KNOTS ( 'NONE', 3,
 ( #102, #1907, #1459, #639 ),
 .UNSPECIFIED., .F., .F.,
 ( 4, 4 ),
 ( 0.000000000000000000, 0.009559971109172877776 ),
 .UNSPECIFIED. ) ;
#309 = ORIENTED_EDGE ( 'NONE', *, *, #1610, .F. ) ;
#310 = VECTOR ( 'NONE', #1176, 999.9999999999998863 ) ;
#311 = CARTESIAN_POINT ( 'NONE',  ( -2.121914728667571470, 8.333333333333321491, 20.52117586452891373 ) ) ;
#312 = CARTESIAN_POINT ( 'NONE',  ( -5.169596494268939857, 18.99999999999999645, 12.28146064832235496 ) ) ;
#313 = DIRECTION ( 'NONE',  ( -0.000000000000000000, 1.000000000000000000, -0.000000000000000000 ) ) ;
#314 = CARTESIAN_POINT ( 'NONE',  ( 4.693690306520462485, -17.00000000000037303, 13.03722636554553738 ) ) ;
#315 = ORIENTED_EDGE ( 'NONE', *, *, #1159, .F. ) ;
#316 = CARTESIAN_POINT ( 'NONE',  ( -16.86379089349003024, 25.00000000000000000, 11.42048035397188066 ) ) ;
#317 = CARTESIAN_POINT ( 'NONE',  ( 0.000000000000000000, 2.500000000000000000, 0.000000000000000000 ) ) ;
#318 = EDGE_LOOP ( 'NONE', ( #1826, #1999, #1682, #492 ) ) ;
#319 = CARTESIAN_POINT ( 'NONE',  ( 11.42048035397186467, 25.00000000000001776, -16.86379089349005511 ) ) ;
#320 = ORIENTED_EDGE ( 'NONE', *, *, #703, .F. ) ;
#321 = DIRECTION ( 'NONE',  ( -0.000000000000000000, 1.000000000000000000, -0.000000000000000000 ) ) ;
#322 = FILL_AREA_STYLE_COLOUR ( '', #1685 ) ;
#323 = CARTESIAN_POINT ( 'NONE',  ( 0.000000000000000000, -2.500000000000000000, 0.000000000000000000 ) ) ;
#324 = ORIENTED_EDGE ( 'NONE', *, *, #748, .F. ) ;
#325 = DIRECTION ( 'NONE',  ( 2.317862832147734131E-17, 1.000000000000000000, 7.152980039235552631E-17 ) ) ;
#326 = ORIENTED_EDGE ( 'NONE', *, *, #173, .F. ) ;
#327 =( LENGTH_UNIT ( ) NAMED_UNIT ( * ) SI_UNIT ( .MILLI., .METRE. ) );
#328 = B_SPLINE_CURVE_WITH_KNOTS ( 'NONE', 3,
 ( #860, #36, #701, #296 ),
 .UNSPECIFIED., .F., .F.,
 ( 4, 4 ),
 ( 0.0003321064119097957498, 0.003735560090279622502 ),
 .UNSPECIFIED. ) ;
#329 = FACE_OUTER_BOUND ( 'NONE', #1030, .T. ) ;
#330 = EDGE_CURVE ( 'NONE', #1177, #503, #92, .T. ) ;
#331 = ORIENTED_EDGE ( 'NONE', *, *, #519, .T. ) ;
#332 = CIRCLE ( 'NONE', #1627, 4.500000000000001776 ) ;
#333 = CARTESIAN_POINT ( 'NONE',  ( -7.595262839689376655, -18.00000000000000355, -21.81022037788509849 ) ) ;
#334 = DIRECTION ( 'NONE',  ( -0.8474568401986901645, 0.000000000000000000, -0.5308642990449176091 ) ) ;
#335 = AXIS2_PLACEMENT_3D ( 'NONE', #1980, #481, #1125 ) ;
#336 = EDGE_CURVE ( 'NONE', #2093, #2074, #1324, .T. ) ;
#337 = CARTESIAN_POINT ( 'NONE',  ( -20.00441568683918092, -12.01402272206667909, -6.631169688924209993 ) ) ;
#338 = ORIENTED_EDGE ( 'NONE', *, *, #208, .F. ) ;
#339 = SURFACE_SIDE_STYLE ('',( #1652 ) ) ;
#340 = ORIENTED_EDGE ( 'NONE', *, *, #265, .T. ) ;
#341 = CARTESIAN_POINT ( 'NONE',  ( 5.658360288780883707, 8.333333333333314386, 19.83371433509983461 ) ) ;
#342 = STYLED_ITEM ( 'NONE', ( #1480 ), #772 ) ;
#343 = CARTESIAN_POINT ( 'NONE',  ( 8.051258665975595363, 19.00000000000000711, 10.61773221630046748 ) ) ;
#344 = CARTESIAN_POINT ( 'NONE',  ( -14.74946483652782980, 6.026325809760064267, -15.13937194574177525 ) ) ;
#345 = CARTESIAN_POINT ( 'NONE',  ( -3.752876315504598548, 25.00000000000000000, 18.50592446196978358 ) ) ;
#346 =( REPRESENTATION_RELATIONSHIP ('NONE','NONE', #791, #1538 ) REPRESENTATION_RELATIONSHIP_WITH_TRANSFORMATION ( #1734 )SHAPE_REPRESENTATION_RELATIONSHIP( ) );
#347 = CARTESIAN_POINT ( 'NONE',  ( 9.797958971132723960, 25.00000000000000000, 9.797958971132709749 ) ) ;
#348 =( NAMED_UNIT ( * ) PLANE_ANGLE_UNIT ( ) SI_UNIT ( $, .RADIAN. ) );
#349 = DIRECTION ( 'NONE',  ( 2.317862832147734131E-17, 1.000000000000000000, 7.152980039235552631E-17 ) ) ;
#350 = CARTESIAN_POINT ( 'NONE',  ( -13.48273041400648431, -8.333333333333373005, 19.18452137873712715 ) ) ;
#351 = DIRECTION ( 'NONE',  ( 0.000000000000000000, 0.000000000000000000, 1.000000000000000000 ) ) ;
#352 = B_SPLINE_CURVE_WITH_KNOTS ( 'NONE', 3,
 ( #990, #1166, #1837, #1684 ),
 .UNSPECIFIED., .F., .F.,
 ( 4, 4 ),
 ( -0.03599999999999996952, 0.000000000000000000 ),
 .UNSPECIFIED. ) ;
#353 = CARTESIAN_POINT ( 'NONE',  ( 5.795594863756134529, 25.00000000000000000, 10.87038920151958088 ) ) ;
#354 = AXIS2_PLACEMENT_3D ( 'NONE', #1653, #1003, #1677 ) ;
#355 = EDGE_CURVE ( 'NONE', #1481, #397, #754, .T. ) ;
#356 = CARTESIAN_POINT ( 'NONE',  ( -22.30710138319845726, 25.00000000000000355, 5.977169628561196824 ) ) ;
#357 = ORIENTED_EDGE ( 'NONE', *, *, #556, .T. ) ;
#358 = DIRECTION ( 'NONE',  ( -1.000000000000000000, 0.000000000000000000, 6.982962677686266711E-15 ) ) ;
#359 = VERTEX_POINT ( 'NONE', #635 ) ;
#360 = B_SPLINE_CURVE_WITH_KNOTS ( 'NONE', 3,
 ( #170, #180, #846, #1302 ),
 .UNSPECIFIED., .F., .F.,
 ( 4, 4 ),
 ( 6.938893903907228378E-18, 0.006003250809185240421 ),
 .UNSPECIFIED. ) ;
#361 = VERTEX_POINT ( 'NONE', #816 ) ;
#362 = CARTESIAN_POINT ( 'NONE',  ( 16.32993161855452868, -25.00000000000000355, -16.32993161855451447 ) ) ;
#363 = CARTESIAN_POINT ( 'NONE',  ( 21.47295433397190934, 18.00000000000000355, -0.8712501728315920069 ) ) ;
#364 = FACE_OUTER_BOUND ( 'NONE', #1133, .T. ) ;
#365 = VECTOR ( 'NONE', #1770, 1000.000000000000000 ) ;
#366 = DIRECTION ( 'NONE',  ( 0.000000000000000000, 0.000000000000000000, 1.000000000000000000 ) ) ;
#367 = AXIS2_PLACEMENT_3D ( 'NONE', #1405, #119, #938 ) ;
#368 = EDGE_CURVE ( 'NONE', #427, #2085, #1743, .T. ) ;
#369 = CARTESIAN_POINT ( 'NONE',  ( 1.458530663215727330, 25.00000000000000000, 20.31471149485698291 ) ) ;
#370 = ORIENTED_EDGE ( 'NONE', *, *, #2130, .T. ) ;
#371 = ADVANCED_FACE ( 'NONE', ( #837 ), #1339, .F. ) ;
#372 = EDGE_CURVE ( 'NONE', #1934, #1249, #924, .T. ) ;
#373 = CARTESIAN_POINT ( 'NONE',  ( -15.69560276989323455, 18.00000000000000000, -15.73205210002322652 ) ) ;
#374 = EDGE_CURVE ( 'NONE', #1008, #2017, #649, .T. ) ;
#375 = B_SPLINE_CURVE_WITH_KNOTS ( 'NONE', 3,
 ( #665, #817, #1329, #962 ),
 .UNSPECIFIED., .F., .F.,
 ( 4, 4 ),
 ( 0.000000000000000000, 0.006003250809167482924 ),
 .UNSPECIFIED. ) ;
#376 = CARTESIAN_POINT ( 'NONE',  ( 22.68583632923021298, -18.00000000000001066, 4.327419621351606516 ) ) ;
#377 = CARTESIAN_POINT ( 'NONE',  ( 0.000000000000000000, 2.500000000000000000, -2.000000000000000000 ) ) ;
#378 = CARTESIAN_POINT ( 'NONE',  ( 11.35086962812597910, 25.00000000000000000, 4.002417499618682761 ) ) ;
#379 = CARTESIAN_POINT ( 'NONE',  ( 13.83137976573996575, -18.00000000000000000, 14.56426467838742767 ) ) ;
#380 = ORIENTED_EDGE ( 'NONE', *, *, #1369, .T. ) ;
#381 = VERTEX_POINT ( 'NONE', #676 ) ;
#382 = CARTESIAN_POINT ( 'NONE',  ( -14.34732032120956902, 8.333333333333291293, 14.81714092139918648 ) ) ;
#383 = EDGE_CURVE ( 'NONE', #991, #104, #1898, .T. ) ;
#384 = CARTESIAN_POINT ( 'NONE',  ( -18.32232155670575580, -25.00000000000000000, 8.894231140885114684 ) ) ;
#385 = CARTESIAN_POINT ( 'NONE',  ( -2.209239594264655437, 25.00000000000000000, -11.83135019975092561 ) ) ;
#386 = EDGE_LOOP ( 'NONE', ( #1662, #898, #1439, #1758 ) ) ;
#387 = DIRECTION ( 'NONE',  ( 0.000000000000000000, 0.000000000000000000, 1.000000000000000000 ) ) ;
#388 =( REPRESENTATION_RELATIONSHIP ('NONE','NONE', #791, #1769 ) REPRESENTATION_RELATIONSHIP_WITH_TRANSFORMATION ( #741 )SHAPE_REPRESENTATION_RELATIONSHIP( ) );
#389 = VERTEX_POINT ( 'NONE', #466 ) ;
#390 = CIRCLE ( 'NONE', #462, 4.500000000000000888 ) ;
#391 = CARTESIAN_POINT ( 'NONE',  ( -0.4160619606817985705, 25.00000000000000000, -12.31183069855500278 ) ) ;
#392 = ORIENTED_EDGE ( 'NONE', *, *, #72, .F. ) ;
#393 = CARTESIAN_POINT ( 'NONE',  ( -10.25304821336617245, 19.00000000000000355, -10.25304844104218205 ) ) ;
#394 = CARTESIAN_POINT ( 'NONE',  ( 3.752876322451629054, 25.00000000000000000, -14.00592443605140502 ) ) ;
#395 = EDGE_CURVE ( 'NONE', #1929, #977, #1392, .T. ) ;
#396 = CARTESIAN_POINT ( 'NONE',  ( -3.752876315504598548, 19.00000000000000355, 18.50592446196978358 ) ) ;
#397 = VERTEX_POINT ( 'NONE', #1832 ) ;
#398 = B_SPLINE_CURVE_WITH_KNOTS ( 'NONE', 3,
 ( #1110, #1120, #1793, #1583 ),
 .UNSPECIFIED., .F., .F.,
 ( 4, 4 ),
 ( 1.040834085586084257E-17, 0.006002026146780583063 ),
 .UNSPECIFIED. ) ;
#399 = CARTESIAN_POINT ( 'NONE',  ( -2.121914890634542417, -8.333333333333365900, -20.52117731708039017 ) ) ;
#400 = ORIENTED_EDGE ( 'NONE', *, *, #2079, .F. ) ;
#401 = VECTOR ( 'NONE', #258, 1000.000000000000000 ) ;
#402 = CARTESIAN_POINT ( 'NONE',  ( 3.586301888672202232, 25.00000000000000000, -13.38426085980493063 ) ) ;
#403 = ORIENTED_EDGE ( 'NONE', *, *, #604, .F. ) ;
#404 = CIRCLE ( 'NONE', #862, 15.00000000000000000 ) ;
#405 = CARTESIAN_POINT ( 'NONE',  ( -14.34732119862373345, -8.333333333333376558, -14.81714212832080868 ) ) ;
#406 = CARTESIAN_POINT ( 'NONE',  ( 6.516235774987936047, 25.00000000000000000, -10.45432697348920215 ) ) ;
#407 = DIRECTION ( 'NONE',  ( 2.317862832147734131E-17, 1.000000000000000000, 7.152980039235552631E-17 ) ) ;
#408 = EDGE_LOOP ( 'NONE', ( #1978, #1817, #2120, #1286 ) ) ;
#409 = PLANE ( 'NONE',  #29 ) ;
#410 = PRODUCT_DEFINITION_SHAPE ( 'NONE', 'NONE',  #129 ) ;
#411 = CARTESIAN_POINT ( 'NONE',  ( 9.330528074123774829, -18.00000000000000000, 11.74483911588353990 ) ) ;
#412 = CYLINDRICAL_SURFACE ( 'NONE', #70, 4.500000000000000888 ) ;
#413 = VECTOR ( 'NONE', #964, 1000.000000000000114 ) ;
#414 = EDGE_CURVE ( 'NONE', #1767, #498, #1690, .T. ) ;
#415 = CARTESIAN_POINT ( 'NONE',  ( 0.000000000000000000, 2.500000000000000000, 0.000000000000000000 ) ) ;
#416 = EDGE_LOOP ( 'NONE', ( #156, #859, #1644, #1566 ) ) ;
#417 = CARTESIAN_POINT ( 'NONE',  ( 22.30710143300821002, -25.00000000000000000, 5.977169814453698216 ) ) ;
#418 = CARTESIAN_POINT ( 'NONE',  ( -8.362459816959340486, 10.99999999999998934, -11.23575841943572406 ) ) ;
#419 = CARTESIAN_POINT ( 'NONE',  ( -10.87038913517334571, 25.00000000000000000, -5.795595111363645913 ) ) ;
#420 = ORIENTED_EDGE ( 'NONE', *, *, #374, .F. ) ;
#421 = CARTESIAN_POINT ( 'NONE',  ( 21.93949592417352434, -17.99999999999999289, 5.187547064067599578 ) ) ;
#422 = CARTESIAN_POINT ( 'NONE',  ( -7.857391294032693985, 7.000000000000051514, -11.54551592373832847 ) ) ;
#423 = CARTESIAN_POINT ( 'NONE',  ( 11.42048035397184691, -24.99999999999998224, 16.86379089349003735 ) ) ;
#424 = ORIENTED_EDGE ( 'NONE', *, *, #1436, .F. ) ;
#425 = DIRECTION ( 'NONE',  ( 0.000000000000000000, 0.000000000000000000, 1.000000000000000000 ) ) ;
#426 = EDGE_CURVE ( 'NONE', #995, #41, #1328, .T. ) ;
#427 = VERTEX_POINT ( 'NONE', #1995 ) ;
#428 = CARTESIAN_POINT ( 'NONE',  ( 20.00568209392231367, -8.333333333333447612, -5.016573570102769608 ) ) ;
#429 = AXIS2_PLACEMENT_3D ( 'NONE', #531, #1870, #366 ) ;
#430 = B_SPLINE_SURFACE_WITH_KNOTS ( 'NONE', 3, 3, ( 
 ( #884, #1026, #1702, #538 ),
 ( #1878, #1212, #1385, #1185 ),
 ( #1731, #45, #65, #1037 ),
 ( #558, #211, #1856, #711 ) ),
 .UNSPECIFIED., .F., .F., .F.,
 ( 4, 4 ),
 ( 4, 4 ),
 ( -0.02309401076758503882, 0.000000000000000000 ),
 ( -0.05000000000000000278, 0.000000000000000000 ),
 .UNSPECIFIED. ) ;
#431 = CARTESIAN_POINT ( 'NONE',  ( 7.062374577717654311, 20.33333333333378334, -21.99583855178154224 ) ) ;
#432 = CARTESIAN_POINT ( 'NONE',  ( 14.00592453929131231, 19.00000000000000355, -3.752875982050024817 ) ) ;
#433 = ORIENTED_EDGE ( 'NONE', *, *, #587, .F. ) ;
#434 = APPLICATION_CONTEXT ( 'automotive_design' ) ;
#435 = DIRECTION ( 'NONE',  ( 0.000000000000000000, -0.000000000000000000, 1.000000000000000000 ) ) ;
#436 = CARTESIAN_POINT ( 'NONE',  ( 0.9178256949305647616, 11.00000000000003730, -12.31204650316250593 ) ) ;
#437 = FACE_OUTER_BOUND ( 'NONE', #408, .T. ) ;
#438 = B_SPLINE_CURVE_WITH_KNOTS ( 'NONE', 3,
 ( #28, #830, #646, #1476 ),
 .UNSPECIFIED., .F., .F.,
 ( 4, 4 ),
 ( 0.000000000000000000, 0.004871055316122079037 ),
 .UNSPECIFIED. ) ;
#439 = B_SPLINE_CURVE_WITH_KNOTS ( 'NONE', 3,
 ( #1093, #595, #804, #1643 ),
 .UNSPECIFIED., .F., .F.,
 ( 4, 4 ),
 ( -0.05000000000000000278, -0.04300000000000030187 ),
 .UNSPECIFIED. ) ;
#440 = CARTESIAN_POINT ( 'NONE',  ( 1.944845178305018019, -2.999999999999663380, 12.19202243968302390 ) ) ;
#441 = ORIENTED_EDGE ( 'NONE', *, *, #209, .T. ) ;
#442 = UNCERTAINTY_MEASURE_WITH_UNIT (LENGTH_MEASURE( 1.000000000000000082E-05 ), #812, 'distance_accuracy_value', 'NONE');
#443 = EDGE_CURVE ( 'NONE', #381, #1112, #1244, .T. ) ;
#445 = EDGE_CURVE ( 'NONE', #1535, #1940, #256, .T. ) ;
#444 = CARTESIAN_POINT ( 'NONE',  ( -20.31471149485697936, 25.00000000000000355, -1.458530663215690248 ) ) ;
#446 = DIRECTION ( 'NONE',  ( -0.000000000000000000, 1.000000000000000000, -0.000000000000000000 ) ) ;
#447 = CARTESIAN_POINT ( 'NONE',  ( -10.71557417958520730, 19.00000000000000355, -5.776881584168641837 ) ) ;
#448 = CARTESIAN_POINT ( 'NONE',  ( 5.549222313536548157, 10.99999999999997513, -12.85998184933120392 ) ) ;
#449 = CARTESIAN_POINT ( 'NONE',  ( 10.81168549038937421, 23.00018906517270167, 5.787464896264999936 ) ) ;
#450 = CARTESIAN_POINT ( 'NONE',  ( 0.000000000000000000, 2.500000000000000000, 0.000000000000000000 ) ) ;
#451 = VERTEX_POINT ( 'NONE', #171 ) ;
#452 = CARTESIAN_POINT ( 'NONE',  ( 16.86379089349002314, 24.99999999999998224, -11.42048035397186645 ) ) ;
#453 = DIRECTION ( 'NONE',  ( -0.000000000000000000, -1.000000000000000000, -0.000000000000000000 ) ) ;
#454 = ADVANCED_FACE ( 'NONE', ( #161 ), #799, .F. ) ;
#455 = CARTESIAN_POINT ( 'NONE',  ( -7.595262531653895977, 18.00000000000000355, 21.81021964816269687 ) ) ;
#456 = DIRECTION ( 'NONE',  ( -0.8474568401986900534, 0.000000000000000000, -0.5308642990449177201 ) ) ;
#457 = CARTESIAN_POINT ( 'NONE',  ( 20.31471149485699712, 25.00000000000001776, 1.458530663215703349 ) ) ;
#458 = CARTESIAN_POINT ( 'NONE',  ( -8.051258665577593732, 19.00000000000001066, -10.61773221638049947 ) ) ;
#459 = ORIENTED_EDGE ( 'NONE', *, *, #113, .F. ) ;
#460 = CARTESIAN_POINT ( 'NONE',  ( 0.000000000000000000, 0.000000000000000000, 0.000000000000000000 ) ) ;
#461 = B_SPLINE_CURVE_WITH_KNOTS ( 'NONE', 3,
 ( #1353, #1146, #1989, #1018 ),
 .UNSPECIFIED., .F., .F.,
 ( 4, 4 ),
 ( -0.05000000000000000278, -0.04300000000000065575 ),
 .UNSPECIFIED. ) ;
#462 = AXIS2_PLACEMENT_3D ( 'NONE', #1896, #1368, #1888 ) ;
#463 = CARTESIAN_POINT ( 'NONE',  ( 0.000000000000000000, -18.00000000000000000, -4.313650131537727361E-08 ) ) ;
#464 = DIRECTION ( 'NONE',  ( 0.3387379202452913129, -1.902931825067068330E-14, 0.9408807689542254549 ) ) ;
#465 = ADVANCED_FACE ( 'NONE', ( #1465 ), #2137, .T. ) ;
#466 = CARTESIAN_POINT ( 'NONE',  ( 19.06033087857446873, 17.99999999999999645, 6.039775654201563704 ) ) ;
#467 = DIRECTION ( 'NONE',  ( 0.000000000000000000, 0.000000000000000000, -1.000000000000000000 ) ) ;
#468 = CARTESIAN_POINT ( 'NONE',  ( -13.63741438071094514, -17.00000000000002842, -2.453758139829274487 ) ) ;
#469 = EDGE_CURVE ( 'NONE', #389, #734, #877, .T. ) ;
#470 = ORIENTED_EDGE ( 'NONE', *, *, #293, .T. ) ;
#471 = DIRECTION ( 'NONE',  ( 2.317862832147734131E-17, 1.000000000000000000, 7.152980039235552631E-17 ) ) ;
#472 = CARTESIAN_POINT ( 'NONE',  ( -6.516235757371223514, 25.00000000000000000, 10.45432699110591912 ) ) ;
#473 = DIRECTION ( 'NONE',  ( 2.317862832147734131E-17, 1.000000000000000000, 7.152980039235552631E-17 ) ) ;
#474 = CIRCLE ( 'NONE', #1975, 4.500000000000000888 ) ;
#475 = DIRECTION ( 'NONE',  ( 2.317862832147734131E-17, 1.000000000000000000, 7.152980039235552631E-17 ) ) ;
#476 = SURFACE_STYLE_USAGE ( .BOTH. , #1152 ) ;
#477 = CARTESIAN_POINT ( 'NONE',  ( 10.25304822031320207, 19.00000000000000355, 10.25304846696056593 ) ) ;
#478 = ORIENTED_EDGE ( 'NONE', *, *, #632, .F. ) ;
#479 = CARTESIAN_POINT ( 'NONE',  ( -14.00592453234428447, 25.00000000000000000, 3.752876007968416694 ) ) ;
#480 = ORIENTED_EDGE ( 'NONE', *, *, #56, .T. ) ;
#481 = DIRECTION ( 'NONE',  ( 0.000000000000000000, 0.000000000000000000, 1.000000000000000000 ) ) ;
#482 = AXIS2_PLACEMENT_3D ( 'NONE', #1534, #46, #1362 ) ;
#483 = CARTESIAN_POINT ( 'NONE',  ( 16.71090342683931596, -8.333333333333383663, -12.09822085849818052 ) ) ;
#484 = CARTESIAN_POINT ( 'NONE',  ( 3.752876322451629054, 19.00000000000000355, -14.00592443605140502 ) ) ;
#485 = DIRECTION ( 'NONE',  ( 0.000000000000000000, 0.000000000000000000, 1.000000000000000000 ) ) ;
#486 = B_SPLINE_CURVE_WITH_KNOTS ( 'NONE', 3,
 ( #1039, #900, #576, #1901 ),
 .UNSPECIFIED., .F., .F.,
 ( 4, 4 ),
 ( 0.000000000000000000, 0.02309491032249934295 ),
 .UNSPECIFIED. ) ;
#487 = DIRECTION ( 'NONE',  ( 0.000000000000000000, 0.000000000000000000, 1.000000000000000000 ) ) ;
#488 = ORIENTED_EDGE ( 'NONE', *, *, #614, .T. ) ;
#489 = EDGE_CURVE ( 'NONE', #451, #41, #332, .T. ) ;
#490 = CARTESIAN_POINT ( 'NONE',  ( 9.330528074123778381, -18.00000000000000000, 11.74483911588353813 ) ) ;
#491 = CARTESIAN_POINT ( 'NONE',  ( -13.99874250193664871, -2.999999999999662492, -0.4544252108962076875 ) ) ;
#492 = ORIENTED_EDGE ( 'NONE', *, *, #374, .T. ) ;
#493 = CARTESIAN_POINT ( 'NONE',  ( 16.86379089349002314, 24.99999999999998224, -11.42048035397186645 ) ) ;
#494 = ORIENTED_EDGE ( 'NONE', *, *, #44, .F. ) ;
#495 = CARTESIAN_POINT ( 'NONE',  ( -21.19347075825849913, -18.00000000000000711, -6.048030157827106734 ) ) ;
#496 = DIRECTION ( 'NONE',  ( 0.000000000000000000, 0.000000000000000000, 1.000000000000000000 ) ) ;
#497 = CARTESIAN_POINT ( 'NONE',  ( -10.71557417958520730, 19.00000000000000355, -5.776881584168641837 ) ) ;
#498 = VERTEX_POINT ( 'NONE', #1025 ) ;
#499 = CARTESIAN_POINT ( 'NONE',  ( 6.605827474212103922, -2.999999999999666933, 12.35047923316219176 ) ) ;
#500 = ORIENTED_EDGE ( 'NONE', *, *, #678, .F. ) ;
#501 = DIRECTION ( 'NONE',  ( 0.000000000000000000, 0.000000000000000000, 1.000000000000000000 ) ) ;
#502 = EDGE_CURVE ( 'NONE', #305, #1344, #828, .T. ) ;
#503 = VERTEX_POINT ( 'NONE', #1201 ) ;
#504 = CARTESIAN_POINT ( 'NONE',  ( 8.894231140885141329, 25.00000000000000355, 18.32232155670574869 ) ) ;
#505 = ORIENTED_EDGE ( 'NONE', *, *, #6, .F. ) ;
#506 = CIRCLE ( 'NONE', #2010, 4.500000000000000888 ) ;
#507 = CARTESIAN_POINT ( 'NONE',  ( 7.595262839689382872, -18.00000000000000000, 21.81022037788508428 ) ) ;
#508 = FILL_AREA_STYLE ('',( #322 ) ) ;
#509 = AXIS2_PLACEMENT_3D ( 'NONE', #130, #1148, #2121 ) ;
#510 = CARTESIAN_POINT ( 'NONE',  ( 15.16257857605828718, 12.01898470206215030, 15.39815484223740505 ) ) ;
#511 = EDGE_LOOP ( 'NONE', ( #1601, #309, #2101, #1914, #2063, #392, #233, #1889, #500, #326, #597, #759 ) ) ;
#512 = CARTESIAN_POINT ( 'NONE',  ( -22.30710138319845726, 25.00000000000000355, 5.977169628561196824 ) ) ;
#513 = ORIENTED_EDGE ( 'NONE', *, *, #136, .F. ) ;
#514 = EDGE_CURVE ( 'NONE', #61, #891, #1308, .T. ) ;
#515 = EDGE_LOOP ( 'NONE', ( #2115, #674 ) ) ;
#516 = CARTESIAN_POINT ( 'NONE',  ( -13.58331427179881246, 18.99999999999999645, 2.738845266606278361 ) ) ;
#517 = AXIS2_PLACEMENT_3D ( 'NONE', #1629, #1449, #1784 ) ;
#518 = CARTESIAN_POINT ( 'NONE',  ( 0.3548608685233541893, 19.00000000000000355, 12.16840025071321030 ) ) ;
#519 = EDGE_CURVE ( 'NONE', #572, #1799, #751, .T. ) ;
#520 = CARTESIAN_POINT ( 'NONE',  ( -20.13431130595476048, -18.00000000000000711, 2.943285291406114723 ) ) ;
#521 = DIRECTION ( 'NONE',  ( 2.317862832147734131E-17, 1.000000000000000000, 7.152980039235552631E-17 ) ) ;
#522 = CARTESIAN_POINT ( 'NONE',  ( -0.4160619606817985705, 25.00000000000000000, -12.31183069855500278 ) ) ;
#523 = EDGE_LOOP ( 'NONE', ( #338, #1525, #1557, #757 ) ) ;
#524 = CONTEXT_DEPENDENT_SHAPE_REPRESENTATION ( #346, #586 ) ;
#525 = EDGE_LOOP ( 'NONE', ( #1909, #1205, #2058, #1597, #1217, #1479, #2052, #1678 ) ) ;
#526 = CARTESIAN_POINT ( 'NONE',  ( -20.31471149485695804, -24.99999999999998224, 1.458530663215704681 ) ) ;
#527 = ORIENTED_EDGE ( 'NONE', *, *, #150, .F. ) ;
#528 = DIRECTION ( 'NONE',  ( 2.317862832147734131E-17, 1.000000000000000000, 7.152980039235552631E-17 ) ) ;
#529 = LINE ( 'NONE', #951, #1998 ) ;
#530 = EDGE_CURVE ( 'NONE', #2033, #551, #2049, .T. ) ;
#531 = CARTESIAN_POINT ( 'NONE',  ( 14.00592453929131231, 19.00000000000000355, -3.752875982050024817 ) ) ;
#532 = CIRCLE ( 'NONE', #743, 4.500000000000000888 ) ;
#533 = CARTESIAN_POINT ( 'NONE',  ( 8.943724074190470219, -17.00000000000000000, -10.58346822571626689 ) ) ;
#534 = ORIENTED_EDGE ( 'NONE', *, *, #44, .T. ) ;
#535 = EDGE_LOOP ( 'NONE', ( #2042, #30, #662, #1041 ) ) ;
#536 = CARTESIAN_POINT ( 'NONE',  ( 14.00592453929131231, 25.00000000000000000, -3.752875982050024373 ) ) ;
#537 = DIRECTION ( 'NONE',  ( 0.000000000000000000, 0.000000000000000000, 1.000000000000000000 ) ) ;
#538 = CARTESIAN_POINT ( 'NONE',  ( 16.32993161855453934, 25.00000000000000000, 16.32993161855451447 ) ) ;
#539 = AXIS2_PLACEMENT_3D ( 'NONE', #1792, #1426, #1399 ) ;
#540 = CYLINDRICAL_SURFACE ( 'NONE', #1455, 15.00000000000000000 ) ;
#541 = B_SPLINE_CURVE_WITH_KNOTS ( 'NONE', 3,
 ( #739, #908, #1433, #2083 ),
 .UNSPECIFIED., .F., .F.,
 ( 4, 4 ),
 ( 0.000000000000000000, 0.004871055310399712880 ),
 .UNSPECIFIED. ) ;
#542 = CIRCLE ( 'NONE', #959, 4.499999999999999112 ) ;
#543 = CARTESIAN_POINT ( 'NONE',  ( 22.30710143300821002, 25.00000000000000355, -5.977169814453707097 ) ) ;
#544 = ORIENTED_EDGE ( 'NONE', *, *, #1993, .T. ) ;
#545 = ORIENTED_EDGE ( 'NONE', *, *, #587, .T. ) ;
#546 = CARTESIAN_POINT ( 'NONE',  ( -14.00592453234428447, 19.00000000000000355, 3.752876007968416250 ) ) ;
#547 = CARTESIAN_POINT ( 'NONE',  ( 22.30710143300821002, -25.00000000000000355, 5.977169814453699104 ) ) ;
#548 = CYLINDRICAL_SURFACE ( 'NONE', #288, 4.499999999999999112 ) ;
#549 = FACE_OUTER_BOUND ( 'NONE', #2044, .T. ) ;
#550 = DIRECTION ( 'NONE',  ( 0.000000000000000000, -7.152980039235552631E-17, 1.000000000000000000 ) ) ;
#551 = VERTEX_POINT ( 'NONE', #1520 ) ;
#552 = B_SPLINE_CURVE_WITH_KNOTS ( 'NONE', 3,
 ( #1221, #385, #1552, #232 ),
 .UNSPECIFIED., .F., .F.,
 ( 4, 4 ),
 ( 0.2990351048352428709, 0.7009648757129284258 ),
 .UNSPECIFIED. ) ;
#553 = ORIENTED_EDGE ( 'NONE', *, *, #1885, .F. ) ;
#554 = EDGE_CURVE ( 'NONE', #551, #802, #563, .T. ) ;
#556 = EDGE_CURVE ( 'NONE', #397, #503, #1099, .T. ) ;
#555 = DIRECTION ( 'NONE',  ( 0.000000000000000000, 0.000000000000000000, 1.000000000000000000 ) ) ;
#557 = CARTESIAN_POINT ( 'NONE',  ( -11.42048035397188066, 25.00000000000001776, 16.86379089349007643 ) ) ;
#558 = CARTESIAN_POINT ( 'NONE',  ( -16.32993161855453224, -25.00000000000000000, 16.32993161855451802 ) ) ;
#559 = ORIENTED_EDGE ( 'NONE', *, *, #1044, .T. ) ;
#560 = DIRECTION ( 'NONE',  ( 0.000000000000000000, 0.000000000000000000, 1.000000000000000000 ) ) ;
#561 = B_SPLINE_CURVE_WITH_KNOTS ( 'NONE', 3,
 ( #1834, #1351, #175, #1186, #337, #1307 ),
 .UNSPECIFIED., .F., .F.,
 ( 4, 2, 4 ),
 ( 3.469446951953613804E-18, 0.01802245883888558761, 0.03604491767777116829 ),
 .UNSPECIFIED. ) ;
#562 = ORIENTED_EDGE ( 'NONE', *, *, #1033, .T. ) ;
#563 = B_SPLINE_CURVE_WITH_KNOTS ( 'NONE', 3,
 ( #1358, #1532, #1192, #1708 ),
 .UNSPECIFIED., .F., .F.,
 ( 4, 4 ),
 ( -0.02309401076758503535, 0.000000000000000000 ),
 .UNSPECIFIED. ) ;
#564 = VECTOR ( 'NONE', #763, 1000.000000000000000 ) ;
#565 = CARTESIAN_POINT ( 'NONE',  ( 15.29211310795887613, 18.00000000000001421, 16.89919075848623464 ) ) ;
#566 = ORIENTED_EDGE ( 'NONE', *, *, #280, .T. ) ;
#567 = ORIENTED_EDGE ( 'NONE', *, *, #1796, .T. ) ;
#568 = CARTESIAN_POINT ( 'NONE',  ( -5.977169814453679564, -25.00000000000000000, -22.30710143300821713 ) ) ;
#569 = CARTESIAN_POINT ( 'NONE',  ( -16.32993166836428145, -25.00000000000000355, 16.32993143266200420 ) ) ;
#570 = CARTESIAN_POINT ( 'NONE',  ( 22.45389754053435638, 22.66666666666688101, -5.432143693024403142 ) ) ;
#571 = EDGE_CURVE ( 'NONE', #1988, #451, #227, .T. ) ;
#572 = VERTEX_POINT ( 'NONE', #1045 ) ;
#573 = CARTESIAN_POINT ( 'NONE',  ( 10.25304822031320207, 19.00000000000000355, 10.25304846696056593 ) ) ;
#574 = CARTESIAN_POINT ( 'NONE',  ( -5.658360288780899694, 8.333333333333309056, -19.83371433509982040 ) ) ;
#575 = APPLICATION_PROTOCOL_DEFINITION ( 'draft international standard', 'automotive_design', 1998, #1408 ) ;
#576 = CARTESIAN_POINT ( 'NONE',  ( 7.518195639821166232, 17.99999999999999289, 18.90846737432477553 ) ) ;
#577 = VERTEX_POINT ( 'NONE', #710 ) ;
#578 =( GEOMETRIC_REPRESENTATION_CONTEXT ( 3 ) GLOBAL_UNCERTAINTY_ASSIGNED_CONTEXT ( ( #937 ) ) GLOBAL_UNIT_ASSIGNED_CONTEXT ( ( #327, #287, #1663 ) ) REPRESENTATION_CONTEXT ( 'NONE', 'WORKASPACE' ) );
#579 = B_SPLINE_CURVE_WITH_KNOTS ( 'NONE', 3,
 ( #1247, #1921, #281, #1753 ),
 .UNSPECIFIED., .F., .F.,
 ( 4, 4 ),
 ( 1.734723475976807094E-18, 0.02309491276326577219 ),
 .UNSPECIFIED. ) ;
#580 = ADVANCED_FACE ( 'NONE', ( #1015 ), #221, .F. ) ;
#581 = CARTESIAN_POINT ( 'NONE',  ( 13.63741438071093626, -17.00000000000014921, 2.453758139829268270 ) ) ;
#582 = CARTESIAN_POINT ( 'NONE',  ( 5.977169814453673347, 25.00000000000000355, -22.30710143300821713 ) ) ;
#583 = DIRECTION ( 'NONE',  ( 0.2588190451025214056, -7.509155199722914828E-17, 0.9659258262890680902 ) ) ;
#584 = ORIENTED_EDGE ( 'NONE', *, *, #782, .F. ) ;
#585 = CARTESIAN_POINT ( 'NONE',  ( -8.943724074190477324, -17.00000000000015987, 10.58346822571625978 ) ) ;
#586 = PRODUCT_DEFINITION_SHAPE ( 'NONE', 'NONE',  #2142 ) ;
#587 = EDGE_CURVE ( 'NONE', #1546, #169, #1976, .T. ) ;
#588 = CARTESIAN_POINT ( 'NONE',  ( -16.32993143266201841, 25.00000000000000355, -16.32993166836426369 ) ) ;
#589 = CARTESIAN_POINT ( 'NONE',  ( 9.141630045335050525, 25.00000000000000000, -7.828932703142092109 ) ) ;
#590 = AXIS2_PLACEMENT_3D ( 'NONE', #1237, #740, #890 ) ;
#591 = CYLINDRICAL_SURFACE ( 'NONE', #629, 4.499999999999999112 ) ;
#592 = ORIENTED_EDGE ( 'NONE', *, *, #1683, .T. ) ;
#593 = CARTESIAN_POINT ( 'NONE',  ( -11.42048035397187355, -25.00000000000001421, -16.86379089349005156 ) ) ;
#594 = B_SPLINE_CURVE_WITH_KNOTS ( 'NONE', 3,
 ( #1545, #565, #1891, #1371 ),
 .UNSPECIFIED., .F., .F.,
 ( 4, 4 ),
 ( 0.000000000000000000, 0.001852344156435756619 ),
 .UNSPECIFIED. ) ;
#595 = CARTESIAN_POINT ( 'NONE',  ( -22.45389796364798940, -22.66666666666678509, -5.432143731045546708 ) ) ;
#596 = FACE_OUTER_BOUND ( 'NONE', #1253, .T. ) ;
#597 = ORIENTED_EDGE ( 'NONE', *, *, #554, .F. ) ;
#598 = ORIENTED_EDGE ( 'NONE', *, *, #519, .F. ) ;
#599 = DIRECTION ( 'NONE',  ( -0.000000000000000000, -1.000000000000000000, -0.000000000000000000 ) ) ;
#600 = DIRECTION ( 'NONE',  ( -0.000000000000000000, 1.000000000000000000, -0.000000000000000000 ) ) ;
#601 = EDGE_LOOP ( 'NONE', ( #1880, #315, #505, #1188, #2054, #217 ) ) ;
#602 = CARTESIAN_POINT ( 'NONE',  ( 15.09057348954083722, -18.00000000000000355, -17.48280075653348220 ) ) ;
#603 = ADVANCED_FACE ( 'NONE', ( #2056 ), #123, .F. ) ;
#604 = EDGE_CURVE ( 'NONE', #1065, #1929, #328, .T. ) ;
#605 = CARTESIAN_POINT ( 'NONE',  ( 13.58331427179881246, 18.99999999999999645, -2.738845266606273476 ) ) ;
#606 = ORIENTED_EDGE ( 'NONE', *, *, #632, .T. ) ;
#607 = FACE_OUTER_BOUND ( 'NONE', #1960, .T. ) ;
#608 = PRODUCT ( 'VAKKAS_NAMLU_ICI_AG_KAPSULU', 'VAKKAS_NAMLU_ICI_AG_KAPSULU', '', ( #2060 ) ) ;
#609 = CARTESIAN_POINT ( 'NONE',  ( 0.000000000000000000, -18.00000000000000000, 0.000000000000000000 ) ) ;
#610 = CARTESIAN_POINT ( 'NONE',  ( 6.522574513730167389, -22.66666666666677799, 22.16171791602561214 ) ) ;
#611 = CARTESIAN_POINT ( 'NONE',  ( 7.392915027724562549, -2.999999999999698019, -11.89605402226598940 ) ) ;
#612 = B_SPLINE_CURVE_WITH_KNOTS ( 'NONE', 3,
 ( #1943, #1775, #760, #928 ),
 .UNSPECIFIED., .F., .F.,
 ( 4, 4 ),
 ( 0.0003321064171693662525, 0.003735560117628769754 ),
 .UNSPECIFIED. ) ;
#613 = CARTESIAN_POINT ( 'NONE',  ( -1.458530663215728884, 24.99999999999999289, -20.31471149485697936 ) ) ;
#614 = EDGE_CURVE ( 'NONE', #991, #1051, #1847, .T. ) ;
#615 = CARTESIAN_POINT ( 'NONE',  ( 11.78847393080863881, -2.999999999999684697, -3.664361977285195859 ) ) ;
#616 = ORIENTED_EDGE ( 'NONE', *, *, #1683, .F. ) ;
#617 = CIRCLE ( 'NONE', #1374, 4.499999999999999112 ) ;
#618 = ADVANCED_FACE ( 'NONE', ( #1855 ), #1438, .T. ) ;
#619 = AXIS2_PLACEMENT_3D ( 'NONE', #1010, #856, #732 ) ;
#620 = CARTESIAN_POINT ( 'NONE',  ( -22.30710143300821002, -25.00000000000000000, -5.977169814453696439 ) ) ;
#621 = DIRECTION ( 'NONE',  ( -0.8474568401986900534, 0.000000000000000000, -0.5308642990449178312 ) ) ;
#622 = CARTESIAN_POINT ( 'NONE',  ( 15.51776767452502703, 20.33333333333333925, 17.11411507123573728 ) ) ;
#623 = LINE ( 'NONE', #921, #795 ) ;
#624 = CARTESIAN_POINT ( 'NONE',  ( -10.36071329777523609, 19.00000000000000355, 6.391518661942535928 ) ) ;
#625 = B_SPLINE_CURVE_WITH_KNOTS ( 'NONE', 3,
 ( #1810, #152, #312, #824 ),
 .UNSPECIFIED., .F., .F.,
 ( 4, 4 ),
 ( 0.001502272276176656656, 0.004905725948329502269 ),
 .UNSPECIFIED. ) ;
#626 = CARTESIAN_POINT ( 'NONE',  ( 4.693690306520469591, -17.00000000000000000, 13.03722636554554626 ) ) ;
#627 = PRODUCT_DEFINITION_SHAPE ( 'NONE', 'NONE',  #2145 ) ;
#628 = ORIENTED_EDGE ( 'NONE', *, *, #330, .F. ) ;
#629 = AXIS2_PLACEMENT_3D ( 'NONE', #955, #137, #425 ) ;
#630 = DIRECTION ( 'NONE',  ( 1.000000000000000000, 0.000000000000000000, 0.000000000000000000 ) ) ;
#631 = EDGE_CURVE ( 'NONE', #185, #820, #1664, .T. ) ;
#632 = EDGE_CURVE ( 'NONE', #1546, #2074, #439, .T. ) ;
#633 = DIRECTION ( 'NONE',  ( 2.317862832147734131E-17, 1.000000000000000000, 7.152980039235552631E-17 ) ) ;
#634 = CYLINDRICAL_SURFACE ( 'NONE', #1871, 4.000000000000000000 ) ;
#635 = CARTESIAN_POINT ( 'NONE',  ( -10.87038913517334571, 25.00000000000000000, -5.795595111363645913 ) ) ;
#636 = DIRECTION ( 'NONE',  ( -0.000000000000000000, -1.000000000000000000, -0.000000000000000000 ) ) ;
#637 = CARTESIAN_POINT ( 'NONE',  ( -12.49642171056552442, 19.00000000000000355, -0.4863929421032768818 ) ) ;
#638 = ORIENTED_EDGE ( 'NONE', *, *, #1195, .F. ) ;
#639 = CARTESIAN_POINT ( 'NONE',  ( 13.83137976573996575, -18.00000000000000000, 14.56426467838742767 ) ) ;
#640 = EDGE_LOOP ( 'NONE', ( #1675, #1189, #2141 ) ) ;
#641 = VECTOR ( 'NONE', #1314, 1000.000000000000000 ) ;
#642 = CARTESIAN_POINT ( 'NONE',  ( 1.458530663215720447, 25.00000000000001421, 20.31471149485699002 ) ) ;
#643 = B_SPLINE_SURFACE_WITH_KNOTS ( 'NONE', 3, 3, ( 
 ( #1739, #241, #1257, #1092 ),
 ( #1763, #1602, #1634, #1136 ),
 ( #1298, #1645, #1334, #672 ),
 ( #1968, #491, #2002, #980 ) ),
 .UNSPECIFIED., .F., .F., .F.,
 ( 4, 4 ),
 ( 4, 4 ),
 ( -0.01847520861406802550, -0.004618802153517008111 ),
 ( -0.04200000000000000261, 0.000000000000000000 ),
 .UNSPECIFIED. ) ;
#644 = CARTESIAN_POINT ( 'NONE',  ( 0.000000000000000000, -18.00000000000000000, 0.000000000000000000 ) ) ;
#645 = CARTESIAN_POINT ( 'NONE',  ( -11.75115004683072861, -18.00000000000000355, -16.97658034635122348 ) ) ;
#646 = CARTESIAN_POINT ( 'NONE',  ( -11.43474266980075704, 19.00000000000000000, 5.173652442172779864 ) ) ;
#647 = ORIENTED_EDGE ( 'NONE', *, *, #571, .F. ) ;
#648 = CARTESIAN_POINT ( 'NONE',  ( -9.067667526395085886, -2.999999999999718892, -8.376936907288300205 ) ) ;
#649 = CIRCLE ( 'NONE', #1944, 4.000000000000000000 ) ;
#650 = CARTESIAN_POINT ( 'NONE',  ( -13.48273041400648431, -8.333333333333373005, 19.18452137873712715 ) ) ;
#651 = VERTEX_POINT ( 'NONE', #1393 ) ;
#652 =( GEOMETRIC_REPRESENTATION_CONTEXT ( 3 ) GLOBAL_UNCERTAINTY_ASSIGNED_CONTEXT ( ( #442 ) ) GLOBAL_UNIT_ASSIGNED_CONTEXT ( ( #812, #805, #1788 ) ) REPRESENTATION_CONTEXT ( 'NONE', 'WORKASPACE' ) );
#653 = DIRECTION ( 'NONE',  ( 0.000000000000000000, 0.000000000000000000, 1.000000000000000000 ) ) ;
#654 = DIRECTION ( 'NONE',  ( 0.000000000000000000, 1.000000000000000000, 0.000000000000000000 ) ) ;
#655 = EDGE_CURVE ( 'NONE', #305, #61, #78, .T. ) ;
#656 = DIRECTION ( 'NONE',  ( 0.000000000000000000, 1.000000000000000000, 0.000000000000000000 ) ) ;
#657 = ORIENTED_EDGE ( 'NONE', *, *, #1953, .T. ) ;
#658 = DIRECTION ( 'NONE',  ( -0.5000000000000041078, 0.000000000000000000, -0.8660254037844364872 ) ) ;
#659 = ORIENTED_EDGE ( 'NONE', *, *, #1630, .T. ) ;
#660 =( GEOMETRIC_REPRESENTATION_CONTEXT ( 3 ) GLOBAL_UNCERTAINTY_ASSIGNED_CONTEXT ( ( #2053 ) ) GLOBAL_UNIT_ASSIGNED_CONTEXT ( ( #1178, #1511, #1674 ) ) REPRESENTATION_CONTEXT ( 'NONE', 'WORKASPACE' ) );
#661 = CARTESIAN_POINT ( 'NONE',  ( -9.330528074123767723, -18.00000000000000000, -11.74483911588354523 ) ) ;
#662 = ORIENTED_EDGE ( 'NONE', *, *, #748, .T. ) ;
#663 = B_SPLINE_CURVE_WITH_KNOTS ( 'NONE', 3,
 ( #2047, #520, #728, #1016 ),
 .UNSPECIFIED., .F., .F.,
 ( 4, 4 ),
 ( 0.000000000000000000, 0.02309491276326577913 ),
 .UNSPECIFIED. ) ;
#664 = CARTESIAN_POINT ( 'NONE',  ( 10.36071331189449296, 19.00000000000000355, -6.391518645932380949 ) ) ;
#665 = CARTESIAN_POINT ( 'NONE',  ( 12.49642170351387449, 19.00000000000000355, 0.4863929630370741330 ) ) ;
#666 = CARTESIAN_POINT ( 'NONE',  ( 4.002417228320306108, 25.00000000000000000, 11.35086970082016400 ) ) ;
#667 = EDGE_CURVE ( 'NONE', #1154, #1814, #1230, .T. ) ;
#668 = ORIENTED_EDGE ( 'NONE', *, *, #1517, .T. ) ;
#669 = EDGE_CURVE ( 'NONE', #166, #977, #761, .T. ) ;
#670 = DIRECTION ( 'NONE',  ( 0.000000000000000000, 0.000000000000000000, 1.000000000000000000 ) ) ;
#671 = ORIENTED_EDGE ( 'NONE', *, *, #84, .T. ) ;
#672 = CARTESIAN_POINT ( 'NONE',  ( -10.11827453609401495, 24.99999999999999289, 6.852288212383133015 ) ) ;
#673 = CARTESIAN_POINT ( 'NONE',  ( -8.894231140885128895, -25.00000000000001421, 18.32232155670575935 ) ) ;
#674 = ORIENTED_EDGE ( 'NONE', *, *, #1266, .T. ) ;
#675 = AXIS2_PLACEMENT_3D ( 'NONE', #1456, #636, #467 ) ;
#676 = CARTESIAN_POINT ( 'NONE',  ( -10.45432716525991346, 25.00000000000000000, 6.516235583217238947 ) ) ;
#677 = DIRECTION ( 'NONE',  ( -0.000000000000000000, -1.000000000000000000, -0.000000000000000000 ) ) ;
#678 = EDGE_CURVE ( 'NONE', #2085, #840, #308, .T. ) ;
#679 = FACE_OUTER_BOUND ( 'NONE', #83, .T. ) ;
#680 = ORIENTED_EDGE ( 'NONE', *, *, #1972, .F. ) ;
#681 = CARTESIAN_POINT ( 'NONE',  ( -0.3937511346180294081, 23.00018906517202311, -12.25692673731196081 ) ) ;
#682 = EDGE_LOOP ( 'NONE', ( #494, #97, #441, #1808 ) ) ;
#683 = ITEM_DEFINED_TRANSFORMATION ( 'NONE', 'NONE', #1804,  #927 ) ;
#684 = EDGE_CURVE ( 'NONE', #169, #427, #1875, .T. ) ;
#685 = CARTESIAN_POINT ( 'NONE',  ( -5.977169814453677787, 25.00000000000000000, 22.30710143300822068 ) ) ;
#686 = AXIS2_PLACEMENT_3D ( 'NONE', #490, #705, #10 ) ;
#687 = DIRECTION ( 'NONE',  ( 0.000000000000000000, 0.000000000000000000, 1.000000000000000000 ) ) ;
#688 = PLANE ( 'NONE',  #948 ) ;
#689 = AXIS2_PLACEMENT_3D ( 'NONE', #317, #949, #501 ) ;
#690 = CARTESIAN_POINT ( 'NONE',  ( -5.977169950536442400, 25.00000000000000355, 22.30710129692546317 ) ) ;
#691 = ORIENTED_EDGE ( 'NONE', *, *, #1131, .F. ) ;
#692 = ORIENTED_EDGE ( 'NONE', *, *, #1857, .F. ) ;
#693 = CARTESIAN_POINT ( 'NONE',  ( 7.614459177219692343, -4.999999999999747757, -11.70854176561602777 ) ) ;
#694 = APPLICATION_PROTOCOL_DEFINITION ( 'draft international standard', 'automotive_design', 1998, #1011 ) ;
#695 = EDGE_LOOP ( 'NONE', ( #15, #562, #1291, #1147, #1884, #62, #584, #1636 ) ) ;
#696 = CARTESIAN_POINT ( 'NONE',  ( -5.977169628561166626, -25.00000000000000355, -22.30710138319846791 ) ) ;
#697 = ADVANCED_FACE ( 'NONE', ( #1807 ), #1081, .F. ) ;
#698 = ORIENTED_EDGE ( 'NONE', *, *, #1556, .F. ) ;
#699 = AXIS2_PLACEMENT_3D ( 'NONE', #204, #234, #1204 ) ;
#700 = ADVANCED_FACE ( 'NONE', ( #306 ), #1952, .T. ) ;
#701 = CARTESIAN_POINT ( 'NONE',  ( -13.22085516404580652, 19.00000000000001776, 1.663728432469030016 ) ) ;
#702 = CARTESIAN_POINT ( 'NONE',  ( -1.458530663215722445, -25.00000000000000355, 20.31471149485698646 ) ) ;
#703 = EDGE_CURVE ( 'NONE', #885, #722, #506, .T. ) ;
#704 = DIRECTION ( 'NONE',  ( 0.000000000000000000, 1.000000000000000000, 0.000000000000000000 ) ) ;
#705 = DIRECTION ( 'NONE',  ( -0.5308642990449178312, 0.000000000000000000, 0.8474568401986900534 ) ) ;
#706 = EDGE_LOOP ( 'NONE', ( #567, #872, #1528, #58 ) ) ;
#707 = ORIENTED_EDGE ( 'NONE', *, *, #1209, .F. ) ;
#708 = CARTESIAN_POINT ( 'NONE',  ( 15.09057301160046727, 18.00000000000000000, 17.48280012490573654 ) ) ;
#709 = VECTOR ( 'NONE', #464, 1000.000000000000000 ) ;
#710 = CARTESIAN_POINT ( 'NONE',  ( 15.69560276989324166, 18.00000000000000000, 15.73205210002321586 ) ) ;
#711 = CARTESIAN_POINT ( 'NONE',  ( -5.977169814453677787, 25.00000000000000000, 22.30710143300822068 ) ) ;
#712 = CARTESIAN_POINT ( 'NONE',  ( -10.25304821336617245, 19.00000000000000355, -10.25304844104218205 ) ) ;
#713 = EDGE_LOOP ( 'NONE', ( #420, #691 ) ) ;
#714 = CARTESIAN_POINT ( 'NONE',  ( 0.000000000000000000, -18.00000000000000000, 0.000000000000000000 ) ) ;
#715 = ORIENTED_EDGE ( 'NONE', *, *, #1172, .F. ) ;
#716 = DIRECTION ( 'NONE',  ( 0.000000000000000000, 0.000000000000000000, 1.000000000000000000 ) ) ;
#717 = CARTESIAN_POINT ( 'NONE',  ( 0.4160619574486478234, 25.00000000000000000, 12.31183069942132491 ) ) ;
#718 = CARTESIAN_POINT ( 'NONE',  ( 15.09057348954083722, -18.00000000000000355, -17.48280075653348220 ) ) ;
#719 = CIRCLE ( 'NONE', #299, 4.500000000936412725 ) ;
#720 = CARTESIAN_POINT ( 'NONE',  ( -9.872917666428746131, -8.333333333333362347, -21.26864774027528782 ) ) ;
#721 = EDGE_CURVE ( 'NONE', #278, #752, #461, .T. ) ;
#722 = VERTEX_POINT ( 'NONE', #2013 ) ;
#723 = DIRECTION ( 'NONE',  ( 0.000000000000000000, -0.000000000000000000, 1.000000000000000000 ) ) ;
#724 = ORIENTED_EDGE ( 'NONE', *, *, #304, .F. ) ;
#725 = VERTEX_POINT ( 'NONE', #864 ) ;
#726 = DIRECTION ( 'NONE',  ( 0.000000000000000000, 0.000000000000000000, 1.000000000000000000 ) ) ;
#727 = CARTESIAN_POINT ( 'NONE',  ( -18.32232155670577711, -25.00000000000001776, 8.894231140885128895 ) ) ;
#728 = CARTESIAN_POINT ( 'NONE',  ( -17.60181700545223293, -18.00000000000001066, 10.21087104858890093 ) ) ;
#729 = CIRCLE ( 'NONE', #38, 2.000000000000000000 ) ;
#730 = ORIENTED_EDGE ( 'NONE', *, *, #667, .T. ) ;
#731 = CARTESIAN_POINT ( 'NONE',  ( 11.83135012728209823, 25.00000000000000000, 2.209239864721983970 ) ) ;
#732 = DIRECTION ( 'NONE',  ( 1.000000000000000000, 0.000000000000000000, 0.000000000000000000 ) ) ;
#733 = CARTESIAN_POINT ( 'NONE',  ( -5.977169950536442400, 25.00000000000000355, 22.30710129692546317 ) ) ;
#734 = VERTEX_POINT ( 'NONE', #1861 ) ;
#735 = CARTESIAN_POINT ( 'NONE',  ( -16.86379089349002314, -25.00000000000000355, -11.42048035397187178 ) ) ;
#736 = CARTESIAN_POINT ( 'NONE',  ( -15.51776807002960368, -20.33333333333355597, 17.11411561483090082 ) ) ;
#737 = DIRECTION ( 'NONE',  ( 2.317862832147734131E-17, 1.000000000000000000, 7.152980039235552631E-17 ) ) ;
#738 = ORIENTED_EDGE ( 'NONE', *, *, #368, .T. ) ;
#739 = CARTESIAN_POINT ( 'NONE',  ( -4.419747557983613184, 18.99999999999999289, 13.13291786026863051 ) ) ;
#740 = DIRECTION ( 'NONE',  ( 0.5308642990449178312, 0.000000000000000000, -0.8474568401986900534 ) ) ;
#741 = ITEM_DEFINED_TRANSFORMATION ( 'NONE', 'NONE', #195,  #927 ) ;
#742 = ORIENTED_EDGE ( 'NONE', *, *, #443, .F. ) ;
#743 = AXIS2_PLACEMENT_3D ( 'NONE', #1269, #1777, #1908 ) ;
#744 = CARTESIAN_POINT ( 'NONE',  ( -0.3548608727856963907, 19.00000000000000355, -12.16840024985308233 ) ) ;
#745 = B_SPLINE_SURFACE_WITH_KNOTS ( 'NONE', 3, 3, ( 
 ( #813, #1905, #1289, #1970 ),
 ( #984, #1463, #341, #504 ),
 ( #673, #1326, #311, #642 ),
 ( #1994, #650, #300, #1301 ) ),
 .UNSPECIFIED., .F., .F., .F.,
 ( 4, 4 ),
 ( 4, 4 ),
 ( -0.02309401076758503882, 0.000000000000000000 ),
 ( -0.05000000000000000278, 0.000000000000000000 ),
 .UNSPECIFIED. ) ;
#746 = VERTEX_POINT ( 'NONE', #356 ) ;
#747 = CARTESIAN_POINT ( 'NONE',  ( 18.83281697854391368, 8.333333333333325044, -8.422955872573989922 ) ) ;
#748 = EDGE_CURVE ( 'NONE', #651, #451, #1490, .T. ) ;
#749 = CARTESIAN_POINT ( 'NONE',  ( 13.63741438071094159, -17.00000000000000000, 2.453758139829276708 ) ) ;
#750 = FACE_OUTER_BOUND ( 'NONE', #1423, .T. ) ;
#751 = B_SPLINE_CURVE_WITH_KNOTS ( 'NONE', 3,
 ( #717, #867, #53, #518 ),
 .UNSPECIFIED., .F., .F.,
 ( 4, 4 ),
 ( 6.939105658912966293E-18, 0.006002026146802620123 ),
 .UNSPECIFIED. ) ;
#752 = VERTEX_POINT ( 'NONE', #1524 ) ;
#753 = DIRECTION ( 'NONE',  ( 2.317862832147734131E-17, 1.000000000000000000, 7.152980039235552631E-17 ) ) ;
#754 = LINE ( 'NONE', #996, #1592 ) ;
#755 = CARTESIAN_POINT ( 'NONE',  ( 18.32232155670574869, 24.99999999999998224, 8.894231140885098696 ) ) ;
#756 = CONTEXT_DEPENDENT_SHAPE_REPRESENTATION ( #1352, #277 ) ;
#757 = ORIENTED_EDGE ( 'NONE', *, *, #1954, .T. ) ;
#758 = CARTESIAN_POINT ( 'NONE',  ( 16.32993161855453934, 25.00000000000000355, 16.32993161855451447 ) ) ;
#759 = ORIENTED_EDGE ( 'NONE', *, *, #530, .F. ) ;
#760 = CARTESIAN_POINT ( 'NONE',  ( 13.22085516169315333, 19.00000000000001776, -1.663728425490634155 ) ) ;
#761 = LINE ( 'NONE', #904, #1904 ) ;
#762 = ADVANCED_FACE ( 'NONE', ( #2000 ), #1816, .T. ) ;
#763 = DIRECTION ( 'NONE',  ( 2.317862832147734131E-17, 1.000000000000000000, 7.152980039235552631E-17 ) ) ;
#764 = ORIENTED_EDGE ( 'NONE', *, *, #1926, .T. ) ;
#765 = EDGE_CURVE ( 'NONE', #104, #1416, #352, .T. ) ;
#766 = CARTESIAN_POINT ( 'NONE',  ( 20.44773626902678743, -18.00000000000000000, 6.908874769527519888 ) ) ;
#767 = B_SPLINE_SURFACE_WITH_KNOTS ( 'NONE', 3, 3, ( 
 ( #626, #1437, #925, #1111 ),
 ( #1641, #440, #1255, #146 ),
 ( #1101, #1600, #935, #1122 ),
 ( #2100, #1949, #2108, #2086 ) ),
 .UNSPECIFIED., .F., .F., .F.,
 ( 4, 4 ),
 ( 4, 4 ),
 ( -0.01847520861406803244, -0.004618802153517005508 ),
 ( -0.04200000000000000261, 0.000000000000000000 ),
 .UNSPECIFIED. ) ;
#768 = EDGE_CURVE ( 'NONE', #746, #79, #1613, .T. ) ;
#769 = CARTESIAN_POINT ( 'NONE',  ( -9.330528074123767723, 18.00000000000000000, -11.74483911588354523 ) ) ;
#770 = ORIENTED_EDGE ( 'NONE', *, *, #1749, .T. ) ;
#771 = CARTESIAN_POINT ( 'NONE',  ( 5.977169814453683117, -25.00000000000000000, 22.30710143300822068 ) ) ;
#772 = MANIFOLD_SOLID_BREP ( 'Boss-Extrude1', #1088 ) ;
#773 = EDGE_CURVE ( 'NONE', #278, #746, #1527, .T. ) ;
#774 = AXIS2_PLACEMENT_3D ( 'NONE', #477, #521, #1317 ) ;
#775 = CARTESIAN_POINT ( 'NONE',  ( 11.12145789177937338, 10.99999999999999289, -5.361162883525250500 ) ) ;
#776 = ORIENTED_EDGE ( 'NONE', *, *, #1840, .T. ) ;
#777 = CARTESIAN_POINT ( 'NONE',  ( 18.32232155670577711, -25.00000000000001776, -8.894231140885114684 ) ) ;
#778 = CARTESIAN_POINT ( 'NONE',  ( 0.3548608685233541893, 19.00000000000000355, 12.16840025071321030 ) ) ;
#779 = FACE_OUTER_BOUND ( 'NONE', #1660, .T. ) ;
#780 = CARTESIAN_POINT ( 'NONE',  ( -1.944845178305015798, -2.999999999999719336, -12.19202243968303456 ) ) ;
#781 = CARTESIAN_POINT ( 'NONE',  ( 5.658360895298547355, -8.333333333333401427, -19.83371569842357118 ) ) ;
#782 = EDGE_CURVE ( 'NONE', #891, #1123, #1927, .T. ) ;
#783 = CARTESIAN_POINT ( 'NONE',  ( -18.48991414068811068, -17.00000000000029132, 8.865837527835786602 ) ) ;
#784 = ORIENTED_EDGE ( 'NONE', *, *, #1632, .F. ) ;
#785 = AXIS2_PLACEMENT_3D ( 'NONE', #432, #407, #1069 ) ;
#786 = CARTESIAN_POINT ( 'NONE',  ( -16.32993161855453224, 25.00000000000000000, -16.32993161855451092 ) ) ;
#787 = CYLINDRICAL_SURFACE ( 'NONE', #86, 15.00000000000000000 ) ;
#788 = CARTESIAN_POINT ( 'NONE',  ( -22.68583554325434193, 17.99999999999999645, 4.327419523256975431 ) ) ;
#789 = DIRECTION ( 'NONE',  ( -0.8474568401986900534, 0.000000000000000000, -0.5308642990449178312 ) ) ;
#790 = CARTESIAN_POINT ( 'NONE',  ( -9.872917666428746131, -8.333333333333362347, -21.26864774027528782 ) ) ;
#791 = SHAPE_REPRESENTATION ( 'VAKKAS_NAMLU_ICI_AG_KAPSULU', ( #619, #335, #509, #1804, #1598, #1203, #195, #889 ), #1550 ) ;
#792 = CARTESIAN_POINT ( 'NONE',  ( 13.99874250193665581, -2.999999999999662492, 0.4544252108962115733 ) ) ;
#793 = EDGE_CURVE ( 'NONE', #1344, #295, #1027, .T. ) ;
#794 = ORIENTED_EDGE ( 'NONE', *, *, #667, .F. ) ;
#795 = VECTOR ( 'NONE', #789, 1000.000000000000114 ) ;
#796 = DIRECTION ( 'NONE',  ( 0.4999999999999980016, 0.000000000000000000, -0.8660254037844398178 ) ) ;
#797 = CARTESIAN_POINT ( 'NONE',  ( 14.00592453929131231, 19.00000000000000355, -3.752875982050024817 ) ) ;
#798 = DIRECTION ( 'NONE',  ( -0.000000000000000000, 1.000000000000000000, 0.000000000000000000 ) ) ;
#799 = CYLINDRICAL_SURFACE ( 'NONE', #992, 4.500000000000001776 ) ;
#800 = CARTESIAN_POINT ( 'NONE',  ( 0.000000000000000000, -2.500000000000000000, -2.000000000000000000 ) ) ;
#801 = CARTESIAN_POINT ( 'NONE',  ( 14.00592453929131231, 19.00000000000000355, -3.752875982050024817 ) ) ;
#802 = VERTEX_POINT ( 'NONE', #1850 ) ;
#803 = AXIS2_PLACEMENT_3D ( 'NONE', #1341, #2139, #2009 ) ;
#804 = CARTESIAN_POINT ( 'NONE',  ( -22.58014292076229523, -20.33333333333356308, -4.881723551265210403 ) ) ;
#805 =( NAMED_UNIT ( * ) PLANE_ANGLE_UNIT ( ) SI_UNIT ( $, .RADIAN. ) );
#806 = DIRECTION ( 'NONE',  ( 0.000000000000000000, -0.000000000000000000, 1.000000000000000000 ) ) ;
#807 = DIRECTION ( 'NONE',  ( 0.000000000000000000, 0.000000000000000000, 1.000000000000000000 ) ) ;
#808 = PRESENTATION_STYLE_ASSIGNMENT (( #476 ) ) ;
#809 = CARTESIAN_POINT ( 'NONE',  ( 15.69560276989324166, 18.00000000000000000, 15.73205210002321586 ) ) ;
#810 = ORIENTED_EDGE ( 'NONE', *, *, #1972, .T. ) ;
#811 = CARTESIAN_POINT ( 'NONE',  ( -13.63741438071094336, -17.00000000000000000, -2.453758139829272267 ) ) ;
#812 =( LENGTH_UNIT ( ) NAMED_UNIT ( * ) SI_UNIT ( .MILLI., .METRE. ) );
#813 = CARTESIAN_POINT ( 'NONE',  ( 5.977169814453683117, -25.00000000000000000, 22.30710143300822068 ) ) ;
#814 = EDGE_CURVE ( 'NONE', #1065, #885, #1422, .T. ) ;
#815 = CARTESIAN_POINT ( 'NONE',  ( 14.63917106457295070, -18.00000000000000000, 3.270270713896636039 ) ) ;
#816 = CARTESIAN_POINT ( 'NONE',  ( -5.795594861430365619, 25.00000000000000000, -10.87038920214276594 ) ) ;
#817 = CARTESIAN_POINT ( 'NONE',  ( 12.42715601824629879, 20.99974771737376855, 0.4617291000720591398 ) ) ;
#818 = CARTESIAN_POINT ( 'NONE',  ( 0.000000000000000000, -18.00000000000000000, 15.00000000000000000 ) ) ;
#819 = SURFACE_STYLE_USAGE ( .BOTH. , #339 ) ;
#820 = VERTEX_POINT ( 'NONE', #879 ) ;
#821 = ORIENTED_EDGE ( 'NONE', *, *, #841, .F. ) ;
#822 = CARTESIAN_POINT ( 'NONE',  ( 20.31471149485695804, -24.99999999999998224, -1.458530663215704681 ) ) ;
#823 = ORIENTED_EDGE ( 'NONE', *, *, #1543, .T. ) ;
#824 = CARTESIAN_POINT ( 'NONE',  ( -4.419747557983613184, 18.99999999999999289, 13.13291786026863051 ) ) ;
#825 = EDGE_CURVE ( 'NONE', #1481, #1177, #1738, .T. ) ;
#826 = CARTESIAN_POINT ( 'NONE',  ( -13.58331427179881246, 18.99999999999999645, 2.738845266606278361 ) ) ;
#827 = CARTESIAN_POINT ( 'NONE',  ( 12.61611527288391343, 18.00000000000001066, -15.96518210186892439 ) ) ;
#828 = B_SPLINE_CURVE_WITH_KNOTS ( 'NONE', 3,
 ( #201, #1701, #2027, #1877 ),
 .UNSPECIFIED., .F., .F.,
 ( 4, 4 ),
 ( 0.001502272286480353788, 0.004905725982877043312 ),
 .UNSPECIFIED. ) ;
#829 = ADVANCED_FACE ( 'NONE', ( #892 ), #1881, .F. ) ;
#830 = CARTESIAN_POINT ( 'NONE',  ( -12.50893068990703583, 18.99999999999999645, 3.956097521447314413 ) ) ;
#831 = EDGE_LOOP ( 'NONE', ( #1161, #286 ) ) ;
#832 = CARTESIAN_POINT ( 'NONE',  ( -11.42048035397185579, 25.00000000000000000, 16.86379089349005156 ) ) ;
#833 = DIRECTION ( 'NONE',  ( 0.000000000000000000, 0.000000000000000000, 1.000000000000000000 ) ) ;
#834 = CARTESIAN_POINT ( 'NONE',  ( 16.32993161855452868, -25.00000000000000000, -16.32993161855451447 ) ) ;
#835 = ORIENTED_EDGE ( 'NONE', *, *, #853, .F. ) ;
#836 = CARTESIAN_POINT ( 'NONE',  ( 14.00592453929131231, 25.00000000000000000, -8.252875982050026593 ) ) ;
#837 = FACE_OUTER_BOUND ( 'NONE', #386, .T. ) ;
#838 = CYLINDRICAL_SURFACE ( 'NONE', #1397, 4.000000000000000000 ) ;
#839 = CARTESIAN_POINT ( 'NONE',  ( -7.595262531653895977, 18.00000000000000355, 21.81021964816269687 ) ) ;
#840 = VERTEX_POINT ( 'NONE', #379 ) ;
#841 = EDGE_CURVE ( 'NONE', #1933, #577, #594, .T. ) ;
#842 = VERTEX_POINT ( 'NONE', #1585 ) ;
#843 =( NAMED_UNIT ( * ) SI_UNIT ( $, .STERADIAN. ) SOLID_ANGLE_UNIT ( ) );
#844 = CARTESIAN_POINT ( 'NONE',  ( -6.070014442738806082, 7.000000000000047962, 12.57745842997615071 ) ) ;
#845 = ORIENTED_EDGE ( 'NONE', *, *, #445, .T. ) ;
#846 = CARTESIAN_POINT ( 'NONE',  ( -5.803596270420007919, 22.99975195081771062, -10.92816265493970995 ) ) ;
#847 = AXIS2_PLACEMENT_3D ( 'NONE', #243, #929, #583 ) ;
#848 = CARTESIAN_POINT ( 'NONE',  ( -16.86379089349000182, 24.99999999999998224, 11.42048035397185757 ) ) ;
#849 = CARTESIAN_POINT ( 'NONE',  ( 13.58331427179881246, 18.99999999999999645, -2.738845266606273476 ) ) ;
#850 = DIRECTION ( 'NONE',  ( 2.317862832147734131E-17, 1.000000000000000000, 7.152980039235552631E-17 ) ) ;
#851 = ORIENTED_EDGE ( 'NONE', *, *, #209, .F. ) ;
#852 = B_SPLINE_CURVE_WITH_KNOTS ( 'NONE', 3,
 ( #1330, #1813, #666, #353 ),
 .UNSPECIFIED., .F., .F.,
 ( 4, 4 ),
 ( 0.2990351045936793239, 0.7009648758866970919 ),
 .UNSPECIFIED. ) ;
#853 = EDGE_CURVE ( 'NONE', #1344, #1123, #1320, .T. ) ;
#854 = CARTESIAN_POINT ( 'NONE',  ( 14.00592453929131231, 19.00000000000000355, 0.7471240179499766265 ) ) ;
#855 = VERTEX_POINT ( 'NONE', #1559 ) ;
#856 = DIRECTION ( 'NONE',  ( 0.000000000000000000, 0.000000000000000000, 1.000000000000000000 ) ) ;
#857 = ORIENTED_EDGE ( 'NONE', *, *, #1077, .F. ) ;
#858 = CARTESIAN_POINT ( 'NONE',  ( 0.000000000000000000, 2.500000000000000000, -4.000000000000000000 ) ) ;
#859 = ORIENTED_EDGE ( 'NONE', *, *, #1990, .F. ) ;
#860 = CARTESIAN_POINT ( 'NONE',  ( -12.49642171056552442, 19.00000000000000355, -0.4863929421032768818 ) ) ;
#861 = CARTESIAN_POINT ( 'NONE',  ( -4.693690306520470479, -16.99999999999983658, -13.03722636554554448 ) ) ;
#862 = AXIS2_PLACEMENT_3D ( 'NONE', #85, #1751, #1574 ) ;
#863 = LINE ( 'NONE', #1194, #1144 ) ;
#864 = CARTESIAN_POINT ( 'NONE',  ( 10.87038912896985998, 25.00000000000000000, 5.795595134515380664 ) ) ;
#865 = VERTEX_POINT ( 'NONE', #543 ) ;
#866 = CARTESIAN_POINT ( 'NONE',  ( 22.68583632923021298, -18.00000000000001066, 4.327419621351606516 ) ) ;
#867 = CARTESIAN_POINT ( 'NONE',  ( 0.3937511310117312591, 23.00018906517194850, 12.25692673820600298 ) ) ;
#868 = CARTESIAN_POINT ( 'NONE',  ( 16.32993161855452868, -25.00000000000000355, -16.32993161855451447 ) ) ;
#869 = FACE_OUTER_BOUND ( 'NONE', #2076, .T. ) ;
#870 = ORIENTED_EDGE ( 'NONE', *, *, #1115, .T. ) ;
#871 = DIRECTION ( 'NONE',  ( 0.000000000000000000, 0.000000000000000000, 1.000000000000000000 ) ) ;
#872 = ORIENTED_EDGE ( 'NONE', *, *, #1942, .F. ) ;
#873 = DIRECTION ( 'NONE',  ( 2.317862832147734131E-17, 1.000000000000000000, 7.152980039235552631E-17 ) ) ;
#874 = DIRECTION ( 'NONE',  ( 0.000000000000000000, 0.000000000000000000, 1.000000000000000000 ) ) ;
#875 = ADVANCED_FACE ( 'NONE', ( #96, #1227 ), #1207, .T. ) ;
#876 = CARTESIAN_POINT ( 'NONE',  ( 16.32993161855452868, -25.00000000000000355, -16.32993161855451447 ) ) ;
#877 = B_SPLINE_CURVE_WITH_KNOTS ( 'NONE', 3,
 ( #1474, #1647, #363, #43 ),
 .UNSPECIFIED., .F., .F.,
 ( 4, 4 ),
 ( 0.01211205410645594185, 0.02309491032249934989 ),
 .UNSPECIFIED. ) ;
#878 = DIRECTION ( 'NONE',  ( 0.000000000000000000, 0.000000000000000000, 1.000000000000000000 ) ) ;
#879 = CARTESIAN_POINT ( 'NONE',  ( 7.595262531653887983, 18.00000000000000355, -21.81021964816271463 ) ) ;
#880 = ORIENTED_EDGE ( 'NONE', *, *, #355, .F. ) ;
#881 = ORIENTED_EDGE ( 'NONE', *, *, #330, .T. ) ;
#882 = CARTESIAN_POINT ( 'NONE',  ( -18.83281697854393499, 8.333333333333325044, 8.422955872573988145 ) ) ;
#883 = CARTESIAN_POINT ( 'NONE',  ( -22.30710129692544186, -25.00000000000000355, -5.977169950536460163 ) ) ;
#884 = CARTESIAN_POINT ( 'NONE',  ( 5.977169814453683117, -25.00000000000000000, 22.30710143300822068 ) ) ;
#885 = VERTEX_POINT ( 'NONE', #2075 ) ;
#886 = VECTOR ( 'NONE', #600, 1000.000000000000000 ) ;
#887 = EDGE_CURVE ( 'NONE', #13, #1933, #486, .T. ) ;
#888 = PRODUCT_DEFINITION_FORMATION_WITH_SPECIFIED_SOURCE ( 'HERHANG�', '', #608, .NOT_KNOWN. ) ;
#889 = AXIS2_PLACEMENT_3D ( 'NONE', #1852, #2073, #188 ) ;
#890 = DIRECTION ( 'NONE',  ( -0.8474568401986900534, 0.000000000000000000, -0.5308642990449178312 ) ) ;
#891 = VERTEX_POINT ( 'NONE', #391 ) ;
#892 = FACE_OUTER_BOUND ( 'NONE', #1240, .T. ) ;
#893 = ORIENTED_EDGE ( 'NONE', *, *, #1335, .T. ) ;
#894 = LINE ( 'NONE', #110, #1312 ) ;
#895 = CARTESIAN_POINT ( 'NONE',  ( 0.000000000000000000, 2.500000000000000000, 0.000000000000000000 ) ) ;
#896 = CARTESIAN_POINT ( 'NONE',  ( -3.752876315504598548, 19.00000000000000355, 14.00592446196978713 ) ) ;
#897 = CIRCLE ( 'NONE', #1984, 15.00000000000000000 ) ;
#898 = ORIENTED_EDGE ( 'NONE', *, *, #1173, .F. ) ;
#899 = CARTESIAN_POINT ( 'NONE',  ( 16.32993161855452868, -25.00000000000000000, -16.32993161855451447 ) ) ;
#900 = CARTESIAN_POINT ( 'NONE',  ( -0.04196520047717417629, 17.99999999999999645, 20.34905582151258940 ) ) ;
#901 = ADVANCED_FACE ( 'NONE', ( #1872 ), #1241, .F. ) ;
#902 = ORIENTED_EDGE ( 'NONE', *, *, #941, .F. ) ;
#903 = CARTESIAN_POINT ( 'NONE',  ( -23.35564808043526241, -8.333333333333468929, -2.084126361538174432 ) ) ;
#904 = CARTESIAN_POINT ( 'NONE',  ( -13.63741438071094336, -17.00000000000006040, -2.453758139829278040 ) ) ;
#905 = CARTESIAN_POINT ( 'NONE',  ( 22.58014225224275506, 20.33333333333375847, -4.881723480545878679 ) ) ;
#906 = ORIENTED_EDGE ( 'NONE', *, *, #1254, .F. ) ;
#907 = CARTESIAN_POINT ( 'NONE',  ( -14.00592453234428447, 25.00000000000000000, 3.752876007968416694 ) ) ;
#908 = CARTESIAN_POINT ( 'NONE',  ( -2.828384395728423595, 18.99999999999999289, 12.81110051321068077 ) ) ;
#909 = CARTESIAN_POINT ( 'NONE',  ( -13.81487699625117571, -16.99999999999975842, -17.11692652255212721 ) ) ;
#910 = AXIS2_PLACEMENT_3D ( 'NONE', #974, #1475, #496 ) ;
#911 = CARTESIAN_POINT ( 'NONE',  ( 8.943724074190473772, -16.99999999999994671, -10.58346822571626689 ) ) ;
#912 = PRODUCT_DEFINITION_SHAPE ( 'NONE', 'NONE',  #2143 ) ;
#913 = ORIENTED_EDGE ( 'NONE', *, *, #1359, .F. ) ;
#914 = ADVANCED_FACE ( 'NONE', ( #1378 ), #1748, .T. ) ;
#916 = EDGE_CURVE ( 'NONE', #259, #1112, #1587, .T. ) ;
#915 = FACE_OUTER_BOUND ( 'NONE', #1735, .T. ) ;
#917 = CARTESIAN_POINT ( 'NONE',  ( -13.38426085980492353, 25.00000000000000000, 3.586301888672230209 ) ) ;
#918 = CARTESIAN_POINT ( 'NONE',  ( 22.30710143300821002, 25.00000000000000355, -5.977169814453707097 ) ) ;
#919 = ORIENTED_EDGE ( 'NONE', *, *, #426, .T. ) ;
#920 = CARTESIAN_POINT ( 'NONE',  ( 9.163566713815200160, 18.99999999999998934, 10.39407259366235436 ) ) ;
#921 = CARTESIAN_POINT ( 'NONE',  ( 28.07802670118529420, -18.00000000000000000, 11.68864477035407923 ) ) ;
#922 = EDGE_LOOP ( 'NONE', ( #118, #1228, #1342, #1357 ) ) ;
#923 = CYLINDRICAL_SURFACE ( 'NONE', #675, 2.000000000000000000 ) ;
#924 = CIRCLE ( 'NONE', #99, 4.000000000000000000 ) ;
#925 = CARTESIAN_POINT ( 'NONE',  ( 8.362459816959331604, 10.99999999999996980, 11.23575841943571341 ) ) ;
#926 = VERTEX_POINT ( 'NONE', #1536 ) ;
#927 = AXIS2_PLACEMENT_3D ( 'NONE', #460, #970, #1992 ) ;
#928 = CARTESIAN_POINT ( 'NONE',  ( 13.58331427179881246, 18.99999999999999645, -2.738845266606273476 ) ) ;
#929 = DIRECTION ( 'NONE',  ( 2.317862832147734131E-17, 1.000000000000000000, 7.152980039235553864E-17 ) ) ;
#930 = B_SPLINE_CURVE_WITH_KNOTS ( 'NONE', 3,
 ( #91, #1580, #1117, #455 ),
 .UNSPECIFIED., .F., .F.,
 ( 4, 4 ),
 ( 0.000000000000000000, 0.02309491032249931519 ),
 .UNSPECIFIED. ) ;
#931 = CARTESIAN_POINT ( 'NONE',  ( -13.83137976573996220, -18.00000000000000000, -14.56426467838743832 ) ) ;
#932 = CARTESIAN_POINT ( 'NONE',  ( 5.977169814453673347, 25.00000000000000355, -22.30710143300821713 ) ) ;
#933 = CARTESIAN_POINT ( 'NONE',  ( 18.83281831747386192, -8.333333333333387216, 8.422956458582213202 ) ) ;
#934 = AXIS2_PLACEMENT_3D ( 'NONE', #450, #1090, #303 ) ;
#935 = CARTESIAN_POINT ( 'NONE',  ( -0.9178256949305845236, 11.00000000000006217, 12.31204650316250770 ) ) ;
#936 = ORIENTED_EDGE ( 'NONE', *, *, #571, .T. ) ;
#937 = UNCERTAINTY_MEASURE_WITH_UNIT (LENGTH_MEASURE( 1.000000000000000082E-05 ), #327, 'distance_accuracy_value', 'NONE');
#938 = DIRECTION ( 'NONE',  ( 0.000000000000000000, 0.000000000000000000, 1.000000000000000000 ) ) ;
#939 = LINE ( 'NONE', #121, #1964 ) ;
#940 = CARTESIAN_POINT ( 'NONE',  ( 15.09057301160046727, 18.00000000000000000, 17.48280012490573654 ) ) ;
#941 = EDGE_CURVE ( 'NONE', #79, #855, #1087, .T. ) ;
#942 = CARTESIAN_POINT ( 'NONE',  ( 2.449293598294706414E-16, -2.500000000000000000, 2.000000000000000000 ) ) ;
#943 = CARTESIAN_POINT ( 'NONE',  ( 22.30710143300821002, 25.00000000000000355, -5.977169814453707097 ) ) ;
#944 = B_SPLINE_CURVE_WITH_KNOTS ( 'NONE', 3,
 ( #190, #844, #1540, #24 ),
 .UNSPECIFIED., .F., .F.,
 ( 4, 4 ),
 ( -0.03599999999999996952, 0.000000000000000000 ),
 .UNSPECIFIED. ) ;
#945 = APPLICATION_CONTEXT ( 'automotive_design' ) ;
#946 = CARTESIAN_POINT ( 'NONE',  ( -6.939066772976199005, 19.00000000000001421, -10.84150992150004633 ) ) ;
#947 = ORIENTED_EDGE ( 'NONE', *, *, #1044, .F. ) ;
#948 = AXIS2_PLACEMENT_3D ( 'NONE', #162, #1845, #334 ) ;
#949 = DIRECTION ( 'NONE',  ( 0.000000000000000000, 1.000000000000000000, 0.000000000000000000 ) ) ;
#950 = B_SPLINE_SURFACE_WITH_KNOTS ( 'NONE', 3, 3, ( 
 ( #1262, #114, #1073, #1745 ),
 ( #1445, #780, #1109, #953 ),
 ( #1936, #245, #436, #291 ),
 ( #2117, #611, #448, #1957 ) ),
 .UNSPECIFIED., .F., .F., .F.,
 ( 4, 4 ),
 ( 4, 4 ),
 ( -0.01847520861406802550, -0.004618802153517008111 ),
 ( -0.04200000000000000261, 0.000000000000000000 ),
 .UNSPECIFIED. ) ;
#951 = CARTESIAN_POINT ( 'NONE',  ( 0.000000000000000000, 2.500000000000000000, -2.000000000000000000 ) ) ;
#952 = FACE_OUTER_BOUND ( 'NONE', #713, .T. ) ;
#953 = CARTESIAN_POINT ( 'NONE',  ( -5.336538684531081600, 25.00000000000002132, -10.99339293402345064 ) ) ;
#954 = CARTESIAN_POINT ( 'NONE',  ( 10.76001964097016916, 21.00018986479667049, 5.781474193994371902 ) ) ;
#955 = CARTESIAN_POINT ( 'NONE',  ( -3.752876315504598548, 19.00000000000000355, 14.00592446196978713 ) ) ;
#956 = VERTEX_POINT ( 'NONE', #249 ) ;
#957 = COLOUR_RGB ( '',0.7921568627450980005, 0.8196078431372548767, 0.9333333333333333481 ) ;
#958 = CARTESIAN_POINT ( 'NONE',  ( -10.20363219684880107, 11.00000000000003020, -6.950883619637236777 ) ) ;
#959 = AXIS2_PLACEMENT_3D ( 'NONE', #1034, #1356, #1183 ) ;
#960 = CARTESIAN_POINT ( 'NONE',  ( 5.977169814453673347, 25.00000000000000000, -22.30710143300821713 ) ) ;
#961 = CARTESIAN_POINT ( 'NONE',  ( -7.828932893334124010, 25.00000000000000000, 9.141629855143028394 ) ) ;
#962 = CARTESIAN_POINT ( 'NONE',  ( 12.31183062643822090, 25.00000000000000000, 0.4160622298252862339 ) ) ;
#963 = CARTESIAN_POINT ( 'NONE',  ( 6.516235774987936047, 25.00000000000000000, -10.45432697348920215 ) ) ;
#964 = DIRECTION ( 'NONE',  ( -0.9841956079692422144, 3.338476886082699695E-15, -0.1770847403195814351 ) ) ;
#965 = PRODUCT_DEFINITION_SHAPE ( 'NONE', 'NONE',  #1573 ) ;
#966 = ORIENTED_EDGE ( 'NONE', *, *, #1254, .T. ) ;
#967 = VECTOR ( 'NONE', #1997, 1000.000000000000114 ) ;
#968 = ADVANCED_FACE ( 'NONE', ( #2030 ), #1245, .T. ) ;
#969 = CARTESIAN_POINT ( 'NONE',  ( 11.53102374542792674, -2.999999999999696243, 4.411725889001699485 ) ) ;
#970 = DIRECTION ( 'NONE',  ( 0.000000000000000000, 0.000000000000000000, 1.000000000000000000 ) ) ;
#971 = DIRECTION ( 'NONE',  ( 0.8474568401986901645, 0.000000000000000000, 0.5308642990449176091 ) ) ;
#972 = CARTESIAN_POINT ( 'NONE',  ( -22.68583554325434193, 17.99999999999999645, 4.327419523256975431 ) ) ;
#973 = CARTESIAN_POINT ( 'NONE',  ( 14.00592453929131231, 25.00000000000000000, -3.752875982050024373 ) ) ;
#974 = CARTESIAN_POINT ( 'NONE',  ( 10.25304822031320207, 25.00000000000000000, 10.25304846696056593 ) ) ;
#975 = EDGE_CURVE ( 'NONE', #1249, #1934, #1562, .T. ) ;
#976 = DIRECTION ( 'NONE',  ( 0.000000000000000000, 0.000000000000000000, 1.000000000000000000 ) ) ;
#977 = VERTEX_POINT ( 'NONE', #468 ) ;
#978 = CARTESIAN_POINT ( 'NONE',  ( -5.977169950536442400, 25.00000000000000355, 22.30710129692546317 ) ) ;
#979 = ORIENTED_EDGE ( 'NONE', *, *, #1022, .F. ) ;
#980 = CARTESIAN_POINT ( 'NONE',  ( -13.38426085980492353, 25.00000000000000000, 3.586301888672230209 ) ) ;
#981 = B_SPLINE_CURVE_WITH_KNOTS ( 'NONE', 3,
 ( #285, #1285, #1415, #108 ),
 .UNSPECIFIED., .F., .F.,
 ( 4, 4 ),
 ( 0.000000000000000000, 0.02309491276326577913 ),
 .UNSPECIFIED. ) ;
#982 = EDGE_CURVE ( 'NONE', #1416, #166, #1965, .T. ) ;
#983 = EDGE_LOOP ( 'NONE', ( #158, #671, #250, #1874 ) ) ;
#984 = CARTESIAN_POINT ( 'NONE',  ( -1.458530663215722445, -25.00000000000000355, 20.31471149485698646 ) ) ;
#985 = ORIENTED_EDGE ( 'NONE', *, *, #1762, .F. ) ;
#986 = CARTESIAN_POINT ( 'NONE',  ( 9.163566713815200160, 18.99999999999998934, 10.39407259366235436 ) ) ;
#987 = CARTESIAN_POINT ( 'NONE',  ( 0.000000000000000000, -2.500000000000000000, 0.000000000000000000 ) ) ;
#988 = CARTESIAN_POINT ( 'NONE',  ( -9.163566713815198383, 18.99999999999999289, -10.39407259366235792 ) ) ;
#989 = ORIENTED_EDGE ( 'NONE', *, *, #198, .T. ) ;
#990 = CARTESIAN_POINT ( 'NONE',  ( 9.163566713815200160, 18.99999999999998934, 10.39407259366235436 ) ) ;
#991 = VERTEX_POINT ( 'NONE', #1760 ) ;
#992 = AXIS2_PLACEMENT_3D ( 'NONE', #1811, #475, #807 ) ;
#993 = ORIENTED_EDGE ( 'NONE', *, *, #1359, .T. ) ;
#994 = CARTESIAN_POINT ( 'NONE',  ( 23.35564808043524820, -8.333333333333456494, 2.084126361538167771 ) ) ;
#995 = VERTEX_POINT ( 'NONE', #261 ) ;
#996 = CARTESIAN_POINT ( 'NONE',  ( -14.63917106457295070, -18.00000000000000000, -3.270270713896645365 ) ) ;
#997 = ADVANCED_FACE ( 'NONE', ( #1132 ), #767, .T. ) ;
#998 = CARTESIAN_POINT ( 'NONE',  ( 2.449293598294706414E-16, 2.500000000000000000, 2.000000000000000000 ) ) ;
#999 = CARTESIAN_POINT ( 'NONE',  ( 14.74946483652783868, 6.026325809760059826, 15.13937194574175926 ) ) ;
#1000 = EDGE_LOOP ( 'NONE', ( #424, #1197, #1754, #11 ) ) ;
#1001 = ORIENTED_EDGE ( 'NONE', *, *, #208, .T. ) ;
#1002 = AXIS2_PLACEMENT_3D ( 'NONE', #1377, #704, #560 ) ;
#1003 = DIRECTION ( 'NONE',  ( 0.000000000000000000, 1.000000000000000000, 0.000000000000000000 ) ) ;
#1004 = CARTESIAN_POINT ( 'NONE',  ( 10.45432718050860821, 25.00000000000000000, -6.516235567968537090 ) ) ;
#1005 = CARTESIAN_POINT ( 'NONE',  ( -14.13387593302647183, -5.979445488639069772, -14.75375446499731602 ) ) ;
#1006 = EDGE_CURVE ( 'NONE', #179, #651, #1421, .T. ) ;
#1007 = CARTESIAN_POINT ( 'NONE',  ( 10.25304822031320207, 19.00000000000000355, 14.75304846789697955 ) ) ;
#1008 = VERTEX_POINT ( 'NONE', #1928 ) ;
#1009 = CARTESIAN_POINT ( 'NONE',  ( 4.419747557983605191, 18.99999999999999645, -13.13291786026862518 ) ) ;
#1010 = CARTESIAN_POINT ( 'NONE',  ( 0.000000000000000000, 0.000000000000000000, 0.000000000000000000 ) ) ;
#1011 = APPLICATION_CONTEXT ( 'automotive_design' ) ;
#1012 = DIRECTION ( 'NONE',  ( 2.317862832147734131E-17, 1.000000000000000000, 7.152980039235552631E-17 ) ) ;
#1013 = ORIENTED_EDGE ( 'NONE', *, *, #1720, .T. ) ;
#1014 = CIRCLE ( 'NONE', #2032, 15.00000000000000000 ) ;
#1015 = FACE_OUTER_BOUND ( 'NONE', #706, .T. ) ;
#1016 = CARTESIAN_POINT ( 'NONE',  ( -15.09057348954083544, -18.00000000000000355, 17.48280075653348931 ) ) ;
#1017 = CARTESIAN_POINT ( 'NONE',  ( 13.93111715828631425, -11.98729992421471913, 14.62674222116149103 ) ) ;
#1018 = CARTESIAN_POINT ( 'NONE',  ( -15.09057301160046016, 17.99999999999999645, -17.48280012490572588 ) ) ;
#1019 = ORIENTED_EDGE ( 'NONE', *, *, #1206, .F. ) ;
#1020 =( LENGTH_UNIT ( ) NAMED_UNIT ( * ) SI_UNIT ( .MILLI., .METRE. ) );
#1021 = ORIENTED_EDGE ( 'NONE', *, *, #1425, .F. ) ;
#1022 = EDGE_CURVE ( 'NONE', #1337, #1535, #981, .T. ) ;
#1023 = CARTESIAN_POINT ( 'NONE',  ( -16.32993161855453224, -25.00000000000000000, 16.32993161855451802 ) ) ;
#1024 = AXIS2_PLACEMENT_3D ( 'NONE', #42, #349, #51 ) ;
#1025 = CARTESIAN_POINT ( 'NONE',  ( 10.36071331189449296, 19.00000000000000355, -6.391518645932380949 ) ) ;
#1026 = CARTESIAN_POINT ( 'NONE',  ( 9.872917666428755012, -8.333333333333387216, 21.26864774027524874 ) ) ;
#1027 = B_SPLINE_CURVE_WITH_KNOTS ( 'NONE', 3,
 ( #1009, #32, #693, #911 ),
 .UNSPECIFIED., .F., .F.,
 ( 4, 4 ),
 ( -0.03599999999999998340, 0.000000000000000000 ),
 .UNSPECIFIED. ) ;
#1028 = FACE_OUTER_BOUND ( 'NONE', #511, .T. ) ;
#1029 = DIRECTION ( 'NONE',  ( 0.000000000000000000, -0.000000000000000000, 1.000000000000000000 ) ) ;
#1030 = EDGE_LOOP ( 'NONE', ( #480, #513, #400, #724, #1716, #1381, #1323 ) ) ;
#1031 = B_SPLINE_CURVE_WITH_KNOTS ( 'NONE', 3,
 ( #940, #622, #105, #1072 ),
 .UNSPECIFIED., .F., .F.,
 ( 4, 4 ),
 ( -0.007000000000000001880, 0.000000000000000000 ),
 .UNSPECIFIED. ) ;
#1032 = ORIENTED_EDGE ( 'NONE', *, *, #1840, .F. ) ;
#1033 = EDGE_CURVE ( 'NONE', #1785, #1040, #200, .T. ) ;
#1034 = CARTESIAN_POINT ( 'NONE',  ( -3.752876315504598548, 19.00000000000000355, 14.00592446196978713 ) ) ;
#1035 = CIRCLE ( 'NONE', #699, 4.500000000936412725 ) ;
#1036 = DIRECTION ( 'NONE',  ( 0.000000000000000000, 1.000000000000000000, 0.000000000000000000 ) ) ;
#1037 = CARTESIAN_POINT ( 'NONE',  ( 1.458530663215720447, 25.00000000000001421, 20.31471149485699002 ) ) ;
#1038 = PLANE ( 'NONE',  #1070 ) ;
#1039 = CARTESIAN_POINT ( 'NONE',  ( -7.595262531653895977, 18.00000000000000355, 21.81021964816269687 ) ) ;
#1040 = VERTEX_POINT ( 'NONE', #1797 ) ;
#1041 = ORIENTED_EDGE ( 'NONE', *, *, #489, .T. ) ;
#1042 = FACE_OUTER_BOUND ( 'NONE', #73, .T. ) ;
#1043 = ADVANCED_FACE ( 'NONE', ( #294 ), #591, .F. ) ;
#1044 = EDGE_CURVE ( 'NONE', #995, #498, #237, .T. ) ;
#1045 = CARTESIAN_POINT ( 'NONE',  ( 0.4160619574486478234, 25.00000000000000000, 12.31183069942132491 ) ) ;
#1046 = CARTESIAN_POINT ( 'NONE',  ( 19.21154249863340979, 5.985729505310251497, 6.134497705971454273 ) ) ;
#1047 = EDGE_CURVE ( 'NONE', #2081, #1458, #1713, .T. ) ;
#1048 = ORIENTED_EDGE ( 'NONE', *, *, #2130, .F. ) ;
#1049 = VECTOR ( 'NONE', #621, 1000.000000000000114 ) ;
#1050 = CARTESIAN_POINT ( 'NONE',  ( 0.000000000000000000, -18.00000000000000000, 0.000000000000000000 ) ) ;
#1051 = VERTEX_POINT ( 'NONE', #276 ) ;
#1052 = CARTESIAN_POINT ( 'NONE',  ( -6.669439498653572329, 19.00000000000000355, 10.57902218750967016 ) ) ;
#1053 = ORIENTED_EDGE ( 'NONE', *, *, #684, .F. ) ;
#1054 = CARTESIAN_POINT ( 'NONE',  ( -15.49379007659907082, 17.99999999999999289, -16.31560936942359774 ) ) ;
#1055 = CARTESIAN_POINT ( 'NONE',  ( 12.18882689691420929, 25.00000000000002842, 0.8751183979294249182 ) ) ;
#1056 = CARTESIAN_POINT ( 'NONE',  ( 15.93132344991782290, -22.66666666666678154, -16.72957418498005921 ) ) ;
#1057 = ORIENTED_EDGE ( 'NONE', *, *, #355, .T. ) ;
#1058 = VECTOR ( 'NONE', #325, 1000.000000000000000 ) ;
#1059 = EDGE_CURVE ( 'NONE', #13, #79, #1661, .T. ) ;
#1060 = AXIS2_PLACEMENT_3D ( 'NONE', #463, #168, #806 ) ;
#1061 = DIRECTION ( 'NONE',  ( 2.317862832147734131E-17, 1.000000000000000000, 7.152980039235552631E-17 ) ) ;
#1062 = APPLICATION_PROTOCOL_DEFINITION ( 'draft international standard', 'automotive_design', 1998, #1100 ) ;
#1063 = ORIENTED_EDGE ( 'NONE', *, *, #414, .T. ) ;
#1064 = CARTESIAN_POINT ( 'NONE',  ( -12.42715602478276971, 20.99974771737158363, -0.4617290792125446908 ) ) ;
#1065 = VERTEX_POINT ( 'NONE', #637 ) ;
#1066 = CARTESIAN_POINT ( 'NONE',  ( 11.42048035397186467, 25.00000000000001776, -16.86379089349005511 ) ) ;
#1067 = B_SPLINE_SURFACE_WITH_KNOTS ( 'NONE', 3, 3, ( 
 ( #1703, #2118, #1599, #107 ),
 ( #274, #933, #1783, #457 ),
 ( #423, #135, #1264, #755 ),
 ( #771, #284, #1609, #246 ) ),
 .UNSPECIFIED., .F., .F., .F.,
 ( 4, 4 ),
 ( 4, 4 ),
 ( -0.02309401076758503535, 0.000000000000000000 ),
 ( -0.05000000000000001665, 0.000000000000000000 ),
 .UNSPECIFIED. ) ;
#1068 = CARTESIAN_POINT ( 'NONE',  ( 13.99874250193665581, -2.999999999999666045, 0.4544252108962122394 ) ) ;
#1069 = DIRECTION ( 'NONE',  ( 0.000000000000000000, 0.000000000000000000, 1.000000000000000000 ) ) ;
#1070 = AXIS2_PLACEMENT_3D ( 'NONE', #712, #1061, #1370 ) ;
#1071 = ORIENTED_EDGE ( 'NONE', *, *, #489, .F. ) ;
#1072 = CARTESIAN_POINT ( 'NONE',  ( 16.32993161855453934, 25.00000000000000355, 16.32993161855451447 ) ) ;
#1073 = CARTESIAN_POINT ( 'NONE',  ( -8.362459816959340486, 10.99999999999998934, -11.23575841943572406 ) ) ;
#1074 = DIRECTION ( 'NONE',  ( 2.317862832147734131E-17, 1.000000000000000000, 7.152980039235552631E-17 ) ) ;
#1075 = EDGE_CURVE ( 'NONE', #1929, #1318, #438, .T. ) ;
#1076 = ORIENTED_EDGE ( 'NONE', *, *, #72, .T. ) ;
#1077 = EDGE_CURVE ( 'NONE', #572, #1051, #852, .T. ) ;
#1078 = DIRECTION ( 'NONE',  ( 2.317862832147734131E-17, 1.000000000000000000, 7.152980039235552631E-17 ) ) ;
#1079 = ORIENTED_EDGE ( 'NONE', *, *, #1953, .F. ) ;
#1080 = CARTESIAN_POINT ( 'NONE',  ( -18.83281831747389035, -8.333333333333406756, -8.422956458582214978 ) ) ;
#1081 = CYLINDRICAL_SURFACE ( 'NONE', #2040, 2.000000000000000000 ) ;
#1082 = CARTESIAN_POINT ( 'NONE',  ( 28.07802670118529420, 18.00000000000000000, 11.68864477035407923 ) ) ;
#1083 = ORIENTED_EDGE ( 'NONE', *, *, #1791, .F. ) ;
#1084 = FACE_OUTER_BOUND ( 'NONE', #164, .T. ) ;
#1085 = CARTESIAN_POINT ( 'NONE',  ( 0.000000000000000000, -18.00000000000000000, 15.00000000000000000 ) ) ;
#1086 = FACE_OUTER_BOUND ( 'NONE', #1000, .T. ) ;
#1087 = B_SPLINE_CURVE_WITH_KNOTS ( 'NONE', 3,
 ( #733, #369, #1388, #758 ),
 .UNSPECIFIED., .F., .F.,
 ( 4, 4 ),
 ( 0.000000000000000000, 1.000000000000000000 ),
 .UNSPECIFIED. ) ;
#1088 = CLOSED_SHELL ( 'NONE', ( #697, #126, #875, #89, #1530, #1379 ) ) ;
#1089 = VECTOR ( 'NONE', #1521, 1000.000000000000000 ) ;
#1090 = DIRECTION ( 'NONE',  ( 0.000000000000000000, 1.000000000000000000, 0.000000000000000000 ) ) ;
#1091 = EDGE_LOOP ( 'NONE', ( #1267, #534, #218, #2031, #1712, #1514, #128, #1165 ) ) ;
#1092 = CARTESIAN_POINT ( 'NONE',  ( -3.586301888672206228, 25.00000000000000000, 13.38426085980493419 ) ) ;
#1093 = CARTESIAN_POINT ( 'NONE',  ( -22.30710129692544186, -25.00000000000000355, -5.977169950536460163 ) ) ;
#1094 = CARTESIAN_POINT ( 'NONE',  ( 0.000000000000000000, 18.00000000000000000, 0.000000000000000000 ) ) ;
#1095 = ORIENTED_EDGE ( 'NONE', *, *, #502, .F. ) ;
#1096 = CARTESIAN_POINT ( 'NONE',  ( -10.87038913517334571, 25.00000000000000000, -5.795595111363645913 ) ) ;
#1097 = FACE_OUTER_BOUND ( 'NONE', #695, .T. ) ;
#1098 = CARTESIAN_POINT ( 'NONE',  ( -13.48272866769138112, 8.333333333333321491, -19.18451889719025871 ) ) ;
#1099 = CIRCLE ( 'NONE', #1447, 15.00000000000000000 ) ;
#1100 = APPLICATION_CONTEXT ( 'automotive_design' ) ;
#1101 = CARTESIAN_POINT ( 'NONE',  ( -4.397919280620159910, -16.99999999999998934, 11.40138760565935527 ) ) ;
#1102 = ORIENTED_EDGE ( 'NONE', *, *, #825, .F. ) ;
#1103 = CYLINDRICAL_SURFACE ( 'NONE', #367, 4.500000000936412725 ) ;
#1104 = ADVANCED_FACE ( 'NONE', ( #18 ), #1672, .T. ) ;
#1105 = DIRECTION ( 'NONE',  ( 0.000000000000000000, 0.000000000000000000, 1.000000000000000000 ) ) ;
#1106 = CARTESIAN_POINT ( 'NONE',  ( -19.06033087857446517, 18.00000000000000000, -6.039775654201567257 ) ) ;
#1107 = B_SPLINE_SURFACE_WITH_KNOTS ( 'NONE', 3, 3, ( 
 ( #1023, #1210, #34, #685 ),
 ( #1886, #1218, #382, #1866 ),
 ( #526, #220, #882, #199 ),
 ( #1699, #1548, #1347, #1191 ) ),
 .UNSPECIFIED., .F., .F., .F.,
 ( 4, 4 ),
 ( 4, 4 ),
 ( -0.02309401076758503535, 0.000000000000000000 ),
 ( -0.05000000000000000278, 0.000000000000000000 ),
 .UNSPECIFIED. ) ;
#1108 = EDGE_CURVE ( 'NONE', #1697, #295, #7, .T. ) ;
#1109 = CARTESIAN_POINT ( 'NONE',  ( -3.718869296828793303, 11.00000000000000000, -11.77143750452234272 ) ) ;
#1110 = CARTESIAN_POINT ( 'NONE',  ( -10.45432716525991346, 25.00000000000000000, 6.516235583217238947 ) ) ;
#1111 = CARTESIAN_POINT ( 'NONE',  ( 9.797958971132723960, 25.00000000000000000, 9.797958971132709749 ) ) ;
#1112 = VERTEX_POINT ( 'NONE', #472 ) ;
#1113 = LINE ( 'NONE', #1229, #1698 ) ;
#1114 = B_SPLINE_CURVE_WITH_KNOTS ( 'NONE', 3,
 ( #145, #1467, #645, #931 ),
 .UNSPECIFIED., .F., .F.,
 ( 4, 4 ),
 ( 0.000000000000000000, 0.009559971109172882980 ),
 .UNSPECIFIED. ) ;
#1115 = EDGE_CURVE ( 'NONE', #1198, #2093, #561, .T. ) ;
#1116 = CARTESIAN_POINT ( 'NONE',  ( -9.330528074123767723, 18.00000000000000000, -11.74483911588354523 ) ) ;
#1117 = CARTESIAN_POINT ( 'NONE',  ( -12.61611527288392054, 18.00000000000001066, 15.96518210186892439 ) ) ;
#1118 = PRODUCT_RELATED_PRODUCT_CATEGORY ( 'part', '', ( #2105 ) ) ;
#1119 = CARTESIAN_POINT ( 'NONE',  ( -1.458530663215728440, 25.00000000000000000, -20.31471149485698291 ) ) ;
#1120 = CARTESIAN_POINT ( 'NONE',  ( -10.41793435339478791, 23.00018906517118467, 6.469461860405820275 ) ) ;
#1121 = EDGE_CURVE ( 'NONE', #840, #577, #177, .T. ) ;
#1122 = CARTESIAN_POINT ( 'NONE',  ( 0.8751183979294385740, 24.99999999999996447, 12.18882689691418264 ) ) ;
#1123 = VERTEX_POINT ( 'NONE', #1986 ) ;
#1124 = CIRCLE ( 'NONE', #910, 4.500000000936412725 ) ;
#1125 = DIRECTION ( 'NONE',  ( 1.000000000000000000, 0.000000000000000000, 0.000000000000000000 ) ) ;
#1126 = CARTESIAN_POINT ( 'NONE',  ( -22.30710129692544186, -25.00000000000000355, -5.977169950536460163 ) ) ;
#1127 = ADVANCED_BREP_SHAPE_REPRESENTATION ( '', ( #1478, #927 ), #652 ) ;
#1128 =( REPRESENTATION_RELATIONSHIP ('NONE','NONE', #791, #1769 ) REPRESENTATION_RELATIONSHIP_WITH_TRANSFORMATION ( #1555 )SHAPE_REPRESENTATION_RELATIONSHIP( ) );
#1129 = CARTESIAN_POINT ( 'NONE',  ( -13.94712419890440458, -4.999999999999717559, -0.7400442007437892933 ) ) ;
#1130 = CARTESIAN_POINT ( 'NONE',  ( 11.43474267921498289, 18.99999999999999645, -5.173652431502070215 ) ) ;
#1131 = EDGE_CURVE ( 'NONE', #2017, #1008, #1846, .T. ) ;
#1132 = FACE_OUTER_BOUND ( 'NONE', #1950, .T. ) ;
#1133 = EDGE_LOOP ( 'NONE', ( #1695, #1167, #1076, #902 ) ) ;
#1134 = UNCERTAINTY_MEASURE_WITH_UNIT (LENGTH_MEASURE( 1.000000000000000082E-05 ), #1163, 'distance_accuracy_value', 'NONE');
#1135 = CARTESIAN_POINT ( 'NONE',  ( -15.93132344991782290, -22.66666666666677799, 16.72957418498006632 ) ) ;
#1136 = CARTESIAN_POINT ( 'NONE',  ( -6.852288212383114363, 25.00000000000002132, 10.11827453609403626 ) ) ;
#1137 = DIRECTION ( 'NONE',  ( 0.000000000000000000, 0.000000000000000000, 1.000000000000000000 ) ) ;
#1138 = ORIENTED_EDGE ( 'NONE', *, *, #113, .T. ) ;
#1139 = CARTESIAN_POINT ( 'NONE',  ( -20.44773626902677677, -18.00000000000000000, -6.908874769527519888 ) ) ;
#1140 = CARTESIAN_POINT ( 'NONE',  ( 17.64378188469609299, 17.99999999999998934, -10.13818498106815724 ) ) ;
#1141 = CARTESIAN_POINT ( 'NONE',  ( -14.23988037301816334, -16.99999999999980815, -14.75485706342599279 ) ) ;
#1142 = PRODUCT_DEFINITION_SHAPE ( 'NONE', 'NONE',  #2147 ) ;
#1143 = ADVANCED_FACE ( 'NONE', ( #679 ), #1468, .F. ) ;
#1144 = VECTOR ( 'NONE', #1522, 1000.000000000000000 ) ;
#1145 = EDGE_CURVE ( 'NONE', #1040, #206, #1710, .T. ) ;
#1146 = CARTESIAN_POINT ( 'NONE',  ( -15.93132320543372948, 22.66666666666688457, -16.72957383756348193 ) ) ;
#1147 = ORIENTED_EDGE ( 'NONE', *, *, #1108, .T. ) ;
#1148 = DIRECTION ( 'NONE',  ( 0.000000000000000000, 0.000000000000000000, 1.000000000000000000 ) ) ;
#1149 = CARTESIAN_POINT ( 'NONE',  ( -11.42048035397185579, -25.00000000000000000, -16.86379089349004445 ) ) ;
#1150 = ORIENTED_EDGE ( 'NONE', *, *, #514, .F. ) ;
#1151 = CARTESIAN_POINT ( 'NONE',  ( 5.826982200510176568, 19.00000000000000355, 11.06541513095701745 ) ) ;
#1152 = SURFACE_SIDE_STYLE ('',( #1657 ) ) ;
#1153 = DIRECTION ( 'NONE',  ( -0.000000000000000000, 1.000000000000000000, -0.000000000000000000 ) ) ;
#1154 = VERTEX_POINT ( 'NONE', #1007 ) ;
#1155 = CARTESIAN_POINT ( 'NONE',  ( -18.32232155670575580, 25.00000000000000000, -8.894231140885104026 ) ) ;
#1156 = ORIENTED_EDGE ( 'NONE', *, *, #9, .T. ) ;
#1157 = AXIS2_PLACEMENT_3D ( 'NONE', #1829, #473, #1137 ) ;
#1158 = ORIENTED_EDGE ( 'NONE', *, *, #173, .T. ) ;
#1159 = EDGE_CURVE ( 'NONE', #2081, #1416, #1681, .T. ) ;
#1160 = CARTESIAN_POINT ( 'NONE',  ( 22.30710143300821002, -25.00000000000000000, 5.977169814453698216 ) ) ;
#1161 = ORIENTED_EDGE ( 'NONE', *, *, #1694, .F. ) ;
#1162 = CARTESIAN_POINT ( 'NONE',  ( 0.04196522011891472281, -18.00000000000000355, 20.34905620378099655 ) ) ;
#1163 =( LENGTH_UNIT ( ) NAMED_UNIT ( * ) SI_UNIT ( .MILLI., .METRE. ) );
#1164 = CARTESIAN_POINT ( 'NONE',  ( -6.522574335100684628, 22.66666666666666785, 22.16171753058786820 ) ) ;
#1165 = ORIENTED_EDGE ( 'NONE', *, *, #443, .T. ) ;
#1166 = CARTESIAN_POINT ( 'NONE',  ( 7.857391294032685103, 7.000000000000039080, 11.54551592373831959 ) ) ;
#1167 = ORIENTED_EDGE ( 'NONE', *, *, #887, .T. ) ;
#1168 = CARTESIAN_POINT ( 'NONE',  ( -10.25304821336833960, 21.50000000000000000, -10.25304844104155499 ) ) ;
#1169 = AXIS2_PLACEMENT_3D ( 'NONE', #394, #1541, #2036 ) ;
#1170 = VERTEX_POINT ( 'NONE', #345 ) ;
#1171 = CARTESIAN_POINT ( 'NONE',  ( -28.07802670118529420, -18.00000000000000000, -11.68864477035408633 ) ) ;
#1172 = EDGE_CURVE ( 'NONE', #956, #1687, #897, .T. ) ;
#1173 = EDGE_CURVE ( 'NONE', #305, #1123, #2021, .T. ) ;
#1174 = CARTESIAN_POINT ( 'NONE',  ( 0.000000000000000000, 2.500000000000000000, 0.000000000000000000 ) ) ;
#1175 = CARTESIAN_POINT ( 'NONE',  ( 7.595262531653887983, 18.00000000000000355, -21.81021964816271463 ) ) ;
#1176 = DIRECTION ( 'NONE',  ( -0.6454576877239506238, -1.602468905319637036E-14, 0.7637960286346421324 ) ) ;
#1177 = VERTEX_POINT ( 'NONE', #818 ) ;
#1178 =( LENGTH_UNIT ( ) NAMED_UNIT ( * ) SI_UNIT ( .MILLI., .METRE. ) );
#1179 = EDGE_LOOP ( 'NONE', ( #1665, #2023, #559, #1021, #1048 ) ) ;
#1180 = VECTOR ( 'NONE', #1153, 1000.000000000000000 ) ;
#1181 = SHAPE_DEFINITION_REPRESENTATION ( #410, #1769 ) ;
#1182 = ORIENTED_EDGE ( 'NONE', *, *, #2039, .F. ) ;
#1183 = DIRECTION ( 'NONE',  ( 0.000000000000000000, 0.000000000000000000, 1.000000000000000000 ) ) ;
#1184 = CARTESIAN_POINT ( 'NONE',  ( -23.35564505819506920, 8.333333333333291293, 2.084126089958302508 ) ) ;
#1185 = CARTESIAN_POINT ( 'NONE',  ( 8.894231140885141329, 25.00000000000000355, 18.32232155670574869 ) ) ;
#1186 = CARTESIAN_POINT ( 'NONE',  ( -19.67211160740479770, -6.019401145597413461, -6.423007616437625522 ) ) ;
#1187 = CARTESIAN_POINT ( 'NONE',  ( -0.3548608727856963907, 19.00000000000000355, -12.16840024985308233 ) ) ;
#1188 = ORIENTED_EDGE ( 'NONE', *, *, #1108, .F. ) ;
#1189 = ORIENTED_EDGE ( 'NONE', *, *, #1942, .T. ) ;
#1190 = B_SPLINE_CURVE_WITH_KNOTS ( 'NONE', 3,
 ( #1096, #133, #1768, #1744 ),
 .UNSPECIFIED., .F., .F.,
 ( 4, 4 ),
 ( 0.2990351056133996877, 0.7009648766119276342 ),
 .UNSPECIFIED. ) ;
#1191 = CARTESIAN_POINT ( 'NONE',  ( -22.30710143300821002, 25.00000000000000000, 5.977169814453709762 ) ) ;
#1192 = CARTESIAN_POINT ( 'NONE',  ( 11.42048035397184691, -24.99999999999998224, 16.86379089349003735 ) ) ;
#1193 = FACE_OUTER_BOUND ( 'NONE', #1838, .T. ) ;
#1194 = CARTESIAN_POINT ( 'NONE',  ( 14.63917106457295070, -18.00000000000000000, 3.270270713896636039 ) ) ;
#1195 = EDGE_CURVE ( 'NONE', #1892, #1687, #1488, .T. ) ;
#1196 = CARTESIAN_POINT ( 'NONE',  ( 5.549222313536548157, 10.99999999999997513, -12.85998184933120392 ) ) ;
#1197 = ORIENTED_EDGE ( 'NONE', *, *, #1502, .T. ) ;
#1198 = VERTEX_POINT ( 'NONE', #1824 ) ;
#1199 = DIRECTION ( 'NONE',  ( 0.000000000000000000, 0.000000000000000000, 1.000000000000000000 ) ) ;
#1200 = AXIS2_PLACEMENT_3D ( 'NONE', #1868, #1367, #537 ) ;
#1201 = CARTESIAN_POINT ( 'NONE',  ( 0.000000000000000000, 18.00000000000000000, 15.00000000000000000 ) ) ;
#1202 = CARTESIAN_POINT ( 'NONE',  ( -3.752876315504598548, 19.00000000000000355, 14.00592446196978713 ) ) ;
#1203 = AXIS2_PLACEMENT_3D ( 'NONE', #1322, #1827, #358 ) ;
#1204 = DIRECTION ( 'NONE',  ( 0.000000000000000000, 0.000000000000000000, 1.000000000000000000 ) ) ;
#1205 = ORIENTED_EDGE ( 'NONE', *, *, #1332, .T. ) ;
#1206 = EDGE_CURVE ( 'NONE', #1348, #298, #729, .T. ) ;
#1207 = PLANE ( 'NONE',  #1918 ) ;
#1208 = EDGE_LOOP ( 'NONE', ( #1539, #1489 ) ) ;
#1209 = EDGE_CURVE ( 'NONE', #991, #1154, #1035, .T. ) ;
#1210 = CARTESIAN_POINT ( 'NONE',  ( -13.48273041400648431, -8.333333333333373005, 19.18452137873712715 ) ) ;
#1211 = CARTESIAN_POINT ( 'NONE',  ( 14.00592453929131231, 25.00000000000000000, -3.752875982050024373 ) ) ;
#1212 = CARTESIAN_POINT ( 'NONE',  ( 2.121914890634547302, -8.333333333333362347, 20.52117731708038306 ) ) ;
#1213 = ORIENTED_EDGE ( 'NONE', *, *, #1794, .F. ) ;
#1214 = CARTESIAN_POINT ( 'NONE',  ( 2.121914728667568362, 8.333333333333333925, -20.52117586452893505 ) ) ;
#1215 = ORIENTED_EDGE ( 'NONE', *, *, #1742, .T. ) ;
#1216 = CARTESIAN_POINT ( 'NONE',  ( -12.36586461452219510, 22.99975195081701429, -0.4380195121298093297 ) ) ;
#1217 = ORIENTED_EDGE ( 'NONE', *, *, #793, .T. ) ;
#1218 = CARTESIAN_POINT ( 'NONE',  ( -16.71090342683933017, -8.333333333333364124, 12.09822085849820361 ) ) ;
#1219 = ADVANCED_FACE ( 'NONE', ( #39 ), #540, .T. ) ;
#1220 = CARTESIAN_POINT ( 'NONE',  ( -20.31471149485695804, -24.99999999999998224, 1.458530663215704681 ) ) ;
#1221 = CARTESIAN_POINT ( 'NONE',  ( -0.4160619606817985705, 25.00000000000000000, -12.31183069855500278 ) ) ;
#1222 = ORIENTED_EDGE ( 'NONE', *, *, #9, .F. ) ;
#1223 = VECTOR ( 'NONE', #1496, 1000.000000000000000 ) ;
#1224 = CARTESIAN_POINT ( 'NONE',  ( -13.48272866769138112, 8.333333333333321491, -19.18451889719025871 ) ) ;
#1225 = CONTEXT_DEPENDENT_SHAPE_REPRESENTATION ( #1128, #912 ) ;
#1226 = VERTEX_POINT ( 'NONE', #225 ) ;
#1227 = FACE_BOUND ( 'NONE', #831, .T. ) ;
#1228 = ORIENTED_EDGE ( 'NONE', *, *, #1394, .T. ) ;
#1229 = CARTESIAN_POINT ( 'NONE',  ( -14.00592453234428447, 19.00000000000000355, 8.252876007968417582 ) ) ;
#1230 = LINE ( 'NONE', #1764, #263 ) ;
#1231 = ADVANCED_FACE ( 'NONE', ( #869 ), #1879, .F. ) ;
#1232 = DIRECTION ( 'NONE',  ( 0.000000000000000000, 0.000000000000000000, 1.000000000000000000 ) ) ;
#1233 = EDGE_LOOP ( 'NONE', ( #1830, #1774, #989, #138, #1865, #1806, #810, #229, #1873, #845, #1333, #606 ) ) ;
#1234 = AXIS2_PLACEMENT_3D ( 'NONE', #907, #753, #1424 ) ;
#1235 = CARTESIAN_POINT ( 'NONE',  ( -3.752876315504598548, 19.00000000000000355, 14.00592446196978713 ) ) ;
#1236 = AXIS2_PLACEMENT_3D ( 'NONE', #207, #1518, #716 ) ;
#1237 = CARTESIAN_POINT ( 'NONE',  ( 28.07802670118529420, -18.00000000000000000, 11.68864477035407923 ) ) ;
#1238 = CONTEXT_DEPENDENT_SHAPE_REPRESENTATION ( #2024, #1798 ) ;
#1239 = ADVANCED_FACE ( 'NONE', ( #1387 ), #1400, .T. ) ;
#1240 = EDGE_LOOP ( 'NONE', ( #1631, #1483, #248, #380 ) ) ;
#1241 = PLANE ( 'NONE',  #1354 ) ;
#1242 = ORIENTED_EDGE ( 'NONE', *, *, #604, .T. ) ;
#1243 = CARTESIAN_POINT ( 'NONE',  ( 13.48273041400649319, -8.333333333333417414, -19.18452137873709162 ) ) ;
#1244 = B_SPLINE_CURVE_WITH_KNOTS ( 'NONE', 3,
 ( #301, #1454, #961, #1656 ),
 .UNSPECIFIED., .F., .F.,
 ( 4, 4 ),
 ( 0.2990351054926175256, 0.7009648767328633401 ),
 .UNSPECIFIED. ) ;
#1245 = B_SPLINE_SURFACE_WITH_KNOTS ( 'NONE', 3, 3, ( 
 ( #533, #71, #1196, #402 ),
 ( #48, #1265, #2119, #1274 ),
 ( #1611, #615, #775, #117 ),
 ( #127, #792, #1805, #1773 ) ),
 .UNSPECIFIED., .F., .F., .F.,
 ( 4, 4 ),
 ( 4, 4 ),
 ( -0.01847520861406802897, -0.004618802153517007243 ),
 ( -0.04200000000000000261, 0.000000000000000000 ),
 .UNSPECIFIED. ) ;
#1246 = CARTESIAN_POINT ( 'NONE',  ( 7.595262531653887983, 18.00000000000000355, -21.81021964816271463 ) ) ;
#1247 = CARTESIAN_POINT ( 'NONE',  ( 22.68583632923021298, -18.00000000000001066, 4.327419621351606516 ) ) ;
#1248 = PRESENTATION_LAYER_ASSIGNMENT (  '', '', ( #342 ) ) ;
#1249 = VERTEX_POINT ( 'NONE', #1554 ) ;
#1250 = CARTESIAN_POINT ( 'NONE',  ( -16.32993166836428145, -25.00000000000000355, 16.32993143266200420 ) ) ;
#1251 = LINE ( 'NONE', #769, #1835 ) ;
#1252 = DIRECTION ( 'NONE',  ( -2.982047012230033907E-16, 1.000000000000000000, 2.050977761690598161E-14 ) ) ;
#1253 = EDGE_LOOP ( 'NONE', ( #1966, #893, #1013, #566, #2070, #1450 ) ) ;
#1254 = EDGE_CURVE ( 'NONE', #725, #1988, #1638, .T. ) ;
#1255 = CARTESIAN_POINT ( 'NONE',  ( 3.718869296828785753, 10.99999999999995559, 11.77143750452234094 ) ) ;
#1256 = ORIENTED_EDGE ( 'NONE', *, *, #368, .F. ) ;
#1257 = CARTESIAN_POINT ( 'NONE',  ( -5.549222313536562368, 10.99999999999998224, 12.85998184933121280 ) ) ;
#1258 = B_SPLINE_CURVE_WITH_KNOTS ( 'NONE', 3,
 ( #260, #1140, #827, #1305 ),
 .UNSPECIFIED., .F., .F.,
 ( 4, 4 ),
 ( 4.336808689942017736E-18, 0.02309491032249934295 ),
 .UNSPECIFIED. ) ;
#1259 = DIRECTION ( 'NONE',  ( -0.3387379202452912574, 1.902931825067068961E-14, -0.9408807689542254549 ) ) ;
#1260 = CARTESIAN_POINT ( 'NONE',  ( -10.71557417958520730, 19.00000000000000355, -5.776881584168641837 ) ) ;
#1261 = LINE ( 'NONE', #2082, #160 ) ;
#1262 = CARTESIAN_POINT ( 'NONE',  ( -4.693690306520466926, -17.00000000000000000, -13.03722636554554448 ) ) ;
#1263 = ORIENTED_EDGE ( 'NONE', *, *, #1332, .F. ) ;
#1264 = CARTESIAN_POINT ( 'NONE',  ( 16.71090224987636574, 8.333333333333355242, 12.09821999195495401 ) ) ;
#1265 = CARTESIAN_POINT ( 'NONE',  ( 9.586178567122916050, -2.999999999999721112, -7.780296550681338630 ) ) ;
#1266 = EDGE_CURVE ( 'NONE', #298, #1348, #1812, .T. ) ;
#1267 = ORIENTED_EDGE ( 'NONE', *, *, #916, .F. ) ;
#1268 = CARTESIAN_POINT ( 'NONE',  ( 16.32993161855452868, -25.00000000000000000, -16.32993161855451447 ) ) ;
#1269 = CARTESIAN_POINT ( 'NONE',  ( -10.25304821336617245, 25.00000000000000000, -10.25304844104218205 ) ) ;
#1270 = CARTESIAN_POINT ( 'NONE',  ( 5.977169814453673347, 25.00000000000000355, -22.30710143300821713 ) ) ;
#1271 = PLANE ( 'NONE',  #539 ) ;
#1272 = CARTESIAN_POINT ( 'NONE',  ( 16.32993161855452868, -25.00000000000000000, -16.32993161855451447 ) ) ;
#1273 = AXIS2_PLACEMENT_3D ( 'NONE', #644, #313, #153 ) ;
#1274 = CARTESIAN_POINT ( 'NONE',  ( 6.852288212383112587, 25.00000000000002132, -10.11827453609402028 ) ) ;
#1275 = ADVANCED_FACE ( 'NONE', ( #213 ), #1038, .T. ) ;
#1276 = ORIENTED_EDGE ( 'NONE', *, *, #1990, .T. ) ;
#1277 = ADVANCED_FACE ( 'NONE', ( #549 ), #1916, .F. ) ;
#1278 = FACE_OUTER_BOUND ( 'NONE', #1233, .T. ) ;
#1279 = CARTESIAN_POINT ( 'NONE',  ( 22.30710143300821002, 25.00000000000000355, -5.977169814453707097 ) ) ;
#1280 = DIRECTION ( 'NONE',  ( 0.000000000000000000, 0.000000000000000000, -1.000000000000000000 ) ) ;
#1281 = CARTESIAN_POINT ( 'NONE',  ( -3.752876315504598548, 19.00000000000000355, 18.50592446196978358 ) ) ;
#1282 = AXIS2_PLACEMENT_3D ( 'NONE', #801, #1457, #2128 ) ;
#1283 = CARTESIAN_POINT ( 'NONE',  ( 18.32232155670574869, 24.99999999999998224, 8.894231140885098696 ) ) ;
#1284 = B_SPLINE_CURVE_WITH_KNOTS ( 'NONE', 3,
 ( #868, #2037, #1533, #1622 ),
 .UNSPECIFIED., .F., .F.,
 ( 4, 4 ),
 ( 0.000000000000000000, 0.9999999749999999299 ),
 .UNSPECIFIED. ) ;
#1285 = CARTESIAN_POINT ( 'NONE',  ( 7.518195820034601518, -18.00000000000000711, -18.90846772436412593 ) ) ;
#1286 = ORIENTED_EDGE ( 'NONE', *, *, #280, .F. ) ;
#1287 = UNCERTAINTY_MEASURE_WITH_UNIT (LENGTH_MEASURE( 1.000000000000000082E-05 ), #1020, 'distance_accuracy_value', 'NONE');
#1288 = CARTESIAN_POINT ( 'NONE',  ( 14.00592452285861178, 21.50000000000000000, -3.752875998482791964 ) ) ;
#1289 = CARTESIAN_POINT ( 'NONE',  ( 13.48272866769137046, 8.333333333333325044, 19.18451889719028713 ) ) ;
#1290 = ADVANCED_FACE ( 'NONE', ( #2072 ), #412, .F. ) ;
#1291 = ORIENTED_EDGE ( 'NONE', *, *, #236, .T. ) ;
#1292 = CARTESIAN_POINT ( 'NONE',  ( -15.09057348954083544, -18.00000000000000355, 17.48280075653348931 ) ) ;
#1293 = CARTESIAN_POINT ( 'NONE',  ( 10.87038912896985998, 25.00000000000000000, 5.795595134515380664 ) ) ;
#1294 = CARTESIAN_POINT ( 'NONE',  ( 13.63741438071093626, -17.00000000000014921, 2.453758139829268270 ) ) ;
#1295 = VERTEX_POINT ( 'NONE', #194 ) ;
#1296 = CIRCLE ( 'NONE', #354, 15.00000000000000000 ) ;
#1297 = CARTESIAN_POINT ( 'NONE',  ( -10.99339293402346129, 24.99999999999999289, -5.336538684531062948 ) ) ;
#1298 = CARTESIAN_POINT ( 'NONE',  ( -12.07285094520412017, -17.00000000000000355, 1.891983982019242116 ) ) ;
#1299 = B_SPLINE_SURFACE_WITH_KNOTS ( 'NONE', 3, 3, ( 
 ( #620, #903, #75, #251 ),
 ( #735, #1080, #100, #444 ),
 ( #593, #405, #1614, #1391 ),
 ( #568, #1930, #2102, #786 ) ),
 .UNSPECIFIED., .F., .F., .F.,
 ( 4, 4 ),
 ( 4, 4 ),
 ( -0.02309401076758503882, 0.000000000000000000 ),
 ( -0.05000000000000000278, 0.000000000000000000 ),
 .UNSPECIFIED. ) ;
#1300 = ORIENTED_EDGE ( 'NONE', *, *, #2079, .T. ) ;
#1301 = CARTESIAN_POINT ( 'NONE',  ( -5.977169814453677787, 25.00000000000000000, 22.30710143300822068 ) ) ;
#1302 = CARTESIAN_POINT ( 'NONE',  ( -5.795594861430365619, 25.00000000000000000, -10.87038920214276594 ) ) ;
#1303 = EDGE_CURVE ( 'NONE', #35, #956, #863, .T. ) ;
#1304 = DIRECTION ( 'NONE',  ( 0.000000000000000000, 1.000000000000000000, 0.000000000000000000 ) ) ;
#1305 = CARTESIAN_POINT ( 'NONE',  ( 7.595262531653887983, 18.00000000000000355, -21.81021964816271463 ) ) ;
#1306 = EDGE_CURVE ( 'NONE', #651, #995, #1319, .T. ) ;
#1307 = CARTESIAN_POINT ( 'NONE',  ( -20.44773626902677677, -18.00000000000000000, -6.908874769527519888 ) ) ;
#1308 = CIRCLE ( 'NONE', #1169, 4.500000000000002665 ) ;
#1309 = ADVANCED_FACE ( 'NONE', ( #1028 ), #1067, .F. ) ;
#1310 = CARTESIAN_POINT ( 'NONE',  ( 12.05379856639164338, 10.99999999999999822, 2.665083467853453403 ) ) ;
#1311 = EDGE_LOOP ( 'NONE', ( #1386, #1443, #1779, #616 ) ) ;
#1312 = VECTOR ( 'NONE', #1951, 1000.000000000000114 ) ;
#1313 = SHAPE_REPRESENTATION_RELATIONSHIP ( 'NONE' , 'NONE' ,  #1769, #2064 ) ;
#1314 = DIRECTION ( 'NONE',  ( -0.000000000000000000, -1.000000000000000000, -0.000000000000000000 ) ) ;
#1315 = CARTESIAN_POINT ( 'NONE',  ( 9.163566713815200160, 18.99999999999998934, 10.39407259366235436 ) ) ;
#1316 = CARTESIAN_POINT ( 'NONE',  ( -3.752876315504598548, 25.00000000000000000, 14.00592446196978713 ) ) ;
#1317 = DIRECTION ( 'NONE',  ( 0.000000000000000000, -7.152980039235552631E-17, 1.000000000000000000 ) ) ;
#1318 = VERTEX_POINT ( 'NONE', #624 ) ;
#1319 = CIRCLE ( 'NONE', #429, 4.500000000000001776 ) ;
#1320 = B_SPLINE_CURVE_WITH_KNOTS ( 'NONE', 3,
 ( #1403, #1714, #239, #744 ),
 .UNSPECIFIED., .F., .F.,
 ( 4, 4 ),
 ( 0.000000000000000000, 0.004871055314747967276 ),
 .UNSPECIFIED. ) ;
#1321 = CARTESIAN_POINT ( 'NONE',  ( 10.20363219684882239, 11.00000000000005684, 6.950883619637239441 ) ) ;
#1322 = CARTESIAN_POINT ( 'NONE',  ( 3.752876309490283724, 21.50000000000000000, -14.00592443952440291 ) ) ;
#1323 = ORIENTED_EDGE ( 'NONE', *, *, #1022, .T. ) ;
#1324 = B_SPLINE_CURVE_WITH_KNOTS ( 'NONE', 3,
 ( #1139, #495, #1971, #16 ),
 .UNSPECIFIED., .F., .F.,
 ( 4, 4 ),
 ( 0.01967833441667811434, 0.02309491276326579301 ),
 .UNSPECIFIED. ) ;
#1325 = APPLICATION_CONTEXT ( 'automotive_design' ) ;
#1326 = CARTESIAN_POINT ( 'NONE',  ( -5.658360895298551796, -8.333333333333357018, 19.83371569842357474 ) ) ;
#1327 = EDGE_LOOP ( 'NONE', ( #1722, #478, #545, #1512 ) ) ;
#1328 = LINE ( 'NONE', #134, #1659 ) ;
#1329 = CARTESIAN_POINT ( 'NONE',  ( 12.36586460847203206, 22.99975195081902513, 0.4380195329558359552 ) ) ;
#1330 = CARTESIAN_POINT ( 'NONE',  ( 0.4160619574486478234, 25.00000000000000000, 12.31183069942132491 ) ) ;
#1331 = ORIENTED_EDGE ( 'NONE', *, *, #1517, .F. ) ;
#1332 = EDGE_CURVE ( 'NONE', #1767, #61, #1523, .T. ) ;
#1333 = ORIENTED_EDGE ( 'NONE', *, *, #1885, .T. ) ;
#1334 = CARTESIAN_POINT ( 'NONE',  ( -11.12145789177939470, 11.00000000000003908, 5.361162883525271816 ) ) ;
#1335 = EDGE_CURVE ( 'NONE', #855, #865, #1819, .T. ) ;
#1336 = LINE ( 'NONE', #1961, #641 ) ;
#1337 = VERTEX_POINT ( 'NONE', #602 ) ;
#1338 = LINE ( 'NONE', #1982, #709 ) ;
#1339 = CYLINDRICAL_SURFACE ( 'NONE', #1515, 4.500000000000002665 ) ;
#1340 = FACE_OUTER_BOUND ( 'NONE', #318, .T. ) ;
#1341 = CARTESIAN_POINT ( 'NONE',  ( -14.00592453234428447, 19.00000000000000355, 3.752876007968416250 ) ) ;
#1342 = ORIENTED_EDGE ( 'NONE', *, *, #631, .F. ) ;
#1343 = CARTESIAN_POINT ( 'NONE',  ( -0.3731063106117289419, 21.00018986479593863, -12.20918744828252933 ) ) ;
#1344 = VERTEX_POINT ( 'NONE', #1938 ) ;
#1345 = AXIS2_PLACEMENT_3D ( 'NONE', #1211, #528, #687 ) ;
#1346 = AXIS2_PLACEMENT_3D ( 'NONE', #1171, #141, #971 ) ;
#1347 = CARTESIAN_POINT ( 'NONE',  ( -23.35564505819506920, 8.333333333333291293, 2.084126089958302508 ) ) ;
#1348 = VERTEX_POINT ( 'NONE', #800 ) ;
#1349 = DIRECTION ( 'NONE',  ( 0.000000000000000000, 0.000000000000000000, 1.000000000000000000 ) ) ;
#1350 = DIRECTION ( 'NONE',  ( 0.8474568401986900534, 0.000000000000000000, 0.5308642990449178312 ) ) ;
#1351 = CARTESIAN_POINT ( 'NONE',  ( -19.08297922681794390, 11.99130865597784812, -6.053963042802951833 ) ) ;
#1352 =( REPRESENTATION_RELATIONSHIP ('NONE','NONE', #791, #1769 ) REPRESENTATION_RELATIONSHIP_WITH_TRANSFORMATION ( #1568 )SHAPE_REPRESENTATION_RELATIONSHIP( ) );
#1353 = CARTESIAN_POINT ( 'NONE',  ( -16.32993143266201841, 25.00000000000000355, -16.32993166836426369 ) ) ;
#1354 = AXIS2_PLACEMENT_3D ( 'NONE', #216, #1915, #723 ) ;
#1355 = ADVANCED_FACE ( 'NONE', ( #437 ), #2123, .F. ) ;
#1356 = DIRECTION ( 'NONE',  ( 2.317862832147734131E-17, 1.000000000000000000, 7.152980039235552631E-17 ) ) ;
#1357 = ORIENTED_EDGE ( 'NONE', *, *, #1720, .F. ) ;
#1358 = CARTESIAN_POINT ( 'NONE',  ( 22.30710143300821002, -25.00000000000000355, 5.977169814453699104 ) ) ;
#1359 = EDGE_CURVE ( 'NONE', #725, #842, #167, .T. ) ;
#1360 = CARTESIAN_POINT ( 'NONE',  ( -8.894231140885128895, -25.00000000000001421, 18.32232155670575935 ) ) ;
#1361 = B_SPLINE_CURVE_WITH_KNOTS ( 'NONE', 3,
 ( #1854, #1876, #1054, #373 ),
 .UNSPECIFIED., .F., .F.,
 ( 4, 4 ),
 ( 0.000000000000000000, 0.001852344156435732766 ),
 .UNSPECIFIED. ) ;
#1362 = DIRECTION ( 'NONE',  ( -0.2588190451025211836, 7.152980039235550166E-17, 0.9659258262890680902 ) ) ;
#1363 = FILL_AREA_STYLE ('',( #157 ) ) ;
#1364 = ORIENTED_EDGE ( 'NONE', *, *, #395, .T. ) ;
#1365 = DIRECTION ( 'NONE',  ( 0.000000000000000000, 0.000000000000000000, 1.000000000000000000 ) ) ;
#1366 = CIRCLE ( 'NONE', #1435, 2.000000000000000000 ) ;
#1367 = DIRECTION ( 'NONE',  ( 2.317862832147734131E-17, 1.000000000000000000, 7.152980039235552631E-17 ) ) ;
#1368 = DIRECTION ( 'NONE',  ( 2.317862832147734131E-17, 1.000000000000000000, 7.152980039235552631E-17 ) ) ;
#1369 = EDGE_CURVE ( 'NONE', #381, #1318, #398, .T. ) ;
#1370 = DIRECTION ( 'NONE',  ( 0.000000000000000000, -7.152980039235552631E-17, 1.000000000000000000 ) ) ;
#1371 = CARTESIAN_POINT ( 'NONE',  ( 15.69560276989324166, 18.00000000000000000, 15.73205210002321586 ) ) ;
#1372 = ORIENTED_EDGE ( 'NONE', *, *, #556, .F. ) ;
#1373 = CARTESIAN_POINT ( 'NONE',  ( 4.898587196589412829E-16, -2.500000000000000000, 4.000000000000000000 ) ) ;
#1374 = AXIS2_PLACEMENT_3D ( 'NONE', #1235, #2106, #1782 ) ;
#1375 = CARTESIAN_POINT ( 'NONE',  ( 22.45389796364798585, -22.66666666666678864, 5.432143731045548485 ) ) ;
#1376 = CARTESIAN_POINT ( 'NONE',  ( 20.44773626902678743, -18.00000000000000000, 6.908874769527519888 ) ) ;
#1377 = CARTESIAN_POINT ( 'NONE',  ( 0.000000000000000000, -2.500000000000000000, 0.000000000000000000 ) ) ;
#1378 = FACE_OUTER_BOUND ( 'NONE', #1882, .T. ) ;
#1379 = ADVANCED_FACE ( 'NONE', ( #1086 ), #923, .F. ) ;
#1380 = ORIENTED_EDGE ( 'NONE', *, *, #765, .T. ) ;
#1381 = ORIENTED_EDGE ( 'NONE', *, *, #1791, .T. ) ;
#1382 = CARTESIAN_POINT ( 'NONE',  ( -22.68583554325434193, 17.99999999999999645, 4.327419523256975431 ) ) ;
#1383 = B_SPLINE_CURVE_WITH_KNOTS ( 'NONE', 3,
 ( #2008, #154, #1005, #344, #1823, #1973 ),
 .UNSPECIFIED., .F., .F.,
 ( 4, 2, 4 ),
 ( 3.469446951953613804E-18, 0.01803782144187352637, 0.03607564288374704581 ),
 .UNSPECIFIED. ) ;
#1384 = CARTESIAN_POINT ( 'NONE',  ( -14.34732032120956902, 8.333333333333291293, 14.81714092139918648 ) ) ;
#1385 = CARTESIAN_POINT ( 'NONE',  ( 5.658360288780883707, 8.333333333333314386, 19.83371433509983461 ) ) ;
#1386 = ORIENTED_EDGE ( 'NONE', *, *, #1610, .T. ) ;
#1387 = FACE_OUTER_BOUND ( 'NONE', #1311, .T. ) ;
#1388 = CARTESIAN_POINT ( 'NONE',  ( 8.894231140885132447, 25.00000000000000000, 18.32232155670574869 ) ) ;
#1389 = ORIENTED_EDGE ( 'NONE', *, *, #1462, .T. ) ;
#1390 = ADVANCED_FACE ( 'NONE', ( #1746 ), #93, .T. ) ;
#1391 = CARTESIAN_POINT ( 'NONE',  ( -18.32232155670575935, 25.00000000000001421, -8.894231140885114684 ) ) ;
#1392 = B_SPLINE_CURVE_WITH_KNOTS ( 'NONE', 3,
 ( #826, #1983, #1129, #1549 ),
 .UNSPECIFIED., .F., .F.,
 ( 4, 4 ),
 ( -0.03599999999999998340, 0.000000000000000000 ),
 .UNSPECIFIED. ) ;
#1393 = CARTESIAN_POINT ( 'NONE',  ( 14.00592453929131231, 19.00000000000000355, 0.7471240179499766265 ) ) ;
#1394 = EDGE_CURVE ( 'NONE', #734, #820, #1258, .T. ) ;
#1395 = DIRECTION ( 'NONE',  ( 0.000000000000000000, -7.152980039235552631E-17, 1.000000000000000000 ) ) ;
#1396 = EDGE_LOOP ( 'NONE', ( #1715, #189, #1820, #1737 ) ) ;
#1397 = AXIS2_PLACEMENT_3D ( 'NONE', #17, #677, #1869 ) ;
#1398 = PRODUCT_DEFINITION_SHAPE ( 'NONE', 'NONE',  #1941 ) ;
#1399 = DIRECTION ( 'NONE',  ( 0.000000000000000000, -0.000000000000000000, 1.000000000000000000 ) ) ;
#1400 = PLANE ( 'NONE',  #590 ) ;
#1401 = CONTEXT_DEPENDENT_SHAPE_REPRESENTATION ( #2035, #627 ) ;
#1402 = ORIENTED_EDGE ( 'NONE', *, *, #149, .F. ) ;
#1403 = CARTESIAN_POINT ( 'NONE',  ( 4.419747557983605191, 18.99999999999999645, -13.13291786026862518 ) ) ;
#1404 = EDGE_LOOP ( 'NONE', ( #870, #240, #1057, #527 ) ) ;
#1405 = CARTESIAN_POINT ( 'NONE',  ( 10.25304822031320207, 19.00000000000000355, 10.25304846696056593 ) ) ;
#1406 = CARTESIAN_POINT ( 'NONE',  ( 6.522574335100626897, 22.66666666666689522, -22.16171753058788596 ) ) ;
#1407 = LINE ( 'NONE', #1932, #564 ) ;
#1408 = APPLICATION_CONTEXT ( 'automotive_design' ) ;
#1409 = ORIENTED_EDGE ( 'NONE', *, *, #219, .T. ) ;
#1410 = DIRECTION ( 'NONE',  ( 0.000000000000000000, -0.000000000000000000, 1.000000000000000000 ) ) ;
#1411 = DIRECTION ( 'NONE',  ( 2.317862832147734131E-17, 1.000000000000000000, 7.152980039235552631E-17 ) ) ;
#1412 = CARTESIAN_POINT ( 'NONE',  ( 1.458530663215721557, -25.00000000000000355, -20.31471149485698646 ) ) ;
#1413 = CONTEXT_DEPENDENT_SHAPE_REPRESENTATION ( #388, #1142 ) ;
#1414 = ORIENTED_EDGE ( 'NONE', *, *, #1498, .T. ) ;
#1415 = CARTESIAN_POINT ( 'NONE',  ( -0.04196522011891591630, -18.00000000000000000, -20.34905620378100366 ) ) ;
#1416 = VERTEX_POINT ( 'NONE', #1759 ) ;
#1417 = AXIS2_PLACEMENT_3D ( 'NONE', #1624, #798, #1410 ) ;
#1418 = CARTESIAN_POINT ( 'NONE',  ( -22.68583632923021653, -18.00000000000001066, -4.327419621351607404 ) ) ;
#1419 = CARTESIAN_POINT ( 'NONE',  ( -13.99874250193664871, -2.999999999999662492, -0.4544252108962076875 ) ) ;
#1420 = CYLINDRICAL_SURFACE ( 'NONE', #785, 4.500000000000001776 ) ;
#1421 = CIRCLE ( 'NONE', #517, 4.500000000000001776 ) ;
#1422 = B_SPLINE_CURVE_WITH_KNOTS ( 'NONE', 3,
 ( #205, #1064, #1216, #2062 ),
 .UNSPECIFIED., .F., .F.,
 ( 4, 4 ),
 ( 0.000000000000000000, 0.006003250809211466837 ),
 .UNSPECIFIED. ) ;
#1423 = EDGE_LOOP ( 'NONE', ( #947, #919, #657, #1063 ) ) ;
#1424 = DIRECTION ( 'NONE',  ( 0.000000000000000000, 0.000000000000000000, 1.000000000000000000 ) ) ;
#1425 = EDGE_CURVE ( 'NONE', #1458, #498, #271, .T. ) ;
#1426 = DIRECTION ( 'NONE',  ( -0.000000000000000000, 1.000000000000000000, 0.000000000000000000 ) ) ;
#1427 = CARTESIAN_POINT ( 'NONE',  ( 10.45432718050860821, 25.00000000000000000, -6.516235567968537090 ) ) ;
#1428 = CARTESIAN_POINT ( 'NONE',  ( 13.92740573677149030, 7.000000000000047962, -1.031942506237835344 ) ) ;
#1429 = ORIENTED_EDGE ( 'NONE', *, *, #265, .F. ) ;
#1430 = CARTESIAN_POINT ( 'NONE',  ( 23.35564808043524820, -8.333333333333456494, 2.084126361538167771 ) ) ;
#1431 = CARTESIAN_POINT ( 'NONE',  ( 10.25304822031320207, 25.00000000000000000, 14.75304846789697955 ) ) ;
#1432 = CARTESIAN_POINT ( 'NONE',  ( 5.977169814453683117, -25.00000000000000355, 22.30710143300822068 ) ) ;
#1433 = CARTESIAN_POINT ( 'NONE',  ( -1.236856898022075324, 18.99999999999999289, 12.48960386056750771 ) ) ;
#1434 = CARTESIAN_POINT ( 'NONE',  ( 7.828932910161494618, 25.00000000000000000, -9.141629838315646239 ) ) ;
#1435 = AXIS2_PLACEMENT_3D ( 'NONE', #1516, #654, #1833 ) ;
#1436 = EDGE_CURVE ( 'NONE', #187, #298, #182, .T. ) ;
#1437 = CARTESIAN_POINT ( 'NONE',  ( 6.605827474212117245, -2.999999999999660272, 12.35047923316219531 ) ) ;
#1438 = B_SPLINE_SURFACE_WITH_KNOTS ( 'NONE', 3, 3, ( 
 ( #811, #1419, #1591, #917 ),
 ( #1576, #88, #2078, #2068 ),
 ( #1967, #648, #958, #1297 ),
 ( #1752, #140, #418, #1633 ) ),
 .UNSPECIFIED., .F., .F., .F.,
 ( 4, 4 ),
 ( 4, 4 ),
 ( -0.01847520861406803938, -0.004618802153517009845 ),
 ( -0.04200000000000000261, 0.000000000000000000 ),
 .UNSPECIFIED. ) ;
#1439 = ORIENTED_EDGE ( 'NONE', *, *, #655, .T. ) ;
#1440 = CARTESIAN_POINT ( 'NONE',  ( 23.35564505819506920, 8.333333333333296622, -2.084126089958313610 ) ) ;
#1441 = B_SPLINE_CURVE_WITH_KNOTS ( 'NONE', 3,
 ( #718, #1565, #1056, #876 ),
 .UNSPECIFIED., .F., .F.,
 ( 4, 4 ),
 ( -0.006999999999999689630, 0.000000000000000000 ),
 .UNSPECIFIED. ) ;
#1442 = FACE_OUTER_BOUND ( 'NONE', #535, .T. ) ;
#1443 = ORIENTED_EDGE ( 'NONE', *, *, #304, .T. ) ;
#1444 = CARTESIAN_POINT ( 'NONE',  ( 3.752876322451629054, 19.00000000000000355, -14.00592443605140502 ) ) ;
#1445 = CARTESIAN_POINT ( 'NONE',  ( -0.1478855129501527865, -16.99999999999999645, -12.21930698560245609 ) ) ;
#1446 = CARTESIAN_POINT ( 'NONE',  ( 13.48273041400649319, -8.333333333333417414, -19.18452137873709162 ) ) ;
#1447 = AXIS2_PLACEMENT_3D ( 'NONE', #2046, #1036, #1349 ) ;
#1448 = AXIS2_PLACEMENT_3D ( 'NONE', #536, #1012, #726 ) ;
#1449 = DIRECTION ( 'NONE',  ( 2.317862832147734131E-17, 1.000000000000000000, 7.152980039235552631E-17 ) ) ;
#1450 = ORIENTED_EDGE ( 'NONE', *, *, #768, .T. ) ;
#1451 = ADVANCED_FACE ( 'NONE', ( #302 ), #688, .T. ) ;
#1452 = PLANE ( 'NONE',  #2012 ) ;
#1453 = CARTESIAN_POINT ( 'NONE',  ( -5.977169950536442400, 25.00000000000000355, 22.30710129692546317 ) ) ;
#1454 = CARTESIAN_POINT ( 'NONE',  ( -9.141630029297020954, 25.00000000000000000, 7.828932719180132338 ) ) ;
#1455 = AXIS2_PLACEMENT_3D ( 'NONE', #1050, #2048, #1723 ) ;
#1456 = CARTESIAN_POINT ( 'NONE',  ( 0.000000000000000000, 2.500000000000000000, 0.000000000000000000 ) ) ;
#1457 = DIRECTION ( 'NONE',  ( 2.317862832147734131E-17, 1.000000000000000000, 7.152980039235552631E-17 ) ) ;
#1458 = VERTEX_POINT ( 'NONE', #849 ) ;
#1459 = CARTESIAN_POINT ( 'NONE',  ( 11.75115004683072684, -18.00000000000000355, 16.97658034635120927 ) ) ;
#1460 = EDGE_CURVE ( 'NONE', #820, #752, #1787, .T. ) ;
#1461 = ORIENTED_EDGE ( 'NONE', *, *, #1844, .T. ) ;
#1462 = EDGE_CURVE ( 'NONE', #1295, #1862, #1383, .T. ) ;
#1463 = CARTESIAN_POINT ( 'NONE',  ( 2.121914890634547302, -8.333333333333362347, 20.52117731708038306 ) ) ;
#1464 = CARTESIAN_POINT ( 'NONE',  ( -7.595262531653895977, 18.00000000000000355, 21.81021964816269687 ) ) ;
#1465 = FACE_OUTER_BOUND ( 'NONE', #67, .T. ) ;
#1466 = CARTESIAN_POINT ( 'NONE',  ( 12.50893069461500318, 18.99999999999999289, -3.956097516113283419 ) ) ;
#1467 = CARTESIAN_POINT ( 'NONE',  ( -9.672623203908543132, -18.00000000000000000, -19.39185620556392209 ) ) ;
#1468 = CYLINDRICAL_SURFACE ( 'NONE', #803, 4.500000000000000888 ) ;
#1469 = ORIENTED_EDGE ( 'NONE', *, *, #1303, .F. ) ;
#1470 = CARTESIAN_POINT ( 'NONE',  ( 5.813708889812333247, 20.99974771737312551, 10.99309735617167405 ) ) ;
#1471 = ORIENTED_EDGE ( 'NONE', *, *, #336, .T. ) ;
#1472 = CARTESIAN_POINT ( 'NONE',  ( 13.48273041400649319, -8.333333333333417414, -19.18452137873709162 ) ) ;
#1473 = VERTEX_POINT ( 'NONE', #144 ) ;
#1474 = CARTESIAN_POINT ( 'NONE',  ( 19.06033087857446873, 17.99999999999999645, 6.039775654201563704 ) ) ;
#1475 = DIRECTION ( 'NONE',  ( 2.317862832147734131E-17, 1.000000000000000000, 7.152980039235552631E-17 ) ) ;
#1476 = CARTESIAN_POINT ( 'NONE',  ( -10.36071329777523609, 19.00000000000000355, 6.391518661942535928 ) ) ;
#1477 = VECTOR ( 'NONE', #1781, 1000.000000000000114 ) ;
#1478 = MANIFOLD_SOLID_BREP ( 'Cut-Extrude2', #1649 ) ;
#1479 = ORIENTED_EDGE ( 'NONE', *, *, #6, .T. ) ;
#1480 = PRESENTATION_STYLE_ASSIGNMENT (( #819 ) ) ;
#1481 = VERTEX_POINT ( 'NONE', #1802 ) ;
#1482 = CARTESIAN_POINT ( 'NONE',  ( 0.000000000000000000, 0.000000000000000000, 0.000000000000000000 ) ) ;
#1483 = ORIENTED_EDGE ( 'NONE', *, *, #2050, .T. ) ;
#1484 = CARTESIAN_POINT ( 'NONE',  ( 18.83281697854391368, 8.333333333333325044, -8.422955872573989922 ) ) ;
#1485 = ORIENTED_EDGE ( 'NONE', *, *, #1543, .F. ) ;
#1486 = CARTESIAN_POINT ( 'NONE',  ( -7.518195820034607735, -18.00000000000000711, 18.90846772436413659 ) ) ;
#1487 = EDGE_CURVE ( 'NONE', #179, #1988, #375, .T. ) ;
#1488 = LINE ( 'NONE', #1508, #1180 ) ;
#1489 = ORIENTED_EDGE ( 'NONE', *, *, #975, .T. ) ;
#1490 = LINE ( 'NONE', #854, #1058 ) ;
#1491 = VERTEX_POINT ( 'NONE', #1996 ) ;
#1492 = FACE_OUTER_BOUND ( 'NONE', #922, .T. ) ;
#1493 = EDGE_LOOP ( 'NONE', ( #19, #1851, #1019, #268 ) ) ;
#1494 = CARTESIAN_POINT ( 'NONE',  ( -14.00592453234428447, 19.00000000000000355, -0.7471239920315833061 ) ) ;
#1495 = CARTESIAN_POINT ( 'NONE',  ( 10.38691334308093417, 21.00018986479672378, -6.427713258088937565 ) ) ;
#1496 = DIRECTION ( 'NONE',  ( -0.000000000000000000, -1.000000000000000000, -0.000000000000000000 ) ) ;
#1497 = CARTESIAN_POINT ( 'NONE',  ( 0.000000000000000000, -2.500000000000000000, 0.000000000000000000 ) ) ;
#1498 = EDGE_CURVE ( 'NONE', #1051, #1814, #1124, .T. ) ;
#1499 = ORIENTED_EDGE ( 'NONE', *, *, #1487, .F. ) ;
#1500 = CARTESIAN_POINT ( 'NONE',  ( -16.32993143266201841, 25.00000000000000355, -16.32993166836426369 ) ) ;
#1501 = AXIS2_PLACEMENT_3D ( 'NONE', #797, #1741, #267 ) ;
#1502 = EDGE_CURVE ( 'NONE', #187, #1561, #1366, .T. ) ;
#1503 = CYLINDRICAL_SURFACE ( 'NONE', #1236, 4.500000000936412725 ) ;
#1504 = ORIENTED_EDGE ( 'NONE', *, *, #1394, .F. ) ;
#1505 = CARTESIAN_POINT ( 'NONE',  ( -22.30710143300821002, -25.00000000000000000, -5.977169814453696439 ) ) ;
#1506 = CARTESIAN_POINT ( 'NONE',  ( 0.04196520047716637003, 17.99999999999999289, -20.34905582151258585 ) ) ;
#1507 = CARTESIAN_POINT ( 'NONE',  ( 9.330528074123778381, -18.00000000000000000, 11.74483911588353813 ) ) ;
#1508 = CARTESIAN_POINT ( 'NONE',  ( -9.330528074123767723, -18.00000000000000000, -11.74483911588354523 ) ) ;
#1509 = ORIENTED_EDGE ( 'NONE', *, *, #84, .F. ) ;
#1510 = EDGE_LOOP ( 'NONE', ( #269, #1242, #1364, #659, #8, #2129, #2011, #1138 ) ) ;
#1511 =( NAMED_UNIT ( * ) PLANE_ANGLE_UNIT ( ) SI_UNIT ( $, .RADIAN. ) );
#1512 = ORIENTED_EDGE ( 'NONE', *, *, #684, .T. ) ;
#1513 = PRODUCT_CONTEXT ( 'NONE', #1100, 'mechanical' ) ;
#1514 = ORIENTED_EDGE ( 'NONE', *, *, #1075, .T. ) ;
#1515 = AXIS2_PLACEMENT_3D ( 'NONE', #484, #5, #653 ) ;
#1516 = CARTESIAN_POINT ( 'NONE',  ( 0.000000000000000000, 2.500000000000000000, 0.000000000000000000 ) ) ;
#1517 = EDGE_CURVE ( 'NONE', #1170, #572, #1864, .T. ) ;
#1518 = DIRECTION ( 'NONE',  ( 2.317862832147734131E-17, 1.000000000000000000, 7.152980039235552631E-17 ) ) ;
#1519 = ORIENTED_EDGE ( 'NONE', *, *, #1619, .T. ) ;
#1520 = CARTESIAN_POINT ( 'NONE',  ( 22.30710143300821002, -25.00000000000000355, 5.977169814453699104 ) ) ;
#1521 = DIRECTION ( 'NONE',  ( 0.6454576877239507349, 1.602468905319636405E-14, -0.7637960286346421324 ) ) ;
#1522 = DIRECTION ( 'NONE',  ( -0.000000000000000000, 1.000000000000000000, -0.000000000000000000 ) ) ;
#1523 = B_SPLINE_CURVE_WITH_KNOTS ( 'NONE', 3,
 ( #1427, #589, #1434, #2098 ),
 .UNSPECIFIED., .F., .F.,
 ( 4, 4 ),
 ( 0.2990351039363042807, 0.7009648749348651453 ),
 .UNSPECIFIED. ) ;
#1524 = CARTESIAN_POINT ( 'NONE',  ( -15.09057301160046016, 17.99999999999999645, -17.48280012490572588 ) ) ;
#1525 = ORIENTED_EDGE ( 'NONE', *, *, #1974, .F. ) ;
#1526 = AXIS2_PLACEMENT_3D ( 'NONE', #1497, #656, #487 ) ;
#1527 = B_SPLINE_CURVE_WITH_KNOTS ( 'NONE', 3,
 ( #1500, #1155, #186, #165 ),
 .UNSPECIFIED., .F., .F.,
 ( 4, 4 ),
 ( 0.000000000000000000, 0.9999999749999999299 ),
 .UNSPECIFIED. ) ;
#1528 = ORIENTED_EDGE ( 'NONE', *, *, #20, .T. ) ;
#1529 = CARTESIAN_POINT ( 'NONE',  ( 9.330528074123774829, -18.00000000000000000, 11.74483911588353990 ) ) ;
#1530 = ADVANCED_FACE ( 'NONE', ( #1340 ), #838, .T. ) ;
#1531 = B_SPLINE_CURVE_WITH_KNOTS ( 'NONE', 3,
 ( #1432, #610, #2104, #1923 ),
 .UNSPECIFIED., .F., .F.,
 ( 4, 4 ),
 ( -0.05000000000000001665, -0.04300000000000032963 ),
 .UNSPECIFIED. ) ;
#1532 = CARTESIAN_POINT ( 'NONE',  ( 16.86379089349006222, -25.00000000000001776, 11.42048035397187000 ) ) ;
#1533 = CARTESIAN_POINT ( 'NONE',  ( 1.458530663215722667, -25.00000000000000000, -20.31471149485698291 ) ) ;
#1534 = CARTESIAN_POINT ( 'NONE',  ( 9.688902699366960106E-17, -25.00000000000000000, 1.877288799930727758E-15 ) ) ;
#1535 = VERTEX_POINT ( 'NONE', #222 ) ;
#1536 = CARTESIAN_POINT ( 'NONE',  ( -14.00592453234428447, 25.00000000000000000, 8.252876007968417582 ) ) ;
#1537 = ORIENTED_EDGE ( 'NONE', *, *, #1993, .F. ) ;
#1538 = SHAPE_REPRESENTATION ( 'KAPSUL_ALTIGEN_CAP30MM_UZUNLUK50MM_90DERECE_BURKULMUS', ( #927 ), #652 ) ;
#1539 = ORIENTED_EDGE ( 'NONE', *, *, #372, .T. ) ;
#1540 = CARTESIAN_POINT ( 'NONE',  ( -7.614459177219687014, -4.999999999999715783, 11.70854176561601356 ) ) ;
#1541 = DIRECTION ( 'NONE',  ( 2.317862832147734131E-17, 1.000000000000000000, 7.152980039235552631E-17 ) ) ;
#1542 = CARTESIAN_POINT ( 'NONE',  ( 19.08297922681795811, 11.99130865597784457, 6.053963042802949168 ) ) ;
#1543 = EDGE_CURVE ( 'NONE', #1337, #273, #1441, .T. ) ;
#1544 = CARTESIAN_POINT ( 'NONE',  ( 13.48273041400649319, -8.333333333333417414, -19.18452137873709162 ) ) ;
#1545 = CARTESIAN_POINT ( 'NONE',  ( 15.09057301160046727, 18.00000000000000000, 17.48280012490573654 ) ) ;
#1546 = VERTEX_POINT ( 'NONE', #2057 ) ;
#1547 = ORIENTED_EDGE ( 'NONE', *, *, #238, .T. ) ;
#1548 = CARTESIAN_POINT ( 'NONE',  ( -23.35564808043526241, -8.333333333333468929, -2.084126361538174432 ) ) ;
#1549 = CARTESIAN_POINT ( 'NONE',  ( -13.63741438071094514, -17.00000000000002842, -2.453758139829274487 ) ) ;
#1550 =( GEOMETRIC_REPRESENTATION_CONTEXT ( 3 ) GLOBAL_UNCERTAINTY_ASSIGNED_CONTEXT ( ( #1287 ) ) GLOBAL_UNIT_ASSIGNED_CONTEXT ( ( #1020, #348, #843 ) ) REPRESENTATION_CONTEXT ( 'NONE', 'WORKASPACE' ) );
#1551 = CARTESIAN_POINT ( 'NONE',  ( -5.977169814453677787, 25.00000000000000000, 22.30710143300822068 ) ) ;
#1552 = CARTESIAN_POINT ( 'NONE',  ( -4.002417227847510972, 25.00000000000000000, -11.35086970094684489 ) ) ;
#1553 = ORIENTED_EDGE ( 'NONE', *, *, #55, .F. ) ;
#1554 = CARTESIAN_POINT ( 'NONE',  ( 4.898587196589412829E-16, 2.500000000000000000, 4.000000000000000000 ) ) ;
#1555 = ITEM_DEFINED_TRANSFORMATION ( 'NONE', 'NONE', #509,  #927 ) ;
#1556 = EDGE_CURVE ( 'NONE', #49, #1226, #390, .T. ) ;
#1557 = ORIENTED_EDGE ( 'NONE', *, *, #916, .T. ) ;
#1558 = B_SPLINE_CURVE_WITH_KNOTS ( 'NONE', 3,
 ( #986, #1668, #1842, #4 ),
 .UNSPECIFIED., .F., .F.,
 ( 4, 4 ),
 ( 1.734723475976807094E-18, 0.004871055301544220152 ),
 .UNSPECIFIED. ) ;
#1559 = CARTESIAN_POINT ( 'NONE',  ( 16.32993161855453934, 25.00000000000000355, 16.32993161855451447 ) ) ;
#1560 = ORIENTED_EDGE ( 'NONE', *, *, #469, .F. ) ;
#1561 = VERTEX_POINT ( 'NONE', #377 ) ;
#1562 = CIRCLE ( 'NONE', #934, 4.000000000000000000 ) ;
#1563 = CARTESIAN_POINT ( 'NONE',  ( -20.44773626902677677, -18.00000000000000000, -6.908874769527519888 ) ) ;
#1564 = CARTESIAN_POINT ( 'NONE',  ( 5.795594863756134529, 25.00000000000000000, 10.87038920151958088 ) ) ;
#1565 = CARTESIAN_POINT ( 'NONE',  ( 15.51776807002960368, -20.33333333333356308, -17.11411561483089017 ) ) ;
#1566 = ORIENTED_EDGE ( 'NONE', *, *, #703, .T. ) ;
#1567 = CARTESIAN_POINT ( 'NONE',  ( 9.872916390503716499, 8.333333333333333925, -21.26864498714860829 ) ) ;
#1568 = ITEM_DEFINED_TRANSFORMATION ( 'NONE', 'NONE', #1203,  #927 ) ;
#1569 = VERTEX_POINT ( 'NONE', #396 ) ;
#1570 = CARTESIAN_POINT ( 'NONE',  ( -6.516235757371223514, 25.00000000000000000, 10.45432699110591912 ) ) ;
#1571 = ORIENTED_EDGE ( 'NONE', *, *, #1954, .F. ) ;
#1572 = B_SPLINE_CURVE_WITH_KNOTS ( 'NONE', 3,
 ( #202, #1542, #1046, #54, #1721, #1376 ),
 .UNSPECIFIED., .F., .F.,
 ( 4, 2, 4 ),
 ( 0.000000000000000000, 0.01802245883888557720, 0.03604491767777115441 ),
 .UNSPECIFIED. ) ;
#1573 = PRODUCT_DEFINITION ( 'BİLİNMEY', '', #1803, #47 ) ;
#1574 = DIRECTION ( 'NONE',  ( 0.000000000000000000, 0.000000000000000000, 1.000000000000000000 ) ) ;
#1575 = ADVANCED_FACE ( 'NONE', ( #1193 ), #548, .F. ) ;
#1576 = CARTESIAN_POINT ( 'NONE',  ( -10.65617302264744737, -16.99999999999999289, -5.981580881734693378 ) ) ;
#1577 = CARTESIAN_POINT ( 'NONE',  ( -14.00592453234428447, 25.00000000000000000, 3.752876007968416694 ) ) ;
#1578 = ORIENTED_EDGE ( 'NONE', *, *, #1498, .F. ) ;
#1579 = CIRCLE ( 'NONE', #1157, 4.500000000936412725 ) ;
#1580 = CARTESIAN_POINT ( 'NONE',  ( -17.64378188469608943, 17.99999999999998934, 10.13818498106814836 ) ) ;
#1581 = PRODUCT_DEFINITION_SHAPE ( 'NONE', 'NONE',  #2148 ) ;
#1582 = FACE_OUTER_BOUND ( 'NONE', #2094, .T. ) ;
#1583 = CARTESIAN_POINT ( 'NONE',  ( -10.36071329777523609, 19.00000000000000355, 6.391518661942535928 ) ) ;
#1584 = ORIENTED_EDGE ( 'NONE', *, *, #1749, .F. ) ;
#1585 = CARTESIAN_POINT ( 'NONE',  ( 10.71557417169938020, 19.00000000000000355, 5.776881607612935454 ) ) ;
#1586 = ORIENTED_EDGE ( 'NONE', *, *, #1195, .T. ) ;
#1587 = B_SPLINE_CURVE_WITH_KNOTS ( 'NONE', 3,
 ( #1052, #228, #1704, #1570 ),
 .UNSPECIFIED., .F., .F.,
 ( 4, 4 ),
 ( 0.000000000000000000, 0.006003250809215708236 ),
 .UNSPECIFIED. ) ;
#1588 = ADVANCED_FACE ( 'NONE', ( #364 ), #430, .F. ) ;
#1589 = CARTESIAN_POINT ( 'NONE',  ( 9.872916390503716499, 8.333333333333333925, -21.26864498714860829 ) ) ;
#1590 = EDGE_CURVE ( 'NONE', #891, #361, #552, .T. ) ;
#1591 = CARTESIAN_POINT ( 'NONE',  ( -13.91168213049590463, 10.99999999999997158, 1.624223429895500059 ) ) ;
#1592 = VECTOR ( 'NONE', #321, 1000.000000000000000 ) ;
#1593 = FACE_BOUND ( 'NONE', #255, .T. ) ;
#1594 = ORIENTED_EDGE ( 'NONE', *, *, #554, .T. ) ;
#1595 = CARTESIAN_POINT ( 'NONE',  ( 12.49642170351387449, 19.00000000000000355, 0.4863929630370741330 ) ) ;
#1596 = CARTESIAN_POINT ( 'NONE',  ( 6.669439514681114289, 19.00000000000000355, -10.57902216931951322 ) ) ;
#1597 = ORIENTED_EDGE ( 'NONE', *, *, #502, .T. ) ;
#1598 = AXIS2_PLACEMENT_3D ( 'NONE', #1288, #1818, #658 ) ;
#1599 = CARTESIAN_POINT ( 'NONE',  ( 23.35564505819509407, 8.333333333333310833, -2.084126089958317607 ) ) ;
#1600 = CARTESIAN_POINT ( 'NONE',  ( -2.720806404413569801, -2.999999999999722444, 12.04129888457349473 ) ) ;
#1601 = ORIENTED_EDGE ( 'NONE', *, *, #139, .F. ) ;
#1602 = CARTESIAN_POINT ( 'NONE',  ( -9.586178567122907168, -2.999999999999685141, 7.780296550681330636 ) ) ;
#1603 = ADVANCED_FACE ( 'NONE', ( #77 ), #193, .T. ) ;
#1604 = CARTESIAN_POINT ( 'NONE',  ( -4.693690306520481137, -16.99999999999991829, -13.03722636554553027 ) ) ;
#1605 = MECHANICAL_DESIGN_GEOMETRIC_PRESENTATION_REPRESENTATION (  '', ( #342 ), #660 ) ;
#1606 = ORIENTED_EDGE ( 'NONE', *, *, #1159, .T. ) ;
#1607 = CARTESIAN_POINT ( 'NONE',  ( 0.000000000000000000, 2.500000000000000000, 0.000000000000000000 ) ) ;
#1608 = CARTESIAN_POINT ( 'NONE',  ( -8.894231140885130671, 25.00000000000000000, -18.32232155670574869 ) ) ;
#1609 = CARTESIAN_POINT ( 'NONE',  ( 13.48272866769138822, 8.333333333333341031, 19.18451889719030135 ) ) ;
#1610 = EDGE_CURVE ( 'NONE', #389, #1491, #1572, .T. ) ;
#1611 = CARTESIAN_POINT ( 'NONE',  ( 12.07285094520412372, -17.00000000000002132, -1.891983982019246557 ) ) ;
#1612 = ORIENTED_EDGE ( 'NONE', *, *, #1632, .T. ) ;
#1613 = B_SPLINE_CURVE_WITH_KNOTS ( 'NONE', 3,
 ( #512, #316, #832, #978 ),
 .UNSPECIFIED., .F., .F.,
 ( 4, 4 ),
 ( 0.000000000000000000, 0.9999999749999999299 ),
 .UNSPECIFIED. ) ;
#1614 = CARTESIAN_POINT ( 'NONE',  ( -16.71090224987635864, 8.333333333333300175, -12.09821999195493269 ) ) ;
#1615 = CARTESIAN_POINT ( 'NONE',  ( -10.81168549713780713, 23.00018906517121309, -5.787464873010502053 ) ) ;
#1616 = CARTESIAN_POINT ( 'NONE',  ( -20.26437328819671180, 18.00000000000000000, -2.584214348069636014 ) ) ;
#1617 = CARTESIAN_POINT ( 'NONE',  ( -4.693690306520481137, -16.99999999999991829, -13.03722636554553027 ) ) ;
#1618 = CARTESIAN_POINT ( 'NONE',  ( -16.32993161855453224, 25.00000000000000000, -16.32993161855451092 ) ) ;
#1619 = EDGE_CURVE ( 'NONE', #2074, #427, #663, .T. ) ;
#1620 = CARTESIAN_POINT ( 'NONE',  ( -9.163566713815198383, 18.99999999999999289, -10.39407259366235792 ) ) ;
#1621 = EDGE_LOOP ( 'NONE', ( #1256, #1053, #784, #1158 ) ) ;
#1622 = CARTESIAN_POINT ( 'NONE',  ( -5.977169628561166626, -25.00000000000000355, -22.30710138319846791 ) ) ;
#1623 = ORIENTED_EDGE ( 'NONE', *, *, #136, .T. ) ;
#1624 = CARTESIAN_POINT ( 'NONE',  ( 0.000000000000000000, 18.00000000000000000, -4.313650131537727361E-08 ) ) ;
#1625 = DIRECTION ( 'NONE',  ( 0.000000000000000000, 0.000000000000000000, 1.000000000000000000 ) ) ;
#1626 = CARTESIAN_POINT ( 'NONE',  ( -2.121914890634542417, -8.333333333333365900, -20.52117731708039017 ) ) ;
#1627 = AXIS2_PLACEMENT_3D ( 'NONE', #973, #1895, #874 ) ;
#1628 = CIRCLE ( 'NONE', #101, 4.500000000000000888 ) ;
#1629 = CARTESIAN_POINT ( 'NONE',  ( 14.00592453929131231, 19.00000000000000355, -3.752875982050024817 ) ) ;
#1630 = EDGE_CURVE ( 'NONE', #977, #1697, #1689, .T. ) ;
#1631 = ORIENTED_EDGE ( 'NONE', *, *, #1926, .F. ) ;
#1632 = EDGE_CURVE ( 'NONE', #802, #169, #2043, .T. ) ;
#1633 = CARTESIAN_POINT ( 'NONE',  ( -9.797958971132718631, 25.00000000000000000, -9.797958971132707973 ) ) ;
#1634 = CARTESIAN_POINT ( 'NONE',  ( -8.334929269562865173, 10.99999999999999467, 9.106354036668886209 ) ) ;
#1635 = EDGE_CURVE ( 'NONE', #273, #1940, #1284, .T. ) ;
#1636 = ORIENTED_EDGE ( 'NONE', *, *, #1590, .T. ) ;
#1637 = CARTESIAN_POINT ( 'NONE',  ( -16.86379089349003024, -25.00000000000000000, -11.42048035397187000 ) ) ;
#1638 = B_SPLINE_CURVE_WITH_KNOTS ( 'NONE', 3,
 ( #2059, #378, #731, #2038 ),
 .UNSPECIFIED., .F., .F.,
 ( 4, 4 ),
 ( 0.2990351038836268627, 0.7009648750558017394 ),
 .UNSPECIFIED. ) ;
#1639 = CARTESIAN_POINT ( 'NONE',  ( -6.522574513730163837, -22.66666666666677443, -22.16171791602561214 ) ) ;
#1640 = CARTESIAN_POINT ( 'NONE',  ( 10.36071331189449296, 19.00000000000000355, -6.391518645932380949 ) ) ;
#1641 = CARTESIAN_POINT ( 'NONE',  ( 0.1478855129501588650, -17.00000000000000355, 12.21930698560246320 ) ) ;
#1642 = ORIENTED_EDGE ( 'NONE', *, *, #614, .F. ) ;
#1643 = CARTESIAN_POINT ( 'NONE',  ( -22.68583632923021653, -18.00000000000001066, -4.327419621351607404 ) ) ;
#1644 = ORIENTED_EDGE ( 'NONE', *, *, #814, .T. ) ;
#1645 = CARTESIAN_POINT ( 'NONE',  ( -11.78847393080864236, -2.999999999999716671, 3.664361977285192307 ) ) ;
#1646 = CARTESIAN_POINT ( 'NONE',  ( -15.69560276989323455, 18.00000000000000000, -15.73205210002322652 ) ) ;
#1647 = CARTESIAN_POINT ( 'NONE',  ( 20.26437328819672246, 18.00000000000000355, 2.584214348069636014 ) ) ;
#1648 = CARTESIAN_POINT ( 'NONE',  ( 13.58331427179881246, 18.99999999999999645, -2.738845266606273476 ) ) ;
#1649 = CLOSED_SHELL ( 'NONE', ( #1219, #1669, #1778, #2016, #1575, #1143, #829, #2112, #2020, #1277, #1828, #2109, #1309, #1911, #1692, #1588, #1231, #1355, #603, #968, #224, #618, #2134, #997, #700, #1390, #371, #174, #580, #1275, #1290, #914, #1043, #1603, #2067, #1104, #454, #1860, #1815, #762, #66, #307, #1858, #1451, #1894, #901, #1239, #465 ) ) ;
#1650 = CARTESIAN_POINT ( 'NONE',  ( 3.752876322451629054, 19.00000000000000355, -14.00592443605140502 ) ) ;
#1651 = ORIENTED_EDGE ( 'NONE', *, *, #198, .F. ) ;
#1652 = SURFACE_STYLE_FILL_AREA ( #1363 ) ;
#1653 = CARTESIAN_POINT ( 'NONE',  ( 0.000000000000000000, -18.00000000000000000, 0.000000000000000000 ) ) ;
#1654 = EDGE_CURVE ( 'NONE', #1561, #1348, #529, .T. ) ;
#1655 = EDGE_LOOP ( 'NONE', ( #324, #2001, #262, #936 ) ) ;
#1656 = CARTESIAN_POINT ( 'NONE',  ( -6.516235757371223514, 25.00000000000000000, 10.45432699110591912 ) ) ;
#1657 = SURFACE_STYLE_FILL_AREA ( #508 ) ;
#1658 = CARTESIAN_POINT ( 'NONE',  ( 0.000000000000000000, 18.00000000000000000, 0.000000000000000000 ) ) ;
#1659 = VECTOR ( 'NONE', #1801, 1000.000000000000000 ) ;
#1660 = EDGE_LOOP ( 'NONE', ( #1825, #357, #1867, #1922, #821, #197, #1509, #1651 ) ) ;
#1661 = B_SPLINE_CURVE_WITH_KNOTS ( 'NONE', 3,
 ( #839, #2022, #1164, #690 ),
 .UNSPECIFIED., .F., .F.,
 ( 4, 4 ),
 ( -0.006999999999999997544, 0.000000000000000000 ),
 .UNSPECIFIED. ) ;
#1662 = ORIENTED_EDGE ( 'NONE', *, *, #782, .T. ) ;
#1663 =( NAMED_UNIT ( * ) SI_UNIT ( $, .STERADIAN. ) SOLID_ANGLE_UNIT ( ) );
#1664 = B_SPLINE_CURVE_WITH_KNOTS ( 'NONE', 3,
 ( #582, #1406, #431, #1246 ),
 .UNSPECIFIED., .F., .F.,
 ( 4, 4 ),
 ( -0.05000000000000000278, -0.04300000000000067657 ),
 .UNSPECIFIED. ) ;
#1665 = ORIENTED_EDGE ( 'NONE', *, *, #1006, .T. ) ;
#1666 = CARTESIAN_POINT ( 'NONE',  ( 23.35564505819506920, 8.333333333333296622, -2.084126089958313610 ) ) ;
#1667 = EDGE_LOOP ( 'NONE', ( #1705, #1504, #1560, #592, #1725, #1899, #680 ) ) ;
#1668 = CARTESIAN_POINT ( 'NONE',  ( 9.680546295981258709, 19.00000000000000000, 8.855002998042518669 ) ) ;
#1669 = ADVANCED_FACE ( 'NONE', ( #750 ), #1789, .F. ) ;
#1670 = CARTESIAN_POINT ( 'NONE',  ( -7.062374850732685339, -20.33333333333354886, -21.99583916609610768 ) ) ;
#1671 = AXIS2_PLACEMENT_3D ( 'NONE', #1650, #850, #155 ) ;
#1672 = PLANE ( 'NONE',  #774 ) ;
#1673 = ORIENTED_EDGE ( 'NONE', *, *, #530, .T. ) ;
#1674 =( NAMED_UNIT ( * ) SI_UNIT ( $, .STERADIAN. ) SOLID_ANGLE_UNIT ( ) );
#1675 = ORIENTED_EDGE ( 'NONE', *, *, #1033, .F. ) ;
#1676 = DIRECTION ( 'NONE',  ( -0.8660254037844432595, 0.000000000000000000, -0.4999999999999919509 ) ) ;
#1677 = DIRECTION ( 'NONE',  ( 0.000000000000000000, 0.000000000000000000, 1.000000000000000000 ) ) ;
#1678 = ORIENTED_EDGE ( 'NONE', *, *, #1425, .T. ) ;
#1679 = CARTESIAN_POINT ( 'NONE',  ( -20.00568209392231367, -8.333333333333444060, 5.016573570102765167 ) ) ;
#1680 =( NAMED_UNIT ( * ) PLANE_ANGLE_UNIT ( ) SI_UNIT ( $, .RADIAN. ) );
#1681 = LINE ( 'NONE', #314, #310 ) ;
#1682 = ORIENTED_EDGE ( 'NONE', *, *, #1857, .T. ) ;
#1683 = EDGE_CURVE ( 'NONE', #389, #956, #131, .T. ) ;
#1684 = CARTESIAN_POINT ( 'NONE',  ( 4.693690306520475808, -17.00000000000018829, 13.03722636554552672 ) ) ;
#1685 = COLOUR_RGB ( '',0.7921568627450980005, 0.8196078431372548767, 0.9333333333333333481 ) ;
#1686 = CARTESIAN_POINT ( 'NONE',  ( -22.30710138319845726, 25.00000000000000355, 5.977169628561196824 ) ) ;
#1687 = VERTEX_POINT ( 'NONE', #1116 ) ;
#1688 = CARTESIAN_POINT ( 'NONE',  ( -16.71090342683933017, -8.333333333333364124, 12.09822085849820361 ) ) ;
#1689 = LINE ( 'NONE', #861, #1089 ) ;
#1690 = B_SPLINE_CURVE_WITH_KNOTS ( 'NONE', 3,
 ( #1004, #1822, #1495, #664 ),
 .UNSPECIFIED., .F., .F.,
 ( 4, 4 ),
 ( 1.734723475976807094E-17, 0.006002026146814029399 ),
 .UNSPECIFIED. ) ;
#1691 = CARTESIAN_POINT ( 'NONE',  ( 14.13387593302647360, -5.979445488639070660, 14.75375446499729826 ) ) ;
#1692 = ADVANCED_FACE ( 'NONE', ( #1593, #596 ), #2069, .T. ) ;
#1693 = CARTESIAN_POINT ( 'NONE',  ( 4.693690306520469591, -17.00000000000000000, 13.03722636554554626 ) ) ;
#1694 = EDGE_CURVE ( 'NONE', #1561, #187, #266, .T. ) ;
#1695 = ORIENTED_EDGE ( 'NONE', *, *, #1059, .F. ) ;
#1696 = DIRECTION ( 'NONE',  ( -0.4999999999999919509, 0.000000000000000000, 0.8660254037844432595 ) ) ;
#1697 = VERTEX_POINT ( 'NONE', #1604 ) ;
#1698 = VECTOR ( 'NONE', #1919, 1000.000000000000000 ) ;
#1699 = CARTESIAN_POINT ( 'NONE',  ( -22.30710143300821002, -25.00000000000000000, -5.977169814453696439 ) ) ;
#1700 = EDGE_CURVE ( 'NONE', #865, #734, #98, .T. ) ;
#1701 = CARTESIAN_POINT ( 'NONE',  ( 5.919489625779391417, 19.00000000000001066, -11.43016305917829634 ) ) ;
#1702 = CARTESIAN_POINT ( 'NONE',  ( 13.48272866769137046, 8.333333333333325044, 19.18451889719028713 ) ) ;
#1703 = CARTESIAN_POINT ( 'NONE',  ( 22.30710143300821002, -25.00000000000000000, 5.977169814453698216 ) ) ;
#1704 = CARTESIAN_POINT ( 'NONE',  ( -6.562268331086774431, 22.99975195081732338, 10.49014314095225231 ) ) ;
#1705 = ORIENTED_EDGE ( 'NONE', *, *, #1460, .F. ) ;
#1706 = AXIS2_PLACEMENT_3D ( 'NONE', #82, #2041, #1724 ) ;
#1707 = CARTESIAN_POINT ( 'NONE',  ( 18.32232155670577711, -25.00000000000001776, -8.894231140885114684 ) ) ;
#1708 = CARTESIAN_POINT ( 'NONE',  ( 5.977169814453683117, -25.00000000000000355, 22.30710143300822068 ) ) ;
#1709 = DIRECTION ( 'NONE',  ( 2.317862832147734131E-17, 1.000000000000000000, 7.152980039235552631E-17 ) ) ;
#1710 = B_SPLINE_CURVE_WITH_KNOTS ( 'NONE', 3,
 ( #988, #1977, #1848, #497 ),
 .UNSPECIFIED., .F., .F.,
 ( 4, 4 ),
 ( 0.000000000000000000, 0.004871055326279240608 ),
 .UNSPECIFIED. ) ;
#1711 = CARTESIAN_POINT ( 'NONE',  ( -14.00592453234428447, 19.00000000000000355, 3.752876007968416250 ) ) ;
#1712 = ORIENTED_EDGE ( 'NONE', *, *, #395, .F. ) ;
#1713 = B_SPLINE_CURVE_WITH_KNOTS ( 'NONE', 3,
 ( #1294, #1939, #1428, #605 ),
 .UNSPECIFIED., .F., .F.,
 ( 4, 4 ),
 ( -0.04200000000000000261, -0.006000000000000019207 ),
 .UNSPECIFIED. ) ;
#1714 = CARTESIAN_POINT ( 'NONE',  ( 2.828384394307953631, 19.00000000000000355, -12.81110051292342433 ) ) ;
#1715 = ORIENTED_EDGE ( 'NONE', *, *, #1121, .T. ) ;
#1716 = ORIENTED_EDGE ( 'NONE', *, *, #139, .T. ) ;
#1717 = CARTESIAN_POINT ( 'NONE',  ( 12.31183062643822090, 25.00000000000000000, 0.4160622298252862339 ) ) ;
#1718 = AXIS2_PLACEMENT_3D ( 'NONE', #1316, #1985, #485 ) ;
#1719 = CARTESIAN_POINT ( 'NONE',  ( -9.872916390503727158, 8.333333333333341031, 21.26864498714856211 ) ) ;
#1720 = EDGE_CURVE ( 'NONE', #865, #185, #275, .T. ) ;
#1721 = CARTESIAN_POINT ( 'NONE',  ( 20.00441568683918447, -12.01402272206667554, 6.631169688924199335 ) ) ;
#1722 = ORIENTED_EDGE ( 'NONE', *, *, #1619, .F. ) ;
#1723 = DIRECTION ( 'NONE',  ( 0.000000000000000000, 0.000000000000000000, 1.000000000000000000 ) ) ;
#1724 = DIRECTION ( 'NONE',  ( 0.000000000000000000, 0.000000000000000000, 1.000000000000000000 ) ) ;
#1725 = ORIENTED_EDGE ( 'NONE', *, *, #1172, .T. ) ;
#1726 = CARTESIAN_POINT ( 'NONE',  ( 20.31471149485695804, -24.99999999999998224, -1.458530663215704681 ) ) ;
#1727 = AXIS2_PLACEMENT_3D ( 'NONE', #1444, #1956, #257 ) ;
#1728 = LINE ( 'NONE', #1507, #2088 ) ;
#1729 = CIRCLE ( 'NONE', #1448, 4.500000000000001776 ) ;
#1730 = CARTESIAN_POINT ( 'NONE',  ( 7.674931664583958479, -16.99999999999999645, 9.509403623640126924 ) ) ;
#1731 = CARTESIAN_POINT ( 'NONE',  ( -8.894231140885128895, -25.00000000000001421, 18.32232155670575935 ) ) ;
#1732 = EDGE_LOOP ( 'NONE', ( #1969, #881, #1372, #880 ) ) ;
#1733 = CARTESIAN_POINT ( 'NONE',  ( 8.894231140885125342, -24.99999999999999289, -18.32232155670574159 ) ) ;
#1734 = ITEM_DEFINED_TRANSFORMATION ( 'NONE', 'NONE', #335,  #927 ) ;
#1735 = EDGE_LOOP ( 'NONE', ( #1083, #1673, #1537, #1485 ) ) ;
#1736 = DIRECTION ( 'NONE',  ( 0.000000000000000000, 1.000000000000000000, 0.000000000000000000 ) ) ;
#1737 = ORIENTED_EDGE ( 'NONE', *, *, #55, .T. ) ;
#1738 = CIRCLE ( 'NONE', #1883, 15.00000000000000000 ) ;
#1739 = CARTESIAN_POINT ( 'NONE',  ( -8.943724074190477324, -17.00000000000000000, 10.58346822571626689 ) ) ;
#1740 = DIRECTION ( 'NONE',  ( -0.000000000000000000, -1.000000000000000000, -0.000000000000000000 ) ) ;
#1741 = DIRECTION ( 'NONE',  ( 2.317862832147734131E-17, 1.000000000000000000, 7.152980039235552631E-17 ) ) ;
#1742 = EDGE_CURVE ( 'NONE', #49, #722, #1407, .T. ) ;
#1743 = B_SPLINE_CURVE_WITH_KNOTS ( 'NONE', 3,
 ( #1292, #1486, #1162, #507 ),
 .UNSPECIFIED., .F., .F.,
 ( 4, 4 ),
 ( 0.000000000000000000, 0.02309491276326578260 ),
 .UNSPECIFIED. ) ;
#1744 = CARTESIAN_POINT ( 'NONE',  ( -12.31183063201895322, 25.00000000000000000, -0.4160622089976869220 ) ) ;
#1745 = CARTESIAN_POINT ( 'NONE',  ( -9.797958971132718631, 25.00000000000000000, -9.797958971132707973 ) ) ;
#1746 = FACE_OUTER_BOUND ( 'NONE', #601, .T. ) ;
#1747 = ORIENTED_EDGE ( 'NONE', *, *, #1844, .F. ) ;
#1748 = PLANE ( 'NONE',  #203 ) ;
#1749 = EDGE_CURVE ( 'NONE', #722, #926, #252, .T. ) ;
#1750 = EDGE_LOOP ( 'NONE', ( #2110, #1547, #2089, #692 ) ) ;
#1751 = DIRECTION ( 'NONE',  ( 0.000000000000000000, 1.000000000000000000, 0.000000000000000000 ) ) ;
#1752 = CARTESIAN_POINT ( 'NONE',  ( -4.693690306520466926, -17.00000000000000000, -13.03722636554554448 ) ) ;
#1753 = CARTESIAN_POINT ( 'NONE',  ( 15.09057348954083722, -18.00000000000000355, -17.48280075653348220 ) ) ;
#1754 = ORIENTED_EDGE ( 'NONE', *, *, #1654, .T. ) ;
#1755 = AXIS2_PLACEMENT_3D ( 'NONE', #896, #737, #1395 ) ;
#1756 = PLANE ( 'NONE',  #1727 ) ;
#1757 = CARTESIAN_POINT ( 'NONE',  ( 16.32993161855452868, -25.00000000000000355, -16.32993161855451447 ) ) ;
#1758 = ORIENTED_EDGE ( 'NONE', *, *, #514, .T. ) ;
#1759 = CARTESIAN_POINT ( 'NONE',  ( 4.693690306520475808, -17.00000000000018829, 13.03722636554552672 ) ) ;
#1760 = CARTESIAN_POINT ( 'NONE',  ( 5.826982200510176568, 19.00000000000000355, 11.06541513095701745 ) ) ;
#1761 = ORIENTED_EDGE ( 'NONE', *, *, #1047, .F. ) ;
#1762 = EDGE_CURVE ( 'NONE', #361, #359, #532, .T. ) ;
#1763 = CARTESIAN_POINT ( 'NONE',  ( -10.50828750969730763, -16.99999999999999645, 6.237726103867752059 ) ) ;
#1764 = CARTESIAN_POINT ( 'NONE',  ( 10.25304822031320207, 19.00000000000000355, 14.75304846789697955 ) ) ;
#1765 = CARTESIAN_POINT ( 'NONE',  ( 16.86379089349002314, 24.99999999999998224, -11.42048035397186645 ) ) ;
#1766 = PRODUCT_DEFINITION_FORMATION_WITH_SPECIFIED_SOURCE ( 'HERHANG�', '', #2105, .NOT_KNOWN. ) ;
#1767 = VERTEX_POINT ( 'NONE', #103 ) ;
#1768 = CARTESIAN_POINT ( 'NONE',  ( -11.83135013307041916, 24.99999999999999645, -2.209239843119672475 ) ) ;
#1769 = SHAPE_REPRESENTATION ( '8-2MM_AGIRLIK_AG', ( #927 ), #578 ) ;
#1770 = DIRECTION ( 'NONE',  ( 2.317862832147734131E-17, 1.000000000000000000, 7.152980039235552631E-17 ) ) ;
#1771 = AXIS2_PLACEMENT_3D ( 'NONE', #2034, #873, #1199 ) ;
#1772 = CARTESIAN_POINT ( 'NONE',  ( -8.894231140885130671, 25.00000000000000355, -18.32232155670575580 ) ) ;
#1773 = CARTESIAN_POINT ( 'NONE',  ( 13.38426085980492530, 25.00000000000000000, -3.586301888672224436 ) ) ;
#1774 = ORIENTED_EDGE ( 'NONE', *, *, #1115, .F. ) ;
#1775 = CARTESIAN_POINT ( 'NONE',  ( 12.85855639176589804, 19.00000000000002132, -0.5886531369062869556 ) ) ;
#1776 = PRODUCT ( 'KAPSUL_ALTIGEN_CAP30MM_UZUNLUK50MM_90DERECE_BURKULMUS', 'KAPSUL_ALTIGEN_CAP30MM_UZUNLUK50MM_90DERECE_BURKULMUS', '', ( #1513 ) ) ;
#1777 = DIRECTION ( 'NONE',  ( 2.317862832147734131E-17, 1.000000000000000000, 7.152980039235552631E-17 ) ) ;
#1778 = ADVANCED_FACE ( 'NONE', ( #1442 ), #1420, .F. ) ;
#1779 = ORIENTED_EDGE ( 'NONE', *, *, #1303, .T. ) ;
#1780 = EDGE_CURVE ( 'NONE', #2097, #577, #939, .T. ) ;
#1781 = DIRECTION ( 'NONE',  ( -0.8474568401986900534, 0.000000000000000000, -0.5308642990449177201 ) ) ;
#1782 = DIRECTION ( 'NONE',  ( 0.000000000000000000, 0.000000000000000000, 1.000000000000000000 ) ) ;
#1783 = CARTESIAN_POINT ( 'NONE',  ( 20.00568060999049180, 8.333333333333280635, 5.016573413700601947 ) ) ;
#1784 = DIRECTION ( 'NONE',  ( 0.000000000000000000, 0.000000000000000000, 1.000000000000000000 ) ) ;
#1785 = VERTEX_POINT ( 'NONE', #90 ) ;
#1786 = B_SPLINE_CURVE_WITH_KNOTS ( 'NONE', 3,
 ( #362, #1707, #1726, #1893 ),
 .UNSPECIFIED., .F., .F.,
 ( 4, 4 ),
 ( -0.02309401076758503535, 0.000000000000000000 ),
 .UNSPECIFIED. ) ;
#1787 = B_SPLINE_CURVE_WITH_KNOTS ( 'NONE', 3,
 ( #1175, #1506, #172, #27 ),
 .UNSPECIFIED., .F., .F.,
 ( 4, 4 ),
 ( 0.000000000000000000, 0.02309491032249933948 ),
 .UNSPECIFIED. ) ;
#1788 =( NAMED_UNIT ( * ) SI_UNIT ( $, .STERADIAN. ) SOLID_ANGLE_UNIT ( ) );
#1789 = CYLINDRICAL_SURFACE ( 'NONE', #1501, 4.500000000000001776 ) ;
#1790 = CARTESIAN_POINT ( 'NONE',  ( 0.000000000000000000, -2.500000000000000000, 0.000000000000000000 ) ) ;
#1791 = EDGE_CURVE ( 'NONE', #2033, #1337, #579, .T. ) ;
#1792 = CARTESIAN_POINT ( 'NONE',  ( 0.000000000000000000, -18.00000000000000000, -4.313650131537727361E-08 ) ) ;
#1793 = CARTESIAN_POINT ( 'NONE',  ( -10.38691332861084327, 21.00018986479517835, 6.427713273821553663 ) ) ;
#1794 = EDGE_CURVE ( 'NONE', #503, #2097, #1014, .T. ) ;
#1795 =( GEOMETRIC_REPRESENTATION_CONTEXT ( 3 ) GLOBAL_UNCERTAINTY_ASSIGNED_CONTEXT ( ( #1134 ) ) GLOBAL_UNIT_ASSIGNED_CONTEXT ( ( #1163, #1680, #2019 ) ) REPRESENTATION_CONTEXT ( 'NONE', 'WORKASPACE' ) );
#1796 = EDGE_CURVE ( 'NONE', #359, #206, #95, .T. ) ;
#1797 = CARTESIAN_POINT ( 'NONE',  ( -9.163566713815198383, 18.99999999999999289, -10.39407259366235792 ) ) ;
#1798 = PRODUCT_DEFINITION_SHAPE ( 'NONE', 'NONE',  #2144 ) ;
#1799 = VERTEX_POINT ( 'NONE', #778 ) ;
#1800 = CARTESIAN_POINT ( 'NONE',  ( 9.872916390503716499, 8.333333333333333925, -21.26864498714860829 ) ) ;
#1801 = DIRECTION ( 'NONE',  ( 2.317862832147734131E-17, 1.000000000000000000, 7.152980039235552631E-17 ) ) ;
#1802 = CARTESIAN_POINT ( 'NONE',  ( -14.63917106457295070, -18.00000000000000000, -3.270270713896645365 ) ) ;
#1803 = PRODUCT_DEFINITION_FORMATION_WITH_SPECIFIED_SOURCE ( 'HERHANG�', '', #1776, .NOT_KNOWN. ) ;
#1804 = AXIS2_PLACEMENT_3D ( 'NONE', #1, #12, #796 ) ;
#1805 = CARTESIAN_POINT ( 'NONE',  ( 13.91168213049589397, 10.99999999999997158, -1.624223429895495618 ) ) ;
#1806 = ORIENTED_EDGE ( 'NONE', *, *, #721, .T. ) ;
#1807 = FACE_OUTER_BOUND ( 'NONE', #1493, .T. ) ;
#1808 = ORIENTED_EDGE ( 'NONE', *, *, #293, .F. ) ;
#1809 = PLANE ( 'NONE',  #1346 ) ;
#1810 = CARTESIAN_POINT ( 'NONE',  ( -6.669439498653572329, 19.00000000000000355, 10.57902218750967016 ) ) ;
#1811 = CARTESIAN_POINT ( 'NONE',  ( 14.00592453929131231, 19.00000000000000355, -3.752875982050024817 ) ) ;
#1812 = CIRCLE ( 'NONE', #1002, 2.000000000000000000 ) ;
#1813 = CARTESIAN_POINT ( 'NONE',  ( 2.209239592884477243, 25.00000000000000000, 11.83135020012074534 ) ) ;
#1814 = VERTEX_POINT ( 'NONE', #1431 ) ;
#1815 = ADVANCED_FACE ( 'NONE', ( #2103 ), #787, .T. ) ;
#1816 = PLANE ( 'NONE',  #686 ) ;
#1817 = ORIENTED_EDGE ( 'NONE', *, *, #1460, .T. ) ;
#1818 = DIRECTION ( 'NONE',  ( 0.8660254037844364872, 0.000000000000000000, -0.5000000000000041078 ) ) ;
#1819 = B_SPLINE_CURVE_WITH_KNOTS ( 'NONE', 3,
 ( #2127, #1283, #1963, #943 ),
 .UNSPECIFIED., .F., .F.,
 ( 4, 4 ),
 ( -0.02309401076758503535, 0.000000000000000000 ),
 .UNSPECIFIED. ) ;
#1820 = ORIENTED_EDGE ( 'NONE', *, *, #219, .F. ) ;
#1821 = CARTESIAN_POINT ( 'NONE',  ( 14.34732032120958500, 8.333333333333285964, -14.81714092139923267 ) ) ;
#1822 = CARTESIAN_POINT ( 'NONE',  ( 10.41793436823833652, 23.00018906517279760, -6.469461844926332361 ) ) ;
#1823 = CARTESIAN_POINT ( 'NONE',  ( -15.16257857605827297, 12.01898470206214320, -15.39815484223741393 ) ) ;
#1824 = CARTESIAN_POINT ( 'NONE',  ( -19.06033087857446517, 18.00000000000000000, -6.039775654201567257 ) ) ;
#1825 = ORIENTED_EDGE ( 'NONE', *, *, #150, .T. ) ;
#1826 = ORIENTED_EDGE ( 'NONE', *, *, #238, .F. ) ;
#1827 = DIRECTION ( 'NONE',  ( -6.982962677686266711E-15, 0.000000000000000000, -1.000000000000000000 ) ) ;
#1828 = ADVANCED_FACE ( 'NONE', ( #2006 ), #745, .F. ) ;
#1829 = CARTESIAN_POINT ( 'NONE',  ( 10.25304822031320207, 25.00000000000000000, 10.25304846696056593 ) ) ;
#1830 = ORIENTED_EDGE ( 'NONE', *, *, #336, .F. ) ;
#1831 = PRODUCT_RELATED_PRODUCT_CATEGORY ( 'part', '', ( #608 ) ) ;
#1832 = CARTESIAN_POINT ( 'NONE',  ( -14.63917106457295070, 18.00000000000000000, -3.270270713896645365 ) ) ;
#1833 = DIRECTION ( 'NONE',  ( 0.000000000000000000, 0.000000000000000000, 1.000000000000000000 ) ) ;
#1834 = CARTESIAN_POINT ( 'NONE',  ( -19.06033087857446517, 18.00000000000000000, -6.039775654201567257 ) ) ;
#1835 = VECTOR ( 'NONE', #456, 1000.000000000000114 ) ;
#1836 = AXIS2_PLACEMENT_3D ( 'NONE', #1482, #833, #630 ) ;
#1837 = CARTESIAN_POINT ( 'NONE',  ( 6.332665021684737994, -4.999999999999720224, 12.44858596635981662 ) ) ;
#1838 = EDGE_LOOP ( 'NONE', ( #851, #1001, #668, #331 ) ) ;
#1839 = ITEM_DEFINED_TRANSFORMATION ( 'NONE', 'NONE', #889,  #927 ) ;
#1840 = EDGE_CURVE ( 'NONE', #1177, #1917, #1296, .T. ) ;
#1841 = FACE_OUTER_BOUND ( 'NONE', #1404, .T. ) ;
#1842 = CARTESIAN_POINT ( 'NONE',  ( 10.19788577538150598, 19.00000000000000355, 7.315951430954547696 ) ) ;
#1843 = CARTESIAN_POINT ( 'NONE',  ( 6.939066773772117891, 19.00000000000001066, 10.84150992133990066 ) ) ;
#1844 = EDGE_CURVE ( 'NONE', #1814, #725, #1579, .T. ) ;
#1845 = DIRECTION ( 'NONE',  ( 0.5308642990449176091, 0.000000000000000000, -0.8474568401986901645 ) ) ;
#1846 = CIRCLE ( 'NONE', #1526, 4.000000000000000000 ) ;
#1847 = B_SPLINE_CURVE_WITH_KNOTS ( 'NONE', 3,
 ( #1931, #1470, #2091, #1564 ),
 .UNSPECIFIED., .F., .F.,
 ( 4, 4 ),
 ( 0.000000000000000000, 0.006003250809191752572 ),
 .UNSPECIFIED. ) ;
#1848 = CARTESIAN_POINT ( 'NONE',  ( -10.19788578063517903, 19.00000000000000000, -7.315951415325204543 ) ) ;
#1849 = ORIENTED_EDGE ( 'NONE', *, *, #2050, .F. ) ;
#1850 = CARTESIAN_POINT ( 'NONE',  ( 5.977169814453683117, -25.00000000000000355, 22.30710143300822068 ) ) ;
#1851 = ORIENTED_EDGE ( 'NONE', *, *, #1436, .T. ) ;
#1852 = CARTESIAN_POINT ( 'NONE',  ( -14.00592452285858158, 21.50000000000000000, 3.752875998482889663 ) ) ;
#1853 = B_SPLINE_CURVE_WITH_KNOTS ( 'NONE', 3,
 ( #766, #1910, #421, #244 ),
 .UNSPECIFIED., .F., .F.,
 ( 4, 4 ),
 ( 0.01967833441667810740, 0.02309491276326577219 ),
 .UNSPECIFIED. ) ;
#1854 = CARTESIAN_POINT ( 'NONE',  ( -15.09057301160046016, 17.99999999999999645, -17.48280012490572588 ) ) ;
#1855 = FACE_OUTER_BOUND ( 'NONE', #1510, .T. ) ;
#1856 = CARTESIAN_POINT ( 'NONE',  ( -9.872916390503727158, 8.333333333333341031, 21.26864498714856211 ) ) ;
#1857 = EDGE_CURVE ( 'NONE', #1934, #1008, #1336, .T. ) ;
#1858 = ADVANCED_FACE ( 'NONE', ( #1841 ), #1809, .T. ) ;
#1859 = CARTESIAN_POINT ( 'NONE',  ( 13.83137976573996575, -18.00000000000000000, 14.56426467838742767 ) ) ;
#1860 = ADVANCED_FACE ( 'NONE', ( #178 ), #1452, .T. ) ;
#1861 = CARTESIAN_POINT ( 'NONE',  ( 22.68583554325434548, 17.99999999999999645, -4.327419523256976319 ) ) ;
#1862 = VERTEX_POINT ( 'NONE', #1646 ) ;
#1863 = APPLICATION_PROTOCOL_DEFINITION ( 'draft international standard', 'automotive_design', 1998, #1325 ) ;
#1864 = CIRCLE ( 'NONE', #1718, 4.499999999999999112 ) ;
#1865 = ORIENTED_EDGE ( 'NONE', *, *, #773, .F. ) ;
#1866 = CARTESIAN_POINT ( 'NONE',  ( -11.42048035397188066, 25.00000000000001776, 16.86379089349007643 ) ) ;
#1867 = ORIENTED_EDGE ( 'NONE', *, *, #1794, .T. ) ;
#1868 = CARTESIAN_POINT ( 'NONE',  ( -10.25304821336617245, 19.00000000000000355, -10.25304844104218205 ) ) ;
#1869 = DIRECTION ( 'NONE',  ( 0.000000000000000000, 0.000000000000000000, -1.000000000000000000 ) ) ;
#1870 = DIRECTION ( 'NONE',  ( 2.317862832147734131E-17, 1.000000000000000000, 7.152980039235552631E-17 ) ) ;
#1871 = AXIS2_PLACEMENT_3D ( 'NONE', #1607, #599, #1280 ) ;
#1872 = FACE_OUTER_BOUND ( 'NONE', #1667, .T. ) ;
#1873 = ORIENTED_EDGE ( 'NONE', *, *, #56, .F. ) ;
#1874 = ORIENTED_EDGE ( 'NONE', *, *, #768, .F. ) ;
#1875 = B_SPLINE_CURVE_WITH_KNOTS ( 'NONE', 3,
 ( #569, #1135, #736, #2140 ),
 .UNSPECIFIED., .F., .F.,
 ( 4, 4 ),
 ( -0.05000000000000000278, -0.04300000000000032269 ),
 .UNSPECIFIED. ) ;
#1876 = CARTESIAN_POINT ( 'NONE',  ( -15.29211310795886369, 17.99999999999999645, -16.89919075848622754 ) ) ;
#1877 = CARTESIAN_POINT ( 'NONE',  ( 4.419747557983605191, 18.99999999999999645, -13.13291786026862518 ) ) ;
#1878 = CARTESIAN_POINT ( 'NONE',  ( -1.458530663215722445, -25.00000000000000355, 20.31471149485698646 ) ) ;
#1879 = PLANE ( 'NONE',  #482 ) ;
#1880 = ORIENTED_EDGE ( 'NONE', *, *, #982, .F. ) ;
#1881 = CYLINDRICAL_SURFACE ( 'NONE', #1706, 4.500000000000000888 ) ;
#1882 = EDGE_LOOP ( 'NONE', ( #403, #1276, #1991, #764, #147 ) ) ;
#1883 = AXIS2_PLACEMENT_3D ( 'NONE', #714, #1736, #871 ) ;
#1884 = ORIENTED_EDGE ( 'NONE', *, *, #793, .F. ) ;
#1885 = EDGE_CURVE ( 'NONE', #1940, #1546, #68, .T. ) ;
#1886 = CARTESIAN_POINT ( 'NONE',  ( -18.32232155670577711, -25.00000000000001776, 8.894231140885128895 ) ) ;
#1887 = CARTESIAN_POINT ( 'NONE',  ( -20.31471149485698291, -25.00000000000000000, 1.458530663215709344 ) ) ;
#1888 = DIRECTION ( 'NONE',  ( 0.000000000000000000, 0.000000000000000000, 1.000000000000000000 ) ) ;
#1889 = ORIENTED_EDGE ( 'NONE', *, *, #1121, .F. ) ;
#1890 = CARTESIAN_POINT ( 'NONE',  ( -16.32993161855453224, 25.00000000000000000, -16.32993161855451092 ) ) ;
#1891 = CARTESIAN_POINT ( 'NONE',  ( 15.49379007659908325, 18.00000000000001421, 16.31560936942359774 ) ) ;
#1892 = VERTEX_POINT ( 'NONE', #661 ) ;
#1893 = CARTESIAN_POINT ( 'NONE',  ( 22.30710143300821002, -25.00000000000000355, 5.977169814453699104 ) ) ;
#1894 = ADVANCED_FACE ( 'NONE', ( #329 ), #151, .T. ) ;
#1895 = DIRECTION ( 'NONE',  ( 2.317862832147734131E-17, 1.000000000000000000, 7.152980039235552631E-17 ) ) ;
#1896 = CARTESIAN_POINT ( 'NONE',  ( -14.00592453234428447, 19.00000000000000355, 3.752876007968416250 ) ) ;
#1897 = CARTESIAN_POINT ( 'NONE',  ( 1.458530663215721557, -25.00000000000000355, -20.31471149485698646 ) ) ;
#1898 = B_SPLINE_CURVE_WITH_KNOTS ( 'NONE', 3,
 ( #1151, #1843, #343, #1315 ),
 .UNSPECIFIED., .F., .F.,
 ( 4, 4 ),
 ( 0.0001305013877881524632, 0.003533955077282783120 ),
 .UNSPECIFIED. ) ;
#1899 = ORIENTED_EDGE ( 'NONE', *, *, #212, .T. ) ;
#1900 = PRODUCT_DEFINITION_CONTEXT ( 'detailed design', #945, 'design' ) ;
#1901 = CARTESIAN_POINT ( 'NONE',  ( 15.09057301160046727, 18.00000000000000000, 17.48280012490573654 ) ) ;
#1902 = EDGE_LOOP ( 'NONE', ( #1499, #370, #1761, #1606, #25, #1156, #913, #966 ) ) ;
#1903 = FACE_OUTER_BOUND ( 'NONE', #1091, .T. ) ;
#1904 = VECTOR ( 'NONE', #1259, 1000.000000000000227 ) ;
#1905 = CARTESIAN_POINT ( 'NONE',  ( 9.872917666428755012, -8.333333333333387216, 21.26864774027524874 ) ) ;
#1906 = CIRCLE ( 'NONE', #1024, 4.500000000000000888 ) ;
#1907 = CARTESIAN_POINT ( 'NONE',  ( 9.672623203908539580, -18.00000000000000000, 19.39185620556390788 ) ) ;
#1908 = DIRECTION ( 'NONE',  ( 0.000000000000000000, 0.000000000000000000, 1.000000000000000000 ) ) ;
#1909 = ORIENTED_EDGE ( 'NONE', *, *, #414, .F. ) ;
#1910 = CARTESIAN_POINT ( 'NONE',  ( 21.19347075825849913, -17.99999999999999289, 6.048030157827099629 ) ) ;
#1911 = ADVANCED_FACE ( 'NONE', ( #1492 ), #87, .F. ) ;
#1912 = CARTESIAN_POINT ( 'NONE',  ( -6.669439498653572329, 19.00000000000000355, 10.57902218750967016 ) ) ;
#1913 = CARTESIAN_POINT ( 'NONE',  ( -1.458530663215728884, 24.99999999999999289, -20.31471149485697936 ) ) ;
#1914 = ORIENTED_EDGE ( 'NONE', *, *, #1700, .F. ) ;
#1915 = DIRECTION ( 'NONE',  ( -0.000000000000000000, 1.000000000000000000, 0.000000000000000000 ) ) ;
#1916 = B_SPLINE_SURFACE_WITH_KNOTS ( 'NONE', 3, 3, ( 
 ( #69, #720, #1224, #1890 ),
 ( #1897, #399, #574, #2029 ),
 ( #1733, #57, #1214, #1913 ),
 ( #899, #1544, #1567, #80 ) ),
 .UNSPECIFIED., .F., .F., .F.,
 ( 4, 4 ),
 ( 4, 4 ),
 ( -0.02309401076758503188, 0.000000000000000000 ),
 ( -0.05000000000000000278, 0.000000000000000000 ),
 .UNSPECIFIED. ) ;
#1917 = VERTEX_POINT ( 'NONE', #1529 ) ;
#1918 = AXIS2_PLACEMENT_3D ( 'NONE', #415, #60, #1029 ) ;
#1919 = DIRECTION ( 'NONE',  ( 2.317862832147734131E-17, 1.000000000000000000, 7.152980039235552631E-17 ) ) ;
#1920 = CARTESIAN_POINT ( 'NONE',  ( 6.562268348161570231, 22.99975195081871249, -10.49014312313589592 ) ) ;
#1921 = CARTESIAN_POINT ( 'NONE',  ( 20.13431130595475693, -17.99999999999999645, -2.943285291406117832 ) ) ;
#1922 = ORIENTED_EDGE ( 'NONE', *, *, #1780, .T. ) ;
#1923 = CARTESIAN_POINT ( 'NONE',  ( 7.595262839689382872, -18.00000000000000000, 21.81022037788508428 ) ) ;
#1924 = LINE ( 'NONE', #272, #401 ) ;
#1925 = DIRECTION ( 'NONE',  ( -0.1770847403195814351, -2.023844055306289038E-14, 0.9841956079692422144 ) ) ;
#1926 = EDGE_CURVE ( 'NONE', #1226, #1318, #1906, .T. ) ;
#1927 = B_SPLINE_CURVE_WITH_KNOTS ( 'NONE', 3,
 ( #522, #681, #1343, #1187 ),
 .UNSPECIFIED., .F., .F.,
 ( 4, 4 ),
 ( 1.040890552917501732E-17, 0.006002026146791982798 ),
 .UNSPECIFIED. ) ;
#1928 = CARTESIAN_POINT ( 'NONE',  ( 0.000000000000000000, -2.500000000000000000, -4.000000000000000000 ) ) ;
#1929 = VERTEX_POINT ( 'NONE', #516 ) ;
#1930 = CARTESIAN_POINT ( 'NONE',  ( -9.872917666428746131, -8.333333333333362347, -21.26864774027528782 ) ) ;
#1931 = CARTESIAN_POINT ( 'NONE',  ( 5.826982200510176568, 19.00000000000000355, 11.06541513095701745 ) ) ;
#1932 = CARTESIAN_POINT ( 'NONE',  ( -14.00592453234428447, 19.00000000000000355, -0.7471239920315833061 ) ) ;
#1933 = VERTEX_POINT ( 'NONE', #708 ) ;
#1934 = VERTEX_POINT ( 'NONE', #858 ) ;
#1935 = PLANE ( 'NONE',  #1417 ) ;
#1936 = CARTESIAN_POINT ( 'NONE',  ( 4.397919280620154581, -17.00000000000001066, -11.40138760565936416 ) ) ;
#1937 = ORIENTED_EDGE ( 'NONE', *, *, #383, .F. ) ;
#1938 = CARTESIAN_POINT ( 'NONE',  ( 4.419747557983605191, 18.99999999999999645, -13.13291786026862518 ) ) ;
#1939 = CARTESIAN_POINT ( 'NONE',  ( 13.94712419890440991, -4.999999999999718447, 0.7400442007437934011 ) ) ;
#1940 = VERTEX_POINT ( 'NONE', #696 ) ;
#1941 = PRODUCT_DEFINITION ( 'BİLİNMEY', '', #888, #74 ) ;
#1942 = EDGE_CURVE ( 'NONE', #1785, #206, #1628, .T. ) ;
#1943 = CARTESIAN_POINT ( 'NONE',  ( 12.49642170351387449, 19.00000000000000355, 0.4863929630370741330 ) ) ;
#1944 = AXIS2_PLACEMENT_3D ( 'NONE', #987, #1962, #2007 ) ;
#1945 = CARTESIAN_POINT ( 'NONE',  ( 22.68583554325434548, 17.99999999999999645, -4.327419523256976319 ) ) ;
#1946 = LINE ( 'NONE', #112, #1477 ) ;
#1947 = CARTESIAN_POINT ( 'NONE',  ( -6.332665021684730888, -4.999999999999738876, -12.44858596635981840 ) ) ;
#1948 = CARTESIAN_POINT ( 'NONE',  ( 9.872916390503716499, 8.333333333333333925, -21.26864498714860829 ) ) ;
#1949 = CARTESIAN_POINT ( 'NONE',  ( -7.392915027724554555, -2.999999999999655831, 11.89605402226597519 ) ) ;
#1950 = EDGE_LOOP ( 'NONE', ( #1642, #2132, #1380, #142, #3, #470, #598, #81 ) ) ;
#1951 = DIRECTION ( 'NONE',  ( 0.8474568401986900534, 0.000000000000000000, 0.5308642990449177201 ) ) ;
#1952 = B_SPLINE_SURFACE_WITH_KNOTS ( 'NONE', 3, 3, ( 
 ( #749, #1068, #148, #242 ),
 ( #253, #969, #1310, #1055 ),
 ( #1730, #231, #1321, #196 ),
 ( #1693, #499, #21, #347 ) ),
 .UNSPECIFIED., .F., .F., .F.,
 ( 4, 4 ),
 ( 4, 4 ),
 ( -0.01847520861406803591, -0.004618802153517009845 ),
 ( -0.04200000000000000955, 0.000000000000000000 ),
 .UNSPECIFIED. ) ;
#1953 = EDGE_CURVE ( 'NONE', #41, #1767, #1729, .T. ) ;
#1954 = EDGE_CURVE ( 'NONE', #1112, #1170, #132, .T. ) ;
#1955 = DIRECTION ( 'NONE',  ( 2.317862832147734131E-17, 1.000000000000000000, 7.152980039235552631E-17 ) ) ;
#1956 = DIRECTION ( 'NONE',  ( 2.317862832147734131E-17, 1.000000000000000000, 7.152980039235552631E-17 ) ) ;
#1957 = CARTESIAN_POINT ( 'NONE',  ( 3.586301888672202232, 25.00000000000000000, -13.38426085980493063 ) ) ;
#1958 = CARTESIAN_POINT ( 'NONE',  ( 10.71557417169938020, 19.00000000000000355, 5.776881607612935454 ) ) ;
#1959 = CARTESIAN_POINT ( 'NONE',  ( -5.826982199316414146, 19.00000000000000355, -11.06541513119736742 ) ) ;
#1960 = EDGE_LOOP ( 'NONE', ( #794, #707, #488, #1414 ) ) ;
#1961 = CARTESIAN_POINT ( 'NONE',  ( 0.000000000000000000, 2.500000000000000000, -4.000000000000000000 ) ) ;
#1962 = DIRECTION ( 'NONE',  ( 0.000000000000000000, 1.000000000000000000, 0.000000000000000000 ) ) ;
#1963 = CARTESIAN_POINT ( 'NONE',  ( 20.31471149485699712, 25.00000000000001776, 1.458530663215703349 ) ) ;
#1964 = VECTOR ( 'NONE', #2092, 1000.000000000000114 ) ;
#1965 = LINE ( 'NONE', #783, #413 ) ;
#1966 = ORIENTED_EDGE ( 'NONE', *, *, #941, .T. ) ;
#1967 = CARTESIAN_POINT ( 'NONE',  ( -7.674931664583958479, -17.00000000000000355, -9.509403623640121594 ) ) ;
#1968 = CARTESIAN_POINT ( 'NONE',  ( -13.63741438071094336, -17.00000000000000000, -2.453758139829272267 ) ) ;
#1969 = ORIENTED_EDGE ( 'NONE', *, *, #825, .T. ) ;
#1970 = CARTESIAN_POINT ( 'NONE',  ( 16.32993161855453934, 25.00000000000000000, 16.32993161855451447 ) ) ;
#1971 = CARTESIAN_POINT ( 'NONE',  ( -21.93949592417352790, -18.00000000000000711, -5.187547064067604907 ) ) ;
#1972 = EDGE_CURVE ( 'NONE', #752, #1862, #1361, .T. ) ;
#1973 = CARTESIAN_POINT ( 'NONE',  ( -15.69560276989323455, 18.00000000000000000, -15.73205210002322652 ) ) ;
#1974 = EDGE_CURVE ( 'NONE', #259, #1569, #542, .T. ) ;
#1975 = AXIS2_PLACEMENT_3D ( 'NONE', #546, #2055, #555 ) ;
#1976 = B_SPLINE_CURVE_WITH_KNOTS ( 'NONE', 3,
 ( #883, #1887, #384, #64 ),
 .UNSPECIFIED., .F., .F.,
 ( 4, 4 ),
 ( 0.000000000000000000, 0.9999999749999999299 ),
 .UNSPECIFIED. ) ;
#1977 = CARTESIAN_POINT ( 'NONE',  ( -9.680546298606266475, 18.99999999999999645, -8.855002990227756499 ) ) ;
#1978 = ORIENTED_EDGE ( 'NONE', *, *, #631, .T. ) ;
#1979 = DIRECTION ( 'NONE',  ( 0.000000000000000000, 0.000000000000000000, -1.000000000000000000 ) ) ;
#1980 = CARTESIAN_POINT ( 'NONE',  ( 0.000000000000000000, 0.000000000000000000, 0.000000000000000000 ) ) ;
#1981 = CARTESIAN_POINT ( 'NONE',  ( 18.32232155670577711, -25.00000000000001776, -8.894231140885114684 ) ) ;
#1982 = CARTESIAN_POINT ( 'NONE',  ( 13.63741438071093270, -17.00000000000014921, 2.453758139829271823 ) ) ;
#1983 = CARTESIAN_POINT ( 'NONE',  ( -13.92740573677149740, 7.000000000000050626, 1.031942506237840007 ) ) ;
#1984 = AXIS2_PLACEMENT_3D ( 'NONE', #1658, #183, #976 ) ;
#1985 = DIRECTION ( 'NONE',  ( 2.317862832147734131E-17, 1.000000000000000000, 7.152980039235552631E-17 ) ) ;
#1986 = CARTESIAN_POINT ( 'NONE',  ( -0.3548608727856963907, 19.00000000000000355, -12.16840024985308233 ) ) ;
#1987 = EDGE_CURVE ( 'NONE', #50, #746, #2122, .T. ) ;
#1988 = VERTEX_POINT ( 'NONE', #1717 ) ;
#1989 = CARTESIAN_POINT ( 'NONE',  ( -15.51776767452509986, 20.33333333333376558, -17.11411507123565912 ) ) ;
#1990 = EDGE_CURVE ( 'NONE', #1065, #49, #474, .T. ) ;
#1991 = ORIENTED_EDGE ( 'NONE', *, *, #1556, .T. ) ;
#1992 = DIRECTION ( 'NONE',  ( 1.000000000000000000, 0.000000000000000000, 0.000000000000000000 ) ) ;
#1993 = EDGE_CURVE ( 'NONE', #273, #551, #1786, .T. ) ;
#1994 = CARTESIAN_POINT ( 'NONE',  ( -16.32993161855453224, -25.00000000000000000, 16.32993161855451802 ) ) ;
#1995 = CARTESIAN_POINT ( 'NONE',  ( -15.09057348954083544, -18.00000000000000355, 17.48280075653348931 ) ) ;
#1996 = CARTESIAN_POINT ( 'NONE',  ( 20.44773626902678743, -18.00000000000000000, 6.908874769527519888 ) ) ;
#1997 = DIRECTION ( 'NONE',  ( 0.9841956079692422144, -3.338476886082699695E-15, 0.1770847403195814351 ) ) ;
#1998 = VECTOR ( 'NONE', #453, 1000.000000000000000 ) ;
#1999 = ORIENTED_EDGE ( 'NONE', *, *, #372, .F. ) ;
#2000 = FACE_OUTER_BOUND ( 'NONE', #1396, .T. ) ;
#2001 = ORIENTED_EDGE ( 'NONE', *, *, #1006, .F. ) ;
#2002 = CARTESIAN_POINT ( 'NONE',  ( -13.91168213049590463, 10.99999999999997158, 1.624223429895500059 ) ) ;
#2003 = ORIENTED_EDGE ( 'NONE', *, *, #1635, .T. ) ;
#2004 = EDGE_CURVE ( 'NONE', #1473, #166, #944, .T. ) ;
#2005 = B_SPLINE_CURVE_WITH_KNOTS ( 'NONE', 3,
 ( #1106, #1616, #122, #788 ),
 .UNSPECIFIED., .F., .F.,
 ( 4, 4 ),
 ( 0.01211205410645592451, 0.02309491032249932907 ),
 .UNSPECIFIED. ) ;
#2006 = FACE_OUTER_BOUND ( 'NONE', #1621, .T. ) ;
#2007 = DIRECTION ( 'NONE',  ( 0.000000000000000000, 0.000000000000000000, 1.000000000000000000 ) ) ;
#2008 = CARTESIAN_POINT ( 'NONE',  ( -13.83137976573996220, -18.00000000000000000, -14.56426467838743832 ) ) ;
#2009 = DIRECTION ( 'NONE',  ( 0.000000000000000000, 0.000000000000000000, 1.000000000000000000 ) ) ;
#2010 = AXIS2_PLACEMENT_3D ( 'NONE', #479, #40, #670 ) ;
#2011 = ORIENTED_EDGE ( 'NONE', *, *, #1796, .F. ) ;
#2012 = AXIS2_PLACEMENT_3D ( 'NONE', #2, #633, #2124 ) ;
#2013 = CARTESIAN_POINT ( 'NONE',  ( -14.00592453234428447, 25.00000000000000000, -0.7471239920315828620 ) ) ;
#2014 = SHAPE_DEFINITION_REPRESENTATION ( #1398, #791 ) ;
#2015 = CARTESIAN_POINT ( 'NONE',  ( -22.58014225224277283, 20.33333333333332860, 4.881723480545776539 ) ) ;
#2016 = ADVANCED_FACE ( 'NONE', ( #1042 ), #1503, .F. ) ;
#2017 = VERTEX_POINT ( 'NONE', #1373 ) ;
#2018 = CARTESIAN_POINT ( 'NONE',  ( -23.35564808043526241, -8.333333333333468929, -2.084126361538174432 ) ) ;
#2019 =( NAMED_UNIT ( * ) SI_UNIT ( $, .STERADIAN. ) SOLID_ANGLE_UNIT ( ) );
#2020 = ADVANCED_FACE ( 'NONE', ( #2045 ), #1107, .F. ) ;
#2021 = CIRCLE ( 'NONE', #1671, 4.500000000000002665 ) ;
#2022 = CARTESIAN_POINT ( 'NONE',  ( -7.062374577717764446, 20.33333333333333570, 21.99583855178150316 ) ) ;
#2023 = ORIENTED_EDGE ( 'NONE', *, *, #1306, .T. ) ;
#2024 =( REPRESENTATION_RELATIONSHIP ('NONE','NONE', #791, #1769 ) REPRESENTATION_RELATIONSHIP_WITH_TRANSFORMATION ( #683 )SHAPE_REPRESENTATION_RELATIONSHIP( ) );
#2025 = CARTESIAN_POINT ( 'NONE',  ( -22.45389754053436704, 22.66666666666666430, 5.432143693024353404 ) ) ;
#2026 = EDGE_LOOP ( 'NONE', ( #628, #776, #1409, #1213 ) ) ;
#2027 = CARTESIAN_POINT ( 'NONE',  ( 5.169596499610729978, 19.00000000000000711, -12.28146064225671630 ) ) ;
#2028 = CARTESIAN_POINT ( 'NONE',  ( -16.32993166836428145, -25.00000000000000355, 16.32993143266200420 ) ) ;
#2029 = CARTESIAN_POINT ( 'NONE',  ( -8.894231140885130671, 25.00000000000000355, -18.32232155670575580 ) ) ;
#2030 = FACE_OUTER_BOUND ( 'NONE', #525, .T. ) ;
#2031 = ORIENTED_EDGE ( 'NONE', *, *, #669, .T. ) ;
#2032 = AXIS2_PLACEMENT_3D ( 'NONE', #1094, #2080, #111 ) ;
#2033 = VERTEX_POINT ( 'NONE', #866 ) ;
#2034 = CARTESIAN_POINT ( 'NONE',  ( -3.752876315504598548, 25.00000000000000000, 14.00592446196978713 ) ) ;
#2035 =( REPRESENTATION_RELATIONSHIP ('NONE','NONE', #791, #1769 ) REPRESENTATION_RELATIONSHIP_WITH_TRANSFORMATION ( #235 )SHAPE_REPRESENTATION_RELATIONSHIP( ) );
#2036 = DIRECTION ( 'NONE',  ( 0.000000000000000000, 0.000000000000000000, 1.000000000000000000 ) ) ;
#2037 = CARTESIAN_POINT ( 'NONE',  ( 8.894231140885125342, -25.00000000000000000, -18.32232155670574869 ) ) ;
#2038 = CARTESIAN_POINT ( 'NONE',  ( 12.31183062643822090, 25.00000000000000000, 0.4160622298252862339 ) ) ;
#2039 = EDGE_CURVE ( 'NONE', #2093, #1481, #894, .T. ) ;
#2040 = AXIS2_PLACEMENT_3D ( 'NONE', #895, #1740, #1979 ) ;
#2041 = DIRECTION ( 'NONE',  ( 2.317862832147734131E-17, 1.000000000000000000, 7.152980039235552631E-17 ) ) ;
#2042 = ORIENTED_EDGE ( 'NONE', *, *, #426, .F. ) ;
#2043 = B_SPLINE_CURVE_WITH_KNOTS ( 'NONE', 3,
 ( #37, #702, #1360, #2028 ),
 .UNSPECIFIED., .F., .F.,
 ( 4, 4 ),
 ( -0.02309401076758503882, 0.000000000000000000 ),
 .UNSPECIFIED. ) ;
#2044 = EDGE_LOOP ( 'NONE', ( #979, #823, #2003, #2135 ) ) ;
#2045 = FACE_OUTER_BOUND ( 'NONE', #1327, .T. ) ;
#2046 = CARTESIAN_POINT ( 'NONE',  ( 0.000000000000000000, 18.00000000000000000, 0.000000000000000000 ) ) ;
#2047 = CARTESIAN_POINT ( 'NONE',  ( -22.68583632923021653, -18.00000000000001066, -4.327419621351607404 ) ) ;
#2048 = DIRECTION ( 'NONE',  ( -0.000000000000000000, 1.000000000000000000, -0.000000000000000000 ) ) ;
#2049 = B_SPLINE_CURVE_WITH_KNOTS ( 'NONE', 3,
 ( #376, #26, #1375, #547 ),
 .UNSPECIFIED., .F., .F.,
 ( 4, 4 ),
 ( -0.006999999999999696569, 0.000000000000000000 ),
 .UNSPECIFIED. ) ;
#2050 = EDGE_CURVE ( 'NONE', #1226, #926, #1113, .T. ) ;
#2051 = CARTESIAN_POINT ( 'NONE',  ( -14.00592453234428447, 19.00000000000000355, 3.752876007968416250 ) ) ;
#2052 = ORIENTED_EDGE ( 'NONE', *, *, #1047, .T. ) ;
#2053 = UNCERTAINTY_MEASURE_WITH_UNIT (LENGTH_MEASURE( 1.000000000000000082E-05 ), #1178, 'distance_accuracy_value', 'NONE');
#2054 = ORIENTED_EDGE ( 'NONE', *, *, #1630, .F. ) ;
#2055 = DIRECTION ( 'NONE',  ( 2.317862832147734131E-17, 1.000000000000000000, 7.152980039235552631E-17 ) ) ;
#2056 = FACE_OUTER_BOUND ( 'NONE', #983, .T. ) ;
#2057 = CARTESIAN_POINT ( 'NONE',  ( -22.30710129692544186, -25.00000000000000355, -5.977169950536460163 ) ) ;
#2058 = ORIENTED_EDGE ( 'NONE', *, *, #655, .F. ) ;
#2059 = CARTESIAN_POINT ( 'NONE',  ( 10.87038912896985998, 25.00000000000000000, 5.795595134515380664 ) ) ;
#2060 = PRODUCT_CONTEXT ( 'NONE', #434, 'mechanical' ) ;
#2061 = ORIENTED_EDGE ( 'NONE', *, *, #1173, .T. ) ;
#2062 = CARTESIAN_POINT ( 'NONE',  ( -12.31183063201895322, 25.00000000000000000, -0.4160622089976869220 ) ) ;
#2063 = ORIENTED_EDGE ( 'NONE', *, *, #1335, .F. ) ;
#2064 = ADVANCED_BREP_SHAPE_REPRESENTATION ( '', ( #772, #927 ), #578 ) ;
#2065 = CARTESIAN_POINT ( 'NONE',  ( 22.30710143300821002, 25.00000000000000000, -5.977169814453707097 ) ) ;
#2066 = AXIS2_PLACEMENT_3D ( 'NONE', #1577, #1955, #1232 ) ;
#2067 = ADVANCED_FACE ( 'NONE', ( #607 ), #1103, .F. ) ;
#2068 = CARTESIAN_POINT ( 'NONE',  ( -12.18882689691418264, 25.00000000000000355, -0.8751183979294144821 ) ) ;
#2069 = PLANE ( 'NONE',  #847 ) ;
#2070 = ORIENTED_EDGE ( 'NONE', *, *, #773, .T. ) ;
#2071 = CARTESIAN_POINT ( 'NONE',  ( -16.32993143266201841, 25.00000000000000355, -16.32993166836426369 ) ) ;
#2072 = FACE_OUTER_BOUND ( 'NONE', #416, .T. ) ;
#2073 = DIRECTION ( 'NONE',  ( -0.8660254037844328234, 0.000000000000000000, 0.5000000000000101030 ) ) ;
#2074 = VERTEX_POINT ( 'NONE', #1418 ) ;
#2075 = CARTESIAN_POINT ( 'NONE',  ( -12.31183063201895322, 25.00000000000000000, -0.4160622089976869220 ) ) ;
#2076 = EDGE_LOOP ( 'NONE', ( #1612, #433, #553, #226, #544, #1594 ) ) ;
#2077 = CARTESIAN_POINT ( 'NONE',  ( 9.330528074123774829, 18.00000000000000000, 11.74483911588353990 ) ) ;
#2078 = CARTESIAN_POINT ( 'NONE',  ( -12.05379856639166647, 11.00000000000000711, -2.665083467853462729 ) ) ;
#2079 = EDGE_CURVE ( 'NONE', #35, #1892, #404, .T. ) ;
#2080 = DIRECTION ( 'NONE',  ( 0.000000000000000000, 1.000000000000000000, 0.000000000000000000 ) ) ;
#2081 = VERTEX_POINT ( 'NONE', #581 ) ;
#2082 = CARTESIAN_POINT ( 'NONE',  ( -28.07802670118529420, 18.00000000000000000, -11.68864477035408633 ) ) ;
#2083 = CARTESIAN_POINT ( 'NONE',  ( 0.3548608685233541893, 19.00000000000000355, 12.16840025071321030 ) ) ;
#2084 = CARTESIAN_POINT ( 'NONE',  ( -5.658360288780899694, 8.333333333333309056, -19.83371433509982040 ) ) ;
#2085 = VERTEX_POINT ( 'NONE', #230 ) ;
#2086 = CARTESIAN_POINT ( 'NONE',  ( -3.586301888672206672, 25.00000000000000355, 13.38426085980493596 ) ) ;
#2087 = B_SPLINE_SURFACE_WITH_KNOTS ( 'NONE', 3, 3, ( 
 ( #1268, #1243, #1589, #264 ),
 ( #777, #2090, #2111, #1066 ),
 ( #279, #428, #747, #452 ),
 ( #417, #1430, #1440, #2065 ) ),
 .UNSPECIFIED., .F., .F., .F.,
 ( 4, 4 ),
 ( 4, 4 ),
 ( -0.02309401076758503535, 0.000000000000000000 ),
 ( -0.05000000000000000278, 0.000000000000000000 ),
 .UNSPECIFIED. ) ;
#2088 = VECTOR ( 'NONE', #1350, 1000.000000000000114 ) ;
#2089 = ORIENTED_EDGE ( 'NONE', *, *, #1131, .T. ) ;
#2090 = CARTESIAN_POINT ( 'NONE',  ( 16.71090342683931596, -8.333333333333383663, -12.09822085849818052 ) ) ;
#2091 = CARTESIAN_POINT ( 'NONE',  ( 5.803596272413084733, 22.99975195081840340, 10.92816265445811119 ) ) ;
#2092 = DIRECTION ( 'NONE',  ( 0.8474568401986900534, 0.000000000000000000, 0.5308642990449178312 ) ) ;
#2093 = VERTEX_POINT ( 'NONE', #1563 ) ;
#2094 = EDGE_LOOP ( 'NONE', ( #1471, #1519, #738, #109, #1553, #1032, #1102, #1182 ) ) ;
#2095 = FACE_OUTER_BOUND ( 'NONE', #1750, .T. ) ;
#2096 = LINE ( 'NONE', #411, #886 ) ;
#2097 = VERTEX_POINT ( 'NONE', #2077 ) ;
#2098 = CARTESIAN_POINT ( 'NONE',  ( 6.516235774987936047, 25.00000000000000000, -10.45432697348920215 ) ) ;
#2099 = PRODUCT_RELATED_PRODUCT_CATEGORY ( 'part', '', ( #1776 ) ) ;
#2100 = CARTESIAN_POINT ( 'NONE',  ( -8.943724074190477324, -17.00000000000000000, 10.58346822571626689 ) ) ;
#2101 = ORIENTED_EDGE ( 'NONE', *, *, #469, .T. ) ;
#2102 = CARTESIAN_POINT ( 'NONE',  ( -13.48272866769138112, 8.333333333333321491, -19.18451889719025871 ) ) ;
#2103 = FACE_OUTER_BOUND ( 'NONE', #2026, .T. ) ;
#2104 = CARTESIAN_POINT ( 'NONE',  ( 7.062374850732688891, -20.33333333333355597, 21.99583916609610412 ) ) ;
#2105 = PRODUCT ( '8-2MM_AGIRLIK_AG', '8-2MM_AGIRLIK_AG', '', ( #33 ) ) ;
#2106 = DIRECTION ( 'NONE',  ( 2.317862832147734131E-17, 1.000000000000000000, 7.152980039235552631E-17 ) ) ;
#2107 = CARTESIAN_POINT ( 'NONE',  ( 8.894231140885125342, -24.99999999999999289, -18.32232155670574159 ) ) ;
#2108 = CARTESIAN_POINT ( 'NONE',  ( -5.549222313536562368, 10.99999999999998224, 12.85998184933121280 ) ) ;
#2109 = ADVANCED_FACE ( 'NONE', ( #915 ), #2087, .F. ) ;
#2110 = ORIENTED_EDGE ( 'NONE', *, *, #975, .F. ) ;
#2111 = CARTESIAN_POINT ( 'NONE',  ( 14.34732032120958500, 8.333333333333285964, -14.81714092139923267 ) ) ;
#2112 = ADVANCED_FACE ( 'NONE', ( #1278 ), #1299, .F. ) ;
#2113 = VECTOR ( 'NONE', #106, 1000.000000000000000 ) ;
#2114 = CARTESIAN_POINT ( 'NONE',  ( 5.977169814453673347, 25.00000000000000355, -22.30710143300821713 ) ) ;
#2115 = ORIENTED_EDGE ( 'NONE', *, *, #1206, .T. ) ;
#2116 = LINE ( 'NONE', #1281, #365 ) ;
#2117 = CARTESIAN_POINT ( 'NONE',  ( 8.943724074190470219, -17.00000000000000000, -10.58346822571626689 ) ) ;
#2118 = CARTESIAN_POINT ( 'NONE',  ( 23.35564808043523044, -8.333333333333447612, 2.084126361538166883 ) ) ;
#2119 = CARTESIAN_POINT ( 'NONE',  ( 8.334929269562847409, 10.99999999999998934, -9.106354036668889762 ) ) ;
#2120 = ORIENTED_EDGE ( 'NONE', *, *, #721, .F. ) ;
#2121 = DIRECTION ( 'NONE',  ( 1.000000000000000000, 0.000000000000000000, 0.000000000000000000 ) ) ;
#2122 = B_SPLINE_CURVE_WITH_KNOTS ( 'NONE', 3,
 ( #1382, #2015, #2025, #1686 ),
 .UNSPECIFIED., .F., .F.,
 ( 4, 4 ),
 ( -0.006999999999999992339, 0.000000000000000000 ),
 .UNSPECIFIED. ) ;
#2123 = B_SPLINE_SURFACE_WITH_KNOTS ( 'NONE', 3, 3, ( 
 ( #115, #790, #1098, #1618 ),
 ( #1412, #1626, #2084, #1772 ),
 ( #2107, #781, #125, #613 ),
 ( #1272, #1446, #1948, #292 ) ),
 .UNSPECIFIED., .F., .F., .F.,
 ( 4, 4 ),
 ( 4, 4 ),
 ( -0.02309401076758503188, 0.000000000000000000 ),
 ( -0.05000000000000000278, 0.000000000000000000 ),
 .UNSPECIFIED. ) ;
#2124 = DIRECTION ( 'NONE',  ( 0.000000000000000000, -7.152980039235552631E-17, 1.000000000000000000 ) ) ;
#2125 = FACE_BOUND ( 'NONE', #515, .T. ) ;
#2126 = DIRECTION ( 'NONE',  ( 0.000000000000000000, 0.000000000000000000, 1.000000000000000000 ) ) ;
#2127 = CARTESIAN_POINT ( 'NONE',  ( 16.32993161855453934, 25.00000000000000355, 16.32993161855451447 ) ) ;
#2128 = DIRECTION ( 'NONE',  ( 0.000000000000000000, 0.000000000000000000, 1.000000000000000000 ) ) ;
#2129 = ORIENTED_EDGE ( 'NONE', *, *, #1145, .T. ) ;
#2130 = EDGE_CURVE ( 'NONE', #179, #1458, #612, .T. ) ;
#2131 = CARTESIAN_POINT ( 'NONE',  ( 6.669439514681114289, 19.00000000000000355, -10.57902216931951322 ) ) ;
#2132 = ORIENTED_EDGE ( 'NONE', *, *, #383, .T. ) ;
#2133 = CARTESIAN_POINT ( 'NONE',  ( -5.977169628561166626, -25.00000000000000355, -22.30710138319846791 ) ) ;
#2134 = ADVANCED_FACE ( 'NONE', ( #1903 ), #643, .T. ) ;
#2135 = ORIENTED_EDGE ( 'NONE', *, *, #445, .F. ) ;
#2136 =( REPRESENTATION_RELATIONSHIP ('NONE','NONE', #791, #1769 ) REPRESENTATION_RELATIONSHIP_WITH_TRANSFORMATION ( #1839 )SHAPE_REPRESENTATION_RELATIONSHIP( ) );
#2137 = CYLINDRICAL_SURFACE ( 'NONE', #1273, 15.00000000000000000 ) ;
#2138 = PRESENTATION_LAYER_ASSIGNMENT (  '', '', ( #184 ) ) ;
#2139 = DIRECTION ( 'NONE',  ( 2.317862832147734131E-17, 1.000000000000000000, 7.152980039235552631E-17 ) ) ;
#2140 = CARTESIAN_POINT ( 'NONE',  ( -15.09057348954083544, -18.00000000000000355, 17.48280075653348931 ) ) ;
#2141 = ORIENTED_EDGE ( 'NONE', *, *, #1145, .F. ) ;
#2142 = NEXT_ASSEMBLY_USAGE_OCCURRENCE ( 'NAUO1', ' ', ' ', #1941, #1573, $ ) ;
#2143 = NEXT_ASSEMBLY_USAGE_OCCURRENCE ( 'NAUO2', ' ', ' ', #1941, #129, $ ) ;
#2144 = NEXT_ASSEMBLY_USAGE_OCCURRENCE ( 'NAUO3', ' ', ' ', #1941, #129, $ ) ;
#2145 = NEXT_ASSEMBLY_USAGE_OCCURRENCE ( 'NAUO4', ' ', ' ', #1941, #129, $ ) ;
#2146 = NEXT_ASSEMBLY_USAGE_OCCURRENCE ( 'NAUO5', ' ', ' ', #1941, #129, $ ) ;
#2147 = NEXT_ASSEMBLY_USAGE_OCCURRENCE ( 'NAUO6', ' ', ' ', #1941, #129, $ ) ;
#2148 = NEXT_ASSEMBLY_USAGE_OCCURRENCE ( 'NAUO7', ' ', ' ', #1941, #129, $ ) ;
ENDSEC;
END-ISO-10303-21;
