ISO-10303-21;
HEADER;
FILE_DESCRIPTION (( 'STEP AP214' ),
    '1' );
FILE_NAME ('VAKKAS_NAMLU.STEP',
    '2026-09-28T15:43:07',
    ( '' ),
    ( '' ),
    'SwSTEP 2.0',
    'SolidWorks 2026',
    '' );
FILE_SCHEMA (( 'AUTOMOTIVE_DESIGN' ));
ENDSEC;

DATA;
#1 = CARTESIAN_POINT ( 'NONE',  ( 15.23740804814026895, -20.39633502492594275, -21.92740563127464881 ) ) ;
#2 = CARTESIAN_POINT ( 'NONE',  ( 15.28825960623168889, -20.39633502492581130, 17.11573307208164252 ) ) ;
#3 = CARTESIAN_POINT ( 'NONE',  ( -26.00092734443020959, 0.5890810124977412521, -3.884600918687010296 ) ) ;
#4 = CARTESIAN_POINT ( 'NONE',  ( -21.82727599684116981, -8.470239438281005562, 11.09749891217096440 ) ) ;
#5 = CARTESIAN_POINT ( 'NONE',  ( -19.29518434380088365, -59.00000000000012790, -13.71237377232964150 ) ) ;
#6 = CARTESIAN_POINT ( 'NONE',  ( -26.27032309240287944, -16.12433047996369240, 1.328005011275272151 ) ) ;
#7 = CARTESIAN_POINT ( 'NONE',  ( 14.72180981212846795, 15.37073764731424852, 21.97224315654936078 ) ) ;
#8 = FACE_OUTER_BOUND ( 'NONE', #932, .T. ) ;
#9 = DIRECTION ( 'NONE',  ( -0.4162807922603956601, 2.136625207092852169E-15, 0.9092361090470711948 ) ) ;
#10 = LINE ( 'NONE', #4782, #3113 ) ;
#11 = CARTESIAN_POINT ( 'NONE',  ( 20.56774938630991301, 7.915773340117595147, -13.28071068072340921 ) ) ;
#12 = CARTESIAN_POINT ( 'NONE',  ( 24.13312989917092111, -11.97102390453025578, -6.333964530514813340 ) ) ;
#13 = ORIENTED_EDGE ( 'NONE', *, *, #168, .T. ) ;
#14 = CARTESIAN_POINT ( 'NONE',  ( -16.08625049116495376, -19.38875661563057307, 20.70580190043716229 ) ) ;
#15 = CARTESIAN_POINT ( 'NONE',  ( -14.05234434622011896, -16.99999999999993960, -22.31906090610451798 ) ) ;
#16 = CARTESIAN_POINT ( 'NONE',  ( -12.70665710021110861, -8.655226852601078491, -25.39445833548919040 ) ) ;
#17 = CARTESIAN_POINT ( 'NONE',  ( 8.563824445702209687, -6.336148056839237874, 24.85752555525319352 ) ) ;
#18 = CARTESIAN_POINT ( 'NONE',  ( -10.19288924872840241, -17.37359979703946422, -24.15091634941241239 ) ) ;
#19 = ORIENTED_EDGE ( 'NONE', *, *, #3795, .T. ) ;
#20 = CARTESIAN_POINT ( 'NONE',  ( 45.58542902264171204, 15.00000000000003375, 11.46554232566847276 ) ) ;
#21 = DIRECTION ( 'NONE',  ( -3.773173425613459862E-16, 1.000000000000000000, -2.513482421598778410E-15 ) ) ;
#22 = CARTESIAN_POINT ( 'NONE',  ( 19.29518434380089431, -59.00000000000000000, 13.71237377232965038 ) ) ;
#23 = CARTESIAN_POINT ( 'NONE',  ( 16.34774291689000947, -13.46184700804748857, -23.21126625834799739 ) ) ;
#24 = CARTESIAN_POINT ( 'NONE',  ( -11.92958565362185652, 15.19176184243417360, 25.76217610100221833 ) ) ;
#25 = EDGE_CURVE ( 'NONE', #3146, #325, #3087, .T. ) ;
#26 = CARTESIAN_POINT ( 'NONE',  ( -7.544260377843428955, 19.66666666666640495, 24.63780231803239573 ) ) ;
#27 = CARTESIAN_POINT ( 'NONE',  ( -16.99314229127270792, 4.333711015453934223, -20.05973602087910734 ) ) ;
#28 = VERTEX_POINT ( 'NONE', #1323 ) ;
#29 = CARTESIAN_POINT ( 'NONE',  ( -11.72282751905899012, 14.99999999999999822, 23.70843439619844872 ) ) ;
#30 = CARTESIAN_POINT ( 'NONE',  ( 10.69781965423930004, -15.79119993234648689, 23.67633323440775328 ) ) ;
#31 = CARTESIAN_POINT ( 'NONE',  ( -28.29041368555334302, 12.57126396078852260, 2.392893673631475870 ) ) ;
#32 = CARTESIAN_POINT ( 'NONE',  ( -25.76133240805642188, 7.796406481319745119, 5.247713002646036351 ) ) ;
#33 = CARTESIAN_POINT ( 'NONE',  ( -1.374093563344093161, 14.99999999999992717, -24.47941186013665416 ) ) ;
#34 = CARTESIAN_POINT ( 'NONE',  ( -28.17371833870864606, 14.99999999999998224, 2.663016841433014203 ) ) ;
#35 = CARTESIAN_POINT ( 'NONE',  ( -7.924077697264771736, -10.42861572403220549, -25.07126484213305417 ) ) ;
#36 = VECTOR ( 'NONE', #4112, 1000.000000000000000 ) ;
#37 = CARTESIAN_POINT ( 'NONE',  ( -13.96220163756016497, -2.332193618625157061, -24.72068622487770995 ) ) ;
#38 = CARTESIAN_POINT ( 'NONE',  ( -4.628573982581674962, -6.999999999999966249, -9.480970566741131478 ) ) ;
#39 = CARTESIAN_POINT ( 'NONE',  ( 24.18953358083575722, -13.33470492116344275, -6.127754494934390728 ) ) ;
#40 = VERTEX_POINT ( 'NONE', #2156 ) ;
#41 = CARTESIAN_POINT ( 'NONE',  ( -15.26062610920310725, -16.58239986469302352, 21.02785905280677881 ) ) ;
#42 = CARTESIAN_POINT ( 'NONE',  ( -24.80672576529151030, -16.99999999999997513, -7.583505541783281956 ) ) ;
#43 = CARTESIAN_POINT ( 'NONE',  ( -7.595947443982471903, 12.51847658883926862, 25.17592465723813433 ) ) ;
#44 = CARTESIAN_POINT ( 'NONE',  ( 25.86545857163424245, 14.99999999999999467, -2.445005701234172601 ) ) ;
#45 = CARTESIAN_POINT ( 'NONE',  ( -15.59284162451189459, -17.37359979703943580, -16.80636457275902984 ) ) ;
#46 = EDGE_LOOP ( 'NONE', ( #3002, #3560, #19, #3738 ) ) ;
#47 = CARTESIAN_POINT ( 'NONE',  ( 35.37532167764070579, 11.00000000000008349, 32.35281273492683596 ) ) ;
#48 = CARTESIAN_POINT ( 'NONE',  ( -8.645948312595923113, -16.99999999999992539, -25.57619683441995306 ) ) ;
#49 = AXIS2_PLACEMENT_3D ( 'NONE', #5128, #212, #239 ) ;
#50 = CARTESIAN_POINT ( 'NONE',  ( 19.29518434380088365, 59.00000000000000000, -13.71237377232966281 ) ) ;
#51 = CARTESIAN_POINT ( 'NONE',  ( 11.57822051898720339, -13.39814191866190995, -23.61199819899051633 ) ) ;
#52 = CARTESIAN_POINT ( 'NONE',  ( 14.98062071299307085, -5.416705061991576642, -24.02068073311343710 ) ) ;
#53 = CARTESIAN_POINT ( 'NONE',  ( -14.72688479616965829, 4.275707347949762926, -24.27741922735501490 ) ) ;
#54 = ORIENTED_EDGE ( 'NONE', *, *, #5429, .T. ) ;
#55 = FACE_OUTER_BOUND ( 'NONE', #1030, .T. ) ;
#56 = ADVANCED_FACE ( 'NONE', ( #5687, #1718 ), #2616, .T. ) ;
#58 = AXIS2_PLACEMENT_3D ( 'NONE', #231, #1604, #3407 ) ;
#57 = CARTESIAN_POINT ( 'NONE',  ( -2.193472712272560354, -15.00000000000001776, -22.80764515377490653 ) ) ;
#59 = CARTESIAN_POINT ( 'NONE',  ( 14.99775007482426581, -17.37359979703940382, -21.78686229573402855 ) ) ;
#60 = CARTESIAN_POINT ( 'NONE',  ( 10.01407704095025331, -20.39633502492586103, 23.98881065309469562 ) ) ;
#61 = B_SPLINE_SURFACE_WITH_KNOTS ( 'NONE', 3, 3, ( 
 ( #4636, #211, #5531, #4690, #1997, #2924, #3762, #1552, #3336, #5102 ),
 ( #1102, #2897, #4665, #4228, #237, #3414, #754, #5273, #4843, #3930 ),
 ( #2573, #4313, #1249, #2545, #1158, #1282, #3045, #288, #3959, #2082 ),
 ( #4371, #1732, #378, #5214, #5187, #5672, #2169, #2142, #1645, #5731 ),
 ( #4720, #3904, #4815, #3385, #812, #3501, #838, #782, #3470, #1676 ),
 ( #319, #4344, #2630, #4779, #349, #2601, #1703, #726, #5155, #4752 ),
 ( #1191, #2954, #4282, #3075, #5242, #404, #5700, #2112, #2516, #4400 ),
 ( #2199, #3849, #5611, #2985, #3441, #3878, #5642, #1220, #3015, #3190 ),
 ( #1312, #2291, #4547, #5388, #3133, #868, #1876, #4871, #4050, #7 ),
 ( #436, #4429, #2775, #3216, #4959, #3555, #2660, #2231, #956, #2745 ) ),
 .UNSPECIFIED., .F., .F., .F.,
 ( 4, 3, 3, 4 ),
 ( 4, 3, 3, 4 ),
 ( -0.02734807928996491055, -0.02598076211353281609, 0.000000000000000000, 0.001367371141285472508 ),
 ( -0.03237359979703945123, -0.03000000000000000583, 0.000000000000000000, 0.0003707376473142526534 ),
 .UNSPECIFIED. ) ;
#62 = CARTESIAN_POINT ( 'NONE',  ( -25.55553747848200175, 13.75841115175363605, 6.208853643054801807 ) ) ;
#63 = CARTESIAN_POINT ( 'NONE',  ( 11.78061893396766813, 14.99999999999992895, -25.73066422110565199 ) ) ;
#64 = EDGE_CURVE ( 'NONE', #938, #5741, #392, .T. ) ;
#65 = CARTESIAN_POINT ( 'NONE',  ( -28.38883113349205800, -1.182227120571517798, -0.3581175319770704690 ) ) ;
#66 = CARTESIAN_POINT ( 'NONE',  ( -16.05276239965591500, 11.45884744511064035, -23.41611333039218223 ) ) ;
#67 = AXIS2_PLACEMENT_3D ( 'NONE', #1328, #2252, #5747 ) ;
#68 = CARTESIAN_POINT ( 'NONE',  ( -12.07981615472072967, -14.25799546455453282, -25.69254828369483690 ) ) ;
#69 = VECTOR ( 'NONE', #2729, 1000.000000000000000 ) ;
#70 = FACE_OUTER_BOUND ( 'NONE', #516, .T. ) ;
#71 = CARTESIAN_POINT ( 'NONE',  ( 26.23429999093061227, -13.06256360200633182, -1.834534337501439127 ) ) ;
#72 = CARTESIAN_POINT ( 'NONE',  ( 17.60268167584941068, 11.33294628761020562, -17.68806723930337199 ) ) ;
#73 = ORIENTED_EDGE ( 'NONE', *, *, #3436, .T. ) ;
#74 = CARTESIAN_POINT ( 'NONE',  ( 2.080030025121971882, -15.79119993234651176, 22.82214378850028424 ) ) ;
#75 = CARTESIAN_POINT ( 'NONE',  ( -25.63966805408182736, -16.99999999999997868, -6.441996543133810427 ) ) ;
#76 = CARTESIAN_POINT ( 'NONE',  ( -3.038823744356986989, 11.21237434621424001, 24.76623348176272188 ) ) ;
#77 = CARTESIAN_POINT ( 'NONE',  ( -13.50560306036277503, 5.000000000000043521, -22.52642332736122199 ) ) ;
#78 = VERTEX_POINT ( 'NONE', #1384 ) ;
#79 = CARTESIAN_POINT ( 'NONE',  ( 35.37532167764071289, 11.00000000000008171, 30.95281273492684093 ) ) ;
#80 = CARTESIAN_POINT ( 'NONE',  ( -26.02019436661125695, -4.999999999999880984, -0.8199129144714956130 ) ) ;
#81 = CARTESIAN_POINT ( 'NONE',  ( 1.374093563344263025, 15.00000000000004974, 24.47941186013665416 ) ) ;
#82 = CARTESIAN_POINT ( 'NONE',  ( 11.78220355678039333, -14.76204280967608184, -23.51469188121802034 ) ) ;
#83 = CARTESIAN_POINT ( 'NONE',  ( 2.390672241206771798, -58.99999999999990763, -25.29067060337578710 ) ) ;
#84 = CARTESIAN_POINT ( 'NONE',  ( -18.41934634915486768, -3.788971576539266195, -16.81827309312388152 ) ) ;
#85 = ORIENTED_EDGE ( 'NONE', *, *, #1777, .T. ) ;
#86 = CARTESIAN_POINT ( 'NONE',  ( 21.50004548454977638, -19.66666666666673535, -11.46087217120537893 ) ) ;
#87 = CARTESIAN_POINT ( 'NONE',  ( -6.445525135413880946, 15.12357921577139308, -21.98818156607047314 ) ) ;
#88 = CARTESIAN_POINT ( 'NONE',  ( 10.31327534059423989, -18.38117820633493338, 23.85207394759883570 ) ) ;
#89 = CARTESIAN_POINT ( 'NONE',  ( -25.83923902155544994, -5.370869003955920817, -4.855280769424105358 ) ) ;
#90 = CARTESIAN_POINT ( 'NONE',  ( -26.11299450224795748, -5.613327809125354229, 3.061691102865041092 ) ) ;
#91 = CARTESIAN_POINT ( 'NONE',  ( 10.81529223615050306, 15.00000000000000178, -23.62264705418633426 ) ) ;
#92 = DIRECTION ( 'NONE',  ( 0.09410831331851654546, 1.666203464053941505E-14, 0.9955619646030797742 ) ) ;
#93 = CARTESIAN_POINT ( 'NONE',  ( -14.19614956449645682, -0.8206566904504267734, -24.58702288916670753 ) ) ;
#94 = EDGE_CURVE ( 'NONE', #4634, #879, #4999, .T. ) ;
#95 = CARTESIAN_POINT ( 'NONE',  ( 45.58542902264171914, 11.00000000000003730, 12.86554232566848022 ) ) ;
#96 = CARTESIAN_POINT ( 'NONE',  ( -10.77197970475831390, 8.038506712521934716, -23.98285357377590543 ) ) ;
#97 = CARTESIAN_POINT ( 'NONE',  ( 23.16241956285044168, 7.855352637847092367, -9.262087790742958404 ) ) ;
#98 = EDGE_CURVE ( 'NONE', #4785, #4071, #1296, .T. ) ;
#99 = CARTESIAN_POINT ( 'NONE',  ( 17.89931506897709212, 8.605573035132856319, -17.38015191545162708 ) ) ;
#100 = EDGE_CURVE ( 'NONE', #4115, #4936, #2730, .T. ) ;
#101 = EDGE_LOOP ( 'NONE', ( #4024, #3861, #2205, #1081 ) ) ;
#102 = CARTESIAN_POINT ( 'NONE',  ( 10.58034707232776128, -16.58239986469302352, 23.73001941462932862 ) ) ;
#103 = CARTESIAN_POINT ( 'NONE',  ( -23.97373300858480860, -16.99999999999997513, -8.724977715294864211 ) ) ;
#104 = B_SPLINE_CURVE_WITH_KNOTS ( 'NONE', 3,
 ( #5714, #3513, #5742, #5285 ),
 .UNSPECIFIED., .F., .F.,
 ( 4, 4 ),
 ( 0.02667706425120509872, 0.02829969659178801708 ),
 .UNSPECIFIED. ) ;
#105 = CARTESIAN_POINT ( 'NONE',  ( -14.50455059489171461, -1.182227072493005071, 24.40639019322658854 ) ) ;
#106 = CARTESIAN_POINT ( 'NONE',  ( -26.02019436661125695, -4.999999999999880984, -0.8199129144714956130 ) ) ;
#107 = ORIENTED_EDGE ( 'NONE', *, *, #158, .F. ) ;
#108 = CARTESIAN_POINT ( 'NONE',  ( 16.27927702856494108, 11.00000000000006217, 26.59239365377977293 ) ) ;
#109 = CARTESIAN_POINT ( 'NONE',  ( 1.605530004327616062E-15, -14.99999999999993960, -19.50000000000003908 ) ) ;
#110 = EDGE_CURVE ( 'NONE', #5418, #301, #5243, .T. ) ;
#111 = PRODUCT ( 'VAKKAS_NAMLU', 'VAKKAS_NAMLU', '', ( #5027 ) ) ;
#112 = CARTESIAN_POINT ( 'NONE',  ( 8.237594198227144560, 8.426039949347305935, -24.96706649425039970 ) ) ;
#113 = FACE_BOUND ( 'NONE', #2636, .T. ) ;
#114 = CARTESIAN_POINT ( 'NONE',  ( -11.25796340191452494, -17.55035103501958105, -26.06541866700471388 ) ) ;
#115 = ORIENTED_EDGE ( 'NONE', *, *, #3898, .T. ) ;
#116 = CARTESIAN_POINT ( 'NONE',  ( 25.83921978514934636, -5.370869443473817562, 4.855311389858096405 ) ) ;
#117 = CARTESIAN_POINT ( 'NONE',  ( 12.15812988984860255, 15.12357921577138065, -23.76069796167509551 ) ) ;
#118 = CARTESIAN_POINT ( 'NONE',  ( 13.29190002531826309, 5.000000000000021316, 22.93005683075121937 ) ) ;
#119 = CARTESIAN_POINT ( 'NONE',  ( -22.40883088688962843, -20.32028244100644088, -11.06987227118563588 ) ) ;
#120 = CARTESIAN_POINT ( 'NONE',  ( -28.33587318543010625, 10.72063737118073057, 1.759258841516538219 ) ) ;
#121 = CARTESIAN_POINT ( 'NONE',  ( 14.99775007482426581, -17.37359979703940382, -21.78686229573402855 ) ) ;
#122 = CARTESIAN_POINT ( 'NONE',  ( -5.466479252323114046, 4.514496778482732786, -24.33670119667657161 ) ) ;
#123 = CARTESIAN_POINT ( 'NONE',  ( -15.32938698112542752, 6.610177251058391157, -23.89635452328168697 ) ) ;
#124 = CARTESIAN_POINT ( 'NONE',  ( 25.89808895004082956, 3.326327640285668963, -4.522943329960410708 ) ) ;
#125 = CARTESIAN_POINT ( 'NONE',  ( 25.63283244900028990, 11.15442535700015547, -5.812806766161566330 ) ) ;
#126 = ORIENTED_EDGE ( 'NONE', *, *, #4673, .T. ) ;
#127 = CARTESIAN_POINT ( 'NONE',  ( -14.61638606297794318, -3.549631200772490836, 24.34456917741637838 ) ) ;
#128 = CARTESIAN_POINT ( 'NONE',  ( -15.35064510034140106, -16.99999999999994316, -20.54008615202275223 ) ) ;
#129 = AXIS2_PLACEMENT_3D ( 'NONE', #3206, #944, #1805 ) ;
#130 = EDGE_CURVE ( 'NONE', #1567, #2176, #2759, .T. ) ;
#131 = CARTESIAN_POINT ( 'NONE',  ( -11.37435943429749052, -12.03424264668894850, 23.70929540986876916 ) ) ;
#132 = DIRECTION ( 'NONE',  ( 0.000000000000000000, -2.478176394252590410E-15, -1.000000000000000000 ) ) ;
#133 = CARTESIAN_POINT ( 'NONE',  ( -14.51563811972347828, 15.24715843154274708, -22.39831849418007437 ) ) ;
#134 = VERTEX_POINT ( 'NONE', #109 ) ;
#135 = CARTESIAN_POINT ( 'NONE',  ( 23.09769934187110607, 59.00000000000152767, 10.57495240868053976 ) ) ;
#136 = DIRECTION ( 'NONE',  ( 0.8857850187006701681, 1.019632797253517751E-16, -0.4640957882220584363 ) ) ;
#137 = CARTESIAN_POINT ( 'NONE',  ( 31.96177762983965565, 15.00000000000001599, -1.317106958709630904 ) ) ;
#138 = CARTESIAN_POINT ( 'NONE',  ( 11.92955674257846965, 15.19176217335242818, -25.76217333560645883 ) ) ;
#139 = CARTESIAN_POINT ( 'NONE',  ( -26.39351384460604422, -15.00000000000000000, -1.701959748368616854 ) ) ;
#140 = CARTESIAN_POINT ( 'NONE',  ( 26.23820314929535513, -4.999999999999877431, 1.221656527342113607 ) ) ;
#141 = CARTESIAN_POINT ( 'NONE',  ( -14.48096271162319404, -14.99999999999999822, 22.42088989536997090 ) ) ;
#142 = ORIENTED_EDGE ( 'NONE', *, *, #5006, .F. ) ;
#143 = CARTESIAN_POINT ( 'NONE',  ( 22.95706363178868159, -11.38919098221495219, 9.777374558972752538 ) ) ;
#144 = PRESENTATION_LAYER_ASSIGNMENT (  '', '', ( #1529 ) ) ;
#145 = CARTESIAN_POINT ( 'NONE',  ( 16.72487516034250987, -17.37359979703941448, -20.80234182558342582 ) ) ;
#146 = CARTESIAN_POINT ( 'NONE',  ( -16.68363649864055276, -19.99999999999994316, -18.58781106201921318 ) ) ;
#147 = CARTESIAN_POINT ( 'NONE',  ( -26.30301804336247429, -19.01552579114141750, 0.8488649509215571154 ) ) ;
#148 = CARTESIAN_POINT ( 'NONE',  ( 14.86043706684091426, -15.00000000000000178, -21.59204601730467488 ) ) ;
#149 = CARTESIAN_POINT ( 'NONE',  ( -10.81529223615034496, 15.00000000000001954, 23.62264705418640176 ) ) ;
#150 = CARTESIAN_POINT ( 'NONE',  ( 2.041522640843787428, -13.27469962257594460, -24.40940315649813641 ) ) ;
#151 =( GEOMETRIC_REPRESENTATION_CONTEXT ( 3 ) GLOBAL_UNCERTAINTY_ASSIGNED_CONTEXT ( ( #2248 ) ) GLOBAL_UNIT_ASSIGNED_CONTEXT ( ( #2381, #2270, #4939 ) ) REPRESENTATION_CONTEXT ( 'NONE', 'WORKASPACE' ) );
#152 = CARTESIAN_POINT ( 'NONE',  ( -7.126400702057620329, 15.42357359921078874, -23.92581106187286366 ) ) ;
#153 = CARTESIAN_POINT ( 'NONE',  ( 28.08465519105842034, -19.99999999999999645, 3.548887639991163301 ) ) ;
#154 = CYLINDRICAL_SURFACE ( 'NONE', #2309, 2.100000000000000977 ) ;
#155 = CARTESIAN_POINT ( 'NONE',  ( 25.58517431471867809, 12.51856532315268922, -6.032559335127772648 ) ) ;
#156 = ORIENTED_EDGE ( 'NONE', *, *, #4474, .F. ) ;
#157 = CARTESIAN_POINT ( 'NONE',  ( -11.26905987760466488, 14.99999999999999822, 23.66554072519242879 ) ) ;
#158 = EDGE_CURVE ( 'NONE', #134, #3341, #1890, .T. ) ;
#159 = DIRECTION ( 'NONE',  ( 0.000000000000000000, -2.478176394252580549E-15, 1.000000000000000000 ) ) ;
#160 = CARTESIAN_POINT ( 'NONE',  ( -14.08585238578922194, 1.546697472334666479, 24.65512705612993472 ) ) ;
#161 = CARTESIAN_POINT ( 'NONE',  ( -15.05016633548381400, 14.99999999999996447, -21.17764135295203332 ) ) ;
#162 = CARTESIAN_POINT ( 'NONE',  ( 0.8246162924848590148, -19.66666666666668561, -24.35002165774370653 ) ) ;
#163 = ORIENTED_EDGE ( 'NONE', *, *, #3545, .F. ) ;
#164 = CARTESIAN_POINT ( 'NONE',  ( -7.951909277762941208, 14.99999999999992362, -23.85863258014342136 ) ) ;
#165 = CARTESIAN_POINT ( 'NONE',  ( -24.63813655284474535, 14.99999999999997158, -5.042760846939748909 ) ) ;
#166 = CARTESIAN_POINT ( 'NONE',  ( -26.24492760650895562, 15.00000000000000000, 3.273837958662915604 ) ) ;
#167 = CARTESIAN_POINT ( 'NONE',  ( -16.14822028489941985, 13.82960972767257424, -23.35126495453326001 ) ) ;
#168 = EDGE_CURVE ( 'NONE', #1915, #4482, #2360, .T. ) ;
#169 = ORIENTED_EDGE ( 'NONE', *, *, #3545, .T. ) ;
#170 = ADVANCED_FACE ( 'NONE', ( #5455 ), #2713, .T. ) ;
#171 = CARTESIAN_POINT ( 'NONE',  ( 22.40880989548876556, -20.32028286100716841, 11.06989986618607524 ) ) ;
#172 = B_SPLINE_CURVE_WITH_KNOTS ( 'NONE', 3,
 ( #2733, #4506, #3572, #83 ),
 .UNSPECIFIED., .F., .F.,
 ( 4, 4 ),
 ( -0.1179999999999999938, 0.000000000000000000 ),
 .UNSPECIFIED. ) ;
#173 = CARTESIAN_POINT ( 'NONE',  ( 14.88071716236751385, 3.629542860964683815, 24.18446083925815415 ) ) ;
#174 = FACE_OUTER_BOUND ( 'NONE', #1773, .T. ) ;
#175 = FACE_OUTER_BOUND ( 'NONE', #389, .T. ) ;
#176 = CARTESIAN_POINT ( 'NONE',  ( 18.72454127710165039, -15.79119993234647268, -13.21243073663998935 ) ) ;
#177 = CARTESIAN_POINT ( 'NONE',  ( 10.81529223615049951, 14.99999999999996803, -23.62264705418633426 ) ) ;
#178 = CARTESIAN_POINT ( 'NONE',  ( -5.882880969862765319, 7.241921926359758288, -24.24017275644221314 ) ) ;
#179 = CARTESIAN_POINT ( 'NONE',  ( 0.8446867610743908905, -5.490958455184260956, -24.46723332586995170 ) ) ;
#180 = CARTESIAN_POINT ( 'NONE',  ( -15.99355010438358349, -12.76621725717567024, 23.45857659766588910 ) ) ;
#181 = CARTESIAN_POINT ( 'NONE',  ( -14.77971145028308619, -15.79119993234651176, 21.93327763302827194 ) ) ;
#182 = ORIENTED_EDGE ( 'NONE', *, *, #5597, .T. ) ;
#183 = CARTESIAN_POINT ( 'NONE',  ( -12.15815880217470912, 15.12357921577141262, 23.76070071548212326 ) ) ;
#184 = PLANE ( 'NONE',  #1445 ) ;
#185 = B_SPLINE_CURVE_WITH_KNOTS ( 'NONE', 3,
 ( #3317, #5083, #1134, #2931 ),
 .UNSPECIFIED., .F., .F.,
 ( 4, 4 ),
 ( -0.1180000000000000215, 0.000000000000000000 ),
 .UNSPECIFIED. ) ;
#186 = DIRECTION ( 'NONE',  ( -0.9092361090470687524, -1.666203464053939611E-14, 0.4162807922604007116 ) ) ;
#187 = CARTESIAN_POINT ( 'NONE',  ( 25.93365037332254985, -9.619759798110139926, 1.569419589476463317 ) ) ;
#188 = DIRECTION ( 'NONE',  ( 0.000000000000000000, 2.478176394252582521E-15, -1.000000000000000000 ) ) ;
#189 = ORIENTED_EDGE ( 'NONE', *, *, #2065, .T. ) ;
#190 = CARTESIAN_POINT ( 'NONE',  ( -22.30080859480222699, -59.00000000000000711, 2.144728874221968340 ) ) ;
#191 = CARTESIAN_POINT ( 'NONE',  ( -19.29518434380088721, -59.00000000000000000, -13.71237377232964150 ) ) ;
#192 = EDGE_CURVE ( 'NONE', #325, #4885, #3629, .T. ) ;
#193 = CARTESIAN_POINT ( 'NONE',  ( 13.77417658376347553, -3.549639067148627980, 24.83042937165017250 ) ) ;
#194 = CARTESIAN_POINT ( 'NONE',  ( -26.23975049413503768, 15.24715843154274708, 3.314631341915554419 ) ) ;
#195 = ORIENTED_EDGE ( 'NONE', *, *, #4789, .F. ) ;
#196 = CARTESIAN_POINT ( 'NONE',  ( -14.99773984502932755, -17.37359979703953528, 21.78688546995667252 ) ) ;
#197 = ORIENTED_EDGE ( 'NONE', *, *, #840, .F. ) ;
#198 = CARTESIAN_POINT ( 'NONE',  ( 20.14773666219252846, -12.93915254588927155, 13.93013089047146735 ) ) ;
#199 = EDGE_CURVE ( 'NONE', #1266, #598, #3570, .T. ) ;
#200 = CARTESIAN_POINT ( 'NONE',  ( 8.250220334597710092, -8.350974643040940393, 24.96637166126988561 ) ) ;
#201 = CARTESIAN_POINT ( 'NONE',  ( 15.63387260647423460, -19.38875661563042740, -20.76222292722104257 ) ) ;
#202 = FACE_OUTER_BOUND ( 'NONE', #2408, .T. ) ;
#203 = DIRECTION ( 'NONE',  ( 0.000000000000000000, 2.486656477032805712E-15, -1.000000000000000000 ) ) ;
#204 = CARTESIAN_POINT ( 'NONE',  ( 14.96755905637515838, -15.79119993234646913, -21.51800237794777715 ) ) ;
#205 = CARTESIAN_POINT ( 'NONE',  ( 13.36910285249024177, -17.06670184368915599, 23.24907623999983741 ) ) ;
#206 = CARTESIAN_POINT ( 'NONE',  ( 1.302926491514536433, -8.470239494809007397, -24.45172472675819719 ) ) ;
#207 = CARTESIAN_POINT ( 'NONE',  ( -12.79320505089307503, 8.100495178905001481, 25.34611720503975363 ) ) ;
#208 = CARTESIAN_POINT ( 'NONE',  ( 28.27779931360608856, 13.82974285581386553, -2.336361416783239608 ) ) ;
#209 = ORIENTED_EDGE ( 'NONE', *, *, #94, .F. ) ;
#210 = CARTESIAN_POINT ( 'NONE',  ( -11.70442367781921256, 15.12357921577141262, 23.71748389071062846 ) ) ;
#211 = CARTESIAN_POINT ( 'NONE',  ( 26.64311438260851972, -16.58239986469298088, 1.594911248400482595 ) ) ;
#212 = DIRECTION ( 'NONE',  ( -3.077328825588625039E-14, 1.000000000000000000, -1.343869396613636827E-14 ) ) ;
#213 = B_SPLINE_CURVE_WITH_KNOTS ( 'NONE', 3,
 ( #609, #5095, #5013, #5494 ),
 .UNSPECIFIED., .F., .F.,
 ( 4, 4 ),
 ( -0.03000000000000000583, 0.000000000000000000 ),
 .UNSPECIFIED. ) ;
#214 = CARTESIAN_POINT ( 'NONE',  ( 17.07278405860908777, -20.20968872001133576, -22.69977734040005046 ) ) ;
#215 = DIRECTION ( 'NONE',  ( 1.003456252704766818E-16, -1.000000000000000000, -2.539663957332261757E-15 ) ) ;
#216 = ORIENTED_EDGE ( 'NONE', *, *, #158, .T. ) ;
#217 = CARTESIAN_POINT ( 'NONE',  ( -20.67542919205936158, 19.66666666666647956, 12.88914948653471981 ) ) ;
#218 =( LENGTH_UNIT ( ) NAMED_UNIT ( * ) SI_UNIT ( .MILLI., .METRE. ) );
#219 = DIRECTION ( 'NONE',  ( 1.003456252704766818E-16, -1.000000000000000000, -2.539663957332261757E-15 ) ) ;
#220 = CARTESIAN_POINT ( 'NONE',  ( 11.82630959935609738, -15.82957098918683769, 25.80964939186218032 ) ) ;
#221 = VECTOR ( 'NONE', #215, 1000.000000000000000 ) ;
#222 = CARTESIAN_POINT ( 'NONE',  ( -25.86545857163426732, -15.00000000000000000, -2.445005701233982087 ) ) ;
#223 = CARTESIAN_POINT ( 'NONE',  ( -18.86309633623712045, -17.37359979703952817, 13.03044087347331192 ) ) ;
#224 = ORIENTED_EDGE ( 'NONE', *, *, #3094, .F. ) ;
#225 = CARTESIAN_POINT ( 'NONE',  ( 18.23373407504529453, -5.551438957485638426, 17.02285542223270909 ) ) ;
#226 = CARTESIAN_POINT ( 'NONE',  ( 11.44531526695899082, 12.50793560084135869, 23.67593972726089646 ) ) ;
#227 = CARTESIAN_POINT ( 'NONE',  ( 9.181334144249740703, -20.39633502492586103, 25.07400375424679595 ) ) ;
#228 = CARTESIAN_POINT ( 'NONE',  ( -22.59359987800038994, -17.34478413898040117, -10.63997025063783930 ) ) ;
#229 = DIRECTION ( 'NONE',  ( 4.064784181921418638E-16, -1.000000000000000000, 2.538572003884065318E-15 ) ) ;
#230 = DIRECTION ( 'NONE',  ( 0.000000000000000000, -2.478176394252582521E-15, 1.000000000000000000 ) ) ;
#231 = CARTESIAN_POINT ( 'NONE',  ( 27.49044597861076866, -4.370412079999190347, -1.401920075140880684 ) ) ;
#232 = CARTESIAN_POINT ( 'NONE',  ( 7.635490324817548746, 12.26661530686167012, -25.16362540277982518 ) ) ;
#233 = CARTESIAN_POINT ( 'NONE',  ( -18.57809476170016083, -17.28816055519867589, 18.62720301902050224 ) ) ;
#234 = CARTESIAN_POINT ( 'NONE',  ( 28.35134355810055240, 7.005018978334320856, -1.128016390096483246 ) ) ;
#235 = ORIENTED_EDGE ( 'NONE', *, *, #3036, .F. ) ;
#236 = CARTESIAN_POINT ( 'NONE',  ( -18.24690812798681705, -14.52123606476697226, 18.94137471402420303 ) ) ;
#237 = CARTESIAN_POINT ( 'NONE',  ( 26.50576751695693289, -4.999999999999873879, 0.04617827609019098389 ) ) ;
#238 = CARTESIAN_POINT ( 'NONE',  ( -3.010952877151000795, 15.00000000000005151, 24.89499976191655506 ) ) ;
#239 = DIRECTION ( 'NONE',  ( 0.5792811723426805059, 2.878063948779637218E-14, 0.8151277957285530951 ) ) ;
#240 = CARTESIAN_POINT ( 'NONE',  ( -7.755697309248036575, -20.00000000000008171, 23.74235869604133953 ) ) ;
#241 = CARTESIAN_POINT ( 'NONE',  ( -14.48096789581105348, 15.00000000000000178, -22.42087857212209911 ) ) ;
#242 = ORIENTED_EDGE ( 'NONE', *, *, #4798, .F. ) ;
#243 = LINE ( 'NONE', #1133, #1246 ) ;
#244 = CARTESIAN_POINT ( 'NONE',  ( 35.37532167764070579, 15.00000000000008527, 32.35281273492682885 ) ) ;
#245 = VECTOR ( 'NONE', #2844, 999.9999999999998863 ) ;
#246 = CARTESIAN_POINT ( 'NONE',  ( -14.50160899311597440, -14.55325488971726067, -21.94100280811484183 ) ) ;
#247 = CARTESIAN_POINT ( 'NONE',  ( 12.69956115708206035, -10.37264596506173220, 25.39304149658347143 ) ) ;
#248 = CARTESIAN_POINT ( 'NONE',  ( -18.65526374753394379, 14.99999999999999112, -13.30342566822326056 ) ) ;
#249 = AXIS2_PLACEMENT_3D ( 'NONE', #2757, #2006, #1467 ) ;
#250 = CARTESIAN_POINT ( 'NONE',  ( -10.51396742816146279, 15.24715843154278971, 24.01052985464030343 ) ) ;
#251 = ORIENTED_EDGE ( 'NONE', *, *, #5077, .F. ) ;
#252 = CARTESIAN_POINT ( 'NONE',  ( 19.89238703497564487, 10.83469240015165092, 15.06138264825514739 ) ) ;
#253 = CARTESIAN_POINT ( 'NONE',  ( 10.09317528677078535, 3.568925393500769871, 24.27574463299167107 ) ) ;
#254 = DIRECTION ( 'NONE',  ( 1.003456252704766818E-16, -1.000000000000000000, -2.539663957332261757E-15 ) ) ;
#255 = CARTESIAN_POINT ( 'NONE',  ( 39.25533786581391382, 11.00000000000010125, 38.63040834680357705 ) ) ;
#256 = CARTESIAN_POINT ( 'NONE',  ( 15.08305988932305297, 15.24715843154282702, 21.15428079438603959 ) ) ;
#257 = CARTESIAN_POINT ( 'NONE',  ( 7.210321751783864919, -15.97732183007041762, -23.90293786845313662 ) ) ;
#258 = CARTESIAN_POINT ( 'NONE',  ( 2.227671861124489894, 59.00000000000105871, 23.56630669860016170 ) ) ;
#259 = CARTESIAN_POINT ( 'NONE',  ( -14.96755383631319525, -15.79119993234651176, 21.51801391795390117 ) ) ;
#260 = VERTEX_POINT ( 'NONE', #4532 ) ;
#261 = CARTESIAN_POINT ( 'NONE',  ( -14.56042229582509506, 14.12513686885849573, 21.90122818404583072 ) ) ;
#262 = CARTESIAN_POINT ( 'NONE',  ( 26.99502332946607552, -11.66353072211517095, -0.4563438138412697631 ) ) ;
#263 = EDGE_CURVE ( 'NONE', #2014, #1924, #3260, .T. ) ;
#264 = CARTESIAN_POINT ( 'NONE',  ( 28.16073382889943133, 15.00000000000001776, -2.681248504240198116 ) ) ;
#265 = CARTESIAN_POINT ( 'NONE',  ( -10.61624936133268093, -19.38875661563051978, -23.97477412437558186 ) ) ;
#266 = DIRECTION ( 'NONE',  ( 0.000000000000000000, -2.478176394252587255E-15, -1.000000000000000000 ) ) ;
#267 = CARTESIAN_POINT ( 'NONE',  ( 13.34499263326804552, 4.636982365301652642, -25.06348264066378206 ) ) ;
#268 = EDGE_LOOP ( 'NONE', ( #1597, #5397 ) ) ;
#269 = CARTESIAN_POINT ( 'NONE',  ( 0.8184562742715899564, 14.99999999999992717, -24.68692428528065008 ) ) ;
#270 = CARTESIAN_POINT ( 'NONE',  ( -19.29518434380086944, 59.00000000000000000, 13.71237377232966281 ) ) ;
#271 = CARTESIAN_POINT ( 'NONE',  ( 15.03273319399558972, 4.637148324904146079, 24.08883826432591846 ) ) ;
#272 = CARTESIAN_POINT ( 'NONE',  ( -25.86167451138909712, 15.24715843154274708, 2.485172633762714245 ) ) ;
#273 = CARTESIAN_POINT ( 'NONE',  ( -25.84097318153079215, -16.58239986469303062, -2.702160361822636858 ) ) ;
#274 = ORIENTED_EDGE ( 'NONE', *, *, #5402, .F. ) ;
#275 = CARTESIAN_POINT ( 'NONE',  ( 17.60975473393700241, 9.286458338148516845, 19.52363373511679256 ) ) ;
#276 = CARTESIAN_POINT ( 'NONE',  ( 11.84042393764548251, -15.74590231743744972, 25.80341788516867396 ) ) ;
#277 = CARTESIAN_POINT ( 'NONE',  ( 35.37532167764070579, 23.00000000000007816, 29.55281273492681393 ) ) ;
#278 = CARTESIAN_POINT ( 'NONE',  ( -19.89054393002430743, -15.91718662322743505, -14.31028131725549279 ) ) ;
#279 = DIRECTION ( 'NONE',  ( 0.000000000000000000, 2.538572003884065318E-15, 1.000000000000000000 ) ) ;
#280 = CARTESIAN_POINT ( 'NONE',  ( 16.00680008240035690, 15.37073764731424319, 21.05453473362840811 ) ) ;
#281 = B_SPLINE_CURVE_WITH_KNOTS ( 'NONE', 3,
 ( #187, #3090, #4258, #1198 ),
 .UNSPECIFIED., .F., .F.,
 ( 4, 4 ),
 ( 3.847802807769244528E-17, 0.005407209587661764363 ),
 .UNSPECIFIED. ) ;
#282 = CARTESIAN_POINT ( 'NONE',  ( 25.84097318153077794, -16.58239986469298088, 2.702160361822807833 ) ) ;
#283 = CARTESIAN_POINT ( 'NONE',  ( -28.21904532867159432, -18.72173749588841218, -3.173039386558034636 ) ) ;
#284 = CARTESIAN_POINT ( 'NONE',  ( -14.42762305569462100, -2.332193152563710292, 24.45199768643419347 ) ) ;
#285 = CARTESIAN_POINT ( 'NONE',  ( -15.49986430126851822, -18.38117820633504707, 20.85759541497758462 ) ) ;
#286 = ORIENTED_EDGE ( 'NONE', *, *, #2801, .T. ) ;
#287 = CARTESIAN_POINT ( 'NONE',  ( -20.17336864108220595, 12.63643802426576279, 13.89115133483826270 ) ) ;
#288 = CARTESIAN_POINT ( 'NONE',  ( 26.05294758056215798, 15.12357921577141617, -2.879650492310708465 ) ) ;
#289 = CARTESIAN_POINT ( 'NONE',  ( 19.29518434380084813, 59.00000000000108713, -13.71237377232965926 ) ) ;
#290 = CARTESIAN_POINT ( 'NONE',  ( -15.52032421361008296, 15.12357921577137532, -21.12268920751510848 ) ) ;
#291 = CARTESIAN_POINT ( 'NONE',  ( 17.11071240074755195, 14.99999999999994316, 27.02801363657540179 ) ) ;
#292 = CARTESIAN_POINT ( 'NONE',  ( 15.47818886397929461, 7.303983940275516673, -21.25202414601056233 ) ) ;
#293 = ORIENTED_EDGE ( 'NONE', *, *, #1582, .T. ) ;
#294 = LINE ( 'NONE', #2089, #3946 ) ;
#295 = ITEM_DEFINED_TRANSFORMATION ( 'NONE', 'NONE', #2767,  #2313 ) ;
#296 = CARTESIAN_POINT ( 'NONE',  ( 11.91759865094241455, -14.16682716568323919, 25.67378149413345767 ) ) ;
#297 = ADVANCED_FACE ( 'NONE', ( #1027 ), #4060, .T. ) ;
#298 = CARTESIAN_POINT ( 'NONE',  ( 12.13969353358202241, 15.24715843154275596, -23.77007058936116835 ) ) ;
#299 = CARTESIAN_POINT ( 'NONE',  ( -26.33293078615455585, -20.39633502492598893, -2.595486402040136475 ) ) ;
#300 = CARTESIAN_POINT ( 'NONE',  ( 26.37779405933405030, -17.37359979703941093, 4.082995851188290004 ) ) ;
#301 = VERTEX_POINT ( 'NONE', #244 ) ;
#302 = CARTESIAN_POINT ( 'NONE',  ( 15.80710815509120692, 15.24715843154280215, -16.58872531220056601 ) ) ;
#303 = CARTESIAN_POINT ( 'NONE',  ( -26.39215540211319322, 15.12357921577139663, 1.722413703707731836 ) ) ;
#304 = ORIENTED_EDGE ( 'NONE', *, *, #199, .T. ) ;
#305 = CARTESIAN_POINT ( 'NONE',  ( 19.60240437206133635, 7.855352398905347755, 15.42821689837369625 ) ) ;
#306 = CIRCLE ( 'NONE', #3843, 2.100000000000000977 ) ;
#307 = UNCERTAINTY_MEASURE_WITH_UNIT (LENGTH_MEASURE( 1.000000000000000082E-05 ), #3247, 'distance_accuracy_value', 'NONE');
#308 = CARTESIAN_POINT ( 'NONE',  ( 2.133677186630075884, 13.87576267735761704, 24.40380848711518169 ) ) ;
#309 = CARTESIAN_POINT ( 'NONE',  ( -15.05016633548354221, -15.00000000000001954, 21.17764135295220740 ) ) ;
#310 = VECTOR ( 'NONE', #2304, 1000.000000000000114 ) ;
#311 = CARTESIAN_POINT ( 'NONE',  ( -24.17312210429616215, 12.69672018550448200, -6.204442848570423052 ) ) ;
#312 = CARTESIAN_POINT ( 'NONE',  ( 13.71929715842294151, 5.000000000000031086, 22.12280670378011038 ) ) ;
#313 = EDGE_CURVE ( 'NONE', #1018, #2235, #5458, .T. ) ;
#314 = CARTESIAN_POINT ( 'NONE',  ( 12.40742564461040587, 12.21120757523337375, -25.53696677426868433 ) ) ;
#315 = CARTESIAN_POINT ( 'NONE',  ( -19.93856012574116576, 15.36340750948611955, 14.23961893931043754 ) ) ;
#316 = CARTESIAN_POINT ( 'NONE',  ( -13.50651304702541822, -4.999999999999904965, 22.52789704507715385 ) ) ;
#317 = ORIENTED_EDGE ( 'NONE', *, *, #5253, .T. ) ;
#318 = CARTESIAN_POINT ( 'NONE',  ( -23.20300984773588482, 7.121054931183389058, 9.154301864029632085 ) ) ;
#319 = CARTESIAN_POINT ( 'NONE',  ( 15.59284162451202072, -17.37359979703945356, 16.80636457275904050 ) ) ;
#320 = CARTESIAN_POINT ( 'NONE',  ( -8.096279414434610189, 19.66666666666639784, 26.44056830245904521 ) ) ;
#321 = DIRECTION ( 'NONE',  ( 0.09410831331851622628, 1.670866968351573400E-14, 0.9955619646030797742 ) ) ;
#322 = CARTESIAN_POINT ( 'NONE',  ( -1.708677497080089092, -18.38117820633496891, -22.86960479981510019 ) ) ;
#323 = DIRECTION ( 'NONE',  ( 0.000000000000000000, -3.304235192336776695E-15, 1.000000000000000000 ) ) ;
#324 = CARTESIAN_POINT ( 'NONE',  ( 28.41863755542901870, 15.00000000000001954, -3.173490112346143199 ) ) ;
#325 = VERTEX_POINT ( 'NONE', #2007 ) ;
#326 = CARTESIAN_POINT ( 'NONE',  ( 12.05847001285737718, -15.79119993234651176, 23.81119997239063579 ) ) ;
#327 = CARTESIAN_POINT ( 'NONE',  ( 17.56483247470329090, -19.66666666666666785, -18.85242224173265413 ) ) ;
#328 = CARTESIAN_POINT ( 'NONE',  ( 26.94634354765213757, -19.66666666666671759, 6.208700502194049342 ) ) ;
#329 = CIRCLE ( 'NONE', #859, 2.100000000000000977 ) ;
#330 = CARTESIAN_POINT ( 'NONE',  ( 1.104304433685457720, 7.181484475882993657, 24.45587394132659043 ) ) ;
#331 = CARTESIAN_POINT ( 'NONE',  ( -26.65754148109193267, -15.00000000000000000, -1.330436771935934459 ) ) ;
#332 = ORIENTED_EDGE ( 'NONE', *, *, #1193, .T. ) ;
#333 = CARTESIAN_POINT ( 'NONE',  ( 25.82873048647904213, -17.37359979703941093, 2.830737692117121451 ) ) ;
#334 = CARTESIAN_POINT ( 'NONE',  ( -26.26126150304758511, 5.000000000000060396, 0.4329755264102952972 ) ) ;
#335 = ORIENTED_EDGE ( 'NONE', *, *, #3164, .T. ) ;
#336 = VECTOR ( 'NONE', #4686, 1000.000000000000000 ) ;
#337 = CARTESIAN_POINT ( 'NONE',  ( 16.86601681856604529, 3.326327345158582194, 20.16695234869373365 ) ) ;
#338 = EDGE_CURVE ( 'NONE', #5081, #2235, #3794, .T. ) ;
#339 = CARTESIAN_POINT ( 'NONE',  ( -3.790625750252966775, 6.365692211563097835, 24.65270050287074710 ) ) ;
#340 = EDGE_CURVE ( 'NONE', #4290, #2543, #1951, .T. ) ;
#341 = CARTESIAN_POINT ( 'NONE',  ( -2.227671861124521868, -59.00000000000073186, 23.56630669860020788 ) ) ;
#342 = CARTESIAN_POINT ( 'NONE',  ( -23.53594034074163943, -0.9404692717549308911, -8.244236997811627887 ) ) ;
#343 = CARTESIAN_POINT ( 'NONE',  ( 6.479881783030434050, 15.37073764731424852, 21.97925819148433035 ) ) ;
#344 = EDGE_LOOP ( 'NONE', ( #4725, #2190, #3277, #107 ) ) ;
#345 = CARTESIAN_POINT ( 'NONE',  ( -17.56483251191346184, 19.66666666666636232, -18.85242229899299460 ) ) ;
#346 = CARTESIAN_POINT ( 'NONE',  ( -22.53789400271347532, -18.89247897757311989, 9.657182472567919618 ) ) ;
#347 = CARTESIAN_POINT ( 'NONE',  ( -22.32089337154670261, -16.58239986469301286, 5.210146446255101260 ) ) ;
#348 = CARTESIAN_POINT ( 'NONE',  ( -21.48081128179033783, -3.728470916923820155, 11.73964543115396353 ) ) ;
#349 = CARTESIAN_POINT ( 'NONE',  ( 16.83965145582186551, -4.999999999999953815, 15.53996122882298003 ) ) ;
#350 = CARTESIAN_POINT ( 'NONE',  ( -28.19294631060157030, -14.16682716568326583, -2.515947563243560836 ) ) ;
#351 = CARTESIAN_POINT ( 'NONE',  ( -4.628573982581674962, -6.999999999999966249, -9.480970566741131478 ) ) ;
#352 = CARTESIAN_POINT ( 'NONE',  ( -15.50391593658118516, 15.00000000000000000, -21.13474938726186991 ) ) ;
#353 = CARTESIAN_POINT ( 'NONE',  ( 17.48756522926295176, 12.44494828084967430, -17.80425011002486357 ) ) ;
#354 = DIRECTION ( 'NONE',  ( 0.000000000000000000, 2.478176394252584099E-15, 1.000000000000000000 ) ) ;
#355 = EDGE_LOOP ( 'NONE', ( #4997, #4266, #3944, #2391 ) ) ;
#356 = CARTESIAN_POINT ( 'NONE',  ( 11.03368510044587048, -16.58239986469302352, 23.77703741561136397 ) ) ;
#357 = CARTESIAN_POINT ( 'NONE',  ( 21.14032406166635170, -16.99999999999996447, -12.79086599426820392 ) ) ;
#358 = B_SPLINE_CURVE_WITH_KNOTS ( 'NONE', 3,
 ( #2925, #1128, #700, #3796, #2491, #4256, #5159, #4173, #4721, #1160, #5502, #1647, #1521 ),
 .UNSPECIFIED., .F., .F.,
 ( 4, 3, 3, 3, 4 ),
 ( 0.000000000000000000, 0.006607043611316525990, 0.01321408729173008043, 0.01982113106267603328, 0.02829930038049557200 ),
 .UNSPECIFIED. ) ;
#359 = CARTESIAN_POINT ( 'NONE',  ( -0.5738950907383977285, -3.728474973553295602, 24.47274347030687025 ) ) ;
#360 = CARTESIAN_POINT ( 'NONE',  ( -14.68773970931262340, 15.12357921577137532, -21.99505271332375855 ) ) ;
#361 = EDGE_LOOP ( 'NONE', ( #5334, #1286, #1292, #2883, #2245 ) ) ;
#362 = CARTESIAN_POINT ( 'NONE',  ( 20.84183587795855885, 15.12357921577138775, -9.520697841019613250 ) ) ;
#363 = CARTESIAN_POINT ( 'NONE',  ( -10.81529223615034496, 15.00000000000001954, 23.62264705418640176 ) ) ;
#364 = ORIENTED_EDGE ( 'NONE', *, *, #64, .T. ) ;
#365 = CARTESIAN_POINT ( 'NONE',  ( -16.41141513877597546, 14.99999999999999645, -21.04896545588146139 ) ) ;
#366 = EDGE_CURVE ( 'NONE', #4640, #2153, #2285, .T. ) ;
#367 = CARTESIAN_POINT ( 'NONE',  ( -7.635508141640324098, 12.26661509745901846, 25.16362680594222212 ) ) ;
#368 = CARTESIAN_POINT ( 'NONE',  ( 14.71534908509156914, -3.666651200642025987, -24.18350830686504693 ) ) ;
#369 = CARTESIAN_POINT ( 'NONE',  ( -28.32434355883858501, 10.09455207256956299, 1.950252514450455665 ) ) ;
#370 = CARTESIAN_POINT ( 'NONE',  ( 15.06661311240350010, 15.12357921577141262, 21.16596107366900625 ) ) ;
#371 = ADVANCED_FACE ( 'NONE', ( #4643, #3740, #734, #4152, #1527 ), #2063, .F. ) ;
#372 = CARTESIAN_POINT ( 'NONE',  ( 14.88873598261556985, -16.58239986469293470, -21.86005842437507951 ) ) ;
#373 = CARTESIAN_POINT ( 'NONE',  ( 26.08433953046268527, -18.38117820633493693, 2.628157442298830304 ) ) ;
#374 = PRODUCT_DEFINITION_SHAPE ( 'NONE', 'NONE',  #1259 ) ;
#375 = CARTESIAN_POINT ( 'NONE',  ( -17.81246702336543564, 9.465787629497677713, 17.46880442786171272 ) ) ;
#376 = CARTESIAN_POINT ( 'NONE',  ( -19.12776727535669963, -20.39633502492604578, 12.68279981081478702 ) ) ;
#377 = CARTESIAN_POINT ( 'NONE',  ( -24.08445617258179183, -10.60756404650143558, 6.519715410084083729 ) ) ;
#378 = CARTESIAN_POINT ( 'NONE',  ( 25.85321587658251730, -15.79119993234649044, 2.573583031528484000 ) ) ;
#379 = LINE ( 'NONE', #2144, #3873 ) ;
#380 = CARTESIAN_POINT ( 'NONE',  ( 15.36585599606302921, -17.37359979703940382, -20.95296790273392773 ) ) ;
#381 = CARTESIAN_POINT ( 'NONE',  ( 24.48336728084551694, -20.43997931851237837, -5.029043590500202221 ) ) ;
#382 = CARTESIAN_POINT ( 'NONE',  ( 17.24262022156305108, -6.336162131950546339, -19.85047109353378758 ) ) ;
#383 = ORIENTED_EDGE ( 'NONE', *, *, #3753, .F. ) ;
#384 = CARTESIAN_POINT ( 'NONE',  ( 11.48702312856397967, -16.58239986469302352, 23.82405541659340287 ) ) ;
#385 = CARTESIAN_POINT ( 'NONE',  ( -15.05016633548379268, 15.00000000000000178, -21.17764135295207595 ) ) ;
#386 = CARTESIAN_POINT ( 'NONE',  ( -14.82243286680061978, 4.333344362906863090, -24.13201827909127317 ) ) ;
#387 = CARTESIAN_POINT ( 'NONE',  ( 7.125989126761886894, 15.42356828145206649, 23.92585105807675916 ) ) ;
#388 = CARTESIAN_POINT ( 'NONE',  ( -14.67070070903529988, 15.00000000000000178, -22.00646616573208902 ) ) ;
#389 = EDGE_LOOP ( 'NONE', ( #5313, #4359, #5559, #1618, #4421, #13, #4494, #4882 ) ) ;
#390 = CARTESIAN_POINT ( 'NONE',  ( 26.65643299138406164, 15.12357921577139841, -1.351099633717714354 ) ) ;
#391 = CARTESIAN_POINT ( 'NONE',  ( -25.86167451138910067, 15.24715843154279327, 2.485172633762721350 ) ) ;
#392 = LINE ( 'NONE', #4973, #1522 ) ;
#393 = CARTESIAN_POINT ( 'NONE',  ( -15.08989216700033431, 5.000000000000044409, -22.08635516533521326 ) ) ;
#394 = CARTESIAN_POINT ( 'NONE',  ( -6.532997032868662401, -11.50983870017583932, 24.08241891821775837 ) ) ;
#395 = CARTESIAN_POINT ( 'NONE',  ( 20.51274575890841234, 14.99999999999996625, -13.42970586310095982 ) ) ;
#396 = CARTESIAN_POINT ( 'NONE',  ( -20.31874453112446233, 15.30324145670711289, -14.50371555737165252 ) ) ;
#397 = CARTESIAN_POINT ( 'NONE',  ( -24.22901884631644620, 14.06172836163040607, -5.998039256338414837 ) ) ;
#398 = CARTESIAN_POINT ( 'NONE',  ( -11.23231722932276710, 15.24715843154282702, 23.68299340668583852 ) ) ;
#399 = AXIS2_PLACEMENT_3D ( 'NONE', #324, #2087, #2550 ) ;
#400 = CARTESIAN_POINT ( 'NONE',  ( 25.78195795262985257, -20.39633502492586459, 3.321960213630229308 ) ) ;
#401 = CARTESIAN_POINT ( 'NONE',  ( -23.71284342096403108, -2.572180523002417285, 7.722861854704059503 ) ) ;
#402 = CARTESIAN_POINT ( 'NONE',  ( -26.39676015040102186, -16.58239986469303062, -3.951438007505525540 ) ) ;
#403 = CARTESIAN_POINT ( 'NONE',  ( -28.34727190095748384, 9.733945576699179369, 1.584535188056943822 ) ) ;
#404 = CARTESIAN_POINT ( 'NONE',  ( 13.71929715842294328, 5.000000000000023981, 22.12280670378009617 ) ) ;
#405 = CARTESIAN_POINT ( 'NONE',  ( 9.293014608094901874, 59.00000000000000711, 20.38543120514405160 ) ) ;
#406 = CARTESIAN_POINT ( 'NONE',  ( -23.06517865960278968, 15.00000000000000711, 9.839938199747617631 ) ) ;
#407 = CARTESIAN_POINT ( 'NONE',  ( 15.58145964923306614, 6.548646158264441297, -21.17308841663007613 ) ) ;
#408 = CARTESIAN_POINT ( 'NONE',  ( 26.27460652592361967, -17.48566631154882245, -1.127741940587903446 ) ) ;
#409 = ORIENTED_EDGE ( 'NONE', *, *, #1919, .F. ) ;
#410 = EDGE_CURVE ( 'NONE', #3935, #768, #185, .T. ) ;
#411 = CARTESIAN_POINT ( 'NONE',  ( 11.82225230050679698, -17.37359979703953528, 23.93094686276024419 ) ) ;
#412 = CARTESIAN_POINT ( 'NONE',  ( 10.96890074411652982, -20.00000000000005684, 26.09646867198036091 ) ) ;
#413 = CIRCLE ( 'NONE', #5069, 1.399999999999998579 ) ;
#414 = EDGE_CURVE ( 'NONE', #40, #1691, #419, .T. ) ;
#415 = CARTESIAN_POINT ( 'NONE',  ( -0.1543264051316957097, -1.000981187098913372, 24.47476921990210030 ) ) ;
#416 = CARTESIAN_POINT ( 'NONE',  ( -11.82220012521876917, -4.999999999999887201, -23.72345181969352268 ) ) ;
#417 = VERTEX_POINT ( 'NONE', #3826 ) ;
#418 = CARTESIAN_POINT ( 'NONE',  ( 21.40712985991826400, 5.000000000000062172, -8.170794980046956368 ) ) ;
#419 = LINE ( 'NONE', #1083, #4186 ) ;
#420 = CARTESIAN_POINT ( 'NONE',  ( 17.56483251191345119, 19.66666666666638363, 18.85242229899301591 ) ) ;
#421 = VECTOR ( 'NONE', #3304, 1000.000000000000000 ) ;
#422 = B_SPLINE_SURFACE_WITH_KNOTS ( 'NONE', 3, 3, ( 
 ( #3714, #2442, #4204, #5480 ),
 ( #190, #1526, #3315, #5082 ),
 ( #1082, #4641, #217, #2005 ),
 ( #3053, #2120, #2961, #4822 ) ),
 .UNSPECIFIED., .F., .F., .F.,
 ( 4, 4 ),
 ( 4, 4 ),
 ( -0.02540341184434352986, 0.000000000000000000 ),
 ( -0.1179999999999999938, 0.000000000000000000 ),
 .UNSPECIFIED. ) ;
#423 = CARTESIAN_POINT ( 'NONE',  ( -16.07910999212235836, -11.63584811985041334, 23.39853682403748891 ) ) ;
#424 = CARTESIAN_POINT ( 'NONE',  ( 21.87782692589685496, -4.999999999999952927, -6.813585337205655179 ) ) ;
#425 = CARTESIAN_POINT ( 'NONE',  ( -21.50391784773328752, 58.99999999999999289, 6.285494660236658149 ) ) ;
#426 = CARTESIAN_POINT ( 'NONE',  ( -22.76538503764378873, -14.57823759811358855, -10.24005872497056302 ) ) ;
#427 = ORIENTED_EDGE ( 'NONE', *, *, #3936, .F. ) ;
#428 = CARTESIAN_POINT ( 'NONE',  ( -10.81529223615034141, 14.99999999999999822, 23.62264705418640887 ) ) ;
#429 = CIRCLE ( 'NONE', #4707, 1.399999999999995914 ) ;
#430 = CARTESIAN_POINT ( 'NONE',  ( 14.95493409218334513, -18.38117820633491561, -22.11167487191426773 ) ) ;
#431 = CARTESIAN_POINT ( 'NONE',  ( 15.67256586566755772, -16.58239986469296667, 16.72538747179563856 ) ) ;
#432 = CARTESIAN_POINT ( 'NONE',  ( -10.46287449041607154, -17.37359979703941093, -23.78370559485096791 ) ) ;
#433 = CARTESIAN_POINT ( 'NONE',  ( -14.37298970116912145, 15.48687231202331915, 22.02761529767892057 ) ) ;
#434 = CARTESIAN_POINT ( 'NONE',  ( -25.97487569708913924, -19.38875661563057662, -3.578200626770215553 ) ) ;
#435 = CARTESIAN_POINT ( 'NONE',  ( -26.13131724324090399, -6.578491600560487207, 2.903023807848617910 ) ) ;
#436 = CARTESIAN_POINT ( 'NONE',  ( 9.652901828615242152, -17.37359979703946777, 24.88536089443268651 ) ) ;
#437 = CARTESIAN_POINT ( 'NONE',  ( -11.78061893396747628, 15.00000000000004796, 25.73066422110573725 ) ) ;
#438 = CARTESIAN_POINT ( 'NONE',  ( 19.94598242779528618, -11.38919086678760983, -14.99272156006617784 ) ) ;
#439 = CARTESIAN_POINT ( 'NONE',  ( 20.50282280382362998, -17.30258174085528466, -14.26192622441472757 ) ) ;
#440 = ORIENTED_EDGE ( 'NONE', *, *, #2628, .T. ) ;
#441 = CARTESIAN_POINT ( 'NONE',  ( 6.445525135414047035, 15.12357921577141795, 21.98818156607040919 ) ) ;
#442 = CARTESIAN_POINT ( 'NONE',  ( 21.88683932225260165, 15.00000000000002665, 11.04970599703561440 ) ) ;
#443 = EDGE_CURVE ( 'NONE', #4226, #3883, #4561, .T. ) ;
#444 = B_SPLINE_CURVE_WITH_KNOTS ( 'NONE', 3,
 ( #5436, #5117, #2396, #2426 ),
 .UNSPECIFIED., .F., .F.,
 ( 4, 4 ),
 ( -0.02999999999999999889, 0.000000000000000000 ),
 .UNSPECIFIED. ) ;
#445 = EDGE_CURVE ( 'NONE', #4325, #2894, #5737, .T. ) ;
#446 = CARTESIAN_POINT ( 'NONE',  ( 8.136986937550323873, -9.064463852088785245, 24.99999539419706096 ) ) ;
#447 = CARTESIAN_POINT ( 'NONE',  ( -10.16367619077206541, -19.38875661563048425, -23.92044230034683139 ) ) ;
#448 = EDGE_LOOP ( 'NONE', ( #4452, #3663 ) ) ;
#449 = CARTESIAN_POINT ( 'NONE',  ( 17.56483251191345119, 19.66666666666638363, 18.85242229899301591 ) ) ;
#450 = CARTESIAN_POINT ( 'NONE',  ( -4.430814155393864695, -16.99999999999992895, -25.12435066662742855 ) ) ;
#451 = VERTEX_POINT ( 'NONE', #5618 ) ;
#452 = CARTESIAN_POINT ( 'NONE',  ( -11.36910117944694498, -17.37359979703941093, -23.88186371227477878 ) ) ;
#453 = CARTESIAN_POINT ( 'NONE',  ( 7.016792317436161497, -14.69865054640432511, -23.95633343448575303 ) ) ;
#454 = FACE_BOUND ( 'NONE', #5046, .T. ) ;
#455 = CARTESIAN_POINT ( 'NONE',  ( -12.30003177048230789, -4.999999999999894307, -22.94410579012986062 ) ) ;
#456 = CARTESIAN_POINT ( 'NONE',  ( -16.93410063796838116, -17.42280910705483876, -18.35555281767099700 ) ) ;
#457 = VERTEX_POINT ( 'NONE', #3054 ) ;
#458 = CARTESIAN_POINT ( 'NONE',  ( -15.09096540999504121, -4.999999999999899636, 22.08798011934282002 ) ) ;
#459 = CARTESIAN_POINT ( 'NONE',  ( 15.06661311240350010, 15.12357921577141440, 21.16596107366900625 ) ) ;
#460 = CARTESIAN_POINT ( 'NONE',  ( -28.29889301635435217, 13.70386472100813968, 2.286897652045865925 ) ) ;
#461 = CARTESIAN_POINT ( 'NONE',  ( -26.12460411320893883, 15.37073764731418812, 2.134297843164272290 ) ) ;
#462 = CARTESIAN_POINT ( 'NONE',  ( -28.27543005808150767, -13.46184739464240820, -2.551953813451201647 ) ) ;
#463 = CARTESIAN_POINT ( 'NONE',  ( -7.495076904634282222, -13.15701948423741996, -25.20653830452080868 ) ) ;
#464 = CARTESIAN_POINT ( 'NONE',  ( 1.760951913633662214, -11.44951474193856100, -24.42625383310651088 ) ) ;
#465 = CARTESIAN_POINT ( 'NONE',  ( -2.227671861124499664, 59.00000000000014211, -23.56630669860016525 ) ) ;
#466 = CARTESIAN_POINT ( 'NONE',  ( 28.27547493662252265, 15.19176217335275325, -2.549787472842302449 ) ) ;
#467 = CARTESIAN_POINT ( 'NONE',  ( 18.90231051297860887, -0.9404592553773263308, -16.27009829391078810 ) ) ;
#468 = ORIENTED_EDGE ( 'NONE', *, *, #94, .T. ) ;
#469 = CARTESIAN_POINT ( 'NONE',  ( -15.49986430126851822, -18.38117820633505417, 20.85759541497758462 ) ) ;
#470 = DIRECTION ( 'NONE',  ( -0.09410831331850988413, -2.537836196336435816E-15, 0.9955619646030803294 ) ) ;
#471 = B_SPLINE_SURFACE_WITH_KNOTS ( 'NONE', 3, 3, ( 
 ( #3748, #2369, #1538, #5092 ),
 ( #2017, #602, #2886, #2476 ),
 ( #3376, #5143, #1571, #2796 ),
 ( #4655, #4568, #2397, #660 ) ),
 .UNSPECIFIED., .F., .F., .F.,
 ( 4, 4 ),
 ( 4, 4 ),
 ( -0.02453738644055909746, -0.0008660254037844394544 ),
 ( -0.1179999999999999938, 0.000000000000000000 ),
 .UNSPECIFIED. ) ;
#472 = FILL_AREA_STYLE ('',( #4087 ) ) ;
#473 = CARTESIAN_POINT ( 'NONE',  ( -9.717129417092383648, -1.122474516562481206, 24.42362101647086092 ) ) ;
#474 = CARTESIAN_POINT ( 'NONE',  ( -12.30003177048230789, -4.999999999999894307, -22.94410579012986062 ) ) ;
#475 = EDGE_LOOP ( 'NONE', ( #5445, #3600, #1824, #169, #3835 ) ) ;
#476 = DIRECTION ( 'NONE',  ( -3.773173425613459862E-16, 1.000000000000000000, -2.513482421598778410E-15 ) ) ;
#477 =( LENGTH_UNIT ( ) NAMED_UNIT ( * ) SI_UNIT ( .MILLI., .METRE. ) );
#478 = CARTESIAN_POINT ( 'NONE',  ( 7.024193768933358853E-16, -6.999999999999941380, -19.50000000000001776 ) ) ;
#479 = EDGE_CURVE ( 'NONE', #1208, #4436, #1769, .T. ) ;
#480 = EDGE_CURVE ( 'NONE', #1809, #704, #846, .T. ) ;
#481 = CARTESIAN_POINT ( 'NONE',  ( 11.16926991371767741, -10.67031914176313023, -23.80423406067171754 ) ) ;
#482 = CARTESIAN_POINT ( 'NONE',  ( -12.88129288512137904, 9.230067503370310789, 25.30146183561633322 ) ) ;
#483 = CARTESIAN_POINT ( 'NONE',  ( -22.30115773733881568, 15.36340768954697467, -10.14747707710107782 ) ) ;
#484 = EDGE_LOOP ( 'NONE', ( #251, #1228 ) ) ;
#485 = EDGE_CURVE ( 'NONE', #4176, #4071, #2239, .T. ) ;
#486 = CARTESIAN_POINT ( 'NONE',  ( -15.95770161839215184, -14.99999999999999822, 21.09185401094025991 ) ) ;
#487 = CARTESIAN_POINT ( 'NONE',  ( 15.95768234212677150, -15.00000000000000533, -21.09185583308372713 ) ) ;
#488 = CARTESIAN_POINT ( 'NONE',  ( 15.27540491559928348, -19.38875661563042740, -21.60043447680331852 ) ) ;
#489 = CARTESIAN_POINT ( 'NONE',  ( 20.84873645980647083, -14.99999999999999822, 9.504219485551509194 ) ) ;
#490 = CARTESIAN_POINT ( 'NONE',  ( 20.04430135746640218, -19.66666666666666430, -10.67116779585562192 ) ) ;
#491 = CARTESIAN_POINT ( 'NONE',  ( -26.12623254251068516, 15.24715843154279327, 2.114024639383701665 ) ) ;
#492 = CARTESIAN_POINT ( 'NONE',  ( 31.03358605302140205, -0.4963296639993485804, 0.4544630784956381619 ) ) ;
#493 = CARTESIAN_POINT ( 'NONE',  ( -10.86716588230185465, 8.668047582397740314, -23.94048886083373162 ) ) ;
#494 = B_SPLINE_CURVE_WITH_KNOTS ( 'NONE', 3,
 ( #2912, #1929, #146, #3696, #5463, #5174 ),
 .UNSPECIFIED., .F., .F.,
 ( 4, 2, 4 ),
 ( 0.1148837435959575021, 0.1290377267037813025, 0.1431917098116051168 ),
 .UNSPECIFIED. ) ;
#495 = VECTOR ( 'NONE', #1680, 1000.000000000000000 ) ;
#496 = CARTESIAN_POINT ( 'NONE',  ( -13.49972833668419447, -5.313144938102069226, -24.98198732981850867 ) ) ;
#497 = CARTESIAN_POINT ( 'NONE',  ( 26.74664666870989294, 5.000000000000060396, 0.3407617871801594811 ) ) ;
#498 = CARTESIAN_POINT ( 'NONE',  ( 28.25598264404437643, -14.61751399257767936, 2.758216597985698737 ) ) ;
#499 = CARTESIAN_POINT ( 'NONE',  ( 15.29658321763372264, 8.667914021335759500, -21.38598241859358140 ) ) ;
#500 = ORIENTED_EDGE ( 'NONE', *, *, #1633, .F. ) ;
#501 = CARTESIAN_POINT ( 'NONE',  ( -12.29926402927483764, 5.000000000000050626, 22.94266321315194901 ) ) ;
#502 = DIRECTION ( 'NONE',  ( -0.9955619646030793302, -1.391032035867732375E-16, 0.09410831331852129167 ) ) ;
#503 = CARTESIAN_POINT ( 'NONE',  ( -16.34591810035879789, 15.19176217078199720, -23.21238606799424176 ) ) ;
#504 = LINE ( 'NONE', #4666, #4321 ) ;
#505 = CARTESIAN_POINT ( 'NONE',  ( -15.83201434797851270, -14.99999999999999112, -16.56343326986882758 ) ) ;
#506 = ORIENTED_EDGE ( 'NONE', *, *, #1151, .T. ) ;
#507 = CARTESIAN_POINT ( 'NONE',  ( 19.29518434380086944, 59.00000000000054712, -13.71237377232966281 ) ) ;
#508 = DIRECTION ( 'NONE',  ( 1.003456252704766818E-16, -1.000000000000000000, -2.539663957332261757E-15 ) ) ;
#509 = AXIS2_PLACEMENT_3D ( 'NONE', #4399, #5299, #3641 ) ;
#510 = CARTESIAN_POINT ( 'NONE',  ( 21.52285620492538953, 59.00000000000000000, 9.853932926270511317 ) ) ;
#511 = EDGE_CURVE ( 'NONE', #4226, #1361, #5215, .T. ) ;
#512 = CARTESIAN_POINT ( 'NONE',  ( 8.024144175021483250, 9.790171160706952591, -25.03826326685000581 ) ) ;
#513 = CYLINDRICAL_SURFACE ( 'NONE', #129, 1.399999999999996803 ) ;
#514 = CARTESIAN_POINT ( 'NONE',  ( 25.86167451138912199, 15.24715843154279682, -2.485172633762544603 ) ) ;
#515 = CARTESIAN_POINT ( 'NONE',  ( -19.52937169740374657, 7.121055170437736059, -15.51722804246706922 ) ) ;
#516 = EDGE_LOOP ( 'NONE', ( #3365, #563, #5294, #3800, #4585, #3608, #4688 ) ) ;
#517 = CARTESIAN_POINT ( 'NONE',  ( -16.27188801658510542, -17.37359979703953528, 20.85254838503255570 ) ) ;
#518 = ADVANCED_FACE ( 'NONE', ( #1230 ), #2760, .T. ) ;
#519 = EDGE_CURVE ( 'NONE', #4750, #4115, #691, .T. ) ;
#521 = PRESENTATION_LAYER_ASSIGNMENT (  '', '', ( #1159 ) ) ;
#520 = CARTESIAN_POINT ( 'NONE',  ( 15.50392433880520926, -15.00000000000000355, -21.13474859301795306 ) ) ;
#522 = CARTESIAN_POINT ( 'NONE',  ( 10.81529223615083346, -14.99999999999999822, 23.62264705418618149 ) ) ;
#523 = B_SPLINE_SURFACE_WITH_KNOTS ( 'NONE', 3, 3, ( 
 ( #1171, #1036, #5439, #5168, #1425, #548, #5412, #1507, #2371, #2344 ),
 ( #121, #2798, #3328, #1451, #3243, #5011, #576, #5520, #4135, #1901 ),
 ( #3750, #2827, #204, #148, #2966, #4733, #738, #3699, #1874, #4599 ),
 ( #4163, #3297, #3668, #605, #1988, #4076, #91, #3214, #4627, #4984 ),
 ( #2400, #2773, #176, #1962, #3724, #4544, #635, #2642, #302, #2529 ),
 ( #2154, #1745, #2128, #5624, #3862, #418, #4357, #362, #1293, #4827 ),
 ( #333, #1234, #2095, #4413, #4297, #1206, #3029, #4764, #5685, #1322 ),
 ( #5229, #766, #4794, #3000, #4856, #796, #3917, #3540, #823, #3487 ),
 ( #4883, #1661, #2560, #4326, #5656, #2587, #3890, #5257, #3427, #5199 ),
 ( #1689, #3456, #1716, #2614, #1264, #3059, #4384, #390, #2214, #2183 ) ),
 .UNSPECIFIED., .F., .F., .F.,
 ( 4, 3, 3, 4 ),
 ( 4, 3, 3, 4 ),
 ( -0.02734807911809033695, -0.02598076211353312487, 0.000000000000000000, 0.001367342323596497594 ),
 ( -0.03237359979703938184, -0.02999999999999999889, 0.000000000000000000, 0.0003707376473141932392 ),
 .UNSPECIFIED. ) ;
#524 = CARTESIAN_POINT ( 'NONE',  ( -28.22881115339203006, -16.10497021111282834, -3.024390675395235650 ) ) ;
#525 = CARTESIAN_POINT ( 'NONE',  ( -26.37780572182282057, -17.37359979703954593, -4.083022450014602178 ) ) ;
#526 = CARTESIAN_POINT ( 'NONE',  ( -28.36934545465343049, 7.004814081241170776, 1.100002248067998956 ) ) ;
#527 = CARTESIAN_POINT ( 'NONE',  ( -8.988229731103068332, -3.607941541680805386, -24.70547628786587779 ) ) ;
#528 = CIRCLE ( 'NONE', #3412, 2.099999999999999201 ) ;
#529 = CARTESIAN_POINT ( 'NONE',  ( -7.782201975624267298, -11.33122121414916350, -25.11619044027344572 ) ) ;
#530 = DIRECTION ( 'NONE',  ( 0.000000000000000000, 2.478176394252580549E-15, -1.000000000000000000 ) ) ;
#531 = CARTESIAN_POINT ( 'NONE',  ( 14.74392840853148812, 12.75957625645544091, -21.77794550925626993 ) ) ;
#532 = ORIENTED_EDGE ( 'NONE', *, *, #4059, .T. ) ;
#533 = CARTESIAN_POINT ( 'NONE',  ( -15.81887200632400869, -17.37359979703953528, 20.90275814388328968 ) ) ;
#534 = FACE_OUTER_BOUND ( 'NONE', #2589, .T. ) ;
#535 = CARTESIAN_POINT ( 'NONE',  ( -16.94435783659200467, -17.55035137049370420, 22.78238885450542384 ) ) ;
#536 = CARTESIAN_POINT ( 'NONE',  ( -15.05016633548379268, 15.00000000000000178, -21.17764135295207595 ) ) ;
#537 = VERTEX_POINT ( 'NONE', #1257 ) ;
#538 = CARTESIAN_POINT ( 'NONE',  ( -2.227671861124486341, -59.00000000000000000, 23.56630669860017946 ) ) ;
#539 = CARTESIAN_POINT ( 'NONE',  ( 10.76553742650312806, 15.00000000000006217, 23.59388571724796435 ) ) ;
#540 = CARTESIAN_POINT ( 'NONE',  ( 14.50452539388652617, -1.182226757955290752, -24.40639028392958565 ) ) ;
#541 = CARTESIAN_POINT ( 'NONE',  ( -28.49762582636131825, -14.99999999999991651, -29.81417988576407652 ) ) ;
#542 = CARTESIAN_POINT ( 'NONE',  ( -18.00507174848443626, 12.51847807509911270, -19.16612983009981974 ) ) ;
#543 = ORIENTED_EDGE ( 'NONE', *, *, #1633, .T. ) ;
#544 = CARTESIAN_POINT ( 'NONE',  ( 28.29030767796804113, -14.25799546260126149, 2.384846338286482847 ) ) ;
#545 = CARTESIAN_POINT ( 'NONE',  ( 14.17708716202499630, -4.999999999999912070, -22.11212221327560812 ) ) ;
#546 = CARTESIAN_POINT ( 'NONE',  ( 10.16578468150512826, -15.79119993234648689, 24.41651540068764703 ) ) ;
#547 = CARTESIAN_POINT ( 'NONE',  ( -28.39590841944362154, 0.2870930524198314626, -0.09572446909643340940 ) ) ;
#548 = CARTESIAN_POINT ( 'NONE',  ( 11.58239856668583201, 5.000000000000047073, -24.11140753965766237 ) ) ;
#549 = LINE ( 'NONE', #1762, #5441 ) ;
#550 = EDGE_CURVE ( 'NONE', #3115, #5365, #5692, .T. ) ;
#551 = CARTESIAN_POINT ( 'NONE',  ( 18.85006413320978069, 19.66666666666637653, 20.23186780026686904 ) ) ;
#552 = CARTESIAN_POINT ( 'NONE',  ( -6.448664777609767640, 10.95536785590613604, -24.10362643785323300 ) ) ;
#553 = DIRECTION ( 'NONE',  ( 0.000000000000000000, 2.478176394252580549E-15, -1.000000000000000000 ) ) ;
#554 = CARTESIAN_POINT ( 'NONE',  ( 28.37426734069697432, 6.249018928329776124, -0.9657093027268234264 ) ) ;
#555 = CARTESIAN_POINT ( 'NONE',  ( 28.31293680870540541, 11.09871287133780093, -1.853751859462630103 ) ) ;
#556 = ORIENTED_EDGE ( 'NONE', *, *, #1044, .F. ) ;
#557 = CARTESIAN_POINT ( 'NONE',  ( 10.46287449041622430, -17.37359979703953528, 23.78370559485090396 ) ) ;
#558 = CARTESIAN_POINT ( 'NONE',  ( -12.75400603534715849, -16.99999999999993250, -24.09800829045034831 ) ) ;
#559 = CARTESIAN_POINT ( 'NONE',  ( -12.58427281528411612, 11.09854975218196849, 25.44899635944237204 ) ) ;
#560 = B_SPLINE_CURVE_WITH_KNOTS ( 'NONE', 3,
 ( #5657, #1294, #2155, #1627, #5230, #1746, #824, #710, #3514, #5286, #450, #1352, #4884, #48, #4414, #2644 ),
 .UNSPECIFIED., .F., .F.,
 ( 4, 3, 3, 3, 3, 4 ),
 ( 0.000000000000000000, 0.006607043530529333950, 0.01321408698991800856, 0.01982113044808867658, 0.02406041350176843854, 0.02829969657634690688 ),
 .UNSPECIFIED. ) ;
#561 = CARTESIAN_POINT ( 'NONE',  ( -14.39811021103845334, -19.66666666666661811, -19.63489669432384943 ) ) ;
#562 = CARTESIAN_POINT ( 'NONE',  ( -26.01856118769769211, 5.000000000000060396, 0.8198565093717460339 ) ) ;
#563 = ORIENTED_EDGE ( 'NONE', *, *, #2490, .T. ) ;
#564 = CARTESIAN_POINT ( 'NONE',  ( 13.81135598322918234, -2.205106032469247967, 24.70633879866057470 ) ) ;
#565 = SHAPE_DEFINITION_REPRESENTATION ( #374, #2898 ) ;
#566 = DIRECTION ( 'NONE',  ( 0.4640957884091235219, -2.031326424932248354E-15, -0.8857850186026595685 ) ) ;
#567 = CARTESIAN_POINT ( 'NONE',  ( 7.595825548599385968, 12.51847800441474057, -25.17591493221652854 ) ) ;
#568 = CARTESIAN_POINT ( 'NONE',  ( -26.36686614119618710, -17.37359979703946067, -2.094981062650925541 ) ) ;
#569 = CARTESIAN_POINT ( 'NONE',  ( -9.965404946963882793, 15.37073764731418635, 24.76041599964256434 ) ) ;
#570 = EDGE_LOOP ( 'NONE', ( #2814, #1715, #2449, #1233, #4758, #2486 ) ) ;
#571 = CARTESIAN_POINT ( 'NONE',  ( 25.74660503102673204, -8.350975019577008496, 5.338311797116609192 ) ) ;
#572 = CARTESIAN_POINT ( 'NONE',  ( 12.29926402927499396, 5.000000000000047073, -22.94266321315185309 ) ) ;
#573 = CARTESIAN_POINT ( 'NONE',  ( 9.899767195138043263, -15.79119993234648689, 24.78660648382759035 ) ) ;
#574 = CARTESIAN_POINT ( 'NONE',  ( -23.45712869169625137, -2.451179001826182535, -8.467551741190336045 ) ) ;
#575 = CARTESIAN_POINT ( 'NONE',  ( 13.41298218539104781, 19.66666666666635876, -18.30870609644756186 ) ) ;
#576 = CARTESIAN_POINT ( 'NONE',  ( 10.28725157124118006, 15.00000000000000178, -24.36567245151092465 ) ) ;
#577 = CARTESIAN_POINT ( 'NONE',  ( 17.98546498833879781, -10.73538460350189183, 17.14921070109435419 ) ) ;
#578 = CARTESIAN_POINT ( 'NONE',  ( 1.412536830768657659, -9.183461879145527362, -24.44370632726549175 ) ) ;
#579 = CARTESIAN_POINT ( 'NONE',  ( 2.447813899501931179, -15.91718685945455292, -24.38085511972593977 ) ) ;
#580 = CARTESIAN_POINT ( 'NONE',  ( 28.17415312102549052, -19.07985224119241963, 3.556794894041773514 ) ) ;
#581 = CARTESIAN_POINT ( 'NONE',  ( -14.95491894837839197, -18.38117820633504707, 22.11170972322967643 ) ) ;
#582 = ORIENTED_EDGE ( 'NONE', *, *, #366, .T. ) ;
#583 = CARTESIAN_POINT ( 'NONE',  ( -18.57298545269381407, -17.24608731058578925, 18.63194606434405287 ) ) ;
#584 = CARTESIAN_POINT ( 'NONE',  ( 27.11143090288875612, -14.99999999999998401, -0.6785222674384333574 ) ) ;
#585 = VECTOR ( 'NONE', #1921, 1000.000000000000000 ) ;
#586 = SURFACE_STYLE_USAGE ( .BOTH. , #906 ) ;
#587 = CARTESIAN_POINT ( 'NONE',  ( -10.55167062826435931, -6.578492941685606610, 24.08189244963023867 ) ) ;
#588 = EDGE_CURVE ( 'NONE', #134, #1375, #2157, .T. ) ;
#589 = CLOSED_SHELL ( 'NONE', ( #2351, #4931, #1813, #4966, #3307, #4907, #1113, #1665, #371, #4118, #5212, #1333, #4181, #1143, #2998, #1671, #3442, #2164, #1812, #1511, #4216, #4018, #5694 ) ) ;
#590 = CARTESIAN_POINT ( 'NONE',  ( -20.70702710066435159, 59.00000000000000000, 14.71571819469524733 ) ) ;
#591 = CARTESIAN_POINT ( 'NONE',  ( 9.293014608094905427, -58.99999999999999289, -20.38543120514405871 ) ) ;
#592 = ORIENTED_EDGE ( 'NONE', *, *, #98, .F. ) ;
#593 = CARTESIAN_POINT ( 'NONE',  ( 17.11071240074754840, -1.000000000000014655, 27.02801363657536626 ) ) ;
#594 = ITEM_DEFINED_TRANSFORMATION ( 'NONE', 'NONE', #3055,  #2313 ) ;
#595 = CARTESIAN_POINT ( 'NONE',  ( -9.588257349585306955, 15.00000000000004796, 25.52117239369527013 ) ) ;
#596 = CARTESIAN_POINT ( 'NONE',  ( -21.87799691369642829, 5.000000000000056843, -6.813561579517990019 ) ) ;
#597 = CARTESIAN_POINT ( 'NONE',  ( -10.55126456647648858, 14.99999999999999822, 23.99417007731907958 ) ) ;
#598 = VERTEX_POINT ( 'NONE', #1797 ) ;
#599 = CARTESIAN_POINT ( 'NONE',  ( 23.61416653420584666, 0.5281194395947002018, 8.027720260845983447 ) ) ;
#600 = CARTESIAN_POINT ( 'NONE',  ( 7.782228732654162151, -11.33122089887798012, 25.11619239786911706 ) ) ;
#601 = CARTESIAN_POINT ( 'NONE',  ( 10.51397478259713480, 15.24715843154279682, -24.01051954258058529 ) ) ;
#602 = CARTESIAN_POINT ( 'NONE',  ( -19.26365307799058613, -19.66666666666671048, -12.02329027874901790 ) ) ;
#603 = CARTESIAN_POINT ( 'NONE',  ( -24.09869626086665662, 10.95536817805395913, -6.467083128567586492 ) ) ;
#604 = CARTESIAN_POINT ( 'NONE',  ( 24.37901735405882420, -15.00000000000000000, 4.536631687044023309 ) ) ;
#605 = CARTESIAN_POINT ( 'NONE',  ( 15.05016633548364702, -15.00000000000000178, -21.17764135295217898 ) ) ;
#606 = CARTESIAN_POINT ( 'NONE',  ( 14.26942270344211217, -10.82224288315596539, 22.69701600362794025 ) ) ;
#607 = CARTESIAN_POINT ( 'NONE',  ( -6.713330870282399054, 12.69671986283546339, -24.03676124816586324 ) ) ;
#608 = AXIS2_PLACEMENT_3D ( 'NONE', #4274, #2977, #4744 ) ;
#609 = CARTESIAN_POINT ( 'NONE',  ( 10.81529223615082635, -15.00000000000002309, 23.62264705418618149 ) ) ;
#610 = CARTESIAN_POINT ( 'NONE',  ( 10.85710726327949338, -8.593081480198673461, -23.94875611363861623 ) ) ;
#611 = CARTESIAN_POINT ( 'NONE',  ( 32.29865374360192476, 15.00000000000001243, 4.504105499531422474 ) ) ;
#612 = CARTESIAN_POINT ( 'NONE',  ( 25.76857060757058449, 7.062071357699909235, -5.151872988091410477 ) ) ;
#613 = VERTEX_POINT ( 'NONE', #3224 ) ;
#614 = CIRCLE ( 'NONE', #4527, 19.50000000000000000 ) ;
#615 = CARTESIAN_POINT ( 'NONE',  ( -15.84417501502001180, 4.576226724864691064, 20.97955382797214341 ) ) ;
#616 = DIRECTION ( 'NONE',  ( -0.4640957884091279073, -2.296166267763364248E-15, 0.8857850186026572370 ) ) ;
#617 = EDGE_CURVE ( 'NONE', #4029, #28, #2668, .T. ) ;
#618 = AXIS2_PLACEMENT_3D ( 'NONE', #1775, #508, #4972 ) ;
#619 = CARTESIAN_POINT ( 'NONE',  ( 15.05016633548363991, -14.99999999999993605, -21.17764135295219319 ) ) ;
#620 = CARTESIAN_POINT ( 'NONE',  ( 45.58542902264171914, 11.00000000000003375, 11.46554232566848341 ) ) ;
#621 = CARTESIAN_POINT ( 'NONE',  ( -10.04434990676734252, -16.58239986469297733, -24.46731351363045448 ) ) ;
#622 = ORIENTED_EDGE ( 'NONE', *, *, #2918, .F. ) ;
#623 = CARTESIAN_POINT ( 'NONE',  ( 16.68622727508183701, 14.99999999999994849, -18.81587173320353656 ) ) ;
#624 = PRODUCT_DEFINITION_FORMATION_WITH_SPECIFIED_SOURCE ( 'HERHANG�', '', #3232, .NOT_KNOWN. ) ;
#625 = CARTESIAN_POINT ( 'NONE',  ( 17.11575444694164005, -19.99999999999993250, -22.54758103198499342 ) ) ;
#626 = EDGE_CURVE ( 'NONE', #629, #4290, #1405, .T. ) ;
#627 = CARTESIAN_POINT ( 'NONE',  ( -15.05016633548379268, 15.00000000000000178, -21.17764135295207595 ) ) ;
#628 = CARTESIAN_POINT ( 'NONE',  ( -15.36585599606291019, -17.37359979703953528, 20.95296790273402721 ) ) ;
#629 = VERTEX_POINT ( 'NONE', #4467 ) ;
#630 = CARTESIAN_POINT ( 'NONE',  ( 28.23898737004654080, 15.55097417365393397, -2.925260305861355992 ) ) ;
#631 = CARTESIAN_POINT ( 'NONE',  ( 16.21751372407898018, 12.57126396306291838, 23.30377008507873882 ) ) ;
#632 = CARTESIAN_POINT ( 'NONE',  ( 15.76788091167984085, -20.39633502492594275, -20.66685043946459999 ) ) ;
#633 = CARTESIAN_POINT ( 'NONE',  ( 10.42977133533006473, -6.999999999999987566, -1.591342166965959981 ) ) ;
#634 = FACE_BOUND ( 'NONE', #5649, .T. ) ;
#635 = CARTESIAN_POINT ( 'NONE',  ( 15.83201434797842566, 15.00000000000000711, -16.56343326986894482 ) ) ;
#636 = CARTESIAN_POINT ( 'NONE',  ( 12.20938762885873352, -12.11596067042757596, 25.56986398116920967 ) ) ;
#637 = B_SPLINE_CURVE_WITH_KNOTS ( 'NONE', 3,
 ( #5110, #4207, #1528, #5620 ),
 .UNSPECIFIED., .F., .F.,
 ( 4, 4 ),
 ( -0.1179999999999999938, 0.000000000000000000 ),
 .UNSPECIFIED. ) ;
#638 = CARTESIAN_POINT ( 'NONE',  ( 12.41635266892746614, -19.01552554765861558, -23.20351645939999230 ) ) ;
#639 = CARTESIAN_POINT ( 'NONE',  ( -16.44407769327115076, 15.24715843154274708, -21.02332549453274524 ) ) ;
#640 = CARTESIAN_POINT ( 'NONE',  ( -13.97009239394162528, 0.6487581746647966829, 24.72186042111803062 ) ) ;
#641 = CARTESIAN_POINT ( 'NONE',  ( 25.99619910463790262, -1.122251568306081193, -3.820664653752784190 ) ) ;
#642 = VERTEX_POINT ( 'NONE', #3997 ) ;
#643 = CARTESIAN_POINT ( 'NONE',  ( -16.27188801658510542, -17.37359979703953528, 20.85254838503255570 ) ) ;
#644 = CARTESIAN_POINT ( 'NONE',  ( -26.94634354764442463, 19.66666666666639784, 6.208700502192156634 ) ) ;
#645 = CARTESIAN_POINT ( 'NONE',  ( 31.96177762983965565, -16.99999999999998224, -1.317106958709712172 ) ) ;
#646 = CARTESIAN_POINT ( 'NONE',  ( 13.50401851567429823, 3.629542379686506504, -24.97927695253052960 ) ) ;
#647 = CARTESIAN_POINT ( 'NONE',  ( -14.68773970931262340, 15.12357921577137532, -21.99505271332375855 ) ) ;
#648 = EDGE_LOOP ( 'NONE', ( #1525, #2254, #2423, #4763 ) ) ;
#649 = LINE ( 'NONE', #4261, #4511 ) ;
#650 =( NAMED_UNIT ( * ) SI_UNIT ( $, .STERADIAN. ) SOLID_ANGLE_UNIT ( ) );
#651 = CARTESIAN_POINT ( 'NONE',  ( -18.22302231404900041, 14.99999999999993605, -19.06106187871892033 ) ) ;
#652 = CARTESIAN_POINT ( 'NONE',  ( 13.66843169869192209, 5.000000000000044409, -22.99289458755915661 ) ) ;
#653 = CARTESIAN_POINT ( 'NONE',  ( -14.89391929945641913, 15.24715843154274708, -21.56896002765079245 ) ) ;
#654 = ADVANCED_FACE ( 'NONE', ( #3141, #534 ), #4554, .F. ) ;
#655 = CARTESIAN_POINT ( 'NONE',  ( 26.39214417475993812, 15.12357921577139841, -1.722429478311261031 ) ) ;
#656 = CARTESIAN_POINT ( 'NONE',  ( -10.81529223615034141, 14.99999999999999822, 23.62264705418640887 ) ) ;
#657 = VERTEX_POINT ( 'NONE', #993 ) ;
#658 = CARTESIAN_POINT ( 'NONE',  ( 26.00090925345132575, 0.5890805579717446339, 3.884632231237380218 ) ) ;
#659 = CARTESIAN_POINT ( 'NONE',  ( 11.22125878043203961, 11.01813617265255729, 23.77917543070846662 ) ) ;
#660 = CARTESIAN_POINT ( 'NONE',  ( -21.52285620492537532, 59.00000000000000000, -9.853932926270504211 ) ) ;
#661 = EDGE_CURVE ( 'NONE', #1361, #4184, #2314, .T. ) ;
#662 = CARTESIAN_POINT ( 'NONE',  ( 22.08854639860092206, 23.00000000000005684, 23.99137590878975601 ) ) ;
#663 = CARTESIAN_POINT ( 'NONE',  ( 13.79496783236469426, -2.116924624564497481, 24.74978656366147334 ) ) ;
#664 = CARTESIAN_POINT ( 'NONE',  ( 17.49242488814277507, -15.00000000000003197, 17.68055711769837757 ) ) ;
#665 = CARTESIAN_POINT ( 'NONE',  ( -0.5302282598126765167, 3.446874812427583201, -24.47399267339775619 ) ) ;
#666 = CARTESIAN_POINT ( 'NONE',  ( -11.36910117944694498, -17.37359979703941093, -23.88186371227477878 ) ) ;
#667 = CYLINDRICAL_SURFACE ( 'NONE', #4242, 1.399999999999995026 ) ;
#668 = CARTESIAN_POINT ( 'NONE',  ( 25.85422253816417637, 4.333878849576907832, -4.710159689383381476 ) ) ;
#669 = ORIENTED_EDGE ( 'NONE', *, *, #5457, .T. ) ;
#670 = CARTESIAN_POINT ( 'NONE',  ( -13.34484211250097729, 4.637156544708767925, 25.06369894228361872 ) ) ;
#671 = CARTESIAN_POINT ( 'NONE',  ( 25.99110355936571537, 6.793413400631963306, -1.111312943242819262 ) ) ;
#672 = CARTESIAN_POINT ( 'NONE',  ( 20.70702710066434449, 59.00000000000111555, -14.71571819469523135 ) ) ;
#673 = CARTESIAN_POINT ( 'NONE',  ( 10.96890074411652982, -20.00000000000005684, 26.09646867198036091 ) ) ;
#674 = CARTESIAN_POINT ( 'NONE',  ( -28.18620563365375276, -14.33340942366864468, -2.545096993251163120 ) ) ;
#675 = ORIENTED_EDGE ( 'NONE', *, *, #1407, .F. ) ;
#676 = CARTESIAN_POINT ( 'NONE',  ( 24.34202681694533865, 14.99999999999997691, -8.045503753993358487 ) ) ;
#677 = ITEM_DEFINED_TRANSFORMATION ( 'NONE', 'NONE', #3604,  #2313 ) ;
#678 = CARTESIAN_POINT ( 'NONE',  ( -2.227671861124484565, -59.00000000000147793, 23.56630669860019722 ) ) ;
#679 = CARTESIAN_POINT ( 'NONE',  ( 15.60890368725553579, -15.79119993234646913, -21.05741879879544598 ) ) ;
#680 = CARTESIAN_POINT ( 'NONE',  ( -20.84873645980642110, -15.00000000000000711, -9.504219485551402613 ) ) ;
#681 = CARTESIAN_POINT ( 'NONE',  ( -22.29062726556534813, -15.79119993234650465, 5.319678214874935307 ) ) ;
#682 = VERTEX_POINT ( 'NONE', #1911 ) ;
#683 = CARTESIAN_POINT ( 'NONE',  ( 16.09658445987102127, -2.633475608769792142, 20.78118216787031258 ) ) ;
#684 = CARTESIAN_POINT ( 'NONE',  ( 15.77630867595252617, 9.590775138805023303, 23.60494955158329233 ) ) ;
#685 = CARTESIAN_POINT ( 'NONE',  ( 9.652901828615242152, -17.37359979703946777, 24.88536089443268651 ) ) ;
#686 = CARTESIAN_POINT ( 'NONE',  ( -24.22398296656005101, 13.93601201270641177, -6.017129691126018365 ) ) ;
#687 = DIRECTION ( 'NONE',  ( -0.5792811723426743997, -2.136625207092851775E-15, 0.8151277957285574249 ) ) ;
#688 = CARTESIAN_POINT ( 'NONE',  ( 15.08993025632452678, 5.000000000000028422, 22.08635415233386112 ) ) ;
#689 = AXIS2_PLACEMENT_3D ( 'NONE', #3614, #5467, #230 ) ;
#690 = EDGE_CURVE ( 'NONE', #4071, #5259, #1535, .T. ) ;
#691 = B_SPLINE_CURVE_WITH_KNOTS ( 'NONE', 3,
 ( #3081, #819, #1683, #5224, #3022, #357, #4787, #2581, #4353, #2150, #3912, #5680, #1712 ),
 .UNSPECIFIED., .F., .F.,
 ( 4, 3, 3, 3, 4 ),
 ( 0.000000000000000000, 0.006607043467734400634, 0.01321408693384193943, 0.01982113039231569313, 0.02494727820281676320 ),
 .UNSPECIFIED. ) ;
#692 = CARTESIAN_POINT ( 'NONE',  ( 7.400725953230272047, 13.75841135782814995, -25.23616992744550913 ) ) ;
#693 = CARTESIAN_POINT ( 'NONE',  ( -17.07276927933276767, -20.20968828889201063, 22.69981235600431901 ) ) ;
#694 = CARTESIAN_POINT ( 'NONE',  ( -16.83971587496037614, 5.000000000000053291, 15.54012032141968014 ) ) ;
#695 = ORIENTED_EDGE ( 'NONE', *, *, #3102, .F. ) ;
#696 = CARTESIAN_POINT ( 'NONE',  ( -14.19489293496222082, -0.8206562204825805784, 24.58777069176368357 ) ) ;
#697 = CARTESIAN_POINT ( 'NONE',  ( 26.88660364437609829, -14.33148804456069314, -0.2494112469599425175 ) ) ;
#698 = AXIS2_PLACEMENT_3D ( 'NONE', #2029, #5020, #5474 ) ;
#699 = FACE_OUTER_BOUND ( 'NONE', #2652, .T. ) ;
#700 = CARTESIAN_POINT ( 'NONE',  ( -18.22302231404900041, 14.99999999999993605, -19.06106187871892033 ) ) ;
#701 = CARTESIAN_POINT ( 'NONE',  ( 15.05016633548364702, -15.00000000000000178, -21.17764135295217898 ) ) ;
#702 = FACE_OUTER_BOUND ( 'NONE', #765, .T. ) ;
#703 = CARTESIAN_POINT ( 'NONE',  ( 16.43849006419591063, -15.82957558490173966, -23.14708105364598012 ) ) ;
#704 = VERTEX_POINT ( 'NONE', #4967 ) ;
#705 = CARTESIAN_POINT ( 'NONE',  ( 28.66832420079767729, 11.00000000000007994, 30.82559306027963331 ) ) ;
#706 = CARTESIAN_POINT ( 'NONE',  ( -20.05422578245170584, 14.99999999999994493, -15.05506156216896940 ) ) ;
#707 = CIRCLE ( 'NONE', #1550, 1.399999999999996803 ) ;
#708 = CARTESIAN_POINT ( 'NONE',  ( 16.40523896543861682, -18.38117820633497246, -20.75096689420604434 ) ) ;
#709 = CARTESIAN_POINT ( 'NONE',  ( -15.08305988932289132, 15.24715843154274708, -21.15428079438615327 ) ) ;
#710 = CARTESIAN_POINT ( 'NONE',  ( 1.353790035554563786, -16.99999999999992539, -24.50383893056314477 ) ) ;
#711 = EDGE_LOOP ( 'NONE', ( #1709, #195, #1660, #1004, #3052, #293 ) ) ;
#712 = CARTESIAN_POINT ( 'NONE',  ( 17.42655817007953090, -12.99942742955904862, 17.86624764630334994 ) ) ;
#713 =( REPRESENTATION_RELATIONSHIP ('NONE','NONE', #1510, #2709 ) REPRESENTATION_RELATIONSHIP_WITH_TRANSFORMATION ( #295 )SHAPE_REPRESENTATION_RELATIONSHIP( ) );
#714 = CARTESIAN_POINT ( 'NONE',  ( 10.54572943351484504, 6.548646507260857064, 24.08048307539197808 ) ) ;
#715 = CARTESIAN_POINT ( 'NONE',  ( 18.79381880666943161, -16.58239986469293825, -13.12143580505658491 ) ) ;
#716 = DIRECTION ( 'NONE',  ( 4.064784181921418638E-16, -1.000000000000000000, 2.538572003884065318E-15 ) ) ;
#717 = CARTESIAN_POINT ( 'NONE',  ( 22.08854639860092561, 15.00000000000006040, 25.39137590878977591 ) ) ;
#718 = FACE_OUTER_BOUND ( 'NONE', #1303, .T. ) ;
#719 = CARTESIAN_POINT ( 'NONE',  ( 15.68170858895902242, -5.441650166845023229, 21.13653627289530235 ) ) ;
#720 = CARTESIAN_POINT ( 'NONE',  ( 15.63891725836212920, -8.655226849671644018, -23.70151702535997984 ) ) ;
#721 = CARTESIAN_POINT ( 'NONE',  ( -16.21047545886814945, -14.25799503277163538, 23.30773628769585315 ) ) ;
#722 = CARTESIAN_POINT ( 'NONE',  ( -22.42824612446397836, -19.38875661563053399, 4.821641334283254920 ) ) ;
#723 = EDGE_CURVE ( 'NONE', #3713, #4115, #3622, .T. ) ;
#724 = ORIENTED_EDGE ( 'NONE', *, *, #1842, .F. ) ;
#725 = CARTESIAN_POINT ( 'NONE',  ( -21.68162386367403727, -6.455967910064142501, 11.37112859906622653 ) ) ;
#726 = CARTESIAN_POINT ( 'NONE',  ( 18.66608413105807784, 15.12357921577141617, 13.28921041130815794 ) ) ;
#727 = EDGE_CURVE ( 'NONE', #613, #1895, #2507, .T. ) ;
#728 = LINE ( 'NONE', #289, #4061 ) ;
#729 = CARTESIAN_POINT ( 'NONE',  ( -11.15135716980920932, -15.79119993234646913, -23.72128756443859388 ) ) ;
#730 = PLANE ( 'NONE',  #4154 ) ;
#731 = CARTESIAN_POINT ( 'NONE',  ( 16.19828825878346379, 1.848160599478080313, -20.70831333684938969 ) ) ;
#732 = VERTEX_POINT ( 'NONE', #2489 ) ;
#733 = CARTESIAN_POINT ( 'NONE',  ( 11.52143343396347497, -19.38875661563057307, 24.08344230213529613 ) ) ;
#734 = FACE_BOUND ( 'NONE', #448, .T. ) ;
#735 = CARTESIAN_POINT ( 'NONE',  ( 16.53860915862788517, -19.38875661563053399, -20.64938327044516342 ) ) ;
#736 = CARTESIAN_POINT ( 'NONE',  ( -9.899783882621353115, -15.79119993234649044, -24.78658326772665532 ) ) ;
#737 = ORIENTED_EDGE ( 'NONE', *, *, #2554, .T. ) ;
#738 = CARTESIAN_POINT ( 'NONE',  ( 10.55127190369584156, 15.00000000000000178, -23.99415975284862768 ) ) ;
#739 = CARTESIAN_POINT ( 'NONE',  ( -26.37780572182282057, -17.37359979703954593, -4.083022450014602178 ) ) ;
#740 = ORIENTED_EDGE ( 'NONE', *, *, #3596, .F. ) ;
#741 = CARTESIAN_POINT ( 'NONE',  ( 21.78530099016391119, 7.915773159294947625, 11.17185086498682622 ) ) ;
#742 = CARTESIAN_POINT ( 'NONE',  ( -7.435728892579576588, -17.46487971081573320, 23.84148699493168877 ) ) ;
#743 = CARTESIAN_POINT ( 'NONE',  ( -21.52285620492537888, 58.99999999999993605, -9.853932926270505988 ) ) ;
#744 = CARTESIAN_POINT ( 'NONE',  ( -21.00087738830782058, -2.511679640912030553, -12.57101459089717643 ) ) ;
#745 = CARTESIAN_POINT ( 'NONE',  ( -22.68056668716374347, -15.94070597878051032, -10.43692589000307080 ) ) ;
#746 = CARTESIAN_POINT ( 'NONE',  ( 14.63305255702399954, 5.000000000000029310, 22.09850500281594421 ) ) ;
#747 = DIRECTION ( 'NONE',  ( 0.4162807922604019883, -2.270164282536154493E-15, 0.9092361090470680862 ) ) ;
#748 = CARTESIAN_POINT ( 'NONE',  ( 25.86356654151168755, 15.12357921577141617, -2.465089167498356826 ) ) ;
#749 = CARTESIAN_POINT ( 'NONE',  ( -28.35956120963869864, 6.610177737381784269, 1.327494759500785326 ) ) ;
#750 = CARTESIAN_POINT ( 'NONE',  ( -17.65001169967705863, 10.95536805445568618, 17.63653372022997345 ) ) ;
#751 = CARTESIAN_POINT ( 'NONE',  ( -15.31821585030514221, -18.38117820633504707, 21.27563351772828426 ) ) ;
#752 = ORIENTED_EDGE ( 'NONE', *, *, #5005, .T. ) ;
#753 = CARTESIAN_POINT ( 'NONE',  ( -23.35601591886832296, 4.393517499382713076, 8.754721719368138366 ) ) ;
#754 = CARTESIAN_POINT ( 'NONE',  ( 26.24491715661851643, 15.00000000000000000, -3.273815134122393111 ) ) ;
#755 = DIRECTION ( 'NONE',  ( 0.8151277957285530951, 1.729938022788194224E-14, -0.5792811723426805059 ) ) ;
#756 = CARTESIAN_POINT ( 'NONE',  ( -15.05016633548379268, 15.00000000000000178, -21.17764135295207595 ) ) ;
#757 = CARTESIAN_POINT ( 'NONE',  ( 15.33413853680679395, -8.294262899121850552, -23.89982476302940029 ) ) ;
#758 = PLANE ( 'NONE',  #3660 ) ;
#759 = ORIENTED_EDGE ( 'NONE', *, *, #1399, .T. ) ;
#760 = CARTESIAN_POINT ( 'NONE',  ( -15.05016633548354221, -15.00000000000001954, 21.17764135295220740 ) ) ;
#761 = CARTESIAN_POINT ( 'NONE',  ( -8.659399975724790366, 58.99999999999998579, -18.99551544115694668 ) ) ;
#762 = EDGE_CURVE ( 'NONE', #4280, #1330, #1581, .T. ) ;
#763 = CARTESIAN_POINT ( 'NONE',  ( 15.09093629381700730, -4.999999999999906741, -22.08798088851029107 ) ) ;
#764 = CARTESIAN_POINT ( 'NONE',  ( -14.51563811972347828, 15.24715843154274708, -22.39831849418007437 ) ) ;
#765 = EDGE_LOOP ( 'NONE', ( #5256, #1558, #5472, #4648 ) ) ;
#766 = CARTESIAN_POINT ( 'NONE',  ( 26.02623156947166194, -16.58239986469293825, 3.118577398732200301 ) ) ;
#767 = CARTESIAN_POINT ( 'NONE',  ( -25.86545857163426732, -15.00000000000000000, -2.445005701233982087 ) ) ;
#768 = VERTEX_POINT ( 'NONE', #1971 ) ;
#769 = CARTESIAN_POINT ( 'NONE',  ( 16.76331380060015519, -18.95243119253155939, 18.52459181199116500 ) ) ;
#770 = VECTOR ( 'NONE', #1889, 1000.000000000000114 ) ;
#771 = CARTESIAN_POINT ( 'NONE',  ( 1.675673169401649121, 10.89503030325284705, 24.43081417522858700 ) ) ;
#772 = CARTESIAN_POINT ( 'NONE',  ( 18.65526374753386918, -15.00000000000000711, -13.30342566822339379 ) ) ;
#773 = CARTESIAN_POINT ( 'NONE',  ( -33.15598733562755029, -15.00000000000004086, 19.46613736208829692 ) ) ;
#774 = CARTESIAN_POINT ( 'NONE',  ( -25.96006748512331797, -0.8798490859993752800, -4.123641295833581744 ) ) ;
#775 = CARTESIAN_POINT ( 'NONE',  ( 1.853144650820468531, -17.37359979703952817, 22.85114105795113204 ) ) ;
#776 = DIRECTION ( 'NONE',  ( 0.9955619646030793302, 1.391032035867732375E-16, -0.09410831331852129167 ) ) ;
#777 = CARTESIAN_POINT ( 'NONE',  ( 26.12947893727687187, -15.00000000000000000, 2.073492955871864218 ) ) ;
#778 = CARTESIAN_POINT ( 'NONE',  ( -20.44486834087627614, 9.405403636287482882, 13.47428981454094910 ) ) ;
#780 = CARTESIAN_POINT ( 'NONE',  ( -19.03954362898350539, -19.38875661563054109, 12.79868016503429473 ) ) ;
#779 = VECTOR ( 'NONE', #3768, 1000.000000000000227 ) ;
#781 = CARTESIAN_POINT ( 'NONE',  ( -18.62849859662369667, 1.787031230989436725, 16.58436863442525677 ) ) ;
#782 = CARTESIAN_POINT ( 'NONE',  ( 22.26508638694876652, 15.12357921577141440, 5.412102275035691967 ) ) ;
#783 = LINE ( 'NONE', #5216, #1649 ) ;
#784 = CARTESIAN_POINT ( 'NONE',  ( 15.15539622234344108, -15.79119993234646913, -21.10275020287942738 ) ) ;
#785 = CARTESIAN_POINT ( 'NONE',  ( 20.37098140378965638, -15.85705188883857630, -14.43396995059302945 ) ) ;
#786 = CARTESIAN_POINT ( 'NONE',  ( 16.63586168271306320, -17.19173899543480388, -23.00795063248777339 ) ) ;
#787 = ORIENTED_EDGE ( 'NONE', *, *, #3164, .F. ) ;
#788 = CARTESIAN_POINT ( 'NONE',  ( 16.00680008240035690, 15.37073764731424319, 21.05453473362840811 ) ) ;
#789 = CARTESIAN_POINT ( 'NONE',  ( 15.54891393960788903, 9.166667507968595530, 23.67150364317397404 ) ) ;
#790 = CARTESIAN_POINT ( 'NONE',  ( -17.42532987805623179, 7.796406769027504957, -19.68609042704152401 ) ) ;
#791 = VECTOR ( 'NONE', #616, 1000.000000000000227 ) ;
#792 = CARTESIAN_POINT ( 'NONE',  ( 11.88944474082284231, 15.48686503857324936, 23.46123415168574056 ) ) ;
#793 = CARTESIAN_POINT ( 'NONE',  ( -26.65033897691287024, -15.79119993234648689, -1.462658763929927108 ) ) ;
#794 = DIRECTION ( 'NONE',  ( -1.003456252704766818E-16, 1.000000000000000000, 2.539663957332261757E-15 ) ) ;
#795 = EDGE_LOOP ( 'NONE', ( #3449, #3028 ) ) ;
#796 = CARTESIAN_POINT ( 'NONE',  ( 26.26125634803510422, 5.000000000000060396, -0.4329837438543264194 ) ) ;
#797 = CARTESIAN_POINT ( 'NONE',  ( -13.72016259612882472, -4.999999999999907629, 22.12419287565834836 ) ) ;
#798 = ORIENTED_EDGE ( 'NONE', *, *, #1175, .F. ) ;
#799 = EDGE_CURVE ( 'NONE', #4509, #4377, #3359, .T. ) ;
#800 = AXIS2_PLACEMENT_3D ( 'NONE', #3682, #4146, #5451 ) ;
#801 = CARTESIAN_POINT ( 'NONE',  ( 15.69149954032500460, 10.72063737381585824, 23.65995639349416990 ) ) ;
#802 = CARTESIAN_POINT ( 'NONE',  ( -2.218907425129168498, -14.42954162476354796, 24.39765985709529517 ) ) ;
#803 = CARTESIAN_POINT ( 'NONE',  ( 12.64465927992373828, 9.666687010762254673, -25.33829269980365240 ) ) ;
#804 = CARTESIAN_POINT ( 'NONE',  ( -21.67695158451289572, 6.426140735011749427, -11.37381051177162483 ) ) ;
#805 = CARTESIAN_POINT ( 'NONE',  ( -28.37873245802915534, -6.278743380606070623, -0.9716208759319510113 ) ) ;
#806 = CARTESIAN_POINT ( 'NONE',  ( 15.55315337432148226, 15.37073764731424319, 21.09856762436574229 ) ) ;
#807 = CARTESIAN_POINT ( 'NONE',  ( 26.67229081586139827, 5.000000000000055955, -2.025052525818257010 ) ) ;
#808 = CARTESIAN_POINT ( 'NONE',  ( -11.03367250237035790, -16.58239986469293825, -23.77703610900073272 ) ) ;
#809 = CARTESIAN_POINT ( 'NONE',  ( -16.74452363134538757, -2.390894052865283559, 20.26247600362760437 ) ) ;
#810 = CARTESIAN_POINT ( 'NONE',  ( -15.59105170982318711, -20.39633502492607420, 21.08704718049414950 ) ) ;
#811 = CARTESIAN_POINT ( 'NONE',  ( -19.93856012574116576, 15.36340750948611955, 14.23961893931043754 ) ) ;
#812 = CARTESIAN_POINT ( 'NONE',  ( 21.40694122926318599, -4.999999999999944933, 8.170883093623791282 ) ) ;
#813 = CARTESIAN_POINT ( 'NONE',  ( 11.45605783541779488, -17.00000000000005684, 25.87724028603487980 ) ) ;
#814 = CARTESIAN_POINT ( 'NONE',  ( 15.76788091167985506, -20.39633502492605643, -20.66685043946458933 ) ) ;
#815 = CARTESIAN_POINT ( 'NONE',  ( 21.61158900106180880, -5.490958455184167697, -11.50209646960412257 ) ) ;
#816 = CARTESIAN_POINT ( 'NONE',  ( 17.91468025897009753, -11.79278182550929799, -19.25188946723397621 ) ) ;
#817 = ORIENTED_EDGE ( 'NONE', *, *, #4831, .F. ) ;
#818 = DIRECTION ( 'NONE',  ( 4.064784181921418638E-16, -1.000000000000000000, 2.538572003884065318E-15 ) ) ;
#819 = CARTESIAN_POINT ( 'NONE',  ( 17.57395034210887630, -16.99999999999992895, -20.84607259030921256 ) ) ;
#820 = CARTESIAN_POINT ( 'NONE',  ( 5.047806382300865202, 1.787025789613846394, 24.42494164625662023 ) ) ;
#821 = CARTESIAN_POINT ( 'NONE',  ( -26.42878848550800797, 15.24715843154274708, 3.729360695991974062 ) ) ;
#822 = ORIENTED_EDGE ( 'NONE', *, *, #4194, .F. ) ;
#823 = CARTESIAN_POINT ( 'NONE',  ( 26.12622692323512297, 15.24715843154279682, -2.114032522655308277 ) ) ;
#824 = CARTESIAN_POINT ( 'NONE',  ( 3.543568826230765190, -16.99999999999992539, -24.26888195818338545 ) ) ;
#825 = ORIENTED_EDGE ( 'NONE', *, *, #2065, .F. ) ;
#826 = CARTESIAN_POINT ( 'NONE',  ( -37.59261831233614259, 58.99999999999950973, -0.2739496723938856793 ) ) ;
#827 = PRODUCT_DEFINITION_CONTEXT ( 'detailed design', #2225, 'design' ) ;
#828 = CARTESIAN_POINT ( 'NONE',  ( -17.38420623721186331, -20.56725401087056682, 22.46389928646718559 ) ) ;
#829 = CARTESIAN_POINT ( 'NONE',  ( 11.45605783541779488, -17.00000000000005684, 25.87724028603487980 ) ) ;
#830 = CARTESIAN_POINT ( 'NONE',  ( -23.01085390888895077, -10.48685339553691342, -9.646252787387549432 ) ) ;
#831 = CARTESIAN_POINT ( 'NONE',  ( -12.17659516051331536, 14.99999999999999822, 23.75132806720446865 ) ) ;
#832 = CARTESIAN_POINT ( 'NONE',  ( 10.42977133533006651, -19.99999999999998934, 0.5086578330340059129 ) ) ;
#833 = CARTESIAN_POINT ( 'NONE',  ( 26.35553941906272968, -18.38117820633493693, 2.261836351976163506 ) ) ;
#834 = PRODUCT_DEFINITION_SHAPE ( 'NONE', 'NONE',  #1877 ) ;
#835 = CARTESIAN_POINT ( 'NONE',  ( -24.24623225196263121, -14.48976411409537413, 5.933068666641006850 ) ) ;
#836 = CARTESIAN_POINT ( 'NONE',  ( -26.21149782744427981, -16.58239986469303062, -3.535012125611229017 ) ) ;
#837 = CARTESIAN_POINT ( 'NONE',  ( -26.28572379307892248, -17.48604427434318964, 1.102339585679221967 ) ) ;
#838 = CARTESIAN_POINT ( 'NONE',  ( 22.26036115958418549, 14.99999999999999822, 5.429209983494541980 ) ) ;
#839 = EDGE_CURVE ( 'NONE', #1375, #134, #2856, .T. ) ;
#840 = EDGE_CURVE ( 'NONE', #4885, #4325, #3279, .T. ) ;
#841 = CARTESIAN_POINT ( 'NONE',  ( 12.29926402927499396, 5.000000000000047073, -22.94266321315185309 ) ) ;
#842 = CARTESIAN_POINT ( 'NONE',  ( 23.71284017108906284, -2.572180438624284804, -7.722867703702917197 ) ) ;
#843 = CARTESIAN_POINT ( 'NONE',  ( 23.34441896538601213, 4.393624288662096866, -8.773530269400236392 ) ) ;
#844 = ORIENTED_EDGE ( 'NONE', *, *, #840, .T. ) ;
#845 = CARTESIAN_POINT ( 'NONE',  ( 10.46639269419742035, -20.39633502492609551, 24.04577044267074015 ) ) ;
#846 = LINE ( 'NONE', #2524, #5665 ) ;
#847 = CARTESIAN_POINT ( 'NONE',  ( 2.939019155904988967, -11.85064895540773477, 24.78058310482952820 ) ) ;
#848 = CARTESIAN_POINT ( 'NONE',  ( -26.34424257116843293, -19.38875661563048070, -2.428651288910399497 ) ) ;
#849 = VERTEX_POINT ( 'NONE', #1611 ) ;
#850 = CARTESIAN_POINT ( 'NONE',  ( -10.42977133535740464, -6.999999999999993783, 1.591342167017247178 ) ) ;
#851 = VERTEX_POINT ( 'NONE', #2410 ) ;
#852 = CARTESIAN_POINT ( 'NONE',  ( -14.63302716414114890, 5.000000000000044409, -22.09850567815021094 ) ) ;
#853 = CARTESIAN_POINT ( 'NONE',  ( -0.8446822885202145414, -5.490958398601733847, 24.46723348016890398 ) ) ;
#854 = CARTESIAN_POINT ( 'NONE',  ( 22.32089337154673458, -16.58239986469292049, -5.210146446254970698 ) ) ;
#855 = DIRECTION ( 'NONE',  ( -3.773173425613459862E-16, 1.000000000000000000, -2.513482421598778410E-15 ) ) ;
#856 = CARTESIAN_POINT ( 'NONE',  ( -20.34966590618328297, -10.54720859831157753, -13.62206502444127132 ) ) ;
#857 = ORIENTED_EDGE ( 'NONE', *, *, #5702, .F. ) ;
#858 = CARTESIAN_POINT ( 'NONE',  ( -14.17709686741756414, -4.999999999999904965, 22.11212195688650439 ) ) ;
#859 = AXIS2_PLACEMENT_3D ( 'NONE', #2663, #1225, #3475 ) ;
#860 = AXIS2_PLACEMENT_3D ( 'NONE', #1918, #4125, #3203 ) ;
#861 = EDGE_CURVE ( 'NONE', #5741, #4593, #1250, .T. ) ;
#862 = FACE_OUTER_BOUND ( 'NONE', #4677, .T. ) ;
#863 = CARTESIAN_POINT ( 'NONE',  ( 26.37573398224927246, -16.58239986469298088, 1.963994286207924267 ) ) ;
#864 = CARTESIAN_POINT ( 'NONE',  ( -15.55314076766787323, 15.37073764731412417, -21.09856884802158916 ) ) ;
#865 = CARTESIAN_POINT ( 'NONE',  ( -17.49640193168482583, -8.350974643040940393, 19.62808622721549412 ) ) ;
#866 = CARTESIAN_POINT ( 'NONE',  ( -26.39215540211319322, 15.12357921577139663, 1.722413703707731836 ) ) ;
#867 = CARTESIAN_POINT ( 'NONE',  ( -26.07561213726987503, -3.850523790062257756, 3.350725005881458163 ) ) ;
#868 = CARTESIAN_POINT ( 'NONE',  ( 13.29190002531826309, 5.000000000000021316, 22.93005683075121937 ) ) ;
#869 = ADVANCED_FACE ( 'NONE', ( #2380, #5048 ), #184, .F. ) ;
#870 = CARTESIAN_POINT ( 'NONE',  ( -15.05013569187205213, 15.00000000000003730, 21.12017175536783498 ) ) ;
#871 = CARTESIAN_POINT ( 'NONE',  ( 22.43824487875670570, -17.40483203780424049, -9.863921412731258442 ) ) ;
#872 = CARTESIAN_POINT ( 'NONE',  ( 14.55737709166789884, 14.12496231126223911, -21.90558874744672480 ) ) ;
#873 = VERTEX_POINT ( 'NONE', #1020 ) ;
#874 = CARTESIAN_POINT ( 'NONE',  ( 15.50392854644455554, 14.99999999999999822, 21.13474819527874260 ) ) ;
#875 = CARTESIAN_POINT ( 'NONE',  ( -14.71536404577499901, -3.666749701492151292, 24.18349918973055424 ) ) ;
#876 = CIRCLE ( 'NONE', #689, 2.099999999999999201 ) ;
#877 = CARTESIAN_POINT ( 'NONE',  ( -6.603464809276765379, -11.97126905622706694, 24.06521996079587211 ) ) ;
#878 = CARTESIAN_POINT ( 'NONE',  ( -10.04076012570995502, -18.38117820633497601, -24.21745560724913915 ) ) ;
#879 = VERTEX_POINT ( 'NONE', #2808 ) ;
#880 = CARTESIAN_POINT ( 'NONE',  ( -15.09112809032508729, -59.00000000000006395, 14.42472418371373877 ) ) ;
#881 = VERTEX_POINT ( 'NONE', #2838 ) ;
#882 = CARTESIAN_POINT ( 'NONE',  ( 2.227671861124489894, -58.99999999999987210, -23.56630669860016170 ) ) ;
#883 = VECTOR ( 'NONE', #5500, 1000.000000000000114 ) ;
#884 = B_SPLINE_SURFACE_WITH_KNOTS ( 'NONE', 3, 3, ( 
 ( #3990, #1339, #4078, #5329, #2262, #985, #1370, #5358, #2345, #93, #4902, #3163, #4108, #4930, #2321, #66, #896, #5300, #4020 ),
 ( #4459, #2689, #3101, #463, #4518, #35, #926, #1818, #527, #2717, #4490, #5414, #3642, #493, #1849, #3615, #1427, #2402, #1964 ),
 ( #1935, #1013, #5039, #4164, #3272, #5012, #1067, #2830, #3670, #1038, #4601, #122, #178, #3726, #3301, #1483, #607, #3701, #3245 ),
 ( #5068, #4137, #2800, #150, #4572, #5492, #578, #1509, #1903, #5440, #1453, #2373, #5468, #5315, #4008, #5342, #2703, #3605, #1356 ),
 ( #885, #4887, #453, #5403, #4562, #2361, #1864, #1325, #5375, #4948, #914, #1385, #4447, #4126, #3630, #4477, #4505, #2679, #3180 ),
 ( #1000, #943, #82, #51, #3118, #481, #2732, #1415, #4534, #3150, #2277, #1440, #2789, #112, #512, #3205, #567, #3571, #4974 ),
 ( #4918, #2307, #4068, #23, #972, #5430, #2249, #1804, #2761, #540, #2336, #4035, #1837, #4094, #3233, #1892, #3659, #5000, #138 ) ),
 .UNSPECIFIED., .F., .F., .F.,
 ( 4, 3, 4 ),
 ( 4, 3, 3, 3, 3, 3, 4 ),
 ( -0.02734807911809034389, -0.01299036839724691632, 0.001367342323596512556 ),
 ( -0.03237359979703938184, -0.02828055761649519301, -0.02418751543595100417, -0.01600143107486262997, -0.007815346713774252302, -0.003722304533230063467, 0.0003707376473141253139 ),
 .UNSPECIFIED. ) ;
#885 = CARTESIAN_POINT ( 'NONE',  ( 7.429337108536156364, -17.42280927075149677, -23.84313637895486337 ) ) ;
#886 = CARTESIAN_POINT ( 'NONE',  ( -12.64437374412929671, 10.72063737118077142, 25.41921543775506720 ) ) ;
#887 = FACE_BOUND ( 'NONE', #795, .T. ) ;
#888 = CARTESIAN_POINT ( 'NONE',  ( -17.08613109284184262, -16.06097081338666754, -18.20507773731202050 ) ) ;
#889 = ORIENTED_EDGE ( 'NONE', *, *, #4005, .F. ) ;
#890 = CARTESIAN_POINT ( 'NONE',  ( -12.13972244383610821, 15.24715843154282702, 23.77007336375978852 ) ) ;
#891 = VECTOR ( 'NONE', #4269, 1000.000000000000000 ) ;
#892 = CARTESIAN_POINT ( 'NONE',  ( 14.89391534439519305, 15.24715843154283057, 21.56896869888209523 ) ) ;
#893 = CARTESIAN_POINT ( 'NONE',  ( -25.49878548490654495, 15.24629240998636703, 6.447765790267708574 ) ) ;
#894 = CARTESIAN_POINT ( 'NONE',  ( -26.01856118769769211, 5.000000000000060396, 0.8198565093717460339 ) ) ;
#895 = CARTESIAN_POINT ( 'NONE',  ( -26.25542978007985795, -14.76204305262414529, 1.553642113287393212 ) ) ;
#896 = CARTESIAN_POINT ( 'NONE',  ( -16.25442256272916453, 12.82314331233942184, -23.27774953151536508 ) ) ;
#897 = EDGE_CURVE ( 'NONE', #2528, #4441, #3310, .T. ) ;
#898 = CARTESIAN_POINT ( 'NONE',  ( -2.547097501919431295, -14.36931933062916933, -24.83093088891023825 ) ) ;
#899 = CARTESIAN_POINT ( 'NONE',  ( -2.227671861124498776, 59.00000000000029132, -23.56630669860015814 ) ) ;
#900 = CARTESIAN_POINT ( 'NONE',  ( 22.63729152519013610, -20.38013103324655972, -9.450350527831453462 ) ) ;
#901 = CARTESIAN_POINT ( 'NONE',  ( 22.33723999016744344, -16.00063998220326411, -10.07405578075148078 ) ) ;
#902 = ORIENTED_EDGE ( 'NONE', *, *, #5493, .T. ) ;
#903 = CARTESIAN_POINT ( 'NONE',  ( -2.140309816156774847, 15.37073764731423609, 22.81443444943382559 ) ) ;
#904 = CARTESIAN_POINT ( 'NONE',  ( -12.30003177048230789, -4.999999999999894307, -22.94410579012986062 ) ) ;
#905 = CARTESIAN_POINT ( 'NONE',  ( -12.64465958902160736, 9.666685102845800515, 25.33829255943850711 ) ) ;
#906 = SURFACE_SIDE_STYLE ('',( #4581 ) ) ;
#907 = CARTESIAN_POINT ( 'NONE',  ( -2.461010502649573883, -16.00084260797333613, 24.37995250731465902 ) ) ;
#908 = CARTESIAN_POINT ( 'NONE',  ( -10.69781965423913306, -15.79119993234649044, -23.67633323440782789 ) ) ;
#909 = ORIENTED_EDGE ( 'NONE', *, *, #4470, .F. ) ;
#910 = FACE_OUTER_BOUND ( 'NONE', #344, .T. ) ;
#911 =( NAMED_UNIT ( * ) PLANE_ANGLE_UNIT ( ) SI_UNIT ( $, .RADIAN. ) );
#912 = CARTESIAN_POINT ( 'NONE',  ( 35.37532167764070579, 15.00000000000008171, 30.95281273492683027 ) ) ;
#913 = EDGE_CURVE ( 'NONE', #40, #5406, #4423, .T. ) ;
#914 = CARTESIAN_POINT ( 'NONE',  ( 4.517102629086841681, 1.666002167689056623, -24.52864558119380334 ) ) ;
#915 = CARTESIAN_POINT ( 'NONE',  ( -26.65754148109193267, -15.00000000000000000, -1.330436771935934459 ) ) ;
#916 = CARTESIAN_POINT ( 'NONE',  ( -20.70702710066436936, -59.00000000000000000, -14.71571819469522779 ) ) ;
#917 = CARTESIAN_POINT ( 'NONE',  ( -17.58949879002584638, -11.50983845453735199, -17.69893499838958562 ) ) ;
#918 = CARTESIAN_POINT ( 'NONE',  ( -17.68847790347761517, -10.60756380108624342, -17.59787726149499321 ) ) ;
#919 = ORIENTED_EDGE ( 'NONE', *, *, #4865, .T. ) ;
#920 = CARTESIAN_POINT ( 'NONE',  ( -16.72490402684620392, -17.37359979703953528, 20.80233862618182172 ) ) ;
#921 = CARTESIAN_POINT ( 'NONE',  ( 13.21204247555294664, 5.000000000000045297, -22.97615079609005662 ) ) ;
#922 = CARTESIAN_POINT ( 'NONE',  ( 9.458915109816580014, -20.39633502492586103, 24.71227272052942681 ) ) ;
#923 = CARTESIAN_POINT ( 'NONE',  ( 19.29518434380089431, -59.00000000000000000, 13.71237377232965038 ) ) ;
#924 = CARTESIAN_POINT ( 'NONE',  ( -25.86545857163423889, 15.00000000000000178, 2.445005701234341799 ) ) ;
#925 = CARTESIAN_POINT ( 'NONE',  ( -23.09769934187114870, 58.99999999999981526, -10.57495240868054154 ) ) ;
#926 = CARTESIAN_POINT ( 'NONE',  ( -8.137496717886252284, -9.064457774858970751, -25.00002577068913467 ) ) ;
#927 = EDGE_CURVE ( 'NONE', #657, #881, #3792, .T. ) ;
#928 = CARTESIAN_POINT ( 'NONE',  ( -7.077840345487365070, -15.80026984470265461, -25.33256632830214272 ) ) ;
#929 = CARTESIAN_POINT ( 'NONE',  ( 26.26252581928728347, -19.99999999999999289, -0.8030523021369196934 ) ) ;
#930 = PLANE ( 'NONE',  #5541 ) ;
#931 = CARTESIAN_POINT ( 'NONE',  ( 24.35452794891627804, -17.42252361331870247, -5.507841153111813881 ) ) ;
#932 = EDGE_LOOP ( 'NONE', ( #3348, #1344, #3983, #1045 ) ) ;
#933 = CARTESIAN_POINT ( 'NONE',  ( 3.627278284200774472, -4.999999999999952038, 22.62439646867421672 ) ) ;
#934 = CARTESIAN_POINT ( 'NONE',  ( 16.39309940474121774, 15.00000000000005329, 23.06764737967261780 ) ) ;
#935 = PRODUCT_DEFINITION_SHAPE ( 'NONE', 'NONE',  #1803 ) ;
#936 = CARTESIAN_POINT ( 'NONE',  ( -16.74580539497819487, -16.18861987585733075, 22.92595192720341046 ) ) ;
#937 = CARTESIAN_POINT ( 'NONE',  ( -9.736501879673062021, -20.39633502492599249, -24.35053412292258912 ) ) ;
#938 = VERTEX_POINT ( 'NONE', #1518 ) ;
#939 = CARTESIAN_POINT ( 'NONE',  ( 17.56483247470329090, -19.66666666666666785, -18.85242224173265413 ) ) ;
#940 = CARTESIAN_POINT ( 'NONE',  ( -12.30003177048230789, -4.999999999999894307, -22.94410579012986062 ) ) ;
#941 = CARTESIAN_POINT ( 'NONE',  ( 7.951909277763104633, 15.00000000000006217, 23.85863258014335031 ) ) ;
#942 = ADVANCED_FACE ( 'NONE', ( #2871 ), #61, .T. ) ;
#943 = CARTESIAN_POINT ( 'NONE',  ( 11.98505769314809655, -16.12433023651711039, -23.41477148211388126 ) ) ;
#944 = DIRECTION ( 'NONE',  ( 4.064784181921418638E-16, -1.000000000000000000, 2.538572003884065318E-15 ) ) ;
#945 = CARTESIAN_POINT ( 'NONE',  ( 26.01856118769770987, 5.000000000000060396, -0.8198565093715692864 ) ) ;
#946 = EDGE_CURVE ( 'NONE', #2472, #78, #1790, .T. ) ;
#947 = CARTESIAN_POINT ( 'NONE',  ( -22.11678041838804987, 12.63643820467302348, -10.52506112524884330 ) ) ;
#948 = ORIENTED_EDGE ( 'NONE', *, *, #3134, .F. ) ;
#949 = CARTESIAN_POINT ( 'NONE',  ( -16.41146925984647709, -14.99999999999999822, 21.04896033993424709 ) ) ;
#950 = CARTESIAN_POINT ( 'NONE',  ( 15.09093629381700730, -4.999999999999906741, -22.08798088851029107 ) ) ;
#951 = CARTESIAN_POINT ( 'NONE',  ( 21.87799691369647448, 5.000000000000056843, 6.813561579518077060 ) ) ;
#952 = CARTESIAN_POINT ( 'NONE',  ( -25.92008318299282976, -2.390893995729089117, -4.369940844055557605 ) ) ;
#953 = CARTESIAN_POINT ( 'NONE',  ( 22.56229562706513647, -19.66666666666666430, -2.461630249311548280 ) ) ;
#954 = CARTESIAN_POINT ( 'NONE',  ( -25.99331563100805909, -18.38117820633506128, -3.413183285759862962 ) ) ;
#955 = SURFACE_STYLE_FILL_AREA ( #4958 ) ;
#956 = CARTESIAN_POINT ( 'NONE',  ( 14.51562625453947319, 15.24715843154283057, 22.39834450787420650 ) ) ;
#957 = CARTESIAN_POINT ( 'NONE',  ( -12.31891034046030065, -12.76621769485993951, -25.58010589737637375 ) ) ;
#958 = CARTESIAN_POINT ( 'NONE',  ( 26.30301104543448432, -19.01552554765861203, -0.8488813960618750709 ) ) ;
#959 = CARTESIAN_POINT ( 'NONE',  ( 22.95509809615734298, 11.21242622550052737, -9.769891881103509590 ) ) ;
#960 = ORIENTED_EDGE ( 'NONE', *, *, #550, .T. ) ;
#961 = CARTESIAN_POINT ( 'NONE',  ( -13.72016259612882472, -4.999999999999907629, 22.12419287565834836 ) ) ;
#962 = VECTOR ( 'NONE', #1109, 1000.000000000000227 ) ;
#963 = CARTESIAN_POINT ( 'NONE',  ( 28.16073382889943133, 15.00000000000001776, -2.681248504240198116 ) ) ;
#964 = CARTESIAN_POINT ( 'NONE',  ( -15.47107513780721533, 9.230067842919867260, -23.80623200268082229 ) ) ;
#965 = CARTESIAN_POINT ( 'NONE',  ( -5.355610187492571228, -3.788974537394050657, 24.36075331659885990 ) ) ;
#966 = CARTESIAN_POINT ( 'NONE',  ( -25.86167451138909712, 15.24715843154274708, 2.485172633762714245 ) ) ;
#967 = ORIENTED_EDGE ( 'NONE', *, *, #1591, .F. ) ;
#968 = CARTESIAN_POINT ( 'NONE',  ( -2.227671861124499664, 59.00000000000014211, -23.56630669860016525 ) ) ;
#969 = DIRECTION ( 'NONE',  ( 0.000000000000000000, 0.000000000000000000, 1.000000000000000000 ) ) ;
#970 = VECTOR ( 'NONE', #2158, 1000.000000000000000 ) ;
#971 = CARTESIAN_POINT ( 'NONE',  ( -3.010952877151000795, 15.00000000000005151, 24.89499976191655506 ) ) ;
#972 = CARTESIAN_POINT ( 'NONE',  ( 16.14775246447090851, -12.09750124954752160, -23.35243223142092717 ) ) ;
#973 = CARTESIAN_POINT ( 'NONE',  ( -14.28085403172305234, 0.2870930524198340716, 24.54371582022641718 ) ) ;
#974 = EDGE_CURVE ( 'NONE', #2014, #4936, #549, .T. ) ;
#975 = CARTESIAN_POINT ( 'NONE',  ( -14.65948350627146368, -13.39814183727306407, -21.83302717686067851 ) ) ;
#976 = ORIENTED_EDGE ( 'NONE', *, *, #1222, .T. ) ;
#977 = CARTESIAN_POINT ( 'NONE',  ( 23.76158322381922261, 3.507377888656718401, 7.584650845502490135 ) ) ;
#978 = CARTESIAN_POINT ( 'NONE',  ( -6.428346811605694100, 15.00000000000001776, -21.99264325336351078 ) ) ;
#979 = CARTESIAN_POINT ( 'NONE',  ( 15.59105662383331570, -20.39633502492594275, -21.08703550340127464 ) ) ;
#980 = CARTESIAN_POINT ( 'NONE',  ( 10.04433869869368401, -16.58239986469297733, 24.46732893096320538 ) ) ;
#981 = B_SPLINE_SURFACE_WITH_KNOTS ( 'NONE', 3, 3, ( 
 ( #214, #5161, #1615, #3363, #1162, #2002, #3417, #757, #4638, #3798, #5190, #646, #5564, #4316, #5130, #1130, #3736, #5503, #2927 ),
 ( #3765, #4694, #1523, #2634, #3908, #1342, #2606, #5705, #4819, #3018, #1707, #3963, #407, #5733, #1284, #3050, #1764, #5247, #5647 ),
 ( #3531, #4783, #2692, #785, #3137, #3104, #438, #4875, #3933, #4905, #5302, #3476, #1226, #2233, #5218, #4403, #353, #5676, #2577 ),
 ( #900, #1253, #871, #2203, #2664, #4349, #1314, #4434, #815, #3881, #5277, #4375, #3993, #11, #5332, #2146, #1793, #3558, #1735 ),
 ( #381, #4462, #2117, #2174, #3504, #1679, #3077, #4846, #3447, #842, #4082, #5044, #4575, #97, #3590, #4492, #5416, #1016, #989 ),
 ( #5470, #958, #1879, #3193, #1372, #71, #2349, #4549, #4113, #1429, #1401, #124, #3617, #4022, #4140, #1907, #3166, #1042, #4934 ),
 ( #1457, #580, #3249, #2324, #498, #2778, #5016, #4989, #2294, #2834, #3676, #1822, #554, #3704, #3220, #2265, #5363, #5443, #466 ) ),
 .UNSPECIFIED., .F., .F., .F.,
 ( 4, 3, 4 ),
 ( 4, 3, 3, 3, 3, 3, 4 ),
 ( -0.02734807911809033695, -0.01299036839724691979, 0.001367342323596496510 ),
 ( -0.03539633502492590261, -0.03092545094089588914, -0.02645456685686587914, -0.01751279868880585566, -0.008571030520745830453, -0.004100146436715818715, 0.0003707376473141932392 ),
 .UNSPECIFIED. ) ;
#982 = CARTESIAN_POINT ( 'NONE',  ( -25.61009413611725449, 12.26661509745898648, 5.969269381507543493 ) ) ;
#983 = CARTESIAN_POINT ( 'NONE',  ( -4.628573982581674073, -14.99999999999996625, -9.480970566741152794 ) ) ;
#984 =( NAMED_UNIT ( * ) SI_UNIT ( $, .STERADIAN. ) SOLID_ANGLE_UNIT ( ) );
#985 = CARTESIAN_POINT ( 'NONE',  ( -12.70016756159185434, -10.37263885785859507, -25.39308235671337854 ) ) ;
#986 = B_SPLINE_CURVE_WITH_KNOTS ( 'NONE', 3,
 ( #813, #3530, #5674, #1791, #3473, #5188, #2603, #2987, #2574, #4372, #5275, #4402, #3016 ),
 .UNSPECIFIED., .F., .F.,
 ( 4, 3, 3, 3, 4 ),
 ( 0.000000000000000000, 0.006607043467734404103, 0.01321408693384194116, 0.01982113039231569659, 0.02829969659178832239 ),
 .UNSPECIFIED. ) ;
#987 = CARTESIAN_POINT ( 'NONE',  ( -4.854883072298665780, 0.5281195598404239133, -24.46432822597288137 ) ) ;
#988 = CARTESIAN_POINT ( 'NONE',  ( 26.65423050247017045, 15.37073764731419345, -1.392404967163956897 ) ) ;
#989 = CARTESIAN_POINT ( 'NONE',  ( 22.71996562108278539, 15.30324130718414288, -10.34468101431948739 ) ) ;
#990 = CARTESIAN_POINT ( 'NONE',  ( 10.42977133533006473, -6.999999999999992006, 0.5086578330340388865 ) ) ;
#991 = ORIENTED_EDGE ( 'NONE', *, *, #588, .F. ) ;
#992 = CARTESIAN_POINT ( 'NONE',  ( 15.09950666624260762, 15.37073764731424319, 21.14260051510307648 ) ) ;
#993 = CARTESIAN_POINT ( 'NONE',  ( 25.68332633936452325, -14.99999999999999289, 2.047194403475800062 ) ) ;
#994 = CARTESIAN_POINT ( 'NONE',  ( -3.250900330598272880, 9.848595281640104560, 24.73675931728648081 ) ) ;
#995 = CARTESIAN_POINT ( 'NONE',  ( -9.888631002691509408, -19.38875661563048425, -24.28399486508586236 ) ) ;
#996 = ORIENTED_EDGE ( 'NONE', *, *, #2424, .F. ) ;
#997 = CYLINDRICAL_SURFACE ( 'NONE', #4030, 19.50000000000000000 ) ;
#998 = SHAPE_DEFINITION_REPRESENTATION ( #935, #2709 ) ;
#999 = CARTESIAN_POINT ( 'NONE',  ( 28.41863755542902226, -16.99999999999997868, -3.173490112346224468 ) ) ;
#1000 = CARTESIAN_POINT ( 'NONE',  ( 12.18819005179341808, -17.48604403087943027, -23.31527633187945980 ) ) ;
#1001 = CARTESIAN_POINT ( 'NONE',  ( -12.40745460313721438, 12.21120723899123384, 25.53696903989380118 ) ) ;
#1002 = CARTESIAN_POINT ( 'NONE',  ( 25.95643205721997049, -20.39633502492596762, 3.743209020165713330 ) ) ;
#1003 = CARTESIAN_POINT ( 'NONE',  ( -21.11877800013490614, -1.000976948929079180, -12.37074616211203271 ) ) ;
#1004 = ORIENTED_EDGE ( 'NONE', *, *, #313, .F. ) ;
#1005 = CARTESIAN_POINT ( 'NONE',  ( 25.53446706010380041, -14.31237887928238983, 6.297868887107201274 ) ) ;
#1006 = CARTESIAN_POINT ( 'NONE',  ( -6.462703459222068680, 15.24715843154276840, -21.98371987877743905 ) ) ;
#1007 = CARTESIAN_POINT ( 'NONE',  ( 15.07468104590940250, -16.58239986469293470, -21.44395873859087942 ) ) ;
#1008 = CARTESIAN_POINT ( 'NONE',  ( 22.27453684167793213, 15.37073764731424852, 5.377886858117993718 ) ) ;
#1009 = FACE_OUTER_BOUND ( 'NONE', #5529, .T. ) ;
#1010 = DIRECTION ( 'NONE',  ( -1.003456252704766818E-16, 1.000000000000000000, 2.539663957332261757E-15 ) ) ;
#1011 = ADVANCED_FACE ( 'NONE', ( #4986 ), #884, .F. ) ;
#1012 = CARTESIAN_POINT ( 'NONE',  ( 6.497341037727748514, 10.99999999999995737, -12.40099026043717778 ) ) ;
#1013 = CARTESIAN_POINT ( 'NONE',  ( -2.301615365883579400, -15.94070628732215766, -24.86040735512709432 ) ) ;
#1014 = EDGE_CURVE ( 'NONE', #5114, #4029, #1920, .T. ) ;
#1015 = CARTESIAN_POINT ( 'NONE',  ( -11.60095609501935598, -17.23381003362781527, -25.91428000994287473 ) ) ;
#1016 = CARTESIAN_POINT ( 'NONE',  ( 22.81197107217758457, 13.81551355285368921, -10.12943925486979957 ) ) ;
#1017 = CARTESIAN_POINT ( 'NONE',  ( -11.58237864473882972, 5.000000000000050626, 24.11144001947937454 ) ) ;
#1018 = VERTEX_POINT ( 'NONE', #2995 ) ;
#1019 = CARTESIAN_POINT ( 'NONE',  ( -17.24508794254177957, -6.336141551240428882, 19.84572908155341864 ) ) ;
#1020 = CARTESIAN_POINT ( 'NONE',  ( 10.81529223615082635, -15.00000000000002309, 23.62264705418618149 ) ) ;
#1021 = ADVANCED_FACE ( 'NONE', ( #2963 ), #4103, .F. ) ;
#1022 = CARTESIAN_POINT ( 'NONE',  ( -12.36716124993412080, 12.46315388242530275, 25.55626777480938472 ) ) ;
#1023 = CARTESIAN_POINT ( 'NONE',  ( -26.94634354765208073, -19.66666666666669272, -6.208700502194049342 ) ) ;
#1024 = CARTESIAN_POINT ( 'NONE',  ( -9.899783882621353115, -15.79119993234649044, -24.78658326772665532 ) ) ;
#1025 = VERTEX_POINT ( 'NONE', #95 ) ;
#1026 = CARTESIAN_POINT ( 'NONE',  ( 54.10640309490599265, 11.00000000000003553, 10.28528775151849750 ) ) ;
#1027 = FACE_OUTER_BOUND ( 'NONE', #3684, .T. ) ;
#1028 = CARTESIAN_POINT ( 'NONE',  ( -26.10836094526513307, -16.58239986469297378, -2.333067159856391903 ) ) ;
#1029 = CARTESIAN_POINT ( 'NONE',  ( -15.79465505864747676, 15.37073764731418812, 16.60137133336648319 ) ) ;
#1030 = EDGE_LOOP ( 'NONE', ( #3974, #3548, #4696, #4311 ) ) ;
#1031 = CARTESIAN_POINT ( 'NONE',  ( 23.13336058675498563, -8.409817622205865817, 9.344095407639079198 ) ) ;
#1032 = CARTESIAN_POINT ( 'NONE',  ( 13.72016259612898992, -4.999999999999913847, -22.12419287565826664 ) ) ;
#1033 = CARTESIAN_POINT ( 'NONE',  ( -24.57207200941611092, -17.00000000000000711, 5.037854338390278741 ) ) ;
#1034 = CARTESIAN_POINT ( 'NONE',  ( -24.03466617648665604, 9.465787752657417897, -6.691638253308067164 ) ) ;
#1035 = CARTESIAN_POINT ( 'NONE',  ( 35.37532167764071289, 11.00000000000008171, 30.95281273492684093 ) ) ;
#1036 = CARTESIAN_POINT ( 'NONE',  ( 14.70279091932173898, -16.58239986469293470, -22.27615811015927960 ) ) ;
#1037 = CARTESIAN_POINT ( 'NONE',  ( 16.28091007365204845, -9.528867112923796512, 19.79338920959738957 ) ) ;
#1038 = CARTESIAN_POINT ( 'NONE',  ( -4.628226372503194241, -0.9404695892128343004, -24.50484055863332244 ) ) ;
#1039 = CARTESIAN_POINT ( 'NONE',  ( 23.09769934187114870, 59.00000000000000000, 10.57495240868055042 ) ) ;
#1040 = CARTESIAN_POINT ( 'NONE',  ( 14.28082497345515378, 0.2870934121824973428, -24.54371565156138146 ) ) ;
#1041 = CARTESIAN_POINT ( 'NONE',  ( 25.23822113050711380, -20.00000000000002132, 7.311513589069024377 ) ) ;
#1042 = CARTESIAN_POINT ( 'NONE',  ( 25.55552722800231891, 13.75841135783654678, -6.208868281781435350 ) ) ;
#1043 = CARTESIAN_POINT ( 'NONE',  ( -15.13656739934176620, -18.38117820633504707, 21.69367162047897679 ) ) ;
#1044 = EDGE_CURVE ( 'NONE', #2991, #5060, #213, .T. ) ;
#1045 = ORIENTED_EDGE ( 'NONE', *, *, #1700, .T. ) ;
#1046 = CARTESIAN_POINT ( 'NONE',  ( -17.58189704617119631, -9.064457455023623211, 19.54731575980208547 ) ) ;
#1047 = CARTESIAN_POINT ( 'NONE',  ( 26.78106273502836032, -16.99999999999998579, -0.04797318463579904047 ) ) ;
#1048 = CIRCLE ( 'NONE', #1998, 1.399999999999996803 ) ;
#1049 = CARTESIAN_POINT ( 'NONE',  ( -16.69465673622016055, -17.08342612045042941, 22.85146486776543284 ) ) ;
#1050 = CARTESIAN_POINT ( 'NONE',  ( -10.42977133535740286, -14.99999999999998934, -0.5086578329827722289 ) ) ;
#1051 = CARTESIAN_POINT ( 'NONE',  ( -14.49830300776726233, 15.12357921577137532, -22.40959853315108319 ) ) ;
#1052 = VERTEX_POINT ( 'NONE', #4629 ) ;
#1053 = CARTESIAN_POINT ( 'NONE',  ( 3.010952877151179763, 14.99999999999993072, -24.89499976191651598 ) ) ;
#1054 = CARTESIAN_POINT ( 'NONE',  ( 2.227671861124501884, 59.00000000000000000, 23.56630669860017235 ) ) ;
#1055 = B_SPLINE_CURVE_WITH_KNOTS ( 'NONE', 3,
 ( #1906, #3675, #3248, #3192, #929, #2719 ),
 .UNSPECIFIED., .F., .F.,
 ( 4, 2, 4 ),
 ( 0.1149376200795025893, 0.1290916125466744224, 0.1432456050138462555 ),
 .UNSPECIFIED. ) ;
#1056 = AXIS2_PLACEMENT_3D ( 'NONE', #2811, #1462, #4468 ) ;
#1057 = CARTESIAN_POINT ( 'NONE',  ( -18.66608413105798192, 15.12357921577136466, -13.28921041130816327 ) ) ;
#1058 = CARTESIAN_POINT ( 'NONE',  ( -14.96755383631319525, -15.79119993234651176, 21.51801391795390117 ) ) ;
#1059 = ORIENTED_EDGE ( 'NONE', *, *, #4251, .F. ) ;
#1060 = CARTESIAN_POINT ( 'NONE',  ( 28.38469775002332440, 3.629542381863531286, -0.7948155390535985854 ) ) ;
#1061 = CARTESIAN_POINT ( 'NONE',  ( 5.312316423731881621, 3.507378208195182978, 24.37045960377149356 ) ) ;
#1062 = CARTESIAN_POINT ( 'NONE',  ( 10.49532622204778143, 15.37073764731419345, -24.01869943744656410 ) ) ;
#1063 = CARTESIAN_POINT ( 'NONE',  ( 14.49829112400754916, 15.12357921577141440, 22.40962453847592073 ) ) ;
#1064 = CARTESIAN_POINT ( 'NONE',  ( -24.34202681694527826, 15.00000000000000178, 8.045503753993523688 ) ) ;
#1065 = LINE ( 'NONE', #3640, #5599 ) ;
#1066 = CARTESIAN_POINT ( 'NONE',  ( 11.59963647404212139, -15.86413836559104951, 25.85100600350276778 ) ) ;
#1067 = CARTESIAN_POINT ( 'NONE',  ( -3.363170055580825046, -9.123071042028007227, -24.71951030484828848 ) ) ;
#1068 = COLOUR_RGB ( '',0.7921568627450980005, 0.8196078431372548767, 0.9333333333333333481 ) ;
#1069 = CARTESIAN_POINT ( 'NONE',  ( -1.675668704010276455, 10.89503024680371013, -24.43081448133037981 ) ) ;
#1070 = CARTESIAN_POINT ( 'NONE',  ( 23.09769934187114870, -59.00000000000026290, -10.57495240868054331 ) ) ;
#1071 = CARTESIAN_POINT ( 'NONE',  ( -6.497341037727801805, -3.308988647288406049E-14, 12.40099026043720620 ) ) ;
#1072 = CARTESIAN_POINT ( 'NONE',  ( 26.20793703326374668, -12.03391255400523896, -2.029229791140705785 ) ) ;
#1073 = EDGE_LOOP ( 'NONE', ( #3124, #1663, #2846, #1516, #5582, #2127 ) ) ;
#1074 = CIRCLE ( 'NONE', #3324, 1.399999999999996803 ) ;
#1075 = CARTESIAN_POINT ( 'NONE',  ( -16.72490402684620392, -17.37359979703953528, 20.80233862618182172 ) ) ;
#1076 = DIRECTION ( 'NONE',  ( -0.8857850186026573480, 9.386378138279167805E-16, -0.4640957884091277963 ) ) ;
#1077 = EDGE_CURVE ( 'NONE', #5259, #5623, #4545, .T. ) ;
#1078 = CARTESIAN_POINT ( 'NONE',  ( 32.29865374360192476, 15.00000000000001421, 5.904105499531418388 ) ) ;
#1079 = CARTESIAN_POINT ( 'NONE',  ( -11.78061893396747628, 15.00000000000004796, 25.73066422110573725 ) ) ;
#1080 = CARTESIAN_POINT ( 'NONE',  ( -2.390672241206771353, 59.00000000000000000, -25.29067060337579065 ) ) ;
#1081 = ORIENTED_EDGE ( 'NONE', *, *, #5457, .F. ) ;
#1082 = CARTESIAN_POINT ( 'NONE',  ( -21.50391784773329817, -59.00000000000000711, -6.285494660236630615 ) ) ;
#1083 = CARTESIAN_POINT ( 'NONE',  ( 4.628573982554339494, -7.000000000000009770, 7.380970566792418808 ) ) ;
#1084 = EDGE_CURVE ( 'NONE', #4578, #1255, #5554, .T. ) ;
#1085 = CARTESIAN_POINT ( 'NONE',  ( 11.21393626912124653, 15.37073764731412773, -23.69171881576908945 ) ) ;
#1086 = CARTESIAN_POINT ( 'NONE',  ( -14.87717641085798270, 15.12357921577137532, -21.58050689349643747 ) ) ;
#1087 = CARTESIAN_POINT ( 'NONE',  ( -10.53261599731897391, 15.12357921577139308, 24.00234996597968973 ) ) ;
#1088 = ORIENTED_EDGE ( 'NONE', *, *, #5673, .T. ) ;
#1089 = CARTESIAN_POINT ( 'NONE',  ( 20.52434372588993838, -8.470239675635392373, 13.35424180555918738 ) ) ;
#1090 = ADVANCED_FACE ( 'NONE', ( #4808 ), #4220, .T. ) ;
#1091 = CARTESIAN_POINT ( 'NONE',  ( 12.55624017148554827, -11.27556565440045233, 25.46329532062077661 ) ) ;
#1092 = CARTESIAN_POINT ( 'NONE',  ( -18.39876668448629715, -17.00000000000003553, 18.98360560786830220 ) ) ;
#1093 = LINE ( 'NONE', #255, #3330 ) ;
#1094 = CARTESIAN_POINT ( 'NONE',  ( 12.61094143538354473, -9.616262454739352705, 25.37345974917094082 ) ) ;
#1095 = CARTESIAN_POINT ( 'NONE',  ( 15.05016633548365235, -14.99999999999993605, -21.17764135295217542 ) ) ;
#1096 = CARTESIAN_POINT ( 'NONE',  ( 28.31793836926174990, 3.333303192726197128, -0.5926307100358302327 ) ) ;
#1097 = CARTESIAN_POINT ( 'NONE',  ( 4.251844265433096126, 3.386371614922474738, -24.57752540896157711 ) ) ;
#1098 = FACE_OUTER_BOUND ( 'NONE', #4793, .T. ) ;
#1099 = DIRECTION ( 'NONE',  ( 0.000000000000000000, 2.478176394252584099E-15, 1.000000000000000000 ) ) ;
#1100 = VERTEX_POINT ( 'NONE', #1574 ) ;
#1101 = CARTESIAN_POINT ( 'NONE',  ( -16.04188719287876808, -13.10201707661819270, 23.42395707394819837 ) ) ;
#1102 = CARTESIAN_POINT ( 'NONE',  ( 26.36685132191416159, -17.37359979703947133, 2.095001324057102821 ) ) ;
#1103 = DIRECTION ( 'NONE',  ( -0.09410831331851544912, -3.371047392288260402E-14, 0.9955619646030798853 ) ) ;
#1104 = CARTESIAN_POINT ( 'NONE',  ( 22.08854639860092206, 23.00000000000005684, 23.99137590878975601 ) ) ;
#1105 = CARTESIAN_POINT ( 'NONE',  ( -23.09769934187114160, 59.00000000000000000, -10.57495240868054509 ) ) ;
#1106 = EDGE_LOOP ( 'NONE', ( #2352, #1465, #3398, #2645 ) ) ;
#1107 = CARTESIAN_POINT ( 'NONE',  ( -13.57926552649483654, 14.99999999999993072, -23.33019864405566324 ) ) ;
#1108 = DIRECTION ( 'NONE',  ( 0.4640957882220584363, 2.497652228964048790E-15, 0.8857850187006701681 ) ) ;
#1109 = DIRECTION ( 'NONE',  ( 0.9092361090470688634, 1.670866968351571507E-14, -0.4162807922604004895 ) ) ;
#1110 = CARTESIAN_POINT ( 'NONE',  ( 17.12402857188581606, -20.39633502492610617, -20.48827425029412552 ) ) ;
#1111 = CARTESIAN_POINT ( 'NONE',  ( -26.05519308907159370, 15.00000000000000000, 2.859421829948628702 ) ) ;
#1112 = CARTESIAN_POINT ( 'NONE',  ( -22.35115947752805354, -17.37359979703952106, 5.100614677635267213 ) ) ;
#1113 = ADVANCED_FACE ( 'NONE', ( #1152, #1184 ), #2508, .T. ) ;
#1114 = VERTEX_POINT ( 'NONE', #4305 ) ;
#1115 = EDGE_CURVE ( 'NONE', #642, #3533, #2106, .T. ) ;
#1116 = CARTESIAN_POINT ( 'NONE',  ( 18.33331917450180981, 15.24629234031536917, 18.85871866443413580 ) ) ;
#1117 = CARTESIAN_POINT ( 'NONE',  ( 15.84526124999643670, -15.00000000000005151, 19.99986505879033061 ) ) ;
#1118 = CARTESIAN_POINT ( 'NONE',  ( -25.86545857163426732, -14.99999999999998579, -2.445005701233981199 ) ) ;
#1119 = CARTESIAN_POINT ( 'NONE',  ( -11.78061893396747628, 15.00000000000004796, 25.73066422110573725 ) ) ;
#1120 = CARTESIAN_POINT ( 'NONE',  ( -2.193472712272242831, 14.99999999999999112, 22.80764515377493495 ) ) ;
#1121 = CARTESIAN_POINT ( 'NONE',  ( 3.560006462560093343, 7.855352637847008879, -24.69028764991362124 ) ) ;
#1122 = DIRECTION ( 'NONE',  ( 4.064784181921418638E-16, -1.000000000000000000, 2.538572003884065318E-15 ) ) ;
#1123 = CARTESIAN_POINT ( 'NONE',  ( -10.53261599731897391, 15.12357921577139308, 24.00234996597968973 ) ) ;
#1124 = ORIENTED_EDGE ( 'NONE', *, *, #3472, .F. ) ;
#1125 = CARTESIAN_POINT ( 'NONE',  ( -16.99100626054659458, -19.38875661563057307, 20.59295984686920988 ) ) ;
#1126 = CARTESIAN_POINT ( 'NONE',  ( -9.555409570950656573, -58.99999999999938893, -39.17823564086725696 ) ) ;
#1127 = CARTESIAN_POINT ( 'NONE',  ( -11.45605783541765099, -16.99999999999992895, -25.87724028603494020 ) ) ;
#1128 = CARTESIAN_POINT ( 'NONE',  ( -17.30785495250944450, 14.99999999999993250, -21.06426063961144024 ) ) ;
#1129 = CARTESIAN_POINT ( 'NONE',  ( 15.26062610920323515, -16.58239986469293470, -21.02785905280667933 ) ) ;
#1130 = CARTESIAN_POINT ( 'NONE',  ( 12.31363702393900716, 11.08101905166533996, -25.58087984304775730 ) ) ;
#1131 = CARTESIAN_POINT ( 'NONE',  ( -14.67070070903529988, 15.00000000000000178, -22.00646616573208902 ) ) ;
#1132 = ORIENTED_EDGE ( 'NONE', *, *, #338, .T. ) ;
#1133 = CARTESIAN_POINT ( 'NONE',  ( -25.86545857163423889, 14.99999999999998579, 2.445005701234334694 ) ) ;
#1134 = CARTESIAN_POINT ( 'NONE',  ( 26.94634354765213757, -19.66666666666671759, 6.208700502194049342 ) ) ;
#1135 = CIRCLE ( 'NONE', #5330, 2.100000000000000977 ) ;
#1136 = CARTESIAN_POINT ( 'NONE',  ( 14.19554173344243786, -0.8206642059691020563, 24.58701741376164307 ) ) ;
#1137 = CARTESIAN_POINT ( 'NONE',  ( -15.06661311240334200, 15.12357921577137532, -21.16596107366911284 ) ) ;
#1138 = CARTESIAN_POINT ( 'NONE',  ( 26.24492413547287839, -15.00000000000000000, 3.273830377262332281 ) ) ;
#1139 = EDGE_LOOP ( 'NONE', ( #3541, #4296, #4252, #3776 ) ) ;
#1140 = CARTESIAN_POINT ( 'NONE',  ( -18.65526374753376615, -15.00000000000000178, 13.30342566822353589 ) ) ;
#1141 = VERTEX_POINT ( 'NONE', #832 ) ;
#1142 = CARTESIAN_POINT ( 'NONE',  ( 18.15479113470722083, 13.75841108205921159, 19.02732338458687877 ) ) ;
#1143 = ADVANCED_FACE ( 'NONE', ( #862 ), #2306, .T. ) ;
#1144 = CARTESIAN_POINT ( 'NONE',  ( 6.222194896587667223, 9.465787629497718569, 24.16045116023789063 ) ) ;
#1145 = CARTESIAN_POINT ( 'NONE',  ( 13.72016259612898992, -4.999999999999913847, -22.12419287565826664 ) ) ;
#1146 = LINE ( 'NONE', #2941, #3406 ) ;
#1147 = CARTESIAN_POINT ( 'NONE',  ( 13.71929715842294328, 5.000000000000023981, 22.12280670378009617 ) ) ;
#1148 = CARTESIAN_POINT ( 'NONE',  ( 12.17657886903266906, -14.99999999999999822, 23.75132652720584048 ) ) ;
#1149 = CARTESIAN_POINT ( 'NONE',  ( 16.64270655927027676, -8.753856909988961377, 19.30235111916392654 ) ) ;
#1150 = CIRCLE ( 'NONE', #2010, 2.100000000000000977 ) ;
#1151 = EDGE_CURVE ( 'NONE', #5460, #4578, #4081, .T. ) ;
#1152 = FACE_BOUND ( 'NONE', #1443, .T. ) ;
#1153 = CARTESIAN_POINT ( 'NONE',  ( -0.9884481777128143465, 6.426140497554204245, -24.45969676285117700 ) ) ;
#1154 = DIRECTION ( 'NONE',  ( -0.6362793678539803155, -0.6957102058903573694, -0.3333704777921041029 ) ) ;
#1155 = CARTESIAN_POINT ( 'NONE',  ( -22.46678944793194077, -20.39633502492603867, 4.682154662607249662 ) ) ;
#1156 = ORIENTED_EDGE ( 'NONE', *, *, #4577, .F. ) ;
#1157 = CARTESIAN_POINT ( 'NONE',  ( -20.12088315049731690, -13.21444067877749262, 14.76565358578436538 ) ) ;
#1158 = CARTESIAN_POINT ( 'NONE',  ( 26.26298094178407894, -4.999999999999876543, 0.4330455952809316722 ) ) ;
#1159 = STYLED_ITEM ( 'NONE', ( #5421 ), #1341 ) ;
#1160 = CARTESIAN_POINT ( 'NONE',  ( -24.63813655284474535, 14.99999999999997158, -5.042760846939748909 ) ) ;
#1161 = CARTESIAN_POINT ( 'NONE',  ( -10.81529223615066648, -15.00000000000000178, -23.62264705418625610 ) ) ;
#1162 = CARTESIAN_POINT ( 'NONE',  ( 16.21049142427769141, -14.25799546455444045, -23.30770180488120147 ) ) ;
#1163 = DIRECTION ( 'NONE',  ( -3.773173425613459862E-16, 1.000000000000000000, -2.513482421598778410E-15 ) ) ;
#1164 = EDGE_LOOP ( 'NONE', ( #3951, #189, #4951, #4499, #2421, #3458 ) ) ;
#1165 = DIRECTION ( 'NONE',  ( 0.000000000000000000, -2.478176394252588832E-15, -1.000000000000000000 ) ) ;
#1166 = CARTESIAN_POINT ( 'NONE',  ( -23.72048138258305627, 14.99999999999996625, -7.044821101992376100 ) ) ;
#1167 = AXIS2_PLACEMENT_3D ( 'NONE', #1601, #2075, #279 ) ;
#1168 = CARTESIAN_POINT ( 'NONE',  ( 12.15812988984860255, 15.12357921577138065, -23.76069796167509551 ) ) ;
#1169 = CARTESIAN_POINT ( 'NONE',  ( -26.04847220960730425, 15.37073764731411885, 2.920142066784387147 ) ) ;
#1170 = EDGE_LOOP ( 'NONE', ( #3321, #5100, #2586, #3228, #2722, #2459 ) ) ;
#1171 = CARTESIAN_POINT ( 'NONE',  ( 14.81369711420488322, -17.37359979703940382, -22.20380949223407896 ) ) ;
#1172 = CARTESIAN_POINT ( 'NONE',  ( -26.12623254251068516, 15.24715843154279327, 2.114024639383701665 ) ) ;
#1173 = ORIENTED_EDGE ( 'NONE', *, *, #340, .T. ) ;
#1174 = CARTESIAN_POINT ( 'NONE',  ( 19.45454625991194320, 6.365692057290087469, 15.60913947900925969 ) ) ;
#1175 = EDGE_CURVE ( 'NONE', #2472, #5284, #3953, .T. ) ;
#1176 = CARTESIAN_POINT ( 'NONE',  ( 6.372108320897790001, -20.26398821304416487, 25.54230855282663271 ) ) ;
#1177 = CARTESIAN_POINT ( 'NONE',  ( 17.77966294506254741, -4.999999999999952038, -14.45351337505043432 ) ) ;
#1178 = B_SPLINE_CURVE_WITH_KNOTS ( 'NONE', 3,
 ( #4956, #3749, #5093, #1064, #1540, #4598, #4271, #3784, #2861, #4657, #5037, #3352, #2477 ),
 .UNSPECIFIED., .F., .F.,
 ( 4, 3, 3, 3, 4 ),
 ( 0.000000000000000000, 0.006607043611316518184, 0.01321408729173007522, 0.01982113106267602981, 0.02829930038049556507 ),
 .UNSPECIFIED. ) ;
#1179 = DIRECTION ( 'NONE',  ( -0.9955619646030803294, 1.391032035867509522E-16, -0.09410831331850988413 ) ) ;
#1180 = CARTESIAN_POINT ( 'NONE',  ( -21.23484258567169647, 0.4675989357767100785, -12.17690826532336423 ) ) ;
#1181 = CARTESIAN_POINT ( 'NONE',  ( -25.67440866043512315, -10.42861535242941429, -5.673153688703211017 ) ) ;
#1182 = CARTESIAN_POINT ( 'NONE',  ( 8.096279414434599531, 19.66666666666636587, -26.44056830245902390 ) ) ;
#1183 = CARTESIAN_POINT ( 'NONE',  ( 14.33545405343601331, -2.874309379873427162, 23.70603189982156422 ) ) ;
#1184 = FACE_OUTER_BOUND ( 'NONE', #570, .T. ) ;
#1185 = CARTESIAN_POINT ( 'NONE',  ( 25.86545857163425310, 15.00000000000000000, -2.445005701234163720 ) ) ;
#1186 = CARTESIAN_POINT ( 'NONE',  ( -28.29032936031742551, -14.25799503472465979, -2.384815551483333795 ) ) ;
#1187 = DIRECTION ( 'NONE',  ( 0.000000000000000000, -3.304235192336776695E-15, 1.000000000000000000 ) ) ;
#1188 = CARTESIAN_POINT ( 'NONE',  ( -25.84097318153079215, -16.58239986469303062, -2.702160361822636858 ) ) ;
#1189 = ORIENTED_EDGE ( 'NONE', *, *, #1300, .F. ) ;
#1190 = CARTESIAN_POINT ( 'NONE',  ( -19.99091881559738226, -11.85064364548597027, 14.93594338348539274 ) ) ;
#1191 = CARTESIAN_POINT ( 'NONE',  ( 10.46287449041623496, -17.37359979703946777, 23.78370559485090396 ) ) ;
#1192 = EDGE_CURVE ( 'NONE', #849, #1431, #4805, .T. ) ;
#1193 = EDGE_CURVE ( 'NONE', #2694, #1208, #3136, .T. ) ;
#1194 = B_SPLINE_CURVE_WITH_KNOTS ( 'NONE', 3,
 ( #564, #4123, #4065, #2756 ),
 .UNSPECIFIED., .F., .F.,
 ( 4, 4 ),
 ( 0.001575667947661405074, 0.01886060908158652266 ),
 .UNSPECIFIED. ) ;
#1195 = CARTESIAN_POINT ( 'NONE',  ( 16.19535697498303861, 59.00000000000000711, 15.48019180691229835 ) ) ;
#1196 = LINE ( 'NONE', #1251, #3961 ) ;
#1197 = CARTESIAN_POINT ( 'NONE',  ( -10.76611859813209371, -18.38117820633496535, -23.90377938896922672 ) ) ;
#1198 = CARTESIAN_POINT ( 'NONE',  ( 25.68332633936452325, -14.99999999999999289, 2.047194403475800062 ) ) ;
#1199 = CARTESIAN_POINT ( 'NONE',  ( 12.69248481423078800, 8.730019928772279059, -25.39629095749915422 ) ) ;
#1200 = ORIENTED_EDGE ( 'NONE', *, *, #617, .F. ) ;
#1201 = CARTESIAN_POINT ( 'NONE',  ( 16.42778424240358959, 15.12357921577141262, 21.03614186758521853 ) ) ;
#1202 = CARTESIAN_POINT ( 'NONE',  ( -26.99417746433690368, 14.99999999999998046, 0.09488958865104665796 ) ) ;
#1203 = CARTESIAN_POINT ( 'NONE',  ( 16.16713996220849126, -16.58239986469293470, -20.93231895633919493 ) ) ;
#1204 = CARTESIAN_POINT ( 'NONE',  ( -26.61758945812951893, -19.38875661563048070, -2.063867246802749911 ) ) ;
#1205 = ORIENTED_EDGE ( 'NONE', *, *, #3436, .F. ) ;
#1206 = CARTESIAN_POINT ( 'NONE',  ( 26.01856118769770987, 5.000000000000060396, -0.8198565093715692864 ) ) ;
#1207 = CARTESIAN_POINT ( 'NONE',  ( -26.23820777995219089, -4.999999999999877431, -1.221665060653193136 ) ) ;
#1208 = VERTEX_POINT ( 'NONE', #465 ) ;
#1209 = CARTESIAN_POINT ( 'NONE',  ( 17.97458335835114696, 12.26661502666749293, 19.19436294445692326 ) ) ;
#1210 = CARTESIAN_POINT ( 'NONE',  ( -7.210328415426134008, -15.97732191245556876, 23.90293720225471930 ) ) ;
#1211 = CARTESIAN_POINT ( 'NONE',  ( 16.68622727508183701, 14.99999999999994849, -18.81587173320353656 ) ) ;
#1212 = CARTESIAN_POINT ( 'NONE',  ( -19.50290080965955397, -20.38013079814572137, -14.87927930537176380 ) ) ;
#1213 = CARTESIAN_POINT ( 'NONE',  ( -28.32549171052407289, -11.73730790749129049, -1.939516730449590831 ) ) ;
#1214 = CARTESIAN_POINT ( 'NONE',  ( 3.627278284200774472, -4.999999999999952038, 22.62439646867421672 ) ) ;
#1215 = CARTESIAN_POINT ( 'NONE',  ( 26.10835358189002520, -16.58239986469298088, 2.333077324015365939 ) ) ;
#1216 = CARTESIAN_POINT ( 'NONE',  ( -10.91598783493150826, -17.37359979703941093, -23.83278465356287157 ) ) ;
#1217 = CARTESIAN_POINT ( 'NONE',  ( -20.08951694369001117, -12.87887735184331461, 14.80807713248318436 ) ) ;
#1218 = CARTESIAN_POINT ( 'NONE',  ( -15.63387260647412447, -19.38875661563055885, 20.76222292722114204 ) ) ;
#1219 = CARTESIAN_POINT ( 'NONE',  ( -14.74693506768208451, 12.75974116305167350, 21.77355581082852254 ) ) ;
#1220 = CARTESIAN_POINT ( 'NONE',  ( 14.87717244960484919, 15.12357921577141440, 21.58051556193797538 ) ) ;
#1221 = CARTESIAN_POINT ( 'NONE',  ( -28.08465519105797625, -19.99999999999998224, -3.548887639995351506 ) ) ;
#1222 = EDGE_CURVE ( 'NONE', #3627, #2282, #1821, .T. ) ;
#1223 = CARTESIAN_POINT ( 'NONE',  ( -15.41791291043161927, -8.333511622204252234, 23.74133184018643306 ) ) ;
#1224 = CARTESIAN_POINT ( 'NONE',  ( 6.428346811605533340, -14.99999999999998046, -21.99264325336352499 ) ) ;
#1225 = DIRECTION ( 'NONE',  ( 1.003456252704766818E-16, -1.000000000000000000, -2.539663957332261757E-15 ) ) ;
#1226 = CARTESIAN_POINT ( 'NONE',  ( 18.13181514502823077, 6.486588698236322337, -17.12816151424309652 ) ) ;
#1227 = CARTESIAN_POINT ( 'NONE',  ( 54.10640309490599265, 15.00000000000003553, 10.28528775151848684 ) ) ;
#1228 = ORIENTED_EDGE ( 'NONE', *, *, #3062, .F. ) ;
#1229 = CARTESIAN_POINT ( 'NONE',  ( 14.63305255702399954, 5.000000000000029310, 22.09850500281594421 ) ) ;
#1230 = FACE_OUTER_BOUND ( 'NONE', #2780, .T. ) ;
#1231 = CARTESIAN_POINT ( 'NONE',  ( 2.726561945177634172, -13.21444597208030736, 24.80798702525013866 ) ) ;
#1232 = CARTESIAN_POINT ( 'NONE',  ( -13.29190896230277374, 5.000000000000042633, -22.93003995094223768 ) ) ;
#1233 = ORIENTED_EDGE ( 'NONE', *, *, #2201, .T. ) ;
#1234 = CARTESIAN_POINT ( 'NONE',  ( 25.84097318153077794, -16.58239986469293825, 2.702160361822801171 ) ) ;
#1235 = CARTESIAN_POINT ( 'NONE',  ( -25.86545857163423889, 15.00000000000000178, 2.445005701234341799 ) ) ;
#1236 = ORIENTED_EDGE ( 'NONE', *, *, #1886, .T. ) ;
#1237 = CARTESIAN_POINT ( 'NONE',  ( 14.09179836114597073, -17.52811501799876837, 22.21689731677546575 ) ) ;
#1238 = AXIS2_PLACEMENT_3D ( 'NONE', #2350, #1548, #1099 ) ;
#1239 = CARTESIAN_POINT ( 'NONE',  ( -7.869293728457551040, 10.77653675382730469, 25.08796912902181475 ) ) ;
#1240 = CARTESIAN_POINT ( 'NONE',  ( 23.06517865960286784, 14.99999999999997158, -9.839938199747457759 ) ) ;
#1241 = CARTESIAN_POINT ( 'NONE',  ( -23.99635966207493709, 8.605634821705111293, -6.820900266486715324 ) ) ;
#1242 = CARTESIAN_POINT ( 'NONE',  ( 15.53674509836250728, 15.24715843154282702, 21.11062781467007810 ) ) ;
#1243 = CARTESIAN_POINT ( 'NONE',  ( 26.38461664258438333, -15.79119993234649044, 1.832987248358745713 ) ) ;
#1244 = CARTESIAN_POINT ( 'NONE',  ( -28.32998060094675807, -11.27556565639913799, -1.857624838030421444 ) ) ;
#1245 = CARTESIAN_POINT ( 'NONE',  ( -18.13180678695247394, 6.486588896650451908, 17.12817473537934632 ) ) ;
#1247 = CARTESIAN_POINT ( 'NONE',  ( -20.84873645980627543, 14.99999999999999467, 9.504219485551692159 ) ) ;
#1246 = VECTOR ( 'NONE', #2035, 1000.000000000000114 ) ;
#1248 = CARTESIAN_POINT ( 'NONE',  ( -21.87513704693885330, -9.183461822646771466, 10.99856438275919857 ) ) ;
#1249 = CARTESIAN_POINT ( 'NONE',  ( 26.11891625958345031, -15.79119993234649044, 2.203285139943615079 ) ) ;
#1250 = B_SPLINE_CURVE_WITH_KNOTS ( 'NONE', 3,
 ( #2437, #2055, #644, #4199 ),
 .UNSPECIFIED., .F., .F.,
 ( 4, 4 ),
 ( -0.1179999999999999938, 0.000000000000000000 ),
 .UNSPECIFIED. ) ;
#1251 = CARTESIAN_POINT ( 'NONE',  ( -12.97316848777223264, 59.00000000000073896, 34.36898164606959938 ) ) ;
#1252 = CARTESIAN_POINT ( 'NONE',  ( -11.03367250237035790, -16.58239986469293825, -23.77703610900073272 ) ) ;
#1253 = CARTESIAN_POINT ( 'NONE',  ( 22.53789576765380431, -18.89247903366118919, -9.657178354262141440 ) ) ;
#1254 = CARTESIAN_POINT ( 'NONE',  ( 12.03206212469007319, 12.82290477209191515, -25.71543614312330561 ) ) ;
#1255 = VERTEX_POINT ( 'NONE', #5015 ) ;
#1256 = DIRECTION ( 'NONE',  ( 0.000000000000000000, -2.478176394252587255E-15, -1.000000000000000000 ) ) ;
#1257 = CARTESIAN_POINT ( 'NONE',  ( 39.25533786581391382, 15.00000000000010125, 38.63040834680356994 ) ) ;
#1258 = B_SPLINE_SURFACE_WITH_KNOTS ( 'NONE', 3, 3, ( 
 ( #3353, #1963, #3751, #4217, #1452, #577, #3329, #4107, #1482, #2020 ),
 ( #2401, #5094, #3271, #3785, #1573, #2774, #1037, #4546, #3700, #3725 ),
 ( #205, #2828, #4600, #2888, #3244, #606, #5491, #5521, #2455, #3298 ),
 ( #5067, #1066, #2863, #4628, #636, #4191, #1094, #1542, #4658, #663 ) ),
 .UNSPECIFIED., .F., .F., .F.,
 ( 4, 4 ),
 ( 4, 3, 3, 4 ),
 ( -0.008763488135798908410, 0.001255909705365562982 ),
 ( -0.03193548958606200888, -0.02818598015068526225, -0.02443647071530851561, -0.01693745184455502581 ),
 .UNSPECIFIED. ) ;
#1259 = PRODUCT_DEFINITION ( 'BİLİNMEY', '', #5178, #5049 ) ;
#1260 = CARTESIAN_POINT ( 'NONE',  ( -15.02346235474690950, 6.249018925625724030, -24.08998187949223535 ) ) ;
#1261 = CARTESIAN_POINT ( 'NONE',  ( 4.207820006015776215, -3.667975409712540547, 24.58473362401488416 ) ) ;
#1262 = CARTESIAN_POINT ( 'NONE',  ( -26.62676171334213393, -18.38117820633497246, -1.895484997360330937 ) ) ;
#1263 = ORIENTED_EDGE ( 'NONE', *, *, #4255, .T. ) ;
#1264 = CARTESIAN_POINT ( 'NONE',  ( 26.67422071466358346, -4.999999999999871214, 2.025143753082996323 ) ) ;
#1265 = CARTESIAN_POINT ( 'NONE',  ( -26.21149782744427981, -16.58239986469303062, -3.535012125611229017 ) ) ;
#1266 = VERTEX_POINT ( 'NONE', #2405 ) ;
#1267 = AXIS2_PLACEMENT_3D ( 'NONE', #2160, #2188, #1632 ) ;
#1268 = CARTESIAN_POINT ( 'NONE',  ( 21.52285620492537532, 59.00000000000073186, 9.853932926270521975 ) ) ;
#1269 = B_SPLINE_CURVE_WITH_KNOTS ( 'NONE', 3,
 ( #1268, #420, #2246, #3978 ),
 .UNSPECIFIED., .F., .F.,
 ( 4, 4 ),
 ( -0.1179999999999999938, 0.000000000000000000 ),
 .UNSPECIFIED. ) ;
#1270 = CIRCLE ( 'NONE', #2123, 1.399999999999995914 ) ;
#1271 = CARTESIAN_POINT ( 'NONE',  ( -12.63819497025996164, -20.50292173163808229, 23.09441500341343456 ) ) ;
#1272 = CARTESIAN_POINT ( 'NONE',  ( 15.81956125153481629, 15.12357921577140374, -16.57607929103475541 ) ) ;
#1273 = CARTESIAN_POINT ( 'NONE',  ( 12.25499035059969977, -12.06841454787379320, 25.51448446021412053 ) ) ;
#1274 = CARTESIAN_POINT ( 'NONE',  ( -16.76333278147857442, -18.95243078346259935, -18.52456650389619242 ) ) ;
#1275 = CARTESIAN_POINT ( 'NONE',  ( -23.67673850806226099, 1.787031351673842972, -7.840560443671788171 ) ) ;
#1276 = CARTESIAN_POINT ( 'NONE',  ( -12.75566294643549803, 5.000000000000050626, 22.95940736027072759 ) ) ;
#1277 = CARTESIAN_POINT ( 'NONE',  ( 25.85321587658251730, -15.79119993234649044, 2.573583031528484000 ) ) ;
#1278 = CARTESIAN_POINT ( 'NONE',  ( -21.38726364102685196, -2.511679821973745508, 11.90177351827199104 ) ) ;
#1279 = CARTESIAN_POINT ( 'NONE',  ( -13.57926552649483654, 14.99999999999993072, -23.33019864405566324 ) ) ;
#1280 = CONTEXT_DEPENDENT_SHAPE_REPRESENTATION ( #713, #4799 ) ;
#1281 = CARTESIAN_POINT ( 'NONE',  ( -22.43533990228135622, -17.36276175185404469, 9.869736637495810427 ) ) ;
#1282 = CARTESIAN_POINT ( 'NONE',  ( 26.23647106375227622, 5.000000000000055955, -1.221588514853797935 ) ) ;
#1283 = CARTESIAN_POINT ( 'NONE',  ( -28.17371833870864606, 14.99999999999998224, 2.663016841433014203 ) ) ;
#1284 = CARTESIAN_POINT ( 'NONE',  ( 15.18418832610759495, 9.528336390260413680, -21.46503969557916491 ) ) ;
#1285 = CARTESIAN_POINT ( 'NONE',  ( 15.03093672021242355, -6.278831043420305846, -24.09067507578313538 ) ) ;
#1286 = ORIENTED_EDGE ( 'NONE', *, *, #5402, .T. ) ;
#1287 = CARTESIAN_POINT ( 'NONE',  ( 13.21291745224663927, -4.999999999999880984, 22.97775808548727383 ) ) ;
#1288 = CARTESIAN_POINT ( 'NONE',  ( -15.09112809032507663, 59.00000000000001421, -14.42472418371373344 ) ) ;
#1289 = CARTESIAN_POINT ( 'NONE',  ( -17.97459632383991490, 12.26661537765320631, -19.19433577300961602 ) ) ;
#1290 = CARTESIAN_POINT ( 'NONE',  ( -1.622555780132515224, -10.54721282580452701, 24.43433795920572749 ) ) ;
#1291 = CARTESIAN_POINT ( 'NONE',  ( -26.12948620812015577, -15.00000000000000000, -2.073482724801299248 ) ) ;
#1292 = ORIENTED_EDGE ( 'NONE', *, *, #1044, .T. ) ;
#1293 = CARTESIAN_POINT ( 'NONE',  ( 20.83493529611078543, 15.24715843154278616, -9.537176196487674673 ) ) ;
#1294 = CARTESIAN_POINT ( 'NONE',  ( 14.49248434246448447, -16.99999999999992539, -23.09429737185584131 ) ) ;
#1295 = ORIENTED_EDGE ( 'NONE', *, *, #4713, .F. ) ;
#1296 = B_SPLINE_CURVE_WITH_KNOTS ( 'NONE', 3,
 ( #4916, #595, #4093, #3178, #971, #1353, #81, #4946, #1414, #941, #539, #4473, #3231 ),
 .UNSPECIFIED., .F., .F.,
 ( 4, 3, 3, 3, 4 ),
 ( 0.000000000000000000, 0.006607043611316506908, 0.01321408729173005094, 0.01982113106267599512, 0.02829930038049556507 ),
 .UNSPECIFIED. ) ;
#1297 = CARTESIAN_POINT ( 'NONE',  ( -15.99040509195506488, 15.24715843154274708, -21.06697726115054792 ) ) ;
#1298 = EDGE_CURVE ( 'NONE', #5514, #768, #2432, .T. ) ;
#1299 = CARTESIAN_POINT ( 'NONE',  ( -2.676711462716559797, -17.40483198162664991, 24.36405127659053704 ) ) ;
#1300 = EDGE_CURVE ( 'NONE', #4605, #4908, #2478, .T. ) ;
#1301 = CARTESIAN_POINT ( 'NONE',  ( 35.37532167764070579, 23.00000000000008171, 30.95281273492680896 ) ) ;
#1302 = CARTESIAN_POINT ( 'NONE',  ( -24.28357094355316903, 15.42357392238683467, -5.791238596830501351 ) ) ;
#1303 = EDGE_LOOP ( 'NONE', ( #1549, #182, #4970, #556 ) ) ;
#1304 = CARTESIAN_POINT ( 'NONE',  ( 26.94634354764438200, 19.66666666666639784, -6.208700502192168180 ) ) ;
#1305 = MANIFOLD_SOLID_BREP ( 'Cut-Extrude3', #1623 ) ;
#1306 = CARTESIAN_POINT ( 'NONE',  ( 10.00396317122270062, 15.12357921577139841, -24.74491846080869806 ) ) ;
#1307 = CARTESIAN_POINT ( 'NONE',  ( 26.01856118769771342, 5.000000000000055955, -0.8198565093715683982 ) ) ;
#1308 = CARTESIAN_POINT ( 'NONE',  ( -25.47758451334056673, -15.80026948387388330, -6.536668043331585132 ) ) ;
#1309 = CARTESIAN_POINT ( 'NONE',  ( -19.06168386108967638, -2.451179120945073286, 16.08068518183992168 ) ) ;
#1310 = CARTESIAN_POINT ( 'NONE',  ( -26.22821501151365808, -15.79119993234651531, -3.404430053840401538 ) ) ;
#1311 = CARTESIAN_POINT ( 'NONE',  ( -28.38276773823182353, -3.911151666102386848, -0.8450892820810873562 ) ) ;
#1312 = CARTESIAN_POINT ( 'NONE',  ( 9.922892715882239756, -17.37359979703946777, 24.51814246123876018 ) ) ;
#1313 = CARTESIAN_POINT ( 'NONE',  ( -19.23675979788724888, 15.00000000000001954, 15.22475352365126255 ) ) ;
#1314 = CARTESIAN_POINT ( 'NONE',  ( 22.03423229557409968, -11.44951474193846153, -10.68809782450364310 ) ) ;
#1315 = CARTESIAN_POINT ( 'NONE',  ( 19.72122913347785556, -9.122999741890309267, -15.28213352509867917 ) ) ;
#1316 = ORIENTED_EDGE ( 'NONE', *, *, #3400, .F. ) ;
#1317 = CARTESIAN_POINT ( 'NONE',  ( -15.50393397693782660, -14.99999999999999822, 21.13474768194627273 ) ) ;
#1318 = CARTESIAN_POINT ( 'NONE',  ( -0.7806482713368867454, 19.66666666666641916, -22.69445813169401660 ) ) ;
#1319 = CARTESIAN_POINT ( 'NONE',  ( 1.523752662746615805, 9.908963450342767487, 24.43917809881316572 ) ) ;
#1320 = CARTESIAN_POINT ( 'NONE',  ( -15.28825960623154856, -20.39633502492594275, -17.11573307208165318 ) ) ;
#1321 = ORIENTED_EDGE ( 'NONE', *, *, #485, .T. ) ;
#1322 = CARTESIAN_POINT ( 'NONE',  ( 25.85978248126655643, 15.37073764731419345, -2.505256100026734600 ) ) ;
#1323 = CARTESIAN_POINT ( 'NONE',  ( -15.05016633548381400, 14.99999999999996447, -21.17764135295203332 ) ) ;
#1324 = LINE ( 'NONE', #882, #4229 ) ;
#1325 = CARTESIAN_POINT ( 'NONE',  ( 5.772766677830449389, -6.516430222264562921, -24.26848898583944703 ) ) ;
#1326 = CARTESIAN_POINT ( 'NONE',  ( -0.3863936036009400499, -2.511679821973734406, 24.47280038970052018 ) ) ;
#1327 = CARTESIAN_POINT ( 'NONE',  ( 25.82873048647904213, -17.37359979703941093, 2.830737692117121451 ) ) ;
#1328 = CARTESIAN_POINT ( 'NONE',  ( 32.29865374360193186, 11.00000000000001066, 4.504105499531433132 ) ) ;
#1329 = CARTESIAN_POINT ( 'NONE',  ( -15.03043985664510984, -10.67031906150650400, -21.57498343078888325 ) ) ;
#1330 = VERTEX_POINT ( 'NONE', #2108 ) ;
#1331 = CARTESIAN_POINT ( 'NONE',  ( -12.29926402927483764, 5.000000000000050626, 22.94266321315194901 ) ) ;
#1332 = CIRCLE ( 'NONE', #5057, 2.099999999999999201 ) ;
#1333 = ADVANCED_FACE ( 'NONE', ( #4276 ), #4526, .F. ) ;
#1334 = CARTESIAN_POINT ( 'NONE',  ( 13.07923176051525616, -4.999999999999909406, -23.33527172760152268 ) ) ;
#1335 = CARTESIAN_POINT ( 'NONE',  ( 10.58034707232776661, -16.58239986469297733, 23.73001941462932862 ) ) ;
#1336 = CARTESIAN_POINT ( 'NONE',  ( -28.30328229706329068, -11.63584811985040091, -2.225649311403454345 ) ) ;
#1337 = CARTESIAN_POINT ( 'NONE',  ( -26.17349162015345954, -18.38117820633506128, -3.831888038898386917 ) ) ;
#1338 = CARTESIAN_POINT ( 'NONE',  ( -28.35985850294567001, 8.369367622517350114, 1.342442260814769250 ) ) ;
#1339 = CARTESIAN_POINT ( 'NONE',  ( -11.82691425456121159, -15.82956408626914957, -25.80970946461891558 ) ) ;
#1340 = CARTESIAN_POINT ( 'NONE',  ( -6.675150275981990511, 12.44494828084960503, -24.04680079389158109 ) ) ;
#1341 = MANIFOLD_SOLID_BREP ( 'Move Face1', #589 ) ;
#1342 = CARTESIAN_POINT ( 'NONE',  ( 18.04202994971790730, -12.82134433903552306, -19.13248860330121204 ) ) ;
#1343 = CARTESIAN_POINT ( 'NONE',  ( 20.11622013791518526, -13.21433932674787748, -14.77555316227927662 ) ) ;
#1344 = ORIENTED_EDGE ( 'NONE', *, *, #338, .F. ) ;
#1345 = CARTESIAN_POINT ( 'NONE',  ( 15.52033682240353052, 15.12357921577141262, 21.12268800497441035 ) ) ;
#1346 = CARTESIAN_POINT ( 'NONE',  ( 17.30785495250961503, 15.00000000000004796, 21.06426063961134432 ) ) ;
#1347 = EDGE_CURVE ( 'NONE', #5365, #732, #5374, .T. ) ;
#1348 = CARTESIAN_POINT ( 'NONE',  ( 10.86665585583498661, 8.668040881747344883, 23.94051532786030734 ) ) ;
#1349 = CARTESIAN_POINT ( 'NONE',  ( -25.86545857163426732, -15.00000000000000000, -2.445005701233982087 ) ) ;
#1350 = ORIENTED_EDGE ( 'NONE', *, *, #4100, .F. ) ;
#1351 = CARTESIAN_POINT ( 'NONE',  ( 21.52285620492537532, 59.00000000000073186, 9.853932926270521975 ) ) ;
#1352 = CARTESIAN_POINT ( 'NONE',  ( -5.835854433721289425, -16.99999999999992539, -25.27500746834806478 ) ) ;
#1353 = CARTESIAN_POINT ( 'NONE',  ( -0.8184562742714154293, 15.00000000000004974, 24.68692428528066785 ) ) ;
#1354 = VECTOR ( 'NONE', #1492, 1000.000000000000000 ) ;
#1355 = B_SPLINE_SURFACE_WITH_KNOTS ( 'NONE', 3, 3, ( 
 ( #3063, #2617, #1778, #4416, #3542, #3088, #4387, #5314, #393, #365, #4886, #3116, #4830 ),
 ( #4445, #3920, #4360, #452, #4006, #5717, #1749, #4859, #852, #3516, #5289, #1297, #5563 ),
 ( #2519, #265, #1197, #2604, #1252, #729, #2058, #4287, #2492, #352, #290, #5613, #4817 ),
 ( #4257, #5160, #4781, #3474, #3821, #5587, #1161, #2085, #1614, #756, #5129, #3362, #3388 ),
 ( #2956, #2926, #322, #3797, #3852, #3416, #4722, #1648, #4693, #4373, #2115, #5189, #2988 ),
 ( #4755, #2548, #4315, #3880, #5645, #1678, #1224, #5675, #5246, #1706, #3444, #1585, #4348 ),
 ( #814, #5217, #3017, #380, #1129, #784, #701, #2575, #2145, #3907, #3048, #1624, #2445 ),
 ( #3423, #5086, #5542, #2526, #3318, #679, #5195, #5569, #3804, #4761, #4294, #1593, #1085 ),
 ( #5136, #735, #708, #2009, #1203, #2468, #3368, #2905, #2879, #1563, #2066, #4263, #3830 ),
 ( #1110, #5593, #3345, #3741, #3859, #3394, #4644, #763, #652, #2996, #1168, #298, #2964 ) ),
 .UNSPECIFIED., .F., .F., .F.,
 ( 4, 3, 3, 4 ),
 ( 4, 3, 3, 3, 4 ),
 ( -0.02734807911809034389, -0.02598076211353312487, 0.000000000000000000, 0.001367342323596514291 ),
 ( -0.03539633502492601363, -0.03237359979703938184, -0.02999999999999999889, 0.000000000000000000, 0.0003707376473141253139 ),
 .UNSPECIFIED. ) ;
#1356 = CARTESIAN_POINT ( 'NONE',  ( -2.362587221981760965, 15.36340745319744983, -24.38710948499969788 ) ) ;
#1357 = CARTESIAN_POINT ( 'NONE',  ( 28.41863755542901870, 15.00000000000001954, -3.173490112346143199 ) ) ;
#1358 = CARTESIAN_POINT ( 'NONE',  ( 25.86545857163425666, -14.99999999999999467, 2.445005701234164608 ) ) ;
#1359 = VECTOR ( 'NONE', #5245, 999.9999999999998863 ) ;
#1360 = CARTESIAN_POINT ( 'NONE',  ( -17.67170268506852437, 9.790171232542626001, -19.46823885141250798 ) ) ;
#1361 = VERTEX_POINT ( 'NONE', #1127 ) ;
#1362 = CARTESIAN_POINT ( 'NONE',  ( -15.81887200632400869, -17.37359979703953528, 20.90275814388328968 ) ) ;
#1363 = AXIS2_PLACEMENT_3D ( 'NONE', #1977, #4124, #2816 ) ;
#1364 = CARTESIAN_POINT ( 'NONE',  ( -1.853144650820324646, -17.37359979703941804, -22.85114105795117823 ) ) ;
#1365 = CARTESIAN_POINT ( 'NONE',  ( 17.77968095179434371, 5.000000000000054179, 14.45372079077806760 ) ) ;
#1366 = CARTESIAN_POINT ( 'NONE',  ( -28.39250571310111937, 3.267998411333293607, 0.4357703091565393594 ) ) ;
#1367 = CARTESIAN_POINT ( 'NONE',  ( -26.32952949677489585, -19.38875661563057662, -4.418163134059219566 ) ) ;
#1368 = ADVANCED_FACE ( 'NONE', ( #699 ), #3595, .F. ) ;
#1369 = DIRECTION ( 'NONE',  ( -0.4162807922603956601, 2.136625207092852169E-15, 0.9092361090470711948 ) ) ;
#1370 = CARTESIAN_POINT ( 'NONE',  ( -12.91607172769355749, -9.008007183326732559, -25.28289225575682053 ) ) ;
#1371 = CARTESIAN_POINT ( 'NONE',  ( -7.548206193216461024, -12.82134433903567405, -25.19110057394597035 ) ) ;
#1372 = CARTESIAN_POINT ( 'NONE',  ( 26.25227287354653782, -14.55325497181338257, -1.588254824895576567 ) ) ;
#1373 = CARTESIAN_POINT ( 'NONE',  ( 21.47289032126884223, -3.728368152592906437, -11.75413853948093568 ) ) ;
#1374 = EDGE_CURVE ( 'NONE', #4197, #3058, #1484, .T. ) ;
#1375 = VERTEX_POINT ( 'NONE', #2538 ) ;
#1376 = CARTESIAN_POINT ( 'NONE',  ( 10.16367619077221995, -19.38875661563057307, 23.92044230034676389 ) ) ;
#1377 = CARTESIAN_POINT ( 'NONE',  ( -16.64894584231965169, -16.99999999999994671, -18.76111141457976927 ) ) ;
#1378 = EDGE_CURVE ( 'NONE', #1809, #5596, #4684, .T. ) ;
#1379 = CARTESIAN_POINT ( 'NONE',  ( -11.57834237019805101, -13.39814354910935279, 23.61198797172165698 ) ) ;
#1380 = CARTESIAN_POINT ( 'NONE',  ( -15.67256586566743337, -16.58239986469295246, -16.72538747179562790 ) ) ;
#1381 = ORIENTED_EDGE ( 'NONE', *, *, #1582, .F. ) ;
#1382 = CARTESIAN_POINT ( 'NONE',  ( 31.96177762983965565, 15.00000000000001599, -1.317106958709630904 ) ) ;
#1383 = CARTESIAN_POINT ( 'NONE',  ( -13.71929715842277631, 5.000000000000044409, -22.12280670378020631 ) ) ;
#1384 = CARTESIAN_POINT ( 'NONE',  ( 22.08854639860092561, 11.00000000000005329, 22.59137590878978941 ) ) ;
#1385 = CARTESIAN_POINT ( 'NONE',  ( 4.096189857496469244, 4.393517584530433950, -24.60426379368493954 ) ) ;
#1386 = CARTESIAN_POINT ( 'NONE',  ( 17.11575444694164005, -19.99999999999993250, -22.54758103198499342 ) ) ;
#1387 = CARTESIAN_POINT ( 'NONE',  ( 26.12622692323512297, 15.24715843154279682, -2.114032522655308277 ) ) ;
#1388 = CARTESIAN_POINT ( 'NONE',  ( -19.25982846384285097, 4.393517739832259572, -15.84952541078029498 ) ) ;
#1389 = ORIENTED_EDGE ( 'NONE', *, *, #4042, .F. ) ;
#1390 = CARTESIAN_POINT ( 'NONE',  ( -11.26905987760466488, 14.99999999999999822, 23.66554072519242879 ) ) ;
#1391 = APPLICATION_CONTEXT ( 'automotive_design' ) ;
#1392 = CARTESIAN_POINT ( 'NONE',  ( 14.63401172792100269, -4.999999999999909406, -22.10005155089294959 ) ) ;
#1393 = CARTESIAN_POINT ( 'NONE',  ( 14.70279091932173898, -16.58239986469293470, -22.27615811015927960 ) ) ;
#1394 = CARTESIAN_POINT ( 'NONE',  ( 15.59284162451202072, -17.37359979703945356, 16.80636457275904050 ) ) ;
#1395 = CARTESIAN_POINT ( 'NONE',  ( 25.10909288975687303, 19.66666666666631613, -5.785380019039377153 ) ) ;
#1396 = CARTESIAN_POINT ( 'NONE',  ( -10.76553742650295931, 14.99999999999992362, -23.59388571724805672 ) ) ;
#1397 = CARTESIAN_POINT ( 'NONE',  ( 13.56757232633692567, 14.99999999999994671, 25.17163048293888750 ) ) ;
#1398 = DIRECTION ( 'NONE',  ( 4.064784181921418638E-16, -1.000000000000000000, 2.538572003884065318E-15 ) ) ;
#1399 = EDGE_CURVE ( 'NONE', #451, #5655, #1630, .T. ) ;
#1400 = CARTESIAN_POINT ( 'NONE',  ( -11.22123201227727840, 11.01813581589540547, -23.77917723580481990 ) ) ;
#1401 = CARTESIAN_POINT ( 'NONE',  ( 25.97763829734309837, 0.3463769697738932618, -4.037254945893779201 ) ) ;
#1402 = CARTESIAN_POINT ( 'NONE',  ( 21.26461146848016170, -1.000895917545166380, -12.11836276966872816 ) ) ;
#1403 = ORIENTED_EDGE ( 'NONE', *, *, #410, .F. ) ;
#1404 = CARTESIAN_POINT ( 'NONE',  ( -2.158030781528597508, 15.24715843154282169, 22.81217135088086323 ) ) ;
#1405 = LINE ( 'NONE', #5447, #4219 ) ;
#1406 = B_SPLINE_SURFACE_WITH_KNOTS ( 'NONE', 3, 3, ( 
 ( #786, #703, #3448, #5219, #3418, #2147, #5589, #1285, #3909, #5191, #1708, #267, #3477, #1199, #5248, #2990, #1254, #5162, #3051 ),
 ( #3078, #4376, #4820, #2060, #816, #2494, #3823, #382, #3390, #4724, #731, #2521, #292, #499, #3138, #3105, #531, #872, #3559 ),
 ( #439, #2234, #3994, #1343, #2325, #4906, #1315, #5364, #4522, #467, #3194, #5333, #4083, #99, #1880, #72, #3647, #3964, #4435 ),
 ( #2204, #901, #5417, #4463, #2693, #1430, #4963, #1765, #1373, #1402, #4876, #5391, #3167, #2665, #4847, #2266, #4023, #1794, #5734 ),
 ( #931, #4935, #2721, #39, #12, #4493, #1823, #2635, #2749, #2295, #3532, #843, #5303, #4404, #1855, #959, #3618, #3591, #4054 ),
 ( #408, #1968, #1458, #5558, #1072, #4550, #3730, #2868, #3221, #641, #3333, #668, #612, #3306, #1489, #125, #155, #2407, #2458 ),
 ( #4169, #4633, #5497, #1908, #4576, #1515, #4990, #5017, #2779, #4114, #5099, #5073, #234, #2434, #1940, #555, #4196, #208, #1994 ) ),
 .UNSPECIFIED., .F., .F., .F.,
 ( 4, 3, 4 ),
 ( 4, 3, 3, 3, 3, 3, 4 ),
 ( -0.02734788055576282961, -0.01300691525787237880, 0.001334050040018073310 ),
 ( -0.03237359826120049522, -0.02828058846125938025, -0.02418757866131826528, -0.01600155906143603535, -0.007815539461553805411, -0.003722529661612690010, 0.0003704801383284257168 ),
 .UNSPECIFIED. ) ;
#1407 = EDGE_CURVE ( 'NONE', #78, #1052, #3404, .T. ) ;
#1408 = ADVANCED_FACE ( 'NONE', ( #5276 ), #3446, .F. ) ;
#1409 = CARTESIAN_POINT ( 'NONE',  ( -10.13609752088892435, -3.850525112183743381, 24.25750285343644563 ) ) ;
#1410 = CARTESIAN_POINT ( 'NONE',  ( -14.89391929945641913, 15.24715843154274708, -21.56896002765079245 ) ) ;
#1411 = VERTEX_POINT ( 'NONE', #4874 ) ;
#1412 = CARTESIAN_POINT ( 'NONE',  ( -7.544260377843428955, 19.66666666666640495, 24.63780231803239573 ) ) ;
#1413 = CARTESIAN_POINT ( 'NONE',  ( -25.86545857163426732, -14.99999999999999289, -2.445005701233978535 ) ) ;
#1414 = CARTESIAN_POINT ( 'NONE',  ( 5.759246651849537102, 15.00000000000006217, 24.06495001830892022 ) ) ;
#1415 = CARTESIAN_POINT ( 'NONE',  ( 10.55154839073885498, -6.578491367788626754, -24.08189714765250500 ) ) ;
#1416 = CARTESIAN_POINT ( 'NONE',  ( -14.73587442403914594, -2.693713348990970591, 24.26746550915932943 ) ) ;
#1417 = CARTESIAN_POINT ( 'NONE',  ( 25.86545857163425666, 15.00000000000000178, -2.445005701234164164 ) ) ;
#1418 = CARTESIAN_POINT ( 'NONE',  ( -20.06043873247993758, 12.57615622384156495, -14.84567940192726176 ) ) ;
#1419 = ORIENTED_EDGE ( 'NONE', *, *, #4153, .T. ) ;
#1420 = CARTESIAN_POINT ( 'NONE',  ( 23.89932614678406253, 6.486588576008606388, 7.138540169567467508 ) ) ;
#1421 = CARTESIAN_POINT ( 'NONE',  ( 10.76027581502415131, 15.37073764731412595, -23.64785661513001003 ) ) ;
#1422 = CARTESIAN_POINT ( 'NONE',  ( 20.80457130222350770, -15.79119993234648334, 9.609713051860341082 ) ) ;
#1423 = CARTESIAN_POINT ( 'NONE',  ( -23.76159990741971129, 3.507378329471281919, -7.584620517002609752 ) ) ;
#1424 = CARTESIAN_POINT ( 'NONE',  ( -28.25599480357285742, -14.61751438253410740, -2.758242974581563534 ) ) ;
#1425 = CARTESIAN_POINT ( 'NONE',  ( 13.07923176051525616, -4.999999999999909406, -23.33527172760152268 ) ) ;
#1426 = CARTESIAN_POINT ( 'NONE',  ( -25.49878548490654495, 15.24629240998636703, 6.447765790267708574 ) ) ;
#1427 = CARTESIAN_POINT ( 'NONE',  ( -11.48295818411354396, 12.75974080331451788, -23.65800041755429817 ) ) ;
#1428 = CARTESIAN_POINT ( 'NONE',  ( -3.474465768630759399, -8.409817505437979790, -24.70612616070030043 ) ) ;
#1429 = CARTESIAN_POINT ( 'NONE',  ( 26.04531217666464471, -2.633475303880306484, -3.549480903398607889 ) ) ;
#1430 = CARTESIAN_POINT ( 'NONE',  ( 21.96459530023444273, -10.54705257905027160, -10.82711223096195674 ) ) ;
#1431 = VERTEX_POINT ( 'NONE', #4374 ) ;
#1432 = CARTESIAN_POINT ( 'NONE',  ( -3.627448908123894533, 5.000000000000052403, 22.62451577082514120 ) ) ;
#1433 = CARTESIAN_POINT ( 'NONE',  ( 25.81567311837518020, 15.00000000000000000, 2.473713961880352308 ) ) ;
#1434 = CARTESIAN_POINT ( 'NONE',  ( -16.14777759176415373, -12.09750158254291641, 23.35243035288187485 ) ) ;
#1435 = CARTESIAN_POINT ( 'NONE',  ( -25.86356654151166623, 15.12357921577137354, 2.465089167498527800 ) ) ;
#1436 = EDGE_LOOP ( 'NONE', ( #1783, #787, #85, #4055, #4098 ) ) ;
#1437 = CARTESIAN_POINT ( 'NONE',  ( 22.08854639860092561, 15.00000000000005329, 22.59137590878977875 ) ) ;
#1438 = VECTOR ( 'NONE', #4136, 1000.000000000000114 ) ;
#1439 = DIRECTION ( 'NONE',  ( 1.003456252704766818E-16, -1.000000000000000000, -2.539663957332261757E-15 ) ) ;
#1440 = CARTESIAN_POINT ( 'NONE',  ( 8.875675957840755359, 4.333710941346939016, -24.74636111157701635 ) ) ;
#1441 = CARTESIAN_POINT ( 'NONE',  ( -25.86545857163423534, 14.99999999999999289, 2.445005701234344908 ) ) ;
#1442 = CARTESIAN_POINT ( 'NONE',  ( -13.88429119007376578, -1.182226760772063567, -24.76448279794599117 ) ) ;
#1443 = EDGE_LOOP ( 'NONE', ( #3847, #3577, #948, #1200, #2130, #1156 ) ) ;
#1444 = CARTESIAN_POINT ( 'NONE',  ( 28.35954364573473541, 6.610177253268301634, -1.327461440541409132 ) ) ;
#1445 = AXIS2_PLACEMENT_3D ( 'NONE', #1126, #5584, #5561 ) ;
#1446 = CARTESIAN_POINT ( 'NONE',  ( -1.966587337971070104, -16.58239986469294891, -22.83664242322575433 ) ) ;
#1447 = CARTESIAN_POINT ( 'NONE',  ( 14.68773178680619829, 15.12357921577141440, 21.99507005020694805 ) ) ;
#1448 = PRODUCT_DEFINITION_SHAPE ( 'NONE', 'NONE',  #3509 ) ;
#1449 = CARTESIAN_POINT ( 'NONE',  ( -22.77778018635871504, -14.36931902157884799, -10.20959375365732669 ) ) ;
#1450 = CARTESIAN_POINT ( 'NONE',  ( -22.81197491272095590, 13.81551346687444415, 10.12943377028792824 ) ) ;
#1451 = CARTESIAN_POINT ( 'NONE',  ( 14.67070779819818149, -15.00000000000000178, -22.00645068165717078 ) ) ;
#1452 = CARTESIAN_POINT ( 'NONE',  ( 17.85231942487089185, -11.98469601860250755, 17.29182229794424330 ) ) ;
#1453 = CARTESIAN_POINT ( 'NONE',  ( -0.2655584876141665607, 1.726516600285647351, -24.47679154114013045 ) ) ;
#1454 = CIRCLE ( 'NONE', #2395, 2.099999999999999201 ) ;
#1455 = CARTESIAN_POINT ( 'NONE',  ( -6.222179279237545657, 9.465787430962668836, -24.16045208181488491 ) ) ;
#1456 = SURFACE_SIDE_STYLE ('',( #2891 ) ) ;
#1457 = CARTESIAN_POINT ( 'NONE',  ( 28.14639948182811224, -20.56725362047039241, 3.823187727161270200 ) ) ;
#1458 = CARTESIAN_POINT ( 'NONE',  ( 26.24384272978062782, -14.76168749575843364, -1.578832014924723248 ) ) ;
#1459 = ORIENTED_EDGE ( 'NONE', *, *, #2697, .F. ) ;
#1460 = CARTESIAN_POINT ( 'NONE',  ( -16.40525819622043713, -18.38117820633505417, 20.75096462934287089 ) ) ;
#1461 = CARTESIAN_POINT ( 'NONE',  ( 27.67623191842410080, 4.338300299066403021, -1.756515842359085866 ) ) ;
#1462 = DIRECTION ( 'NONE',  ( 0.8857850186026572370, -1.089762695025458011E-15, 0.4640957884091281849 ) ) ;
#1463 = CARTESIAN_POINT ( 'NONE',  ( 15.05016633548392946, 15.00000000000004796, 21.17764135295195871 ) ) ;
#1464 = CARTESIAN_POINT ( 'NONE',  ( -9.613585814610951630, -19.38875661563048425, -24.64754742982488978 ) ) ;
#1465 = ORIENTED_EDGE ( 'NONE', *, *, #4651, .F. ) ;
#1466 = CARTESIAN_POINT ( 'NONE',  ( 8.659399975724804577, 59.00000000000006395, 18.99551544115695378 ) ) ;
#1467 = DIRECTION ( 'NONE',  ( 1.000000000000000000, 0.000000000000000000, 0.000000000000000000 ) ) ;
#1468 = DIRECTION ( 'NONE',  ( 0.8857850186026574590, -8.673617379884025611E-16, 0.4640957884091275187 ) ) ;
#1469 = B_SPLINE_CURVE_WITH_KNOTS ( 'NONE', 3,
 ( #1413, #80, #4915, #3114 ),
 .UNSPECIFIED., .F., .F.,
 ( 4, 4 ),
 ( -0.02999999999999999889, 0.000000000000000000 ),
 .UNSPECIFIED. ) ;
#1470 = CARTESIAN_POINT ( 'NONE',  ( -26.01856118769769211, 5.000000000000060396, 0.8198565093717460339 ) ) ;
#1471 = CARTESIAN_POINT ( 'NONE',  ( -10.00394113374048111, 15.12357921577139308, 24.74494941560380212 ) ) ;
#1472 = ORIENTED_EDGE ( 'NONE', *, *, #2170, .T. ) ;
#1473 = CARTESIAN_POINT ( 'NONE',  ( 28.39478643000108704, 0.6487577029951002716, -0.2624425269825186868 ) ) ;
#1474 = EDGE_CURVE ( 'NONE', #1691, #5609, #329, .T. ) ;
#1475 = B_SPLINE_CURVE_WITH_KNOTS ( 'NONE', 3,
 ( #3598, #5022, #2299, #619 ),
 .UNSPECIFIED., .F., .F.,
 ( 4, 4 ),
 ( -0.02999999999999999889, 0.000000000000000000 ),
 .UNSPECIFIED. ) ;
#1476 = EDGE_CURVE ( 'NONE', #849, #417, #10, .T. ) ;
#1477 = CARTESIAN_POINT ( 'NONE',  ( 6.648327505879303878, -16.58239986469290628, -21.93553391805065544 ) ) ;
#1478 = CARTESIAN_POINT ( 'NONE',  ( 13.50651898425774533, -4.999999999999912070, -22.52788582630601866 ) ) ;
#1479 = CARTESIAN_POINT ( 'NONE',  ( -21.89784202188702267, -17.00000000000002132, 11.07950290310116870 ) ) ;
#1480 = FACE_OUTER_BOUND ( 'NONE', #648, .T. ) ;
#1481 = DIRECTION ( 'NONE',  ( -0.9955619646030803294, 1.391032035867509522E-16, -0.09410831331850988413 ) ) ;
#1482 = CARTESIAN_POINT ( 'NONE',  ( 18.63881623981354352, -4.488772072195197360, 16.42516653518318748 ) ) ;
#1483 = CARTESIAN_POINT ( 'NONE',  ( -6.506074536375294315, 11.33302838849244232, -24.08916627507606378 ) ) ;
#1484 = B_SPLINE_CURVE_WITH_KNOTS ( 'NONE', 3,
 ( #1221, #4346, #350, #5244, #1704, #3471, #3300, #5522 ),
 .UNSPECIFIED., .F., .F.,
 ( 4, 2, 2, 4 ),
 ( -0.003047145143035702441, 0.005840047504240070825, 0.01472724015151584409, 0.03250162544606738368 ),
 .UNSPECIFIED. ) ;
#1485 = CARTESIAN_POINT ( 'NONE',  ( 11.75066741073042564, -14.55325497181344119, -23.52926262802024837 ) ) ;
#1486 = FILL_AREA_STYLE ('',( #3674 ) ) ;
#1487 = CARTESIAN_POINT ( 'NONE',  ( 31.96177762983965565, 15.00000000000001599, -1.317106958709630904 ) ) ;
#1488 = FACE_OUTER_BOUND ( 'NONE', #4622, .T. ) ;
#1489 = CARTESIAN_POINT ( 'NONE',  ( 25.68049058328190171, 9.790285390847623503, -5.593054197195360899 ) ) ;
#1490 = ORIENTED_EDGE ( 'NONE', *, *, #1222, .F. ) ;
#1491 = CARTESIAN_POINT ( 'NONE',  ( -15.09096540999504121, -4.999999999999899636, 22.08798011934282002 ) ) ;
#1492 = DIRECTION ( 'NONE',  ( 1.277144771465076970E-16, -1.000000000000000000, -2.591900843711355496E-15 ) ) ;
#1493 = CARTESIAN_POINT ( 'NONE',  ( -3.462584387268200725, 8.484821032632993365, 24.70519995679512348 ) ) ;
#1494 = CARTESIAN_POINT ( 'NONE',  ( 2.227671861124496999, 59.00000000000052580, 23.56630669860017235 ) ) ;
#1495 = CARTESIAN_POINT ( 'NONE',  ( -9.338540626530392075, -19.38875661563048425, -25.01109999456392430 ) ) ;
#1496 = ORIENTED_EDGE ( 'NONE', *, *, #913, .T. ) ;
#1497 = CARTESIAN_POINT ( 'NONE',  ( 28.17371833870866027, 14.99999999999999289, -2.663016841432832571 ) ) ;
#1498 =( NAMED_UNIT ( * ) SI_UNIT ( $, .STERADIAN. ) SOLID_ANGLE_UNIT ( ) );
#1499 = CARTESIAN_POINT ( 'NONE',  ( -22.56229562706514002, -19.66666666666676733, 2.461630249311518970 ) ) ;
#1500 = CARTESIAN_POINT ( 'NONE',  ( -15.59284162451189459, -17.37359979703943580, -16.80636457275902984 ) ) ;
#1501 = CARTESIAN_POINT ( 'NONE',  ( -15.18179792054611887, -17.37359979703953528, 21.36992668634534809 ) ) ;
#1502 = ORIENTED_EDGE ( 'NONE', *, *, #2319, .T. ) ;
#1503 = CARTESIAN_POINT ( 'NONE',  ( 28.31247680661732602, -12.76621769287999975, 2.121563505516642856 ) ) ;
#1504 = CARTESIAN_POINT ( 'NONE',  ( 3.011102134592225976, -11.38919067082889569, 24.77008939134601206 ) ) ;
#1505 = CARTESIAN_POINT ( 'NONE',  ( 9.776334511876642708, -16.58239986469297733, 24.83598368913014554 ) ) ;
#1506 = DIRECTION ( 'NONE',  ( -0.5792811723426745107, -2.069855669371225067E-15, 0.8151277957285572029 ) ) ;
#1507 = CARTESIAN_POINT ( 'NONE',  ( 10.00396317122270062, 15.12357921577139841, -24.74491846080869806 ) ) ;
#1508 = CARTESIAN_POINT ( 'NONE',  ( -13.72016259612882472, -4.999999999999907629, 22.12419287565834836 ) ) ;
#1509 = CARTESIAN_POINT ( 'NONE',  ( 0.9931301669496948037, -6.455967966629731158, -24.46240117935859004 ) ) ;
#1510 = SHAPE_REPRESENTATION ( 'VAKKAS_NAMLU', ( #249, #3055, #3604, #2767 ), #2582 ) ;
#1511 = ADVANCED_FACE ( 'NONE', ( #1792 ), #2605, .F. ) ;
#1512 = ADVANCED_FACE ( 'NONE', ( #70 ), #2323, .T. ) ;
#1513 = CARTESIAN_POINT ( 'NONE',  ( 13.11678949726189103, 7.739529009843295171, -25.18027863757652796 ) ) ;
#1514 = CARTESIAN_POINT ( 'NONE',  ( 28.41863755542901870, 15.00000000000001954, -3.173490112346143199 ) ) ;
#1515 = CARTESIAN_POINT ( 'NONE',  ( 28.30195733579099127, -10.73275315801851448, 2.034432751815795637 ) ) ;
#1516 = ORIENTED_EDGE ( 'NONE', *, *, #3619, .F. ) ;
#1517 = CARTESIAN_POINT ( 'NONE',  ( -16.85795514369640102, -18.38117820633505417, 20.69764923652551758 ) ) ;
#1518 = CARTESIAN_POINT ( 'NONE',  ( 2.390672241206771798, -58.99999999999990763, -25.29067060337578710 ) ) ;
#1519 = EDGE_CURVE ( 'NONE', #4885, #2894, #5043, .T. ) ;
#1520 = CIRCLE ( 'NONE', #1238, 1.399999999999998579 ) ;
#1521 = CARTESIAN_POINT ( 'NONE',  ( -28.17371833870864606, 14.99999999999998224, 2.663016841433014203 ) ) ;
#1522 = VECTOR ( 'NONE', #5341, 1000.000000000000114 ) ;
#1523 = CARTESIAN_POINT ( 'NONE',  ( 18.57810560313474468, -17.28816086305789668, -18.62717848335112691 ) ) ;
#1524 = CARTESIAN_POINT ( 'NONE',  ( -14.72181770986727223, 15.37073764731412062, -21.97222580850710827 ) ) ;
#1525 = ORIENTED_EDGE ( 'NONE', *, *, #661, .T. ) ;
#1526 = CARTESIAN_POINT ( 'NONE',  ( -21.50004548454976216, -19.66666666666677088, 11.46087217120537005 ) ) ;
#1527 = FACE_OUTER_BOUND ( 'NONE', #711, .T. ) ;
#1528 = CARTESIAN_POINT ( 'NONE',  ( -8.096279414434610189, 19.66666666666639784, 26.44056830245904521 ) ) ;
#1529 = STYLED_ITEM ( 'NONE', ( #1989 ), #3171 ) ;
#1530 = CARTESIAN_POINT ( 'NONE',  ( -14.86043352225954628, 15.00000000000000178, -21.59205375934208249 ) ) ;
#1531 = CARTESIAN_POINT ( 'NONE',  ( 26.17348396619162187, -18.38117820633492983, 3.831870252121216236 ) ) ;
#1532 = CARTESIAN_POINT ( 'NONE',  ( -13.72016259612882472, -4.999999999999907629, 22.12419287565834836 ) ) ;
#1533 = EDGE_LOOP ( 'NONE', ( #242, #468, #4210, #4796, #4705, #335, #2213, #383, #2806 ) ) ;
#1534 = CARTESIAN_POINT ( 'NONE',  ( 22.77776023346659073, -14.36931944448173581, 10.20962205999393824 ) ) ;
#1535 = B_SPLINE_CURVE_WITH_KNOTS ( 'NONE', 3,
 ( #934, #1346, #2724, #3650, #5420, #2298, #442, #4057, #5394, #3623, #1433, #3680, #3197 ),
 .UNSPECIFIED., .F., .F.,
 ( 4, 3, 3, 3, 4 ),
 ( 0.000000000000000000, 0.006607043611316446192, 0.01321408729172992430, 0.01982113106267580083, 0.02829930038049523894 ),
 .UNSPECIFIED. ) ;
#1536 = CARTESIAN_POINT ( 'NONE',  ( 11.88997958199626659, 15.48687231202295145, 23.46118185838403036 ) ) ;
#1537 = CARTESIAN_POINT ( 'NONE',  ( 10.28725157124118006, 15.00000000000000178, -24.36567245151092465 ) ) ;
#1538 = CARTESIAN_POINT ( 'NONE',  ( -25.10909288975685172, 19.66666666666632324, 5.785380019039378041 ) ) ;
#1539 = CARTESIAN_POINT ( 'NONE',  ( -22.95708305920619097, -11.38919055540141834, -9.777345900629546449 ) ) ;
#1540 = CARTESIAN_POINT ( 'NONE',  ( -23.06517865960278968, 15.00000000000000711, 9.839938199747617631 ) ) ;
#1541 = DIRECTION ( 'NONE',  ( 0.000000000000000000, -2.478176394252580549E-15, 1.000000000000000000 ) ) ;
#1542 = CARTESIAN_POINT ( 'NONE',  ( 13.01114309206658426, -7.116548499026648322, 25.17473048795637069 ) ) ;
#1543 = VECTOR ( 'NONE', #2555, 1000.000000000000227 ) ;
#1544 = CARTESIAN_POINT ( 'NONE',  ( 28.17371833870866027, 14.99999999999999289, -2.663016841432832571 ) ) ;
#1545 = CARTESIAN_POINT ( 'NONE',  ( 8.103061474910289164, 9.286458623367160214, -25.01231036295610721 ) ) ;
#1546 = CARTESIAN_POINT ( 'NONE',  ( -28.19499869736669950, -20.20968829084198859, -3.435545867936375064 ) ) ;
#1547 = CARTESIAN_POINT ( 'NONE',  ( -16.42620342419910884, -15.74590231743741953, 23.15581686416267715 ) ) ;
#1548 = DIRECTION ( 'NONE',  ( -3.773173425613459862E-16, 1.000000000000000000, -2.513482421598778410E-15 ) ) ;
#1549 = ORIENTED_EDGE ( 'NONE', *, *, #2247, .T. ) ;
#1550 = AXIS2_PLACEMENT_3D ( 'NONE', #620, #3312, #266 ) ;
#1551 = CARTESIAN_POINT ( 'NONE',  ( -16.62042577117962594, -16.58239986469302352, 20.88454586409929803 ) ) ;
#1552 = CARTESIAN_POINT ( 'NONE',  ( 26.43170965866309885, 15.12357921577141617, -3.708773141935411299 ) ) ;
#1553 =( GEOMETRIC_REPRESENTATION_CONTEXT ( 3 ) GLOBAL_UNCERTAINTY_ASSIGNED_CONTEXT ( ( #5261 ) ) GLOBAL_UNIT_ASSIGNED_CONTEXT ( ( #477, #2443, #650 ) ) REPRESENTATION_CONTEXT ( 'NONE', 'WORKASPACE' ) );
#1554 = EDGE_CURVE ( 'NONE', #1018, #5623, #1055, .T. ) ;
#1555 = LINE ( 'NONE', #672, #3033 ) ;
#1556 = CARTESIAN_POINT ( 'NONE',  ( 18.03890397756580199, 11.00000000000005862, 25.25644359937009753 ) ) ;
#1557 = DIRECTION ( 'NONE',  ( 1.003456252704766818E-16, -1.000000000000000000, -2.539663957332261757E-15 ) ) ;
#1558 = ORIENTED_EDGE ( 'NONE', *, *, #1700, .F. ) ;
#1559 = DIRECTION ( 'NONE',  ( 1.003456252704766818E-16, -1.000000000000000000, -2.539663957332261757E-15 ) ) ;
#1560 = APPLICATION_PROTOCOL_DEFINITION ( 'draft international standard', 'automotive_design', 1998, #3004 ) ;
#1561 = CARTESIAN_POINT ( 'NONE',  ( -21.52285620492537532, -59.00000000000000000, 9.853932926270525527 ) ) ;
#1562 = CARTESIAN_POINT ( 'NONE',  ( -13.88666205704278234, -19.01552546547466349, -22.35463017722250001 ) ) ;
#1563 = CARTESIAN_POINT ( 'NONE',  ( 11.72280824279362754, 15.00000000000000533, -23.70843257405479676 ) ) ;
#1564 = CARTESIAN_POINT ( 'NONE',  ( -10.69781965423913306, -15.79119993234649044, -23.67633323440782789 ) ) ;
#1565 = CARTESIAN_POINT ( 'NONE',  ( 26.32951819737816379, -19.38875661563044872, 4.418136372553861158 ) ) ;
#1566 = CARTESIAN_POINT ( 'NONE',  ( -15.54589647677192232, 9.733945915252025571, -23.75716417502001221 ) ) ;
#1567 = VERTEX_POINT ( 'NONE', #2803 ) ;
#1568 = CARTESIAN_POINT ( 'NONE',  ( 14.70588969881968566, -13.06256392406937294, 21.80232281081638135 ) ) ;
#1569 = CARTESIAN_POINT ( 'NONE',  ( 2.314709527580406156, -15.85705169393463265, 24.85877393143111291 ) ) ;
#1570 = CARTESIAN_POINT ( 'NONE',  ( 10.81529223615050306, 15.00000000000000178, -23.62264705418633426 ) ) ;
#1571 = CARTESIAN_POINT ( 'NONE',  ( -20.04430140283778172, 19.66666666666634455, -10.67116783144887115 ) ) ;
#1572 = CYLINDRICAL_SURFACE ( 'NONE', #3149, 1.399999999999995914 ) ;
#1573 = CARTESIAN_POINT ( 'NONE',  ( 15.97128904298279117, -12.02763646111167617, 20.05063935107843776 ) ) ;
#1574 = CARTESIAN_POINT ( 'NONE',  ( 39.25533786581391382, 11.00000000000010125, 38.63040834680357705 ) ) ;
#1575 = CARTESIAN_POINT ( 'NONE',  ( 11.30463352447597813, -11.57273622807050018, -23.74081031214522497 ) ) ;
#1576 = CARTESIAN_POINT ( 'NONE',  ( -11.48699793241311440, -16.58239986469293825, -23.82405280337206932 ) ) ;
#1577 = CARTESIAN_POINT ( 'NONE',  ( -17.86014629656522956, -11.33122089887797124, 19.29770397947423888 ) ) ;
#1578 = CARTESIAN_POINT ( 'NONE',  ( -10.77861462206610099, 15.24715843154278971, 23.63945342814886175 ) ) ;
#1579 = ORIENTED_EDGE ( 'NONE', *, *, #519, .T. ) ;
#1580 = CARTESIAN_POINT ( 'NONE',  ( -12.90982960160215320, 7.365869876189137244, 25.28557011900968376 ) ) ;
#1581 = LINE ( 'NONE', #4254, #883 ) ;
#1582 = EDGE_CURVE ( 'NONE', #5623, #4176, #2818, .T. ) ;
#1583 = CARTESIAN_POINT ( 'NONE',  ( 7.951909277763104633, 15.00000000000006217, 23.85863258014335031 ) ) ;
#1584 = FACE_OUTER_BOUND ( 'NONE', #1164, .T. ) ;
#1585 = CARTESIAN_POINT ( 'NONE',  ( 2.158030781528762709, 15.24715843154272754, -22.81217135088082415 ) ) ;
#1586 = CARTESIAN_POINT ( 'NONE',  ( -26.26252570360477634, -19.99999999999999645, 0.8030525784312131377 ) ) ;
#1587 = CARTESIAN_POINT ( 'NONE',  ( 18.85006413321529095, -19.66666666666666075, -20.23186780027259246 ) ) ;
#1588 = ORIENTED_EDGE ( 'NONE', *, *, #5322, .F. ) ;
#1589 = DIRECTION ( 'NONE',  ( 0.000000000000000000, -3.304235192336773934E-15, 1.000000000000000000 ) ) ;
#1590 = CARTESIAN_POINT ( 'NONE',  ( -14.67220243458477391, 3.333303192725741049, -24.22773865556481709 ) ) ;
#1591 = EDGE_CURVE ( 'NONE', #1375, #4122, #4277, .T. ) ;
#1592 = CARTESIAN_POINT ( 'NONE',  ( 20.67542919206488961, -19.66666666666675312, 12.88914948653832049 ) ) ;
#1593 = CARTESIAN_POINT ( 'NONE',  ( 11.23230759257151945, 15.24715843154275241, -23.68299248188624517 ) ) ;
#1594 = CARTESIAN_POINT ( 'NONE',  ( -22.26036115958408246, 15.00000000000000711, -5.429209983494460268 ) ) ;
#1595 = ADVANCED_FACE ( 'NONE', ( #5556 ), #4380, .T. ) ;
#1596 = CARTESIAN_POINT ( 'NONE',  ( -17.77966294506245148, -4.999999999999951150, 14.45351337505055689 ) ) ;
#1597 = ORIENTED_EDGE ( 'NONE', *, *, #199, .F. ) ;
#1598 = CARTESIAN_POINT ( 'NONE',  ( 19.15883003561314624, 3.386371374059567785, 15.97098464028038833 ) ) ;
#1599 = CARTESIAN_POINT ( 'NONE',  ( 11.66805348754344607, 13.99943068524657086, 23.56946049937249299 ) ) ;
#1600 = CARTESIAN_POINT ( 'NONE',  ( 11.58326931489868983, -4.999999999999874767, 24.11314927947720577 ) ) ;
#1601 = CARTESIAN_POINT ( 'NONE',  ( -4.587906902636738983E-15, 10.99999999999998757, -2.802465037186583655E-14 ) ) ;
#1602 = CARTESIAN_POINT ( 'NONE',  ( 15.09950666624260762, 15.37073764731424319, 21.14260051510307648 ) ) ;
#1603 = CARTESIAN_POINT ( 'NONE',  ( 17.38600184460126385, -13.71596233530005726, 17.88367884376771855 ) ) ;
#1604 = DIRECTION ( 'NONE',  ( 0.6162496776666496201, -0.7183225664142793843, 0.3228761765069603218 ) ) ;
#1605 = CARTESIAN_POINT ( 'NONE',  ( 7.661091172597681798, -18.95243094693967123, -23.77975379516707832 ) ) ;
#1606 = CARTESIAN_POINT ( 'NONE',  ( -11.72279143834545323, -14.99999999999999822, -23.70843098556665041 ) ) ;
#1607 = CARTESIAN_POINT ( 'NONE',  ( -14.88515371744761673, -5.313144479792216934, 24.18213495175035632 ) ) ;
#1608 = CARTESIAN_POINT ( 'NONE',  ( -15.81956125153469550, 15.12357921577139663, 16.57607929103486200 ) ) ;
#1609 = ORIENTED_EDGE ( 'NONE', *, *, #5084, .F. ) ;
#1610 = CARTESIAN_POINT ( 'NONE',  ( -14.37298970116912145, 15.48687231202331915, 22.02761529767892057 ) ) ;
#1611 = CARTESIAN_POINT ( 'NONE',  ( -4.628573982581674073, -14.99999999999996092, -11.58097056674115422 ) ) ;
#1612 = ADVANCED_BREP_SHAPE_REPRESENTATION ( '', ( #1305, #2313 ), #1553 ) ;
#1613 = DIRECTION ( 'NONE',  ( 0.4162807922603957156, -2.069855669371225462E-15, -0.9092361090470710838 ) ) ;
#1614 = CARTESIAN_POINT ( 'NONE',  ( -13.71929715842277631, 5.000000000000044409, -22.12280670378020631 ) ) ;
#1615 = CARTESIAN_POINT ( 'NONE',  ( 16.64194676188412814, -17.23381003362771935, -23.00386269144609130 ) ) ;
#1616 = CARTESIAN_POINT ( 'NONE',  ( -28.30120667359453179, -3.666749701492145519, -0.6521294947120831464 ) ) ;
#1617 = B_SPLINE_CURVE_WITH_KNOTS ( 'NONE', 3,
 ( #5064, #2427, #5518, #2045, #1033, #4597, #5488, #1479, #5119, #3294, #4625, #3810, #1092, #3267, #4161, #3782 ),
 .UNSPECIFIED., .F., .F.,
 ( 4, 3, 3, 3, 3, 4 ),
 ( 0.000000000000000000, 0.006607043530529331347, 0.01321408698991801203, 0.01982113044808867658, 0.02406041350176843507, 0.02829969657634689648 ),
 .UNSPECIFIED. ) ;
#1618 = ORIENTED_EDGE ( 'NONE', *, *, #192, .F. ) ;
#1619 = DIRECTION ( 'NONE',  ( -0.8857850186026579031, -1.538193068795817725E-15, -0.4640957884091269081 ) ) ;
#1620 = CARTESIAN_POINT ( 'NONE',  ( -20.04430135746641284, -19.66666666666669627, 10.67116779585561126 ) ) ;
#1621 = AXIS2_PLACEMENT_3D ( 'NONE', #4052, #5362, #553 ) ;
#1622 = CARTESIAN_POINT ( 'NONE',  ( -15.31168088110271341, -8.593081400801763081, -21.37690362404943656 ) ) ;
#1623 = CLOSED_SHELL ( 'NONE', ( #4802, #5040, #2938, #2947, #2517, #3543, #4446, #3235, #2098, #4573, #3517, #654, #1011, #3025, #5505, #942, #2326, #3273, #56, #1595, #5528, #1779, #1408, #4329, #1990, #3587, #1512, #5350, #4940, #5288, #1090, #4833, #2048, #5056, #1710, #5425, #4507, #5359 ) ) ;
#1624 = CARTESIAN_POINT ( 'NONE',  ( 10.77861462206626975, 15.24715843154275063, -23.63945342814878359 ) ) ;
#1625 = CARTESIAN_POINT ( 'NONE',  ( -26.05519308907159370, 15.00000000000000000, 2.859421829948628702 ) ) ;
#1626 = CARTESIAN_POINT ( 'NONE',  ( 26.38941449540229911, 15.37073764731419345, -1.763355344784882872 ) ) ;
#1627 = CARTESIAN_POINT ( 'NONE',  ( 10.11291385340201820, -16.99999999999993250, -23.56409169738613230 ) ) ;
#1628 = ORIENTED_EDGE ( 'NONE', *, *, #4401, .T. ) ;
#1629 = CARTESIAN_POINT ( 'NONE',  ( 21.46020662971618620, 3.446874631358143315, 11.77781774289143968 ) ) ;
#1630 = B_SPLINE_CURVE_WITH_KNOTS ( 'NONE', 3,
 ( #664, #1603, #2864, #4192, #5147, #1149, #2946, #4712, #5605, #719, #4273, #1636, #5177, #1183, #2976, #4431 ),
 .UNSPECIFIED., .F., .F.,
 ( 4, 2, 2, 2, 2, 2, 2, 4 ),
 ( 0.002018101802992869256, 0.005928333503956478151, 0.007883449354438284984, 0.009838565204920091817, 0.01179368105540189865, 0.01374879690588370375, 0.01570391275636551232, 0.01765902860684731915 ),
 .UNSPECIFIED. ) ;
#1631 = CARTESIAN_POINT ( 'NONE',  ( 4.854898713839815194, 0.5281197578276510818, 24.46432818493006423 ) ) ;
#1632 = DIRECTION ( 'NONE',  ( -0.4640957884091279073, 0.000000000000000000, 0.8857850186026572370 ) ) ;
#1633 = EDGE_CURVE ( 'NONE', #3824, #1744, #444, .T. ) ;
#1634 = CARTESIAN_POINT ( 'NONE',  ( -26.26297120702828991, 15.48687237441503939, -1.433562316748655308 ) ) ;
#1635 = CARTESIAN_POINT ( 'NONE',  ( 15.05016633548394545, 14.99999999999999822, 21.17764135295196937 ) ) ;
#1636 = CARTESIAN_POINT ( 'NONE',  ( 15.05152967652018603, -4.052928871597002214, 22.33931176368592020 ) ) ;
#1637 = VECTOR ( 'NONE', #1711, 1000.000000000000114 ) ;
#1638 = CARTESIAN_POINT ( 'NONE',  ( 28.08465519105842034, -19.99999999999999645, 3.548887639991163301 ) ) ;
#1639 = CARTESIAN_POINT ( 'NONE',  ( 26.63591173963172309, -17.37359979703947133, 1.727133140027088398 ) ) ;
#1640 = EDGE_CURVE ( 'NONE', #451, #4377, #4900, .T. ) ;
#1641 = DIRECTION ( 'NONE',  ( 0.4640957884091281294, 3.013875658711340855E-15, -0.8857850186026571260 ) ) ;
#1642 = CARTESIAN_POINT ( 'NONE',  ( -20.82803471426294806, 15.37073764731418279, 9.553654551955876428 ) ) ;
#1643 = EDGE_LOOP ( 'NONE', ( #4356, #274, #2242, #1350, #3718, #5566, #5434 ) ) ;
#1644 = CARTESIAN_POINT ( 'NONE',  ( -24.30913320219064389, -16.06097105965914196, 5.694467238900403849 ) ) ;
#1645 = CARTESIAN_POINT ( 'NONE',  ( 25.86167451138911844, 15.24715843154283235, -2.485172633762550376 ) ) ;
#1646 = VECTOR ( 'NONE', #1398, 1000.000000000000000 ) ;
#1647 = CARTESIAN_POINT ( 'NONE',  ( -26.99417746433690368, 14.99999999999998046, 0.09488958865104665796 ) ) ;
#1648 = CARTESIAN_POINT ( 'NONE',  ( -3.627278284200612379, -4.999999999999947597, -22.62439646867423093 ) ) ;
#1649 = VECTOR ( 'NONE', #321, 1000.000000000000114 ) ;
#1650 = CARTESIAN_POINT ( 'NONE',  ( 19.29518434380086944, 59.00000000000054712, -13.71237377232966281 ) ) ;
#1651 = DIRECTION ( 'NONE',  ( 0.6263445933273937838, -0.7071067811865451302, 0.3281652791042116157 ) ) ;
#1652 = EDGE_LOOP ( 'NONE', ( #2042, #3201, #2094, #2755 ) ) ;
#1653 = CARTESIAN_POINT ( 'NONE',  ( 11.37102400069181485, -20.39633502492609551, 24.15969002182282210 ) ) ;
#1654 = CARTESIAN_POINT ( 'NONE',  ( -11.88898575519032796, -14.33339963968706954, -25.68251790511025590 ) ) ;
#1655 = CARTESIAN_POINT ( 'NONE',  ( -16.48518752245081842, 0.3463770455156289230, -20.47866190547727783 ) ) ;
#1656 = CARTESIAN_POINT ( 'NONE',  ( 20.70702710066437646, -59.00000000000000000, 14.71571819469523845 ) ) ;
#1657 = CARTESIAN_POINT ( 'NONE',  ( 16.25381674550005329, 12.82313526232586298, 23.27779781071076215 ) ) ;
#1658 = CARTESIAN_POINT ( 'NONE',  ( -14.70477870958994870, 15.24715843154274708, -21.98363926091543519 ) ) ;
#1659 = CARTESIAN_POINT ( 'NONE',  ( 26.39674834535342285, -16.58239986469293825, 3.951411472550999449 ) ) ;
#1660 = ORIENTED_EDGE ( 'NONE', *, *, #4255, .F. ) ;
#1661 = CARTESIAN_POINT ( 'NONE',  ( 26.21148995741254240, -16.58239986469293825, 3.534994435641599875 ) ) ;
#1662 = CARTESIAN_POINT ( 'NONE',  ( -26.22821501151365808, -15.79119993234651531, -3.404430053840401538 ) ) ;
#1663 = ORIENTED_EDGE ( 'NONE', *, *, #2394, .F. ) ;
#1664 = CARTESIAN_POINT ( 'NONE',  ( 15.91193671986794023, 12.21120724160314097, 23.51365519895734479 ) ) ;
#1665 = ADVANCED_FACE ( 'NONE', ( #4073 ), #1930, .F. ) ;
#1666 = CARTESIAN_POINT ( 'NONE',  ( -11.52841446923081214, -13.06256384282179717, 23.63683596808056464 ) ) ;
#1667 = CARTESIAN_POINT ( 'NONE',  ( 45.58542902264171204, 23.00000000000003908, 12.86554232566845002 ) ) ;
#1668 = CARTESIAN_POINT ( 'NONE',  ( -28.39095254985810968, 1.908318757649856812, 0.4873718241486215685 ) ) ;
#1669 = EDGE_CURVE ( 'NONE', #260, #2562, #2539, .T. ) ;
#1670 = CARTESIAN_POINT ( 'NONE',  ( 11.36912636380993824, -17.37359979703953528, 23.88186644012379745 ) ) ;
#1671 = ADVANCED_FACE ( 'NONE', ( #2337, #113, #454, #5456, #4009 ), #4448, .T. ) ;
#1672 = CARTESIAN_POINT ( 'NONE',  ( 26.61756687569382507, -19.38875661563040254, 2.063897383279904574 ) ) ;
#1673 = CARTESIAN_POINT ( 'NONE',  ( -19.65889291148294049, -8.409817308800029423, 15.36205264789178493 ) ) ;
#1674 = CARTESIAN_POINT ( 'NONE',  ( -10.28723689680263575, 14.99999999999999822, 24.36569310045175030 ) ) ;
#1675 = CARTESIAN_POINT ( 'NONE',  ( -20.50724673915324914, -17.30271415070074781, 14.25190588451081730 ) ) ;
#1676 = CARTESIAN_POINT ( 'NONE',  ( 22.27453684167793213, 15.37073764731424852, 5.377886858117993718 ) ) ;
#1677 = LINE ( 'NONE', #4816, #3049 ) ;
#1678 = CARTESIAN_POINT ( 'NONE',  ( 6.538337158742418609, -15.79119993234644248, -21.96408858570708844 ) ) ;
#1679 = CARTESIAN_POINT ( 'NONE',  ( 24.18589521953258625, -12.99942718354400206, -6.158735561229805811 ) ) ;
#1680 = DIRECTION ( 'NONE',  ( -0.09410831331851564341, -1.638888653167812190E-14, -0.9955619646030798853 ) ) ;
#1681 = ORIENTED_EDGE ( 'NONE', *, *, #519, .F. ) ;
#1682 = CARTESIAN_POINT ( 'NONE',  ( 16.44411551644141056, 15.24715843154282702, 21.02332185523815156 ) ) ;
#1683 = CARTESIAN_POINT ( 'NONE',  ( 18.46577462205302922, -16.99999999999993605, -18.83237315097170139 ) ) ;
#1684 = CARTESIAN_POINT ( 'NONE',  ( 13.00779398670734466, -58.99999999999997868, 18.24070233092210103 ) ) ;
#1685 = CARTESIAN_POINT ( 'NONE',  ( 11.68627348864409932, 14.12512959717654581, 23.56035704775398543 ) ) ;
#1686 = FACE_OUTER_BOUND ( 'NONE', #5684, .T. ) ;
#1687 = CARTESIAN_POINT ( 'NONE',  ( 22.08854639860092561, 15.00000000000005684, 23.99137590878977733 ) ) ;
#1688 = ORIENTED_EDGE ( 'NONE', *, *, #1953, .F. ) ;
#1689 = CARTESIAN_POINT ( 'NONE',  ( 26.37779405933405030, -17.37359979703941093, 4.082995851188290004 ) ) ;
#1690 = CARTESIAN_POINT ( 'NONE',  ( -26.12948940111418139, 15.00000000000000178, 2.073478231822561302 ) ) ;
#1691 = VERTEX_POINT ( 'NONE', #2250 ) ;
#1692 = CARTESIAN_POINT ( 'NONE',  ( 22.20114874605146227, 13.87576244068293718, 10.35410263316854795 ) ) ;
#1693 = CARTESIAN_POINT ( 'NONE',  ( -3.134397685075024587, -20.38013097725544043, 24.32964537007416794 ) ) ;
#1694 = CARTESIAN_POINT ( 'NONE',  ( 13.81135598322918234, -2.205106032469247967, 24.70633879866057470 ) ) ;
#1695 = CARTESIAN_POINT ( 'NONE',  ( -23.39514217342101432, -3.667969895183704310, -8.647913551951468492 ) ) ;
#1696 = CARTESIAN_POINT ( 'NONE',  ( -6.538337158742275612, -15.79119993234649755, 21.96408858570717371 ) ) ;
#1697 = CARTESIAN_POINT ( 'NONE',  ( 45.58542902264171914, 15.00000000000003020, 10.06554232566847595 ) ) ;
#1698 = CARTESIAN_POINT ( 'NONE',  ( -24.42441911277633082, -18.95243102905478239, 5.255171164433891207 ) ) ;
#1699 = CARTESIAN_POINT ( 'NONE',  ( -14.67069725290996374, -14.99999999999999822, 22.00647371456407697 ) ) ;
#1700 = EDGE_CURVE ( 'NONE', #3767, #1018, #2192, .T. ) ;
#1701 = CARTESIAN_POINT ( 'NONE',  ( -22.06682538387347847, -11.91095496189752367, 10.62498830570117470 ) ) ;
#1702 =( REPRESENTATION_RELATIONSHIP ('NONE','NONE', #1510, #2898 ) REPRESENTATION_RELATIONSHIP_WITH_TRANSFORMATION ( #594 )SHAPE_REPRESENTATION_RELATIONSHIP( ) );
#1703 = CARTESIAN_POINT ( 'NONE',  ( 18.65526374753403260, 15.00000000000000000, 13.30342566822326056 ) ) ;
#1704 = CARTESIAN_POINT ( 'NONE',  ( -28.29282933768773844, -5.416836326972843452, -0.9632810694898377157 ) ) ;
#1705 = CARTESIAN_POINT ( 'NONE',  ( 10.81529223615049951, 14.99999999999996803, -23.62264705418633426 ) ) ;
#1706 = CARTESIAN_POINT ( 'NONE',  ( 2.193472712272396485, 14.99999999999998046, -22.80764515377489587 ) ) ;
#1707 = CARTESIAN_POINT ( 'NONE',  ( 16.36464249188511388, 0.5890806160578049289, -20.57513585669305556 ) ) ;
#1708 = CARTESIAN_POINT ( 'NONE',  ( 13.77354312374052725, 1.908166205643246460, -24.83075519802210707 ) ) ;
#1709 = ORIENTED_EDGE ( 'NONE', *, *, #4831, .T. ) ;
#1710 = ADVANCED_FACE ( 'NONE', ( #4949 ), #513, .F. ) ;
#1711 = DIRECTION ( 'NONE',  ( 0.9955619646030793302, 1.391032035867732375E-16, -0.09410831331852129167 ) ) ;
#1712 = CARTESIAN_POINT ( 'NONE',  ( 26.78106273502836032, -16.99999999999998579, -0.04797318463579904047 ) ) ;
#1713 = CARTESIAN_POINT ( 'NONE',  ( 6.848711584869792368, -17.24609346816442823, 25.40059274785087950 ) ) ;
#1714 = CARTESIAN_POINT ( 'NONE',  ( -11.58328430258699981, -4.999999999999883649, -24.11312483447535726 ) ) ;
#1715 = ORIENTED_EDGE ( 'NONE', *, *, #690, .T. ) ;
#1716 = CARTESIAN_POINT ( 'NONE',  ( 26.41570263137280605, -15.79119993234646913, 3.819827093913709337 ) ) ;
#1717 = CARTESIAN_POINT ( 'NONE',  ( -26.39079057363226610, 15.24715843154279327, 1.742876645004681979 ) ) ;
#1718 = FACE_BOUND ( 'NONE', #5320, .T. ) ;
#1719 = DIRECTION ( 'NONE',  ( 4.064784181921418638E-16, -1.000000000000000000, 2.538572003884065318E-15 ) ) ;
#1720 = CARTESIAN_POINT ( 'NONE',  ( 1.904703231895007454, 12.38465697021817036, 24.41870808295963613 ) ) ;
#1721 = CARTESIAN_POINT ( 'NONE',  ( 15.83201434797842566, 15.00000000000000711, -16.56343326986894482 ) ) ;
#1722 = CARTESIAN_POINT ( 'NONE',  ( 15.71217344144745098, -10.33337064759177792, -23.54174961292705959 ) ) ;
#1723 = VECTOR ( 'NONE', #1468, 1000.000000000000227 ) ;
#1724 = CARTESIAN_POINT ( 'NONE',  ( -26.16666878564748089, 8.668047995630011826, -2.558974656223444555 ) ) ;
#1725 = CARTESIAN_POINT ( 'NONE',  ( -6.758317853016059473, -17.37359979703951396, 21.90697925039431126 ) ) ;
#1726 = CARTESIAN_POINT ( 'NONE',  ( 26.23974008260672974, 15.24715843154283235, -3.314608500123726209 ) ) ;
#1727 = CARTESIAN_POINT ( 'NONE',  ( -28.34698383361622831, 8.100495176678816023, 1.593817879763964829 ) ) ;
#1728 = CARTESIAN_POINT ( 'NONE',  ( -20.56774695885814097, 7.915773396644344650, 13.28071444035858306 ) ) ;
#1730 = CARTESIAN_POINT ( 'NONE',  ( -26.74666213374736401, 5.000000000000060396, -0.3407864395126062318 ) ) ;
#1729 =( GEOMETRIC_REPRESENTATION_CONTEXT ( 3 ) GLOBAL_UNCERTAINTY_ASSIGNED_CONTEXT ( ( #4034 ) ) GLOBAL_UNIT_ASSIGNED_CONTEXT ( ( #2799, #4571, #984 ) ) REPRESENTATION_CONTEXT ( 'NONE', 'WORKASPACE' ) );
#1731 = CARTESIAN_POINT ( 'NONE',  ( -14.93163067326495153, 11.39585186050281962, 21.64354042757467766 ) ) ;
#1732 = CARTESIAN_POINT ( 'NONE',  ( 25.84097318153077794, -16.58239986469298088, 2.702160361822807833 ) ) ;
#1733 = CARTESIAN_POINT ( 'NONE',  ( -11.78061893396747628, 15.00000000000004796, 25.73066422110573725 ) ) ;
#1734 = CARTESIAN_POINT ( 'NONE',  ( 11.70440440293519657, 15.12357921577138065, -23.71748205483924821 ) ) ;
#1735 = CARTESIAN_POINT ( 'NONE',  ( 19.93856272789131978, 15.36340745319747292, -14.23961529539252346 ) ) ;
#1736 = CARTESIAN_POINT ( 'NONE',  ( 23.09769934187111318, 59.00000000000152767, 10.57495240868053621 ) ) ;
#1737 = ORIENTED_EDGE ( 'NONE', *, *, #5629, .F. ) ;
#1738 = CARTESIAN_POINT ( 'NONE',  ( 11.72281665807205719, -14.99999999999999822, 23.70843336953262082 ) ) ;
#1739 = CARTESIAN_POINT ( 'NONE',  ( -11.45605783541765099, -16.99999999999992895, -25.87724028603494020 ) ) ;
#1740 = B_SPLINE_SURFACE_WITH_KNOTS ( 'NONE', 3, 3, ( 
 ( #4366, #1672, #5237, #1639, #2138, #3437, #3465, #5208, #807, #4746, #3496, #2194, #1757 ),
 ( #4773, #3842, #833, #4866, #863, #1243, #3899, #2624, #2107, #4395, #3408, #1726, #5666 ),
 ( #2978, #2597, #373, #5296, #1215, #3010, #777, #2569, #3525, #3041, #2540, #2165, #5726 ),
 ( #400, #5695, #2655, #5267, #282, #1277, #5180, #3955, #1307, #1185, #748, #3874, #2316 ),
 ( #5009, #3127, #5437, #5409, #2770, #1422, #489, #4454, #951, #3212, #3186, #2685, #1008 ),
 ( #2, #4954, #1899, #1394, #431, #1785, #5383, #4424, #1365, #4542, #5352, #4925, #2741 ),
 ( #60, #1845, #88, #4513, #1335, #30, #522, #2226, #2712, #4074, #459, #4895, #1872 ),
 ( #1814, #4486, #2257, #3637, #3550, #3985, #4015, #3582, #3159, #5323, #4982, #892, #2287 ),
 ( #922, #4045, #3611, #3241, #980, #546, #2342, #4102, #118, #3666, #1447, #1960, #3326 ),
 ( #227, #4681, #4244, #685, #1505, #573, #3351, #1600, #5576, #1985, #1063, #5550, #2825 ) ),
 .UNSPECIFIED., .F., .F., .F.,
 ( 4, 3, 3, 4 ),
 ( 4, 3, 3, 3, 4 ),
 ( -0.02734807928996491055, -0.02598076211353281609, 0.000000000000000000, 0.001367371141285472508 ),
 ( -0.03539633502492580547, -0.03237359979703945123, -0.03000000000000000583, 0.000000000000000000, 0.0003707376473142526534 ),
 .UNSPECIFIED. ) ;
#1741 = EDGE_CURVE ( 'NONE', #1766, #938, #172, .T. ) ;
#1742 = CARTESIAN_POINT ( 'NONE',  ( 6.712918748760076326, 12.69671455384329839, 24.03679402161801804 ) ) ;
#1743 = CARTESIAN_POINT ( 'NONE',  ( -26.23716193794807694, 15.37073764731411885, 3.335028033541874048 ) ) ;
#1744 = VERTEX_POINT ( 'NONE', #1441 ) ;
#1745 = CARTESIAN_POINT ( 'NONE',  ( 22.32089337154673458, -16.58239986469292049, -5.210146446254970698 ) ) ;
#1746 = CARTESIAN_POINT ( 'NONE',  ( 5.733347617384712436, -16.99999999999992539, -24.03392498575236758 ) ) ;
#1747 = ORIENTED_EDGE ( 'NONE', *, *, #5523, .T. ) ;
#1748 = AXIS2_PLACEMENT_3D ( 'NONE', #1071, #2484, #3409 ) ;
#1749 = CARTESIAN_POINT ( 'NONE',  ( -11.72279143834545323, -14.99999999999999822, -23.70843098556665041 ) ) ;
#1750 = CARTESIAN_POINT ( 'NONE',  ( -16.95050357753008896, -17.59242603969155638, 22.77805665774239685 ) ) ;
#1751 = CARTESIAN_POINT ( 'NONE',  ( 22.35115947752808552, -17.37359979703938251, -5.100614677635143757 ) ) ;
#1752 = CARTESIAN_POINT ( 'NONE',  ( 16.68231854983157447, -16.99999999999992539, -22.85985725571289251 ) ) ;
#1753 = CARTESIAN_POINT ( 'NONE',  ( -20.00189470653314672, -14.63844399032287491, -14.14746783692104870 ) ) ;
#1754 = ORIENTED_EDGE ( 'NONE', *, *, #1777, .F. ) ;
#1755 = CARTESIAN_POINT ( 'NONE',  ( -11.66761599533966098, 15.37073764731424319, 23.73558287973499858 ) ) ;
#1756 = CARTESIAN_POINT ( 'NONE',  ( 14.48097852955544873, -15.00000000000000178, -22.42085534600967023 ) ) ;
#1757 = CARTESIAN_POINT ( 'NONE',  ( 26.42583607776798615, 15.37073764731425030, -3.749879724673218284 ) ) ;
#1758 = CARTESIAN_POINT ( 'NONE',  ( -14.17616216128196172, 5.000000000000044409, -22.11065619096520862 ) ) ;
#1759 = CARTESIAN_POINT ( 'NONE',  ( -16.36462908281430728, 0.5890809544115809260, 20.57515910555753180 ) ) ;
#1760 = CARTESIAN_POINT ( 'NONE',  ( -26.67423460663405876, -4.999999999999871214, -2.025169353016588403 ) ) ;
#1761 = CARTESIAN_POINT ( 'NONE',  ( -25.94436600429997242, 1.605577363075031405, 4.242515419369838447 ) ) ;
#1762 = CARTESIAN_POINT ( 'NONE',  ( 28.41863755542901870, 15.00000000000001954, -3.173490112346143199 ) ) ;
#1763 = CARTESIAN_POINT ( 'NONE',  ( -20.51274575890830576, 15.00000000000001421, 13.42970586310111258 ) ) ;
#1764 = CARTESIAN_POINT ( 'NONE',  ( 14.78132279621425127, 12.50793524153049496, -21.74988150900831130 ) ) ;
#1765 = CARTESIAN_POINT ( 'NONE',  ( 21.67395011634617674, -6.455843703222458707, -11.38575958751154538 ) ) ;
#1766 = VERTEX_POINT ( 'NONE', #1865 ) ;
#1767 = CARTESIAN_POINT ( 'NONE',  ( -15.71389266319527955, -16.58239986469302352, 20.98008798990428403 ) ) ;
#1768 = CARTESIAN_POINT ( 'NONE',  ( -13.71929715842277631, 5.000000000000044409, -22.12280670378020631 ) ) ;
#1769 = LINE ( 'NONE', #3938, #5116 ) ;
#1770 = B_SPLINE_CURVE_WITH_KNOTS ( 'NONE', 3,
 ( #3039, #1182, #2975, #3897 ),
 .UNSPECIFIED., .F., .F.,
 ( 4, 4 ),
 ( -0.1179999999999999938, 0.000000000000000000 ),
 .UNSPECIFIED. ) ;
#1771 = CARTESIAN_POINT ( 'NONE',  ( 7.923568183474381854, -10.42862174971355849, 25.07123031366899468 ) ) ;
#1772 = CARTESIAN_POINT ( 'NONE',  ( -21.87799691369642829, 5.000000000000056843, -6.813561579517990019 ) ) ;
#1773 = EDGE_LOOP ( 'NONE', ( #3111, #4848, #2088, #3238 ) ) ;
#1774 = DIRECTION ( 'NONE',  ( 0.000000000000000000, 2.478176394252582521E-15, -1.000000000000000000 ) ) ;
#1775 = CARTESIAN_POINT ( 'NONE',  ( -10.42977133535740464, -6.999999999999993783, 1.591342167017247178 ) ) ;
#1776 = DIRECTION ( 'NONE',  ( -0.09410831331850988413, -2.537836196336435816E-15, 0.9955619646030803294 ) ) ;
#1777 = EDGE_CURVE ( 'NONE', #3284, #732, #5343, .T. ) ;
#1778 = CARTESIAN_POINT ( 'NONE',  ( -11.67180511320815661, -18.38117820633496535, -24.00719027170987374 ) ) ;
#1779 = ADVANCED_FACE ( 'NONE', ( #3661 ), #4896, .T. ) ;
#1780 = CARTESIAN_POINT ( 'NONE',  ( -4.711108551203144756, 0.4070777514808788244, 24.49240641353421566 ) ) ;
#1781 = LINE ( 'NONE', #2705, #2487 ) ;
#1782 = CARTESIAN_POINT ( 'NONE',  ( -17.83590236213252211, -9.243852554671752486, -17.44311702589333635 ) ) ;
#1783 = ORIENTED_EDGE ( 'NONE', *, *, #3102, .T. ) ;
#1784 = CARTESIAN_POINT ( 'NONE',  ( 8.096279414434599531, 19.66666666666636587, -26.44056830245902390 ) ) ;
#1785 = CARTESIAN_POINT ( 'NONE',  ( 15.75229010682309472, -15.79119993234648334, 16.64441037083223662 ) ) ;
#1786 = PRODUCT_DEFINITION_SHAPE ( 'NONE', 'NONE',  #5749 ) ;
#1787 = CARTESIAN_POINT ( 'NONE',  ( -23.56660042953512857, 0.4070777514808641695, 8.166263521439034889 ) ) ;
#1788 = CARTESIAN_POINT ( 'NONE',  ( -7.951909277762941208, 14.99999999999992362, -23.85863258014342136 ) ) ;
#1789 = CARTESIAN_POINT ( 'NONE',  ( -28.20230796729310896, -17.55035142223580635, -3.283053438574559557 ) ) ;
#1790 = LINE ( 'NONE', #3586, #1646 ) ;
#1791 = CARTESIAN_POINT ( 'NONE',  ( 4.886630897821306441, -17.00000000000003197, 25.17321393985634614 ) ) ;
#1792 = FACE_OUTER_BOUND ( 'NONE', #5658, .T. ) ;
#1793 = CARTESIAN_POINT ( 'NONE',  ( 20.19487244432168893, 12.38465691381236056, -13.85887173586012899 ) ) ;
#1794 = CARTESIAN_POINT ( 'NONE',  ( 20.04710859270784695, 14.00144799389088668, -14.07928284969001531 ) ) ;
#1795 = ORIENTED_EDGE ( 'NONE', *, *, #3795, .F. ) ;
#1796 = CARTESIAN_POINT ( 'NONE',  ( 13.71929715842294151, 5.000000000000031086, 22.12280670378011038 ) ) ;
#1797 = CARTESIAN_POINT ( 'NONE',  ( -10.42977133535740286, -20.00000000000000355, 3.691342167017213072 ) ) ;
#1798 = CARTESIAN_POINT ( 'NONE',  ( 5.466066136909239148, 4.514491515863832127, 24.33671245527792948 ) ) ;
#1799 = CARTESIAN_POINT ( 'NONE',  ( -17.77968095179421582, 5.000000000000060396, -14.45372079077807470 ) ) ;
#1800 = ORIENTED_EDGE ( 'NONE', *, *, #4679, .T. ) ;
#1801 = LINE ( 'NONE', #108, #2284 ) ;
#1802 = CARTESIAN_POINT ( 'NONE',  ( 25.10909282156292122, -19.66666666666666785, 5.785380015444572699 ) ) ;
#1803 = PRODUCT_DEFINITION ( 'BİLİNMEY', '', #624, #3866 ) ;
#1804 = CARTESIAN_POINT ( 'NONE',  ( 15.33621200132042439, -6.639990830427159985, -23.89762048770545988 ) ) ;
#1805 = DIRECTION ( 'NONE',  ( 0.000000000000000000, -2.478176394252587255E-15, -1.000000000000000000 ) ) ;
#1806 = CARTESIAN_POINT ( 'NONE',  ( 22.29062726556538721, -15.79119993234645491, -5.319678214874797639 ) ) ;
#1807 = DIRECTION ( 'NONE',  ( -0.5792811723426745107, -2.069855669371225067E-15, 0.8151277957285572029 ) ) ;
#1808 = CARTESIAN_POINT ( 'NONE',  ( -17.33326043338065148, 7.061930352987018544, -19.76490776013819328 ) ) ;
#1809 = VERTEX_POINT ( 'NONE', #4323 ) ;
#1810 = CARTESIAN_POINT ( 'NONE',  ( -16.51594751551305507, -15.79119993234651176, 20.96675310201677078 ) ) ;
#1811 = CIRCLE ( 'NONE', #3380, 2.100000000000000977 ) ;
#1812 = ADVANCED_FACE ( 'NONE', ( #1686 ), #2670, .T. ) ;
#1813 = ADVANCED_FACE ( 'NONE', ( #1914 ), #2464, .F. ) ;
#1814 = CARTESIAN_POINT ( 'NONE',  ( 9.736496075383413995, -20.39633502492586103, 24.35054168681206122 ) ) ;
#1815 = CARTESIAN_POINT ( 'NONE',  ( -28.20162750321120626, -17.59242603969154928, -3.290538376208907767 ) ) ;
#1816 = CARTESIAN_POINT ( 'NONE',  ( -26.24493219558303281, -15.00000000000000000, -3.273847982069574503 ) ) ;
#1817 = CARTESIAN_POINT ( 'NONE',  ( -28.22736104703745497, -16.18861992758518653, -3.039320429267177825 ) ) ;
#1818 = CARTESIAN_POINT ( 'NONE',  ( -8.564334759129209829, -6.336141876512497717, -24.85754762780130989 ) ) ;
#1819 = VECTOR ( 'NONE', #1972, 1000.000000000000000 ) ;
#1820 = CARTESIAN_POINT ( 'NONE',  ( -16.43584215155636130, 14.06350511601017317, -23.14934170453234330 ) ) ;
#1821 = LINE ( 'NONE', #3589, #421 ) ;
#1822 = CARTESIAN_POINT ( 'NONE',  ( 28.39249057580528302, 3.267998765302558617, -0.4357951120474558571 ) ) ;
#1823 = CARTESIAN_POINT ( 'NONE',  ( 24.01419801106551333, -9.243632832325026527, -6.744522507858292215 ) ) ;
#1824 = ORIENTED_EDGE ( 'NONE', *, *, #2768, .T. ) ;
#1825 = CARTESIAN_POINT ( 'NONE',  ( -10.81529223615034141, 14.99999999999999822, 23.62264705418640887 ) ) ;
#1826 = CARTESIAN_POINT ( 'NONE',  ( -26.47261034709680061, -16.99999999999997868, -5.300487538694644840 ) ) ;
#1827 = B_SPLINE_CURVE_WITH_KNOTS ( 'NONE', 3,
 ( #673, #5614, #4667, #240, #5588, #2549 ),
 .UNSPECIFIED., .F., .F.,
 ( 4, 2, 4 ),
 ( 0.03111274339600211825, 0.04526674594654203632, 0.05942074849708195439 ),
 .UNSPECIFIED. ) ;
#1828 = CARTESIAN_POINT ( 'NONE',  ( -3.673859251828226480, 7.121052304613486150, 24.67155671289288321 ) ) ;
#1829 = CARTESIAN_POINT ( 'NONE',  ( -20.71624098705753170, -17.37359979703945712, -9.820700184477891170 ) ) ;
#1830 = ORIENTED_EDGE ( 'NONE', *, *, #4470, .T. ) ;
#1831 = CARTESIAN_POINT ( 'NONE',  ( 7.024193768933358853E-16, -6.999999999999990230, -1.777764770132580863E-14 ) ) ;
#1832 = LINE ( 'NONE', #4092, #69 ) ;
#1833 = CARTESIAN_POINT ( 'NONE',  ( 19.26365307799057902, -19.66666666666665009, 12.02329027874898060 ) ) ;
#1834 = AXIS2_PLACEMENT_3D ( 'NONE', #2375, #3756, #1938 ) ;
#1835 = B_SPLINE_SURFACE_WITH_KNOTS ( 'NONE', 3, 3, ( 
 ( #4837, #3521, #2536, #3871, #1213, #2136, #5633, #805, #5175, #3403, #1668, #2104, #3434, #2974, #369, #3840, #3896, #3463, #5206 ),
 ( #4742, #4420, #2162, #3007, #3038, #1181, #5663, #4771, #5235, #774, #4363, #5691, #3924, #1724, #4804, #2567, #3494, #4335, #1634 ),
 ( #5264, #745, #426, #4303, #4862, #830, #2189, #2621, #1695, #342, #1275, #4391, #2595, #1241, #5603, #3068, #311, #397, #1302 ),
 ( #3950, #5722, #1753, #5293, #3091, #856, #3154, #2706, #4508, #1003, #3607, #5378, #3632, #2734, #4891, #3576, #947, #3982, #483 ),
 ( #456, #888, #4070, #5002, #1867, #918, #1782, #5405, #84, #4976, #2682, #1388, #515, #3182, #2221, #4451, #1418, #2792, #3208 ),
 ( #3547, #2310, #4564, #975, #5346, #1329, #2338, #5319, #2764, #2253, #4012, #27, #1808, #3237, #1360, #4537, #542, #4097, #3123 ),
 ( #114, #4921, #4533, #4950, #4481, #1894, #3662, #5433, #2281, #1442, #4038, #53, #1840, #2820, #1566, #3806, #5459, #167, #2908 ) ),
 .UNSPECIFIED., .F., .F., .F.,
 ( 4, 3, 4 ),
 ( 4, 3, 3, 3, 3, 3, 4 ),
 ( -0.02734811694444261657, -0.01299038719762080941, 0.001367342549200996436 ),
 ( -0.03237359979703943735, -0.02828055761649524158, -0.02418751543595104581, -0.01600143107486265773, -0.007815346713774267914, -0.003722304533230073008, 0.0003707376473141215734 ),
 .UNSPECIFIED. ) ;
#1836 = UNCERTAINTY_MEASURE_WITH_UNIT (LENGTH_MEASURE( 1.000000000000000082E-05 ), #2244, 'distance_accuracy_value', 'NONE');
#1837 = CARTESIAN_POINT ( 'NONE',  ( 13.23201381833997381, 7.004814427849132663, -25.11857361062753924 ) ) ;
#1838 = CARTESIAN_POINT ( 'NONE',  ( 11.78061893396766813, 14.99999999999992895, -25.73066422110565199 ) ) ;
#1839 = VECTOR ( 'NONE', #1103, 1000.000000000000000 ) ;
#1840 = CARTESIAN_POINT ( 'NONE',  ( -15.13731584094761118, 7.004814425156713931, -24.01854711573651358 ) ) ;
#1841 = EDGE_LOOP ( 'NONE', ( #5139, #2273, #440, #3183 ) ) ;
#1842 = EDGE_CURVE ( 'NONE', #3620, #2683, #2813, .T. ) ;
#1843 = CARTESIAN_POINT ( 'NONE',  ( -16.06243041778980540, -15.79119993234651176, 21.01208546897102636 ) ) ;
#1844 = CARTESIAN_POINT ( 'NONE',  ( 2.158030781528762709, 15.24715843154272754, -22.81217135088082415 ) ) ;
#1845 = CARTESIAN_POINT ( 'NONE',  ( 10.16367619077224660, -19.38875661563039898, 23.92044230034676389 ) ) ;
#1846 = CARTESIAN_POINT ( 'NONE',  ( 25.10909282156290701, -19.66666666666664653, 5.785380015444567370 ) ) ;
#1847 = CARTESIAN_POINT ( 'NONE',  ( 5.203402771271317562, 14.99999999999993072, -25.10356548007340294 ) ) ;
#1848 = CARTESIAN_POINT ( 'NONE',  ( 27.49044597861076866, -4.370412079999190347, -1.401920075140880684 ) ) ;
#1849 = CARTESIAN_POINT ( 'NONE',  ( -11.07306929246310112, 10.03196220288330665, -23.84788672074688165 ) ) ;
#1850 = EDGE_CURVE ( 'NONE', #417, #3383, #1811, .T. ) ;
#1851 = CARTESIAN_POINT ( 'NONE',  ( -7.313123725132994579, -14.31237882634713898, -25.26243200842399261 ) ) ;
#1852 = CARTESIAN_POINT ( 'NONE',  ( 26.65643299138406164, 15.12357921577139841, -1.351099633717714354 ) ) ;
#1853 = DIRECTION ( 'NONE',  ( -0.8857850186026574590, 0.000000000000000000, -0.4640957884091275187 ) ) ;
#1854 = CARTESIAN_POINT ( 'NONE',  ( 4.628573982554339494, -7.000000000000015099, 9.480970566792420229 ) ) ;
#1855 = CARTESIAN_POINT ( 'NONE',  ( 23.03576741089733559, 9.848658725015743798, -9.571596106861070652 ) ) ;
#1856 = ORIENTED_EDGE ( 'NONE', *, *, #946, .T. ) ;
#1857 = CARTESIAN_POINT ( 'NONE',  ( -5.038175470074959250, -4.999999999999956479, 22.35354656602875068 ) ) ;
#1858 = CARTESIAN_POINT ( 'NONE',  ( -15.90840841903687775, -11.66674294106579346, 23.40869012978015462 ) ) ;
#1859 = CARTESIAN_POINT ( 'NONE',  ( -11.98517931975987771, -16.12433188191157285, 23.41475900465341908 ) ) ;
#1860 = CARTESIAN_POINT ( 'NONE',  ( -14.86043352225954628, 15.00000000000000178, -21.59205375934208249 ) ) ;
#1861 = ORIENTED_EDGE ( 'NONE', *, *, #723, .F. ) ;
#1862 = LINE ( 'NONE', #3628, #779 ) ;
#1863 = CARTESIAN_POINT ( 'NONE',  ( 7.544260346859614330, -19.66666666666670338, 24.63780225717728456 ) ) ;
#1864 = CARTESIAN_POINT ( 'NONE',  ( 6.188243717118141696, -9.243852716263047498, -24.16790234968269502 ) ) ;
#1865 = CARTESIAN_POINT ( 'NONE',  ( -23.09769934187114515, 58.99999999999990763, -10.57495240868053621 ) ) ;
#1866 = CARTESIAN_POINT ( 'NONE',  ( 26.12459848833442777, 15.37073764731419345, -2.134305722405808847 ) ) ;
#1867 = CARTESIAN_POINT ( 'NONE',  ( -17.53948993779713561, -11.97126603254640642, -17.75118674990206458 ) ) ;
#1868 = EDGE_LOOP ( 'NONE', ( #857, #1502, #3426, #3092 ) ) ;
#1869 = CARTESIAN_POINT ( 'NONE',  ( 28.38489992440813126, -5.313144936028838750, 0.7998858355109040863 ) ) ;
#1870 = CARTESIAN_POINT ( 'NONE',  ( 15.15539622234344108, -15.79119993234646913, -21.10275020287942738 ) ) ;
#1871 = CARTESIAN_POINT ( 'NONE',  ( 15.45463876103675993, -19.38875661563042740, -21.18132870201217699 ) ) ;
#1872 = CARTESIAN_POINT ( 'NONE',  ( 15.09950666624260762, 15.37073764731424852, 21.14260051510307648 ) ) ;
#1873 = CARTESIAN_POINT ( 'NONE',  ( -26.23430764805891613, -13.06256384282177940, 1.834518188330162891 ) ) ;
#1874 = CARTESIAN_POINT ( 'NONE',  ( 10.51397478259713480, 15.24715843154279682, -24.01051954258058529 ) ) ;
#1875 = LINE ( 'NONE', #925, #3671 ) ;
#1876 = CARTESIAN_POINT ( 'NONE',  ( 14.67069277414506878, 14.99999999999999822, 22.00648349703573814 ) ) ;
#1877 = PRODUCT_DEFINITION ( 'BİLİNMEY', '', #4345, #827 ) ;
#1878 = CARTESIAN_POINT ( 'NONE',  ( -16.21747583475349330, 12.57126346026121055, -23.30377303995520677 ) ) ;
#1879 = CARTESIAN_POINT ( 'NONE',  ( 26.28628703961384971, -17.52811469235784969, -1.095428683985517626 ) ) ;
#1880 = CARTESIAN_POINT ( 'NONE',  ( 17.75177367617799362, 9.969265139466781278, -17.53483500788964733 ) ) ;
#1881 = ORIENTED_EDGE ( 'NONE', *, *, #1014, .T. ) ;
#1882 = CARTESIAN_POINT ( 'NONE',  ( 12.30003177048247132, -4.999999999999888090, 22.94410579012975759 ) ) ;
#1883 = CARTESIAN_POINT ( 'NONE',  ( -16.48956069851046280, -15.66672226596011974, 22.99850494970230130 ) ) ;
#1884 = B_SPLINE_SURFACE_WITH_KNOTS ( 'NONE', 3, 3, ( 
 ( #916, #1023, #3121, #590 ),
 ( #4419, #4889, #5477, #425 ),
 ( #4610, #561, #2356, #4174 ),
 ( #2812, #2220, #2681, #4583 ) ),
 .UNSPECIFIED., .F., .F., .F.,
 ( 4, 4 ),
 ( 4, 4 ),
 ( -0.02540341184434353333, 0.000000000000000000 ),
 ( -0.1179999999999999938, 0.000000000000000000 ),
 .UNSPECIFIED. ) ;
#1885 = CARTESIAN_POINT ( 'NONE',  ( -2.826747158115700653, 12.57615341078837545, 24.79570764623896295 ) ) ;
#1886 = EDGE_CURVE ( 'NONE', #4908, #598, #5024, .T. ) ;
#1887 = CARTESIAN_POINT ( 'NONE',  ( -15.49131428508511199, -18.38117820633493693, -16.90948740586657095 ) ) ;
#1888 = EDGE_LOOP ( 'NONE', ( #817, #1321, #592, #3864 ) ) ;
#1889 = DIRECTION ( 'NONE',  ( 0.4162807922604081501, -2.203394744814503331E-15, 0.9092361090470654217 ) ) ;
#1890 = LINE ( 'NONE', #478, #2831 ) ;
#1891 = ADVANCED_FACE ( 'NONE', ( #3340 ), #5401, .F. ) ;
#1892 = CARTESIAN_POINT ( 'NONE',  ( 12.58424768405434868, 11.09855004577331172, -25.44899455968701929 ) ) ;
#1893 = DIRECTION ( 'NONE',  ( -0.09410831331850988413, -2.537836196336435816E-15, 0.9955619646030803294 ) ) ;
#1894 = CARTESIAN_POINT ( 'NONE',  ( -12.37061401676775141, -10.73313772783724396, -25.55511356655719979 ) ) ;
#1895 = VERTEX_POINT ( 'NONE', #2003 ) ;
#1896 = CARTESIAN_POINT ( 'NONE',  ( 26.15574816912918976, 8.038506652187361823, 2.662622857727250381 ) ) ;
#1897 = CARTESIAN_POINT ( 'NONE',  ( 6.758317853016189147, -17.37359979703936830, -21.90697925039422245 ) ) ;
#1898 = CARTESIAN_POINT ( 'NONE',  ( 10.24933494312800875, 15.24715843154279682, -24.38158565701238700 ) ) ;
#1899 = CARTESIAN_POINT ( 'NONE',  ( 15.49131428508524344, -18.38117820633490496, 16.90948740586657451 ) ) ;
#1900 = LINE ( 'NONE', #3667, #3690 ) ;
#1901 = CARTESIAN_POINT ( 'NONE',  ( 10.23037662907142220, 15.37073764731419345, -24.38954225976311463 ) ) ;
#1902 = AXIS2_PLACEMENT_3D ( 'NONE', #3934, #1163, #354 ) ;
#1903 = CARTESIAN_POINT ( 'NONE',  ( 0.5735789397330679495, -3.728470973525452425, -24.47275087473162714 ) ) ;
#1904 = CARTESIAN_POINT ( 'NONE',  ( 28.29283008756818418, -5.416705061991146763, 0.9632577353546125654 ) ) ;
#1905 = CARTESIAN_POINT ( 'NONE',  ( 2.905586100158650265, -18.89247903366133130, -24.34697945976503419 ) ) ;
#1906 = CARTESIAN_POINT ( 'NONE',  ( 17.11575444694164005, -19.99999999999993250, -22.54758103198499342 ) ) ;
#1907 = CARTESIAN_POINT ( 'NONE',  ( 25.66145546582367132, 10.77653696511448977, -5.728991102763251853 ) ) ;
#1908 = CARTESIAN_POINT ( 'NONE',  ( 28.26124213588394696, -13.46143468617548322, 2.521805973013786062 ) ) ;
#1909 = EDGE_LOOP ( 'NONE', ( #1754, #4766, #3372, #3566, #2951, #2786, #2836, #3478, #317, #2559 ) ) ;
#1910 = CARTESIAN_POINT ( 'NONE',  ( -15.95770161839215184, -14.99999999999999822, 21.09185401094025991 ) ) ;
#1911 = CARTESIAN_POINT ( 'NONE',  ( -25.86545857163426732, -14.99999999999999289, -2.445005701233978535 ) ) ;
#1912 = CARTESIAN_POINT ( 'NONE',  ( 15.05016633548384952, 15.00000000000004796, 21.17764135295201910 ) ) ;
#1913 = FACE_BOUND ( 'NONE', #4064, .T. ) ;
#1914 = FACE_OUTER_BOUND ( 'NONE', #2765, .T. ) ;
#1915 = VERTEX_POINT ( 'NONE', #3766 ) ;
#1916 = DIRECTION ( 'NONE',  ( 0.000000000000000000, -2.478176394252590410E-15, -1.000000000000000000 ) ) ;
#1917 = CIRCLE ( 'NONE', #4138, 2.099999999999999201 ) ;
#1918 = CARTESIAN_POINT ( 'NONE',  ( -10.42977133535740286, -19.99999999999999645, 1.591342167017214315 ) ) ;
#1919 = EDGE_CURVE ( 'NONE', #4184, #3883, #4745, .T. ) ;
#1920 = LINE ( 'NONE', #44, #1543 ) ;
#1921 = DIRECTION ( 'NONE',  ( 0.4640957884091279073, 2.276824562219559311E-15, -0.8857850186026572370 ) ) ;
#1922 = APPLICATION_CONTEXT ( 'automotive_design' ) ;
#1923 = CARTESIAN_POINT ( 'NONE',  ( -14.59186906425297714, -15.79119993234651176, 22.34854134810264270 ) ) ;
#1924 = VERTEX_POINT ( 'NONE', #1227 ) ;
#1925 = CARTESIAN_POINT ( 'NONE',  ( 28.38984317720461092, -2.332193616516868850, 0.2687216542641926997 ) ) ;
#1926 =( GEOMETRIC_REPRESENTATION_CONTEXT ( 3 ) GLOBAL_UNCERTAINTY_ASSIGNED_CONTEXT ( ( #307 ) ) GLOBAL_UNIT_ASSIGNED_CONTEXT ( ( #3247, #4167, #2510 ) ) REPRESENTATION_CONTEXT ( 'NONE', 'WORKASPACE' ) );
#1927 = CARTESIAN_POINT ( 'NONE',  ( 16.51591861707972697, -15.79119993234646913, -20.96675599062747608 ) ) ;
#1928 = CARTESIAN_POINT ( 'NONE',  ( 10.26829325718459351, 15.12357921577139841, -24.37362905426165227 ) ) ;
#1929 = CARTESIAN_POINT ( 'NONE',  ( -13.82672668679857964, -19.99999999999994316, -22.34248826703521473 ) ) ;
#1930 = B_SPLINE_SURFACE_WITH_KNOTS ( 'NONE', 3, 3, ( 
 ( #2885, #2858, #2911, #276, #2016, #4708, #1091, #2071, #2452, #4680, #4653, #173, #3746, #3780, #684, #5575, #631, #5516, #2503 ),
 ( #1176, #3837, #3375, #5600, #4624, #2474, #600, #200, #4212, #4243, #5063, #253, #714, #1958, #3721, #659, #226, #1599, #1536 ),
 ( #5487, #4268, #5549, #1569, #5142, #2044, #1504, #3325, #5091, #3292, #1631, #1061, #3350, #3809, #1144, #2939, #5173, #3401, #2970 ),
 ( #1693, #3431, #1299, #3460, #802, #5745, #3065, #5689, #853, #1326, #4738, #5203, #4768, #2133, #3034, #771, #1720, #308, #4301 ),
 ( #3492, #2159, #742, #1210, #2619, #3544, #394, #3005, #2100, #5262, #1780, #4388, #339, #3867, #4860, #5630, #2218, #2565, #2187 ),
 ( #1271, #2533, #4832, #5719, #3979, #1666, #4331, #3089, #3894, #5233, #5316, #4361, #2592, #5660, #2648, #1239, #367, #4800, #3921 ),
 ( #828, #3947, #1750, #3518, #5291, #4418, #423, #2704, #4975, #1416, #973, #2308, #4036, #2762, #482, #886, #1001, #4535, #24 ) ),
 .UNSPECIFIED., .F., .F., .F.,
 ( 4, 3, 4 ),
 ( 4, 3, 3, 3, 3, 3, 4 ),
 ( -0.02734811711631746772, -0.01299037287471375111, 0.001367371366889964194 ),
 ( -0.03539633502492604139, -0.03092545094089600710, -0.02645456685686596934, -0.01751279868880589730, -0.008571030520745823514, -0.004100146436715787490, 0.0003707376473142487503 ),
 .UNSPECIFIED. ) ;
#1931 = CARTESIAN_POINT ( 'NONE',  ( -23.61418378374577998, 0.5281198780735220089, -8.027690252606250354 ) ) ;
#1932 = CARTESIAN_POINT ( 'NONE',  ( -22.98972655269119869, 10.83469255204991910, 9.696631521282149890 ) ) ;
#1933 = CARTESIAN_POINT ( 'NONE',  ( 32.29865374360192476, 11.00000000000001421, 5.904105499531429047 ) ) ;
#1934 = LINE ( 'NONE', #1012, #1438 ) ;
#1935 = CARTESIAN_POINT ( 'NONE',  ( -2.088873614929967815, -17.30271434531151087, -24.88574787895119300 ) ) ;
#1936 = VECTOR ( 'NONE', #4133, 1000.000000000000000 ) ;
#1937 = CARTESIAN_POINT ( 'NONE',  ( 6.080318751659832266, -8.530661484180035004, -24.19732329281609395 ) ) ;
#1938 = DIRECTION ( 'NONE',  ( 0.000000000000000000, -2.478176394252582521E-15, 1.000000000000000000 ) ) ;
#1939 = DIRECTION ( 'NONE',  ( 1.003456252704766818E-16, -1.000000000000000000, -2.539663957332261757E-15 ) ) ;
#1940 = CARTESIAN_POINT ( 'NONE',  ( 28.32881386476641694, 9.734122677320584671, -1.612245502663431918 ) ) ;
#1941 = ORIENTED_EDGE ( 'NONE', *, *, #2554, .F. ) ;
#1942 = CARTESIAN_POINT ( 'NONE',  ( -15.64095387314054442, -10.37263841342399395, 23.69524303651962072 ) ) ;
#1943 = CARTESIAN_POINT ( 'NONE',  ( 27.15961947916029473, -7.661973633358479141, -0.7704962090151763476 ) ) ;
#1944 = CARTESIAN_POINT ( 'NONE',  ( -15.91194904257890741, 12.21120757262148615, -23.51362939454195811 ) ) ;
#1945 = CARTESIAN_POINT ( 'NONE',  ( -15.94609545626301994, -10.73313805554662537, 23.49082114722061121 ) ) ;
#1946 = FACE_BOUND ( 'NONE', #5074, .T. ) ;
#1947 = CARTESIAN_POINT ( 'NONE',  ( -9.293014608094889439, 59.00000000000003553, -20.38543120514403384 ) ) ;
#1948 = ORIENTED_EDGE ( 'NONE', *, *, #5077, .T. ) ;
#1949 = CARTESIAN_POINT ( 'NONE',  ( 4.628573982554341271, -20.00000000000001421, 9.480970566792386478 ) ) ;
#1950 = CONTEXT_DEPENDENT_SHAPE_REPRESENTATION ( #3481, #3688 ) ;
#1951 = LINE ( 'NONE', #678, #962 ) ;
#1952 = CARTESIAN_POINT ( 'NONE',  ( -25.84097318153079215, -16.58239986469297378, -2.702160361822627976 ) ) ;
#1953 = EDGE_CURVE ( 'NONE', #4605, #1266, #5677, .T. ) ;
#1954 = CARTESIAN_POINT ( 'NONE',  ( 25.86356654151169110, 15.12357921577139841, -2.465089167498354161 ) ) ;
#1955 = CARTESIAN_POINT ( 'NONE',  ( -10.02320922712878293, 14.99999999999999822, 24.73721612358442457 ) ) ;
#1956 = ORIENTED_EDGE ( 'NONE', *, *, #480, .T. ) ;
#1957 = CARTESIAN_POINT ( 'NONE',  ( 24.09868103270797235, 10.95536773230796435, 6.467114221357010528 ) ) ;
#1958 = CARTESIAN_POINT ( 'NONE',  ( 10.77200650688687311, 8.038507064140901548, 23.98285229659212803 ) ) ;
#1959 = CARTESIAN_POINT ( 'NONE',  ( 15.31822089824020239, -18.38117820633491561, -21.27562190062307934 ) ) ;
#1960 = CARTESIAN_POINT ( 'NONE',  ( 14.70477079946733312, 15.24715843154283057, 21.98365660337815086 ) ) ;
#1961 = DIRECTION ( 'NONE',  ( 2.431842714196039700E-16, -1.000000000000000000, -2.486656477032805712E-15 ) ) ;
#1962 = CARTESIAN_POINT ( 'NONE',  ( 18.65526374753386918, -15.00000000000000711, -13.30342566822339379 ) ) ;
#1963 = CARTESIAN_POINT ( 'NONE',  ( 17.44715481301197002, -15.73164605194168253, 17.71446512243696603 ) ) ;
#1964 = CARTESIAN_POINT ( 'NONE',  ( -11.88995288478656143, 15.48687194828888103, -23.46118446620654652 ) ) ;
#1965 = CARTESIAN_POINT ( 'NONE',  ( 3.328902000964863994, 9.345019728627590894, -24.72538898170866162 ) ) ;
#1966 = CARTESIAN_POINT ( 'NONE',  ( 3.090480635230675120E-15, -7.000000000000039968, 19.49999999999998224 ) ) ;
#1967 = CARTESIAN_POINT ( 'NONE',  ( -15.77374052598028165, -11.27556565440045411, 23.60567062483552903 ) ) ;
#1968 = CARTESIAN_POINT ( 'NONE',  ( 26.25897163505993603, -16.12396333656029412, -1.353300786872682959 ) ) ;
#1969 = ORIENTED_EDGE ( 'NONE', *, *, #626, .T. ) ;
#1970 = CARTESIAN_POINT ( 'NONE',  ( -12.75566294643549803, 5.000000000000050626, 22.95940736027072759 ) ) ;
#1971 = CARTESIAN_POINT ( 'NONE',  ( 20.70702710066438001, -59.00000000000110845, 14.71571819469523845 ) ) ;
#1972 = DIRECTION ( 'NONE',  ( -0.8151277957285515408, 1.729938022788348525E-14, -0.5792811723426827264 ) ) ;
#1973 = FACE_BOUND ( 'NONE', #1170, .T. ) ;
#1974 = CARTESIAN_POINT ( 'NONE',  ( -10.16579580649394643, -15.79119993234649044, -24.41649992328704499 ) ) ;
#1975 = ORIENTED_EDGE ( 'NONE', *, *, #4475, .T. ) ;
#1976 = CARTESIAN_POINT ( 'NONE',  ( -5.759246651849371901, 14.99999999999992362, -24.06495001830897351 ) ) ;
#1977 = CARTESIAN_POINT ( 'NONE',  ( 0.000000000000000000, 0.000000000000000000, 0.000000000000000000 ) ) ;
#1978 = CARTESIAN_POINT ( 'NONE',  ( -13.31220937457512932, -5.416705061991889281, -24.98393846846807165 ) ) ;
#1979 = CARTESIAN_POINT ( 'NONE',  ( 16.45357597694918184, 14.18920548199161402, 23.13618711299183772 ) ) ;
#1980 = CARTESIAN_POINT ( 'NONE',  ( -26.05295279591683055, 15.12357921577137354, 2.879661908893881517 ) ) ;
#1981 = CARTESIAN_POINT ( 'NONE',  ( 23.09769934187114515, -59.00000000000026290, -10.57495240868048825 ) ) ;
#1982 = ORIENTED_EDGE ( 'NONE', *, *, #445, .T. ) ;
#1983 = CARTESIAN_POINT ( 'NONE',  ( 28.32995945548294259, -11.27556609428168422, 1.857656001196076767 ) ) ;
#1984 = CARTESIAN_POINT ( 'NONE',  ( 17.49242488814277507, -15.00000000000003197, 17.68055711769837757 ) ) ;
#1985 = CARTESIAN_POINT ( 'NONE',  ( 14.48095599347563045, 14.99999999999999822, 22.42090456907762430 ) ) ;
#1986 = CARTESIAN_POINT ( 'NONE',  ( -22.68569003217955071, -15.85705158027962369, -10.42478200214758211 ) ) ;
#1987 = CARTESIAN_POINT ( 'NONE',  ( 4.628573982554340382, -15.00000000000001776, 11.58097056679240033 ) ) ;
#1988 = CARTESIAN_POINT ( 'NONE',  ( 13.72016259612898992, -4.999999999999913847, -22.12419287565826664 ) ) ;
#1989 = PRESENTATION_STYLE_ASSIGNMENT (( #2320 ) ) ;
#1990 = ADVANCED_FACE ( 'NONE', ( #3882 ), #4757, .T. ) ;
#1991 = CARTESIAN_POINT ( 'NONE',  ( -2.362587221981760965, 15.36340745319744983, -24.38710948499969788 ) ) ;
#1992 = CARTESIAN_POINT ( 'NONE',  ( 16.68363709459151423, -20.00000000000004263, 18.58781027780974071 ) ) ;
#1993 = CARTESIAN_POINT ( 'NONE',  ( 28.41863755542902226, -4.370412079999185906, -3.173490112346196046 ) ) ;
#1994 = CARTESIAN_POINT ( 'NONE',  ( 28.25616337483187834, 15.19188441968004000, -2.576857751497820814 ) ) ;
#1995 = ORIENTED_EDGE ( 'NONE', *, *, #5222, .F. ) ;
#1996 = CARTESIAN_POINT ( 'NONE',  ( -13.66846078075681881, 5.000000000000050626, 22.99289565450828476 ) ) ;
#1997 = CARTESIAN_POINT ( 'NONE',  ( 26.74855409212978330, -4.999999999999870326, -0.3406890431005497044 ) ) ;
#1998 = AXIS2_PLACEMENT_3D ( 'NONE', #20, #476, #4998 ) ;
#1999 = CARTESIAN_POINT ( 'NONE',  ( 1.374093563344263025, 15.00000000000004974, 24.47941186013665416 ) ) ;
#2000 = CARTESIAN_POINT ( 'NONE',  ( 15.05016633548392946, 15.00000000000004796, 21.17764135295195871 ) ) ;
#2001 = VECTOR ( 'NONE', #3148, 1000.000000000000000 ) ;
#2002 = CARTESIAN_POINT ( 'NONE',  ( 15.99356636839395840, -12.76621769485985602, -23.45854225046959485 ) ) ;
#2003 = CARTESIAN_POINT ( 'NONE',  ( 25.93365037332254985, -9.619759798110139926, 1.569419589476463317 ) ) ;
#2004 = ORIENTED_EDGE ( 'NONE', *, *, #5109, .F. ) ;
#2005 = CARTESIAN_POINT ( 'NONE',  ( -13.00779398670730735, 59.00000000000000711, 18.24070233092210458 ) ) ;
#2006 = DIRECTION ( 'NONE',  ( 0.000000000000000000, 0.000000000000000000, 1.000000000000000000 ) ) ;
#2007 = CARTESIAN_POINT ( 'NONE',  ( 31.03358605302140916, 11.00000000000000000, 0.4544630784956652514 ) ) ;
#2008 = CARTESIAN_POINT ( 'NONE',  ( -14.09181621863033662, -17.52811461019451045, -22.21687308307222963 ) ) ;
#2009 = CARTESIAN_POINT ( 'NONE',  ( 16.27186877224934847, -17.37359979703941093, -20.85255051796692882 ) ) ;
#2010 = AXIS2_PLACEMENT_3D ( 'NONE', #1949, #1559, #1589 ) ;
#2011 = CARTESIAN_POINT ( 'NONE',  ( -20.76040614464049483, -16.58239986469297378, -9.715206618169061059 ) ) ;
#2012 = CARTESIAN_POINT ( 'NONE',  ( 26.30538026640021698, -20.39633502492596762, 4.585706633236647178 ) ) ;
#2013 = FACE_OUTER_BOUND ( 'NONE', #1139, .T. ) ;
#2014 = VERTEX_POINT ( 'NONE', #3019 ) ;
#2015 = CARTESIAN_POINT ( 'NONE',  ( 20.31873142301512658, 15.30324107179028736, 14.50374432601718766 ) ) ;
#2016 = CARTESIAN_POINT ( 'NONE',  ( 12.07985400041896185, -14.25799503277167624, 25.69255169865192912 ) ) ;
#2017 = CARTESIAN_POINT ( 'NONE',  ( -12.12089894215909602, -58.99999999999997868, -16.99701808108647683 ) ) ;
#2018 = CARTESIAN_POINT ( 'NONE',  ( -20.52436178290043145, -8.470239257454412751, -13.35421405132855099 ) ) ;
#2019 = CARTESIAN_POINT ( 'NONE',  ( 28.17371833870866027, 14.99999999999999289, -2.663016841432832571 ) ) ;
#2020 = CARTESIAN_POINT ( 'NONE',  ( 18.89128609632250644, -1.990092100502484085, 16.12785461724620006 ) ) ;
#2021 = EDGE_CURVE ( 'NONE', #4908, #4605, #1332, .T. ) ;
#2022 = CARTESIAN_POINT ( 'NONE',  ( 3.790619063517760789, 6.365692296872164313, -24.65270023626294105 ) ) ;
#2023 = PRESENTATION_STYLE_ASSIGNMENT (( #4222 ) ) ;
#2024 = CARTESIAN_POINT ( 'NONE',  ( 1.705875629598102802E-15, -16.99999999999998934, -4.317428727464842935E-14 ) ) ;
#2025 = CARTESIAN_POINT ( 'NONE',  ( -14.48096271162319404, -14.99999999999999822, 22.42088989536997090 ) ) ;
#2026 = EDGE_CURVE ( 'NONE', #4142, #457, #5648, .T. ) ;
#2027 = ORIENTED_EDGE ( 'NONE', *, *, #366, .F. ) ;
#2028 = CARTESIAN_POINT ( 'NONE',  ( -15.03081451089846787, -6.278743378544793252, 24.09089295034436518 ) ) ;
#2029 = CARTESIAN_POINT ( 'NONE',  ( 1.505184379057149241E-15, -14.99999999999998934, -3.809495935998389637E-14 ) ) ;
#2030 = CARTESIAN_POINT ( 'NONE',  ( 3.566643418895042661, 15.00000000000004974, 24.27189943329518229 ) ) ;
#2031 = DIRECTION ( 'NONE',  ( 1.003456252704766818E-16, -1.000000000000000000, -2.539663957332261757E-15 ) ) ;
#2032 = CARTESIAN_POINT ( 'NONE',  ( 25.10909288975687303, 19.66666666666631613, -5.785380019039377153 ) ) ;
#2033 = DIRECTION ( 'NONE',  ( 0.000000000000000000, -3.304235192336773934E-15, 1.000000000000000000 ) ) ;
#2034 = EDGE_LOOP ( 'NONE', ( #4964, #2522, #2004, #427, #5547, #3455 ) ) ;
#2035 = DIRECTION ( 'NONE',  ( 0.5792811723426853909, 2.203394744814503331E-15, 0.8151277957285496534 ) ) ;
#2036 = APPLICATION_PROTOCOL_DEFINITION ( 'draft international standard', 'automotive_design', 1998, #1922 ) ;
#2037 = CARTESIAN_POINT ( 'NONE',  ( 12.43579907960767272, -19.99999999999995026, -23.14554069546950643 ) ) ;
#2038 = CARTESIAN_POINT ( 'NONE',  ( 12.91546500765287675, -9.008014350677282067, 25.28285634111152902 ) ) ;
#2039 = CARTESIAN_POINT ( 'NONE',  ( -18.67690451458202361, 15.24715843154273820, -13.27499515439306776 ) ) ;
#2040 = CARTESIAN_POINT ( 'NONE',  ( 26.19477286838237973, -17.37359979703941093, 3.665576464831233672 ) ) ;
#2041 = CARTESIAN_POINT ( 'NONE',  ( 32.29865374360192476, 15.00000000000001243, 4.504105499531422474 ) ) ;
#2042 = ORIENTED_EDGE ( 'NONE', *, *, #340, .F. ) ;
#2043 = CARTESIAN_POINT ( 'NONE',  ( 14.11505449944640489, 0.2870930552145299908, 24.63944009318772999 ) ) ;
#2044 = CARTESIAN_POINT ( 'NONE',  ( 2.779412506084905310, -12.87887735184332882, 24.80207058923504704 ) ) ;
#2045 = CARTESIAN_POINT ( 'NONE',  ( -25.46355895374336242, -17.00000000000000355, 3.024005545363439129 ) ) ;
#2046 = LINE ( 'NONE', #2887, #5545 ) ;
#2047 = CARTESIAN_POINT ( 'NONE',  ( -2.175751746900420169, 15.12357921577140552, 22.80990825232789732 ) ) ;
#2048 = ADVANCED_FACE ( 'NONE', ( #4259 ), #758, .T. ) ;
#2049 = CARTESIAN_POINT ( 'NONE',  ( 8.568017271699000403, 6.306380344334190369, -24.85250744981861004 ) ) ;
#2050 = CARTESIAN_POINT ( 'NONE',  ( -11.60489468537928381, -15.79119993234646913, -23.76624189446935986 ) ) ;
#2051 = FACE_OUTER_BOUND ( 'NONE', #5249, .T. ) ;
#2052 = CARTESIAN_POINT ( 'NONE',  ( -13.72016259612882472, -4.999999999999907629, 22.12419287565834836 ) ) ;
#2053 = EDGE_LOOP ( 'NONE', ( #1747, #976, #4318, #3251 ) ) ;
#2054 = CARTESIAN_POINT ( 'NONE',  ( -17.75779628501295448, 9.969337112693377634, 17.52573526527118730 ) ) ;
#2055 = CARTESIAN_POINT ( 'NONE',  ( -26.94634354765208073, -19.66666666666669272, -6.208700502194049342 ) ) ;
#2056 = CARTESIAN_POINT ( 'NONE',  ( -2.390672241206766468, -59.00000000000000000, 25.29067060337580131 ) ) ;
#2057 = LINE ( 'NONE', #4200, #1819 ) ;
#2058 = CARTESIAN_POINT ( 'NONE',  ( -11.26904183724805897, -15.00000000000000000, -23.66553901987645503 ) ) ;
#2059 = LINE ( 'NONE', #291, #4807 ) ;
#2060 = CARTESIAN_POINT ( 'NONE',  ( 18.07967304871893077, -13.15698847606826583, -19.09906280515379606 ) ) ;
#2061 = ORIENTED_EDGE ( 'NONE', *, *, #2064, .T. ) ;
#2062 = CARTESIAN_POINT ( 'NONE',  ( 19.23675979788736967, 14.99999999999996092, -15.22475352365111334 ) ) ;
#2063 = PLANE ( 'NONE',  #2738 ) ;
#2064 = EDGE_CURVE ( 'NONE', #301, #5418, #3023, .T. ) ;
#2065 = EDGE_CURVE ( 'NONE', #2562, #3935, #4784, .T. ) ;
#2066 = CARTESIAN_POINT ( 'NONE',  ( 11.70440440293519657, 15.12357921577138065, -23.71748205483924821 ) ) ;
#2067 = CARTESIAN_POINT ( 'NONE',  ( -20.80457130222345796, -15.79119993234649044, -9.609713051860232724 ) ) ;
#2068 = CARTESIAN_POINT ( 'NONE',  ( -25.82873048647905634, -17.37359979703954593, -2.830737692116964244 ) ) ;
#2069 = ORIENTED_EDGE ( 'NONE', *, *, #2210, .F. ) ;
#2070 = CARTESIAN_POINT ( 'NONE',  ( 11.00678448554457312, -19.07985262852703556, 26.17795280140776626 ) ) ;
#2071 = CARTESIAN_POINT ( 'NONE',  ( 13.03082407843658963, -8.294262448850011182, 25.22966799000559845 ) ) ;
#2072 = CARTESIAN_POINT ( 'NONE',  ( 18.72454127710165039, -15.79119993234647268, -13.21243073663998935 ) ) ;
#2073 = CARTESIAN_POINT ( 'NONE',  ( 28.41863755542901870, 15.00000000000001954, -3.173490112346143199 ) ) ;
#2074 = CARTESIAN_POINT ( 'NONE',  ( -20.27329092461601689, -11.44951450496938428, -13.73814044950956692 ) ) ;
#2075 = DIRECTION ( 'NONE',  ( -4.064784181921418638E-16, 1.000000000000000000, -2.538572003884065318E-15 ) ) ;
#2076 = CARTESIAN_POINT ( 'NONE',  ( 11.15136977377865612, -15.79119993234651176, 23.72128881373538078 ) ) ;
#2077 = CARTESIAN_POINT ( 'NONE',  ( -21.52285620492537888, 58.99999999999993605, -9.853932926270505988 ) ) ;
#2078 = CARTESIAN_POINT ( 'NONE',  ( -16.39309940474103655, 14.99999999999992717, -23.06764737967273859 ) ) ;
#2079 = CARTESIAN_POINT ( 'NONE',  ( -21.87782692589679101, -4.999999999999948486, 6.813585337205807058 ) ) ;
#2080 = EDGE_LOOP ( 'NONE', ( #4471, #2097, #1856, #2875 ) ) ;
#2081 = CARTESIAN_POINT ( 'NONE',  ( -24.14273195214957823, -11.97126627830907708, 6.314033227916955759 ) ) ;
#2082 = CARTESIAN_POINT ( 'NONE',  ( 26.04846701343369730, 15.37073764731425030, -2.920130641575568564 ) ) ;
#2083 = CARTESIAN_POINT ( 'NONE',  ( -0.8246162924849089748, -19.66666666666676733, 24.35002165774373495 ) ) ;
#2084 = DIRECTION ( 'NONE',  ( 0.8857850186026570150, 0.000000000000000000, 0.4640957884091284069 ) ) ;
#2085 = CARTESIAN_POINT ( 'NONE',  ( -12.30003177048230789, -4.999999999999894307, -22.94410579012986062 ) ) ;
#2086 = CARTESIAN_POINT ( 'NONE',  ( 10.42977133533006651, -19.99999999999998224, -1.591342166965993066 ) ) ;
#2087 = DIRECTION ( 'NONE',  ( -0.8857850186026573480, 1.089762695025457616E-15, -0.4640957884091279628 ) ) ;
#2088 = ORIENTED_EDGE ( 'NONE', *, *, #2944, .T. ) ;
#2089 = CARTESIAN_POINT ( 'NONE',  ( 10.42977133533006473, -6.999999999999982236, -3.691342166965958960 ) ) ;
#2090 = CARTESIAN_POINT ( 'NONE',  ( -13.58585800383140629, -3.666651200642026875, -24.83562028667789434 ) ) ;
#2091 = VECTOR ( 'NONE', #5231, 1000.000000000000000 ) ;
#2092 = CARTESIAN_POINT ( 'NONE',  ( 16.05215616543232215, 11.45883944671760979, 23.41615609661018738 ) ) ;
#2093 = CARTESIAN_POINT ( 'NONE',  ( -26.05295279591683055, 15.12357921577137354, 2.879661908893881517 ) ) ;
#2094 = ORIENTED_EDGE ( 'NONE', *, *, #3868, .T. ) ;
#2095 = CARTESIAN_POINT ( 'NONE',  ( 25.85321587658251730, -15.79119993234646913, 2.573583031528481335 ) ) ;
#2096 = CARTESIAN_POINT ( 'NONE',  ( -26.39676015040102186, -16.58239986469303062, -3.951438007505525540 ) ) ;
#2097 = ORIENTED_EDGE ( 'NONE', *, *, #2143, .T. ) ;
#2098 = ADVANCED_FACE ( 'NONE', ( #2958 ), #1406, .F. ) ;
#2099 = CARTESIAN_POINT ( 'NONE',  ( 15.24835311759756529, 7.739528667361935454, 23.94963791171289103 ) ) ;
#2100 = CARTESIAN_POINT ( 'NONE',  ( -5.625345757577749239, -5.551438797485697130, 24.30230503820496324 ) ) ;
#2101 = CARTESIAN_POINT ( 'NONE',  ( 15.36585599606302921, -17.37359979703940382, -20.95296790273392773 ) ) ;
#2102 = DIRECTION ( 'NONE',  ( -0.4640957884091279073, 0.000000000000000000, 0.8857850186026572370 ) ) ;
#2103 = CARTESIAN_POINT ( 'NONE',  ( -22.30115773733881568, 15.36340768954697467, -10.14747707710107782 ) ) ;
#2104 = CARTESIAN_POINT ( 'NONE',  ( -28.37822097093001616, 4.637156542520609825, 0.9748770411548662862 ) ) ;
#2105 = CARTESIAN_POINT ( 'NONE',  ( 13.66936029312872236, -4.999999999999877431, 22.99458423316603373 ) ) ;
#2106 = LINE ( 'NONE', #5636, #3227 ) ;
#2107 = CARTESIAN_POINT ( 'NONE',  ( 26.45438093980683547, 5.000000000000055955, -1.623320520336027251 ) ) ;
#2108 = CARTESIAN_POINT ( 'NONE',  ( 17.11071240074755551, -17.00000000000005684, 27.02801363657532008 ) ) ;
#2109 = CARTESIAN_POINT ( 'NONE',  ( -24.12248508418986503, -11.50983870017583044, 6.383468065796203739 ) ) ;
#2110 = CARTESIAN_POINT ( 'NONE',  ( -15.07467587842965884, -16.58239986469302352, 21.44397030214962641 ) ) ;
#2111 = CARTESIAN_POINT ( 'NONE',  ( -22.96748011436061532, 11.21237693538630609, 9.751594253697023262 ) ) ;
#2112 = CARTESIAN_POINT ( 'NONE',  ( 15.06661311240350010, 15.12357921577141440, 21.16596107366900625 ) ) ;
#2113 = COLOUR_RGB ( '',0.7921568627450980005, 0.8196078431372548767, 0.9333333333333333481 ) ;
#2114 = DIRECTION ( 'NONE',  ( 0.4640957884091247987, -2.032228552106831483E-15, -0.8857850186026590134 ) ) ;
#2115 = CARTESIAN_POINT ( 'NONE',  ( -6.445525135413880946, 15.12357921577139308, -21.98818156607047314 ) ) ;
#2116 = CIRCLE ( 'NONE', #67, 1.399999999999995914 ) ;
#2117 = CARTESIAN_POINT ( 'NONE',  ( 24.36519514838638401, -17.46487962856039289, -5.481219511309643799 ) ) ;
#2118 = CARTESIAN_POINT ( 'NONE',  ( 14.49576390315517394, -5.000000000000047962, 23.40006044573353350 ) ) ;
#2119 = ORIENTED_EDGE ( 'NONE', *, *, #5701, .F. ) ;
#2120 = CARTESIAN_POINT ( 'NONE',  ( -26.94634354765208073, -19.66666666666669272, -6.208700502194049342 ) ) ;
#2121 = CARTESIAN_POINT ( 'NONE',  ( 9.149313482904549488, -19.66666666666673891, -20.77033630538867470 ) ) ;
#2122 = SHAPE_REPRESENTATION ( 'NAMLU_AGIZLIK_1', ( #2313 ), #2403 ) ;
#2123 = AXIS2_PLACEMENT_3D ( 'NONE', #2041, #2471, #5059 ) ;
#2124 = CARTESIAN_POINT ( 'NONE',  ( 9.828907720724874508, 1.848236111529683701, 24.38232416986092588 ) ) ;
#2125 = CARTESIAN_POINT ( 'NONE',  ( -26.07089568420734693, -19.38875661563048070, -2.793435331018048640 ) ) ;
#2126 = DIRECTION ( 'NONE',  ( 0.000000000000000000, 2.478176394252584099E-15, 1.000000000000000000 ) ) ;
#2127 = ORIENTED_EDGE ( 'NONE', *, *, #3596, .T. ) ;
#2128 = CARTESIAN_POINT ( 'NONE',  ( 22.29062726556538721, -15.79119993234645491, -5.319678214874797639 ) ) ;
#2129 = CARTESIAN_POINT ( 'NONE',  ( -26.24493219558303281, -15.00000000000000000, -3.273847982069574503 ) ) ;
#2130 = ORIENTED_EDGE ( 'NONE', *, *, #1014, .F. ) ;
#2131 = CARTESIAN_POINT ( 'NONE',  ( 22.09956503877656431, 12.38465673337677586, 10.55984961550098866 ) ) ;
#2132 = EDGE_CURVE ( 'NONE', #2153, #1141, #3759, .T. ) ;
#2133 = CARTESIAN_POINT ( 'NONE',  ( 1.217562606328353336, 7.915773396644381066, 24.45254858516057084 ) ) ;
#2134 = CARTESIAN_POINT ( 'NONE',  ( 11.85635700832958506, -14.53427284168952660, 25.69672424150855150 ) ) ;
#2135 = CARTESIAN_POINT ( 'NONE',  ( -21.46022255754785846, 3.446875050101177784, -11.77778872197560744 ) ) ;
#2136 = CARTESIAN_POINT ( 'NONE',  ( -28.34115925927242685, -10.37263841543422416, -1.697842018064663616 ) ) ;
#2137 = CARTESIAN_POINT ( 'NONE',  ( -6.648327505879167099, -16.58239986469300575, 21.93553391805074426 ) ) ;
#2138 = CARTESIAN_POINT ( 'NONE',  ( 26.64311438260851972, -16.58239986469298088, 1.594911248400482595 ) ) ;
#2139 = CARTESIAN_POINT ( 'NONE',  ( -14.78130762879777649, 12.50793560084131606, 21.74990363913873637 ) ) ;
#2140 = CARTESIAN_POINT ( 'NONE',  ( -22.29062726556534813, -15.79119993234650465, 5.319678214874935307 ) ) ;
#2141 = CARTESIAN_POINT ( 'NONE',  ( -21.97189363857126310, -10.54720877893808684, 10.81228227460568370 ) ) ;
#2142 = CARTESIAN_POINT ( 'NONE',  ( 25.86356654151168755, 15.12357921577141617, -2.465089167498356826 ) ) ;
#2143 = EDGE_CURVE ( 'NONE', #5284, #2472, #1520, .T. ) ;
#2144 = CARTESIAN_POINT ( 'NONE',  ( 35.37532167764070579, 23.00000000000008527, 32.35281273492680754 ) ) ;
#2145 = CARTESIAN_POINT ( 'NONE',  ( 12.29926402927499396, 5.000000000000047073, -22.94266321315185309 ) ) ;
#2146 = CARTESIAN_POINT ( 'NONE',  ( 20.31987162397173918, 10.89503024680378296, -13.66657890666460062 ) ) ;
#2147 = CARTESIAN_POINT ( 'NONE',  ( 15.64106589160481775, -10.37269362420836494, -23.69502548942680065 ) ) ;
#2148 = ORIENTED_EDGE ( 'NONE', *, *, #130, .F. ) ;
#2149 = FACE_OUTER_BOUND ( 'NONE', #101, .T. ) ;
#2150 = CARTESIAN_POINT ( 'NONE',  ( 24.70600350543763568, -16.99999999999997868, -4.735352043307738512 ) ) ;
#2151 = CARTESIAN_POINT ( 'NONE',  ( 1.943085795322187392, 12.63643398231583781, 24.41625083392849049 ) ) ;
#2152 = CARTESIAN_POINT ( 'NONE',  ( -26.50578088913097474, -4.999999999999874767, -0.04615696825160280764 ) ) ;
#2153 = VERTEX_POINT ( 'NONE', #3677 ) ;
#2154 = CARTESIAN_POINT ( 'NONE',  ( 22.35115947752808552, -17.37359979703938251, -5.100614677635143757 ) ) ;
#2155 = CARTESIAN_POINT ( 'NONE',  ( 12.30270156018864292, -16.99999999999993250, -23.32921763960548489 ) ) ;
#2156 = CARTESIAN_POINT ( 'NONE',  ( 4.628573982554340382, -15.00000000000000888, 7.380970566792398380 ) ) ;
#2157 = CIRCLE ( 'NONE', #2895, 19.50000000000000000 ) ;
#2158 = DIRECTION ( 'NONE',  ( -0.8151277957285530951, -1.729938022788194224E-14, 0.5792811723426805059 ) ) ;
#2159 = CARTESIAN_POINT ( 'NONE',  ( -7.661097826752924611, -18.95243102905478949, 23.77975300655947066 ) ) ;
#2160 = CARTESIAN_POINT ( 'NONE',  ( 28.41863755542901870, 15.00000000000001954, -3.173490112346143199 ) ) ;
#2161 = CARTESIAN_POINT ( 'NONE',  ( -18.54462608491938980, -2.572180279997879015, -16.67447744060401504 ) ) ;
#2162 = CARTESIAN_POINT ( 'NONE',  ( -25.52716843681401926, -14.52123601170877087, -6.331594815698061041 ) ) ;
#2163 = CARTESIAN_POINT ( 'NONE',  ( 12.30003177048247132, -4.999999999999888090, 22.94410579012975759 ) ) ;
#2164 = ADVANCED_FACE ( 'NONE', ( #5444 ), #4007, .T. ) ;
#2165 = CARTESIAN_POINT ( 'NONE',  ( 26.05070729699792409, 15.24715843154283235, -2.899890566943138293 ) ) ;
#2166 = CARTESIAN_POINT ( 'NONE',  ( -17.32298409851321352, 13.93601188783943634, 17.97001201102102286 ) ) ;
#2167 = CARTESIAN_POINT ( 'NONE',  ( -18.72454127710155092, -15.79119993234651176, 13.21243073664012790 ) ) ;
#2168 = CARTESIAN_POINT ( 'NONE',  ( -23.04799450305484498, 9.848597883637733474, 9.553194428106735359 ) ) ;
#2169 = CARTESIAN_POINT ( 'NONE',  ( 25.86545857163425310, 15.00000000000000000, -2.445005701234163720 ) ) ;
#2170 = EDGE_CURVE ( 'NONE', #3824, #2960, #3527, .T. ) ;
#2171 = CARTESIAN_POINT ( 'NONE',  ( -16.19535697498299953, -59.00000000000000711, 15.48019180691231433 ) ) ;
#2172 = CARTESIAN_POINT ( 'NONE',  ( 10.81529223615049951, 14.99999999999996803, -23.62264705418633426 ) ) ;
#2173 = CARTESIAN_POINT ( 'NONE',  ( -3.627278284200612379, -4.999999999999947597, -22.62439646867423093 ) ) ;
#2174 = CARTESIAN_POINT ( 'NONE',  ( 24.30571229505341080, -15.97732183007031459, -5.707147127722189239 ) ) ;
#2175 = CARTESIAN_POINT ( 'NONE',  ( 45.58542902264171204, 23.00000000000003197, 10.06554232566845641 ) ) ;
#2176 = VERTEX_POINT ( 'NONE', #5 ) ;
#2177 = CARTESIAN_POINT ( 'NONE',  ( 10.81529223615082635, -15.00000000000002309, 23.62264705418618149 ) ) ;
#2178 = DIRECTION ( 'NONE',  ( -0.8151277957285530951, -1.729938022788194224E-14, 0.5792811723426805059 ) ) ;
#2179 = B_SPLINE_CURVE_WITH_KNOTS ( 'NONE', 3,
 ( #2430, #1508, #3669, #149 ),
 .UNSPECIFIED., .F., .F.,
 ( 4, 4 ),
 ( -0.02999999999999999889, 0.000000000000000000 ),
 .UNSPECIFIED. ) ;
#2180 = CARTESIAN_POINT ( 'NONE',  ( -2.670546396545341761, -17.36276577809254462, 24.36440766265126001 ) ) ;
#2181 = CARTESIAN_POINT ( 'NONE',  ( -26.45439294182454759, 5.000000000000060396, 1.623342646890278962 ) ) ;
#2182 = ORIENTED_EDGE ( 'NONE', *, *, #4474, .T. ) ;
#2183 = CARTESIAN_POINT ( 'NONE',  ( 26.65423050247017045, 15.37073764731419345, -1.392404967163956897 ) ) ;
#2184 = CARTESIAN_POINT ( 'NONE',  ( -26.04071544404809657, -15.79119993234651531, -2.989006542684355505 ) ) ;
#2185 = VERTEX_POINT ( 'NONE', #63 ) ;
#2186 = CARTESIAN_POINT ( 'NONE',  ( -2.390672241206786452, 59.00000000000012790, -25.29067060337577999 ) ) ;
#2187 = CARTESIAN_POINT ( 'NONE',  ( -2.401232923108839401, 15.30324122131325204, 24.84840855553200356 ) ) ;
#2188 = DIRECTION ( 'NONE',  ( -0.8857850186026573480, 1.089762695025457616E-15, -0.4640957884091279628 ) ) ;
#2189 = CARTESIAN_POINT ( 'NONE',  ( -23.08932272809936492, -9.123070729155045910, -9.447143449436541829 ) ) ;
#2190 = ORIENTED_EDGE ( 'NONE', *, *, #1591, .T. ) ;
#2191 = CARTESIAN_POINT ( 'NONE',  ( -2.390672241206771353, 59.00000000000000000, -25.29067060337579065 ) ) ;
#2192 = B_SPLINE_CURVE_WITH_KNOTS ( 'NONE', 3,
 ( #1838, #2362, #2278, #52, #3606, #5376, #4563, #1386 ),
 .UNSPECIFIED., .F., .F.,
 ( 4, 2, 2, 4 ),
 ( 0.000000000000000000, 0.01777437052679076146, 0.02666155579018614219, 0.03554874105358152986 ),
 .UNSPECIFIED. ) ;
#2193 = CARTESIAN_POINT ( 'NONE',  ( 11.58239856668583201, 5.000000000000047073, -24.11140753965766237 ) ) ;
#2194 = CARTESIAN_POINT ( 'NONE',  ( 26.42877286821553895, 15.24715843154283235, -3.729326433304314570 ) ) ;
#2195 = CARTESIAN_POINT ( 'NONE',  ( -23.41068696602812693, 3.386371529868017927, 8.606551833355302605 ) ) ;
#2197 = CARTESIAN_POINT ( 'NONE',  ( -26.65424737709374270, 15.37073764731418812, 1.392381329438993731 ) ) ;
#2196 = AXIS2_PLACEMENT_3D ( 'NONE', #5280, #5650, #1165 ) ;
#2198 = CARTESIAN_POINT ( 'NONE',  ( -26.17691527177778710, -9.306376786586275429, 2.453827614135790203 ) ) ;
#2199 = CARTESIAN_POINT ( 'NONE',  ( 10.19288360314923736, -17.37359979703946777, 24.15092402804483029 ) ) ;
#2200 = CARTESIAN_POINT ( 'NONE',  ( -23.09769934187113449, -59.00000000000000000, 10.57495240868056285 ) ) ;
#2201 = EDGE_CURVE ( 'NONE', #3767, #5081, #4408, .T. ) ;
#2202 = CYLINDRICAL_SURFACE ( 'NONE', #5085, 2.100000000000000977 ) ;
#2203 = CARTESIAN_POINT ( 'NONE',  ( 22.33834684942153359, -15.91718685945444456, -10.07055853915760935 ) ) ;
#2204 = CARTESIAN_POINT ( 'NONE',  ( 22.42867537636995579, -17.36255267708699535, -9.884883688763270726 ) ) ;
#2205 = ORIENTED_EDGE ( 'NONE', *, *, #1115, .T. ) ;
#2206 = CARTESIAN_POINT ( 'NONE',  ( 12.75647461136455441, -4.999999999999884537, 22.96093193780851394 ) ) ;
#2207 = CARTESIAN_POINT ( 'NONE',  ( -11.67251005223038440, -15.66671693176517266, -25.77963054648997243 ) ) ;
#2208 = VECTOR ( 'NONE', #2348, 1000.000000000000000 ) ;
#2209 = B_SPLINE_SURFACE_WITH_KNOTS ( 'NONE', 3, 3, ( 
 ( #2932, #220, #3773, #4674, #4237, #247, #2038, #2498, #193, #1136, #4701, #271, #5166, #4729, #2557, #2092, #1657, #1979, #3887 ),
 ( #1713, #5711, #3484, #4853, #3026, #1771, #446, #17, #2240, #3056, #2124, #4880, #3144, #1348, #3510, #5682, #5337, #1685, #792 ),
 ( #5739, #2611, #2584, #1231, #847, #3083, #3564, #5254, #1261, #4824, #820, #1798, #4381, #4354, #2639, #3999, #1742, #2672, #387 ),
 ( #2180, #907, #5282, #5653, #3939, #1290, #4410, #3537, #359, #415, #4911, #4322, #330, #3452, #1319, #5225, #2151, #2211, #4790 ),
 ( #3972, #3914, #5308, #3109, #877, #4439, #4995, #2698, #965, #2330, #4062, #4528, #1828, #1493, #994, #76, #1885, #2271, #2753 ),
 ( #4088, #1859, #3225, #1379, #131, #4582, #4145, #587, #1409, #473, #3254, #3281, #5476, #3652, #3625, #3710, #43, #4941, #4027 ),
 ( #535, #936, #5368, #2784, #1434, #1945, #5395, #3199, #4968, #105, #160, #5423, #2725, #4555, #2383, #559, #1022, #2355, #5050 ) ),
 .UNSPECIFIED., .F., .F., .F.,
 ( 4, 3, 4 ),
 ( 4, 3, 3, 3, 3, 3, 4 ),
 ( -0.02734747146756494676, -0.01299005197573138357, 0.001367367516102178330 ),
 ( -0.03237359979703951368, -0.02828055761649529362, -0.02418751543595107356, -0.01600143107486263344, -0.007815346713774191587, -0.003722304533229971527, 0.0003707376473142487503 ),
 .UNSPECIFIED. ) ;
#2210 = EDGE_CURVE ( 'NONE', #5406, #40, #1135, .T. ) ;
#2211 = CARTESIAN_POINT ( 'NONE',  ( 2.152703501593602908, 14.00148199491827405, 24.40242538018797092 ) ) ;
#2212 = CARTESIAN_POINT ( 'NONE',  ( -26.23975049413503768, 15.24715843154274708, 3.314631341915554419 ) ) ;
#2213 = ORIENTED_EDGE ( 'NONE', *, *, #799, .T. ) ;
#2214 = CARTESIAN_POINT ( 'NONE',  ( 26.65533174692712137, 15.24715843154279682, -1.371752300440835848 ) ) ;
#2215 = ORIENTED_EDGE ( 'NONE', *, *, #5179, .T. ) ;
#2216 = VECTOR ( 'NONE', #4249, 1000.000000000000114 ) ;
#2217 = LINE ( 'NONE', #826, #970 ) ;
#2218 = CARTESIAN_POINT ( 'NONE',  ( -2.865759412785427340, 12.32436546102259989, 24.79061658790144307 ) ) ;
#2219 = CARTESIAN_POINT ( 'NONE',  ( 20.84873645980633583, 14.99999999999999112, -9.504219485551551827 ) ) ;
#2220 = CARTESIAN_POINT ( 'NONE',  ( -8.096279414436825306, -19.66666666666667851, -26.44056830246666934 ) ) ;
#2221 = CARTESIAN_POINT ( 'NONE',  ( -19.79731483154531446, 9.848598121666146454, -15.18353438420855106 ) ) ;
#2222 = ORIENTED_EDGE ( 'NONE', *, *, #485, .F. ) ;
#2223 = CARTESIAN_POINT ( 'NONE',  ( 28.21902286264312565, -18.72173792333244435, 3.173069607901078726 ) ) ;
#2224 = CARTESIAN_POINT ( 'NONE',  ( -13.68126721330621898, -20.50292140599886892, -22.49218637707130952 ) ) ;
#2225 = APPLICATION_CONTEXT ( 'automotive_design' ) ;
#2226 = CARTESIAN_POINT ( 'NONE',  ( 12.30003177048246421, -4.999999999999885425, 22.94410579012976825 ) ) ;
#2227 = CARTESIAN_POINT ( 'NONE',  ( -26.12717696891136399, 6.548646567150946396, -2.907367823602352352 ) ) ;
#2228 = CARTESIAN_POINT ( 'NONE',  ( -20.37097496776353722, -15.85705169393461489, 14.43398421898203132 ) ) ;
#2229 = CARTESIAN_POINT ( 'NONE',  ( -26.15220259693202109, -19.38875661563057662, -3.998181880414717781 ) ) ;
#2230 = CARTESIAN_POINT ( 'NONE',  ( -26.00998907078492550, -1.122473213493613065, 3.796620212625648527 ) ) ;
#2231 = CARTESIAN_POINT ( 'NONE',  ( 14.49829112400754916, 15.12357921577141440, 22.40962453847592073 ) ) ;
#2232 = CARTESIAN_POINT ( 'NONE',  ( 20.70702710066435515, 59.00000000000055422, -14.71571819469523845 ) ) ;
#2233 = CARTESIAN_POINT ( 'NONE',  ( 17.97307920976938433, 7.976194042388097039, -17.29933357070385824 ) ) ;
#2234 = CARTESIAN_POINT ( 'NONE',  ( 20.37442660957774976, -15.94058424061954149, -14.43345559322053973 ) ) ;
#2235 = VERTEX_POINT ( 'NONE', #5466 ) ;
#2236 = CARTESIAN_POINT ( 'NONE',  ( -6.428346811605383238, -14.99999999999999112, 21.99264325336360315 ) ) ;
#2237 = CARTESIAN_POINT ( 'NONE',  ( 27.32971536603095686, -3.661476139362991322, -1.095145542361654067 ) ) ;
#2238 = PRODUCT_RELATED_PRODUCT_CATEGORY ( 'part', '', ( #111 ) ) ;
#2239 = B_SPLINE_CURVE_WITH_KNOTS ( 'NONE', 3,
 ( #412, #4879, #296, #2993, #2553, #5651, #789, #4320 ),
 .UNSPECIFIED., .F., .F.,
 ( 4, 2, 2, 4 ),
 ( -0.003047145143035617440, 0.005840047504240167969, 0.01472724015151595338, 0.03250162544606752246 ),
 .UNSPECIFIED. ) ;
#2240 = CARTESIAN_POINT ( 'NONE',  ( 8.987719093372859902, -3.607947821252435183, 24.70546274272954435 ) ) ;
#2241 = CARTESIAN_POINT ( 'NONE',  ( -10.81529223615066648, -15.00000000000000178, -23.62264705418625610 ) ) ;
#2242 = ORIENTED_EDGE ( 'NONE', *, *, #927, .F. ) ;
#2243 = CARTESIAN_POINT ( 'NONE',  ( -17.56483247470328735, -19.66666666666672114, 18.85242224173263992 ) ) ;
#2244 =( LENGTH_UNIT ( ) NAMED_UNIT ( * ) SI_UNIT ( .MILLI., .METRE. ) );
#2245 = ORIENTED_EDGE ( 'NONE', *, *, #727, .T. ) ;
#2246 = CARTESIAN_POINT ( 'NONE',  ( 7.544260346859623212, -19.66666666666667851, 24.63780225717724548 ) ) ;
#2247 = EDGE_CURVE ( 'NONE', #2991, #4405, #1065, .T. ) ;
#2248 = UNCERTAINTY_MEASURE_WITH_UNIT (LENGTH_MEASURE( 1.000000000000000082E-05 ), #2381, 'distance_accuracy_value', 'NONE');
#2249 = CARTESIAN_POINT ( 'NONE',  ( 15.74278420822393443, -9.368755426726371738, -23.62642202722535245 ) ) ;
#2250 = CARTESIAN_POINT ( 'NONE',  ( 4.628573982554340382, -20.00000000000000711, 7.380970566792385945 ) ) ;
#2251 = CARTESIAN_POINT ( 'NONE',  ( 22.42824612446400323, -19.38875661563040254, -4.821641334283132352 ) ) ;
#2252 = DIRECTION ( 'NONE',  ( 4.064784181921418638E-16, -1.000000000000000000, 2.538572003884065318E-15 ) ) ;
#2253 = CARTESIAN_POINT ( 'NONE',  ( -16.29297615075047290, -1.122472911079122948, -20.62698043941557202 ) ) ;
#2254 = ORIENTED_EDGE ( 'NONE', *, *, #1919, .T. ) ;
#2255 = CARTESIAN_POINT ( 'NONE',  ( -11.68601983657943855, 15.24715843154282702, 23.72653338522281175 ) ) ;
#2256 = CARTESIAN_POINT ( 'NONE',  ( 14.59188472443859297, -15.79119993234646913, -22.34850672808448024 ) ) ;
#2257 = CARTESIAN_POINT ( 'NONE',  ( 10.04075442722729505, -18.38117820633493338, 24.21746324763390845 ) ) ;
#2258 = B_SPLINE_SURFACE_WITH_KNOTS ( 'NONE', 3, 3, ( 
 ( #1653, #733, #3911, #411, #2609, #326, #2523, #3507, #4291, #3479, #1201, #1682, #5617 ),
 ( #4406, #3450, #4378, #5250, #384, #5223, #1738, #1287, #1229, #3392, #3021, #3080, #788 ),
 ( #845, #2580, #4849, #2637, #356, #5164, #4352, #2206, #3966, #874, #1345, #4085, #4878 ),
 ( #4992, #1376, #5366, #557, #102, #4437, #4056, #1882, #1796, #2328, #2297, #3561, #992 ),
 ( #3169, #4465, #2667, #3140, #3621, #74, #5393, #933, #2695, #2781, #441, #4909, #3649 ),
 ( #2268, #4553, #4937, #2723, #2353, #5419, #2236, #1857, #1432, #5335, #3223, #1404, #903 ),
 ( #4025, #4495, #469, #3996, #41, #3196, #4965, #961, #501, #1825, #2751, #3593, #5305 ),
 ( #4524, #14, #4116, #533, #1767, #3534, #1317, #3107, #1970, #157, #2436, #4664, #4635 ),
 ( #2488, #3761, #1460, #643, #3358, #2870, #1910, #3252, #5126, #3309, #210, #4171, #2807 ),
 ( #5075, #1125, #1517, #1075, #1551, #4198, #4579, #1491, #1996, #3679, #183, #5530, #4143 ) ),
 .UNSPECIFIED., .F., .F., .F.,
 ( 4, 3, 3, 4 ),
 ( 4, 3, 3, 3, 4 ),
 ( -0.02734811711631747119, -0.02598076211353312487, 0.000000000000000000, 0.001367371366889964194 ),
 ( -0.03539633502492604139, -0.03237359979703951368, -0.02999999999999999889, 0.000000000000000000, 0.0003707376473142487503 ),
 .UNSPECIFIED. ) ;
#2259 = CARTESIAN_POINT ( 'NONE',  ( 7.544260377843419185, 19.66666666666638008, -24.63780231803238507 ) ) ;
#2260 = CARTESIAN_POINT ( 'NONE',  ( -26.26126150304758511, 5.000000000000060396, 0.4329755264102952972 ) ) ;
#2261 = CARTESIAN_POINT ( 'NONE',  ( -25.69585405102384001, 9.790170948170040077, 5.570004058492640020 ) ) ;
#2262 = CARTESIAN_POINT ( 'NONE',  ( -12.48303737035667460, -11.73730834610119977, -25.50035091395390552 ) ) ;
#2263 = CARTESIAN_POINT ( 'NONE',  ( -14.88067915122148044, 3.629542379686426568, -24.18446156401460811 ) ) ;
#2264 = CARTESIAN_POINT ( 'NONE',  ( 22.08854639860092561, 11.00000000000005684, 23.99137590878978799 ) ) ;
#2265 = CARTESIAN_POINT ( 'NONE',  ( 28.33585695580368125, 10.72063771040580704, -1.759282931721600995 ) ) ;
#2266 = CARTESIAN_POINT ( 'NONE',  ( 20.27888988600337683, 11.27268625655536560, -13.72897956020344168 ) ) ;
#2267 = EDGE_LOOP ( 'NONE', ( #740, #1403, #825, #4943 ) ) ;
#2268 = CARTESIAN_POINT ( 'NONE',  ( -7.178529841700287406, -20.39633502492605288, 21.79788773468892771 ) ) ;
#2269 = CARTESIAN_POINT ( 'NONE',  ( -11.45605783541765099, -16.99999999999992895, -25.87724028603494020 ) ) ;
#2270 =( NAMED_UNIT ( * ) PLANE_ANGLE_UNIT ( ) SI_UNIT ( $, .RADIAN. ) );
#2271 = CARTESIAN_POINT ( 'NONE',  ( -2.614211146460034385, 13.94124127554101022, 24.82284670453459796 ) ) ;
#2272 = CARTESIAN_POINT ( 'NONE',  ( -15.06661311240334200, 15.12357921577137532, -21.16596107366911284 ) ) ;
#2273 = ORIENTED_EDGE ( 'NONE', *, *, #4285, .T. ) ;
#2274 = DIRECTION ( 'NONE',  ( 4.064784181921418638E-16, -1.000000000000000000, 2.538572003884065318E-15 ) ) ;
#2275 = CARTESIAN_POINT ( 'NONE',  ( -10.81529223615066293, -14.99999999999996447, -23.62264705418625610 ) ) ;
#2276 = CARTESIAN_POINT ( 'NONE',  ( 35.05050412679989336, 11.00000000000004796, 18.36426560084019499 ) ) ;
#2277 = CARTESIAN_POINT ( 'NONE',  ( 9.298038996443985127, 1.605577585793466211, -24.58973749995149660 ) ) ;
#2278 = CARTESIAN_POINT ( 'NONE',  ( 13.64573593467702572, 3.333303192725923125, -24.82036936560069407 ) ) ;
#2279 = EDGE_CURVE ( 'NONE', #5114, #5596, #3778, .T. ) ;
#2280 = CARTESIAN_POINT ( 'NONE',  ( 22.46678944793196209, -20.39633502492591077, -4.682154662607126205 ) ) ;
#2281 = CARTESIAN_POINT ( 'NONE',  ( -13.45953001595262855, -3.911151301040441730, -25.00271786882074565 ) ) ;
#2282 = VERTEX_POINT ( 'NONE', #1933 ) ;
#2283 = CARTESIAN_POINT ( 'NONE',  ( -11.70442367781921256, 15.12357921577141262, 23.71748389071062846 ) ) ;
#2284 = VECTOR ( 'NONE', #4500, 1000.000000000000114 ) ;
#2285 = CIRCLE ( 'NONE', #3754, 2.099999999999999201 ) ;
#2286 = CARTESIAN_POINT ( 'NONE',  ( 12.12125717731543695, 15.37073764731413128, -23.77944321704724118 ) ) ;
#2287 = CARTESIAN_POINT ( 'NONE',  ( 14.91065823918553868, 15.37073764731424852, 21.55742183582621863 ) ) ;
#2288 = CARTESIAN_POINT ( 'NONE',  ( -22.71996951425974487, 15.30324122131322362, 10.34467556595013171 ) ) ;
#2289 = CARTESIAN_POINT ( 'NONE',  ( -26.12948940111418139, 15.00000000000000178, 2.073478231822561302 ) ) ;
#2290 = LINE ( 'NONE', #1397, #3218 ) ;
#2291 = CARTESIAN_POINT ( 'NONE',  ( 10.04433869869368401, -16.58239986469297733, 24.46732893096320538 ) ) ;
#2292 = AXIS2_PLACEMENT_3D ( 'NONE', #3764, #2899, #2084 ) ;
#2293 = CARTESIAN_POINT ( 'NONE',  ( -14.42467493843613369, 0.6487577008517566579, -24.45938511993690767 ) ) ;
#2294 = CARTESIAN_POINT ( 'NONE',  ( 28.37243552589795925, -5.674519379058784452, 1.160067598263576194 ) ) ;
#2295 = CARTESIAN_POINT ( 'NONE',  ( 23.62691242398171099, -1.061332579713006208, -7.966627245426669113 ) ) ;
#2296 = ORIENTED_EDGE ( 'NONE', *, *, #2210, .T. ) ;
#2297 = CARTESIAN_POINT ( 'NONE',  ( 15.06661311240350010, 15.12357921577141262, 21.16596107366900625 ) ) ;
#2298 = CARTESIAN_POINT ( 'NONE',  ( 20.97027543522039039, 15.00000000000003197, 13.05226606804621703 ) ) ;
#2299 = CARTESIAN_POINT ( 'NONE',  ( 13.72016259612898992, -4.999999999999913847, -22.12419287565826664 ) ) ;
#2300 = CARTESIAN_POINT ( 'NONE',  ( -20.54751046495642797, -20.39633502492597472, -10.22373247272818375 ) ) ;
#2301 = ORIENTED_EDGE ( 'NONE', *, *, #5131, .F. ) ;
#2302 = CARTESIAN_POINT ( 'NONE',  ( 9.149313497251121419, 19.66666666666656127, 20.77033636128058447 ) ) ;
#2303 =( LENGTH_UNIT ( ) NAMED_UNIT ( * ) SI_UNIT ( .MILLI., .METRE. ) );
#2304 = DIRECTION ( 'NONE',  ( -0.4640957884091281294, 2.059984127722454086E-15, 0.8857850186026571260 ) ) ;
#2305 = AXIS2_PLACEMENT_3D ( 'NONE', #3454, #794, #3557 ) ;
#2306 = B_SPLINE_SURFACE_WITH_KNOTS ( 'NONE', 3, 3, ( 
 ( #1, #3954, #430, #4393, #1393, #2256, #1756, #1334, #2193, #3126, #1306, #5351, #2711 ),
 ( #4485, #488, #4044, #59, #372, #5382, #3747, #3293, #5517, #1537, #1928, #1898, #2740 ),
 ( #979, #1871, #1959, #5008, #1007, #2368, #3695, #1478, #5034, #2859, #2824, #601, #1062 ),
 ( #632, #201, #2971, #2101, #2534, #4654, #5661, #1145, #3781, #1570, #4739, #5118, #5631 ),
 ( #2475, #5601, #2940, #5204, #715, #2072, #772, #1177, #4332, #1721, #1272, #3066, #4834 ),
 ( #2280, #2251, #3948, #1751, #854, #1806, #3573, #424, #3461, #2219, #3980, #5746, #5344 ),
 ( #5317, #3120, #4037, #1327, #4801, #2791, #4591, #2852, #945, #1417, #1954, #514, #4096 ),
 ( #1002, #5432, #4182, #3288, #4536, #2363, #5377, #140, #4619, #3262, #3207, #1387, #1866 ),
 ( #2907, #2881, #1531, #2040, #4731, #2447, #1138, #5571, #3832, #5112, #655, #5622, #1626 ),
 ( #2012, #1565, #3370, #300, #1659, #3425, #4703, #5197, #497, #4961, #1852, #3992, #988 ) ),
 .UNSPECIFIED., .F., .F., .F.,
 ( 4, 3, 3, 4 ),
 ( 4, 3, 3, 3, 4 ),
 ( -0.02734807911809033695, -0.02598076211353312487, 0.000000000000000000, 0.001367342323596497594 ),
 ( -0.03539633502492590261, -0.03237359979703938184, -0.02999999999999999889, 0.000000000000000000, 0.0003707376473141932392 ),
 .UNSPECIFIED. ) ;
#2307 = CARTESIAN_POINT ( 'NONE',  ( 16.74578033502250207, -16.18861953744495352, -22.92595450028580473 ) ) ;
#2308 = CARTESIAN_POINT ( 'NONE',  ( -13.81886469860595312, 3.267998411333305597, 24.80651637921869579 ) ) ;
#2309 = AXIS2_PLACEMENT_3D ( 'NONE', #38, #1939, #4053 ) ;
#2310 = CARTESIAN_POINT ( 'NONE',  ( -14.28526166393876551, -16.12433015438192641, -22.08674521247807476 ) ) ;
#2311 = ORIENTED_EDGE ( 'NONE', *, *, #511, .F. ) ;
#2312 = CARTESIAN_POINT ( 'NONE',  ( -12.15815880217470912, 15.12357921577141262, 23.76070071548212326 ) ) ;
#2313 = AXIS2_PLACEMENT_3D ( 'NONE', #5399, #969, #3976 ) ;
#2314 = B_SPLINE_CURVE_WITH_KNOTS ( 'NONE', 3,
 ( #2269, #558, #15, #128, #1377, #4496, #5367, #3562, #4438, #3170, #103, #42, #75, #1826, #2329, #4938 ),
 .UNSPECIFIED., .F., .F.,
 ( 4, 3, 3, 3, 3, 4 ),
 ( 0.000000000000000000, 0.006607043530529345225, 0.01321408698991802938, 0.01982113044808870433, 0.02406041350176845242, 0.02829969657634689301 ),
 .UNSPECIFIED. ) ;
#2315 = CARTESIAN_POINT ( 'NONE',  ( 12.17656624611518801, 15.00000000000000711, -23.75132533398902979 ) ) ;
#2316 = CARTESIAN_POINT ( 'NONE',  ( 25.85978248126655288, 15.37073764731425030, -2.505256100026743482 ) ) ;
#2317 = CARTESIAN_POINT ( 'NONE',  ( -23.07726965838711664, 9.345019643077286275, 9.479775201220183689 ) ) ;
#2318 = CARTESIAN_POINT ( 'NONE',  ( -26.02019436661125695, -4.999999999999880984, -0.8199129144714956130 ) ) ;
#2319 = EDGE_CURVE ( 'NONE', #1431, #849, #306, .T. ) ;
#2320 = SURFACE_STYLE_USAGE ( .BOTH. , #2744 ) ;
#2321 = CARTESIAN_POINT ( 'NONE',  ( -15.85110223658266548, 10.09455157788185886, -23.55447712926899939 ) ) ;
#2322 = CARTESIAN_POINT ( 'NONE',  ( -2.314693952780001229, -15.85705188883868644, -24.85877237099874293 ) ) ;
#2323 = PLANE ( 'NONE',  #5511 ) ;
#2324 = CARTESIAN_POINT ( 'NONE',  ( 28.22879926203373557, -16.10496982099878949, 3.024364179040357037 ) ) ;
#2325 = CARTESIAN_POINT ( 'NONE',  ( 19.98617599447299042, -11.85055234779289712, -14.94580202162267213 ) ) ;
#2326 = ADVANCED_FACE ( 'NONE', ( #4106 ), #523, .T. ) ;
#2327 = ORIENTED_EDGE ( 'NONE', *, *, #2170, .F. ) ;
#2328 = CARTESIAN_POINT ( 'NONE',  ( 15.05016633548394545, 14.99999999999999822, 21.17764135295196937 ) ) ;
#2329 = CARTESIAN_POINT ( 'NONE',  ( -27.30542864750348642, -16.99999999999998224, -4.158888061801492064 ) ) ;
#2330 = CARTESIAN_POINT ( 'NONE',  ( -4.936466004421711240, -1.061487564148479557, 24.44470080466845019 ) ) ;
#2331 = CARTESIAN_POINT ( 'NONE',  ( -9.458926718396059030, -20.39633502492599249, -24.71225759275040446 ) ) ;
#2332 = B_SPLINE_CURVE_WITH_KNOTS ( 'NONE', 3,
 ( #968, #4944, #939, #2728 ),
 .UNSPECIFIED., .F., .F.,
 ( 4, 4 ),
 ( -0.1179999999999999938, 0.000000000000000000 ),
 .UNSPECIFIED. ) ;
#2333 = ORIENTED_EDGE ( 'NONE', *, *, #5109, .T. ) ;
#2334 = CARTESIAN_POINT ( 'NONE',  ( 21.52285620492538953, 59.00000000000000000, 9.853932926270511317 ) ) ;
#2335 = DIRECTION ( 'NONE',  ( -3.773173425613459862E-16, 1.000000000000000000, -2.513482421598778410E-15 ) ) ;
#2336 = CARTESIAN_POINT ( 'NONE',  ( 14.08582718336331041, 1.546697782271887034, -24.65512671192774619 ) ) ;
#2337 = FACE_BOUND ( 'NONE', #3692, .T. ) ;
#2338 = CARTESIAN_POINT ( 'NONE',  ( -15.21354782684742801, -9.306376470743247253, -21.44293973775630846 ) ) ;
#2339 = EDGE_LOOP ( 'NONE', ( #3357, #2069 ) ) ;
#2340 = CARTESIAN_POINT ( 'NONE',  ( 25.47756344064648104, -15.80026989762167311, 6.536697407582675368 ) ) ;
#2341 = CARTESIAN_POINT ( 'NONE',  ( 11.23230759257151945, 15.24715843154275241, -23.68299248188624517 ) ) ;
#2342 = CARTESIAN_POINT ( 'NONE',  ( 10.28723066431657784, -14.99999999999999822, 24.36570187041209223 ) ) ;
#2343 = CARTESIAN_POINT ( 'NONE',  ( -28.36517152452408652, 7.739528664680680237, 1.230642020496797162 ) ) ;
#2344 = CARTESIAN_POINT ( 'NONE',  ( 9.965427036095062974, 15.37073764731419345, -24.76038508207966515 ) ) ;
#2345 = CARTESIAN_POINT ( 'NONE',  ( -13.77478431694521710, -3.549631663730347331, -24.83044523856277763 ) ) ;
#2346 = EDGE_CURVE ( 'NONE', #3833, #2608, #104, .T. ) ;
#2347 = CARTESIAN_POINT ( 'NONE',  ( 3.134402130825313382, -20.38013103324665209, -24.32964479760456555 ) ) ;
#2348 = DIRECTION ( 'NONE',  ( -0.09410831331851558790, -3.332406928107883009E-14, 0.9955619646030798853 ) ) ;
#2349 = CARTESIAN_POINT ( 'NONE',  ( 26.21246159898328543, -11.57273622807041491, -2.080305343403205498 ) ) ;
#2350 = CARTESIAN_POINT ( 'NONE',  ( 22.08854639860092561, 15.00000000000005684, 23.99137590878977733 ) ) ;
#2351 = ADVANCED_FACE ( 'NONE', ( #3942 ), #3086, .F. ) ;
#2352 = ORIENTED_EDGE ( 'NONE', *, *, #626, .F. ) ;
#2353 = CARTESIAN_POINT ( 'NONE',  ( -6.648327505879167099, -16.58239986469300575, 21.93553391805074426 ) ) ;
#2354 = DIRECTION ( 'NONE',  ( -1.003456252704766818E-16, 1.000000000000000000, 2.539663957332261757E-15 ) ) ;
#2355 = CARTESIAN_POINT ( 'NONE',  ( -12.14870339132556509, 13.82960944312481644, 25.66040365201311602 ) ) ;
#2356 = CARTESIAN_POINT ( 'NONE',  ( -21.50004548454385045, 19.66666666666631968, -11.46087217120235913 ) ) ;
#2357 = CARTESIAN_POINT ( 'NONE',  ( -9.922904007040738605, -17.37359979703946422, -24.51812710397385686 ) ) ;
#2358 = ORIENTED_EDGE ( 'NONE', *, *, #3771, .F. ) ;
#2359 = CARTESIAN_POINT ( 'NONE',  ( -15.05016633548350669, -15.00000000000004263, 21.17764135295228556 ) ) ;
#2360 = LINE ( 'NONE', #2276, #3117 ) ;
#2361 = CARTESIAN_POINT ( 'NONE',  ( 6.395982236761987849, -10.60756396326229023, -24.11760903160431724 ) ) ;
#2362 = CARTESIAN_POINT ( 'NONE',  ( 12.72566586879148431, 9.166671595227311897, -25.30150659524465340 ) ) ;
#2363 = CARTESIAN_POINT ( 'NONE',  ( 26.04071146151261473, -15.79119993234646913, 2.988997718990223706 ) ) ;
#2364 = CARTESIAN_POINT ( 'NONE',  ( -15.05016633548350313, -14.99999999999999822, 21.17764135295228556 ) ) ;
#2365 = EDGE_LOOP ( 'NONE', ( #1263, #4130, #4170, #1132 ) ) ;
#2366 = CARTESIAN_POINT ( 'NONE',  ( 26.18136174013620021, 9.528336329487641976, 2.417377143264857864 ) ) ;
#2367 = CARTESIAN_POINT ( 'NONE',  ( 16.27186877224934847, -17.37359979703941093, -20.85255051796692882 ) ) ;
#2368 = CARTESIAN_POINT ( 'NONE',  ( 14.96755905637515838, -15.79119993234646913, -21.51800237794777715 ) ) ;
#2369 = CARTESIAN_POINT ( 'NONE',  ( -25.10909282156292122, -19.66666666666664653, -5.785380015444576252 ) ) ;
#2370 = CARTESIAN_POINT ( 'NONE',  ( 4.946613540517296848, 59.00000000000000711, -20.28166238984334768 ) ) ;
#2371 = CARTESIAN_POINT ( 'NONE',  ( 9.984695103658882687, 15.24715843154279682, -24.75265177144418516 ) ) ;
#2372 = VECTOR ( 'NONE', #4488, 1000.000000000000114 ) ;
#2373 = CARTESIAN_POINT ( 'NONE',  ( -0.6851446974133231782, 4.454007181506583812, -24.47048249518075735 ) ) ;
#2374 = CARTESIAN_POINT ( 'NONE',  ( -12.55620226776570370, -11.27556609628060258, -25.46329256476401426 ) ) ;
#2375 = CARTESIAN_POINT ( 'NONE',  ( -10.42977133535740464, -14.99999999999999467, 1.591342167017226750 ) ) ;
#2376 = FACE_OUTER_BOUND ( 'NONE', #46, .T. ) ;
#2377 = CARTESIAN_POINT ( 'NONE',  ( -9.984673040352184614, 15.24715843154278971, 24.75268270762318323 ) ) ;
#2378 = ORIENTED_EDGE ( 'NONE', *, *, #1300, .T. ) ;
#2379 = CARTESIAN_POINT ( 'NONE',  ( -16.90144241651393031, -3.607941211174919172, 20.13679701666175248 ) ) ;
#2380 = FACE_BOUND ( 'NONE', #3889, .T. ) ;
#2381 =( LENGTH_UNIT ( ) NAMED_UNIT ( * ) SI_UNIT ( .MILLI., .METRE. ) );
#2382 = EDGE_CURVE ( 'NONE', #2700, #4821, #5311, .T. ) ;
#2383 = CARTESIAN_POINT ( 'NONE',  ( -12.80138438063411321, 9.733945621938634218, 25.34172494407536291 ) ) ;
#2384 = LINE ( 'NONE', #1358, #3503 ) ;
#2385 = CARTESIAN_POINT ( 'NONE',  ( 16.19535697498301019, -59.00000000000003553, -15.48019180691229479 ) ) ;
#2386 = ORIENTED_EDGE ( 'NONE', *, *, #661, .F. ) ;
#2387 = CARTESIAN_POINT ( 'NONE',  ( 11.78061893396766813, 14.99999999999992895, -25.73066422110565199 ) ) ;
#2388 = CARTESIAN_POINT ( 'NONE',  ( -19.29518434380088365, -59.00000000000012790, -13.71237377232964150 ) ) ;
#2389 = CARTESIAN_POINT ( 'NONE',  ( -26.11892357669264442, -15.79119993234648689, -2.203274942328846020 ) ) ;
#2390 = CARTESIAN_POINT ( 'NONE',  ( -14.81368176951253623, -17.37359979703953528, 22.20384425356799696 ) ) ;
#2391 = ORIENTED_EDGE ( 'NONE', *, *, #168, .F. ) ;
#2392 = CARTESIAN_POINT ( 'NONE',  ( 23.96819760826648249, 7.976193919684548383, 6.915484831599956195 ) ) ;
#2393 = AXIS2_PLACEMENT_3D ( 'NONE', #2264, #2691, #4845 ) ;
#2394 = EDGE_CURVE ( 'NONE', #5741, #5370, #4971, .T. ) ;
#2395 = AXIS2_PLACEMENT_3D ( 'NONE', #3355, #2867, #1187 ) ;
#2396 = CARTESIAN_POINT ( 'NONE',  ( -26.01856118769769211, 5.000000000000060396, 0.8198565093717460339 ) ) ;
#2397 = CARTESIAN_POINT ( 'NONE',  ( -17.56483251191346184, 19.66666666666636232, -18.85242229899299460 ) ) ;
#2398 = CARTESIAN_POINT ( 'NONE',  ( -24.16272634524666074, 12.44494860345050036, -6.242528003827105820 ) ) ;
#2399 = CARTESIAN_POINT ( 'NONE',  ( 24.81552062950349224, -13.09697055715176184, 3.703510440058980890 ) ) ;
#2400 = CARTESIAN_POINT ( 'NONE',  ( 18.86309633623721282, -17.37359979703940738, -13.03044087347318047 ) ) ;
#2401 = CARTESIAN_POINT ( 'NONE',  ( 15.34138216630848817, -17.02222058089003198, 20.55264323380826852 ) ) ;
#2402 = CARTESIAN_POINT ( 'NONE',  ( -11.68678211122015398, 14.12513650520203967, -23.56031205149689711 ) ) ;
#2403 =( GEOMETRIC_REPRESENTATION_CONTEXT ( 3 ) GLOBAL_UNCERTAINTY_ASSIGNED_CONTEXT ( ( #1836 ) ) GLOBAL_UNIT_ASSIGNED_CONTEXT ( ( #2244, #911, #4857 ) ) REPRESENTATION_CONTEXT ( 'NONE', 'WORKASPACE' ) );
#2404 = CARTESIAN_POINT ( 'NONE',  ( 9.948715455741430347, -2.633475303880393525, -24.33064244618707406 ) ) ;
#2405 = CARTESIAN_POINT ( 'NONE',  ( -10.42977133535740286, -19.99999999999998934, -0.5086578329827847744 ) ) ;
#2406 = CARTESIAN_POINT ( 'NONE',  ( -37.59261831233596496, -59.00000000000078160, 0.2739496723938861233 ) ) ;
#2407 = CARTESIAN_POINT ( 'NONE',  ( 25.53483166579017194, 13.88422696660789768, -6.251710136031941367 ) ) ;
#2408 = EDGE_LOOP ( 'NONE', ( #1316, #2551, #2750, #5153 ) ) ;
#2409 = CARTESIAN_POINT ( 'NONE',  ( -15.48104099915081555, 7.304107531694890909, 21.24752371837774234 ) ) ;
#2410 = CARTESIAN_POINT ( 'NONE',  ( 10.42977133533006651, -19.99999999999997513, -3.691342166965992266 ) ) ;
#2411 = APPLICATION_CONTEXT ( 'automotive_design' ) ;
#2412 = DIRECTION ( 'NONE',  ( 0.09410831331851535198, 3.341733936703145538E-14, -0.9955619646030798853 ) ) ;
#2413 = FACE_OUTER_BOUND ( 'NONE', #2929, .T. ) ;
#2414 = CARTESIAN_POINT ( 'NONE',  ( -9.181351557119050710, -20.39633502492599249, -25.07398106257823400 ) ) ;
#2415 = EDGE_LOOP ( 'NONE', ( #5573, #4538, #1681, #156 ) ) ;
#2416 = LINE ( 'NONE', #1026, #5252 ) ;
#2417 = PRODUCT_CONTEXT ( 'NONE', #2515, 'mechanical' ) ;
#2418 = CARTESIAN_POINT ( 'NONE',  ( -6.287154532490865755, -19.99999999999993960, -25.51269749917166862 ) ) ;
#2419 = CARTESIAN_POINT ( 'NONE',  ( -14.29671260587315551, -16.04068474995588645, -22.07893794559353751 ) ) ;
#2420 = CARTESIAN_POINT ( 'NONE',  ( -10.55126697118561019, -15.00000000000000178, -23.99416669356494936 ) ) ;
#2421 = ORIENTED_EDGE ( 'NONE', *, *, #3036, .T. ) ;
#2422 = CARTESIAN_POINT ( 'NONE',  ( -14.77971145028308619, -15.79119993234651176, 21.93327763302827194 ) ) ;
#2423 = ORIENTED_EDGE ( 'NONE', *, *, #443, .F. ) ;
#2424 = EDGE_CURVE ( 'NONE', #2501, #2909, #3567, .T. ) ;
#2425 = CARTESIAN_POINT ( 'NONE',  ( 19.89052458481910790, -15.91718703942194502, 14.31030820879496446 ) ) ;
#2426 = CARTESIAN_POINT ( 'NONE',  ( -25.86545857163423534, 14.99999999999999289, 2.445005701234344908 ) ) ;
#2427 = CARTESIAN_POINT ( 'NONE',  ( -27.24649037781158967, -16.99999999999998934, -1.003710918594435952 ) ) ;
#2428 = PLANE ( 'NONE',  #1167 ) ;
#2429 = CARTESIAN_POINT ( 'NONE',  ( 25.86545857163424955, 14.99999999999999467, -2.445005701234166384 ) ) ;
#2430 = CARTESIAN_POINT ( 'NONE',  ( -15.05016633548354221, -15.00000000000001954, 21.17764135295220740 ) ) ;
#2431 = CARTESIAN_POINT ( 'NONE',  ( 6.984921269887647277, -14.48976403158032866, -23.96438801458347712 ) ) ;
#2432 = LINE ( 'NONE', #1070, #2208 ) ;
#2433 = CARTESIAN_POINT ( 'NONE',  ( -13.03013632807664735, 6.610177739591552637, 25.22384797294997227 ) ) ;
#2434 = CARTESIAN_POINT ( 'NONE',  ( 28.34162618857454063, 8.369558631601382359, -1.370305124729997104 ) ) ;
#2435 = ORIENTED_EDGE ( 'NONE', *, *, #4079, .T. ) ;
#2436 = CARTESIAN_POINT ( 'NONE',  ( -11.25068855346371599, 15.12357921577141262, 23.67426706593913011 ) ) ;
#2437 = CARTESIAN_POINT ( 'NONE',  ( -20.70702710066436936, -59.00000000000011369, -14.71571819469522602 ) ) ;
#2438 = LINE ( 'NONE', #5078, #2564 ) ;
#2439 = CARTESIAN_POINT ( 'NONE',  ( -20.78368363519439299, -20.00000000000001776, 13.85365132072888805 ) ) ;
#2440 = CARTESIAN_POINT ( 'NONE',  ( -28.92111323629462305, -14.99999999999992895, -25.33415104505008131 ) ) ;
#2441 = VERTEX_POINT ( 'NONE', #5454 ) ;
#2442 = CARTESIAN_POINT ( 'NONE',  ( -18.85006413321529095, -19.66666666666669272, 20.23186780027258180 ) ) ;
#2443 =( NAMED_UNIT ( * ) PLANE_ANGLE_UNIT ( ) SI_UNIT ( $, .RADIAN. ) );
#2444 = CARTESIAN_POINT ( 'NONE',  ( -7.544260377843428955, 19.66666666666640495, 24.63780231803239573 ) ) ;
#2445 = CARTESIAN_POINT ( 'NONE',  ( 10.76027581502415131, 15.37073764731412595, -23.64785661513001003 ) ) ;
#2446 = CARTESIAN_POINT ( 'NONE',  ( -10.19288924872840241, -17.37359979703946422, -24.15091634941241239 ) ) ;
#2447 = CARTESIAN_POINT ( 'NONE',  ( 26.22820704644271217, -15.79119993234646913, 3.404412406451966522 ) ) ;
#2448 = CARTESIAN_POINT ( 'NONE',  ( -10.79695342910822120, 15.12357921577139308, 23.63105024116763531 ) ) ;
#2449 = ORIENTED_EDGE ( 'NONE', *, *, #2783, .T. ) ;
#2450 = CARTESIAN_POINT ( 'NONE',  ( 20.01952868147424525, -14.42954186133365013, 14.12047549027111160 ) ) ;
#2451 = ADVANCED_FACE ( 'NONE', ( #3229 ), #5448, .T. ) ;
#2452 = CARTESIAN_POINT ( 'NONE',  ( 13.49976632723562631, -5.313144479792200947, 24.98198873442114731 ) ) ;
#2453 = CARTESIAN_POINT ( 'NONE',  ( -16.39309940474103655, 14.99999999999992717, -23.06764737967273859 ) ) ;
#2454 = FACE_OUTER_BOUND ( 'NONE', #2080, .T. ) ;
#2455 = CARTESIAN_POINT ( 'NONE',  ( 15.14960538509835608, -4.574297243677764691, 22.11638020948340966 ) ) ;
#2456 = CARTESIAN_POINT ( 'NONE',  ( 7.886404134310248004, -20.43997931851246008, -23.71773983064706215 ) ) ;
#2457 = DIRECTION ( 'NONE',  ( 0.4640957884091279073, 2.276824562219559311E-15, -0.8857850186026572370 ) ) ;
#2458 = CARTESIAN_POINT ( 'NONE',  ( 25.48269946787197782, 15.24635405901964447, -6.470302586919700616 ) ) ;
#2459 = ORIENTED_EDGE ( 'NONE', *, *, #3720, .F. ) ;
#2460 = CARTESIAN_POINT ( 'NONE',  ( -12.47320346318913131, 10.09455207481736139, 25.50472746803226087 ) ) ;
#2461 = CARTESIAN_POINT ( 'NONE',  ( 26.83267029709753970, -15.66551997613560232, -0.1464726894130053136 ) ) ;
#2462 = CARTESIAN_POINT ( 'NONE',  ( -19.29518434380088721, -59.00000000000026290, -13.71237377232963794 ) ) ;
#2463 = CARTESIAN_POINT ( 'NONE',  ( 19.29518434380089786, -59.00000000000054001, 13.71237377232965748 ) ) ;
#2464 = CYLINDRICAL_SURFACE ( 'NONE', #2737, 2.099999999999999201 ) ;
#2465 = ORIENTED_EDGE ( 'NONE', *, *, #4293, .F. ) ;
#2466 = CARTESIAN_POINT ( 'NONE',  ( -33.15598733562781320, 14.99999999999992895, -19.46613736208795231 ) ) ;
#2467 = DIRECTION ( 'NONE',  ( -0.09410831331850988413, -2.537836196336435816E-15, 0.9955619646030803294 ) ) ;
#2468 = CARTESIAN_POINT ( 'NONE',  ( 16.06241115216763049, -15.79119993234646913, -21.01208739471146103 ) ) ;
#2469 = CIRCLE ( 'NONE', #509, 19.50000000000000000 ) ;
#2470 = CARTESIAN_POINT ( 'NONE',  ( -16.83965145582176604, -4.999999999999955591, -15.53996122882297648 ) ) ;
#2471 = DIRECTION ( 'NONE',  ( -3.773173425613459862E-16, 1.000000000000000000, -2.513482421598778410E-15 ) ) ;
#2472 = VERTEX_POINT ( 'NONE', #1437 ) ;
#2473 = CARTESIAN_POINT ( 'NONE',  ( 13.18155454012440408, -5.674519747517076773, 25.15130822448164238 ) ) ;
#2474 = CARTESIAN_POINT ( 'NONE',  ( 7.548232931682388624, -12.82134402679650087, 25.19110276616873278 ) ) ;
#2475 = CARTESIAN_POINT ( 'NONE',  ( 19.12776727535679200, -20.39633502492594630, -12.68279981081465024 ) ) ;
#2476 = CARTESIAN_POINT ( 'NONE',  ( -20.03774163084238680, 58.99999999999997868, 5.856938206129600033 ) ) ;
#2477 = CARTESIAN_POINT ( 'NONE',  ( -11.78061893396747628, 15.00000000000004796, 25.73066422110573725 ) ) ;
#2478 = CIRCLE ( 'NONE', #1834, 2.099999999999999201 ) ;
#2479 = CARTESIAN_POINT ( 'NONE',  ( 10.91600042711308127, -17.37359979703953528, 23.83278601748735070 ) ) ;
#2480 = PRODUCT_RELATED_PRODUCT_CATEGORY ( 'part', '', ( #3497 ) ) ;
#2481 = EDGE_CURVE ( 'NONE', #4863, #4142, #1048, .T. ) ;
#2482 = CARTESIAN_POINT ( 'NONE',  ( 16.51667696501768035, -14.61751399257777351, -23.09129047964179904 ) ) ;
#2483 = CARTESIAN_POINT ( 'NONE',  ( -13.66932224005813623, -4.999999999999886313, -22.99458283039119877 ) ) ;
#2484 = DIRECTION ( 'NONE',  ( -0.4640957884091285179, -2.355138688025673326E-15, 0.8857850186026570150 ) ) ;
#2485 = CARTESIAN_POINT ( 'NONE',  ( -10.51396742816146279, 15.24715843154278971, 24.01052985464030343 ) ) ;
#2486 = ORIENTED_EDGE ( 'NONE', *, *, #4109, .T. ) ;
#2487 = VECTOR ( 'NONE', #3546, 1000.000000000000227 ) ;
#2488 = CARTESIAN_POINT ( 'NONE',  ( -16.67199855549110055, -20.39633502492609551, 20.54779711796349773 ) ) ;
#2489 = CARTESIAN_POINT ( 'NONE',  ( 14.58127253760311071, 14.99999999999995204, 23.23685649248335494 ) ) ;
#2490 = EDGE_CURVE ( 'NONE', #2441, #4280, #4031, .T. ) ;
#2491 = CARTESIAN_POINT ( 'NONE',  ( -20.05422578245170584, 14.99999999999994493, -15.05506156216896940 ) ) ;
#2492 = CARTESIAN_POINT ( 'NONE',  ( -14.17616216128196172, 5.000000000000044409, -22.11065619096520862 ) ) ;
#2493 = CARTESIAN_POINT ( 'NONE',  ( -24.43933425312659224, -20.00000000000000355, 5.154548879217948354 ) ) ;
#2494 = CARTESIAN_POINT ( 'NONE',  ( 17.74794715689432678, -10.42860520360102505, -19.40291264998124987 ) ) ;
#2495 = ORIENTED_EDGE ( 'NONE', *, *, #861, .T. ) ;
#2496 = CARTESIAN_POINT ( 'NONE',  ( 35.37532167764071289, 11.00000000000007816, 29.55281273492684591 ) ) ;
#2497 = CARTESIAN_POINT ( 'NONE',  ( -20.97027543522028381, 14.99999999999994493, -13.05226606804622413 ) ) ;
#2498 = CARTESIAN_POINT ( 'NONE',  ( 13.34727270879451311, -6.278751121908383581, 25.06248603016763710 ) ) ;
#2499 = CARTESIAN_POINT ( 'NONE',  ( -15.75229010682297215, -15.79119993234647268, -16.64441037083222952 ) ) ;
#2500 = CARTESIAN_POINT ( 'NONE',  ( -21.40712985991820716, 5.000000000000061284, 8.170794980047103806 ) ) ;
#2501 = VERTEX_POINT ( 'NONE', #47 ) ;
#2502 = CARTESIAN_POINT ( 'NONE',  ( 15.02344911925047022, 6.249018582935615740, 24.09000723177461722 ) ) ;
#2503 = CARTESIAN_POINT ( 'NONE',  ( 16.65288106704442583, 15.55097468029892482, 22.99304658668469514 ) ) ;
#2504 = CARTESIAN_POINT ( 'NONE',  ( 42.47603674134575868, 11.00000000000001243, 4.191705303197845289 ) ) ;
#2505 = PLANE ( 'NONE',  #4156 ) ;
#2506 = CARTESIAN_POINT ( 'NONE',  ( 11.94036115668208886, -16.58239986469302352, 23.87107341757543821 ) ) ;
#2507 = B_SPLINE_CURVE_WITH_KNOTS ( 'NONE', 3,
 ( #3708, #671, #4580, #3819 ),
 .UNSPECIFIED., .F., .F.,
 ( 4, 4 ),
 ( -0.03000000000000000583, -0.005380240201895751528 ),
 .UNSPECIFIED. ) ;
#2508 = PLANE ( 'NONE',  #608 ) ;
#2509 = CARTESIAN_POINT ( 'NONE',  ( 2.401226258094098842, 15.30324130718411091, -24.84840790812653211 ) ) ;
#2510 =( NAMED_UNIT ( * ) SI_UNIT ( $, .STERADIAN. ) SOLID_ANGLE_UNIT ( ) );
#2511 = CARTESIAN_POINT ( 'NONE',  ( -11.58612192094587812, 15.55097468029879160, 25.91834134360371422 ) ) ;
#2512 = CARTESIAN_POINT ( 'NONE',  ( -22.35115947752805354, -17.37359979703952106, 5.100614677635267213 ) ) ;
#2513 = VERTEX_POINT ( 'NONE', #1351 ) ;
#2514 = CARTESIAN_POINT ( 'NONE',  ( -17.30896924334948750, 14.06172823677518835, 17.98391843266514201 ) ) ;
#2515 = APPLICATION_CONTEXT ( 'automotive_design' ) ;
#2516 = CARTESIAN_POINT ( 'NONE',  ( 15.08305988932305297, 15.24715843154283057, 21.15428079438603959 ) ) ;
#2517 = ADVANCED_FACE ( 'NONE', ( #910 ), #997, .F. ) ;
#2518 = DIRECTION ( 'NONE',  ( 0.000000000000000000, -3.304235192336773934E-15, 1.000000000000000000 ) ) ;
#2519 = CARTESIAN_POINT ( 'NONE',  ( -10.46638012453326638, -20.39633502492607420, -24.04576885978193701 ) ) ;
#2520 = DIRECTION ( 'NONE',  ( 0.4640957884091273522, 2.300476094296943667E-15, -0.8857850186026576811 ) ) ;
#2521 = CARTESIAN_POINT ( 'NONE',  ( 15.84140015667043855, 4.576123778155025690, -20.98410760084453131 ) ) ;
#2522 = ORIENTED_EDGE ( 'NONE', *, *, #3971, .F. ) ;
#2523 = CARTESIAN_POINT ( 'NONE',  ( 12.17657886903266906, -14.99999999999999822, 23.75132652720584048 ) ) ;
#2524 = CARTESIAN_POINT ( 'NONE',  ( -28.92111323629462305, -14.99999999999992895, -25.33415104505008131 ) ) ;
#2525 = CARTESIAN_POINT ( 'NONE',  ( 20.70702710066436580, 59.00000000000000000, -14.71571819469524378 ) ) ;
#2526 = CARTESIAN_POINT ( 'NONE',  ( 15.81886238415618884, -17.37359979703940738, -20.90275921035042828 ) ) ;
#2527 = CARTESIAN_POINT ( 'NONE',  ( -26.60841720291690038, -20.39633502492598893, -2.232249496245168441 ) ) ;
#2528 = VERTEX_POINT ( 'NONE', #5427 ) ;
#2529 = CARTESIAN_POINT ( 'NONE',  ( 15.79465505864759756, 15.37073764731419878, -16.60137133336637660 ) ) ;
#2530 = CARTESIAN_POINT ( 'NONE',  ( -26.43466900755741733, -15.00000000000000000, -3.688269122487370488 ) ) ;
#2531 = EDGE_LOOP ( 'NONE', ( #3411, #996 ) ) ;
#2532 = CARTESIAN_POINT ( 'NONE',  ( 11.73928904620206382, -14.61751437950477772, 25.84953061214169523 ) ) ;
#2533 = CARTESIAN_POINT ( 'NONE',  ( -12.41637040980138806, -19.01552579114155250, 23.20351429721299752 ) ) ;
#2534 = CARTESIAN_POINT ( 'NONE',  ( 15.26062610920323515, -16.58239986469293470, -21.02785905280667933 ) ) ;
#2535 = CARTESIAN_POINT ( 'NONE',  ( 19.23675979788736967, 14.99999999999996092, -15.22475352365111334 ) ) ;
#2536 = CARTESIAN_POINT ( 'NONE',  ( -28.28787905268895386, -14.46672624969552245, -2.421890145346345058 ) ) ;
#2537 = CARTESIAN_POINT ( 'NONE',  ( 11.03368510044587048, -16.58239986469302352, 23.77703741561136397 ) ) ;
#2538 = CARTESIAN_POINT ( 'NONE',  ( 3.993591262664964665E-15, -15.00000000000003908, 19.49999999999996092 ) ) ;
#2539 = B_SPLINE_CURVE_WITH_KNOTS ( 'NONE', 3,
 ( #4478, #4069, #2680, #3181 ),
 .UNSPECIFIED., .F., .F.,
 ( 4, 4 ),
 ( -0.1180000000000000215, 0.000000000000000000 ),
 .UNSPECIFIED. ) ;
#2540 = CARTESIAN_POINT ( 'NONE',  ( 26.05294758056215798, 15.12357921577141617, -2.879650492310708465 ) ) ;
#2541 = CARTESIAN_POINT ( 'NONE',  ( -21.16294038364216945, 0.4675987546542475504, 12.30144661644485282 ) ) ;
#2542 = CARTESIAN_POINT ( 'NONE',  ( -12.29926402927483764, 5.000000000000050626, 22.94266321315194901 ) ) ;
#2543 = VERTEX_POINT ( 'NONE', #3601 ) ;
#2544 = CARTESIAN_POINT ( 'NONE',  ( -20.25084748539725510, -14.57823771206901675, 14.59536378808333801 ) ) ;
#2545 = CARTESIAN_POINT ( 'NONE',  ( 26.12947893727687187, -15.00000000000000000, 2.073492955871864218 ) ) ;
#2546 = CARTESIAN_POINT ( 'NONE',  ( -9.293014608094903650, -59.00000000000000711, 20.38543120514405160 ) ) ;
#2547 = DIRECTION ( 'NONE',  ( 0.000000000000000000, 2.478176394252580549E-15, -1.000000000000000000 ) ) ;
#2548 = CARTESIAN_POINT ( 'NONE',  ( 7.038459178805682726, -19.38875661563046293, -21.83425157325727639 ) ) ;
#2549 = CARTESIAN_POINT ( 'NONE',  ( -17.11575444694148374, -20.00000000000004974, 22.54758103198510000 ) ) ;
#2550 = DIRECTION ( 'NONE',  ( -0.4640957884091279073, 0.000000000000000000, 0.8857850186026572370 ) ) ;
#2551 = ORIENTED_EDGE ( 'NONE', *, *, #4153, .F. ) ;
#2552 = FACE_OUTER_BOUND ( 'NONE', #1841, .T. ) ;
#2553 = CARTESIAN_POINT ( 'NONE',  ( 13.31218879168114455, -5.416836326972808813, 24.98394948612008193 ) ) ;
#2554 = EDGE_CURVE ( 'NONE', #1208, #2528, #2332, .T. ) ;
#2555 = DIRECTION ( 'NONE',  ( -0.5792811723426801729, -2.270164282536154493E-15, -0.8151277957285533171 ) ) ;
#2556 = AXIS2_PLACEMENT_3D ( 'NONE', #4858, #4386, #1776 ) ;
#2557 = CARTESIAN_POINT ( 'NONE',  ( 15.85049558536458925, 10.09454363110935482, 23.55451438250960905 ) ) ;
#2558 = CARTESIAN_POINT ( 'NONE',  ( -9.776351323987213959, -16.58239986469297733, -24.83596056313098188 ) ) ;
#2559 = ORIENTED_EDGE ( 'NONE', *, *, #1347, .T. ) ;
#2560 = CARTESIAN_POINT ( 'NONE',  ( 26.22820704644271217, -15.79119993234646913, 3.404412406451966522 ) ) ;
#2561 = CARTESIAN_POINT ( 'NONE',  ( -26.02019436661125695, -4.999999999999880984, -0.8199129144714956130 ) ) ;
#2562 = VERTEX_POINT ( 'NONE', #135 ) ;
#2563 = CARTESIAN_POINT ( 'NONE',  ( 16.12995806615328220, 13.70386472357964536, 23.36411122068464863 ) ) ;
#2564 = VECTOR ( 'NONE', #186, 1000.000000000000000 ) ;
#2565 = CARTESIAN_POINT ( 'NONE',  ( -2.633640485339040271, 13.81551346687490067, 24.82046667005362295 ) ) ;
#2566 = CARTESIAN_POINT ( 'NONE',  ( 11.78061893396766813, 14.99999999999992895, -25.73066422110565199 ) ) ;
#2567 = CARTESIAN_POINT ( 'NONE',  ( -26.20967321510102721, 11.39585192181824524, -2.109397079152143473 ) ) ;
#2568 = CARTESIAN_POINT ( 'NONE',  ( 15.52033682240353052, 15.12357921577141262, 21.12268800497441035 ) ) ;
#2569 = CARTESIAN_POINT ( 'NONE',  ( 26.26298094178407894, -4.999999999999876543, 0.4330455952809316722 ) ) ;
#2570 = CARTESIAN_POINT ( 'NONE',  ( -20.92998293646538954, 3.446874869031586464, 12.69619130556705855 ) ) ;
#2571 = CARTESIAN_POINT ( 'NONE',  ( -18.65526374753376615, -15.00000000000000178, 13.30342566822353589 ) ) ;
#2572 = CARTESIAN_POINT ( 'NONE',  ( -17.45977155649802270, 12.69672006139664688, 17.83230859038920713 ) ) ;
#2573 = CARTESIAN_POINT ( 'NONE',  ( 26.09779090419660363, -17.37359979703947133, 2.462869508087116799 ) ) ;
#2574 = CARTESIAN_POINT ( 'NONE',  ( -6.062283320197891179, -17.00000000000003197, 23.99861792934996885 ) ) ;
#2575 = CARTESIAN_POINT ( 'NONE',  ( 13.72016259612898992, -4.999999999999913847, -22.12419287565826664 ) ) ;
#2576 = VECTOR ( 'NONE', #2114, 999.9999999999998863 ) ;
#2577 = CARTESIAN_POINT ( 'NONE',  ( 17.15715983469985773, 15.42357359921080295, -18.13454957646555954 ) ) ;
#2578 = CARTESIAN_POINT ( 'NONE',  ( -28.26593483950675534, 9.666685102845770317, 1.718549853419965467 ) ) ;
#2579 = ORIENTED_EDGE ( 'NONE', *, *, #25, .T. ) ;
#2580 = CARTESIAN_POINT ( 'NONE',  ( 10.61626193850264066, -19.38875661563057307, 23.97477563427627700 ) ) ;
#2581 = CARTESIAN_POINT ( 'NONE',  ( 22.92316123015907436, -16.99999999999997158, -8.763107887587228362 ) ) ;
#2582 =( GEOMETRIC_REPRESENTATION_CONTEXT ( 3 ) GLOBAL_UNCERTAINTY_ASSIGNED_CONTEXT ( ( #3064 ) ) GLOBAL_UNIT_ASSIGNED_CONTEXT ( ( #218, #4615, #1498 ) ) REPRESENTATION_CONTEXT ( 'NONE', 'WORKASPACE' ) );
#2583 = CARTESIAN_POINT ( 'NONE',  ( -13.64831914635573540, -2.693712986277723154, -24.89534957973400253 ) ) ;
#2584 = CARTESIAN_POINT ( 'NONE',  ( 2.514104734450279821, -14.57824298875287816, 24.83539094567074912 ) ) ;
#2585 = CARTESIAN_POINT ( 'NONE',  ( -26.38463127680275733, -15.79119993234648689, -1.832966853129386564 ) ) ;
#2586 = ORIENTED_EDGE ( 'NONE', *, *, #1151, .F. ) ;
#2587 = CARTESIAN_POINT ( 'NONE',  ( 26.50395150837249858, 5.000000000000060396, -0.04611097833708346916 ) ) ;
#2588 = CARTESIAN_POINT ( 'NONE',  ( -12.29926402927483764, 5.000000000000050626, 22.94266321315194901 ) ) ;
#2589 = EDGE_LOOP ( 'NONE', ( #5347, #532, #5201, #5339, #822, #2386, #1737, #1579, #3290, #3085 ) ) ;
#2590 = CARTESIAN_POINT ( 'NONE',  ( 17.58948106839465098, -11.50983886272767265, 17.69896116536199671 ) ) ;
#2591 = B_SPLINE_CURVE_WITH_KNOTS ( 'NONE', 3,
 ( #2172, #841, #3502, #5644 ),
 .UNSPECIFIED., .F., .F.,
 ( 4, 4 ),
 ( -0.02999999999999999889, 0.000000000000000000 ),
 .UNSPECIFIED. ) ;
#2592 = CARTESIAN_POINT ( 'NONE',  ( -8.568035129341799561, 6.306380127440165850, 24.85250821832097046 ) ) ;
#2593 = EDGE_CURVE ( 'NONE', #5655, #732, #1194, .T. ) ;
#2594 = CARTESIAN_POINT ( 'NONE',  ( 28.16073382889943133, 15.00000000000001776, -2.681248504240198116 ) ) ;
#2595 = CARTESIAN_POINT ( 'NONE',  ( -23.93405746575943027, 7.241922247277127411, -7.025339711090586192 ) ) ;
#2596 = CARTESIAN_POINT ( 'NONE',  ( 2.193472712272723779, -15.00000000000000355, 22.80764515377486390 ) ) ;
#2597 = CARTESIAN_POINT ( 'NONE',  ( 26.07088815672877047, -19.38875661563040254, 2.793445376510543365 ) ) ;
#2598 = CARTESIAN_POINT ( 'NONE',  ( -20.65136889265061981, -18.83252692609146095, 14.05919378070194625 ) ) ;
#2599 = CARTESIAN_POINT ( 'NONE',  ( -22.38970280099601595, -18.38117820633502575, 4.961128005959261067 ) ) ;
#2600 = CARTESIAN_POINT ( 'NONE',  ( -24.36343306540946330, -17.42280935300734157, 5.487567390480801777 ) ) ;
#2601 = CARTESIAN_POINT ( 'NONE',  ( 17.77968095179434371, 5.000000000000054179, 14.45372079077806760 ) ) ;
#2602 = CARTESIAN_POINT ( 'NONE',  ( 9.805264232445418671, 19.66666666666647245, 22.28657755640338678 ) ) ;
#2603 = CARTESIAN_POINT ( 'NONE',  ( -1.682726856743141264, -17.00000000000004619, 24.46854229137046843 ) ) ;
#2604 = CARTESIAN_POINT ( 'NONE',  ( -10.91598783493150826, -17.37359979703941093, -23.83278465356287157 ) ) ;
#2605 = CYLINDRICAL_SURFACE ( 'NONE', #1621, 2.100000000000000977 ) ;
#2606 = CARTESIAN_POINT ( 'NONE',  ( 17.86015797975269592, -11.33122121414902139, -19.29767982840854046 ) ) ;
#2607 = CARTESIAN_POINT ( 'NONE',  ( -28.31015780902302126, 4.333247024995652730, 0.7705769539123882295 ) ) ;
#2608 = VERTEX_POINT ( 'NONE', #3258 ) ;
#2609 = CARTESIAN_POINT ( 'NONE',  ( 11.94036115668208886, -16.58239986469302352, 23.87107341757543821 ) ) ;
#2610 = DIRECTION ( 'NONE',  ( 0.6263445933273878996, 0.7071067811865500152, 0.3281652791042122264 ) ) ;
#2611 = CARTESIAN_POINT ( 'NONE',  ( 2.301203887642049306, -15.94071135885810619, 24.86036602672732343 ) ) ;
#2612 = CARTESIAN_POINT ( 'NONE',  ( -26.35555435618231002, -18.38117820633497246, -2.261816175780662519 ) ) ;
#2613 = ORIENTED_EDGE ( 'NONE', *, *, #3524, .T. ) ;
#2614 = CARTESIAN_POINT ( 'NONE',  ( 26.43465691739218926, -15.00000000000000000, 3.688242715276417893 ) ) ;
#2615 = CARTESIAN_POINT ( 'NONE',  ( -25.85321587658253151, -15.79119993234651531, -2.573583031528309473 ) ) ;
#2616 = PLANE ( 'NONE',  #2556 ) ;
#2617 = CARTESIAN_POINT ( 'NONE',  ( -11.52139570245393152, -19.38875661563051978, -24.08343777243306860 ) ) ;
#2618 = B_SPLINE_SURFACE_WITH_KNOTS ( 'NONE', 3, 3, ( 
 ( #2390, #3320, #1923, #141, #4157, #4592, #1955, #1471, #2882, #569 ),
 ( #196, #3717, #2422, #3263, #5138, #4646, #5484, #5513, #3691, #5088 ),
 ( #1501, #3289, #1058, #2853, #5572, #4621, #597, #1087, #250, #3743 ),
 ( #628, #2934, #4183, #2364, #1532, #4129, #656, #2448, #4209, #5546 ),
 ( #223, #4239, #5030, #1140, #1596, #3347, #3371, #3775, #5113, #1029 ),
 ( #1112, #4676, #681, #4358, #4828, #2500, #4704, #4765, #4327, #3918 ),
 ( #2068, #273, #2615, #767, #2561, #3488, #1235, #5595, #391, #5625 ),
 ( #3863, #5686, #2184, #5169, #1207, #334, #1690, #3943, #1172, #2967 ),
 ( #3397, #1265, #1662, #2129, #5715, #3030, #4734, #303, #1717, #4385 ),
 ( #739, #2096, #3001, #2530, #3457, #3834, #4265, #4298, #3428, #5200 ) ),
 .UNSPECIFIED., .F., .F., .F.,
 ( 4, 3, 3, 4 ),
 ( 4, 3, 3, 4 ),
 ( -0.02734811711631747813, -0.02598076211353312140, 0.000000000000000000, 0.001367371366889954002 ),
 ( -0.03237359979703951368, -0.02999999999999999889, 0.000000000000000000, 0.0003707376473141917755 ),
 .UNSPECIFIED. ) ;
#2619 = CARTESIAN_POINT ( 'NONE',  ( -6.984927938272691428, -14.48976411409540432, 23.96438740957774982 ) ) ;
#2620 = DIRECTION ( 'NONE',  ( -0.8857850186026573480, 1.089762695025457616E-15, -0.4640957884091279628 ) ) ;
#2621 = CARTESIAN_POINT ( 'NONE',  ( -23.24626036652019323, -6.395505396391311770, -9.048924773534524846 ) ) ;
#2622 = FACE_OUTER_BOUND ( 'NONE', #3020, .T. ) ;
#2623 = EDGE_CURVE ( 'NONE', #682, #4405, #2675, .T. ) ;
#2624 = CARTESIAN_POINT ( 'NONE',  ( 26.50576751695693289, -4.999999999999873879, 0.04617827609019098389 ) ) ;
#2625 = CARTESIAN_POINT ( 'NONE',  ( -25.53448788212194742, -14.31237846545241865, -6.297839341855367756 ) ) ;
#2626 = CARTESIAN_POINT ( 'NONE',  ( -20.31986912618413044, 10.89503030325280264, 13.66658262075606167 ) ) ;
#2627 = CARTESIAN_POINT ( 'NONE',  ( -26.23820777995219089, -4.999999999999877431, -1.221665060653193136 ) ) ;
#2628 = EDGE_CURVE ( 'NONE', #1025, #457, #5238, .T. ) ;
#2629 = CARTESIAN_POINT ( 'NONE',  ( -25.78355540807251245, 7.061930064061580303, 5.128569800484150676 ) ) ;
#2630 = CARTESIAN_POINT ( 'NONE',  ( 15.75229010682309472, -15.79119993234648334, 16.64441037083223662 ) ) ;
#2631 = CARTESIAN_POINT ( 'NONE',  ( 0.8246162924845502618, 19.66666666666647600, 24.35002165773711624 ) ) ;
#2632 = CARTESIAN_POINT ( 'NONE',  ( -24.34202681694527826, 15.00000000000000178, 8.045503753993523688 ) ) ;
#2633 = DIRECTION ( 'NONE',  ( 1.003456252704766818E-16, -1.000000000000000000, -2.539663957332261757E-15 ) ) ;
#2634 = CARTESIAN_POINT ( 'NONE',  ( 18.39972581062034251, -15.80026984470253559, -18.79587270727339998 ) ) ;
#2635 = CARTESIAN_POINT ( 'NONE',  ( 23.89322957795355862, -6.516232775243349984, -7.154450255212399412 ) ) ;
#2636 = EDGE_LOOP ( 'NONE', ( #3892, #4444 ) ) ;
#2637 = CARTESIAN_POINT ( 'NONE',  ( 10.91600042711308127, -17.37359979703953528, 23.83278601748735070 ) ) ;
#2638 = CARTESIAN_POINT ( 'NONE',  ( -12.53166649360363749, -10.33337064759177082, -25.37801615542417011 ) ) ;
#2639 = CARTESIAN_POINT ( 'NONE',  ( 6.298405656091505378, 9.969331619045430415, 24.14159688033984708 ) ) ;
#2640 = CARTESIAN_POINT ( 'NONE',  ( -26.26298762787111585, -4.999999999999877431, -0.4330349413615491860 ) ) ;
#2641 = ORIENTED_EDGE ( 'NONE', *, *, #2628, .F. ) ;
#2643 = VECTOR ( 'NONE', #5052, 1000.000000000000114 ) ;
#2642 = CARTESIAN_POINT ( 'NONE',  ( 15.81956125153481629, 15.12357921577140374, -16.57607929103475541 ) ) ;
#2644 = CARTESIAN_POINT ( 'NONE',  ( -11.45605783541765099, -16.99999999999992895, -25.87724028603494020 ) ) ;
#2645 = ORIENTED_EDGE ( 'NONE', *, *, #3373, .T. ) ;
#2646 = CARTESIAN_POINT ( 'NONE',  ( 22.08854639860092561, 11.00000000000005684, 23.99137590878978799 ) ) ;
#2647 = VECTOR ( 'NONE', #3603, 1000.000000000000000 ) ;
#2648 = CARTESIAN_POINT ( 'NONE',  ( -8.103079315274776206, 9.286458410195590929, 25.01231145210141094 ) ) ;
#2649 = CARTESIAN_POINT ( 'NONE',  ( -25.86545857163423534, 14.99999999999999289, 2.445005701234344908 ) ) ;
#2650 = CARTESIAN_POINT ( 'NONE',  ( -17.42657614459833937, -12.99942702036758035, -17.86622164634265175 ) ) ;
#2651 = CARTESIAN_POINT ( 'NONE',  ( 25.93365037332254985, -9.619759798110139926, 1.569419589476463317 ) ) ;
#2652 = EDGE_LOOP ( 'NONE', ( #2301, #2735, #1995, #1124 ) ) ;
#2653 = EDGE_CURVE ( 'NONE', #879, #1100, #1801, .T. ) ;
#2654 = CARTESIAN_POINT ( 'NONE',  ( 28.19497597008064815, -20.20968871806119083, 3.435575900795691862 ) ) ;
#2655 = CARTESIAN_POINT ( 'NONE',  ( 25.81313964186264442, -18.38117820633493693, 2.994478532621497102 ) ) ;
#2656 = CARTESIAN_POINT ( 'NONE',  ( -23.16242319073889533, 7.855352552410590938, 9.262082166537554784 ) ) ;
#2658 = CARTESIAN_POINT ( 'NONE',  ( -26.19478064337489798, -17.37359979703954593, -3.665594197382056496 ) ) ;
#2657 = VECTOR ( 'NONE', #4049, 999.9999999999998863 ) ;
#2659 = LINE ( 'NONE', #4901, #4041 ) ;
#2660 = CARTESIAN_POINT ( 'NONE',  ( 14.48095599347563045, 14.99999999999999822, 22.42090456907762430 ) ) ;
#2661 = B_SPLINE_CURVE_WITH_KNOTS ( 'NONE', 3,
 ( #2077, #345, #4809, #4306 ),
 .UNSPECIFIED., .F., .F.,
 ( 4, 4 ),
 ( -0.1179999999999999938, 0.000000000000000000 ),
 .UNSPECIFIED. ) ;
#2662 = CARTESIAN_POINT ( 'NONE',  ( 13.56757232633692922, -17.00000000000005329, 25.17163048293880578 ) ) ;
#2663 = CARTESIAN_POINT ( 'NONE',  ( 4.628573982554341271, -20.00000000000001421, 9.480970566792386478 ) ) ;
#2664 = CARTESIAN_POINT ( 'NONE',  ( 22.23844882008636503, -14.42954168110464863, -10.27719566558396025 ) ) ;
#2665 = CARTESIAN_POINT ( 'NONE',  ( 20.50687559800384818, 8.545234518621166231, -13.37637413541530229 ) ) ;
#2666 = ORIENTED_EDGE ( 'NONE', *, *, #2143, .F. ) ;
#2667 = CARTESIAN_POINT ( 'NONE',  ( 1.708677497080238306, -18.38117820633503996, 22.86960479981505401 ) ) ;
#2668 = LINE ( 'NONE', #4993, #3445 ) ;
#2669 = VECTOR ( 'NONE', #9, 999.9999999999998863 ) ;
#2670 = B_SPLINE_SURFACE_WITH_KNOTS ( 'NONE', 3, 3, ( 
 ( #2527, #1204, #1262, #5683, #3057, #793, #331, #4825, #4762, #3396, #3511, #821, #4295 ),
 ( #299, #848, #2612, #5712, #4382, #2585, #5621, #2152, #2181, #4355, #3860, #2212, #1743 ),
 ( #4730, #2125, #5283, #2965, #3888, #3084, #1291, #2640, #5594, #1625, #2093, #5167, #1169 ),
 ( #3424, #5654, #5369, #4063, #3200, #4000, #1349, #106, #562, #4556, #1435, #966, #5424 ),
 ( #2300, #3973, #3565, #1829, #2726, #2673, #3626, #4089, #1772, #5740, #4028, #3599, #4969 ),
 ( #1320, #5309, #1887, #45, #1380, #2754, #505, #4881, #1799, #2699, #3538, #3653, #3110 ),
 ( #4469, #447, #3174, #2785, #3226, #908, #2241, #474, #4440, #536, #2272, #4942, #4996 ),
 ( #937, #995, #878, #18, #5338, #3145, #4912, #4498, #77, #1860, #5396, #1410, #4529 ),
 ( #2331, #1464, #4639, #2357, #621, #1974, #3712, #4175, #3256, #1131, #647, #5478, #1524 ),
 ( #2414, #1495, #3737, #3283, #2874, #1024, #5535, #4232, #3799, #241, #1051, #133, #2901 ) ),
 .UNSPECIFIED., .F., .F., .F.,
 ( 4, 3, 3, 4 ),
 ( 4, 3, 3, 3, 4 ),
 ( -0.02734811694444261657, -0.02598076211353312487, 0.000000000000000000, 0.001367342549200996436 ),
 ( -0.03539633502492593731, -0.03237359979703943735, -0.02999999999999999889, 0.000000000000000000, 0.0003707376473141215734 ),
 .UNSPECIFIED. ) ;
#2671 = CARTESIAN_POINT ( 'NONE',  ( -14.11506865906061314, 0.2870934093879423665, -24.63941523592709615 ) ) ;
#2672 = CARTESIAN_POINT ( 'NONE',  ( 6.919618149647241090, 14.06172271429553788, 23.98200405584134387 ) ) ;
#2673 = CARTESIAN_POINT ( 'NONE',  ( -20.80457130222345796, -15.79119993234649044, -9.609713051860232724 ) ) ;
#2674 = ORIENTED_EDGE ( 'NONE', *, *, #1474, .F. ) ;
#2675 = LINE ( 'NONE', #2359, #770 ) ;
#2676 = ORIENTED_EDGE ( 'NONE', *, *, #2346, .F. ) ;
#2677 = AXIS2_PLACEMENT_3D ( 'NONE', #1035, #229, #2942 ) ;
#2678 = DIRECTION ( 'NONE',  ( 0.000000000000000000, -2.478176394252584099E-15, -1.000000000000000000 ) ) ;
#2679 = CARTESIAN_POINT ( 'NONE',  ( 2.613992663297435737, 13.94124391758587755, -24.82282749650354603 ) ) ;
#2680 = CARTESIAN_POINT ( 'NONE',  ( 18.85006413320978069, 19.66666666666637653, 20.23186780026686904 ) ) ;
#2681 = CARTESIAN_POINT ( 'NONE',  ( -18.85006413320980556, 19.66666666666637653, -20.23186780026684417 ) ) ;
#2682 = CARTESIAN_POINT ( 'NONE',  ( -18.98388496990148511, 1.666002324332811924, -16.17623755970098642 ) ) ;
#2683 = VERTEX_POINT ( 'NONE', #4002 ) ;
#2684 = CARTESIAN_POINT ( 'NONE',  ( -15.71389266319527955, -16.58239986469302352, 20.98008798990428403 ) ) ;
#2685 = CARTESIAN_POINT ( 'NONE',  ( 22.26981161431335110, 15.24715843154283057, 5.394994566576842843 ) ) ;
#2686 = CARTESIAN_POINT ( 'NONE',  ( -28.37428292071643199, 6.249018580231551212, 0.9656847833833778205 ) ) ;
#2687 = CARTESIAN_POINT ( 'NONE',  ( -25.86545857163426732, -15.00000000000000000, -2.445005701233982087 ) ) ;
#2688 = CARTESIAN_POINT ( 'NONE',  ( -25.74092072778220697, 8.426039735097347716, 5.349552448872110233 ) ) ;
#2689 = CARTESIAN_POINT ( 'NONE',  ( -7.064602049368732928, -15.88393198527211148, -25.33657177638081137 ) ) ;
#2690 = CARTESIAN_POINT ( 'NONE',  ( -10.54570262075912446, 6.548646158264375572, -24.08048409259304989 ) ) ;
#2691 = DIRECTION ( 'NONE',  ( 4.064784181921418638E-16, -1.000000000000000000, 2.538572003884065318E-15 ) ) ;
#2692 = CARTESIAN_POINT ( 'NONE',  ( 20.51129460912703095, -17.34478444704808808, -14.24662331415287397 ) ) ;
#2693 = CARTESIAN_POINT ( 'NONE',  ( 22.05965294682195577, -11.91078812616157556, -10.63988327606874407 ) ) ;
#2694 = VERTEX_POINT ( 'NONE', #507 ) ;
#2695 = CARTESIAN_POINT ( 'NONE',  ( 5.038281038736110773, 5.000000000000050626, 22.35368190093761243 ) ) ;
#2696 = DIRECTION ( 'NONE',  ( 0.000000000000000000, -2.579845169401405230E-15, 1.000000000000000000 ) ) ;
#2697 = EDGE_CURVE ( 'NONE', #537, #1924, #1862, .T. ) ;
#2698 = CARTESIAN_POINT ( 'NONE',  ( -5.772985751424472234, -6.516433044339001057, 24.26848036079057991 ) ) ;
#2699 = CARTESIAN_POINT ( 'NONE',  ( -18.65526374753394379, 14.99999999999999112, -13.30342566822326056 ) ) ;
#2700 = VERTEX_POINT ( 'NONE', #3825 ) ;
#2701 = CARTESIAN_POINT ( 'NONE',  ( -23.09769934187113449, -59.00000000000108713, 10.57495240868056818 ) ) ;
#2702 = CARTESIAN_POINT ( 'NONE',  ( -25.10909282156292122, -19.66666666666664653, -5.785380015444576252 ) ) ;
#2703 = CARTESIAN_POINT ( 'NONE',  ( -1.943401160720376719, 12.63643796786879747, -24.41622574551387714 ) ) ;
#2704 = CARTESIAN_POINT ( 'NONE',  ( -15.63894627681351679, -8.655227226801274654, 23.70151552498769831 ) ) ;
#2705 = CARTESIAN_POINT ( 'NONE',  ( 39.25533786581391382, 11.00000000000010125, 38.63040834680357705 ) ) ;
#2706 = CARTESIAN_POINT ( 'NONE',  ( -20.68850582298126639, -6.455967729117042531, -13.09126066411227463 ) ) ;
#2707 = EDGE_LOOP ( 'NONE', ( #2674, #3155 ) ) ;
#2708 = CARTESIAN_POINT ( 'NONE',  ( 13.56757232633692567, 14.99999999999994671, 25.17163048293888750 ) ) ;
#2709 = SHAPE_REPRESENTATION ( 'NAMLU_AGIZLIK_2', ( #2313 ), #1553 ) ;
#2710 = CARTESIAN_POINT ( 'NONE',  ( 11.72280824279362754, 15.00000000000000533, -23.70843257405479676 ) ) ;
#2711 = CARTESIAN_POINT ( 'NONE',  ( 9.965427036095062974, 15.37073764731419345, -24.76038508207966515 ) ) ;
#2712 = CARTESIAN_POINT ( 'NONE',  ( 13.71929715842294328, 5.000000000000023981, 22.12280670378009617 ) ) ;
#2713 = B_SPLINE_SURFACE_WITH_KNOTS ( 'NONE', 3, 3, ( 
 ( #22, #1802, #4033, #50 ),
 ( #4067, #1833, #2758, #5373 ),
 ( #4503, #2788, #5028, #2817 ),
 ( #3569, #1863, #5400, #510 ) ),
 .UNSPECIFIED., .F., .F., .F.,
 ( 4, 4 ),
 ( 4, 4 ),
 ( -0.02453738644055909746, -0.0008660254037844394544 ),
 ( -0.1180000000000000215, 0.000000000000000000 ),
 .UNSPECIFIED. ) ;
#2714 = CARTESIAN_POINT ( 'NONE',  ( -26.16879295312846310, -8.593081715449869762, 2.571831436530005899 ) ) ;
#2715 = CARTESIAN_POINT ( 'NONE',  ( -26.43466900755741733, -15.00000000000000000, -3.688269122487370488 ) ) ;
#2716 = DIRECTION ( 'NONE',  ( -0.4640957884091279073, -2.315503849940102535E-15, 0.8857850186026572370 ) ) ;
#2717 = CARTESIAN_POINT ( 'NONE',  ( -9.408824130700423893, -0.8798494791882985888, -24.54389827662054913 ) ) ;
#2718 = CARTESIAN_POINT ( 'NONE',  ( -11.12219180773232985, -20.20968872001145300, -26.13535337828149352 ) ) ;
#2719 = CARTESIAN_POINT ( 'NONE',  ( 28.08465519105842034, -19.99999999999999645, 3.548887639991163301 ) ) ;
#2720 = FACE_OUTER_BOUND ( 'NONE', #5626, .T. ) ;
#2721 = CARTESIAN_POINT ( 'NONE',  ( 24.24593726250059333, -14.69838593779663150, -5.921544459353966339 ) ) ;
#2722 = ORIENTED_EDGE ( 'NONE', *, *, #2768, .F. ) ;
#2723 = CARTESIAN_POINT ( 'NONE',  ( -6.758317853016059473, -17.37359979703951396, 21.90697925039431126 ) ) ;
#2724 = CARTESIAN_POINT ( 'NONE',  ( 18.22302231404914608, 15.00000000000004086, 19.06106187871884217 ) ) ;
#2725 = CARTESIAN_POINT ( 'NONE',  ( -13.23203898885356722, 7.004814127197211526, 25.11857479540237392 ) ) ;
#2726 = CARTESIAN_POINT ( 'NONE',  ( -20.76040614464049483, -16.58239986469297378, -9.715206618169061059 ) ) ;
#2727 = ORIENTED_EDGE ( 'NONE', *, *, #4079, .F. ) ;
#2728 = CARTESIAN_POINT ( 'NONE',  ( 21.52285620492538953, -59.00000000000014211, -9.853932926270504211 ) ) ;
#2729 = DIRECTION ( 'NONE',  ( 1.003456252704766818E-16, -1.000000000000000000, -2.539663957332261757E-15 ) ) ;
#2730 = LINE ( 'NONE', #999, #2001 ) ;
#2731 = EDGE_CURVE ( 'NONE', #1744, #642, #243, .T. ) ;
#2732 = CARTESIAN_POINT ( 'NONE',  ( 10.96336273939140327, -9.306376550438296036, -23.89678842299865025 ) ) ;
#2733 = CARTESIAN_POINT ( 'NONE',  ( -23.09769934187114515, 58.99999999999990763, -10.57495240868053621 ) ) ;
#2734 = CARTESIAN_POINT ( 'NONE',  ( -21.83025148812956573, 8.545229353722794130, -11.08598981239858716 ) ) ;
#2735 = ORIENTED_EDGE ( 'NONE', *, *, #1669, .T. ) ;
#2736 = CARTESIAN_POINT ( 'NONE',  ( -2.140309816156774847, 15.37073764731423609, 22.81443444943382559 ) ) ;
#2737 = AXIS2_PLACEMENT_3D ( 'NONE', #3683, #4121, #188 ) ;
#2738 = AXIS2_PLACEMENT_3D ( 'NONE', #3803, #2904, #2467 ) ;
#2739 = CARTESIAN_POINT ( 'NONE',  ( -5.038281038735953565, 5.000000000000042633, -22.35368190093765151 ) ) ;
#2740 = CARTESIAN_POINT ( 'NONE',  ( 10.23037662907142220, 15.37073764731419345, -24.38954225976311463 ) ) ;
#2741 = CARTESIAN_POINT ( 'NONE',  ( 18.68772489810616477, 15.37073764731425030, 13.26077989747795449 ) ) ;
#2742 = CARTESIAN_POINT ( 'NONE',  ( -26.28629420246732096, -17.52811493583563873, 1.095412312646386610 ) ) ;
#2743 = CARTESIAN_POINT ( 'NONE',  ( -26.13091357371058265, -20.39633502492609551, -4.164475721931048646 ) ) ;
#2744 = SURFACE_SIDE_STYLE ('',( #955 ) ) ;
#2745 = CARTESIAN_POINT ( 'NONE',  ( 14.53296138507139723, 15.37073764731424852, 22.38706447727249937 ) ) ;
#2746 = AXIS2_PLACEMENT_3D ( 'NONE', #4726, #818, #1256 ) ;
#2747 = CARTESIAN_POINT ( 'NONE',  ( -11.88995288478656143, 15.48687194828888103, -23.46118446620654652 ) ) ;
#2748 = CARTESIAN_POINT ( 'NONE',  ( 39.25533786581391382, 11.00000000000010125, 38.63040834680357705 ) ) ;
#2749 = CARTESIAN_POINT ( 'NONE',  ( 23.76411505339546082, -3.788796845710240557, -7.561857239189865076 ) ) ;
#2750 = ORIENTED_EDGE ( 'NONE', *, *, #3936, .T. ) ;
#2751 = CARTESIAN_POINT ( 'NONE',  ( -10.79695342910821942, 15.12357921577141262, 23.63105024116763531 ) ) ;
#2752 = CARTESIAN_POINT ( 'NONE',  ( 27.91522172115910294, 9.669827470412663217, -2.212657854737860585 ) ) ;
#2753 = CARTESIAN_POINT ( 'NONE',  ( -2.401444604843053998, 15.30323866914371500, 24.84842890969310858 ) ) ;
#2754 = CARTESIAN_POINT ( 'NONE',  ( -15.75229010682297215, -15.79119993234647268, -16.64441037083222952 ) ) ;
#2755 = ORIENTED_EDGE ( 'NONE', *, *, #4865, .F. ) ;
#2756 = CARTESIAN_POINT ( 'NONE',  ( 14.58127253760311071, 14.99999999999995204, 23.23685649248335494 ) ) ;
#2757 = CARTESIAN_POINT ( 'NONE',  ( 0.000000000000000000, 0.000000000000000000, 0.000000000000000000 ) ) ;
#2758 = CARTESIAN_POINT ( 'NONE',  ( 22.56229568264213015, 19.66666666666630547, 2.461630264833000847 ) ) ;
#2759 = B_SPLINE_CURVE_WITH_KNOTS ( 'NONE', 3,
 ( #3687, #5428, #2702, #2388 ),
 .UNSPECIFIED., .F., .F.,
 ( 4, 4 ),
 ( -0.1179999999999999938, 0.000000000000000000 ),
 .UNSPECIFIED. ) ;
#2760 = B_SPLINE_SURFACE_WITH_KNOTS ( 'NONE', 3, 3, ( 
 ( #3508, #5306, #4760, #5281 ),
 ( #5251, #3421, #3480, #1288 ),
 ( #5194, #2121, #1318, #761 ),
 ( #3108, #327, #3451, #3885 ) ),
 .UNSPECIFIED., .F., .F., .F.,
 ( 4, 4 ),
 ( 4, 4 ),
 ( -0.02453738644055909399, -0.0008660254037844358765 ),
 ( -0.1179999999999999938, 0.000000000000000000 ),
 .UNSPECIFIED. ) ;
#2761 = CARTESIAN_POINT ( 'NONE',  ( 14.92322360440974194, -3.911151298182467428, -24.15765385593142511 ) ) ;
#2762 = CARTESIAN_POINT ( 'NONE',  ( -13.11681850954716033, 7.739528664680708658, 25.18028013318928160 ) ) ;
#2763 = VECTOR ( 'NONE', #1613, 999.9999999999998863 ) ;
#2764 = CARTESIAN_POINT ( 'NONE',  ( -15.93963146527661578, -3.850523483177807904, -20.90675949333461503 ) ) ;
#2765 = EDGE_LOOP ( 'NONE', ( #582, #3817, #2613, #5716 ) ) ;
#2766 = CARTESIAN_POINT ( 'NONE',  ( 25.30632322617701391, -20.26398857354931948, 7.252771699532897465 ) ) ;
#2767 = AXIS2_PLACEMENT_3D ( 'NONE', #4587, #5481, #3259 ) ;
#2768 = EDGE_CURVE ( 'NONE', #613, #3209, #649, .T. ) ;
#2769 = CARTESIAN_POINT ( 'NONE',  ( -15.09950666624244064, 15.37073764731412595, -21.14260051510319016 ) ) ;
#2770 = CARTESIAN_POINT ( 'NONE',  ( 20.76040614464054457, -16.58239986469296667, 9.715206618169172970 ) ) ;
#2771 = CARTESIAN_POINT ( 'NONE',  ( -26.22662490506506217, 12.50793566248004751, -1.926031883043771709 ) ) ;
#2772 = CARTESIAN_POINT ( 'NONE',  ( -26.25228036626835149, -14.55325521520116006, 1.588238601143347140 ) ) ;
#2773 = CARTESIAN_POINT ( 'NONE',  ( 18.79381880666943161, -16.58239986469293825, -13.12143580505658491 ) ) ;
#2774 = CARTESIAN_POINT ( 'NONE',  ( 16.12675327299960060, -10.77825683624532616, 19.92276635557911035 ) ) ;
#2775 = CARTESIAN_POINT ( 'NONE',  ( 9.899767195138043263, -15.79119993234648689, 24.78660648382759035 ) ) ;
#2776 = CARTESIAN_POINT ( 'NONE',  ( 14.39811021103848532, -19.66666666666664653, 19.63489669432384943 ) ) ;
#2777 = CARTESIAN_POINT ( 'NONE',  ( -5.312300785058448049, 3.507378009932691221, -24.37045993783393882 ) ) ;
#2778 = CARTESIAN_POINT ( 'NONE',  ( 28.28211717278160009, -13.12615818045069105, 2.491964210891500109 ) ) ;
#2779 = CARTESIAN_POINT ( 'NONE',  ( 28.36670380871284891, -3.910835945552471049, 0.8158954758853145250 ) ) ;
#2780 = EDGE_LOOP ( 'NONE', ( #2902, #1941, #5735, #1419 ) ) ;
#2781 = CARTESIAN_POINT ( 'NONE',  ( 6.428346811605853084, 15.00000000000000355, 21.99264325336344683 ) ) ;
#2782 = CARTESIAN_POINT ( 'NONE',  ( -15.71218108619628850, -10.33342258182961260, 23.54174443255211102 ) ) ;
#2783 = EDGE_CURVE ( 'NONE', #5259, #3767, #3635, .T. ) ;
#2784 = CARTESIAN_POINT ( 'NONE',  ( -16.34776802316670441, -13.46184734338462796, 23.21126414893621259 ) ) ;
#2785 = CARTESIAN_POINT ( 'NONE',  ( -10.46287449041606621, -17.37359979703946422, -23.78370559485096791 ) ) ;
#2786 = ORIENTED_EDGE ( 'NONE', *, *, #4430, .T. ) ;
#2787 = DIRECTION ( 'NONE',  ( -0.09410831331851540749, -3.359721738994011061E-14, 0.9955619646030798853 ) ) ;
#2788 = CARTESIAN_POINT ( 'NONE',  ( 13.41298214416056744, -19.66666666666659324, 18.30870605607716683 ) ) ;
#2789 = CARTESIAN_POINT ( 'NONE',  ( 8.450288118098347567, 7.061930280013849703, -24.89349803335927191 ) ) ;
#2790 = CARTESIAN_POINT ( 'NONE',  ( -26.42585166628884608, 15.37073764731411885, 3.749914000299360950 ) ) ;
#2791 = CARTESIAN_POINT ( 'NONE',  ( 25.85321587658251730, -15.79119993234646913, 2.573583031528481335 ) ) ;
#2792 = CARTESIAN_POINT ( 'NONE',  ( -20.19020813411998816, 13.94124406733875787, -14.67518650768182376 ) ) ;
#2793 = ORIENTED_EDGE ( 'NONE', *, *, #2878, .F. ) ;
#2794 = CARTESIAN_POINT ( 'NONE',  ( 25.42065982118915812, -17.28816091596095816, 6.775525928058148573 ) ) ;
#2795 = CARTESIAN_POINT ( 'NONE',  ( 3.627448908124058846, 5.000000000000058620, -22.62451577082511989 ) ) ;
#2796 = CARTESIAN_POINT ( 'NONE',  ( -20.78029891788386152, 59.00000000000002132, -1.998497360070437656 ) ) ;
#2797 = CARTESIAN_POINT ( 'NONE',  ( -2.227671861124486341, 59.00000000000000000, -23.56630669860016525 ) ) ;
#2798 = CARTESIAN_POINT ( 'NONE',  ( 14.88873598261556985, -16.58239986469293470, -21.86005842437507951 ) ) ;
#2799 =( LENGTH_UNIT ( ) NAMED_UNIT ( * ) SI_UNIT ( .MILLI., .METRE. ) );
#2800 = CARTESIAN_POINT ( 'NONE',  ( 2.251137913559844161, -14.63844422683015267, -24.39588113147289050 ) ) ;
#2801 = EDGE_CURVE ( 'NONE', #5609, #1691, #1150, .T. ) ;
#2802 = CARTESIAN_POINT ( 'NONE',  ( -13.03078612237650979, -8.294262899121928712, -25.22966589953930239 ) ) ;
#2803 = CARTESIAN_POINT ( 'NONE',  ( -19.29518434380087299, 59.00000000000013500, 13.71237377232965926 ) ) ;
#2804 = CARTESIAN_POINT ( 'NONE',  ( -10.42977133535740286, -15.00000000000000000, 3.691342167017225950 ) ) ;
#2805 = CARTESIAN_POINT ( 'NONE',  ( -10.00394113374048111, 15.12357921577139308, 24.74494941560380212 ) ) ;
#2806 = ORIENTED_EDGE ( 'NONE', *, *, #4059, .F. ) ;
#2807 = CARTESIAN_POINT ( 'NONE',  ( -11.66761599533966098, 15.37073764731424319, 23.73558287973499858 ) ) ;
#2808 = CARTESIAN_POINT ( 'NONE',  ( 27.74013262397943080, 11.00000000000008171, 32.59716309748495178 ) ) ;
#2809 = CARTESIAN_POINT ( 'NONE',  ( -11.78061893396747628, 15.00000000000004796, 25.73066422110573725 ) ) ;
#2810 = APPLICATION_CONTEXT ( 'automotive_design' ) ;
#2811 = CARTESIAN_POINT ( 'NONE',  ( 17.11071240074755195, 14.99999999999994316, 27.02801363657540179 ) ) ;
#2812 = CARTESIAN_POINT ( 'NONE',  ( 2.390672241206769577, -59.00000000000000000, -25.29067060337579065 ) ) ;
#2813 = LINE ( 'NONE', #2440, #2643 ) ;
#2814 = ORIENTED_EDGE ( 'NONE', *, *, #98, .T. ) ;
#2815 = DIRECTION ( 'NONE',  ( 1.003456252704766818E-16, -1.000000000000000000, -2.539663957332261757E-15 ) ) ;
#2816 = DIRECTION ( 'NONE',  ( 1.000000000000000000, 0.000000000000000000, 0.000000000000000000 ) ) ;
#2817 = CARTESIAN_POINT ( 'NONE',  ( 20.78029891788390060, 59.00000000000002132, 1.998497360070444540 ) ) ;
#2818 = B_SPLINE_CURVE_WITH_KNOTS ( 'NONE', 3,
 ( #153, #1041, #2833, #1992, #5071, #3728 ),
 .UNSPECIFIED., .F., .F.,
 ( 4, 2, 4 ),
 ( 0.1149377361614739024, 0.1290917286286369925, 0.1432457210958000549 ),
 .UNSPECIFIED. ) ;
#2819 = CARTESIAN_POINT ( 'NONE',  ( -26.05071250276206740, 15.24715843154274708, 2.899901987839134332 ) ) ;
#2820 = CARTESIAN_POINT ( 'NONE',  ( -15.34253136333658851, 8.369367963760190321, -23.88911105992726647 ) ) ;
#2821 = ORIENTED_EDGE ( 'NONE', *, *, #2021, .T. ) ;
#2822 = CARTESIAN_POINT ( 'NONE',  ( 23.30005524282443474, -5.430478314884427782, 8.907442577496542668 ) ) ;
#2823 = CARTESIAN_POINT ( 'NONE',  ( 10.77861462206626975, 15.24715843154275063, -23.63945342814878359 ) ) ;
#2824 = CARTESIAN_POINT ( 'NONE',  ( 10.53262334314648818, 15.12357921577139841, -24.00233964771460649 ) ) ;
#2825 = CARTESIAN_POINT ( 'NONE',  ( 14.53296138507139723, 15.37073764731424852, 22.38706447727249937 ) ) ;
#2826 = CARTESIAN_POINT ( 'NONE',  ( 32.29865374360192476, 23.00000000000001421, 4.504105499531402934 ) ) ;
#2827 = CARTESIAN_POINT ( 'NONE',  ( 15.07468104590940250, -16.58239986469293470, -21.44395873859087942 ) ) ;
#2828 = CARTESIAN_POINT ( 'NONE',  ( 13.55020081614331673, -15.81926987259834405, 23.14010797836303368 ) ) ;
#2829 = VECTOR ( 'NONE', #3568, 1000.000000000000000 ) ;
#2830 = CARTESIAN_POINT ( 'NONE',  ( -3.786506343931058893, -6.395505710994899395, -24.65631337287773306 ) ) ;
#2831 = VECTOR ( 'NONE', #1439, 1000.000000000000000 ) ;
#2832 = CARTESIAN_POINT ( 'NONE',  ( 13.81883565002443248, 3.267998765302457365, -24.80651567138139413 ) ) ;
#2833 = CARTESIAN_POINT ( 'NONE',  ( 22.38945488172287668, -20.00000000000002842, 11.07237355783590615 ) ) ;
#2834 = CARTESIAN_POINT ( 'NONE',  ( 28.38416463506971255, -2.693712983438091513, 0.6278834932471563102 ) ) ;
#2835 = CARTESIAN_POINT ( 'NONE',  ( -14.99773984502932755, -17.37359979703953528, 21.78688546995667252 ) ) ;
#2836 = ORIENTED_EDGE ( 'NONE', *, *, #2841, .T. ) ;
#2837 = CARTESIAN_POINT ( 'NONE',  ( -16.55121415509158567, -0.8798491436143203170, 20.42025322056118597 ) ) ;
#2838 = CARTESIAN_POINT ( 'NONE',  ( 24.37901735405882420, -15.00000000000000000, 4.536631687044023309 ) ) ;
#2839 = EDGE_CURVE ( 'NONE', #5406, #5609, #2847, .T. ) ;
#2840 = CARTESIAN_POINT ( 'NONE',  ( 10.16163462946020246, 15.00000000000006217, 23.65070963375678303 ) ) ;
#2841 = EDGE_CURVE ( 'NONE', #2185, #4226, #5156, .T. ) ;
#2842 = CARTESIAN_POINT ( 'NONE',  ( 12.55359467589327238, -15.00000000000005151, 24.64036979639633529 ) ) ;
#2843 = EDGE_CURVE ( 'NONE', #3209, #5460, #3739, .T. ) ;
#2844 = DIRECTION ( 'NONE',  ( 0.4162807922603957156, -2.069855669371225462E-15, -0.9092361090470710838 ) ) ;
#2845 = CARTESIAN_POINT ( 'NONE',  ( -9.805264232445379591, 19.66666666666638719, -22.28657755640332283 ) ) ;
#2846 = ORIENTED_EDGE ( 'NONE', *, *, #64, .F. ) ;
#2847 = LINE ( 'NONE', #5026, #4691 ) ;
#2848 = SHAPE_REPRESENTATION_RELATIONSHIP ( 'NONE' , 'NONE' ,  #2709, #1612 ) ;
#2849 = CARTESIAN_POINT ( 'NONE',  ( -12.85165390544885078, -8.333424554299632803, -25.22296328929648013 ) ) ;
#2850 = EDGE_CURVE ( 'NONE', #1411, #4482, #2416, .T. ) ;
#2851 = CARTESIAN_POINT ( 'NONE',  ( -21.40694122926313270, -4.999999999999941380, -8.170883093623702464 ) ) ;
#2852 = CARTESIAN_POINT ( 'NONE',  ( 26.02019436661124274, -4.999999999999880984, 0.8199129144716723605 ) ) ;
#2853 = CARTESIAN_POINT ( 'NONE',  ( -14.86043179419673343, -14.99999999999999822, 21.59205753375818304 ) ) ;
#2854 = ORIENTED_EDGE ( 'NONE', *, *, #414, .T. ) ;
#2855 = CARTESIAN_POINT ( 'NONE',  ( 22.68566981973402719, -15.85705200249341829, 10.42481013070722540 ) ) ;
#2856 = CIRCLE ( 'NONE', #698, 19.50000000000000000 ) ;
#2857 = VECTOR ( 'NONE', #1641, 1000.000000000000227 ) ;
#2858 = CARTESIAN_POINT ( 'NONE',  ( 11.36159011910630845, -18.72173749393741105, 26.02492983828825146 ) ) ;
#2859 = CARTESIAN_POINT ( 'NONE',  ( 10.55127190369584156, 15.00000000000000178, -23.99415975284862768 ) ) ;
#2860 = CARTESIAN_POINT ( 'NONE',  ( -28.08465519105797625, -19.99999999999998224, -3.548887639995351506 ) ) ;
#2861 = CARTESIAN_POINT ( 'NONE',  ( -17.96123473073357957, 15.00000000000002487, 17.02012891631662583 ) ) ;
#2862 = CARTESIAN_POINT ( 'NONE',  ( 26.01856118769771342, 5.000000000000055955, -0.8198565093715683982 ) ) ;
#2863 = CARTESIAN_POINT ( 'NONE',  ( 11.80386471236136714, -14.61561316326546311, 25.75918954652280490 ) ) ;
#2864 = CARTESIAN_POINT ( 'NONE',  ( 17.25174169136396785, -12.44500693584984852, 18.13993118499354296 ) ) ;
#2865 = CARTESIAN_POINT ( 'NONE',  ( 4.711101859149043669, 0.4070778362270279227, -24.49240639876001779 ) ) ;
#2866 = CARTESIAN_POINT ( 'NONE',  ( -12.17654103944284749, -14.99999999999999645, -23.75132295125684934 ) ) ;
#2867 = DIRECTION ( 'NONE',  ( 1.003456252704766818E-16, -1.000000000000000000, -2.539663957332261757E-15 ) ) ;
#2868 = CARTESIAN_POINT ( 'NONE',  ( 26.11837134563570473, -6.578216465114928191, -2.927544836453283228 ) ) ;
#2869 = ORIENTED_EDGE ( 'NONE', *, *, #110, .T. ) ;
#2870 = CARTESIAN_POINT ( 'NONE',  ( -16.06243041778980540, -15.79119993234651176, 21.01208546897102636 ) ) ;
#2871 = FACE_OUTER_BOUND ( 'NONE', #361, .T. ) ;
#2872 = CARTESIAN_POINT ( 'NONE',  ( 15.05016633548363991, -14.99999999999993605, -21.17764135295219319 ) ) ;
#2873 = CARTESIAN_POINT ( 'NONE',  ( 6.497341037727775159, 3.221528497322433547E-14, -12.40099026043719377 ) ) ;
#2874 = CARTESIAN_POINT ( 'NONE',  ( -9.776351323987213959, -16.58239986469297733, -24.83596056313098188 ) ) ;
#2875 = ORIENTED_EDGE ( 'NONE', *, *, #1407, .T. ) ;
#2876 = CARTESIAN_POINT ( 'NONE',  ( -3.566643418894874795, 14.99999999999992717, -24.27189943329520361 ) ) ;
#2877 = DIRECTION ( 'NONE',  ( -1.003456252704766818E-16, 1.000000000000000000, 2.539663957332261757E-15 ) ) ;
#2878 = EDGE_CURVE ( 'NONE', #4634, #4325, #3801, .T. ) ;
#2879 = CARTESIAN_POINT ( 'NONE',  ( 13.21204247555294664, 5.000000000000045297, -22.97615079609005662 ) ) ;
#2880 = CARTESIAN_POINT ( 'NONE',  ( -25.85321587658253151, -15.79119993234648689, -2.573583031528305032 ) ) ;
#2881 = CARTESIAN_POINT ( 'NONE',  ( 26.15219506400086047, -19.38875661563044872, 3.998164039411198356 ) ) ;
#2882 = CARTESIAN_POINT ( 'NONE',  ( -9.984673040352184614, 15.24715843154278971, 24.75268270762318323 ) ) ;
#2883 = ORIENTED_EDGE ( 'NONE', *, *, #3720, .T. ) ;
#2884 = CARTESIAN_POINT ( 'NONE',  ( 20.76689465893486286, -5.490958636185032660, 12.96514899986462588 ) ) ;
#2885 = CARTESIAN_POINT ( 'NONE',  ( 11.12222952177329738, -20.20968828889201419, 26.13535808685487183 ) ) ;
#2886 = CARTESIAN_POINT ( 'NONE',  ( -22.56229568264211949, 19.66666666666638363, -2.461630264832964876 ) ) ;
#2887 = CARTESIAN_POINT ( 'NONE',  ( 25.86545857163425666, -14.99999999999999467, 2.445005701234164608 ) ) ;
#2888 = CARTESIAN_POINT ( 'NONE',  ( 13.91122397373881192, -13.32134342082972900, 22.92065351426852260 ) ) ;
#2889 = CARTESIAN_POINT ( 'NONE',  ( 28.26955391997747213, -8.333424554298806797, 1.481622881883993825 ) ) ;
#2890 = CARTESIAN_POINT ( 'NONE',  ( 12.63817724792400554, -20.50292148819019999, -23.09441734532865453 ) ) ;
#2891 = SURFACE_STYLE_FILL_AREA ( #1486 ) ;
#2892 = CARTESIAN_POINT ( 'NONE',  ( -18.39971475982259008, -15.80026953679316826, 18.79589714901702635 ) ) ;
#2893 = CARTESIAN_POINT ( 'NONE',  ( -15.09615612724424949, -19.38875661563055885, 22.01957519289135945 ) ) ;
#2894 = VERTEX_POINT ( 'NONE', #705 ) ;
#2895 = AXIS2_PLACEMENT_3D ( 'NONE', #4910, #2354, #2696 ) ;
#2896 = CARTESIAN_POINT ( 'NONE',  ( -15.84241654039259650, -11.73730790549839753, 23.56083718569354701 ) ) ;
#2897 = CARTESIAN_POINT ( 'NONE',  ( 26.37573398224927246, -16.58239986469298088, 1.963994286207924267 ) ) ;
#2898 = SHAPE_REPRESENTATION ( 'NAMLU_ALTIGEN_CAP30MM_UZUNLUK180MM_90DERECE_BURKULMUS', ( #2313 ), #5361 ) ;
#2899 = DIRECTION ( 'NONE',  ( -0.4640957884091284624, -2.296166267763364248E-15, 0.8857850186026571260 ) ) ;
#2900 = FACE_OUTER_BOUND ( 'NONE', #4977, .T. ) ;
#2901 = CARTESIAN_POINT ( 'NONE',  ( -14.53297323167968891, 15.37073764731412062, -22.38703845520906910 ) ) ;
#2902 = ORIENTED_EDGE ( 'NONE', *, *, #897, .F. ) ;
#2903 = CARTESIAN_POINT ( 'NONE',  ( 26.89611230209489889, 14.99999999999998757, -4.456911754083670019 ) ) ;
#2904 = DIRECTION ( 'NONE',  ( -1.003456252704766818E-16, 1.000000000000000000, 2.539663957332261362E-15 ) ) ;
#2905 = CARTESIAN_POINT ( 'NONE',  ( 14.63401172792100269, -4.999999999999909406, -22.10005155089294959 ) ) ;
#2906 = CARTESIAN_POINT ( 'NONE',  ( -26.04847220960730425, 15.37073764731411885, 2.920142066784387147 ) ) ;
#2907 = CARTESIAN_POINT ( 'NONE',  ( 26.13090616181009906, -20.39633502492596762, 4.164457826701180920 ) ) ;
#2908 = CARTESIAN_POINT ( 'NONE',  ( -16.34591810035879789, 15.19176217078199720, -23.21238606799424176 ) ) ;
#2909 = VERTEX_POINT ( 'NONE', #2496 ) ;
#2910 = CARTESIAN_POINT ( 'NONE',  ( 11.98293787855770098, -13.12615856337696663, 25.73903775427002216 ) ) ;
#2911 = CARTESIAN_POINT ( 'NONE',  ( 11.60099387487200318, -17.23380960210322144, 25.91428407168541881 ) ) ;
#2912 = CARTESIAN_POINT ( 'NONE',  ( -10.96890074411355620, -19.99999999999992539, -26.09646867198167541 ) ) ;
#2913 = ADVANCED_FACE ( 'NONE', ( #4177 ), #422, .F. ) ;
#2914 = DIRECTION ( 'NONE',  ( 0.000000000000000000, -2.478176394252588832E-15, -1.000000000000000000 ) ) ;
#2915 = CARTESIAN_POINT ( 'NONE',  ( 10.58034707232776128, -16.58239986469302352, 23.73001941462932862 ) ) ;
#2916 = CARTESIAN_POINT ( 'NONE',  ( -25.86545857163423889, 14.99999999999998579, 2.445005701234334694 ) ) ;
#2917 = CARTESIAN_POINT ( 'NONE',  ( 9.032060651397380013, 3.326327640285586806, -24.68987460518463806 ) ) ;
#2918 = EDGE_CURVE ( 'NONE', #4593, #4412, #5193, .T. ) ;
#2919 = VECTOR ( 'NONE', #4289, 1000.000000000000000 ) ;
#2920 = DIRECTION ( 'NONE',  ( 0.000000000000000000, 2.490884991146184374E-15, -1.000000000000000000 ) ) ;
#2921 = CARTESIAN_POINT ( 'NONE',  ( -15.36585599606291019, -17.37359979703953528, 20.95296790273402721 ) ) ;
#2922 = ORIENTED_EDGE ( 'NONE', *, *, #1519, .T. ) ;
#2923 = CARTESIAN_POINT ( 'NONE',  ( -13.77339980694650023, 1.908318759807329901, 24.83097220611098876 ) ) ;
#2924 = CARTESIAN_POINT ( 'NONE',  ( 26.67229081586139827, 5.000000000000055955, -2.025052525818257010 ) ) ;
#2925 = CARTESIAN_POINT ( 'NONE',  ( -16.39309940474103655, 14.99999999999992717, -23.06764737967273859 ) ) ;
#2926 = CARTESIAN_POINT ( 'NONE',  ( -1.564210343339853537, -19.38875661563051978, -22.88806854167902571 ) ) ;
#2927 = CARTESIAN_POINT ( 'NONE',  ( 11.58614404754886351, 15.55097417135192295, -25.91831045281261936 ) ) ;
#2928 = CARTESIAN_POINT ( 'NONE',  ( 23.09769934187114160, -59.00000000000000000, -10.57495240868055042 ) ) ;
#2929 = EDGE_LOOP ( 'NONE', ( #364, #2495, #235, #5544 ) ) ;
#2930 = DIRECTION ( 'NONE',  ( -0.9955619646030793302, -1.391032035867732375E-16, 0.09410831331852129167 ) ) ;
#2931 = CARTESIAN_POINT ( 'NONE',  ( 20.70702710066438001, -59.00000000000110845, 14.71571819469523845 ) ) ;
#2932 = CARTESIAN_POINT ( 'NONE',  ( 11.60713190142645956, -17.19174517448924178, 25.91101063117855929 ) ) ;
#2933 = CARTESIAN_POINT ( 'NONE',  ( -10.31234848954747108, -16.58239986469297733, -24.09866646412992708 ) ) ;
#2934 = CARTESIAN_POINT ( 'NONE',  ( -15.26062610920310725, -16.58239986469302352, 21.02785905280677881 ) ) ;
#2935 = ORIENTED_EDGE ( 'NONE', *, *, #3204, .F. ) ;
#2936 = CARTESIAN_POINT ( 'NONE',  ( 12.70664153722296597, -8.655227223871600373, 25.39448233724962023 ) ) ;
#2937 = B_SPLINE_CURVE_WITH_KNOTS ( 'NONE', 3,
 ( #3811, #3377, #1147, #5145 ),
 .UNSPECIFIED., .F., .F.,
 ( 4, 4 ),
 ( -0.03000000000000000583, 0.000000000000000000 ),
 .UNSPECIFIED. ) ;
#2938 = ADVANCED_FACE ( 'NONE', ( #4759 ), #5679, .F. ) ;
#2939 = CARTESIAN_POINT ( 'NONE',  ( 6.448680386581554735, 10.95536805445573059, 24.10362536912786169 ) ) ;
#2940 = CARTESIAN_POINT ( 'NONE',  ( 18.95131998261040707, -18.38117820633491917, -12.91456051925366921 ) ) ;
#2941 = CARTESIAN_POINT ( 'NONE',  ( 22.08854639860092206, 23.00000000000005684, 25.39137590878975459 ) ) ;
#2942 = DIRECTION ( 'NONE',  ( 0.000000000000000000, -2.478176394252590410E-15, -1.000000000000000000 ) ) ;
#2943 = PRESENTATION_LAYER_ASSIGNMENT (  '', '', ( #4700 ) ) ;
#2944 = EDGE_CURVE ( 'NONE', #4640, #851, #294, .T. ) ;
#2945 = CARTESIAN_POINT ( 'NONE',  ( 16.42778424240358959, 15.12357921577141262, 21.03614186758521853 ) ) ;
#2946 = CARTESIAN_POINT ( 'NONE',  ( 16.51205809260460811, -8.169115682893663077, 19.55171010359376282 ) ) ;
#2947 = ADVANCED_FACE ( 'NONE', ( #2552 ), #3884, .F. ) ;
#2948 = CARTESIAN_POINT ( 'NONE',  ( 9.492453803973218029, 0.3463769697738088293, -24.51592216876955277 ) ) ;
#2949 = CARTESIAN_POINT ( 'NONE',  ( 25.86545857163424955, 14.99999999999999467, -2.445005701234166384 ) ) ;
#2950 = CARTESIAN_POINT ( 'NONE',  ( -14.86043179419673343, -14.99999999999999822, 21.59205753375818304 ) ) ;
#2951 = ORIENTED_EDGE ( 'NONE', *, *, #5179, .F. ) ;
#2952 = AXIS2_PLACEMENT_3D ( 'NONE', #1104, #4723, #3822 ) ;
#2953 = CARTESIAN_POINT ( 'NONE',  ( -18.34295366112121428, 4.514496976812927720, 16.90247382490589700 ) ) ;
#2954 = CARTESIAN_POINT ( 'NONE',  ( 10.58034707232776661, -16.58239986469297733, 23.73001941462932862 ) ) ;
#2955 = CARTESIAN_POINT ( 'NONE',  ( 12.41244423425846044, -17.00000000000005329, 24.56641581871657465 ) ) ;
#2956 = CARTESIAN_POINT ( 'NONE',  ( -1.419743189599618205, -20.39633502492607064, -22.90653228354295123 ) ) ;
#2957 = CARTESIAN_POINT ( 'NONE',  ( 16.68231854983157447, -16.99999999999992539, -22.85985725571289251 ) ) ;
#2958 = FACE_OUTER_BOUND ( 'NONE', #2415, .T. ) ;
#2959 = EDGE_CURVE ( 'NONE', #4821, #2282, #5157, .T. ) ;
#2960 = VERTEX_POINT ( 'NONE', #760 ) ;
#2961 = CARTESIAN_POINT ( 'NONE',  ( -26.94634354764442463, 19.66666666666639784, 6.208700502192156634 ) ) ;
#2962 = CARTESIAN_POINT ( 'NONE',  ( 7.755698331134693646, -19.99999999999992539, -23.74235856633745456 ) ) ;
#2963 = FACE_OUTER_BOUND ( 'NONE', #2267, .T. ) ;
#2964 = CARTESIAN_POINT ( 'NONE',  ( 12.12125717731543695, 15.37073764731413128, -23.77944321704724118 ) ) ;
#2965 = CARTESIAN_POINT ( 'NONE',  ( -26.09779831383762172, -17.37359979703946067, -2.462859377383938231 ) ) ;
#2966 = CARTESIAN_POINT ( 'NONE',  ( 13.50651898425774533, -4.999999999999912070, -22.52788582630601866 ) ) ;
#2967 = CARTESIAN_POINT ( 'NONE',  ( -26.12460411320893883, 15.37073764731418812, 2.134297843164272290 ) ) ;
#2968 = ORIENTED_EDGE ( 'NONE', *, *, #1741, .F. ) ;
#2969 = CARTESIAN_POINT ( 'NONE',  ( 11.25112405958869921, -17.59242603665973803, 26.06859485238480900 ) ) ;
#2970 = CARTESIAN_POINT ( 'NONE',  ( 7.126416280673502079, 15.42357379765900305, 23.92580955132902432 ) ) ;
#2971 = CARTESIAN_POINT ( 'NONE',  ( 15.49986430126863191, -18.38117820633491561, -20.85759541497748515 ) ) ;
#2972 = DIRECTION ( 'NONE',  ( -0.8857850186026571260, 8.673617379884038430E-16, -0.4640957884091283514 ) ) ;
#2973 = CARTESIAN_POINT ( 'NONE',  ( -21.78531609799541613, 7.915773577467034805, -11.17182140666963441 ) ) ;
#2974 = CARTESIAN_POINT ( 'NONE',  ( -28.34018070496097863, 8.730226539696293031, 1.706378249691443028 ) ) ;
#2975 = CARTESIAN_POINT ( 'NONE',  ( 18.85006413321529095, -19.66666666666666075, -20.23186780027259246 ) ) ;
#2976 = CARTESIAN_POINT ( 'NONE',  ( 14.07771782712289976, -2.524449123683117246, 24.19795381275667978 ) ) ;
#2977 = DIRECTION ( 'NONE',  ( -3.773173425613459369E-16, 1.000000000000000000, -2.513482421598778016E-15 ) ) ;
#2978 = CARTESIAN_POINT ( 'NONE',  ( 26.05743678299485211, -20.39633502492586459, 2.958733310722256871 ) ) ;
#2979 = CARTESIAN_POINT ( 'NONE',  ( -28.39480526450150322, 0.6487581725216364781, 0.2624751552571159552 ) ) ;
#2980 = CARTESIAN_POINT ( 'NONE',  ( -17.97307072697738661, 7.976194240878099251, 17.29934671417961312 ) ) ;
#2981 = CARTESIAN_POINT ( 'NONE',  ( -15.45463378006416555, -19.38875661563055885, 21.18134034911121688 ) ) ;
#2982 = EDGE_CURVE ( 'NONE', #1255, #5060, #4319, .T. ) ;
#2983 = ORIENTED_EDGE ( 'NONE', *, *, #2841, .F. ) ;
#2984 = CARTESIAN_POINT ( 'NONE',  ( -22.25301989120665525, -14.63844417050405688, 10.24840201197541134 ) ) ;
#2985 = CARTESIAN_POINT ( 'NONE',  ( 10.55126145023370476, -14.99999999999999822, 23.99417446229913509 ) ) ;
#2986 = CARTESIAN_POINT ( 'NONE',  ( -18.85006413321529095, -19.66666666666669272, 20.23186780027258180 ) ) ;
#2987 = CARTESIAN_POINT ( 'NONE',  ( -3.872506568325027043, -17.00000000000004619, 24.23359390415794934 ) ) ;
#2988 = CARTESIAN_POINT ( 'NONE',  ( -6.479881783030255527, 15.37073764731414371, -21.97925819148440141 ) ) ;
#2989 = CARTESIAN_POINT ( 'NONE',  ( 45.58542902264171914, 15.00000000000003730, 12.86554232566846956 ) ) ;
#2990 = CARTESIAN_POINT ( 'NONE',  ( 12.25271536430890507, 11.45861971159402160, -25.60997473026787219 ) ) ;
#2991 = VERTEX_POINT ( 'NONE', #2177 ) ;
#2992 = DIRECTION ( 'NONE',  ( 0.9092361090470691964, 3.332406928107883640E-14, 0.4162807922603997679 ) ) ;
#2993 = CARTESIAN_POINT ( 'NONE',  ( 12.85164003806210076, -8.333511622204031966, 25.22297017386301832 ) ) ;
#2994 = CARTESIAN_POINT ( 'NONE',  ( -17.60976817751967616, 9.286458695414276932, -19.52360679401927257 ) ) ;
#2995 = CARTESIAN_POINT ( 'NONE',  ( 17.11575444694164005, -19.99999999999993250, -22.54758103198499342 ) ) ;
#2996 = CARTESIAN_POINT ( 'NONE',  ( 12.17656624611518801, 15.00000000000000711, -23.75132533398902979 ) ) ;
#2997 = CARTESIAN_POINT ( 'NONE',  ( -10.16579580649394643, -15.79119993234649044, -24.41649992328704499 ) ) ;
#2998 = ADVANCED_FACE ( 'NONE', ( #2149 ), #2258, .T. ) ;
#2999 = EDGE_LOOP ( 'NONE', ( #1800, #4084, #902 ) ) ;
#3000 = CARTESIAN_POINT ( 'NONE',  ( 26.05519135355356752, -15.00000000000000000, 2.859418039248246224 ) ) ;
#3001 = CARTESIAN_POINT ( 'NONE',  ( -26.41571457897921960, -15.79119993234651531, -3.819853564996448014 ) ) ;
#3002 = ORIENTED_EDGE ( 'NONE', *, *, #1192, .T. ) ;
#3003 = CARTESIAN_POINT ( 'NONE',  ( 13.88664395302565246, -19.01552587332515643, 22.35465423240722771 ) ) ;
#3004 = APPLICATION_CONTEXT ( 'automotive_design' ) ;
#3005 = CARTESIAN_POINT ( 'NONE',  ( -6.080325435627486286, -8.530661567761988806, 24.19732293396056022 ) ) ;
#3006 = CARTESIAN_POINT ( 'NONE',  ( 15.05013569187220845, 14.99999999999994138, -21.12017175536770353 ) ) ;
#3007 = CARTESIAN_POINT ( 'NONE',  ( -25.57705893218286874, -13.15701911917613565, -6.112316291953274749 ) ) ;
#3008 = CARTESIAN_POINT ( 'NONE',  ( 5.038281038736110773, 5.000000000000050626, 22.35368190093761243 ) ) ;
#3009 = B_SPLINE_CURVE_WITH_KNOTS ( 'NONE', 3,
 ( #4945, #1383, #940, #2275 ),
 .UNSPECIFIED., .F., .F.,
 ( 4, 4 ),
 ( -0.02999999999999999889, 0.000000000000000000 ),
 .UNSPECIFIED. ) ;
#3010 = CARTESIAN_POINT ( 'NONE',  ( 26.11891625958345031, -15.79119993234649044, 2.203285139943615079 ) ) ;
#3011 = CARTESIAN_POINT ( 'NONE',  ( -28.24292516304764078, -17.23380960405503615, -2.910386769862471024 ) ) ;
#3012 = CARTESIAN_POINT ( 'NONE',  ( -22.63728979808820796, -20.38013097725542266, 9.450354664198931331 ) ) ;
#3013 = CARTESIAN_POINT ( 'NONE',  ( -15.18179792054611887, -17.37359979703953528, 21.36992668634534809 ) ) ;
#3014 = CARTESIAN_POINT ( 'NONE',  ( -17.90525790896580105, 8.605634698808167116, 17.37099897832245077 ) ) ;
#3015 = CARTESIAN_POINT ( 'NONE',  ( 14.89391534439519305, 15.24715843154283057, 21.56896869888209523 ) ) ;
#3016 = CARTESIAN_POINT ( 'NONE',  ( -16.68231854983145013, -17.00000000000004974, 22.85985725571298843 ) ) ;
#3017 = CARTESIAN_POINT ( 'NONE',  ( 15.49986430126863723, -18.38117820633495469, -20.85759541497748160 ) ) ;
#3018 = CARTESIAN_POINT ( 'NONE',  ( 16.74453660554465273, -2.390894385614967810, -20.26245251519418034 ) ) ;
#3019 = CARTESIAN_POINT ( 'NONE',  ( 28.41863755542901870, 15.00000000000001954, -3.173490112346143199 ) ) ;
#3020 = EDGE_LOOP ( 'NONE', ( #1381, #5590, #3592, #2222 ) ) ;
#3021 = CARTESIAN_POINT ( 'NONE',  ( 15.97406053240356094, 15.12357921577141262, 21.07941493627981444 ) ) ;
#3022 = CARTESIAN_POINT ( 'NONE',  ( 20.24888001432097440, -16.99999999999994316, -14.80473378047576460 ) ) ;
#3023 = CIRCLE ( 'NONE', #1902, 1.399999999999998579 ) ;
#3024 = CARTESIAN_POINT ( 'NONE',  ( -10.76222190815382795, -20.56725362350299946, -26.28709101879805132 ) ) ;
#3025 = ADVANCED_FACE ( 'NONE', ( #3335 ), #3143, .F. ) ;
#3026 = CARTESIAN_POINT ( 'NONE',  ( 7.709413706691666590, -11.79280856817893053, 25.14006710341297790 ) ) ;
#3027 = CARTESIAN_POINT ( 'NONE',  ( -9.652918765353076580, -17.37359979703946422, -24.88533785853530134 ) ) ;
#3028 = ORIENTED_EDGE ( 'NONE', *, *, #2064, .F. ) ;
#3029 = CARTESIAN_POINT ( 'NONE',  ( 25.86545857163425666, 15.00000000000000178, -2.445005701234164164 ) ) ;
#3030 = CARTESIAN_POINT ( 'NONE',  ( -26.50396181839747456, 5.000000000000060396, 0.04609454344884451882 ) ) ;
#3031 = ORIENTED_EDGE ( 'NONE', *, *, #5523, .F. ) ;
#3032 = CARTESIAN_POINT ( 'NONE',  ( 10.76220446913165141, -20.56725400783775015, 26.28711369039772805 ) ) ;
#3033 = VECTOR ( 'NONE', #5103, 1000.000000000000227 ) ;
#3034 = CARTESIAN_POINT ( 'NONE',  ( 1.446643106908290566, 9.405403636287521962, 24.44292026749753788 ) ) ;
#3035 = FACE_OUTER_BOUND ( 'NONE', #1436, .T. ) ;
#3036 = EDGE_CURVE ( 'NONE', #1766, #4593, #1875, .T. ) ;
#3037 = CARTESIAN_POINT ( 'NONE',  ( -24.28357094355316903, 15.42357392238683467, -5.791238596830501351 ) ) ;
#3038 = CARTESIAN_POINT ( 'NONE',  ( -25.62694942755171823, -11.79280222664349864, -5.893037768208489346 ) ) ;
#3039 = CARTESIAN_POINT ( 'NONE',  ( -2.390672241206786452, 59.00000000000012790, -25.29067060337577999 ) ) ;
#3040 = DIRECTION ( 'NONE',  ( 0.5792811723426853909, 2.203394744814503331E-15, 0.8151277957285496534 ) ) ;
#3041 = CARTESIAN_POINT ( 'NONE',  ( 26.05518786412638477, 15.00000000000000000, -2.859410417678278193 ) ) ;
#3042 = CARTESIAN_POINT ( 'NONE',  ( -24.18589808518509798, -12.99942726638275303, 6.158729510469233226 ) ) ;
#3043 = CARTESIAN_POINT ( 'NONE',  ( -25.79754879724625383, -19.38875661563057662, -3.158219373125712881 ) ) ;
#3044 = CARTESIAN_POINT ( 'NONE',  ( -20.51588236056772985, 8.545229172945946416, 13.36254545734141352 ) ) ;
#3045 = CARTESIAN_POINT ( 'NONE',  ( 26.05518786412638477, 15.00000000000000000, -2.859410417678278193 ) ) ;
#3046 = AXIS2_PLACEMENT_3D ( 'NONE', #5646, #2633, #3962 ) ;
#3047 = LINE ( 'NONE', #3906, #2576 ) ;
#3048 = CARTESIAN_POINT ( 'NONE',  ( 10.79695342910838640, 15.12357921577137709, -23.63105024116755715 ) ) ;
#3049 = VECTOR ( 'NONE', #3931, 1000.000000000000114 ) ;
#3050 = CARTESIAN_POINT ( 'NONE',  ( 14.98275556116092311, 11.01813581589545521, -21.60746060229373811 ) ) ;
#3051 = CARTESIAN_POINT ( 'NONE',  ( 11.58630180683225674, 15.55071449107284209, -25.91813006123677710 ) ) ;
#3052 = ORIENTED_EDGE ( 'NONE', *, *, #1554, .T. ) ;
#3053 = CARTESIAN_POINT ( 'NONE',  ( -20.70702710066436936, -59.00000000000000000, -14.71571819469522779 ) ) ;
#3054 = CARTESIAN_POINT ( 'NONE',  ( 45.58542902264171914, 11.00000000000003020, 10.06554232566848661 ) ) ;
#3055 = AXIS2_PLACEMENT_3D ( 'NONE', #4235, #5508, #3686 ) ;
#3056 = CARTESIAN_POINT ( 'NONE',  ( 9.408313407048868982, -0.8798558548613757413, 24.54389345629523334 ) ) ;
#3057 = CARTESIAN_POINT ( 'NONE',  ( -26.64313647273381491, -16.58239986469297378, -1.594880755923919313 ) ) ;
#3058 = VERTEX_POINT ( 'NONE', #34 ) ;
#3059 = CARTESIAN_POINT ( 'NONE',  ( 26.74664666870989294, 5.000000000000060396, 0.3407617871801594811 ) ) ;
#3060 = CARTESIAN_POINT ( 'NONE',  ( 28.08465519105842034, -19.99999999999999645, 3.548887639991163301 ) ) ;
#3061 = ORIENTED_EDGE ( 'NONE', *, *, #2382, .T. ) ;
#3062 = EDGE_CURVE ( 'NONE', #4122, #3341, #2469, .T. ) ;
#3063 = CARTESIAN_POINT ( 'NONE',  ( -11.37098629169970820, -20.39633502492607420, -24.15968527315626346 ) ) ;
#3064 = UNCERTAINTY_MEASURE_WITH_UNIT (LENGTH_MEASURE( 1.000000000000000082E-05 ), #218, 'distance_accuracy_value', 'NONE');
#3065 = CARTESIAN_POINT ( 'NONE',  ( -1.760947449138218657, -11.44951468550236839, 24.42625415478188700 ) ) ;
#3066 = CARTESIAN_POINT ( 'NONE',  ( 15.80710815509120692, 15.24715843154280215, -16.58872531220056601 ) ) ;
#3067 = CARTESIAN_POINT ( 'NONE',  ( 15.90840347281759293, -11.66670915368744232, -23.40869353873595671 ) ) ;
#3068 = CARTESIAN_POINT ( 'NONE',  ( -24.11487821775500962, 11.33302871075408902, -6.410134710434359562 ) ) ;
#3069 = CARTESIAN_POINT ( 'NONE',  ( 26.94634354765211626, -19.66666666666669272, 6.208700502194047566 ) ) ;
#3070 = CARTESIAN_POINT ( 'NONE',  ( 12.64434476658653494, 10.72063771040572888, -25.41921342758880442 ) ) ;
#3071 = CARTESIAN_POINT ( 'NONE',  ( -25.42068114455918604, -17.28816050229534795, -6.775496744807802507 ) ) ;
#3072 = CARTESIAN_POINT ( 'NONE',  ( -17.15715073722258310, 15.42357379765901548, 18.13456231267074514 ) ) ;
#3073 = CARTESIAN_POINT ( 'NONE',  ( -25.95643576317021939, -20.39633502492609551, -3.743217967780568589 ) ) ;
#3074 = CARTESIAN_POINT ( 'NONE',  ( -20.40289539403390151, 9.908967498165555554, 13.53946484668896311 ) ) ;
#3075 = CARTESIAN_POINT ( 'NONE',  ( 10.81529223615083346, -14.99999999999999822, 23.62264705418618149 ) ) ;
#3076 = CARTESIAN_POINT ( 'NONE',  ( -26.89611230209487047, 14.99999999999998757, 4.456911754083845878 ) ) ;
#3077 = CARTESIAN_POINT ( 'NONE',  ( 24.12248216335291673, -11.50983861708931322, -6.383474088941107460 ) ) ;
#3078 = CARTESIAN_POINT ( 'NONE',  ( 18.57081705716719711, -17.24602496906398486, -18.63684409815375176 ) ) ;
#3079 = ORIENTED_EDGE ( 'NONE', *, *, #1886, .F. ) ;
#3080 = CARTESIAN_POINT ( 'NONE',  ( 15.99043030740195803, 15.24715843154282702, 21.06697483495411660 ) ) ;
#3081 = CARTESIAN_POINT ( 'NONE',  ( 16.68231854983157447, -16.99999999999992539, -22.85985725571289251 ) ) ;
#3082 = CARTESIAN_POINT ( 'NONE',  ( -18.15480386257349110, 13.75841142752476109, -19.02729610328146137 ) ) ;
#3083 = CARTESIAN_POINT ( 'NONE',  ( 3.151089475111381155, -10.48685883696283305, 24.75108129099639598 ) ) ;
#3084 = CARTESIAN_POINT ( 'NONE',  ( -26.11892357669264442, -15.79119993234648689, -2.203274942328846020 ) ) ;
#3085 = ORIENTED_EDGE ( 'NONE', *, *, #3651, .T. ) ;
#3086 = CYLINDRICAL_SURFACE ( 'NONE', #4589, 2.099999999999999201 ) ;
#3087 = LINE ( 'NONE', #4328, #2091 ) ;
#3088 = CARTESIAN_POINT ( 'NONE',  ( -12.05843220094935830, -15.79119993234646913, -23.81119622450012585 ) ) ;
#3089 = CARTESIAN_POINT ( 'NONE',  ( -10.85712511827773241, -8.593081715449883973, 23.94875520204950448 ) ) ;
#3090 = CARTESIAN_POINT ( 'NONE',  ( 25.84967557359187751, -11.41305759189525304, 1.729696026796801345 ) ) ;
#3091 = CARTESIAN_POINT ( 'NONE',  ( -20.23493054629605936, -11.91095478140253938, -13.79792537943934860 ) ) ;
#3092 = ORIENTED_EDGE ( 'NONE', *, *, #1850, .T. ) ;
#3093 = CARTESIAN_POINT ( 'NONE',  ( -10.77861462206609744, 15.24715843154282702, 23.63945342814886175 ) ) ;
#3094 = EDGE_CURVE ( 'NONE', #1915, #3146, #4870, .T. ) ;
#3095 = CARTESIAN_POINT ( 'NONE',  ( 10.96890074411652982, -20.00000000000005684, 26.09646867198036091 ) ) ;
#3096 = CARTESIAN_POINT ( 'NONE',  ( -26.07000144496501903, 3.568925452501768181, -3.396922032026135518 ) ) ;
#3097 = CARTESIAN_POINT ( 'NONE',  ( -15.52032421361008296, 15.12357921577137532, -21.12268920751510848 ) ) ;
#3098 = CARTESIAN_POINT ( 'NONE',  ( -20.19486991149198474, 12.38465697021812417, 13.85887542697117425 ) ) ;
#3099 = CARTESIAN_POINT ( 'NONE',  ( -26.38942574515134254, 15.37073764731418812, 1.763339586301633011 ) ) ;
#3100 = CARTESIAN_POINT ( 'NONE',  ( -16.68231854983145013, -17.00000000000004974, 22.85985725571298843 ) ) ;
#3101 = CARTESIAN_POINT ( 'NONE',  ( -7.280230907528904893, -14.52123637346715768, -25.27297088105975931 ) ) ;
#3102 = EDGE_CURVE ( 'NONE', #451, #4509, #3132, .T. ) ;
#3103 = CARTESIAN_POINT ( 'NONE',  ( -17.96123473073357957, 15.00000000000002487, 17.02012891631662583 ) ) ;
#3104 = CARTESIAN_POINT ( 'NONE',  ( 20.08952364171572569, -12.87887754746246927, -14.80806298981738145 ) ) ;
#3105 = CARTESIAN_POINT ( 'NONE',  ( 14.92866263102032853, 11.39569728633915879, -21.64795841726768089 ) ) ;
#3106 = ORIENTED_EDGE ( 'NONE', *, *, #3969, .F. ) ;
#3107 = CARTESIAN_POINT ( 'NONE',  ( -14.17709686741756414, -4.999999999999904965, 22.11212195688650439 ) ) ;
#3108 = CARTESIAN_POINT ( 'NONE',  ( 21.52285620492538243, -59.00000000000000000, -9.853932926270511317 ) ) ;
#3109 = CARTESIAN_POINT ( 'NONE',  ( -6.810237768158288851, -13.33496124113102788, 24.01076657819854887 ) ) ;
#3110 = CARTESIAN_POINT ( 'NONE',  ( -18.68772489810606530, 15.37073764731411174, -13.26077989747797048 ) ) ;
#3111 = ORIENTED_EDGE ( 'NONE', *, *, #2132, .F. ) ;
#3113 = VECTOR ( 'NONE', #4818, 1000.000000000000000 ) ;
#3112 = CARTESIAN_POINT ( 'NONE',  ( 32.29865374360192476, 23.00000000000001066, 3.104105499531407020 ) ) ;
#3114 = CARTESIAN_POINT ( 'NONE',  ( -25.86545857163423534, 14.99999999999999289, 2.445005701234344908 ) ) ;
#3115 = VERTEX_POINT ( 'NONE', #3100 ) ;
#3116 = CARTESIAN_POINT ( 'NONE',  ( -16.44407769327115076, 15.24715843154274708, -21.02332549453274524 ) ) ;
#3117 = VECTOR ( 'NONE', #566, 1000.000000000000114 ) ;
#3118 = CARTESIAN_POINT ( 'NONE',  ( 11.37423748119401345, -12.03424102764773629, -23.70930451676301587 ) ) ;
#3119 = CARTESIAN_POINT ( 'NONE',  ( -26.50578088913097474, -4.999999999999874767, -0.04615696825160280764 ) ) ;
#3120 = CARTESIAN_POINT ( 'NONE',  ( 25.79754879724623962, -19.38875661563044872, 3.158219373125870977 ) ) ;
#3121 = CARTESIAN_POINT ( 'NONE',  ( -26.94634354764442463, 19.66666666666639784, 6.208700502192156634 ) ) ;
#3122 = CARTESIAN_POINT ( 'NONE',  ( -18.23375078224116663, -5.551438553475655624, -17.02282860316755375 ) ) ;
#3123 = CARTESIAN_POINT ( 'NONE',  ( -18.33333166697772398, 15.24629268570563134, -18.85869127686829927 ) ) ;
#3124 = ORIENTED_EDGE ( 'NONE', *, *, #5131, .T. ) ;
#3125 = CARTESIAN_POINT ( 'NONE',  ( 28.24290295825781882, -17.23381003167573766, 2.910417179690341527 ) ) ;
#3126 = CARTESIAN_POINT ( 'NONE',  ( 10.02323123878651856, 15.00000000000000178, -24.73718515017321806 ) ) ;
#3127 = CARTESIAN_POINT ( 'NONE',  ( 20.60375397232352057, -19.38875661563035990, 10.08938837664485888 ) ) ;
#3128 = CARTESIAN_POINT ( 'NONE',  ( -26.18137798528657356, 9.528336805236504503, -2.417344845201698789 ) ) ;
#3129 = CARTESIAN_POINT ( 'NONE',  ( -10.81529223615066648, -15.00000000000000178, -23.62264705418625610 ) ) ;
#3130 = CARTESIAN_POINT ( 'NONE',  ( -26.04532091900185620, -2.633475531809514880, 3.549465311190931782 ) ) ;
#3131 = CARTESIAN_POINT ( 'NONE',  ( -26.65644983241395494, 15.12357921577139663, 1.351075971812331744 ) ) ;
#3132 = LINE ( 'NONE', #4985, #3579 ) ;
#3133 = CARTESIAN_POINT ( 'NONE',  ( 11.82219013342661462, -4.999999999999878320, 23.72346811636139208 ) ) ;
#3134 = EDGE_CURVE ( 'NONE', #28, #1744, #2659, .T. ) ;
#3135 = CARTESIAN_POINT ( 'NONE',  ( -8.714791544453909466, -5.370869387287854124, -24.80507661502508654 ) ) ;
#3136 = LINE ( 'NONE', #899, #5718 ) ;
#3137 = CARTESIAN_POINT ( 'NONE',  ( 20.23066819845228537, -14.36931933062906452, -14.62131658703318493 ) ) ;
#3138 = CARTESIAN_POINT ( 'NONE',  ( 15.11339685350916895, 10.03181831622287667, -21.51797132527909540 ) ) ;
#3139 = ORIENTED_EDGE ( 'NONE', *, *, #5643, .F. ) ;
#3140 = CARTESIAN_POINT ( 'NONE',  ( 1.853144650820468531, -17.37359979703952817, 22.85114105795113204 ) ) ;
#3141 = FACE_BOUND ( 'NONE', #484, .T. ) ;
#3142 = AXIS2_PLACEMENT_3D ( 'NONE', #4144, #5127, #159 ) ;
#3143 = B_SPLINE_SURFACE_WITH_KNOTS ( 'NONE', 3, 3, ( 
 ( #5446, #3278, #5101, #1101, #2896, #1942, #5047, #2028, #127, #696, #2923, #670, #1580, #3707, #2460, #5019, #5473, #3732, #4227 ),
 ( #583, #4689, #236, #3791, #5560, #5499, #1046, #1019, #2379, #2837, #4606, #615, #2409, #5583, #4778, #1731, #1219, #261, #1610 ),
 ( #1675, #4343, #2544, #1157, #1190, #3440, #3500, #5641, #5213, #5671, #781, #2953, #5610, #3014, #2054, #4312, #2572, #2514, #4719 ),
 ( #1281, #3903, #2984, #3818, #1701, #2141, #1248, #725, #348, #3469, #5241, #4253, #4281, #3044, #3074, #4814, #287, #3384, #811 ),
 ( #2600, #1644, #5154, #4370, #2081, #377, #3848, #3413, #5185, #4751, #5272, #753, #318, #4842, #2168, #2111, #3877, #3929, #5699 ),
 ( #837, #6, #895, #4428, #5357, #3958, #2198, #435, #867, #2230, #1761, #4929, #2629, #2688, #2261, #3989, #4458, #3528, #1426 ),
 ( #1789, #1817, #5730, #462, #3554, #4019, #5328, #3162, #1311, #65, #4517, #4077, #526, #1338, #403, #3189, #3215, #5413, #3585 ) ),
 .UNSPECIFIED., .F., .F., .F.,
 ( 4, 3, 4 ),
 ( 4, 3, 3, 3, 3, 3, 4 ),
 ( -0.02734811711631747813, -0.01299037287471376326, 0.001367371366889952918 ),
 ( -0.03237359979703951368, -0.02828055761649530056, -0.02418751543595108744, -0.01600143107486266120, -0.007815346713774234955, -0.003722304533230021400, 0.0003707376473141917755 ),
 .UNSPECIFIED. ) ;
#3144 = CARTESIAN_POINT ( 'NONE',  ( 10.65983776436046604, 7.304100526027601958, 24.03075971099448083 ) ) ;
#3145 = CARTESIAN_POINT ( 'NONE',  ( -10.43180773036653974, -15.79119993234649044, -24.04641657884743466 ) ) ;
#3146 = VERTEX_POINT ( 'NONE', #492 ) ;
#3147 = CARTESIAN_POINT ( 'NONE',  ( -9.149313482904547712, -19.66666666666662522, 20.77033630538867470 ) ) ;
#3148 = DIRECTION ( 'NONE',  ( 0.4640957884091279073, 2.276824562219559311E-15, -0.8857850186026572370 ) ) ;
#3149 = AXIS2_PLACEMENT_3D ( 'NONE', #2826, #5120, #2914 ) ;
#3150 = CARTESIAN_POINT ( 'NONE',  ( 9.717007106975206199, -1.122472987421440749, -24.42362144740711472 ) ) ;
#3151 = CARTESIAN_POINT ( 'NONE',  ( -26.65033897691287024, -15.79119993234648689, -1.462658763929927108 ) ) ;
#3152 = FACE_BOUND ( 'NONE', #3919, .T. ) ;
#3153 = CARTESIAN_POINT ( 'NONE',  ( -18.85550138759760941, 0.4070779934798981481, -16.32612627804047634 ) ) ;
#3154 = CARTESIAN_POINT ( 'NONE',  ( -20.46261254511594530, -9.183461641913400086, -13.44513023766493909 ) ) ;
#3155 = ORIENTED_EDGE ( 'NONE', *, *, #2801, .F. ) ;
#3156 = B_SPLINE_CURVE_WITH_KNOTS ( 'NONE', 3,
 ( #4803, #803, #4362, #368, #5690, #1722, #3067, #4835, #3949, #1752 ),
 .UNSPECIFIED., .F., .F.,
 ( 4, 2, 2, 2, 4 ),
 ( 0.000000000000000000, 0.01625080479413736415, 0.02437620719120604795, 0.02843890838974038465, 0.03250160958827472135 ),
 .UNSPECIFIED. ) ;
#3157 = CARTESIAN_POINT ( 'NONE',  ( -15.50393397693782660, -14.99999999999999822, 21.13474768194627273 ) ) ;
#3158 = CARTESIAN_POINT ( 'NONE',  ( 2.175751746900579597, 15.12357921577135400, -22.80990825232786179 ) ) ;
#3159 = CARTESIAN_POINT ( 'NONE',  ( 13.50559859187060319, 5.000000000000023093, 22.52643176726565599 ) ) ;
#3160 = CARTESIAN_POINT ( 'NONE',  ( 20.78029891788390060, -59.00000000000000711, -1.998497360070461415 ) ) ;
#3161 = CARTESIAN_POINT ( 'NONE',  ( 9.588257349585495248, 14.99999999999992895, -25.52117239369520973 ) ) ;
#3162 = CARTESIAN_POINT ( 'NONE',  ( -28.36406598243427979, -6.639991203637166883, -1.332764651969942094 ) ) ;
#3163 = CARTESIAN_POINT ( 'NONE',  ( -15.03334093658785164, 4.637156060950627712, -24.08882272197158514 ) ) ;
#3164 = EDGE_CURVE ( 'NONE', #3284, #4509, #2290, .T. ) ;
#3165 = CARTESIAN_POINT ( 'NONE',  ( -9.175530318361852622, -2.390894385615069062, -24.63242033259719932 ) ) ;
#3166 = CARTESIAN_POINT ( 'NONE',  ( 25.61008401253147682, 12.26661530686174295, -5.969284109747696299 ) ) ;
#3167 = CARTESIAN_POINT ( 'NONE',  ( 20.61819529396981920, 7.181504758242326147, -13.19846825966875947 ) ) ;
#3168 = ORIENTED_EDGE ( 'NONE', *, *, #2843, .T. ) ;
#3169 = CARTESIAN_POINT ( 'NONE',  ( 1.419743189599777633, -20.39633502492606709, 22.90653228354289439 ) ) ;
#3170 = CARTESIAN_POINT ( 'NONE',  ( -23.14070932452064611, -16.99999999999997158, -9.866427316565609118 ) ) ;
#3171 = MANIFOLD_SOLID_BREP ( 'Flex3', #5062 ) ;
#3172 = FACE_OUTER_BOUND ( 'NONE', #4530, .T. ) ;
#3173 = EDGE_CURVE ( 'NONE', #2153, #4640, #876, .T. ) ;
#3174 = CARTESIAN_POINT ( 'NONE',  ( -10.31327534059406581, -18.38117820633497601, -23.85207394759889965 ) ) ;
#3175 = ORIENTED_EDGE ( 'NONE', *, *, #2839, .T. ) ;
#3176 = DIRECTION ( 'NONE',  ( 0.000000000000000000, -2.478176394252587255E-15, -1.000000000000000000 ) ) ;
#3177 = FACE_OUTER_BOUND ( 'NONE', #4090, .T. ) ;
#3178 = CARTESIAN_POINT ( 'NONE',  ( -5.203402771271133709, 15.00000000000005151, 25.10356548007345623 ) ) ;
#3179 = EDGE_CURVE ( 'NONE', #1915, #325, #1934, .T. ) ;
#3180 = CARTESIAN_POINT ( 'NONE',  ( 2.401226258094098842, 15.30324130718411091, -24.84840790812653211 ) ) ;
#3181 = CARTESIAN_POINT ( 'NONE',  ( 23.09769934187110607, 59.00000000000152767, 10.57495240868053976 ) ) ;
#3182 = CARTESIAN_POINT ( 'NONE',  ( -19.66414331418419437, 8.484823885740475191, -15.35107935831045545 ) ) ;
#3183 = ORIENTED_EDGE ( 'NONE', *, *, #2026, .F. ) ;
#3184 = CARTESIAN_POINT ( 'NONE',  ( 5.308560872750268445, 59.00000000000000711, -21.76568646714894939 ) ) ;
#3185 = CARTESIAN_POINT ( 'NONE',  ( 11.68600056307677093, 15.24715843154275419, -23.72653153562370676 ) ) ;
#3186 = CARTESIAN_POINT ( 'NONE',  ( 22.26508638694876652, 15.12357921577141440, 5.412102275035691967 ) ) ;
#3187 = CARTESIAN_POINT ( 'NONE',  ( 19.29518434380088721, 59.00000000000000711, -13.71237377232966281 ) ) ;
#3188 = CARTESIAN_POINT ( 'NONE',  ( -25.86356654151166978, 15.12357921577139663, 2.465089167498531797 ) ) ;
#3189 = CARTESIAN_POINT ( 'NONE',  ( -28.33161591469177054, 11.09854970730515156, 1.826195044312884708 ) ) ;
#3190 = CARTESIAN_POINT ( 'NONE',  ( 14.91065823918553868, 15.37073764731424852, 21.55742183582621863 ) ) ;
#3191 = CARTESIAN_POINT ( 'NONE',  ( -11.44528851799544888, 12.50793524153045055, -23.67594179756374828 ) ) ;
#3192 = CARTESIAN_POINT ( 'NONE',  ( 24.43933444860324045, -19.99999999999998579, -5.154548412534424529 ) ) ;
#3193 = CARTESIAN_POINT ( 'NONE',  ( 26.26927995658019199, -16.04068483208561346, -1.341841754440547207 ) ) ;
#3194 = CARTESIAN_POINT ( 'NONE',  ( 18.62295543681499410, 1.787020948720920099, -16.59377674804957081 ) ) ;
#3195 = ORIENTED_EDGE ( 'NONE', *, *, #839, .F. ) ;
#3196 = CARTESIAN_POINT ( 'NONE',  ( -15.15539622234330430, -15.79119993234651176, 21.10275020287953396 ) ) ;
#3197 = CARTESIAN_POINT ( 'NONE',  ( 28.17371833870866027, 14.99999999999999289, -2.663016841432832571 ) ) ;
#3198 = CARTESIAN_POINT ( 'NONE',  ( -15.69151209019306314, 10.72063770777067759, -23.65993069861139020 ) ) ;
#3199 = CARTESIAN_POINT ( 'NONE',  ( -15.33623718729888807, -6.639991154154060382, 23.89761951769209247 ) ) ;
#3200 = CARTESIAN_POINT ( 'NONE',  ( -25.84097318153079215, -16.58239986469297378, -2.702160361822627976 ) ) ;
#3201 = ORIENTED_EDGE ( 'NONE', *, *, #3373, .F. ) ;
#3202 = DIRECTION ( 'NONE',  ( 1.003456252704766818E-16, -1.000000000000000000, -2.539663957332261757E-15 ) ) ;
#3203 = DIRECTION ( 'NONE',  ( 0.000000000000000000, -3.304235192336776695E-15, 1.000000000000000000 ) ) ;
#3204 = EDGE_CURVE ( 'NONE', #2960, #642, #2179, .T. ) ;
#3205 = CARTESIAN_POINT ( 'NONE',  ( 7.809984861810434609, 11.15432458256084658, -25.10708909953326540 ) ) ;
#3206 = CARTESIAN_POINT ( 'NONE',  ( 45.58542902264171204, 23.00000000000003553, 11.46554232566845322 ) ) ;
#3207 = CARTESIAN_POINT ( 'NONE',  ( 26.12785535813581461, 15.12357921577139841, -2.093759322904807707 ) ) ;
#3208 = CARTESIAN_POINT ( 'NONE',  ( -20.31874453112446233, 15.30324145670711289, -14.50371555737165252 ) ) ;
#3209 = VERTEX_POINT ( 'NONE', #177 ) ;
#3210 = CARTESIAN_POINT ( 'NONE',  ( 28.33062331759319363, 9.590774645311791247, -1.860175507063485778 ) ) ;
#3211 = CARTESIAN_POINT ( 'NONE',  ( 5.038175470075116458, -4.999999999999968026, -22.35354656602872936 ) ) ;
#3212 = CARTESIAN_POINT ( 'NONE',  ( 22.26036115958418549, 14.99999999999999822, 5.429209983494541980 ) ) ;
#3213 = CARTESIAN_POINT ( 'NONE',  ( -25.71283678252570581, 9.286458410195569613, 5.488683190142400470 ) ) ;
#3214 = CARTESIAN_POINT ( 'NONE',  ( 10.79695342910838285, 15.12357921577139841, -23.63105024116755715 ) ) ;
#3215 = CARTESIAN_POINT ( 'NONE',  ( -28.31595992842606080, 12.46315383791112374, 2.067854900568825816 ) ) ;
#3216 = CARTESIAN_POINT ( 'NONE',  ( 10.02319987839944915, -14.99999999999999822, 24.73722927852504938 ) ) ;
#3217 = B_SPLINE_CURVE_WITH_KNOTS ( 'NONE', 3,
 ( #3891, #797, #2588, #363 ),
 .UNSPECIFIED., .F., .F.,
 ( 4, 4 ),
 ( -0.02999999999999999889, 0.000000000000000000 ),
 .UNSPECIFIED. ) ;
#3218 = VECTOR ( 'NONE', #4489, 1000.000000000000000 ) ;
#3219 = CARTESIAN_POINT ( 'NONE',  ( -3.935965546844933716, -5.430478196892735809, -24.63216137871045675 ) ) ;
#3220 = CARTESIAN_POINT ( 'NONE',  ( 28.35233912718633675, 9.230067845578167507, -1.495228280108030550 ) ) ;
#3221 = CARTESIAN_POINT ( 'NONE',  ( 26.06223625433985092, -3.850275392916506778, -3.375010907740811028 ) ) ;
#3222 = EDGE_LOOP ( 'NONE', ( #1295, #2641 ) ) ;
#3223 = CARTESIAN_POINT ( 'NONE',  ( -2.175751746900420169, 15.12357921577140552, 22.80990825232789732 ) ) ;
#3224 = CARTESIAN_POINT ( 'NONE',  ( 25.86545857163424955, 14.99999999999999467, -2.445005701234166384 ) ) ;
#3225 = CARTESIAN_POINT ( 'NONE',  ( -11.78232530609861151, -14.76204445152975886, 23.51468053357454124 ) ) ;
#3226 = CARTESIAN_POINT ( 'NONE',  ( -10.58034707232759963, -16.58239986469297733, -23.73001941462939968 ) ) ;
#3227 = VECTOR ( 'NONE', #776, 1000.000000000000114 ) ;
#3228 = ORIENTED_EDGE ( 'NONE', *, *, #2843, .F. ) ;
#3229 = FACE_OUTER_BOUND ( 'NONE', #1106, .T. ) ;
#3230 = SHAPE_DEFINITION_REPRESENTATION ( #834, #1510 ) ;
#3231 = CARTESIAN_POINT ( 'NONE',  ( 16.39309940474121774, 15.00000000000005329, 23.06764737967261780 ) ) ;
#3232 = PRODUCT ( 'NAMLU_AGIZLIK_2', 'NAMLU_AGIZLIK_2', '', ( #5539 ) ) ;
#3233 = CARTESIAN_POINT ( 'NONE',  ( 12.80135923386407448, 9.733945917902456557, -25.34172334669254667 ) ) ;
#3234 = CARTESIAN_POINT ( 'NONE',  ( -26.43466212394631754, 15.00000000000000000, 3.688254087377202506 ) ) ;
#3235 = ADVANCED_FACE ( 'NONE', ( #5553 ), #1258, .F. ) ;
#3236 = VECTOR ( 'NONE', #5720, 1000.000000000000000 ) ;
#3237 = CARTESIAN_POINT ( 'NONE',  ( -17.50331950443462503, 8.426040021753559373, -19.61749362976773625 ) ) ;
#3238 = ORIENTED_EDGE ( 'NONE', *, *, #4753, .T. ) ;
#3239 = CARTESIAN_POINT ( 'NONE',  ( 22.59357940600146009, -17.34478456050510431, 10.63999820142051256 ) ) ;
#3240 = CARTESIAN_POINT ( 'NONE',  ( -15.08305988932289132, 15.24715843154275063, -21.15428079438615327 ) ) ;
#3241 = CARTESIAN_POINT ( 'NONE',  ( 9.922892715882239756, -17.37359979703946777, 24.51814246123876018 ) ) ;
#3242 = CARTESIAN_POINT ( 'NONE',  ( -28.27549178704718713, 15.19176184243408834, 2.549763817842129576 ) ) ;
#3243 = CARTESIAN_POINT ( 'NONE',  ( 13.29287537238650074, -4.999999999999911182, -22.93157877695377067 ) ) ;
#3244 = CARTESIAN_POINT ( 'NONE',  ( 14.09097977615284414, -12.07180158488411692, 22.80978568104623605 ) ) ;
#3245 = CARTESIAN_POINT ( 'NONE',  ( -7.126400702057620329, 15.42357359921078874, -23.92581106187286366 ) ) ;
#3246 = CARTESIAN_POINT ( 'NONE',  ( -6.372081698319739473, -20.26398852069621981, -25.54230521737602544 ) ) ;
#3247 =( LENGTH_UNIT ( ) NAMED_UNIT ( * ) SI_UNIT ( .MILLI., .METRE. ) );
#3248 = CARTESIAN_POINT ( 'NONE',  ( 20.78368422213808131, -19.99999999999997158, -13.85364992554017327 ) ) ;
#3249 = CARTESIAN_POINT ( 'NONE',  ( 28.20161588002309117, -17.59242564941990139, 3.290511760095015337 ) ) ;
#3250 = CARTESIAN_POINT ( 'NONE',  ( -14.81368176951253623, -17.37359979703953528, 22.20384425356799696 ) ) ;
#3251 = ORIENTED_EDGE ( 'NONE', *, *, #2382, .F. ) ;
#3252 = CARTESIAN_POINT ( 'NONE',  ( -14.63403113870630179, -4.999999999999902300, 22.10005103811466398 ) ) ;
#3253 = CARTESIAN_POINT ( 'NONE',  ( -15.11827513026519654, -6.333455004775513153, 23.93306711865278302 ) ) ;
#3254 = CARTESIAN_POINT ( 'NONE',  ( -9.298161313295841168, 1.605576079058780969, 24.58973917950527976 ) ) ;
#3255 = CARTESIAN_POINT ( 'NONE',  ( -20.70702710066435515, 59.00000000000012079, 14.71571819469524556 ) ) ;
#3256 = CARTESIAN_POINT ( 'NONE',  ( -13.29190896230277374, 5.000000000000042633, -22.93003995094223768 ) ) ;
#3257 = EDGE_LOOP ( 'NONE', ( #3522, #4732, #1861, #2215 ) ) ;
#3258 = CARTESIAN_POINT ( 'NONE',  ( 11.45605783541779488, -17.00000000000005684, 25.87724028603487980 ) ) ;
#3259 = DIRECTION ( 'NONE',  ( 0.8857850186026529071, 8.329466714537275332E-16, 0.4640957884091367891 ) ) ;
#3260 = LINE ( 'NONE', #137, #1723 ) ;
#3261 = CARTESIAN_POINT ( 'NONE',  ( -10.46287449041606621, -17.37359979703946422, -23.78370559485096791 ) ) ;
#3262 = CARTESIAN_POINT ( 'NONE',  ( 26.12948379303650626, 15.00000000000000178, -2.073486123154307137 ) ) ;
#3263 = CARTESIAN_POINT ( 'NONE',  ( -14.67069725290996374, -14.99999999999999822, 22.00647371456407697 ) ) ;
#3264 = EDGE_LOOP ( 'NONE', ( #126, #669, #5089, #4415 ) ) ;
#3265 = CARTESIAN_POINT ( 'NONE',  ( 26.26295626913800163, 15.48687188589707198, 1.433595229034467788 ) ) ;
#3266 = CARTESIAN_POINT ( 'NONE',  ( 2.193472712272396485, 14.99999999999998046, -22.80764515377489587 ) ) ;
#3267 = CARTESIAN_POINT ( 'NONE',  ( -17.82666203450077802, -17.00000000000003908, 20.27570929572531711 ) ) ;
#3268 = FACE_BOUND ( 'NONE', #2531, .T. ) ;
#3269 = DIRECTION ( 'NONE',  ( 0.000000000000000000, -2.478176394252580549E-15, 1.000000000000000000 ) ) ;
#3270 = EDGE_CURVE ( 'NONE', #3334, #5514, #1770, .T. ) ;
#3271 = CARTESIAN_POINT ( 'NONE',  ( 15.65777250169510992, -14.52637451921178879, 20.30333556507007842 ) ) ;
#3272 = CARTESIAN_POINT ( 'NONE',  ( -2.939431388460265637, -11.85064384134844673, -24.78061406058156990 ) ) ;
#3273 = ADVANCED_FACE ( 'NONE', ( #718 ), #4851, .T. ) ;
#3274 = CARTESIAN_POINT ( 'NONE',  ( 10.40497710750964444, -5.613327577534594326, -24.14536272360459179 ) ) ;
#3275 = DIRECTION ( 'NONE',  ( 0.8857850186026579031, 1.500718655404173579E-15, 0.4640957884091267971 ) ) ;
#3276 = CARTESIAN_POINT ( 'NONE',  ( -15.27539495365420485, -19.38875661563055885, 21.60045777100128461 ) ) ;
#3277 = ORIENTED_EDGE ( 'NONE', *, *, #3062, .T. ) ;
#3278 = CARTESIAN_POINT ( 'NONE',  ( -16.43839128116546888, -15.82956365460913517, 23.14729754862307942 ) ) ;
#3279 = LINE ( 'NONE', #4172, #1354 ) ;
#3280 = B_SPLINE_CURVE_WITH_KNOTS ( 'NONE', 3,
 ( #161, #4449, #455, #4010 ),
 .UNSPECIFIED., .F., .F.,
 ( 4, 4 ),
 ( -0.02999999999999999889, 0.000000000000000000 ),
 .UNSPECIFIED. ) ;
#3281 = CARTESIAN_POINT ( 'NONE',  ( -8.875798222304924323, 4.333709457075481275, 24.74636485551499376 ) ) ;
#3282 = CARTESIAN_POINT ( 'NONE',  ( -17.56483247470328735, -19.66666666666672114, 18.85242224173263992 ) ) ;
#3283 = CARTESIAN_POINT ( 'NONE',  ( -9.652918765353076580, -17.37359979703946422, -24.88533785853530134 ) ) ;
#3284 = VERTEX_POINT ( 'NONE', #2708 ) ;
#3285 = CARTESIAN_POINT ( 'NONE',  ( 23.06517865960286784, 14.99999999999997158, -9.839938199747457759 ) ) ;
#3286 = CARTESIAN_POINT ( 'NONE',  ( -11.91760081660196136, -14.16681410330539848, -25.67378064041139751 ) ) ;
#3287 = CARTESIAN_POINT ( 'NONE',  ( -26.09779831383762172, -17.37359979703946067, -2.462859377383938231 ) ) ;
#3288 = CARTESIAN_POINT ( 'NONE',  ( 26.01175167743071270, -17.37359979703941093, 3.248157078474177339 ) ) ;
#3289 = CARTESIAN_POINT ( 'NONE',  ( -15.07467587842965884, -16.58239986469302352, 21.44397030214962641 ) ) ;
#3290 = ORIENTED_EDGE ( 'NONE', *, *, #100, .T. ) ;
#3291 = CARTESIAN_POINT ( 'NONE',  ( 19.50288069771842814, -20.38013121235607983, 14.87930567027653161 ) ) ;
#3292 = CARTESIAN_POINT ( 'NONE',  ( 4.395439947188568119, -2.451179120945059964, 24.54824505353145270 ) ) ;
#3293 = CARTESIAN_POINT ( 'NONE',  ( 13.29287537238650074, -4.999999999999911182, -22.93157877695377067 ) ) ;
#3294 = CARTESIAN_POINT ( 'NONE',  ( -20.11493136299884910, -17.00000000000002487, 15.10722847834352756 ) ) ;
#3295 = CARTESIAN_POINT ( 'NONE',  ( -22.50130909386505706, -18.83252681284396957, -10.85500557895926121 ) ) ;
#3296 = FACE_BOUND ( 'NONE', #3429, .T. ) ;
#3297 = CARTESIAN_POINT ( 'NONE',  ( 15.26062610920323515, -16.58239986469293470, -21.02785905280667933 ) ) ;
#3298 = CARTESIAN_POINT ( 'NONE',  ( 15.49292596921872800, -2.075008854799187397, 21.87248189150135502 ) ) ;
#3299 = VECTOR ( 'NONE', #4472, 1000.000000000000000 ) ;
#3300 = CARTESIAN_POINT ( 'NONE',  ( -28.27458047056853374, 9.166667507968528028, 1.630002651371343481 ) ) ;
#3301 = CARTESIAN_POINT ( 'NONE',  ( -6.298818202468190464, 9.969336914149419471, -24.14157130198626788 ) ) ;
#3302 = ADVANCED_FACE ( 'NONE', ( #55 ), #3638, .F. ) ;
#3303 = CARTESIAN_POINT ( 'NONE',  ( -1.217558136662883372, 7.915773340117515211, -24.45254880757788740 ) ) ;
#3304 = DIRECTION ( 'NONE',  ( 4.064784181921418638E-16, -1.000000000000000000, 2.538572003884065318E-15 ) ) ;
#3305 = LINE ( 'NONE', #4278, #2857 ) ;
#3306 = CARTESIAN_POINT ( 'NONE',  ( 25.72574464227378854, 8.426167611761410825, -5.372729637445424977 ) ) ;
#3307 = ADVANCED_FACE ( 'NONE', ( #2622 ), #4994, .F. ) ;
#3308 = ORIENTED_EDGE ( 'NONE', *, *, #2878, .T. ) ;
#3309 = CARTESIAN_POINT ( 'NONE',  ( -11.72282751905899012, 14.99999999999999822, 23.70843439619844872 ) ) ;
#3310 = LINE ( 'NONE', #4607, #5619 ) ;
#3311 = DIRECTION ( 'NONE',  ( -0.09410831331851679527, -1.641553512766457590E-14, -0.9955619646030797742 ) ) ;
#3312 = DIRECTION ( 'NONE',  ( 4.064784181921418638E-16, -1.000000000000000000, 2.538572003884065318E-15 ) ) ;
#3313 = CARTESIAN_POINT ( 'NONE',  ( -18.85006413320980556, 19.66666666666637653, -20.23186780026684417 ) ) ;
#3314 = EDGE_LOOP ( 'NONE', ( #2327, #543, #4004, #2935 ) ) ;
#3315 = CARTESIAN_POINT ( 'NONE',  ( -14.39811021103476385, 19.66666666666648311, 19.63489669431837470 ) ) ;
#3316 = SHAPE_DEFINITION_REPRESENTATION ( #1448, #2122 ) ;
#3317 = CARTESIAN_POINT ( 'NONE',  ( 20.70702710066435515, 59.00000000000055422, -14.71571819469523845 ) ) ;
#3318 = CARTESIAN_POINT ( 'NONE',  ( 15.71388303570586409, -16.58239986469293470, -20.98008900457293535 ) ) ;
#3319 = CARTESIAN_POINT ( 'NONE',  ( -26.23716193794807694, 15.37073764731411885, 3.335028033541874048 ) ) ;
#3320 = CARTESIAN_POINT ( 'NONE',  ( -14.70277541688275846, -16.58239986469302352, 22.27619280083532516 ) ) ;
#3321 = ORIENTED_EDGE ( 'NONE', *, *, #2982, .F. ) ;
#3322 = CARTESIAN_POINT ( 'NONE',  ( 25.36357612540723494, -18.77606635327868290, 7.014221812706855630 ) ) ;
#3323 = MECHANICAL_DESIGN_GEOMETRIC_PRESENTATION_REPRESENTATION (  '', ( #1159 ), #151 ) ;
#3324 = AXIS2_PLACEMENT_3D ( 'NONE', #4479, #855, #5345 ) ;
#3325 = CARTESIAN_POINT ( 'NONE',  ( 3.474481391606867309, -8.409817308800031199, 24.70612699556794212 ) ) ;
#3326 = CARTESIAN_POINT ( 'NONE',  ( 14.72180981212846795, 15.37073764731424852, 21.97224315654936078 ) ) ;
#3327 = FACE_OUTER_BOUND ( 'NONE', #3855, .T. ) ;
#3328 = CARTESIAN_POINT ( 'NONE',  ( 14.77972189040687567, -15.79119993234646913, -21.93325455301612692 ) ) ;
#3329 = CARTESIAN_POINT ( 'NONE',  ( 18.11723536476353402, -9.486067021629621010, 17.00537841931041783 ) ) ;
#3330 = VECTOR ( 'NONE', #4189, 1000.000000000000000 ) ;
#3331 = CARTESIAN_POINT ( 'NONE',  ( 7.435722233680080784, -17.46487962856050657, -23.84148772232279967 ) ) ;
#3332 = CARTESIAN_POINT ( 'NONE',  ( -12.07290003559060310, 12.57126396306287219, 25.69666391381453252 ) ) ;
#3333 = CARTESIAN_POINT ( 'NONE',  ( 25.93016195493595788, 1.605772256304344170, -4.266318399764757352 ) ) ;
#3334 = VERTEX_POINT ( 'NONE', #2186 ) ;
#3335 = FACE_OUTER_BOUND ( 'NONE', #5392, .T. ) ;
#3336 = CARTESIAN_POINT ( 'NONE',  ( 26.42877286821553895, 15.24715843154283235, -3.729326433304314570 ) ) ;
#3337 = EDGE_CURVE ( 'NONE', #3334, #1766, #2217, .T. ) ;
#3338 = CARTESIAN_POINT ( 'NONE',  ( 12.45838790449065314, -16.33323498454189604, 24.59048742007697186 ) ) ;
#3339 = CARTESIAN_POINT ( 'NONE',  ( -28.08465519105797625, -19.99999999999998224, -3.548887639995351506 ) ) ;
#3340 = FACE_OUTER_BOUND ( 'NONE', #5498, .T. ) ;
#3341 = VERTEX_POINT ( 'NONE', #5688 ) ;
#3342 = CARTESIAN_POINT ( 'NONE',  ( 5.203402771271317562, 14.99999999999993072, -25.10356548007340294 ) ) ;
#3343 = APPLICATION_PROTOCOL_DEFINITION ( 'draft international standard', 'automotive_design', 1998, #5186 ) ;
#3344 = CARTESIAN_POINT ( 'NONE',  ( -20.78029891788391126, -59.00000000000005684, 1.998497360070470963 ) ) ;
#3345 = CARTESIAN_POINT ( 'NONE',  ( 16.85792629752361194, -18.38117820633497956, -20.69765263382032572 ) ) ;
#3346 = CARTESIAN_POINT ( 'NONE',  ( -26.26298762787111585, -4.999999999999877431, -0.4330349413615491860 ) ) ;
#3347 = CARTESIAN_POINT ( 'NONE',  ( -16.83971587496037614, 5.000000000000053291, 15.54012032141968014 ) ) ;
#3348 = ORIENTED_EDGE ( 'NONE', *, *, #313, .T. ) ;
#3349 = CARTESIAN_POINT ( 'NONE',  ( 17.23888306876537158, 6.306380054153400749, 19.84639561498589089 ) ) ;
#3350 = CARTESIAN_POINT ( 'NONE',  ( 5.767531047821137236, 6.486588896650486546, 24.26669266170159744 ) ) ;
#3351 = CARTESIAN_POINT ( 'NONE',  ( 10.02319987839944915, -14.99999999999999822, 24.73722927852504938 ) ) ;
#3352 = CARTESIAN_POINT ( 'NONE',  ( -13.41491193784193214, 15.00000000000004086, 23.42508823270672380 ) ) ;
#3353 = CARTESIAN_POINT ( 'NONE',  ( 17.31118995854589926, -16.97919660720796742, 17.85454455029096366 ) ) ;
#3354 = CARTESIAN_POINT ( 'NONE',  ( 17.16735129480369793, -19.07985224119256173, -22.62113488589981714 ) ) ;
#3355 = CARTESIAN_POINT ( 'NONE',  ( -10.42977133535740286, -19.99999999999999645, 1.591342167017214315 ) ) ;
#3356 = CARTESIAN_POINT ( 'NONE',  ( -12.06030223442950167, 5.000000000000050626, 23.33225548192775634 ) ) ;
#3357 = ORIENTED_EDGE ( 'NONE', *, *, #913, .F. ) ;
#3358 = CARTESIAN_POINT ( 'NONE',  ( -16.16715921718745363, -16.58239986469302352, 20.93231692700178925 ) ) ;
#3359 = LINE ( 'NONE', #5076, #4894 ) ;
#3360 = CARTESIAN_POINT ( 'NONE',  ( 14.58127253760311071, 14.99999999999995204, 23.23685649248335494 ) ) ;
#3361 = LINE ( 'NONE', #2462, #1839 ) ;
#3362 = CARTESIAN_POINT ( 'NONE',  ( -15.08305988932289132, 15.24715843154275063, -21.15428079438615327 ) ) ;
#3363 = CARTESIAN_POINT ( 'NONE',  ( 16.42621909308090977, -15.74590274909107990, -23.15578224816364639 ) ) ;
#3364 = CARTESIAN_POINT ( 'NONE',  ( -28.22672453122608971, -11.66674294106575083, -2.072740759774134744 ) ) ;
#3365 = ORIENTED_EDGE ( 'NONE', *, *, #4978, .T. ) ;
#3366 = CARTESIAN_POINT ( 'NONE',  ( 11.78061893396766813, 14.99999999999992895, -25.73066422110565199 ) ) ;
#3367 = CARTESIAN_POINT ( 'NONE',  ( -11.44262245387039378, -17.08341545198987887, -25.88372849673646670 ) ) ;
#3368 = CARTESIAN_POINT ( 'NONE',  ( 15.95768234212677150, -15.00000000000000533, -21.09185583308372713 ) ) ;
#3369 = CARTESIAN_POINT ( 'NONE',  ( -26.12948620812015577, -15.00000000000000000, -2.073482724801299248 ) ) ;
#3370 = CARTESIAN_POINT ( 'NONE',  ( 26.35365612835610705, -18.38117820633492983, 4.250566111871076025 ) ) ;
#3371 = CARTESIAN_POINT ( 'NONE',  ( -15.83201434797830487, 15.00000000000000178, 16.56343326986905140 ) ) ;
#3372 = ORIENTED_EDGE ( 'NONE', *, *, #2697, .T. ) ;
#3373 = EDGE_CURVE ( 'NONE', #2513, #4290, #1269, .T. ) ;
#3374 = CARTESIAN_POINT ( 'NONE',  ( 20.03641866499074453, 12.32436530994066004, 14.87713998554272798 ) ) ;
#3375 = CARTESIAN_POINT ( 'NONE',  ( 6.842583635071971315, -17.28816055519875405, 25.40270352705718793 ) ) ;
#3376 = CARTESIAN_POINT ( 'NONE',  ( -4.946613540517311947, -59.00000000000002132, -20.28166238984334413 ) ) ;
#3377 = CARTESIAN_POINT ( 'NONE',  ( 12.30003177048246421, -4.999999999999885425, 22.94410579012976825 ) ) ;
#3378 = CARTESIAN_POINT ( 'NONE',  ( 16.44411551644141056, 15.24715843154282702, 21.02332185523815156 ) ) ;
#3379 = CARTESIAN_POINT ( 'NONE',  ( -2.133672726561558264, 13.87576262099020141, -24.40380887692017708 ) ) ;
#3380 = AXIS2_PLACEMENT_3D ( 'NONE', #4584, #1557, #2033 ) ;
#3381 = CARTESIAN_POINT ( 'NONE',  ( 35.37532167764070579, 23.00000000000008171, 30.95281273492680896 ) ) ;
#3382 = CARTESIAN_POINT ( 'NONE',  ( -10.55126456647648858, 14.99999999999999822, 23.99417007731907958 ) ) ;
#3383 = VERTEX_POINT ( 'NONE', #5744 ) ;
#3384 = CARTESIAN_POINT ( 'NONE',  ( -20.05658431286035182, 14.00148603419598636, 14.06577132383682915 ) ) ;
#3385 = CARTESIAN_POINT ( 'NONE',  ( 20.84873645980647083, -14.99999999999999822, 9.504219485551509194 ) ) ;
#3386 = CARTESIAN_POINT ( 'NONE',  ( 18.85006413320981267, 19.66666666666637653, 20.23186780026687970 ) ) ;
#3387 = PLANE ( 'NONE',  #2292 ) ;
#3388 = CARTESIAN_POINT ( 'NONE',  ( -15.09950666624244064, 15.37073764731412595, -21.14260051510319016 ) ) ;
#3389 = CARTESIAN_POINT ( 'NONE',  ( -18.95106687708759807, -20.00000000000001421, 18.20118431596441155 ) ) ;
#3390 = CARTESIAN_POINT ( 'NONE',  ( 16.89889835030823662, -3.607982352645616952, -20.14149504860779061 ) ) ;
#3391 = ORIENTED_EDGE ( 'NONE', *, *, #4649, .F. ) ;
#3392 = CARTESIAN_POINT ( 'NONE',  ( 15.95769075740516563, 14.99999999999999822, 21.09185503760551583 ) ) ;
#3393 = CARTESIAN_POINT ( 'NONE',  ( -22.80340321678223248, 14.99999999999995559, -9.047145909643987238 ) ) ;
#3394 = CARTESIAN_POINT ( 'NONE',  ( 16.51591861707972697, -15.79119993234646913, -20.96675599062747608 ) ) ;
#3395 = AXIS2_PLACEMENT_3D ( 'NONE', #5708, #3420, #3937 ) ;
#3396 = CARTESIAN_POINT ( 'NONE',  ( -26.43466212394631754, 15.00000000000000000, 3.688254087377202506 ) ) ;
#3397 = CARTESIAN_POINT ( 'NONE',  ( -26.19478064337489798, -17.37359979703954593, -3.665594197382056496 ) ) ;
#3398 = ORIENTED_EDGE ( 'NONE', *, *, #3971, .T. ) ;
#3399 = CARTESIAN_POINT ( 'NONE',  ( 17.09537934990419217, -15.97732207635046997, 18.19580628688270352 ) ) ;
#3400 = EDGE_CURVE ( 'NONE', #4441, #2176, #1324, .T. ) ;
#3401 = CARTESIAN_POINT ( 'NONE',  ( 6.900994858599193371, 13.93601188784033340, 23.98715030417673688 ) ) ;
#3402 = CARTESIAN_POINT ( 'NONE',  ( 31.96177762983965565, -16.99999999999998224, -1.317106958709712172 ) ) ;
#3403 = CARTESIAN_POINT ( 'NONE',  ( -28.39108042167073620, -0.8206562226083332634, 0.0007473120863922631113 ) ) ;
#3404 = CIRCLE ( 'NONE', #2393, 1.399999999999998579 ) ;
#3405 = CARTESIAN_POINT ( 'NONE',  ( 12.05847001285737718, -15.79119993234651176, 23.81119997239063579 ) ) ;
#3406 = VECTOR ( 'NONE', #716, 1000.000000000000000 ) ;
#3407 = DIRECTION ( 'NONE',  ( 0.7589721945231475697, 0.6511230359469071249, 0.000000000000000000 ) ) ;
#3408 = CARTESIAN_POINT ( 'NONE',  ( 26.24232861961262842, 15.12357921577141617, -3.294211817123059660 ) ) ;
#3409 = DIRECTION ( 'NONE',  ( 0.8857850186026570150, 0.000000000000000000, 0.4640957884091285179 ) ) ;
#3410 = CARTESIAN_POINT ( 'NONE',  ( -25.82873048647905634, -17.37359979703954593, -2.830737692116964244 ) ) ;
#3411 = ORIENTED_EDGE ( 'NONE', *, *, #5290, .F. ) ;
#3412 = AXIS2_PLACEMENT_3D ( 'NONE', #2086, #4231, #323 ) ;
#3413 = CARTESIAN_POINT ( 'NONE',  ( -23.90351441750586758, -6.516430306137777961, 7.134875971063883604 ) ) ;
#3414 = CARTESIAN_POINT ( 'NONE',  ( 26.45438093980683547, 5.000000000000055955, -1.623320520336027251 ) ) ;
#3415 = CARTESIAN_POINT ( 'NONE',  ( -17.11575444694148374, -20.00000000000004974, 22.54758103198510000 ) ) ;
#3416 = CARTESIAN_POINT ( 'NONE',  ( -2.080030025121815118, -15.79119993234648334, -22.82214378850033043 ) ) ;
#3417 = CARTESIAN_POINT ( 'NONE',  ( 15.77375709119823632, -11.27556609628052087, -23.60563642132286333 ) ) ;
#3418 = CARTESIAN_POINT ( 'NONE',  ( 15.84252520136711340, -11.73735229724288054, -23.56061982233383745 ) ) ;
#3419 = ORIENTED_EDGE ( 'NONE', *, *, #2490, .F. ) ;
#3420 = DIRECTION ( 'NONE',  ( 4.064784181921418638E-16, -1.000000000000000000, 2.538572003884065318E-15 ) ) ;
#3421 = CARTESIAN_POINT ( 'NONE',  ( 0.7806482794758529131, -19.66666666666667851, -22.69445807460456521 ) ) ;
#3422 = CARTESIAN_POINT ( 'NONE',  ( -16.86603122836805468, 3.326327714808084313, -20.16692590281612496 ) ) ;
#3423 = CARTESIAN_POINT ( 'NONE',  ( 16.21993013174849807, -20.39633502492607064, -20.60732504307443591 ) ) ;
#3424 = CARTESIAN_POINT ( 'NONE',  ( -25.78195795262985612, -20.39633502492598893, -3.321960213630072989 ) ) ;
#3425 = CARTESIAN_POINT ( 'NONE',  ( 26.41570263137280605, -15.79119993234646913, 3.819827093913709337 ) ) ;
#3426 = ORIENTED_EDGE ( 'NONE', *, *, #1476, .T. ) ;
#3427 = CARTESIAN_POINT ( 'NONE',  ( 26.39077933508112395, 15.24715843154279682, -1.742892411548072173 ) ) ;
#3428 = CARTESIAN_POINT ( 'NONE',  ( -26.65534860475385059, 15.24715843154279327, 1.371728650625662294 ) ) ;
#3429 = EDGE_LOOP ( 'NONE', ( #4240, #5163 ) ) ;
#3430 = CARTESIAN_POINT ( 'NONE',  ( 21.99553403384180683, 10.89503006622980763, 10.76424843480607940 ) ) ;
#3431 = CARTESIAN_POINT ( 'NONE',  ( -2.905581651131055043, -18.89247897757313410, 24.34697999043478589 ) ) ;
#3432 = CARTESIAN_POINT ( 'NONE',  ( 17.96123473073370747, 14.99999999999995381, -17.02012891631646951 ) ) ;
#3433 = CARTESIAN_POINT ( 'NONE',  ( -21.89151786163567692, 9.405403816999882594, -10.96861765313811787 ) ) ;
#3434 = CARTESIAN_POINT ( 'NONE',  ( -28.35286079361732448, 7.365869873971065296, 1.462544513512584077 ) ) ;
#3435 = CARTESIAN_POINT ( 'NONE',  ( 15.99043030740195803, 15.24715843154282702, 21.06697483495411660 ) ) ;
#3436 = EDGE_CURVE ( 'NONE', #1052, #78, #413, .T. ) ;
#3437 = CARTESIAN_POINT ( 'NONE',  ( 26.65031702558531990, -15.79119993234649044, 1.462689356773876570 ) ) ;
#3438 = CARTESIAN_POINT ( 'NONE',  ( -14.98274061382439548, 11.01813617265251466, 21.60748288164749908 ) ) ;
#3439 = CARTESIAN_POINT ( 'NONE',  ( -15.80710815509108613, 15.24715843154279327, 16.58872531220067259 ) ) ;
#3440 = CARTESIAN_POINT ( 'NONE',  ( -19.85933110456073791, -10.48685351137473631, 15.10484913912728011 ) ) ;
#3441 = CARTESIAN_POINT ( 'NONE',  ( 12.06111095195453942, -4.999999999999881872, 23.33378695324558194 ) ) ;
#3442 = ADVANCED_FACE ( 'NONE', ( #3490 ), #1355, .T. ) ;
#3443 = CARTESIAN_POINT ( 'NONE',  ( -14.98064054600667383, -5.416836326973006877, 24.02066841663033969 ) ) ;
#3444 = CARTESIAN_POINT ( 'NONE',  ( 2.175751746900579597, 15.12357921577135400, -22.80990825232786179 ) ) ;
#3445 = VECTOR ( 'NONE', #502, 1000.000000000000114 ) ;
#3446 = CYLINDRICAL_SURFACE ( 'NONE', #3046, 19.50000000000000000 ) ;
#3447 = CARTESIAN_POINT ( 'NONE',  ( 23.85908327146487906, -5.551438713475689291, -7.279466097865027407 ) ) ;
#3448 = CARTESIAN_POINT ( 'NONE',  ( 16.24145987817913905, -14.46674899922099122, -23.28686011171680192 ) ) ;
#3449 = ORIENTED_EDGE ( 'NONE', *, *, #110, .F. ) ;
#3450 = CARTESIAN_POINT ( 'NONE',  ( 11.06884768623305781, -19.38875661563057307, 24.02910896820579012 ) ) ;
#3451 = CARTESIAN_POINT ( 'NONE',  ( 7.544260377843419185, 19.66666666666638008, -24.63780231803238507 ) ) ;
#3452 = CARTESIAN_POINT ( 'NONE',  ( 1.314042361537946402, 8.545225122714914079, 24.44856524189829727 ) ) ;
#3453 = CARTESIAN_POINT ( 'NONE',  ( -10.28724170622055389, -15.00000000000000178, -24.36568633294364261 ) ) ;
#3454 = CARTESIAN_POINT ( 'NONE',  ( -4.628573982581674073, -14.99999999999996625, -9.480970566741152794 ) ) ;
#3455 = ORIENTED_EDGE ( 'NONE', *, *, #1193, .F. ) ;
#3456 = CARTESIAN_POINT ( 'NONE',  ( 26.39674834535342285, -16.58239986469293825, 3.951411472550999449 ) ) ;
#3457 = CARTESIAN_POINT ( 'NONE',  ( -26.67423460663405876, -4.999999999999871214, -2.025169353016588403 ) ) ;
#3458 = ORIENTED_EDGE ( 'NONE', *, *, #2918, .T. ) ;
#3459 = CARTESIAN_POINT ( 'NONE',  ( 20.17832915886042144, 13.81551331710236319, 14.69104418798232636 ) ) ;
#3460 = CARTESIAN_POINT ( 'NONE',  ( -2.447809443922864148, -15.91718680319510071, 24.38085556684291788 ) ) ;
#3461 = CARTESIAN_POINT ( 'NONE',  ( 21.40712985991826400, 5.000000000000062172, -8.170794980046956368 ) ) ;
#3462 = PLANE ( 'NONE',  #5266 ) ;
#3463 = CARTESIAN_POINT ( 'NONE',  ( -28.26358572104001254, 14.18921412410379901, 2.681706665257090005 ) ) ;
#3464 = CARTESIAN_POINT ( 'NONE',  ( -6.428346811605383238, -14.99999999999999112, 21.99264325336360315 ) ) ;
#3465 = CARTESIAN_POINT ( 'NONE',  ( 26.65751966856210586, -15.00000000000000000, 1.330467465147270989 ) ) ;
#3466 = CARTESIAN_POINT ( 'NONE',  ( -28.38986260888123425, -2.332193154671796442, -0.2686893865275132298 ) ) ;
#3467 = CARTESIAN_POINT ( 'NONE',  ( -18.75928033774921033, 0.5281197578276308757, 16.43662971145067431 ) ) ;
#3468 = CARTESIAN_POINT ( 'NONE',  ( -10.49531885900394812, 15.37073764731418635, 24.01870974330091357 ) ) ;
#3469 = CARTESIAN_POINT ( 'NONE',  ( -21.27277651825855997, -1.000977130011859284, 12.10401272445271026 ) ) ;
#3470 = CARTESIAN_POINT ( 'NONE',  ( 22.26981161431335110, 15.24715843154283057, 5.394994566576842843 ) ) ;
#3471 = CARTESIAN_POINT ( 'NONE',  ( -28.31793892594194162, 3.333237074946355794, 0.5926189395936113380 ) ) ;
#3472 = EDGE_CURVE ( 'NONE', #5370, #4412, #637, .T. ) ;
#3473 = CARTESIAN_POINT ( 'NONE',  ( 2.696835542997340518, -17.00000000000003197, 24.93841138082281006 ) ) ;
#3474 = CARTESIAN_POINT ( 'NONE',  ( -10.46287449041607154, -17.37359979703941093, -23.78370559485096791 ) ) ;
#3475 = DIRECTION ( 'NONE',  ( 0.000000000000000000, -3.304235192336773934E-15, 1.000000000000000000 ) ) ;
#3476 = CARTESIAN_POINT ( 'NONE',  ( 18.44928701554592720, 3.507378009932774265, -16.78581740132156597 ) ) ;
#3477 = CARTESIAN_POINT ( 'NONE',  ( 12.90998742057653992, 7.365674074282069661, -25.28535485188736232 ) ) ;
#3478 = ORIENTED_EDGE ( 'NONE', *, *, #443, .T. ) ;
#3479 = CARTESIAN_POINT ( 'NONE',  ( 16.41145296836577572, 14.99999999999999822, 21.04896187993228907 ) ) ;
#3480 = CARTESIAN_POINT ( 'NONE',  ( -9.149313497251108984, 19.66666666666634100, -20.77033636128059513 ) ) ;
#3481 =( REPRESENTATION_RELATIONSHIP ('NONE','NONE', #1510, #2122 ) REPRESENTATION_RELATIONSHIP_WITH_TRANSFORMATION ( #677 )SHAPE_REPRESENTATION_RELATIONSHIP( ) );
#3482 = CARTESIAN_POINT ( 'NONE',  ( -17.79218225067979731, 10.77653703653374251, -19.35897128351444252 ) ) ;
#3483 = AXIS2_PLACEMENT_3D ( 'NONE', #912, #2335, #3657 ) ;
#3484 = CARTESIAN_POINT ( 'NONE',  ( 7.279722446959277171, -14.52124223953343929, 25.27292418253548689 ) ) ;
#3485 = CARTESIAN_POINT ( 'NONE',  ( -14.48096789581105348, 15.00000000000000178, -22.42087857212209911 ) ) ;
#3486 = ORIENTED_EDGE ( 'NONE', *, *, #2839, .F. ) ;
#3487 = CARTESIAN_POINT ( 'NONE',  ( 26.12459848833442777, 15.37073764731419345, -2.134305722405808847 ) ) ;
#3488 = CARTESIAN_POINT ( 'NONE',  ( -26.01856118769769211, 5.000000000000060396, 0.8198565093717460339 ) ) ;
#3489 = ORIENTED_EDGE ( 'NONE', *, *, #1850, .F. ) ;
#3490 = FACE_OUTER_BOUND ( 'NONE', #3807, .T. ) ;
#3491 = COLOUR_RGB ( '',0.7921568627450980005, 0.8196078431372548767, 0.9333333333333333481 ) ;
#3492 = CARTESIAN_POINT ( 'NONE',  ( -7.886410783716881312, -20.43997940047781725, 23.71773898079941389 ) ) ;
#3493 = CARTESIAN_POINT ( 'NONE',  ( 2.390672241206779347, 59.00000000000054001, 25.29067060337578710 ) ) ;
#3494 = CARTESIAN_POINT ( 'NONE',  ( -26.22992199887831433, 12.75974122476269024, -1.884438282754654193 ) ) ;
#3495 = CARTESIAN_POINT ( 'NONE',  ( 13.00779398670732689, 59.00000000000000711, -18.24070233092209392 ) ) ;
#3496 = CARTESIAN_POINT ( 'NONE',  ( 26.43170965866309885, 15.12357921577141617, -3.708773141935411299 ) ) ;
#3497 = PRODUCT ( 'NAMLU_ALTIGEN_CAP30MM_UZUNLUK180MM_90DERECE_BURKULMUS', 'NAMLU_ALTIGEN_CAP30MM_UZUNLUK180MM_90DERECE_BURKULMUS', '', ( #4642 ) ) ;
#3498 = CARTESIAN_POINT ( 'NONE',  ( -24.48336986955915862, -20.43997940047780659, 5.029037407021286654 ) ) ;
#3499 = CARTESIAN_POINT ( 'NONE',  ( -5.759246651849371901, 14.99999999999992362, -24.06495001830897351 ) ) ;
#3500 = CARTESIAN_POINT ( 'NONE',  ( -19.72613183965456329, -9.123070845579993815, 15.27235983510771078 ) ) ;
#3501 = CARTESIAN_POINT ( 'NONE',  ( 21.87799691369647448, 5.000000000000056843, 6.813561579518077060 ) ) ;
#3502 = CARTESIAN_POINT ( 'NONE',  ( 13.72016259612898992, -4.999999999999913847, -22.12419287565826664 ) ) ;
#3503 = VECTOR ( 'NONE', #1807, 1000.000000000000114 ) ;
#3504 = CARTESIAN_POINT ( 'NONE',  ( 24.24622944172044114, -14.48976403158023452, -5.933074744134736456 ) ) ;
#3505 = CARTESIAN_POINT ( 'NONE',  ( -28.17371833870864606, 14.99999999999998224, 2.663016841433014203 ) ) ;
#3506 = ORIENTED_EDGE ( 'NONE', *, *, #897, .T. ) ;
#3507 = CARTESIAN_POINT ( 'NONE',  ( 13.66936029312872236, -4.999999999999877431, 22.99458423316603373 ) ) ;
#3508 = CARTESIAN_POINT ( 'NONE',  ( 2.227671861124489894, -59.00000000000000000, -23.56630669860016525 ) ) ;
#3509 = PRODUCT_DEFINITION ( 'BİLİNMEY', '', #5274, #4504 ) ;
#3510 = CARTESIAN_POINT ( 'NONE',  ( 11.07255954320399205, 10.03195545751176176, 23.84791777738621121 ) ) ;
#3511 = CARTESIAN_POINT ( 'NONE',  ( -26.43172530472715565, 15.12357921577137354, 3.708807391684588950 ) ) ;
#3512 = ORIENTED_EDGE ( 'NONE', *, *, #1474, .T. ) ;
#3513 = CARTESIAN_POINT ( 'NONE',  ( 12.09362802871479659, -17.00000000000003197, 25.00334217556154570 ) ) ;
#3514 = CARTESIAN_POINT ( 'NONE',  ( -0.8359890097347092430, -16.99999999999992895, -24.73879354252098040 ) ) ;
#3515 = ORIENTED_EDGE ( 'NONE', *, *, #3270, .T. ) ;
#3516 = CARTESIAN_POINT ( 'NONE',  ( -15.95766553767858120, 14.99999999999999822, -21.09185742157166388 ) ) ;
#3517 = ADVANCED_FACE ( 'NONE', ( #5510 ), #2209, .F. ) ;
#3518 = CARTESIAN_POINT ( 'NONE',  ( -16.73360473255704051, -16.10497021111283900, 22.93467223977341618 ) ) ;
#3519 = CARTESIAN_POINT ( 'NONE',  ( 13.42850839432291465, -4.670945242658641305, 24.92018627107400874 ) ) ;
#3520 = CARTESIAN_POINT ( 'NONE',  ( -19.15884520767600918, 3.386371770731073649, -15.97095692694860247 ) ) ;
#3521 = CARTESIAN_POINT ( 'NONE',  ( -28.26534324641853502, -15.82956365656156983, -2.662415812144883098 ) ) ;
#3522 = ORIENTED_EDGE ( 'NONE', *, *, #974, .T. ) ;
#3523 = CARTESIAN_POINT ( 'NONE',  ( -13.21206186359615842, 5.000000000000050626, 22.97615150738950618 ) ) ;
#3524 = EDGE_CURVE ( 'NONE', #1141, #851, #1917, .T. ) ;
#3525 = CARTESIAN_POINT ( 'NONE',  ( 26.23647106375227622, 5.000000000000055955, -1.221588514853797935 ) ) ;
#3526 = CARTESIAN_POINT ( 'NONE',  ( -24.30571504992978049, -15.97732191245555811, 5.707141023739476182 ) ) ;
#3527 = LINE ( 'NONE', #4869, #2372 ) ;
#3528 = CARTESIAN_POINT ( 'NONE',  ( -25.55074127243502247, 13.88415448935875141, 6.229044508837087157 ) ) ;
#3529 = DIRECTION ( 'NONE',  ( 1.003456252704766942E-16, -1.000000000000000000, -2.539663957332261757E-15 ) ) ;
#3530 = CARTESIAN_POINT ( 'NONE',  ( 9.266253261288007081, -17.00000000000005684, 25.64252373626704795 ) ) ;
#3531 = CARTESIAN_POINT ( 'NONE',  ( 20.79121576953475525, -20.32028274798074463, -13.87165746516270559 ) ) ;
#3532 = CARTESIAN_POINT ( 'NONE',  ( 23.48970979456796115, 1.666131686284227920, -8.371397251663472261 ) ) ;
#3533 = VERTEX_POINT ( 'NONE', #1912 ) ;
#3534 = CARTESIAN_POINT ( 'NONE',  ( -15.60891332006655574, -15.79119993234651176, 21.05741783592527838 ) ) ;
#3535 = CARTESIAN_POINT ( 'NONE',  ( -12.31832153754124626, -11.66670915368744232, -25.48142831048057033 ) ) ;
#3536 = CARTESIAN_POINT ( 'NONE',  ( -11.98295414607910914, -13.12615818344854368, -25.73901423545677858 ) ) ;
#3537 = CARTESIAN_POINT ( 'NONE',  ( -0.9934461741167622817, -6.455971964112455552, 24.46238835880177831 ) ) ;
#3538 = CARTESIAN_POINT ( 'NONE',  ( -18.66608413105798192, 15.12357921577136466, -13.28921041130816327 ) ) ;
#3539 = ORIENTED_EDGE ( 'NONE', *, *, #762, .F. ) ;
#3540 = CARTESIAN_POINT ( 'NONE',  ( 26.12785535813581461, 15.12357921577139841, -2.093759322904807707 ) ) ;
#3541 = ORIENTED_EDGE ( 'NONE', *, *, #2623, .F. ) ;
#3542 = CARTESIAN_POINT ( 'NONE',  ( -11.94032336245587089, -16.58239986469293825, -23.87106949774340237 ) ) ;
#3543 = ADVANCED_FACE ( 'NONE', ( #3172 ), #3681, .T. ) ;
#3544 = CARTESIAN_POINT ( 'NONE',  ( -6.759332831489249571, -12.99942726638276369, 24.02496691034635745 ) ) ;
#3545 = EDGE_CURVE ( 'NONE', #3209, #3620, #1475, .T. ) ;
#3546 = DIRECTION ( 'NONE',  ( 0.4640957884091267971, -2.059984127722456058E-15, -0.8857850186026579031 ) ) ;
#3547 = CARTESIAN_POINT ( 'NONE',  ( -14.09753020280637337, -17.48604394872101864, -22.21291545350712227 ) ) ;
#3548 = ORIENTED_EDGE ( 'NONE', *, *, #3270, .F. ) ;
#3549 = CARTESIAN_POINT ( 'NONE',  ( 20.70702710066437646, -59.00000000000000000, 14.71571819469523845 ) ) ;
#3550 = CARTESIAN_POINT ( 'NONE',  ( 10.31234288551072531, -16.58239986469297733, 24.09867417279626878 ) ) ;
#3551 = CARTESIAN_POINT ( 'NONE',  ( -10.69781965423913483, -15.79119993234646913, -23.67633323440782789 ) ) ;
#3552 = CARTESIAN_POINT ( 'NONE',  ( -22.23844694170094272, -14.42954162476351421, 10.27719972973982721 ) ) ;
#3553 = CARTESIAN_POINT ( 'NONE',  ( -26.02623550448753775, -16.58239986469303062, -3.118586243716932938 ) ) ;
#3554 = CARTESIAN_POINT ( 'NONE',  ( -28.29768839332121289, -12.09750163344274831, -2.308173902507074882 ) ) ;
#3555 = CARTESIAN_POINT ( 'NONE',  ( 13.07820145876592477, 5.000000000000019540, 23.33368189423677919 ) ) ;
#3556 = CARTESIAN_POINT ( 'NONE',  ( -10.99717550655910614, 9.528336390260360389, -23.88241267404589152 ) ) ;
#3557 = DIRECTION ( 'NONE',  ( 0.000000000000000000, -2.478176394252580549E-15, 1.000000000000000000 ) ) ;
#3558 = CARTESIAN_POINT ( 'NONE',  ( 20.06748207323229494, 13.87576262099129742, -14.04971922302434173 ) ) ;
#3559 = CARTESIAN_POINT ( 'NONE',  ( 14.36990592660760413, 15.48668701207106935, -22.03194591124201196 ) ) ;
#3560 = ORIENTED_EDGE ( 'NONE', *, *, #5702, .T. ) ;
#3561 = CARTESIAN_POINT ( 'NONE',  ( 15.08305988932305297, 15.24715843154282702, 21.15428079438603959 ) ) ;
#3562 = CARTESIAN_POINT ( 'NONE',  ( -20.54405198633255125, -16.99999999999995737, -13.42433602746200094 ) ) ;
#3563 = CARTESIAN_POINT ( 'NONE',  ( -11.73930554881370014, -14.61751399560684206, -25.84950726187163639 ) ) ;
#3564 = CARTESIAN_POINT ( 'NONE',  ( 3.362757451137904141, -9.123076185937192051, 24.71948631293525622 ) ) ;
#3565 = CARTESIAN_POINT ( 'NONE',  ( -20.65999747969049949, -18.38117820633496535, -9.955044280561322623 ) ) ;
#3566 = ORIENTED_EDGE ( 'NONE', *, *, #263, .F. ) ;
#3568 = DIRECTION ( 'NONE',  ( 4.064784181921418638E-16, -1.000000000000000000, 2.538572003884065318E-15 ) ) ;
#3567 = CIRCLE ( 'NONE', #4501, 1.399999999999995026 ) ;
#3569 = CARTESIAN_POINT ( 'NONE',  ( -2.227671861124486341, -59.00000000000000000, 23.56630669860017946 ) ) ;
#3570 = CIRCLE ( 'NONE', #860, 2.099999999999999201 ) ;
#3571 = CARTESIAN_POINT ( 'NONE',  ( 7.380842048805178024, 13.88415469543105019, -25.24211171116622054 ) ) ;
#3572 = CARTESIAN_POINT ( 'NONE',  ( -8.096279414436825306, -19.66666666666667851, -26.44056830246666934 ) ) ;
#3573 = CARTESIAN_POINT ( 'NONE',  ( 22.26036115958403627, -14.99999999999999112, -5.429209983494626357 ) ) ;
#3574 = DIRECTION ( 'NONE',  ( 4.064784181921418638E-16, -1.000000000000000000, 2.538572003884065318E-15 ) ) ;
#3575 = CARTESIAN_POINT ( 'NONE',  ( -17.09539782786906414, -15.97732166617524641, -18.19578063236339815 ) ) ;
#3576 = CARTESIAN_POINT ( 'NONE',  ( -22.02187749988381782, 11.27270294175397325, -10.71237080175113299 ) ) ;
#3577 = ORIENTED_EDGE ( 'NONE', *, *, #2731, .F. ) ;
#3578 = CARTESIAN_POINT ( 'NONE',  ( -12.12128608549750375, 15.37073764731424319, 23.77944601203745378 ) ) ;
#3579 = VECTOR ( 'NONE', #2716, 1000.000000000000227 ) ;
#3580 = EDGE_CURVE ( 'NONE', #2543, #2528, #504, .T. ) ;
#3581 = CARTESIAN_POINT ( 'NONE',  ( 13.66843169869192209, 5.000000000000044409, -22.99289458755915661 ) ) ;
#3582 = CARTESIAN_POINT ( 'NONE',  ( 12.06111095195453942, -4.999999999999881872, 23.33378695324558194 ) ) ;
#3583 = CARTESIAN_POINT ( 'NONE',  ( -28.34558769123736610, -8.655227226801262219, -1.692967001646755731 ) ) ;
#3584 = CARTESIAN_POINT ( 'NONE',  ( -26.50396181839747456, 5.000000000000060396, 0.04609454344884451882 ) ) ;
#3585 = CARTESIAN_POINT ( 'NONE',  ( -28.27549178704718713, 15.19176184243408834, 2.549763817842129576 ) ) ;
#3586 = CARTESIAN_POINT ( 'NONE',  ( 22.08854639860092206, 23.00000000000005329, 22.59137590878975743 ) ) ;
#3587 = ADVANCED_FACE ( 'NONE', ( #4609 ), #3387, .T. ) ;
#3588 = CARTESIAN_POINT ( 'NONE',  ( -6.607298414030310596, -18.77606630039763402, -25.47261269947513185 ) ) ;
#3589 = CARTESIAN_POINT ( 'NONE',  ( 32.29865374360192476, 23.00000000000001776, 5.904105499531398848 ) ) ;
#3590 = CARTESIAN_POINT ( 'NONE',  ( 23.07726597709400096, 9.345019728627669053, -9.479780791309876165 ) ) ;
#3591 = CARTESIAN_POINT ( 'NONE',  ( 22.79150925882323264, 13.94126997007617241, -10.16571219313022745 ) ) ;
#3592 = ORIENTED_EDGE ( 'NONE', *, *, #690, .F. ) ;
#3593 = CARTESIAN_POINT ( 'NONE',  ( -10.77861462206609744, 15.24715843154282702, 23.63945342814886175 ) ) ;
#3594 = CARTESIAN_POINT ( 'NONE',  ( -28.49762582636131825, -16.99999999999991829, -29.81417988576408007 ) ) ;
#3595 = B_SPLINE_SURFACE_WITH_KNOTS ( 'NONE', 3, 3, ( 
 ( #2056, #5585, #3386, #5158 ),
 ( #2546, #2083, #2602, #1195 ),
 ( #2171, #3850, #2631, #405 ),
 ( #2200, #2986, #320, #3905 ) ),
 .UNSPECIFIED., .F., .F., .F.,
 ( 4, 4 ),
 ( 4, 4 ),
 ( -0.02540341184434352986, 0.000000000000000000 ),
 ( -0.1179999999999999938, 0.000000000000000000 ),
 .UNSPECIFIED. ) ;
#3596 = EDGE_CURVE ( 'NONE', #768, #260, #2438, .T. ) ;
#3597 = AXIS2_PLACEMENT_3D ( 'NONE', #633, #254, #4188 ) ;
#3598 = CARTESIAN_POINT ( 'NONE',  ( 10.81529223615049951, 14.99999999999996803, -23.62264705418633426 ) ) ;
#3599 = CARTESIAN_POINT ( 'NONE',  ( -22.26981161431324807, 15.24715843154275241, -5.394994566576773565 ) ) ;
#3600 = ORIENTED_EDGE ( 'NONE', *, *, #727, .F. ) ;
#3601 = CARTESIAN_POINT ( 'NONE',  ( 19.29518434380089786, -59.00000000000054001, 13.71237377232965748 ) ) ;
#3602 = CYLINDRICAL_SURFACE ( 'NONE', #618, 2.099999999999999201 ) ;
#3603 = DIRECTION ( 'NONE',  ( 0.6263445933273878996, 0.7071067811865500152, 0.3281652791042122264 ) ) ;
#3604 = AXIS2_PLACEMENT_3D ( 'NONE', #4205, #1108, #136 ) ;
#3605 = CARTESIAN_POINT ( 'NONE',  ( -2.153018674042957326, 14.00148597783585203, -24.40239758333445863 ) ) ;
#3606 = CARTESIAN_POINT ( 'NONE',  ( 15.41790001452862668, -8.333424554299284637, -23.74134040741243723 ) ) ;
#3607 = CARTESIAN_POINT ( 'NONE',  ( -21.33031173898187305, 1.726516838003327337, -12.00839900168638863 ) ) ;
#3608 = ORIENTED_EDGE ( 'NONE', *, *, #5673, .F. ) ;
#3609 = CARTESIAN_POINT ( 'NONE',  ( 18.85006413321529095, -19.66666666666666075, -20.23186780027259246 ) ) ;
#3610 = CARTESIAN_POINT ( 'NONE',  ( 11.21393626912124653, 15.37073764731412773, -23.69171881576908945 ) ) ;
#3611 = CARTESIAN_POINT ( 'NONE',  ( 9.768233513860353767, -18.38117820633493338, 24.58285254766898120 ) ) ;
#3612 = CARTESIAN_POINT ( 'NONE',  ( 20.03774163084237614, -59.00000000000000711, 5.856938206129596480 ) ) ;
#3613 = CARTESIAN_POINT ( 'NONE',  ( -26.30539138425093526, -20.39633502492609551, -4.585733476081528259 ) ) ;
#3614 = CARTESIAN_POINT ( 'NONE',  ( 10.42977133533006473, -14.99999999999998401, -1.591342166965980409 ) ) ;
#3615 = CARTESIAN_POINT ( 'NONE',  ( -11.27801373828832254, 11.39585150309891226, -23.75294356915058813 ) ) ;
#3616 = CARTESIAN_POINT ( 'NONE',  ( -10.09314845276075090, 3.568925049749256839, -24.27574513022734592 ) ) ;
#3617 = CARTESIAN_POINT ( 'NONE',  ( 25.80691143513438490, 6.306380344334269417, -5.006133107554187944 ) ) ;
#3618 = CARTESIAN_POINT ( 'NONE',  ( 22.87442878141735036, 12.57619372598531093, -9.968187655345948528 ) ) ;
#3619 = EDGE_CURVE ( 'NONE', #5514, #938, #2057, .T. ) ;
#3620 = VERTEX_POINT ( 'NONE', #2872 ) ;
#3621 = CARTESIAN_POINT ( 'NONE',  ( 1.966587337971220206, -16.58239986469301996, 22.83664242322570814 ) ) ;
#3622 = B_SPLINE_CURVE_WITH_KNOTS ( 'NONE', 3,
 ( #963, #2752, #1461, #2237, #1943, #262, #697, #2461, #1047 ),
 .UNSPECIFIED., .F., .F.,
 ( 4, 2, 1, 2, 4 ),
 ( 3.363093777551602149E-16, 0.01606901559717077016, 0.02410352339575598871, 0.02812077729504859624, 0.03213803119434120031 ),
 .UNSPECIFIED. ) ;
#3623 = CARTESIAN_POINT ( 'NONE',  ( 24.63813655284481641, 15.00000000000000533, 5.042760846939840391 ) ) ;
#3624 = B_SPLINE_CURVE_WITH_KNOTS ( 'NONE', 3,
 ( #3339, #1586, #2493, #2439, #3389, #3853 ),
 .UNSPECIFIED., .F., .F.,
 ( 4, 2, 4 ),
 ( 0.000000000000000000, 0.01415400476525731366, 0.02830800953051462732 ),
 .UNSPECIFIED. ) ;
#3625 = CARTESIAN_POINT ( 'NONE',  ( -8.024266221361223472, 9.790169722024300469, 25.03827102775888491 ) ) ;
#3626 = CARTESIAN_POINT ( 'NONE',  ( -20.84873645980642110, -15.00000000000000711, -9.504219485551402613 ) ) ;
#3627 = VERTEX_POINT ( 'NONE', #1078 ) ;
#3628 = CARTESIAN_POINT ( 'NONE',  ( 39.25533786581391382, 15.00000000000010125, 38.63040834680356994 ) ) ;
#3629 = LINE ( 'NONE', #4560, #310 ) ;
#3630 = CARTESIAN_POINT ( 'NONE',  ( 3.250681508808191289, 9.848597969223925830, -24.73674554549956284 ) ) ;
#3631 = CARTESIAN_POINT ( 'NONE',  ( -26.74857415039083364, -4.999999999999871214, 0.3407210048583436124 ) ) ;
#3632 = CARTESIAN_POINT ( 'NONE',  ( -21.73171458158158842, 7.181488708857431291, -11.27128387677882770 ) ) ;
#3633 = ORIENTED_EDGE ( 'NONE', *, *, #1640, .T. ) ;
#3634 = CARTESIAN_POINT ( 'NONE',  ( 25.59023349251200585, -12.82134439269382753, 6.058615803920259779 ) ) ;
#3635 = B_SPLINE_CURVE_WITH_KNOTS ( 'NONE', 3,
 ( #1497, #2903, #5591, #676, #3285, #4586, #5538, #2062, #4670, #623, #4150, #5134, #2387 ),
 .UNSPECIFIED., .F., .F.,
 ( 4, 3, 3, 3, 4 ),
 ( 0.000000000000000000, 0.006607043611316507775, 0.01321408729173004920, 0.01982113106267598124, 0.02829930038049554425 ),
 .UNSPECIFIED. ) ;
#3636 = CARTESIAN_POINT ( 'NONE',  ( 15.05016633548364702, -15.00000000000000178, -21.17764135295217898 ) ) ;
#3637 = CARTESIAN_POINT ( 'NONE',  ( 10.19288360314923736, -17.37359979703946777, 24.15092402804483029 ) ) ;
#3638 = B_SPLINE_SURFACE_WITH_KNOTS ( 'NONE', 3, 3, ( 
 ( #4453, #3609, #1784, #2191 ),
 ( #5380, #86, #4893, #3184 ),
 ( #4952, #3952, #4864, #3495 ),
 ( #3549, #3069, #1304, #5724 ) ),
 .UNSPECIFIED., .F., .F., .F.,
 ( 4, 4 ),
 ( 4, 4 ),
 ( -0.02540341184434352986, 0.000000000000000000 ),
 ( -0.1179999999999999938, 0.000000000000000000 ),
 .UNSPECIFIED. ) ;
#3639 = CARTESIAN_POINT ( 'NONE',  ( -26.31944756362645066, -20.50292173163812848, 0.6022095994812114439 ) ) ;
#3640 = CARTESIAN_POINT ( 'NONE',  ( -33.15598733562755029, -15.00000000000004086, 19.46613736208829692 ) ) ;
#3641 = DIRECTION ( 'NONE',  ( 0.000000000000000000, 2.490884991146184374E-15, -1.000000000000000000 ) ) ;
#3642 = CARTESIAN_POINT ( 'NONE',  ( -10.66034800104258906, 7.304107181371921165, -24.03073779074470551 ) ) ;
#3643 = EDGE_CURVE ( 'NONE', #3935, #3334, #1555, .T. ) ;
#3644 = CARTESIAN_POINT ( 'NONE',  ( 8.096279414436825306, -19.66666666666670693, 26.44056830246666578 ) ) ;
#3645 = CARTESIAN_POINT ( 'NONE',  ( -1.849918972280379936, -18.83252712038299137, -24.91420512436298651 ) ) ;
#3646 = DIRECTION ( 'NONE',  ( 0.4640957884091267971, 0.000000000000000000, -0.8857850186026579031 ) ) ;
#3647 = CARTESIAN_POINT ( 'NONE',  ( 17.45358967552082419, 12.69662743575362818, -17.84129947071709665 ) ) ;
#3648 = ORIENTED_EDGE ( 'NONE', *, *, #25, .F. ) ;
#3649 = CARTESIAN_POINT ( 'NONE',  ( 6.479881783030434050, 15.37073764731424852, 21.97925819148433035 ) ) ;
#3650 = CARTESIAN_POINT ( 'NONE',  ( 19.13862404567418096, 15.00000000000003553, 17.05806172607989879 ) ) ;
#3651 = EDGE_CURVE ( 'NONE', #4936, #4280, #4637, .T. ) ;
#3652 = CARTESIAN_POINT ( 'NONE',  ( -8.237716308543769017, 8.426038499212436861, 24.96707326023302898 ) ) ;
#3653 = CARTESIAN_POINT ( 'NONE',  ( -18.67690451458202361, 15.24715843154273820, -13.27499515439306776 ) ) ;
#3654 = ORIENTED_EDGE ( 'NONE', *, *, #3134, .T. ) ;
#3655 = CARTESIAN_POINT ( 'NONE',  ( -8.659399975724779708, -58.99999999999992895, 18.99551544115696089 ) ) ;
#3656 = SHAPE_REPRESENTATION_RELATIONSHIP ( 'NONE' , 'NONE' ,  #2898, #4728 ) ;
#3657 = DIRECTION ( 'NONE',  ( 0.000000000000000000, 2.478176394252584099E-15, 1.000000000000000000 ) ) ;
#3658 = ADVANCED_FACE ( 'NONE', ( #5533, #1584 ), #5612, .T. ) ;
#3659 = CARTESIAN_POINT ( 'NONE',  ( 12.36713613424462466, 12.46315417364416511, -25.55626577268148836 ) ) ;
#3660 = AXIS2_PLACEMENT_3D ( 'NONE', #2118, #1651, #4317 ) ;
#3661 = FACE_OUTER_BOUND ( 'NONE', #5426, .T. ) ;
#3662 = CARTESIAN_POINT ( 'NONE',  ( -12.58968944831061165, -9.368755429666904888, -25.44686225297321158 ) ) ;
#3663 = ORIENTED_EDGE ( 'NONE', *, *, #3524, .F. ) ;
#3664 = CARTESIAN_POINT ( 'NONE',  ( 26.20398552251878144, 11.01813575468969653, 2.171720818449374590 ) ) ;
#3665 = CARTESIAN_POINT ( 'NONE',  ( 12.13969353358202241, 15.24715843154275596, -23.77007058936116835 ) ) ;
#3666 = CARTESIAN_POINT ( 'NONE',  ( 14.67069277414506878, 14.99999999999999822, 22.00648349703573814 ) ) ;
#3667 = CARTESIAN_POINT ( 'NONE',  ( -12.10424672925822165, 59.00000000000078160, 35.59167333966242097 ) ) ;
#3668 = CARTESIAN_POINT ( 'NONE',  ( 15.15539622234344108, -15.79119993234646913, -21.10275020287942738 ) ) ;
#3669 = CARTESIAN_POINT ( 'NONE',  ( -12.29926402927483764, 5.000000000000050626, 22.94266321315194901 ) ) ;
#3670 = CARTESIAN_POINT ( 'NONE',  ( -4.208233140691215013, -3.667970211307905792, -24.58474361618019088 ) ) ;
#3671 = VECTOR ( 'NONE', #92, 1000.000000000000114 ) ;
#3672 = CARTESIAN_POINT ( 'NONE',  ( 21.50004548454382203, 19.66666666666632324, 11.46087217120240531 ) ) ;
#3673 = CARTESIAN_POINT ( 'NONE',  ( 2.676715915019754366, -17.40483203780435417, -24.36405078770502541 ) ) ;
#3674 = FILL_AREA_STYLE_COLOUR ( '', #1068 ) ;
#3675 = CARTESIAN_POINT ( 'NONE',  ( 18.95106707350328890, -19.99999999999994316, -18.20118385081184087 ) ) ;
#3676 = CARTESIAN_POINT ( 'NONE',  ( 28.39589374424146584, 0.2870934121826022589, 0.09569938823073638468 ) ) ;
#3677 = CARTESIAN_POINT ( 'NONE',  ( 10.42977133533006651, -14.99999999999998934, 0.5086578330340185694 ) ) ;
#3678 = ORIENTED_EDGE ( 'NONE', *, *, #946, .F. ) ;
#3679 = CARTESIAN_POINT ( 'NONE',  ( -12.17659516051331536, 14.99999999999999822, 23.75132806720446865 ) ) ;
#3680 = CARTESIAN_POINT ( 'NONE',  ( 26.99417746433693566, 15.00000000000000178, -0.09488958865089053285 ) ) ;
#3681 = PLANE ( 'NONE',  #1056 ) ;
#3682 = CARTESIAN_POINT ( 'NONE',  ( -33.57947474556115708, 14.99999999999991651, -23.94616620280175923 ) ) ;
#3683 = CARTESIAN_POINT ( 'NONE',  ( 10.42977133533006473, -6.999999999999987566, -1.591342166965959981 ) ) ;
#3684 = EDGE_LOOP ( 'NONE', ( #2358, #2148, #2333, #4299 ) ) ;
#3685 = CARTESIAN_POINT ( 'NONE',  ( 2.227671861124501884, 59.00000000000000000, 23.56630669860017235 ) ) ;
#3686 = DIRECTION ( 'NONE',  ( 1.000000000000000000, 0.000000000000000000, 0.000000000000000000 ) ) ;
#3687 = CARTESIAN_POINT ( 'NONE',  ( -19.29518434380087299, 59.00000000000013500, 13.71237377232965926 ) ) ;
#3688 = PRODUCT_DEFINITION_SHAPE ( 'NONE', 'NONE',  #5750 ) ;
#3689 = CARTESIAN_POINT ( 'NONE',  ( -26.37574870899947399, -16.58239986469297378, -1.963973957890155608 ) ) ;
#3690 = VECTOR ( 'NONE', #4569, 1000.000000000000000 ) ;
#3691 = CARTESIAN_POINT ( 'NONE',  ( -10.24932023425682281, 15.24715843154278971, 24.38160628113174155 ) ) ;
#3692 = EDGE_LOOP ( 'NONE', ( #1189, #4565 ) ) ;
#3693 = CARTESIAN_POINT ( 'NONE',  ( 28.29039744812105539, 12.57126346253563653, -2.392859693283274858 ) ) ;
#3694 = CARTESIAN_POINT ( 'NONE',  ( 16.41144034544833730, -15.00000000000000711, -21.04896307314950121 ) ) ;
#3695 = CARTESIAN_POINT ( 'NONE',  ( 14.86043706684091426, -15.00000000000000178, -21.59204601730467488 ) ) ;
#3696 = CARTESIAN_POINT ( 'NONE',  ( -22.38945453891426851, -19.99999999999995737, -11.07237401011630418 ) ) ;
#3697 = CARTESIAN_POINT ( 'NONE',  ( -26.26297120702828991, 15.48687237441503939, -1.433562316748655308 ) ) ;
#3698 = CARTESIAN_POINT ( 'NONE',  ( -28.38417882841421402, -2.693713348990967038, -0.6279088436156714526 ) ) ;
#3699 = CARTESIAN_POINT ( 'NONE',  ( 10.53262334314648818, 15.12357921577139841, -24.00233964771460649 ) ) ;
#3700 = CARTESIAN_POINT ( 'NONE',  ( 16.89230774400086688, -4.531267900741548615, 19.26986399967062624 ) ) ;
#3701 = CARTESIAN_POINT ( 'NONE',  ( -6.920030011383349944, 14.06172803808582472, -23.98196767016537478 ) ) ;
#3702 = CARTESIAN_POINT ( 'NONE',  ( 21.50391784773330173, 58.99999999999997868, -6.285494660236649267 ) ) ;
#3703 = CARTESIAN_POINT ( 'NONE',  ( 2.633633815280183033, 13.81551355285259675, -24.82046608633642393 ) ) ;
#3704 = CARTESIAN_POINT ( 'NONE',  ( 28.36515572314282352, 7.739529009843384877, -1.230666398066507350 ) ) ;
#3705 = CARTESIAN_POINT ( 'NONE',  ( -9.965404946963882793, 15.37073764731418635, 24.76041599964256434 ) ) ;
#3706 = EDGE_LOOP ( 'NONE', ( #724, #163, #3168, #4922 ) ) ;
#3707 = CARTESIAN_POINT ( 'NONE',  ( -12.69232334615274027, 8.730226541929321016, 25.39650570737271451 ) ) ;
#3708 = CARTESIAN_POINT ( 'NONE',  ( 25.86545857163424955, 14.99999999999999467, -2.445005701234166384 ) ) ;
#3709 = CARTESIAN_POINT ( 'NONE',  ( -5.203402771271133709, 15.00000000000005151, 25.10356548007345623 ) ) ;
#3710 = CARTESIAN_POINT ( 'NONE',  ( -7.810106832671847243, 11.15432315543178454, 25.10709784249851140 ) ) ;
#3711 = FACE_OUTER_BOUND ( 'NONE', #1909, .T. ) ;
#3712 = CARTESIAN_POINT ( 'NONE',  ( -10.28724170622055389, -15.00000000000000178, -24.36568633294364261 ) ) ;
#3713 = VERTEX_POINT ( 'NONE', #264 ) ;
#3714 = CARTESIAN_POINT ( 'NONE',  ( -23.09769934187113449, -59.00000000000000000, 10.57495240868056285 ) ) ;
#3715 = CARTESIAN_POINT ( 'NONE',  ( -25.10909282156292122, -19.66666666666664653, -5.785380015444576252 ) ) ;
#3716 = CARTESIAN_POINT ( 'NONE',  ( -25.86545857163423534, 15.00000000000000000, 2.445005701234341355 ) ) ;
#3717 = CARTESIAN_POINT ( 'NONE',  ( -14.88872564765620865, -16.58239986469302352, 21.86008155149247756 ) ) ;
#3718 = ORIENTED_EDGE ( 'NONE', *, *, #1842, .T. ) ;
#3719 = CARTESIAN_POINT ( 'NONE',  ( 24.22396833324249954, 13.93601156426351295, 6.017161078354766879 ) ) ;
#3720 = EDGE_CURVE ( 'NONE', #5060, #613, #3820, .T. ) ;
#3721 = CARTESIAN_POINT ( 'NONE',  ( 10.99720229390509019, 9.528336744463754115, 23.88241113415603323 ) ) ;
#3722 = CYLINDRICAL_SURFACE ( 'NONE', #3597, 2.099999999999999201 ) ;
#3723 = CARTESIAN_POINT ( 'NONE',  ( 35.37532167764070579, 15.00000000000007816, 29.55281273492683525 ) ) ;
#3724 = CARTESIAN_POINT ( 'NONE',  ( 17.77966294506254741, -4.999999999999952038, -14.45351337505043432 ) ) ;
#3725 = CARTESIAN_POINT ( 'NONE',  ( 17.19005263645578196, -2.032410881151838655, 18.99924220839927713 ) ) ;
#3726 = CARTESIAN_POINT ( 'NONE',  ( -6.091081828632590955, 8.605634500298270595, -24.19190853632503035 ) ) ;
#3727 = CARTESIAN_POINT ( 'NONE',  ( 7.869275899863919399, 10.77653696511441517, -25.08796788286796442 ) ) ;
#3728 = CARTESIAN_POINT ( 'NONE',  ( 10.96890074411652982, -20.00000000000005684, 26.09646867198036091 ) ) ;
#3729 = LINE ( 'NONE', #1993, #3779 ) ;
#3730 = CARTESIAN_POINT ( 'NONE',  ( 26.16441555216784209, -9.306074867921147131, -2.478575304883400054 ) ) ;
#3731 = ORIENTED_EDGE ( 'NONE', *, *, #5290, .T. ) ;
#3732 = CARTESIAN_POINT ( 'NONE',  ( -11.80936666411147584, 14.18921412640539437, 25.81783670974416012 ) ) ;
#3733 = DIRECTION ( 'NONE',  ( -0.8151277957285515408, 1.729938022788348525E-14, -0.5792811723426827264 ) ) ;
#3734 = CARTESIAN_POINT ( 'NONE',  ( 12.37142052036591089, 15.00000000000005329, 23.44342886110890234 ) ) ;
#3735 = CARTESIAN_POINT ( 'NONE',  ( 12.41244423425846044, -17.00000000000005329, 24.56641581871657465 ) ) ;
#3736 = CARTESIAN_POINT ( 'NONE',  ( 12.07292153925143374, 12.57126346026128694, -25.69663257813433432 ) ) ;
#3737 = CARTESIAN_POINT ( 'NONE',  ( -9.495729695941735216, -18.38117820633497601, -24.94821892654961104 ) ) ;
#3738 = ORIENTED_EDGE ( 'NONE', *, *, #1476, .F. ) ;
#3739 = LINE ( 'NONE', #2466, #4417 ) ;
#3740 = FACE_BOUND ( 'NONE', #4523, .T. ) ;
#3741 = CARTESIAN_POINT ( 'NONE',  ( 16.72487516034250987, -17.37359979703941448, -20.80234182558342582 ) ) ;
#3742 = CARTESIAN_POINT ( 'NONE',  ( -10.58034707232759963, -16.58239986469297733, -23.73001941462939968 ) ) ;
#3743 = CARTESIAN_POINT ( 'NONE',  ( -10.49531885900394812, 15.37073764731418635, 24.01870974330091357 ) ) ;
#3744 = ORIENTED_EDGE ( 'NONE', *, *, #861, .F. ) ;
#3745 = CARTESIAN_POINT ( 'NONE',  ( 20.27327235009166628, -11.44951492247131242, 13.73816786216737462 ) ) ;
#3746 = CARTESIAN_POINT ( 'NONE',  ( 15.32942496173301627, 6.610177739591585500, 23.89635306136380422 ) ) ;
#3747 = CARTESIAN_POINT ( 'NONE',  ( 14.67070779819818149, -15.00000000000000178, -22.00645068165717078 ) ) ;
#3748 = CARTESIAN_POINT ( 'NONE',  ( -19.29518434380088721, -59.00000000000000000, -13.71237377232964150 ) ) ;
#3749 = CARTESIAN_POINT ( 'NONE',  ( -26.89611230209487047, 14.99999999999998757, 4.456911754083845878 ) ) ;
#3750 = CARTESIAN_POINT ( 'NONE',  ( 15.18180303544364662, -17.37359979703940382, -21.36991509923397814 ) ) ;
#3751 = CARTESIAN_POINT ( 'NONE',  ( 17.58329493840001234, -14.48330526951039232, 17.57457456457169087 ) ) ;
#3752 = VECTOR ( 'NONE', #5527, 1000.000000000000000 ) ;
#3753 = EDGE_CURVE ( 'NONE', #3833, #4377, #4394, .T. ) ;
#3754 = AXIS2_PLACEMENT_3D ( 'NONE', #4616, #2877, #4179 ) ;
#3755 = CARTESIAN_POINT ( 'NONE',  ( 6.532990356253701059, -11.50983861708941447, -24.08241940027119909 ) ) ;
#3756 = DIRECTION ( 'NONE',  ( -1.003456252704766818E-16, 1.000000000000000000, 2.539663957332261757E-15 ) ) ;
#3757 = CARTESIAN_POINT ( 'NONE',  ( -16.46040897051874552, 15.37073764731412062, -21.01050551385838361 ) ) ;
#3758 = FACE_OUTER_BOUND ( 'NONE', #4892, .T. ) ;
#3759 = LINE ( 'NONE', #990, #3752 ) ;
#3760 = ORIENTED_EDGE ( 'NONE', *, *, #4551, .F. ) ;
#3761 = CARTESIAN_POINT ( 'NONE',  ( -16.53862837585576884, -19.38875661563057307, 20.64938087365318253 ) ) ;
#3762 = CARTESIAN_POINT ( 'NONE',  ( 26.43464644911064809, 15.00000000000000000, -3.688219850566508029 ) ) ;
#3763 = VECTOR ( 'NONE', #5586, 1000.000000000000227 ) ;
#3764 = CARTESIAN_POINT ( 'NONE',  ( 13.56757232633692567, 14.99999999999994671, 25.17163048293888750 ) ) ;
#3765 = CARTESIAN_POINT ( 'NONE',  ( 18.93424434030336556, -20.26398852069611323, -18.28953723442311485 ) ) ;
#3766 = CARTESIAN_POINT ( 'NONE',  ( 41.54784516452751575, 11.00000000000001954, 5.963275340403168201 ) ) ;
#3767 = VERTEX_POINT ( 'NONE', #4692 ) ;
#3768 = DIRECTION ( 'NONE',  ( 0.4640957884091267971, -2.059984127722456058E-15, -0.8857850186026579031 ) ) ;
#3769 = APPLICATION_PROTOCOL_DEFINITION ( 'draft international standard', 'automotive_design', 1998, #2225 ) ;
#3770 = CARTESIAN_POINT ( 'NONE',  ( -16.39309940474103655, 14.99999999999992717, -23.06764737967273859 ) ) ;
#3771 = EDGE_CURVE ( 'NONE', #2176, #629, #3361, .T. ) ;
#3772 = CARTESIAN_POINT ( 'NONE',  ( -14.90783150427754400, -11.57273614743965950, -21.66049990323703867 ) ) ;
#3773 = CARTESIAN_POINT ( 'NONE',  ( 12.04587830876398868, -14.46673360144456666, 25.70890814895853893 ) ) ;
#3774 = CARTESIAN_POINT ( 'NONE',  ( -22.26981161431324807, 15.24715843154275241, -5.394994566576773565 ) ) ;
#3775 = CARTESIAN_POINT ( 'NONE',  ( -15.81956125153469550, 15.12357921577139663, 16.57607929103486200 ) ) ;
#3776 = ORIENTED_EDGE ( 'NONE', *, *, #5597, .F. ) ;
#3777 = CARTESIAN_POINT ( 'NONE',  ( 16.59695149994809071, -20.43997956370499125, 18.68871147436698621 ) ) ;
#3778 = B_SPLINE_CURVE_WITH_KNOTS ( 'NONE', 3,
 ( #2429, #2862, #4190, #4570 ),
 .UNSPECIFIED., .F., .F.,
 ( 4, 4 ),
 ( -0.03000000000000000583, 0.000000000000000000 ),
 .UNSPECIFIED. ) ;
#3779 = VECTOR ( 'NONE', #1154, 999.9999999999998863 ) ;
#3780 = CARTESIAN_POINT ( 'NONE',  ( 15.55377886141576660, 8.100495178905035232, 23.75229917241663102 ) ) ;
#3781 = CARTESIAN_POINT ( 'NONE',  ( 12.29926402927499396, 5.000000000000047073, -22.94266321315185309 ) ) ;
#3782 = CARTESIAN_POINT ( 'NONE',  ( -16.68231854983145013, -17.00000000000004974, 22.85985725571298843 ) ) ;
#3783 = CARTESIAN_POINT ( 'NONE',  ( -21.99554858972600613, 10.89503048382680817, -10.76421869433222156 ) ) ;
#3784 = CARTESIAN_POINT ( 'NONE',  ( -19.23675979788724888, 15.00000000000001954, 15.22475352365126255 ) ) ;
#3785 = CARTESIAN_POINT ( 'NONE',  ( 15.81453077233894966, -13.27700549016173248, 20.17698745807425809 ) ) ;
#3786 = PRODUCT_RELATED_PRODUCT_CATEGORY ( 'part', '', ( #4947 ) ) ;
#3787 = CARTESIAN_POINT ( 'NONE',  ( 7.165445982950694237, 15.24629261603461394, -25.30647718035368143 ) ) ;
#3788 = CARTESIAN_POINT ( 'NONE',  ( -18.22133475794502289, -14.31237851838766240, 18.96459127901355046 ) ) ;
#3789 = CARTESIAN_POINT ( 'NONE',  ( -10.02320922712878293, 14.99999999999999822, 24.73721612358442457 ) ) ;
#3790 = EDGE_LOOP ( 'NONE', ( #5537, #5506, #5310, #5453 ) ) ;
#3791 = CARTESIAN_POINT ( 'NONE',  ( -18.08195263720965684, -13.15701917271333876, 19.09422042783881324 ) ) ;
#3792 = LINE ( 'NONE', #584, #791 ) ;
#3793 = CARTESIAN_POINT ( 'NONE',  ( -9.588257349585306955, 15.00000000000004796, 25.52117239369527013 ) ) ;
#3794 = B_SPLINE_CURVE_WITH_KNOTS ( 'NONE', 3,
 ( #5165, #5592, #1590, #1978, #2849, #3286, #3367, #5135 ),
 .UNSPECIFIED., .F., .F.,
 ( 4, 2, 2, 4 ),
 ( 0.000000000000000000, 0.01777437052679103208, 0.02666155579018654811, 0.03554874105358206415 ),
 .UNSPECIFIED. ) ;
#3795 = EDGE_CURVE ( 'NONE', #3383, #417, #4338, .T. ) ;
#3796 = CARTESIAN_POINT ( 'NONE',  ( -19.13862404567404951, 14.99999999999993960, -17.05806172607995563 ) ) ;
#3797 = CARTESIAN_POINT ( 'NONE',  ( -1.853144650820324646, -17.37359979703941804, -22.85114105795117823 ) ) ;
#3798 = CARTESIAN_POINT ( 'NONE',  ( 14.42764145094809791, -2.332193618625078013, -24.45196442332661846 ) ) ;
#3799 = CARTESIAN_POINT ( 'NONE',  ( -13.07821486424277246, 5.000000000000041744, -23.33365657452325337 ) ) ;
#3800 = ORIENTED_EDGE ( 'NONE', *, *, #974, .F. ) ;
#3801 = LINE ( 'NONE', #593, #5710 ) ;
#3802 = APPLICATION_PROTOCOL_DEFINITION ( 'draft international standard', 'automotive_design', 1998, #2411 ) ;
#3803 = CARTESIAN_POINT ( 'NONE',  ( -28.49762582636131825, -19.99999999999991829, -29.81417988576408717 ) ) ;
#3804 = CARTESIAN_POINT ( 'NONE',  ( 12.75565325241397119, 5.000000000000046185, -22.95940700462095307 ) ) ;
#3805 = CARTESIAN_POINT ( 'NONE',  ( -26.24233905032199132, 15.12357921577137354, 3.294234650289235233 ) ) ;
#3806 = CARTESIAN_POINT ( 'NONE',  ( -15.74735184886383976, 11.09855004314412774, -23.62277566471264123 ) ) ;
#3807 = EDGE_LOOP ( 'NONE', ( #4552, #2727, #4913, #4001 ) ) ;
#3808 = CARTESIAN_POINT ( 'NONE',  ( 14.57364112255628186, 3.267998414082974978, 24.37074587189806252 ) ) ;
#3809 = CARTESIAN_POINT ( 'NONE',  ( 5.995138359865765487, 7.976194240878137443, 24.21480919066665294 ) ) ;
#3810 = CARTESIAN_POINT ( 'NONE',  ( -18.97087133157011962, -17.00000000000003197, 17.69150192656479703 ) ) ;
#3811 = CARTESIAN_POINT ( 'NONE',  ( 10.81529223615082635, -15.00000000000002309, 23.62264705418618149 ) ) ;
#3812 = CARTESIAN_POINT ( 'NONE',  ( 15.50392854644455554, 14.99999999999999822, 21.13474819527874260 ) ) ;
#3813 = CARTESIAN_POINT ( 'NONE',  ( 28.13727764976816914, -17.08341545198874556, 3.032262517402171564 ) ) ;
#3814 = CARTESIAN_POINT ( 'NONE',  ( 2.865752738213568573, 12.32436554677497220, -24.79061606790639516 ) ) ;
#3815 = CARTESIAN_POINT ( 'NONE',  ( -16.85745531211216175, -18.72173749393740039, 22.85189058967639042 ) ) ;
#3816 = CARTESIAN_POINT ( 'NONE',  ( -10.76027581502398078, 15.37073764731418635, 23.64785661513008819 ) ) ;
#3817 = ORIENTED_EDGE ( 'NONE', *, *, #2132, .T. ) ;
#3818 = CARTESIAN_POINT ( 'NONE',  ( -22.15992263754006686, -13.27469956620079117, 10.43669515883829213 ) ) ;
#3819 = CARTESIAN_POINT ( 'NONE',  ( 25.93365037332254985, -9.619759798110139926, 1.569419589476463317 ) ) ;
#3820 = LINE ( 'NONE', #2000, #2763 ) ;
#3821 = CARTESIAN_POINT ( 'NONE',  ( -10.58034707232760319, -16.58239986469293825, -23.73001941462939968 ) ) ;
#3822 = DIRECTION ( 'NONE',  ( 0.000000000000000000, -2.478176394252584099E-15, -1.000000000000000000 ) ) ;
#3823 = CARTESIAN_POINT ( 'NONE',  ( 17.57950484511723488, -9.064457513050864890, -19.55209879783209459 ) ) ;
#3824 = VERTEX_POINT ( 'NONE', #4286 ) ;
#3825 = CARTESIAN_POINT ( 'NONE',  ( 32.29865374360192476, 15.00000000000000888, 3.104105499531427004 ) ) ;
#3826 = CARTESIAN_POINT ( 'NONE',  ( -4.628573982581674073, -19.99999999999996092, -11.58097056674116487 ) ) ;
#3827 = EDGE_CURVE ( 'NONE', #5081, #3058, #358, .T. ) ;
#3828 = CARTESIAN_POINT ( 'NONE',  ( -14.70590681586496018, -13.06256352075860683, -21.80229804283083794 ) ) ;
#3829 = B_SPLINE_CURVE_WITH_KNOTS ( 'NONE', 3,
 ( #829, #2134, #1273, #3895, #3519, #1694 ),
 .UNSPECIFIED., .F., .F.,
 ( 4, 2, 4 ),
 ( 0.000000000000000000, 0.007513451483658097931, 0.01502690296731619586 ),
 .UNSPECIFIED. ) ;
#3830 = CARTESIAN_POINT ( 'NONE',  ( 11.66759672321834174, 15.37073764731412950, -23.73558101640816531 ) ) ;
#3831 = CARTESIAN_POINT ( 'NONE',  ( -10.43180773036653974, -15.79119993234649044, -24.04641657884743466 ) ) ;
#3832 = CARTESIAN_POINT ( 'NONE',  ( 26.50395150837249858, 5.000000000000060396, -0.04611097833708346916 ) ) ;
#3833 = VERTEX_POINT ( 'NONE', #2955 ) ;
#3834 = CARTESIAN_POINT ( 'NONE',  ( -26.74666213374736401, 5.000000000000060396, -0.3407864395126062318 ) ) ;
#3835 = ORIENTED_EDGE ( 'NONE', *, *, #4100, .T. ) ;
#3836 = CARTESIAN_POINT ( 'NONE',  ( 15.31166450555735814, -8.593081794846590071, 21.37692889990170286 ) ) ;
#3837 = CARTESIAN_POINT ( 'NONE',  ( 6.607325059930253097, -18.77606599262406917, 25.47261580663514025 ) ) ;
#3838 = CARTESIAN_POINT ( 'NONE',  ( 24.34202681694533865, 14.99999999999997691, -8.045503753993358487 ) ) ;
#3839 = CARTESIAN_POINT ( 'NONE',  ( -20.76691219094394825, -5.490958217600771185, -12.96512091647098863 ) ) ;
#3840 = CARTESIAN_POINT ( 'NONE',  ( -28.30534676539886263, 11.45884794301172782, 2.194077387153242853 ) ) ;
#3841 = CARTESIAN_POINT ( 'NONE',  ( 12.75647461136455441, -4.999999999999884537, 22.96093193780851394 ) ) ;
#3842 = CARTESIAN_POINT ( 'NONE',  ( 26.34422751621129777, -19.38875661563040254, 2.428671379895224636 ) ) ;
#3843 = AXIS2_PLACEMENT_3D ( 'NONE', #983, #1010, #3269 ) ;
#3844 = CARTESIAN_POINT ( 'NONE',  ( -16.41141513877597546, 14.99999999999999645, -21.04896545588146139 ) ) ;
#3845 = DIRECTION ( 'NONE',  ( 0.000000000000000000, 2.478176394252588832E-15, 1.000000000000000000 ) ) ;
#3846 = CARTESIAN_POINT ( 'NONE',  ( -20.84183587795850201, 15.12357921577138953, 9.520697841019753582 ) ) ;
#3847 = ORIENTED_EDGE ( 'NONE', *, *, #1115, .F. ) ;
#3848 = CARTESIAN_POINT ( 'NONE',  ( -24.02414225422315042, -9.243852799713550894, 6.724768930410684575 ) ) ;
#3849 = CARTESIAN_POINT ( 'NONE',  ( 10.31234288551072531, -16.58239986469297733, 24.09867417279626878 ) ) ;
#3850 = CARTESIAN_POINT ( 'NONE',  ( -9.805264232448349659, -19.66666666666676733, 22.28657755640936600 ) ) ;
#3851 = CARTESIAN_POINT ( 'NONE',  ( -28.17371833870864606, 14.99999999999998224, 2.663016841433014203 ) ) ;
#3852 = CARTESIAN_POINT ( 'NONE',  ( -1.966587337971070104, -16.58239986469294891, -22.83664242322575433 ) ) ;
#3853 = CARTESIAN_POINT ( 'NONE',  ( -17.11575444694148374, -20.00000000000004974, 22.54758103198510000 ) ) ;
#3854 = DIRECTION ( 'NONE',  ( -1.003456252704766818E-16, 1.000000000000000000, 2.539663957332261757E-15 ) ) ;
#3855 = EDGE_LOOP ( 'NONE', ( #695, #3633, #4829 ) ) ;
#3856 = DIRECTION ( 'NONE',  ( 1.003456252704766818E-16, -1.000000000000000000, -2.539663957332261757E-15 ) ) ;
#3857 = CARTESIAN_POINT ( 'NONE',  ( -16.39309940474103655, 14.99999999999992717, -23.06764737967273859 ) ) ;
#3858 = CARTESIAN_POINT ( 'NONE',  ( -16.09659984989638914, -2.633475226919970602, -20.78115628489638667 ) ) ;
#3859 = CARTESIAN_POINT ( 'NONE',  ( 16.62039688871111665, -16.58239986469293470, -20.88454890810545095 ) ) ;
#3860 = CARTESIAN_POINT ( 'NONE',  ( -26.24233905032199132, 15.12357921577137354, 3.294234650289235233 ) ) ;
#3861 = ORIENTED_EDGE ( 'NONE', *, *, #3204, .T. ) ;
#3862 = CARTESIAN_POINT ( 'NONE',  ( 21.87782692589685496, -4.999999999999952927, -6.813585337205655179 ) ) ;
#3863 = CARTESIAN_POINT ( 'NONE',  ( -26.01175556492697893, -17.37359979703954593, -3.248165944749510370 ) ) ;
#3864 = ORIENTED_EDGE ( 'NONE', *, *, #3898, .F. ) ;
#3865 = CARTESIAN_POINT ( 'NONE',  ( 15.47106236078206898, 9.230067506028577284, 23.80625758803099501 ) ) ;
#3866 = PRODUCT_DEFINITION_CONTEXT ( 'detailed design', #3004, 'design' ) ;
#3867 = CARTESIAN_POINT ( 'NONE',  ( -3.560013147209057482, 7.855352552410625577, 24.69028797965448874 ) ) ;
#3868 = EDGE_CURVE ( 'NONE', #2513, #2694, #728, .T. ) ;
#3869 = FACE_OUTER_BOUND ( 'NONE', #2999, .T. ) ;
#3870 = CARTESIAN_POINT ( 'NONE',  ( -16.59697073242947951, -20.43997915528500542, -18.68868633955788994 ) ) ;
#3871 = CARTESIAN_POINT ( 'NONE',  ( -28.30668538160651337, -13.10201707859340736, -2.180703437897967945 ) ) ;
#3872 = CARTESIAN_POINT ( 'NONE',  ( 1.966587337971220206, -16.58239986469301996, 22.83664242322570814 ) ) ;
#3873 = VECTOR ( 'NONE', #5703, 1000.000000000000000 ) ;
#3874 = CARTESIAN_POINT ( 'NONE',  ( 25.86167451138911844, 15.24715843154283235, -2.485172633762550376 ) ) ;
#3875 = CARTESIAN_POINT ( 'NONE',  ( -15.58144536193335128, 6.548646507260822425, 21.17311112855706057 ) ) ;
#3876 = CARTESIAN_POINT ( 'NONE',  ( -10.81529223615034141, 14.99999999999999822, 23.62264705418640887 ) ) ;
#3877 = CARTESIAN_POINT ( 'NONE',  ( -22.88696572566638565, 12.57615598713487870, 9.949994079287314719 ) ) ;
#3878 = CARTESIAN_POINT ( 'NONE',  ( 13.50559859187060319, 5.000000000000023093, 22.52643176726565599 ) ) ;
#3879 = LINE ( 'NONE', #2662, #1359 ) ;
#3880 = CARTESIAN_POINT ( 'NONE',  ( 6.758317853016189147, -17.37359979703936830, -21.90697925039422245 ) ) ;
#3881 = CARTESIAN_POINT ( 'NONE',  ( 21.38726581672518989, -2.511679878575177050, -11.90176960868728706 ) ) ;
#3882 = FACE_OUTER_BOUND ( 'NONE', #3257, .T. ) ;
#3883 = VERTEX_POINT ( 'NONE', #3851 ) ;
#3884 = CYLINDRICAL_SURFACE ( 'NONE', #2746, 1.399999999999996803 ) ;
#3885 = CARTESIAN_POINT ( 'NONE',  ( -2.227671861124486785, 59.00000000000000711, -23.56630669860016880 ) ) ;
#3886 = CARTESIAN_POINT ( 'NONE',  ( -13.18156963365085765, -5.674519381943389895, -25.15128392354090536 ) ) ;
#3887 = CARTESIAN_POINT ( 'NONE',  ( 16.65223852291791928, 15.55096603249786291, 22.99310974093674886 ) ) ;
#3888 = CARTESIAN_POINT ( 'NONE',  ( -26.10836094526513307, -16.58239986469297378, -2.333067159856391903 ) ) ;
#3889 = EDGE_LOOP ( 'NONE', ( #1173, #4260, #3506, #5198, #3977, #1969 ) ) ;
#3890 = CARTESIAN_POINT ( 'NONE',  ( 26.39350901443875586, 15.00000000000000178, -1.701966545074450332 ) ) ;
#3891 = CARTESIAN_POINT ( 'NONE',  ( -15.05016633548354221, -15.00000000000001954, 21.17764135295220740 ) ) ;
#3892 = ORIENTED_EDGE ( 'NONE', *, *, #1192, .F. ) ;
#3893 = CARTESIAN_POINT ( 'NONE',  ( 22.30114401705773730, 15.36340727313662491, 10.14750722662615523 ) ) ;
#3894 = CARTESIAN_POINT ( 'NONE',  ( -10.40499497750196589, -5.613327809125362222, 24.14536215926267460 ) ) ;
#3895 = CARTESIAN_POINT ( 'NONE',  ( 13.04048330409039025, -7.136795711760417049, 25.12472435684097150 ) ) ;
#3896 = CARTESIAN_POINT ( 'NONE',  ( -28.28634997195913670, 12.82314381345389087, 2.437902259856030263 ) ) ;
#3897 = CARTESIAN_POINT ( 'NONE',  ( 23.09769934187114515, -59.00000000000026290, -10.57495240868048825 ) ) ;
#3898 = EDGE_CURVE ( 'NONE', #1114, #4785, #5501, .T. ) ;
#3899 = CARTESIAN_POINT ( 'NONE',  ( 26.39349930291949065, -15.00000000000000000, 1.701980210509567604 ) ) ;
#3900 = CARTESIAN_POINT ( 'NONE',  ( -28.31249822463048105, -12.76621725915537375, -2.121532529652703225 ) ) ;
#3901 = CARTESIAN_POINT ( 'NONE',  ( -15.18417359885101448, 9.528336744463715036, 21.46506212415626180 ) ) ;
#3902 = CARTESIAN_POINT ( 'NONE',  ( -22.26036115958399364, -14.99999999999999467, 5.429209983494769354 ) ) ;
#3903 = CARTESIAN_POINT ( 'NONE',  ( -22.34403170427215102, -16.00083857604340309, 10.05897128248038896 ) ) ;
#3904 = CARTESIAN_POINT ( 'NONE',  ( 20.76040614464054457, -16.58239986469296667, 9.715206618169172970 ) ) ;
#3905 = CARTESIAN_POINT ( 'NONE',  ( 2.390672241206785564, 59.00000000000000000, 25.29067060337579420 ) ) ;
#3906 = CARTESIAN_POINT ( 'NONE',  ( 35.16566523852554127, 11.00000000000004796, 18.42460279984221572 ) ) ;
#3907 = CARTESIAN_POINT ( 'NONE',  ( 10.81529223615050306, 15.00000000000000178, -23.62264705418633426 ) ) ;
#3908 = CARTESIAN_POINT ( 'NONE',  ( 18.22134601810594390, -14.31237882634717806, -18.96456693119567305 ) ) ;
#3909 = CARTESIAN_POINT ( 'NONE',  ( 14.61651522404283909, -3.549740497670784922, -24.34435138285777356 ) ) ;
#3910 = ORIENTED_EDGE ( 'NONE', *, *, #3472, .T. ) ;
#3911 = CARTESIAN_POINT ( 'NONE',  ( 11.67184286723513686, -18.38117820633505417, 24.00719458244777016 ) ) ;
#3912 = CARTESIAN_POINT ( 'NONE',  ( 25.39764412869612897, -16.99999999999997868, -3.172872155246538650 ) ) ;
#3913 = CARTESIAN_POINT ( 'NONE',  ( -15.24836612326042484, 7.739529007162134988, -23.94961244048942817 ) ) ;
#3914 = CARTESIAN_POINT ( 'NONE',  ( -7.223224892941196629, -16.06097385708856606, 23.89953898790199460 ) ) ;
#3915 = CARTESIAN_POINT ( 'NONE',  ( -13.07821486424277246, 5.000000000000041744, -23.33365657452325337 ) ) ;
#3916 = ORIENTED_EDGE ( 'NONE', *, *, #3337, .F. ) ;
#3917 = CARTESIAN_POINT ( 'NONE',  ( 26.12948379303650626, 15.00000000000000178, -2.073486123154307137 ) ) ;
#3918 = CARTESIAN_POINT ( 'NONE',  ( -20.82803471426294806, 15.37073764731418279, 9.553654551955876428 ) ) ;
#3919 = EDGE_LOOP ( 'NONE', ( #798, #2666 ) ) ;
#3920 = CARTESIAN_POINT ( 'NONE',  ( -11.06882253189330356, -19.38875661563051978, -24.02910594840432879 ) ) ;
#3921 = CARTESIAN_POINT ( 'NONE',  ( -7.165463770429148838, 15.24629240998582702, 25.30647889071279621 ) ) ;
#3922 = LINE ( 'NONE', #773, #5725 ) ;
#3923 = CARTESIAN_POINT ( 'NONE',  ( -19.60241877175892355, 7.855352791352377295, -15.42818877391384724 ) ) ;
#3924 = CARTESIAN_POINT ( 'NONE',  ( -26.14141796027636033, 7.304107591809887445, -2.783208789268044381 ) ) ;
#3925 = CARTESIAN_POINT ( 'NONE',  ( 15.97406053240356094, 15.12357921577141262, 21.07941493627981444 ) ) ;
#3926 = FACE_OUTER_BOUND ( 'NONE', #3264, .T. ) ;
#3927 = CARTESIAN_POINT ( 'NONE',  ( -20.68849228472722501, 6.426140554106758884, 13.08587339542807548 ) ) ;
#3928 = CARTESIAN_POINT ( 'NONE',  ( -25.81313964186265508, -18.38117820633506128, -2.994478532621338562 ) ) ;
#3929 = CARTESIAN_POINT ( 'NONE',  ( -22.80419938237121613, 13.94124383161678438, 10.14762421500851808 ) ) ;
#3930 = CARTESIAN_POINT ( 'NONE',  ( 26.23715154560084173, 15.37073764731425030, -3.335005183124393646 ) ) ;
#3931 = DIRECTION ( 'NONE',  ( 0.4162807922604019883, -2.270164282536154493E-15, 0.9092361090470680862 ) ) ;
#3932 = CARTESIAN_POINT ( 'NONE',  ( 15.60890368725553579, -15.79119993234646913, -21.05741879879544598 ) ) ;
#3933 = CARTESIAN_POINT ( 'NONE',  ( 19.36409473065873499, -5.430478196892646103, -15.72472684134321952 ) ) ;
#3934 = CARTESIAN_POINT ( 'NONE',  ( 35.37532167764070579, 15.00000000000008171, 30.95281273492683027 ) ) ;
#3935 = VERTEX_POINT ( 'NONE', #2232 ) ;
#3936 = EDGE_CURVE ( 'NONE', #4436, #1567, #783, .T. ) ;
#3937 = DIRECTION ( 'NONE',  ( 0.000000000000000000, -2.478176394252588832E-15, -1.000000000000000000 ) ) ;
#3938 = CARTESIAN_POINT ( 'NONE',  ( -36.72369655382212983, 58.99999999999955236, 0.9487420211989386898 ) ) ;
#3939 = CARTESIAN_POINT ( 'NONE',  ( -1.832222826685888206, -11.91095900581739997, 24.42290153281270193 ) ) ;
#3940 = CARTESIAN_POINT ( 'NONE',  ( -10.04434990676734252, -16.58239986469297733, -24.46731351363045448 ) ) ;
#3941 = ORIENTED_EDGE ( 'NONE', *, *, #2593, .T. ) ;
#3942 = FACE_OUTER_BOUND ( 'NONE', #4351, .T. ) ;
#3943 = CARTESIAN_POINT ( 'NONE',  ( -26.12786097181243150, 15.12357921577139663, 2.093751435603131927 ) ) ;
#3944 = ORIENTED_EDGE ( 'NONE', *, *, #4978, .F. ) ;
#3945 = DIRECTION ( 'NONE',  ( -0.9092361090470688634, -1.641553512766457275E-14, 0.4162807922604004340 ) ) ;
#3946 = VECTOR ( 'NONE', #3856, 1000.000000000000000 ) ;
#3947 = CARTESIAN_POINT ( 'NONE',  ( -17.16738012627601506, -19.07985263155957867, 22.62113135171275857 ) ) ;
#3948 = CARTESIAN_POINT ( 'NONE',  ( 22.38970280099604437, -18.38117820633489075, -4.961128005959138498 ) ) ;
#3949 = CARTESIAN_POINT ( 'NONE',  ( 16.48955992732248887, -15.66671693176517266, -22.99850550440567787 ) ) ;
#3950 = CARTESIAN_POINT ( 'NONE',  ( -19.76512108033660908, -17.36276157214825844, -14.49469442468325298 ) ) ;
#3951 = ORIENTED_EDGE ( 'NONE', *, *, #5222, .T. ) ;
#3952 = CARTESIAN_POINT ( 'NONE',  ( 24.20337444348680123, -19.66666666666674956, -2.651680862085495693 ) ) ;
#3953 = CIRCLE ( 'NONE', #4336, 1.399999999999998579 ) ;
#3954 = CARTESIAN_POINT ( 'NONE',  ( 15.09617107016180704, -19.38875661563042740, -22.01954025159445649 ) ) ;
#3955 = CARTESIAN_POINT ( 'NONE',  ( 26.02019436661122853, -4.999999999999880096, 0.8199129144716723605 ) ) ;
#3956 = CARTESIAN_POINT ( 'NONE',  ( -14.57772480218008049, 13.99943068524396850, 21.88956098261355621 ) ) ;
#3957 = CARTESIAN_POINT ( 'NONE',  ( 3.010952877151179763, 14.99999999999993072, -24.89499976191651598 ) ) ;
#3958 = CARTESIAN_POINT ( 'NONE',  ( -26.19971428604622687, -10.67031937959916910, 2.229229517279375905 ) ) ;
#3959 = CARTESIAN_POINT ( 'NONE',  ( 26.05070729699792409, 15.24715843154283235, -2.899890566943138293 ) ) ;
#3960 = DIRECTION ( 'NONE',  ( 1.003456252704766818E-16, -1.000000000000000000, -2.539663957332261757E-15 ) ) ;
#3961 = VECTOR ( 'NONE', #755, 1000.000000000000000 ) ;
#3962 = DIRECTION ( 'NONE',  ( 0.000000000000000000, 2.535365080273794802E-15, -1.000000000000000000 ) ) ;
#3963 = CARTESIAN_POINT ( 'NONE',  ( 15.97683775219288194, 3.568925049749333223, -20.87879552937208061 ) ) ;
#3964 = CARTESIAN_POINT ( 'NONE',  ( 17.30270792659246126, 14.06162601770559917, -17.99285350624980140 ) ) ;
#3965 = ORIENTED_EDGE ( 'NONE', *, *, #5253, .F. ) ;
#3966 = CARTESIAN_POINT ( 'NONE',  ( 14.17617485772347052, 5.000000000000030198, 22.11065585329802730 ) ) ;
#3967 = ADVANCED_BREP_SHAPE_REPRESENTATION ( '', ( #1341, #2313 ), #2403 ) ;
#3968 = DIRECTION ( 'NONE',  ( -0.9955619646030803294, 1.391032035867509522E-16, -0.09410831331850988413 ) ) ;
#3969 = EDGE_CURVE ( 'NONE', #2608, #3115, #986, .T. ) ;
#3970 = CARTESIAN_POINT ( 'NONE',  ( -17.23889699482683824, 6.306380417621030965, -19.84636891896639099 ) ) ;
#3971 = EDGE_CURVE ( 'NONE', #5279, #2513, #1196, .T. ) ;
#3972 = CARTESIAN_POINT ( 'NONE',  ( -7.429555196707875453, -17.42281214710762782, 23.84311222464961588 ) ) ;
#3973 = CARTESIAN_POINT ( 'NONE',  ( -20.60375397232346373, -19.38875661563047004, -10.08938837664475230 ) ) ;
#3974 = ORIENTED_EDGE ( 'NONE', *, *, #1298, .F. ) ;
#3975 = DIRECTION ( 'NONE',  ( 1.003456252704766818E-16, -1.000000000000000000, -2.539663957332261757E-15 ) ) ;
#3976 = DIRECTION ( 'NONE',  ( 1.000000000000000000, 0.000000000000000000, 0.000000000000000000 ) ) ;
#3977 = ORIENTED_EDGE ( 'NONE', *, *, #3771, .T. ) ;
#3978 = CARTESIAN_POINT ( 'NONE',  ( -2.227671861124521868, -59.00000000000073186, 23.56630669860020788 ) ) ;
#3979 = CARTESIAN_POINT ( 'NONE',  ( -11.75068520727281474, -14.55325521520123644, 23.52926100503157869 ) ) ;
#3980 = CARTESIAN_POINT ( 'NONE',  ( 20.84183587795855885, 15.12357921577138775, -9.520697841019613250 ) ) ;
#3981 = FACE_OUTER_BOUND ( 'NONE', #4718, .T. ) ;
#3982 = CARTESIAN_POINT ( 'NONE',  ( -22.20961349021821718, 14.00148621448458108, -10.33661288201011885 ) ) ;
#3983 = ORIENTED_EDGE ( 'NONE', *, *, #2201, .F. ) ;
#3984 = CARTESIAN_POINT ( 'NONE',  ( -13.72016259612882472, -4.999999999999907629, 22.12419287565834836 ) ) ;
#3985 = CARTESIAN_POINT ( 'NONE',  ( 10.43180216787221504, -15.79119993234648689, 24.04642431754770016 ) ) ;
#3986 = CARTESIAN_POINT ( 'NONE',  ( -10.58034707232760319, -16.58239986469293825, -23.73001941462939968 ) ) ;
#3987 = CARTESIAN_POINT ( 'NONE',  ( -22.13770751443755458, -12.93915230911303382, 10.48340332147620835 ) ) ;
#3988 = CARTESIAN_POINT ( 'NONE',  ( -26.65755106007407349, 15.00000000000000178, 1.330423292999000306 ) ) ;
#3989 = CARTESIAN_POINT ( 'NONE',  ( -25.64837943259689013, 11.15432437175184432, 5.789884461830123286 ) ) ;
#3990 = CARTESIAN_POINT ( 'NONE',  ( -11.60773607474863489, -17.19173827392729592, -25.91107543857090434 ) ) ;
#3991 = CARTESIAN_POINT ( 'NONE',  ( 26.78106273502836032, -16.99999999999998579, -0.04797318463579904047 ) ) ;
#3992 = CARTESIAN_POINT ( 'NONE',  ( 26.65533174692712137, 15.24715843154279682, -1.371752300440835848 ) ) ;
#3993 = CARTESIAN_POINT ( 'NONE',  ( 20.68849467663672925, 6.426140497554285957, -13.08586961364928491 ) ) ;
#3994 = CARTESIAN_POINT ( 'NONE',  ( 20.24626428135738010, -14.57812630570285783, -14.60530430293588289 ) ) ;
#3995 = ORIENTED_EDGE ( 'NONE', *, *, #1378, .F. ) ;
#3996 = CARTESIAN_POINT ( 'NONE',  ( -15.36585599606291019, -17.37359979703953528, 20.95296790273402721 ) ) ;
#3997 = CARTESIAN_POINT ( 'NONE',  ( -10.81529223615034496, 15.00000000000001954, 23.62264705418640176 ) ) ;
#3998 = CARTESIAN_POINT ( 'NONE',  ( -11.25114103041047287, -17.59242565245151368, -26.06857184148451978 ) ) ;
#3999 = CARTESIAN_POINT ( 'NONE',  ( 6.505662202425790852, 11.33302308644436529, 24.08919545097893078 ) ) ;
#4000 = CARTESIAN_POINT ( 'NONE',  ( -25.85321587658253151, -15.79119993234648689, -2.573583031528305032 ) ) ;
#4001 = ORIENTED_EDGE ( 'NONE', *, *, #5643, .T. ) ;
#4002 = CARTESIAN_POINT ( 'NONE',  ( -10.81529223615066293, -14.99999999999996447, -23.62264705418625610 ) ) ;
#4003 =( NAMED_UNIT ( * ) PLANE_ANGLE_UNIT ( ) SI_UNIT ( $, .RADIAN. ) );
#4004 = ORIENTED_EDGE ( 'NONE', *, *, #2731, .T. ) ;
#4005 = EDGE_CURVE ( 'NONE', #301, #2501, #379, .T. ) ;
#4006 = CARTESIAN_POINT ( 'NONE',  ( -11.48699793241311440, -16.58239986469293825, -23.82405280337206932 ) ) ;
#4007 = B_SPLINE_SURFACE_WITH_KNOTS ( 'NONE', 3, 3, ( 
 ( #4141, #2893, #581, #3250, #4662, #4225, #2025, #5045, #1017, #3789, #2805, #2377, #3705 ),
 ( #5471, #3276, #1043, #2835, #4604, #181, #1699, #4812, #4749, #1674, #5608, #4250, #4279 ),
 ( #810, #2981, #751, #3013, #2110, #259, #2950, #316, #3356, #3382, #1123, #2485, #3468 ),
 ( #4369, #1218, #285, #2921, #4777, #5211, #4342, #2052, #2542, #3876, #4310, #1578, #3816 ),
 ( #376, #780, #5581, #4687, #5640, #2167, #2571, #4717, #694, #5240, #1608, #3439, #5152 ),
 ( #1155, #722, #2599, #2512, #347, #2140, #3902, #2079, #5670, #1247, #3846, #5124, #1642 ),
 ( #5183, #3043, #3928, #3410, #1188, #4957, #2687, #2318, #894, #924, #3188, #4841, #5298 ),
 ( #3073, #434, #954, #5327, #3553, #4516, #4048, #2627, #2260, #2289, #5729, #491, #461 ),
 ( #2743, #2229, #1337, #2658, #836, #1310, #1816, #4017, #3584, #4899, #866, #5356, #3099 ),
 ( #3613, #1367, #4398, #525, #402, #5698, #2715, #1760, #1730, #3988, #3131, #4427, #2197 ) ),
 .UNSPECIFIED., .F., .F., .F.,
 ( 4, 3, 3, 4 ),
 ( 4, 3, 3, 3, 4 ),
 ( -0.02734811711631747813, -0.02598076211353312140, 0.000000000000000000, 0.001367371366889954002 ),
 ( -0.03539633502492602057, -0.03237359979703951368, -0.02999999999999999889, 0.000000000000000000, 0.0003707376473141917755 ),
 .UNSPECIFIED. ) ;
#4008 = CARTESIAN_POINT ( 'NONE',  ( -1.524068346829999587, 9.908967441686673538, -24.43915842374291358 ) ) ;
#4009 = FACE_OUTER_BOUND ( 'NONE', #4669, .T. ) ;
#4010 = CARTESIAN_POINT ( 'NONE',  ( -10.81529223615066293, -14.99999999999996447, -23.62264705418625610 ) ) ;
#4011 = CARTESIAN_POINT ( 'NONE',  ( -20.17834252541889839, 13.81551370262670275, -14.69101554324995895 ) ) ;
#4012 = CARTESIAN_POINT ( 'NONE',  ( -16.64632083622433001, 1.605577661019562230, -20.34720138549652901 ) ) ;
#4013 = ORIENTED_EDGE ( 'NONE', *, *, #839, .T. ) ;
#4014 = CARTESIAN_POINT ( 'NONE',  ( -15.26062610920310725, -16.58239986469302352, 21.02785905280677881 ) ) ;
#4015 = CARTESIAN_POINT ( 'NONE',  ( 10.55126145023370476, -14.99999999999999822, 23.99417446229913509 ) ) ;
#4016 = CARTESIAN_POINT ( 'NONE',  ( -26.21246941641543060, -11.57273646703114345, 2.080289271063443746 ) ) ;
#4017 = CARTESIAN_POINT ( 'NONE',  ( -26.45622119329312483, -4.999999999999874767, -1.623417206834890880 ) ) ;
#4018 = ADVANCED_FACE ( 'NONE', ( #4347 ), #2202, .F. ) ;
#4019 = CARTESIAN_POINT ( 'NONE',  ( -28.31669730072383828, -10.73313810609110952, -2.064316637308954316 ) ) ;
#4020 = CARTESIAN_POINT ( 'NONE',  ( -16.65284325153310974, 15.55097417135178794, -22.99305030348945778 ) ) ;
#4021 = CARTESIAN_POINT ( 'NONE',  ( -11.84038612487004194, -15.74590274909117404, -25.80341414681885581 ) ) ;
#4022 = CARTESIAN_POINT ( 'NONE',  ( 25.76132267768116080, 7.796406696358570088, -5.247727996351076563 ) ) ;
#4023 = CARTESIAN_POINT ( 'NONE',  ( 20.16400922846908728, 12.63641058086946956, -13.90474356303152348 ) ) ;
#4024 = ORIENTED_EDGE ( 'NONE', *, *, #4293, .T. ) ;
#4025 = CARTESIAN_POINT ( 'NONE',  ( -15.76788091167973249, -20.39633502492609551, 20.66685043946469946 ) ) ;
#4026 = CARTESIAN_POINT ( 'NONE',  ( -11.78061893396747628, 15.00000000000004796, 25.73066422110573725 ) ) ;
#4027 = CARTESIAN_POINT ( 'NONE',  ( -7.165567694292615641, 15.24629122078894561, 25.30648883003853555 ) ) ;
#4028 = CARTESIAN_POINT ( 'NONE',  ( -22.26508638694866349, 15.12357921577138065, -5.412102275035616472 ) ) ;
#4029 = VERTEX_POINT ( 'NONE', #1705 ) ;
#4031 = LINE ( 'NONE', #1382, #3299 ) ;
#4030 = AXIS2_PLACEMENT_3D ( 'NONE', #1831, #3202, #4558 ) ;
#4032 = LINE ( 'NONE', #4066, #5271 ) ;
#4033 = CARTESIAN_POINT ( 'NONE',  ( 25.10909288975686238, 19.66666666666631968, -5.785380019039376265 ) ) ;
#4034 = UNCERTAINTY_MEASURE_WITH_UNIT (LENGTH_MEASURE( 1.000000000000000082E-05 ), #2799, 'distance_accuracy_value', 'NONE');
#4035 = CARTESIAN_POINT ( 'NONE',  ( 13.66141916553251079, 4.275707350684031738, -24.89256595887520618 ) ) ;
#4036 = CARTESIAN_POINT ( 'NONE',  ( -13.35083390590009067, 6.249018580231575193, 25.05569221519908396 ) ) ;
#4037 = CARTESIAN_POINT ( 'NONE',  ( 25.81313964186264087, -18.38117820633492983, 2.994478532621496214 ) ) ;
#4038 = CARTESIAN_POINT ( 'NONE',  ( -14.30905236419490301, 1.546697779496314817, -24.52624772707123668 ) ) ;
#4039 = ORIENTED_EDGE ( 'NONE', *, *, #5084, .T. ) ;
#4040 = CARTESIAN_POINT ( 'NONE',  ( -15.36585599606291019, -17.37359979703953528, 20.95296790273402721 ) ) ;
#4041 = VECTOR ( 'NONE', #1369, 999.9999999999998863 ) ;
#4042 = EDGE_CURVE ( 'NONE', #879, #2894, #3047, .T. ) ;
#4043 = CARTESIAN_POINT ( 'NONE',  ( 15.71388303570586409, -16.58239986469293470, -20.98008900457293535 ) ) ;
#4044 = CARTESIAN_POINT ( 'NONE',  ( 15.13657749521177465, -18.38117820633491561, -21.69364838626867353 ) ) ;
#4045 = CARTESIAN_POINT ( 'NONE',  ( 9.613574311838466002, -19.38875661563039898, 24.64756263409920578 ) ) ;
#4046 = CARTESIAN_POINT ( 'NONE',  ( -28.26585503883643469, 14.06350562243710733, 2.659220278600546550 ) ) ;
#4047 = CARTESIAN_POINT ( 'NONE',  ( -22.90218344699528430, 12.32436546102255193, 9.913487841344116092 ) ) ;
#4048 = CARTESIAN_POINT ( 'NONE',  ( -26.05519538360865184, -15.00000000000000000, -2.859426841651778073 ) ) ;
#4049 = DIRECTION ( 'NONE',  ( -0.6362793678539803155, -0.6957102058903573694, -0.3333704777921041029 ) ) ;
#4050 = CARTESIAN_POINT ( 'NONE',  ( 14.70477079946733312, 15.24715843154283057, 21.98365660337815086 ) ) ;
#4051 = CARTESIAN_POINT ( 'NONE',  ( -15.55374089607740196, 8.100494686744372785, -23.75230100291522817 ) ) ;
#4052 = CARTESIAN_POINT ( 'NONE',  ( 4.628573982554339494, -7.000000000000015099, 9.480970566792420229 ) ) ;
#4053 = DIRECTION ( 'NONE',  ( 0.000000000000000000, 2.478176394252580549E-15, -1.000000000000000000 ) ) ;
#4054 = CARTESIAN_POINT ( 'NONE',  ( 22.70712710252347577, 15.30325620523505492, -10.36265721372131665 ) ) ;
#4055 = ORIENTED_EDGE ( 'NONE', *, *, #2593, .F. ) ;
#4056 = CARTESIAN_POINT ( 'NONE',  ( 10.81529223615083346, -14.99999999999999822, 23.62264705418618149 ) ) ;
#4057 = CARTESIAN_POINT ( 'NONE',  ( 22.80340321678232129, 15.00000000000002132, 9.047145909644029871 ) ) ;
#4058 = AXIS2_PLACEMENT_3D ( 'NONE', #3594, #4086, #470 ) ;
#4059 = EDGE_CURVE ( 'NONE', #1330, #3833, #3879, .T. ) ;
#4060 = B_SPLINE_SURFACE_WITH_KNOTS ( 'NONE', 3, 3, ( 
 ( #1561, #4236, #2444, #1054 ),
 ( #3344, #1620, #5540, #5108 ),
 ( #4672, #1499, #4727, #5509 ),
 ( #191, #3715, #5055, #270 ) ),
 .UNSPECIFIED., .F., .F., .F.,
 ( 4, 4 ),
 ( 4, 4 ),
 ( -0.02453738644055908705, -0.0008660254037844414060 ),
 ( -0.1179999999999999938, 0.000000000000000000 ),
 .UNSPECIFIED. ) ;
#4061 = VECTOR ( 'NONE', #3311, 1000.000000000000000 ) ;
#4062 = CARTESIAN_POINT ( 'NONE',  ( -4.517321821350851252, 1.665999409097092210, 24.52864829273804048 ) ) ;
#4063 = CARTESIAN_POINT ( 'NONE',  ( -25.82873048647905634, -17.37359979703946067, -2.830737692116951365 ) ) ;
#4064 = EDGE_LOOP ( 'NONE', ( #3760, #5025 ) ) ;
#4065 = CARTESIAN_POINT ( 'NONE',  ( 14.33594490077667771, 9.262640054459890138, 23.70509505611037682 ) ) ;
#4066 = CARTESIAN_POINT ( 'NONE',  ( 54.10640309490599265, 11.00000000000003553, 10.28528775151849750 ) ) ;
#4067 = CARTESIAN_POINT ( 'NONE',  ( 12.12089894215909958, -58.99999999999997868, 16.99701808108650525 ) ) ;
#4068 = CARTESIAN_POINT ( 'NONE',  ( 16.54773336930911398, -14.82619276654745555, -23.07010028527506762 ) ) ;
#4069 = CARTESIAN_POINT ( 'NONE',  ( 8.096279414436825306, -19.66666666666670693, 26.44056830246666578 ) ) ;
#4070 = CARTESIAN_POINT ( 'NONE',  ( -17.23840437542250470, -14.69865038253216127, -18.05487694887153438 ) ) ;
#4071 = VERTEX_POINT ( 'NONE', #5301 ) ;
#4072 = CARTESIAN_POINT ( 'NONE',  ( -11.21394590518181822, 15.37073764731424319, 23.69171974743254339 ) ) ;
#4073 = FACE_OUTER_BOUND ( 'NONE', #1888, .T. ) ;
#4074 = CARTESIAN_POINT ( 'NONE',  ( 15.05016633548394545, 14.99999999999999822, 21.17764135295196937 ) ) ;
#4075 = CARTESIAN_POINT ( 'NONE',  ( -28.28212959997625120, -13.12615856637497025, -2.491990466281803318 ) ) ;
#4076 = CARTESIAN_POINT ( 'NONE',  ( 12.29926402927499396, 5.000000000000047073, -22.94266321315185309 ) ) ;
#4077 = CARTESIAN_POINT ( 'NONE',  ( -28.38831935806895501, 4.275706998688811211, 0.6151222225744585881 ) ) ;
#4078 = CARTESIAN_POINT ( 'NONE',  ( -12.04648346426277428, -14.46672668052378441, -25.70896350552808940 ) ) ;
#4079 = EDGE_CURVE ( 'NONE', #4029, #1809, #2591, .T. ) ;
#4080 = CARTESIAN_POINT ( 'NONE',  ( -2.779396909164184581, -12.87887754746257052, -24.80206931856258024 ) ) ;
#4081 = LINE ( 'NONE', #4324, #2669 ) ;
#4082 = CARTESIAN_POINT ( 'NONE',  ( 23.56659707071324661, 0.4070778362271205153, -8.166269309540808763 ) ) ;
#4083 = CARTESIAN_POINT ( 'NONE',  ( 18.04529351479056487, 7.241870752190969540, -17.22402885928479321 ) ) ;
#4084 = ORIENTED_EDGE ( 'NONE', *, *, #927, .T. ) ;
#4085 = CARTESIAN_POINT ( 'NONE',  ( 15.53674509836250728, 15.24715843154282702, 21.11062781467007810 ) ) ;
#4086 = DIRECTION ( 'NONE',  ( -1.003456252704766818E-16, 1.000000000000000000, 2.539663957332261362E-15 ) ) ;
#4087 = FILL_AREA_STYLE_COLOUR ( '', #2113 ) ;
#4088 = CARTESIAN_POINT ( 'NONE',  ( -12.18831156149952655, -17.48604567668417076, 23.31526272858943827 ) ) ;
#4089 = CARTESIAN_POINT ( 'NONE',  ( -21.40694122926313270, -4.999999999999941380, -8.170883093623702464 ) ) ;
#4090 = EDGE_LOOP ( 'NONE', ( #3079, #2821, #4557, #304 ) ) ;
#4091 = CARTESIAN_POINT ( 'NONE',  ( 45.58542902264171914, 11.00000000000003375, 11.46554232566848341 ) ) ;
#4092 = CARTESIAN_POINT ( 'NONE',  ( -4.628573982581674962, -6.999999999999971578, -7.380970566741130057 ) ) ;
#4093 = CARTESIAN_POINT ( 'NONE',  ( -7.395852653053101911, 15.00000000000005151, 25.31213119705663672 ) ) ;
#4094 = CARTESIAN_POINT ( 'NONE',  ( 13.01731114474370443, 8.369367966431683570, -25.23157743650370577 ) ) ;
#4095 = DIRECTION ( 'NONE',  ( -1.003456252704766818E-16, 1.000000000000000000, 2.539663957332261362E-15 ) ) ;
#4096 = CARTESIAN_POINT ( 'NONE',  ( 25.85978248126655643, 15.37073764731419345, -2.505256100026734600 ) ) ;
#4097 = CARTESIAN_POINT ( 'NONE',  ( -18.16989154639025728, 13.88415476512549418, -19.01304702695752269 ) ) ;
#4098 = ORIENTED_EDGE ( 'NONE', *, *, #1399, .F. ) ;
#4099 = CARTESIAN_POINT ( 'NONE',  ( 25.64235733868358125, -11.33122126832155452, 5.818514468319043509 ) ) ;
#4100 = EDGE_CURVE ( 'NONE', #3620, #657, #1677, .T. ) ;
#4101 = CARTESIAN_POINT ( 'NONE',  ( 16.06241115216763049, -15.79119993234646913, -21.01208739471146103 ) ) ;
#4102 = CARTESIAN_POINT ( 'NONE',  ( 11.82219013342661462, -4.999999999999878320, 23.72346811636139208 ) ) ;
#4103 = B_SPLINE_SURFACE_WITH_KNOTS ( 'NONE', 3, 3, ( 
 ( #1656, #328, #5681, #2525 ),
 ( #1684, #1592, #4932, #3702 ),
 ( #4165, #2776, #3672, #5041 ),
 ( #5524, #3644, #551, #1039 ) ),
 .UNSPECIFIED., .F., .F., .F.,
 ( 4, 4 ),
 ( 4, 4 ),
 ( -0.02540341184434353680, 0.000000000000000000 ),
 ( -0.1180000000000000215, 0.000000000000000000 ),
 .UNSPECIFIED. ) ;
#4104 = CARTESIAN_POINT ( 'NONE',  ( -22.86893484634929052, -12.87887723708615972, -9.993985650857498015 ) ) ;
#4105 = CARTESIAN_POINT ( 'NONE',  ( -28.17416447606585450, -19.07985263155958222, -3.556821629922835903 ) ) ;
#4106 = FACE_OUTER_BOUND ( 'NONE', #475, .T. ) ;
#4107 = CARTESIAN_POINT ( 'NONE',  ( 18.38077611761300645, -6.987431857885082032, 16.71771385574254154 ) ) ;
#4108 = CARTESIAN_POINT ( 'NONE',  ( -15.44299329907624241, 7.365869385821071091, -23.82302710216347563 ) ) ;
#4109 = EDGE_CURVE ( 'NONE', #3058, #4785, #4594, .T. ) ;
#4110 = CARTESIAN_POINT ( 'NONE',  ( 28.27458039989713257, 9.166671595227477098, -1.630003375176329206 ) ) ;
#4111 = CARTESIAN_POINT ( 'NONE',  ( -6.900979268403299116, 13.93601168912780608, -23.98715166750393379 ) ) ;
#4112 = DIRECTION ( 'NONE',  ( 0.8857850186026570150, 1.538193068795821669E-15, 0.4640957884091285179 ) ) ;
#4113 = CARTESIAN_POINT ( 'NONE',  ( 26.11298605598619105, -5.613327577534504620, -3.061706860903437022 ) ) ;
#4114 = CARTESIAN_POINT ( 'NONE',  ( 28.37226844806707859, -1.181939076783571130, 0.3292135440185030570 ) ) ;
#4115 = VERTEX_POINT ( 'NONE', #3991 ) ;
#4116 = CARTESIAN_POINT ( 'NONE',  ( -15.95256124874448034, -18.38117820633505417, 20.80428002216022776 ) ) ;
#4117 = CARTESIAN_POINT ( 'NONE',  ( -16.29722146807774408, -14.33340942366869086, 23.13742161841064870 ) ) ;
#4118 = ADVANCED_FACE ( 'NONE', ( #8 ), #5667, .F. ) ;
#4119 = DIRECTION ( 'NONE',  ( 1.003456252704766818E-16, -1.000000000000000000, -2.539663957332261757E-15 ) ) ;
#4120 = CYLINDRICAL_SURFACE ( 'NONE', #5172, 1.399999999999995026 ) ;
#4121 = DIRECTION ( 'NONE',  ( 1.003456252704766818E-16, -1.000000000000000000, -2.539663957332261757E-15 ) ) ;
#4122 = VERTEX_POINT ( 'NONE', #5637 ) ;
#4123 = CARTESIAN_POINT ( 'NONE',  ( 14.07797387115106780, 3.527833221069556657, 24.19746512061617594 ) ) ;
#4124 = DIRECTION ( 'NONE',  ( 0.000000000000000000, 0.000000000000000000, 1.000000000000000000 ) ) ;
#4125 = DIRECTION ( 'NONE',  ( 1.003456252704766818E-16, -1.000000000000000000, -2.539663957332261757E-15 ) ) ;
#4126 = CARTESIAN_POINT ( 'NONE',  ( 3.462365476393621133, 8.484823732568679944, -24.70518801182602786 ) ) ;
#4127 = AXIS2_PLACEMENT_3D ( 'NONE', #541, #4095, #1893 ) ;
#4128 = CARTESIAN_POINT ( 'NONE',  ( -26.38463127680275733, -15.79119993234648689, -1.832966853129386564 ) ) ;
#4129 = CARTESIAN_POINT ( 'NONE',  ( -12.29926402927483764, 5.000000000000050626, 22.94266321315194901 ) ) ;
#4130 = ORIENTED_EDGE ( 'NONE', *, *, #1374, .T. ) ;
#4131 = CARTESIAN_POINT ( 'NONE',  ( 26.24576498604056951, 13.99943025923091788, 1.679928055080966320 ) ) ;
#4132 = CARTESIAN_POINT ( 'NONE',  ( 11.66759672321834174, 15.37073764731412950, -23.73558101640816531 ) ) ;
#4133 = DIRECTION ( 'NONE',  ( -0.5792811723426743997, -2.136625207092851775E-15, 0.8151277957285574249 ) ) ;
#4134 = CARTESIAN_POINT ( 'NONE',  ( -25.66146545932148015, 10.77653675382727805, 5.728976285824971981 ) ) ;
#4135 = CARTESIAN_POINT ( 'NONE',  ( 10.24933494312800875, 15.24715843154279682, -24.38158565701238700 ) ) ;
#4136 = DIRECTION ( 'NONE',  ( -0.8857850186026575701, -1.538193068795818711E-15, -0.4640957884091272967 ) ) ;
#4137 = CARTESIAN_POINT ( 'NONE',  ( 2.460695640964765118, -16.00083863230025472, -24.37998427064347595 ) ) ;
#4138 = AXIS2_PLACEMENT_3D ( 'NONE', #5450, #4119, #4497 ) ;
#4139 = CARTESIAN_POINT ( 'NONE',  ( -1.617599872659620353, -20.32028274798084411, -24.94154976456206896 ) ) ;
#4140 = CARTESIAN_POINT ( 'NONE',  ( 25.71282691911586582, 9.286458623367236598, -5.488698095778807406 ) ) ;
#4141 = CARTESIAN_POINT ( 'NONE',  ( -15.23739330611010701, -20.39633502492607420, 21.92744066255303892 ) ) ;
#4142 = VERTEX_POINT ( 'NONE', #1697 ) ;
#4143 = CARTESIAN_POINT ( 'NONE',  ( -12.12128608549750375, 15.37073764731424319, 23.77944601203745378 ) ) ;
#4144 = CARTESIAN_POINT ( 'NONE',  ( 4.628573982554340382, -15.00000000000001421, 9.480970566792398913 ) ) ;
#4145 = CARTESIAN_POINT ( 'NONE',  ( -10.96348484318969874, -9.306378146882552826, 23.89678152585594972 ) ) ;
#4146 = DIRECTION ( 'NONE',  ( -3.773173425613459369E-16, 1.000000000000000000, -2.513482421598778016E-15 ) ) ;
#4147 = CARTESIAN_POINT ( 'NONE',  ( 9.805264232448323014, -19.66666666666657903, -22.28657755640934823 ) ) ;
#4148 = VECTOR ( 'NONE', #747, 1000.000000000000114 ) ;
#4149 = ORIENTED_EDGE ( 'NONE', *, *, #1175, .T. ) ;
#4150 = CARTESIAN_POINT ( 'NONE',  ( 15.05013569187220845, 14.99999999999994138, -21.12017175536770353 ) ) ;
#4151 = CONTEXT_DEPENDENT_SHAPE_REPRESENTATION ( #1702, #1786 ) ;
#4152 = FACE_BOUND ( 'NONE', #2707, .T. ) ;
#4153 = EDGE_CURVE ( 'NONE', #4436, #4441, #2661, .T. ) ;
#4154 = AXIS2_PLACEMENT_3D ( 'NONE', #2873, #2520, #4288 ) ;
#4155 = CARTESIAN_POINT ( 'NONE',  ( -22.26508638694866349, 15.12357921577138065, -5.412102275035616472 ) ) ;
#4156 = AXIS2_PLACEMENT_3D ( 'NONE', #5552, #1961, #203 ) ;
#4157 = CARTESIAN_POINT ( 'NONE',  ( -13.07921394881860522, -4.999999999999899636, 23.33530538391476838 ) ) ;
#4158 = ORIENTED_EDGE ( 'NONE', *, *, #1640, .F. ) ;
#4159 = CARTESIAN_POINT ( 'NONE',  ( 24.03465065285356062, 9.465787307803040562, 6.691669197254771717 ) ) ;
#4160 = CARTESIAN_POINT ( 'NONE',  ( 14.19894439314420609, -15.00000000000005151, 22.31977468212370752 ) ) ;
#4161 = CARTESIAN_POINT ( 'NONE',  ( -17.25441703676762373, -17.00000000000004619, 21.56775083906067891 ) ) ;
#4162 = CARTESIAN_POINT ( 'NONE',  ( 25.32147505064219928, -11.28711417924806248, 2.737832971024592776 ) ) ;
#4163 = CARTESIAN_POINT ( 'NONE',  ( 15.36585599606302921, -17.37359979703940382, -20.95296790273392773 ) ) ;
#4164 = CARTESIAN_POINT ( 'NONE',  ( -2.726973939388368962, -13.21444087430221259, -24.80802144452079716 ) ) ;
#4165 = CARTESIAN_POINT ( 'NONE',  ( 5.308560872750277326, -59.00000000000002132, 21.76568646714893873 ) ) ;
#4166 = CARTESIAN_POINT ( 'NONE',  ( 16.73357584036146761, -16.10496982099888541, -22.93467518973248076 ) ) ;
#4167 =( NAMED_UNIT ( * ) PLANE_ANGLE_UNIT ( ) SI_UNIT ( $, .RADIAN. ) );
#4168 = CARTESIAN_POINT ( 'NONE',  ( 15.05016633548384952, 15.00000000000004796, 21.17764135295201910 ) ) ;
#4169 = CARTESIAN_POINT ( 'NONE',  ( 28.18896397461237768, -17.54990214556699613, 3.252520439264064311 ) ) ;
#4170 = ORIENTED_EDGE ( 'NONE', *, *, #3827, .F. ) ;
#4171 = CARTESIAN_POINT ( 'NONE',  ( -11.68601983657943855, 15.24715843154282702, 23.72653338522281175 ) ) ;
#4172 = CARTESIAN_POINT ( 'NONE',  ( 18.03890397756579844, 14.99999999999994849, 25.25644359937010464 ) ) ;
#4173 = CARTESIAN_POINT ( 'NONE',  ( -22.80340321678223248, 14.99999999999995559, -9.047145909643987238 ) ) ;
#4174 = CARTESIAN_POINT ( 'NONE',  ( -22.30080859480220568, 59.00000000000003553, -2.144728874221953685 ) ) ;
#4175 = CARTESIAN_POINT ( 'NONE',  ( -11.82220012521876917, -4.999999999999887201, -23.72345181969352268 ) ) ;
#4176 = VERTEX_POINT ( 'NONE', #3095 ) ;
#4177 = FACE_OUTER_BOUND ( 'NONE', #5287, .T. ) ;
#4178 = APPLICATION_PROTOCOL_DEFINITION ( 'draft international standard', 'automotive_design', 1998, #1391 ) ;
#4179 = DIRECTION ( 'NONE',  ( 0.000000000000000000, -2.478176394252582521E-15, 1.000000000000000000 ) ) ;
#4180 = CARTESIAN_POINT ( 'NONE',  ( -26.45439294182454759, 5.000000000000060396, 1.623342646890278962 ) ) ;
#4181 = ADVANCED_FACE ( 'NONE', ( #3926 ), #1740, .T. ) ;
#4182 = CARTESIAN_POINT ( 'NONE',  ( 25.99331180402712960, -18.38117820633492983, 3.413174392371356003 ) ) ;
#4183 = CARTESIAN_POINT ( 'NONE',  ( -15.15539622234330430, -15.79119993234651176, 21.10275020287953396 ) ) ;
#4184 = VERTEX_POINT ( 'NONE', #5035 ) ;
#4185 = CARTESIAN_POINT ( 'NONE',  ( 26.22660930490136266, 12.50793517989175108, 1.926064493633890873 ) ) ;
#4186 = VECTOR ( 'NONE', #219, 1000.000000000000000 ) ;
#4187 = CARTESIAN_POINT ( 'NONE',  ( 12.55359467589327238, -15.00000000000005151, 24.64036979639633529 ) ) ;
#4188 = DIRECTION ( 'NONE',  ( 0.000000000000000000, 2.478176394252582521E-15, -1.000000000000000000 ) ) ;
#4189 = DIRECTION ( 'NONE',  ( -3.773173425613459862E-16, 1.000000000000000000, -2.513482421598778410E-15 ) ) ;
#4190 = CARTESIAN_POINT ( 'NONE',  ( 26.02019436661122853, -4.999999999999880096, 0.8199129144716723605 ) ) ;
#4191 = CARTESIAN_POINT ( 'NONE',  ( 12.41084060704202408, -10.86611943259570445, 25.47282437977822767 ) ) ;
#4192 = CARTESIAN_POINT ( 'NONE',  ( 16.97907146489297858, -10.57207242301889316, 18.66035651023710784 ) ) ;
#4193 = CARTESIAN_POINT ( 'NONE',  ( -1.904698768884211413, 12.38465691381229128, -24.41870843089898813 ) ) ;
#4194 = EDGE_CURVE ( 'NONE', #4184, #3115, #1617, .T. ) ;
#4195 = LINE ( 'NONE', #2406, #336 ) ;
#4196 = CARTESIAN_POINT ( 'NONE',  ( 28.29705975264439388, 12.46330306535501720, -2.095258216261828288 ) ) ;
#4197 = VERTEX_POINT ( 'NONE', #2860 ) ;
#4198 = CARTESIAN_POINT ( 'NONE',  ( -16.51594751551305507, -15.79119993234651176, 20.96675310201677078 ) ) ;
#4199 = CARTESIAN_POINT ( 'NONE',  ( -20.70702710066435515, 59.00000000000012079, 14.71571819469524556 ) ) ;
#4200 = CARTESIAN_POINT ( 'NONE',  ( -12.10424672925797651, -58.99999999999950973, -35.59167333966230728 ) ) ;
#4201 = CARTESIAN_POINT ( 'NONE',  ( 25.10909282156290701, -19.66666666666664653, 5.785380015444567370 ) ) ;
#4202 = CARTESIAN_POINT ( 'NONE',  ( -10.42977133535740464, -6.999999999999999112, 3.691342167017246378 ) ) ;
#4203 = ORIENTED_EDGE ( 'NONE', *, *, #2279, .F. ) ;
#4204 = CARTESIAN_POINT ( 'NONE',  ( -8.096279414434610189, 19.66666666666639784, 26.44056830245904521 ) ) ;
#4205 = CARTESIAN_POINT ( 'NONE',  ( 1.148748732517502224E-13, -43.99999999999888445, 3.597801865441742885E-14 ) ) ;
#4206 = CARTESIAN_POINT ( 'NONE',  ( -19.13862404567404951, 14.99999999999993960, -17.05806172607995563 ) ) ;
#4207 = CARTESIAN_POINT ( 'NONE',  ( -18.85006413321529095, -19.66666666666669272, 20.23186780027258180 ) ) ;
#4208 = CARTESIAN_POINT ( 'NONE',  ( -15.09950666624244064, 15.37073764731412062, -21.14260051510319016 ) ) ;
#4209 = CARTESIAN_POINT ( 'NONE',  ( -10.77861462206610099, 15.24715843154278971, 23.63945342814886175 ) ) ;
#4210 = ORIENTED_EDGE ( 'NONE', *, *, #2653, .T. ) ;
#4211 = CARTESIAN_POINT ( 'NONE',  ( 21.23482611825226485, 0.4675985169114268980, 12.17693698205993869 ) ) ;
#4212 = CARTESIAN_POINT ( 'NONE',  ( 8.714818363170474314, -5.370869060142138274, 24.80507761964989655 ) ) ;
#4213 = LINE ( 'NONE', #1118, #1936 ) ;
#4214 = CARTESIAN_POINT ( 'NONE',  ( -26.24578025646728818, 13.99943074761183226, -1.679895292022292264 ) ) ;
#4215 = FACE_OUTER_BOUND ( 'NONE', #5221, .T. ) ;
#4216 = ADVANCED_FACE ( 'NONE', ( #174 ), #3722, .F. ) ;
#4217 = CARTESIAN_POINT ( 'NONE',  ( 17.71780718163545032, -13.23400064405644905, 17.43319843125796709 ) ) ;
#4218 = ADVANCED_FACE ( 'NONE', ( #202 ), #471, .T. ) ;
#4219 = VECTOR ( 'NONE', #4525, 1000.000000000000000 ) ;
#4220 = PLANE ( 'NONE',  #58 ) ;
#4221 = CARTESIAN_POINT ( 'NONE',  ( -0.07189060657481226302, 0.4675986980337259458, -24.47836731236644781 ) ) ;
#4222 = SURFACE_STYLE_USAGE ( .BOTH. , #1456 ) ;
#4223 = CARTESIAN_POINT ( 'NONE',  ( -12.05843220094935830, -15.79119993234646913, -23.81119622450012585 ) ) ;
#4224 = CARTESIAN_POINT ( 'NONE',  ( -12.55433162874502173, 9.590775138804984223, 25.46515886711135579 ) ) ;
#4225 = CARTESIAN_POINT ( 'NONE',  ( -14.59186906425297714, -15.79119993234651176, 22.34854134810264270 ) ) ;
#4226 = VERTEX_POINT ( 'NONE', #2453 ) ;
#4227 = CARTESIAN_POINT ( 'NONE',  ( -11.58612192094587812, 15.55097468029879160, 25.91834134360371422 ) ) ;
#4228 = CARTESIAN_POINT ( 'NONE',  ( 26.39349930291949065, -15.00000000000000000, 1.701980210509567604 ) ) ;
#4229 = VECTOR ( 'NONE', #3945, 1000.000000000000114 ) ;
#4230 = CARTESIAN_POINT ( 'NONE',  ( -4.628573982581673185, -19.99999999999996803, -9.480970566741165229 ) ) ;
#4231 = DIRECTION ( 'NONE',  ( 1.003456252704766818E-16, -1.000000000000000000, -2.539663957332261757E-15 ) ) ;
#4232 = CARTESIAN_POINT ( 'NONE',  ( -11.58328430258699981, -4.999999999999883649, -24.11312483447535726 ) ) ;
#4233 = ORIENTED_EDGE ( 'NONE', *, *, #4401, .F. ) ;
#4234 = DIRECTION ( 'NONE',  ( -0.5792811723426801729, -2.270164282536154493E-15, -0.8151277957285533171 ) ) ;
#4235 = CARTESIAN_POINT ( 'NONE',  ( 0.000000000000000000, 0.000000000000000000, 0.000000000000000000 ) ) ;
#4236 = CARTESIAN_POINT ( 'NONE',  ( -17.56483247470328735, -19.66666666666672114, 18.85242224173263992 ) ) ;
#4237 = CARTESIAN_POINT ( 'NONE',  ( 12.48243134362322593, -11.73731539202794671, 25.50030517478845127 ) ) ;
#4238 = CARTESIAN_POINT ( 'NONE',  ( -25.82873048647905634, -17.37359979703946067, -2.830737692116951365 ) ) ;
#4239 = CARTESIAN_POINT ( 'NONE',  ( -18.79381880666933569, -16.58239986469301996, 13.12143580505671991 ) ) ;
#4240 = ORIENTED_EDGE ( 'NONE', *, *, #2959, .F. ) ;
#4241 = CARTESIAN_POINT ( 'NONE',  ( 14.29669499492082885, -16.04068515764794967, 22.07896235783663030 ) ) ;
#4242 = AXIS2_PLACEMENT_3D ( 'NONE', #3381, #1122, #5496 ) ;
#4243 = CARTESIAN_POINT ( 'NONE',  ( 9.175557147041461192, -2.390894052865267128, 24.63242084082772365 ) ) ;
#4244 = CARTESIAN_POINT ( 'NONE',  ( 9.495712600493408928, -18.38117820633493338, 24.94824184770405395 ) ) ;
#4245 = DIRECTION ( 'NONE',  ( 0.000000000000000000, -2.478176394252584099E-15, -1.000000000000000000 ) ) ;
#4246 = CARTESIAN_POINT ( 'NONE',  ( 15.95769075740516563, 14.99999999999999822, 21.09185503760551583 ) ) ;
#4247 = CARTESIAN_POINT ( 'NONE',  ( 15.19086577315241904, -5.674519379058895474, -23.99121613353196025 ) ) ;
#4248 = CARTESIAN_POINT ( 'NONE',  ( -15.08989216700033431, 5.000000000000044409, -22.08635516533521326 ) ) ;
#4249 = DIRECTION ( 'NONE',  ( 0.9092361090470691964, 3.341733936703147432E-14, 0.4162807922603998234 ) ) ;
#4250 = CARTESIAN_POINT ( 'NONE',  ( -10.24932023425682281, 15.24715843154278971, 24.38160628113174155 ) ) ;
#4251 = EDGE_CURVE ( 'NONE', #2683, #682, #4213, .T. ) ;
#4252 = ORIENTED_EDGE ( 'NONE', *, *, #1084, .T. ) ;
#4253 = CARTESIAN_POINT ( 'NONE',  ( -20.84948478999476862, 4.454007238097820398, 12.82859777213701769 ) ) ;
#4254 = CARTESIAN_POINT ( 'NONE',  ( 17.11071240074755551, -17.00000000000005684, 27.02801363657532008 ) ) ;
#4255 = EDGE_CURVE ( 'NONE', #2235, #4197, #494, .T. ) ;
#4256 = CARTESIAN_POINT ( 'NONE',  ( -20.97027543522028381, 14.99999999999994493, -13.05226606804622413 ) ) ;
#4257 = CARTESIAN_POINT ( 'NONE',  ( -10.01407704095004370, -20.39633502492607420, -23.98881065309477378 ) ) ;
#4258 = CARTESIAN_POINT ( 'NONE',  ( 25.76622360226448905, -13.20646945609635203, 1.888974580340474052 ) ) ;
#4259 = FACE_OUTER_BOUND ( 'NONE', #5723, .T. ) ;
#4260 = ORIENTED_EDGE ( 'NONE', *, *, #3580, .T. ) ;
#4261 = CARTESIAN_POINT ( 'NONE',  ( 25.86545857163424245, 14.99999999999999467, -2.445005701234172601 ) ) ;
#4262 = CARTESIAN_POINT ( 'NONE',  ( -21.88683932225250217, 14.99999999999995026, -11.04970599703559664 ) ) ;
#4263 = CARTESIAN_POINT ( 'NONE',  ( 11.68600056307677093, 15.24715843154275419, -23.72653153562370676 ) ) ;
#4264 = CARTESIAN_POINT ( 'NONE',  ( -26.23647706476112162, 5.000000000000060396, 1.221599578131012498 ) ) ;
#4265 = CARTESIAN_POINT ( 'NONE',  ( -26.65755106007407349, 15.00000000000000178, 1.330423292999000306 ) ) ;
#4266 = ORIENTED_EDGE ( 'NONE', *, *, #5006, .T. ) ;
#4267 = CARTESIAN_POINT ( 'NONE',  ( 17.91532686502489113, -8.530661729064917154, 17.36438820347929735 ) ) ;
#4268 = CARTESIAN_POINT ( 'NONE',  ( 1.849934524490815857, -18.83252692609147871, 24.91420697431010467 ) ) ;
#4269 = DIRECTION ( 'NONE',  ( 4.064784181921418638E-16, -1.000000000000000000, 2.538572003884065318E-15 ) ) ;
#4270 = CARTESIAN_POINT ( 'NONE',  ( -19.76154008884881108, -17.40483180192049772, -14.50011421126376199 ) ) ;
#4271 = CARTESIAN_POINT ( 'NONE',  ( -20.51274575890830576, 15.00000000000001421, 13.42970586310111258 ) ) ;
#4272 = CARTESIAN_POINT ( 'NONE',  ( 13.21291745224663927, -4.999999999999880984, 22.97775808548727383 ) ) ;
#4273 = CARTESIAN_POINT ( 'NONE',  ( 15.48146161358055473, -4.954741474079974672, 21.51873274017800952 ) ) ;
#4274 = CARTESIAN_POINT ( 'NONE',  ( -33.57947474556115708, 14.99999999999991651, -23.94616620280175923 ) ) ;
#4275 = CARTESIAN_POINT ( 'NONE',  ( 6.759326158550635455, -12.99942718354410509, -24.02496745399875167 ) ) ;
#4276 = FACE_OUTER_BOUND ( 'NONE', #2365, .T. ) ;
#4277 = LINE ( 'NONE', #1966, #5141 ) ;
#4278 = CARTESIAN_POINT ( 'NONE',  ( 17.11071240074755906, -0.4963296639994424497, 27.02801363657535205 ) ) ;
#4279 = CARTESIAN_POINT ( 'NONE',  ( -10.23036190298391546, 15.37073764731418635, 24.38956287147173896 ) ) ;
#4280 = VERTEX_POINT ( 'NONE', #3402 ) ;
#4281 = CARTESIAN_POINT ( 'NONE',  ( -20.62708317037674632, 7.181488527996571669, 13.18456289560661610 ) ) ;
#4282 = CARTESIAN_POINT ( 'NONE',  ( 10.69781965423930004, -15.79119993234648689, 23.67633323440775328 ) ) ;
#4283 = CARTESIAN_POINT ( 'NONE',  ( -7.395852653053101911, 15.00000000000005151, 25.31213119705663672 ) ) ;
#4284 = PRODUCT_RELATED_PRODUCT_CATEGORY ( 'part', '', ( #3232 ) ) ;
#4285 = EDGE_CURVE ( 'NONE', #4863, #1025, #5263, .T. ) ;
#4286 = CARTESIAN_POINT ( 'NONE',  ( -25.86545857163426732, -14.99999999999999289, -2.445005701233978535 ) ) ;
#4287 = CARTESIAN_POINT ( 'NONE',  ( -12.75646192700758341, -4.999999999999891642, -22.96093147021697334 ) ) ;
#4288 = DIRECTION ( 'NONE',  ( -0.8857850186026575701, 0.000000000000000000, -0.4640957884091272967 ) ) ;
#4289 = DIRECTION ( 'NONE',  ( 1.003456252704766818E-16, -1.000000000000000000, -2.539663957332261757E-15 ) ) ;
#4290 = VERTEX_POINT ( 'NONE', #341 ) ;
#4291 = CARTESIAN_POINT ( 'NONE',  ( 15.08993025632452678, 5.000000000000028422, 22.08635415233386112 ) ) ;
#4292 = CARTESIAN_POINT ( 'NONE',  ( 14.49576390315517394, -5.000000000000047962, 23.40006044573353350 ) ) ;
#4293 = EDGE_CURVE ( 'NONE', #873, #2960, #3922, .T. ) ;
#4294 = CARTESIAN_POINT ( 'NONE',  ( 11.25067891602179060, 15.12357921577137887, -23.67426614800340445 ) ) ;
#4295 = CARTESIAN_POINT ( 'NONE',  ( -26.42585166628884608, 15.37073764731411885, 3.749914000299360950 ) ) ;
#4296 = ORIENTED_EDGE ( 'NONE', *, *, #5701, .T. ) ;
#4297 = CARTESIAN_POINT ( 'NONE',  ( 26.02019436661124274, -4.999999999999880984, 0.8199129144716723605 ) ) ;
#4298 = CARTESIAN_POINT ( 'NONE',  ( -26.65644983241395494, 15.12357921577139663, 1.351075971812331744 ) ) ;
#4299 = ORIENTED_EDGE ( 'NONE', *, *, #4651, .T. ) ;
#4300 = CARTESIAN_POINT ( 'NONE',  ( 14.50159162869568696, -14.55325529729712564, 21.94102739889779130 ) ) ;
#4301 = CARTESIAN_POINT ( 'NONE',  ( 2.362591678782330895, 15.36340750948612843, 24.38710905343051394 ) ) ;
#4302 = LINE ( 'NONE', #5632, #4903 ) ;
#4303 = CARTESIAN_POINT ( 'NONE',  ( -22.84787809621938592, -13.21444056418613044, -10.04236136697359782 ) ) ;
#4304 = CARTESIAN_POINT ( 'NONE',  ( 11.26905444711144533, -14.99999999999999822, 23.66554021185940115 ) ) ;
#4305 = CARTESIAN_POINT ( 'NONE',  ( -17.11575444694148374, -20.00000000000004974, 22.54758103198510000 ) ) ;
#4306 = CARTESIAN_POINT ( 'NONE',  ( 2.227671861124533859, -58.99999999999993605, -23.56630669860018656 ) ) ;
#4307 = VECTOR ( 'NONE', #2787, 1000.000000000000000 ) ;
#4308 = CARTESIAN_POINT ( 'NONE',  ( -28.38491995326096884, -5.313144481865229807, -0.7998539283121425258 ) ) ;
#4309 = CARTESIAN_POINT ( 'NONE',  ( -20.06747950561708649, 13.87576267735694024, 14.04972289065447377 ) ) ;
#4310 = CARTESIAN_POINT ( 'NONE',  ( -10.79695342910822120, 15.12357921577139308, 23.63105024116763531 ) ) ;
#4311 = ORIENTED_EDGE ( 'NONE', *, *, #410, .T. ) ;
#4312 = CARTESIAN_POINT ( 'NONE',  ( -17.60878392075548859, 11.33302858704501226, 17.67902192783019899 ) ) ;
#4313 = CARTESIAN_POINT ( 'NONE',  ( 26.10835358189002520, -16.58239986469298088, 2.333077324015365939 ) ) ;
#4314 = CARTESIAN_POINT ( 'NONE',  ( -12.72566653096063405, 9.166667507968519146, 25.30150629454542965 ) ) ;
#4315 = CARTESIAN_POINT ( 'NONE',  ( 6.898388515910935936, -18.38117820633491561, -21.87061541182574942 ) ) ;
#4316 = CARTESIAN_POINT ( 'NONE',  ( 12.79322561882054110, 8.100494686744450945, -25.34608524134154450 ) ) ;
#4317 = DIRECTION ( 'NONE',  ( 0.7485618993835709833, 0.6630649159707219242, 0.000000000000000000 ) ) ;
#4318 = ORIENTED_EDGE ( 'NONE', *, *, #4540, .T. ) ;
#4319 = LINE ( 'NONE', #5736, #1637 ) ;
#4320 = CARTESIAN_POINT ( 'NONE',  ( 16.39309940474121774, 15.00000000000005329, 23.06764737967261780 ) ) ;
#4321 = VECTOR ( 'NONE', #2412, 1000.000000000000227 ) ;
#4322 = CARTESIAN_POINT ( 'NONE',  ( 0.6848285779804802464, 4.454003182219152812, 24.47049134018316963 ) ) ;
#4323 = CARTESIAN_POINT ( 'NONE',  ( 15.05016633548363991, -14.99999999999993605, -21.17764135295219319 ) ) ;
#4324 = CARTESIAN_POINT ( 'NONE',  ( -15.05016633548379801, 14.99999999999993072, -21.17764135295207950 ) ) ;
#4325 = VERTEX_POINT ( 'NONE', #4769 ) ;
#4326 = CARTESIAN_POINT ( 'NONE',  ( 26.24492413547287839, -15.00000000000000000, 3.273830377262332281 ) ) ;
#4327 = CARTESIAN_POINT ( 'NONE',  ( -20.83493529611072503, 15.24715843154278616, 9.537176196487815005 ) ) ;
#4328 = CARTESIAN_POINT ( 'NONE',  ( 31.03358605302140205, 15.00000000000001421, 0.4544630784956739111 ) ) ;
#4329 = ADVANCED_FACE ( 'NONE', ( #3869 ), #3462, .T. ) ;
#4330 = CARTESIAN_POINT ( 'NONE',  ( 17.26129712948190331, -14.48976427818556445, 18.03132892054828673 ) ) ;
#4331 = CARTESIAN_POINT ( 'NONE',  ( -11.30465135224645223, -11.57273646703116121, 23.74080904607021125 ) ) ;
#4332 = CARTESIAN_POINT ( 'NONE',  ( 16.83971587496048983, 5.000000000000047962, -15.54012032141957178 ) ) ;
#4333 = PLANE ( 'NONE',  #1267 ) ;
#4334 = CARTESIAN_POINT ( 'NONE',  ( -20.14775549547381317, -12.93915212872687093, -13.93010364860007400 ) ) ;
#4335 = CARTESIAN_POINT ( 'NONE',  ( -26.24723309249716863, 14.12513693122837566, -1.659077279629356694 ) ) ;
#4336 = AXIS2_PLACEMENT_3D ( 'NONE', #1687, #4792, #2126 ) ;
#4337 = CARTESIAN_POINT ( 'NONE',  ( 6.462703459222240099, 15.24715843154283235, 21.98371987877736800 ) ) ;
#4338 = CIRCLE ( 'NONE', #5627, 2.100000000000000977 ) ;
#4339 = CARTESIAN_POINT ( 'NONE',  ( 12.88126388856266402, 9.230067845578084018, -25.30146008090892451 ) ) ;
#4340 = CARTESIAN_POINT ( 'NONE',  ( -28.26662726168253315, -15.74590231938984708, -2.647601160672902409 ) ) ;
#4341 = CARTESIAN_POINT ( 'NONE',  ( -17.48755637598868162, 12.44494847941369464, 17.80426301259823063 ) ) ;
#4342 = CARTESIAN_POINT ( 'NONE',  ( -15.05016633548350313, -14.99999999999999822, 21.17764135295228556 ) ) ;
#4343 = CARTESIAN_POINT ( 'NONE',  ( -20.37893020635365815, -15.94070609242765890, 14.42347532606037674 ) ) ;
#4344 = CARTESIAN_POINT ( 'NONE',  ( 15.67256586566755772, -16.58239986469296667, 16.72538747179563856 ) ) ;
#4345 = PRODUCT_DEFINITION_FORMATION_WITH_SPECIFIED_SOURCE ( 'HERHANG�', '', #111, .NOT_KNOWN. ) ;
#4346 = CARTESIAN_POINT ( 'NONE',  ( -28.13727745728254703, -17.08342612044989295, -3.032264407144921403 ) ) ;
#4347 = FACE_OUTER_BOUND ( 'NONE', #1868, .T. ) ;
#4348 = CARTESIAN_POINT ( 'NONE',  ( 2.140309816156945821, 15.37073764731410108, -22.81443444943378651 ) ) ;
#4349 = CARTESIAN_POINT ( 'NONE',  ( 22.13770943062415597, -12.93915236550323655, -10.48339927552359363 ) ) ;
#4350 = DIRECTION ( 'NONE',  ( 4.064784181921418638E-16, -1.000000000000000000, 2.538572003884065318E-15 ) ) ;
#4351 = EDGE_LOOP ( 'NONE', ( #2378, #1236, #752, #1688 ) ) ;
#4352 = CARTESIAN_POINT ( 'NONE',  ( 11.26905444711144533, -14.99999999999999822, 23.66554021185940115 ) ) ;
#4353 = CARTESIAN_POINT ( 'NONE',  ( 23.81455444263276178, -16.99999999999997513, -6.749217604444756269 ) ) ;
#4354 = CARTESIAN_POINT ( 'NONE',  ( 6.090669110344094861, 8.605629212796834793, 24.19193052700147462 ) ) ;
#4355 = CARTESIAN_POINT ( 'NONE',  ( -26.24492760650895562, 15.00000000000000000, 3.273837958662915604 ) ) ;
#4356 = ORIENTED_EDGE ( 'NONE', *, *, #2247, .F. ) ;
#4357 = CARTESIAN_POINT ( 'NONE',  ( 20.84873645980633583, 14.99999999999999112, -9.504219485551551827 ) ) ;
#4358 = CARTESIAN_POINT ( 'NONE',  ( -22.26036115958399364, -14.99999999999999467, 5.429209983494769354 ) ) ;
#4359 = ORIENTED_EDGE ( 'NONE', *, *, #4042, .T. ) ;
#4360 = CARTESIAN_POINT ( 'NONE',  ( -11.21896185567012516, -18.38117820633496535, -23.95548483033955378 ) ) ;
#4361 = CARTESIAN_POINT ( 'NONE',  ( -9.032078524092003846, 3.326327419680974451, 24.68987505089240742 ) ) ;
#4362 = CARTESIAN_POINT ( 'NONE',  ( 13.48772444088320377, 4.333344362906863090, -24.90261254808433478 ) ) ;
#4363 = CARTESIAN_POINT ( 'NONE',  ( -26.03043355921200686, 1.848242982420300828, -3.678606581875627501 ) ) ;
#4364 = CARTESIAN_POINT ( 'NONE',  ( 6.428346811605853084, 15.00000000000000355, 21.99264325336344683 ) ) ;
#4365 = EDGE_CURVE ( 'NONE', #537, #3284, #4302, .T. ) ;
#4366 = CARTESIAN_POINT ( 'NONE',  ( 26.60839444372487606, -20.39633502492586459, 2.232279504906312884 ) ) ;
#4367 = CARTESIAN_POINT ( 'NONE',  ( -11.26904183724805897, -15.00000000000000000, -23.66553901987645503 ) ) ;
#4368 = CARTESIAN_POINT ( 'NONE',  ( -19.36408738443013888, -5.430477999717777671, 15.72474065222917083 ) ) ;
#4369 = CARTESIAN_POINT ( 'NONE',  ( -15.76788091167972894, -20.39633502492607420, 20.66685043946469946 ) ) ;
#4370 = CARTESIAN_POINT ( 'NONE',  ( -24.19896212458281681, -13.33495845362408794, 6.107736731892217996 ) ) ;
#4371 = CARTESIAN_POINT ( 'NONE',  ( 25.82873048647904213, -17.37359979703947133, 2.830737692117131221 ) ) ;
#4372 = CARTESIAN_POINT ( 'NONE',  ( -8.252066587351594151, -17.00000000000003197, 23.76370268335033487 ) ) ;
#4373 = CARTESIAN_POINT ( 'NONE',  ( -6.428346811605694100, 15.00000000000001776, -21.99264325336351078 ) ) ;
#4374 = CARTESIAN_POINT ( 'NONE',  ( -4.628573982581674073, -14.99999999999997158, -7.380970566741151373 ) ) ;
#4375 = CARTESIAN_POINT ( 'NONE',  ( 20.92998525729036885, 3.446874812427670243, -12.69618747950103632 ) ) ;
#4376 = CARTESIAN_POINT ( 'NONE',  ( 18.40759736717352268, -15.88388009104195397, -18.79131479961025164 ) ) ;
#4377 = VERTEX_POINT ( 'NONE', #5234 ) ;
#4378 = CARTESIAN_POINT ( 'NONE',  ( 11.21898702502149803, -18.38117820633505417, 23.95548770416479201 ) ) ;
#4379 = CARTESIAN_POINT ( 'NONE',  ( -16.68231854983145013, -17.00000000000004974, 22.85985725571298843 ) ) ;
#4380 = B_SPLINE_SURFACE_WITH_KNOTS ( 'NONE', 3, 3, ( 
 ( #4715, #5097, #4223, #2866, #2483, #4248, #3844, #4631, #639, #3757 ),
 ( #666, #1576, #2050, #1606, #5150, #5638, #5668, #4775, #4810, #5209 ),
 ( #1216, #808, #5268, #4367, #4396, #1758, #5325, #3097, #4867, #864 ),
 ( #432, #3986, #3551, #3129, #904, #1768, #385, #4466, #3240, #2769 ),
 ( #1364, #1446, #5007, #57, #2173, #2739, #978, #87, #1006, #5462 ),
 ( #1897, #1477, #4981, #4596, #3211, #2795, #3266, #3158, #1844, #4567 ),
 ( #4512, #5033, #1870, #3636, #1032, #572, #5381, #5408, #2823, #1421 ),
 ( #4541, #4043, #3932, #520, #545, #4953, #4924, #5704, #2341, #3610 ),
 ( #2367, #5349, #4101, #487, #1392, #921, #2710, #1734, #3185, #4132 ),
 ( #145, #4484, #1927, #3694, #950, #3581, #2315, #117, #3665, #2286 ) ),
 .UNSPECIFIED., .F., .F., .F.,
 ( 4, 3, 3, 4 ),
 ( 4, 3, 3, 4 ),
 ( -0.02734807911809034389, -0.02598076211353312487, 0.000000000000000000, 0.001367342323596514291 ),
 ( -0.03237359979703938184, -0.02999999999999999889, 0.000000000000000000, 0.0003707376473141253139 ),
 .UNSPECIFIED. ) ;
#4381 = CARTESIAN_POINT ( 'NONE',  ( 5.882468119199143253, 7.241916647152501163, 24.24019116976029409 ) ) ;
#4382 = CARTESIAN_POINT ( 'NONE',  ( -26.37574870899947399, -16.58239986469297378, -1.963973957890155608 ) ) ;
#4383 = ORIENTED_EDGE ( 'NONE', *, *, #4673, .F. ) ;
#4384 = CARTESIAN_POINT ( 'NONE',  ( 26.65753423584100190, 15.00000000000000178, -1.330446966994593305 ) ) ;
#4385 = CARTESIAN_POINT ( 'NONE',  ( -26.38942574515134254, 15.37073764731418812, 1.763339586301633011 ) ) ;
#4386 = DIRECTION ( 'NONE',  ( -1.003456252704766818E-16, 1.000000000000000000, 2.539663957332261362E-15 ) ) ;
#4387 = CARTESIAN_POINT ( 'NONE',  ( -12.17654103944284749, -14.99999999999999645, -23.75132295125684934 ) ) ;
#4388 = CARTESIAN_POINT ( 'NONE',  ( -4.251850956340785359, 3.386371529868041463, 24.57752554930327094 ) ) ;
#4389 = CARTESIAN_POINT ( 'NONE',  ( 13.41491193784210800, 14.99999999999993960, -23.42508823270661367 ) ) ;
#4390 = CARTESIAN_POINT ( 'NONE',  ( -19.89240091858535919, 10.83469278959965898, -15.06135426009685396 ) ) ;
#4391 = CARTESIAN_POINT ( 'NONE',  ( -23.80945307312840598, 4.514497098421157872, -7.434218600298326152 ) ) ;
#4392 = CARTESIAN_POINT ( 'NONE',  ( -10.79695342910821942, 15.12357921577141262, 23.63105024116763531 ) ) ;
#4393 = CARTESIAN_POINT ( 'NONE',  ( 14.81369711420488322, -17.37359979703940382, -22.20380949223407896 ) ) ;
#4394 = B_SPLINE_CURVE_WITH_KNOTS ( 'NONE', 3,
 ( #3735, #3338, #5562, #2842 ),
 .UNSPECIFIED., .F., .F.,
 ( 4, 4 ),
 ( 3.469446951953614189E-18, 0.002006338116566684995 ),
 .UNSPECIFIED. ) ;
#4395 = CARTESIAN_POINT ( 'NONE',  ( 26.24491715661851643, 15.00000000000000000, -3.273815134122393111 ) ) ;
#4396 = CARTESIAN_POINT ( 'NONE',  ( -12.75646192700758341, -4.999999999999891642, -22.96093147021697334 ) ) ;
#4397 = CARTESIAN_POINT ( 'NONE',  ( -23.99565908219939558, -8.530661567761983477, 6.832945176450143876 ) ) ;
#4398 = CARTESIAN_POINT ( 'NONE',  ( -26.35366760929885999, -18.38117820633506128, -4.250592792036910872 ) ) ;
#4399 = CARTESIAN_POINT ( 'NONE',  ( 1.705875629598102802E-15, -16.99999999999998934, -4.317428727464842935E-14 ) ) ;
#4400 = CARTESIAN_POINT ( 'NONE',  ( 15.09950666624260762, 15.37073764731424852, 21.14260051510307648 ) ) ;
#4401 = EDGE_CURVE ( 'NONE', #5418, #2909, #4709, .T. ) ;
#4402 = CARTESIAN_POINT ( 'NONE',  ( -13.87218808898258615, -17.00000000000004263, 23.16070528767901138 ) ) ;
#4403 = CARTESIAN_POINT ( 'NONE',  ( 17.65002042970626306, 10.95536785590620710, -17.63652073682656862 ) ) ;
#4404 = CARTESIAN_POINT ( 'NONE',  ( 23.11443612703060779, 8.484896002109474367, -9.372596355378975730 ) ) ;
#4405 = VERTEX_POINT ( 'NONE', #309 ) ;
#4406 = CARTESIAN_POINT ( 'NONE',  ( 10.91870834744461760, -20.39633502492609551, 24.10273023224678823 ) ) ;
#4407 = CARTESIAN_POINT ( 'NONE',  ( -25.81567311837512690, 14.99999999999997691, -2.473713961880226631 ) ) ;
#4408 = B_SPLINE_CURVE_WITH_KNOTS ( 'NONE', 3,
 ( #5270, #3161, #4928, #1847, #3957, #4457, #33, #5386, #3499, #1788, #1396, #1279, #5490 ),
 .UNSPECIFIED., .F., .F.,
 ( 4, 3, 3, 3, 4 ),
 ( 0.000000000000000000, 0.006607043611316512112, 0.01321408729173006481, 0.01982113106267601246, 0.02829930038049555813 ),
 .UNSPECIFIED. ) ;
#4409 = CARTESIAN_POINT ( 'NONE',  ( -11.00680169046725609, -19.07985224422478865, -26.17792996016924789 ) ) ;
#4410 = CARTESIAN_POINT ( 'NONE',  ( -1.412852578127264280, -9.183465871907170452, 24.44368809240441109 ) ) ;
#4411 = CARTESIAN_POINT ( 'NONE',  ( -9.922904007040738605, -17.37359979703946422, -24.51812710397385686 ) ) ;
#4412 = VERTEX_POINT ( 'NONE', #3493 ) ;
#4413 = CARTESIAN_POINT ( 'NONE',  ( 25.86545857163425310, -15.00000000000000000, 2.445005701234160611 ) ) ;
#4414 = CARTESIAN_POINT ( 'NONE',  ( -10.05101161073577387, -16.99999999999992539, -25.72663890086215588 ) ) ;
#4415 = ORIENTED_EDGE ( 'NONE', *, *, #2279, .T. ) ;
#4416 = CARTESIAN_POINT ( 'NONE',  ( -11.82221452396238170, -17.37359979703941093, -23.93094277098668243 ) ) ;
#4417 = VECTOR ( 'NONE', #2930, 1000.000000000000114 ) ;
#4418 = CARTESIAN_POINT ( 'NONE',  ( -16.29919184977677915, -13.12615856637498268, 23.24704747356238244 ) ) ;
#4419 = CARTESIAN_POINT ( 'NONE',  ( -13.00779398670732689, -58.99999999999999289, -18.24070233092207616 ) ) ;
#4420 = CARTESIAN_POINT ( 'NONE',  ( -25.47443419734540981, -15.88393162443543005, -6.550135476980320171 ) ) ;
#4421 = ORIENTED_EDGE ( 'NONE', *, *, #3179, .F. ) ;
#4422 = CARTESIAN_POINT ( 'NONE',  ( -15.60891332006655574, -15.79119993234651176, 21.05741783592527838 ) ) ;
#4423 = CIRCLE ( 'NONE', #3142, 2.100000000000000977 ) ;
#4424 = CARTESIAN_POINT ( 'NONE',  ( 16.83965145582186551, -4.999999999999953815, 15.53996122882298003 ) ) ;
#4425 = CARTESIAN_POINT ( 'NONE',  ( -25.30634505094391784, -20.26398816019080940, -7.252742878269578419 ) ) ;
#4426 = CARTESIAN_POINT ( 'NONE',  ( -15.38375609061541383, 8.038507064140862468, 21.32025743299130838 ) ) ;
#4427 = CARTESIAN_POINT ( 'NONE',  ( -26.65534860475385059, 15.24715843154279327, 1.371728650625662294 ) ) ;
#4428 = CARTESIAN_POINT ( 'NONE',  ( -26.23770815339933193, -13.39814215990177715, 1.778949833843951112 ) ) ;
#4429 = CARTESIAN_POINT ( 'NONE',  ( 9.776334511876642708, -16.58239986469297733, 24.83598368913014554 ) ) ;
#4430 = EDGE_CURVE ( 'NONE', #3713, #2185, #5220, .T. ) ;
#4431 = CARTESIAN_POINT ( 'NONE',  ( 13.81135598322918234, -2.205106032469247967, 24.70633879866057470 ) ) ;
#4432 = CARTESIAN_POINT ( 'NONE',  ( -13.41491193784193214, 15.00000000000004086, 23.42508823270672380 ) ) ;
#4433 = CIRCLE ( 'NONE', #2677, 1.399999999999995026 ) ;
#4434 = CARTESIAN_POINT ( 'NONE',  ( 21.82727802547399065, -8.470239494808909697, -11.09749492246374203 ) ) ;
#4435 = CARTESIAN_POINT ( 'NONE',  ( 17.15080999381681792, 15.42346065944437150, -18.14344058581736263 ) ) ;
#4436 = VERTEX_POINT ( 'NONE', #743 ) ;
#4437 = CARTESIAN_POINT ( 'NONE',  ( 10.69781965423929648, -15.79119993234651176, 23.67633323440775328 ) ) ;
#4438 = CARTESIAN_POINT ( 'NONE',  ( -21.84241817166898869, -16.99999999999996803, -11.64540905154557038 ) ) ;
#4439 = CARTESIAN_POINT ( 'NONE',  ( -6.396201035376410715, -10.60756681464622275, 24.11759462741506255 ) ) ;
#4440 = CARTESIAN_POINT ( 'NONE',  ( -13.71929715842277631, 5.000000000000044409, -22.12280670378020631 ) ) ;
#4441 = VERTEX_POINT ( 'NONE', #5602 ) ;
#4442 = DIRECTION ( 'NONE',  ( 4.064784181921418638E-16, -1.000000000000000000, 2.538572003884065318E-15 ) ) ;
#4443 =( NAMED_UNIT ( * ) SI_UNIT ( $, .STERADIAN. ) SOLID_ANGLE_UNIT ( ) );
#4444 = ORIENTED_EDGE ( 'NONE', *, *, #2319, .F. ) ;
#4445 = CARTESIAN_POINT ( 'NONE',  ( -10.91868320811648374, -20.39633502492607420, -24.10272706646910379 ) ) ;
#4446 = ADVANCED_FACE ( 'NONE', ( #3035 ), #4333, .T. ) ;
#4447 = CARTESIAN_POINT ( 'NONE',  ( 3.673640270094570504, 7.121055016555930983, -24.67154660577899961 ) ) ;
#4448 = PLANE ( 'NONE',  #4127 ) ;
#4449 = CARTESIAN_POINT ( 'NONE',  ( -13.71929715842277631, 5.000000000000044409, -22.12280670378020631 ) ) ;
#4450 = CARTESIAN_POINT ( 'NONE',  ( -19.74836954678469425, 9.345019881342347290, -15.24559705296816858 ) ) ;
#4451 = CARTESIAN_POINT ( 'NONE',  ( -19.92887678201262602, 11.21237717275385570, -15.01460689306790641 ) ) ;
#4452 = ORIENTED_EDGE ( 'NONE', *, *, #4753, .F. ) ;
#4453 = CARTESIAN_POINT ( 'NONE',  ( 23.09769934187114160, -59.00000000000000000, -10.57495240868055042 ) ) ;
#4454 = CARTESIAN_POINT ( 'NONE',  ( 21.40694122926318599, -4.999999999999944933, 8.170883093623791282 ) ) ;
#4455 = CARTESIAN_POINT ( 'NONE',  ( -28.31052695653253082, 11.08101954867557026, 2.126551417770495167 ) ) ;
#4456 = CARTESIAN_POINT ( 'NONE',  ( 19.26365313150085257, 19.66666666666635166, -12.02329030024514012 ) ) ;
#4457 = CARTESIAN_POINT ( 'NONE',  ( 0.8184562742715899564, 14.99999999999992717, -24.68692428528065008 ) ) ;
#4458 = CARTESIAN_POINT ( 'NONE',  ( -25.60090481416994379, 12.51847779533365035, 6.009764865167605663 ) ) ;
#4459 = CARTESIAN_POINT ( 'NONE',  ( -6.849219217423493156, -17.24608761843518678, -25.40064738590042026 ) ) ;
#4460 = CARTESIAN_POINT ( 'NONE',  ( 1.989964624693225437, -12.93915236550333780, -24.41351838628066417 ) ) ;
#4461 = DIRECTION ( 'NONE',  ( -0.9092361090470691964, -3.371047392288264819E-14, -0.4162807922603998234 ) ) ;
#4462 = CARTESIAN_POINT ( 'NONE',  ( 24.42441646865297145, -18.95243094693953267, -5.255177321405208879 ) ) ;
#4463 = CARTESIAN_POINT ( 'NONE',  ( 22.15287685937547124, -13.27452212395566100, -10.45165382860683501 ) ) ;
#4464 = ORIENTED_EDGE ( 'NONE', *, *, #4109, .F. ) ;
#4465 = CARTESIAN_POINT ( 'NONE',  ( 1.564210343340008080, -19.38875661563055530, 22.88806854167897242 ) ) ;
#4466 = CARTESIAN_POINT ( 'NONE',  ( -15.06661311240334200, 15.12357921577137709, -21.16596107366911284 ) ) ;
#4467 = CARTESIAN_POINT ( 'NONE',  ( -21.52285620492537532, -59.00000000000052580, 9.853932926270532633 ) ) ;
#4468 = DIRECTION ( 'NONE',  ( 0.4640957884091281294, 0.000000000000000000, -0.8857850186026571260 ) ) ;
#4469 = CARTESIAN_POINT ( 'NONE',  ( -10.01407704095006501, -20.39633502492599249, -23.98881065309476313 ) ) ;
#4470 = EDGE_CURVE ( 'NONE', #2608, #5655, #3829, .T. ) ;
#4471 = ORIENTED_EDGE ( 'NONE', *, *, #4475, .F. ) ;
#4472 = DIRECTION ( 'NONE',  ( 1.003456252704766942E-16, -1.000000000000000000, -2.539663957332261757E-15 ) ) ;
#4473 = CARTESIAN_POINT ( 'NONE',  ( 13.57926552649501062, 15.00000000000004796, 23.33019864405556731 ) ) ;
#4474 = EDGE_CURVE ( 'NONE', #2185, #4750, #3156, .T. ) ;
#4475 = EDGE_CURVE ( 'NONE', #5284, #1052, #1146, .T. ) ;
#4476 = B_SPLINE_SURFACE_WITH_KNOTS ( 'NONE', 3, 3, ( 
 ( #5438, #5010, #2259, #2797 ),
 ( #3160, #490, #575, #2370 ),
 ( #3612, #953, #4456, #4927 ),
 ( #923, #1846, #1395, #3187 ) ),
 .UNSPECIFIED., .F., .F., .F.,
 ( 4, 4 ),
 ( 4, 4 ),
 ( -0.02453738644055908358, -0.0008660254037844428154 ),
 ( -0.1179999999999999938, 0.000000000000000000 ),
 .UNSPECIFIED. ) ;
#4477 = CARTESIAN_POINT ( 'NONE',  ( 3.038605028824919785, 11.21237702106302869, -24.76621789418072694 ) ) ;
#4478 = CARTESIAN_POINT ( 'NONE',  ( -2.390672241206766468, -59.00000000000076028, 25.29067060337580841 ) ) ;
#4479 = CARTESIAN_POINT ( 'NONE',  ( 45.58542902264171204, 15.00000000000003375, 11.46554232566847276 ) ) ;
#4480 = CARTESIAN_POINT ( 'NONE',  ( -20.03643229038602058, 12.32436569785696889, -14.87711146722553934 ) ) ;
#4481 = CARTESIAN_POINT ( 'NONE',  ( -12.14992319325048520, -12.09750125252960373, -25.66058015042711560 ) ) ;
#4482 = VERTEX_POINT ( 'NONE', #2504 ) ;
#4483 = CARTESIAN_POINT ( 'NONE',  ( -16.16715921718745363, -16.58239986469302352, 20.93231692700178925 ) ) ;
#4484 = CARTESIAN_POINT ( 'NONE',  ( 16.62039688871111665, -16.58239986469293470, -20.88454890810545095 ) ) ;
#4485 = CARTESIAN_POINT ( 'NONE',  ( 15.41423233598679232, -20.39633502492594275, -21.50722056733796350 ) ) ;
#4486 = CARTESIAN_POINT ( 'NONE',  ( 9.888625251305354524, -19.38875661563039898, 24.28400246722298661 ) ) ;
#4487 = CARTESIAN_POINT ( 'NONE',  ( -28.31939122577333379, 12.21120723899118410, 2.023313637327836645 ) ) ;
#4488 = DIRECTION ( 'NONE',  ( 0.4162807922604081501, -2.203394744814503331E-15, 0.9092361090470654217 ) ) ;
#4489 = DIRECTION ( 'NONE',  ( 1.003456252704766942E-16, -1.000000000000000000, -2.539663957332261757E-15 ) ) ;
#4490 = CARTESIAN_POINT ( 'NONE',  ( -9.829418530297779455, 1.848242583304209097, -24.38232026537522401 ) ) ;
#4491 = CARTESIAN_POINT ( 'NONE',  ( -9.636269092269792225, 0.5890806160577168882, -24.45976405016931210 ) ) ;
#4492 = CARTESIAN_POINT ( 'NONE',  ( 22.98972281823721531, 10.83469263770135704, -9.696637076502634400 ) ) ;
#4493 = CARTESIAN_POINT ( 'NONE',  ( 24.07468222762149068, -10.60733286086586524, -6.539558634181237728 ) ) ;
#4494 = ORIENTED_EDGE ( 'NONE', *, *, #2850, .F. ) ;
#4495 = CARTESIAN_POINT ( 'NONE',  ( -15.63387260647412447, -19.38875661563057307, 20.76222292722114204 ) ) ;
#4496 = CARTESIAN_POINT ( 'NONE',  ( -17.94731578161879071, -16.99999999999995026, -16.98218717825827895 ) ) ;
#4497 = DIRECTION ( 'NONE',  ( 0.000000000000000000, -3.304235192336776695E-15, 1.000000000000000000 ) ) ;
#4498 = CARTESIAN_POINT ( 'NONE',  ( -12.06111594785053853, -4.999999999999890754, -23.33377880491169165 ) ) ;
#4499 = ORIENTED_EDGE ( 'NONE', *, *, #3337, .T. ) ;
#4501 = AXIS2_PLACEMENT_3D ( 'NONE', #79, #2274, #1916 ) ;
#4500 = DIRECTION ( 'NONE',  ( 0.8857850186026571260, 1.538193068795816936E-15, 0.4640957884091280183 ) ) ;
#4502 = CARTESIAN_POINT ( 'NONE',  ( -20.70702710066436936, -59.00000000000011369, -14.71571819469522602 ) ) ;
#4503 = CARTESIAN_POINT ( 'NONE',  ( 4.946613540517311947, -59.00000000000002132, 20.28166238984333347 ) ) ;
#4504 = PRODUCT_DEFINITION_CONTEXT ( 'detailed design', #5186, 'design' ) ;
#4505 = CARTESIAN_POINT ( 'NONE',  ( 2.826528548841647392, 12.57615607290213156, -24.79569024286188750 ) ) ;
#4506 = CARTESIAN_POINT ( 'NONE',  ( -18.85006413320980556, 19.66666666666637653, -20.23186780026684417 ) ) ;
#4507 = ADVANCED_FACE ( 'NONE', ( #3981 ), #4120, .F. ) ;
#4508 = CARTESIAN_POINT ( 'NONE',  ( -20.90724426128794278, -3.728470735861485252, -12.73309332253767678 ) ) ;
#4509 = VERTEX_POINT ( 'NONE', #4861 ) ;
#4510 = CARTESIAN_POINT ( 'NONE',  ( -15.05016633548350313, -14.99999999999999822, 21.17764135295228556 ) ) ;
#4511 = VECTOR ( 'NONE', #4234, 1000.000000000000227 ) ;
#4512 = CARTESIAN_POINT ( 'NONE',  ( 15.36585599606302921, -17.37359979703940382, -20.95296790273392773 ) ) ;
#4513 = CARTESIAN_POINT ( 'NONE',  ( 10.46287449041623496, -17.37359979703946777, 23.78370559485090396 ) ) ;
#4514 = CARTESIAN_POINT ( 'NONE',  ( -28.33064022751171507, 9.590775136562616154, 1.860209161909514686 ) ) ;
#4515 = CARTESIAN_POINT ( 'NONE',  ( -26.26928728436783800, -16.04068507551840028, 1.341825456894867097 ) ) ;
#4516 = CARTESIAN_POINT ( 'NONE',  ( -26.04071544404809657, -15.79119993234651531, -2.989006542684355505 ) ) ;
#4517 = CARTESIAN_POINT ( 'NONE',  ( -28.39489452875229247, 1.546697424959350808, 0.1288542181269463904 ) ) ;
#4518 = CARTESIAN_POINT ( 'NONE',  ( -7.709922901739660439, -11.79280259500768224, -25.14010572798185805 ) ) ;
#4519 = CARTESIAN_POINT ( 'NONE',  ( -2.082290403640571164, -17.34478444704820177, -24.88661385308724761 ) ) ;
#4520 = CARTESIAN_POINT ( 'NONE',  ( -6.497341037727830226, 11.00000000000001599, 12.40099026043722041 ) ) ;
#4521 = DIRECTION ( 'NONE',  ( 1.003456252704766818E-16, -1.000000000000000000, -2.539663957332261757E-15 ) ) ;
#4522 = CARTESIAN_POINT ( 'NONE',  ( 19.18166558914222364, -3.667939459475572317, -15.94641983977200539 ) ) ;
#4523 = EDGE_LOOP ( 'NONE', ( #3489, #1795 ) ) ;
#4524 = CARTESIAN_POINT ( 'NONE',  ( -16.21993973358542362, -20.39633502492609551, 20.60732377871409682 ) ) ;
#4525 = DIRECTION ( 'NONE',  ( 0.8151277957285515408, -1.729938022788348525E-14, 0.5792811723426827264 ) ) ;
#4526 = B_SPLINE_SURFACE_WITH_KNOTS ( 'NONE', 3, 3, ( 
 ( #1546, #283, #3011, #4340, #1186, #3900, #1244, #5696, #4308, #3466, #2979, #4747, #749, #1727, #4514, #4455, #31, #4046, #5354 ),
 ( #4425, #4926, #3071, #1308, #2625, #5727, #4955, #5384, #89, #952, #3, #3096, #2227, #5324, #3128, #4897, #2771, #4214, #3697 ),
 ( #119, #3295, #228, #1986, #1449, #4104, #1539, #5410, #4656, #574, #1931, #1423, #5464, #5036, #1034, #603, #2398, #686, #3037 ),
 ( #1212, #5144, #4270, #278, #4770, #4334, #2074, #2018, #3839, #744, #1180, #2135, #804, #2973, #3433, #3783, #4741, #5551, #2103 ),
 ( #3870, #1274, #5721, #3575, #4836, #2650, #917, #5635, #3122, #2161, #3153, #3520, #4890, #3923, #4450, #4390, #4480, #4011, #396 ),
 ( #2224, #1562, #2008, #2419, #246, #3828, #3772, #1622, #4699, #3858, #1655, #3422, #3970, #790, #2994, #3482, #1289, #3082, #5738 ),
 ( #3024, #4409, #3998, #4852, #3563, #3536, #5307, #16, #3886, #2583, #2671, #5652, #1260, #3913, #964, #3198, #1944, #5021, #503 ) ),
 .UNSPECIFIED., .F., .F., .F.,
 ( 4, 3, 4 ),
 ( 4, 3, 3, 3, 3, 3, 4 ),
 ( -0.02734811694444261657, -0.01299038719762080941, 0.001367342549200996436 ),
 ( -0.03539633502492593731, -0.03092545094089593077, -0.02645456685686592424, -0.01751279868880590770, -0.008571030520745892903, -0.004100146436715885502, 0.0003707376473141215734 ),
 .UNSPECIFIED. ) ;
#4527 = AXIS2_PLACEMENT_3D ( 'NONE', #2024, #5526, #2920 ) ;
#4528 = CARTESIAN_POINT ( 'NONE',  ( -4.096408980948277545, 4.393514848574473497, 24.60427022508840977 ) ) ;
#4529 = CARTESIAN_POINT ( 'NONE',  ( -14.91066218805485555, 15.37073764731412062, -21.55741316180515099 ) ) ;
#4530 = EDGE_LOOP ( 'NONE', ( #2793, #5184, #3539, #3419, #142, #2579, #5713, #844 ) ) ;
#4531 = CARTESIAN_POINT ( 'NONE',  ( 0.7806482713368845250, 19.66666666666631258, 22.69445813169403436 ) ) ;
#4532 = CARTESIAN_POINT ( 'NONE',  ( -2.390672241206766468, -59.00000000000076028, 25.29067060337580841 ) ) ;
#4533 = CARTESIAN_POINT ( 'NONE',  ( -11.70542609977633042, -14.82619276957148635, -25.86580779957925103 ) ) ;
#4534 = CARTESIAN_POINT ( 'NONE',  ( 10.13597521750642727, -3.850523560636346598, -24.25750539486272928 ) ) ;
#4535 = CARTESIAN_POINT ( 'NONE',  ( -12.16893504565029183, 13.70386472100767783, 25.65100907716383816 ) ) ;
#4536 = CARTESIAN_POINT ( 'NONE',  ( 26.02623156947166194, -16.58239986469293825, 3.118577398732200301 ) ) ;
#4537 = CARTESIAN_POINT ( 'NONE',  ( -17.83838721677647854, 11.15432465382086846, -19.31718434075616386 ) ) ;
#4538 = ORIENTED_EDGE ( 'NONE', *, *, #723, .T. ) ;
#4539 = CARTESIAN_POINT ( 'NONE',  ( 24.16271141256238408, 12.44494815681288991, 6.242559245459249340 ) ) ;
#4540 = EDGE_CURVE ( 'NONE', #2282, #4821, #2116, .T. ) ;
#4541 = CARTESIAN_POINT ( 'NONE',  ( 15.81886238415618884, -17.37359979703940738, -20.90275921035042828 ) ) ;
#4542 = CARTESIAN_POINT ( 'NONE',  ( 18.65526374753403260, 15.00000000000000000, 13.30342566822326056 ) ) ;
#4543 = CARTESIAN_POINT ( 'NONE',  ( -28.37244923738480651, -5.674519750401766593, -1.160093218134909510 ) ) ;
#4544 = CARTESIAN_POINT ( 'NONE',  ( 16.83971587496048983, 5.000000000000047962, -15.54012032141957178 ) ) ;
#4545 = B_SPLINE_CURVE_WITH_KNOTS ( 'NONE', 3,
 ( #1544, #4110, #1096, #1904, #2889, #4659, #3813, #1638 ),
 .UNSPECIFIED., .F., .F.,
 ( 4, 2, 2, 4 ),
 ( 0.000000000000000000, 0.01777437052679044574, 0.02666155579018567034, 0.03554874105358089148 ),
 .UNSPECIFIED. ) ;
#4546 = CARTESIAN_POINT ( 'NONE',  ( 16.58922367495695127, -7.030087666280739889, 19.53463491763394444 ) ) ;
#4547 = CARTESIAN_POINT ( 'NONE',  ( 10.16578468150512826, -15.79119993234648689, 24.41651540068764703 ) ) ;
#4548 = CARTESIAN_POINT ( 'NONE',  ( -11.36155237216474490, -18.72173792528372616, -26.02492545313828032 ) ) ;
#4549 = CARTESIAN_POINT ( 'NONE',  ( 26.16878481508863885, -8.593081480198582867, -2.571847355206737795 ) ) ;
#4550 = CARTESIAN_POINT ( 'NONE',  ( 26.18743765543391433, -10.67000406932425705, -2.254090539098458024 ) ) ;
#4551 = EDGE_CURVE ( 'NONE', #4142, #4863, #1074, .T. ) ;
#4552 = ORIENTED_EDGE ( 'NONE', *, *, #480, .F. ) ;
#4553 = CARTESIAN_POINT ( 'NONE',  ( -7.038459178805544170, -19.38875661563054109, 21.83425157325739008 ) ) ;
#4554 = PLANE ( 'NONE',  #4058 ) ;
#4555 = CARTESIAN_POINT ( 'NONE',  ( -13.01733630468342362, 8.369367668116254322, 25.23157882886225778 ) ) ;
#4556 = CARTESIAN_POINT ( 'NONE',  ( -25.86545857163423534, 15.00000000000000000, 2.445005701234341355 ) ) ;
#4557 = ORIENTED_EDGE ( 'NONE', *, *, #1953, .T. ) ;
#4558 = DIRECTION ( 'NONE',  ( 0.000000000000000000, 2.535365080273794802E-15, -1.000000000000000000 ) ) ;
#4559 = APPLICATION_PROTOCOL_DEFINITION ( 'draft international standard', 'automotive_design', 1998, #2515 ) ;
#4560 = CARTESIAN_POINT ( 'NONE',  ( 17.11071240074754485, 11.00000000000006217, 27.02801363657540534 ) ) ;
#4561 = B_SPLINE_CURVE_WITH_KNOTS ( 'NONE', 3,
 ( #3770, #4698, #651, #4206, #706, #2497, #4262, #3393, #1166, #165, #4407, #1202, #4850 ),
 .UNSPECIFIED., .F., .F.,
 ( 4, 3, 3, 3, 4 ),
 ( 0.000000000000000000, 0.006607043611316525990, 0.01321408729173008043, 0.01982113106267603328, 0.02829930038049557200 ),
 .UNSPECIFIED. ) ;
#4562 = CARTESIAN_POINT ( 'NONE',  ( 6.603246124715727028, -11.97126619529502811, -24.06523630246519829 ) ) ;
#4563 = CARTESIAN_POINT ( 'NONE',  ( 16.69465519589779134, -17.08341545198938860, -22.85146597933421120 ) ) ;
#4564 = CARTESIAN_POINT ( 'NONE',  ( -14.47322229022753604, -14.76204272771907000, -21.96102854309116381 ) ) ;
#4565 = ORIENTED_EDGE ( 'NONE', *, *, #2021, .F. ) ;
#4566 = CARTESIAN_POINT ( 'NONE',  ( 26.12716009652897498, 6.548646098374370617, 2.907399799195605095 ) ) ;
#4567 = CARTESIAN_POINT ( 'NONE',  ( 2.140309816156945821, 15.37073764731410108, -22.81443444943378651 ) ) ;
#4568 = CARTESIAN_POINT ( 'NONE',  ( -7.544260346859628541, -19.66666666666669983, -24.63780225717725259 ) ) ;
#4569 = DIRECTION ( 'NONE',  ( 0.8151277957285530951, 1.729938022788194224E-14, -0.5792811723426805059 ) ) ;
#4570 = CARTESIAN_POINT ( 'NONE',  ( 25.86545857163425310, -14.99999999999999467, 2.445005701234164164 ) ) ;
#4571 =( NAMED_UNIT ( * ) PLANE_ANGLE_UNIT ( ) SI_UNIT ( $, .RADIAN. ) );
#4572 = CARTESIAN_POINT ( 'NONE',  ( 1.831907368127730251, -11.91095501832173653, -24.42292518152338587 ) ) ;
#4573 = ADVANCED_FACE ( 'NONE', ( #3152, #887, #1946, #1913, #3711, #1973 ), #5318, .T. ) ;
#4574 = CARTESIAN_POINT ( 'NONE',  ( -15.99687328326719893, 11.08101905166526358, -23.45436239723564142 ) ) ;
#4575 = CARTESIAN_POINT ( 'NONE',  ( 23.24517420824523128, 6.365692296872249578, -9.043577713055473311 ) ) ;
#4576 = CARTESIAN_POINT ( 'NONE',  ( 28.28322199150787952, -12.09710281626967010, 2.278156601155850947 ) ) ;
#4577 = EDGE_CURVE ( 'NONE', #3533, #5114, #5292, .T. ) ;
#4578 = VERTEX_POINT ( 'NONE', #2649 ) ;
#4579 = CARTESIAN_POINT ( 'NONE',  ( -16.41146925984647709, -14.99999999999999822, 21.04896033993424709 ) ) ;
#4580 = CARTESIAN_POINT ( 'NONE',  ( 26.01473681421127893, -1.413173198736068947, 0.2322262578832079150 ) ) ;
#4581 = SURFACE_STYLE_FILL_AREA ( #472 ) ;
#4582 = CARTESIAN_POINT ( 'NONE',  ( -11.16939195065236845, -10.67032074948102860, 23.80422606396880880 ) ) ;
#4583 = CARTESIAN_POINT ( 'NONE',  ( -23.09769934187114160, 59.00000000000000000, -10.57495240868054509 ) ) ;
#4584 = CARTESIAN_POINT ( 'NONE',  ( -4.628573982581673185, -19.99999999999996803, -9.480970566741165229 ) ) ;
#4585 = ORIENTED_EDGE ( 'NONE', *, *, #263, .T. ) ;
#4586 = CARTESIAN_POINT ( 'NONE',  ( 21.78873170949186289, 14.99999999999997158, -11.63465821723433180 ) ) ;
#4587 = CARTESIAN_POINT ( 'NONE',  ( 2.008039984478092367E-13, 44.00000000000027711, -2.045055611120745813E-13 ) ) ;
#4588 = CARTESIAN_POINT ( 'NONE',  ( 13.56757232633691501, -5.000000000000052403, 25.17163048293884842 ) ) ;
#4589 = AXIS2_PLACEMENT_3D ( 'NONE', #850, #3975, #1774 ) ;
#4590 = CARTESIAN_POINT ( 'NONE',  ( -20.71624098705753170, -17.37359979703945712, -9.820700184477891170 ) ) ;
#4591 = CARTESIAN_POINT ( 'NONE',  ( 25.86545857163425310, -15.00000000000000000, 2.445005701234160611 ) ) ;
#4592 = CARTESIAN_POINT ( 'NONE',  ( -11.58237864473882972, 5.000000000000050626, 24.11144001947937454 ) ) ;
#4593 = VERTEX_POINT ( 'NONE', #3255 ) ;
#4594 = B_SPLINE_CURVE_WITH_KNOTS ( 'NONE', 3,
 ( #1283, #3076, #4844, #2632, #406, #5732, #1763, #1313, #3103, #4873, #870, #4432, #437 ),
 .UNSPECIFIED., .F., .F.,
 ( 4, 3, 3, 3, 4 ),
 ( 0.000000000000000000, 0.006607043611316518184, 0.01321408729173007522, 0.01982113106267602981, 0.02829930038049556507 ),
 .UNSPECIFIED. ) ;
#4595 = CARTESIAN_POINT ( 'NONE',  ( 23.45711088851513892, -2.451179437644863235, 8.467581419171263946 ) ) ;
#4596 = CARTESIAN_POINT ( 'NONE',  ( 6.428346811605533340, -14.99999999999998046, -21.99264325336352499 ) ) ;
#4597 = CARTESIAN_POINT ( 'NONE',  ( -23.68066339900342498, -17.00000000000001421, 7.051737807494131260 ) ) ;
#4598 = CARTESIAN_POINT ( 'NONE',  ( -21.78873170949177762, 15.00000000000001066, 11.63465821723448990 ) ) ;
#4599 = CARTESIAN_POINT ( 'NONE',  ( 10.49532622204778143, 15.37073764731419345, -24.01869943744656410 ) ) ;
#4600 = CARTESIAN_POINT ( 'NONE',  ( 13.73146817132478148, -14.57088525677534285, 23.03152134749080915 ) ) ;
#4601 = CARTESIAN_POINT ( 'NONE',  ( -5.048219604315173470, 1.787031032882238080, -24.42493750108645756 ) ) ;
#4602 = CARTESIAN_POINT ( 'NONE',  ( 0.3863980772497894178, -2.511679878575268088, -24.47280031911819975 ) ) ;
#4603 = PLANE ( 'NONE',  #1748 ) ;
#4604 = CARTESIAN_POINT ( 'NONE',  ( -14.88872564765620865, -16.58239986469302352, 21.86008155149247756 ) ) ;
#4605 = VERTEX_POINT ( 'NONE', #1050 ) ;
#4606 = CARTESIAN_POINT ( 'NONE',  ( -16.20098589366924458, 1.848242923946278315, 20.70370942446061946 ) ) ;
#4607 = CARTESIAN_POINT ( 'NONE',  ( -12.97316848777195020, -58.99999999999955236, -34.36898164606954964 ) ) ;
#4608 = EDGE_CURVE ( 'NONE', #1100, #1411, #1781, .T. ) ;
#4609 = FACE_OUTER_BOUND ( 'NONE', #1533, .T. ) ;
#4610 = CARTESIAN_POINT ( 'NONE',  ( -5.308560872750279103, -59.00000000000003553, -21.76568646714895650 ) ) ;
#4611 = CARTESIAN_POINT ( 'NONE',  ( -0.8246162924845482634, 19.66666666666628416, -24.35002165773707361 ) ) ;
#4612 = MECHANICAL_DESIGN_GEOMETRIC_PRESENTATION_REPRESENTATION (  '', ( #4700 ), #1926 ) ;
#4613 = ORIENTED_EDGE ( 'NONE', *, *, #550, .F. ) ;
#4614 = CARTESIAN_POINT ( 'NONE',  ( -10.76553742650295931, 14.99999999999992362, -23.59388571724805672 ) ) ;
#4615 =( NAMED_UNIT ( * ) PLANE_ANGLE_UNIT ( ) SI_UNIT ( $, .RADIAN. ) );
#4616 = CARTESIAN_POINT ( 'NONE',  ( 10.42977133533006473, -14.99999999999998401, -1.591342166965980409 ) ) ;
#4617 = AXIS2_PLACEMENT_3D ( 'NONE', #1854, #4521, #530 ) ;
#4618 = CARTESIAN_POINT ( 'NONE',  ( -15.83201434797851270, -14.99999999999999112, -16.56343326986882758 ) ) ;
#4619 = CARTESIAN_POINT ( 'NONE',  ( 26.26125634803510422, 5.000000000000060396, -0.4329837438543264194 ) ) ;
#4620 = AXIS2_PLACEMENT_3D ( 'NONE', #662, #5519, #4245 ) ;
#4621 = CARTESIAN_POINT ( 'NONE',  ( -12.06030223442950167, 5.000000000000050626, 23.33225548192775634 ) ) ;
#4622 = EDGE_LOOP ( 'NONE', ( #1459, #1588, #5018, #1088 ) ) ;
#4623 = CARTESIAN_POINT ( 'NONE',  ( 19.76152048816397055, -17.40483221751023635, 14.50014092731881732 ) ) ;
#4624 = CARTESIAN_POINT ( 'NONE',  ( 7.313150441042033378, -14.31237851838756470, 25.26243443074745798 ) ) ;
#4625 = CARTESIAN_POINT ( 'NONE',  ( -19.54291885319084443, -17.00000000000002842, 16.39937295133256612 ) ) ;
#4626 = CARTESIAN_POINT ( 'NONE',  ( 2.227671861124496999, 59.00000000000052580, 23.56630669860017235 ) ) ;
#4627 = CARTESIAN_POINT ( 'NONE',  ( 10.77861462206626264, 15.24715843154279682, -23.63945342814878359 ) ) ;
#4628 = CARTESIAN_POINT ( 'NONE',  ( 12.00662617061004944, -13.36578691684652043, 25.66452676384600551 ) ) ;
#4629 = CARTESIAN_POINT ( 'NONE',  ( 22.08854639860092561, 11.00000000000006040, 25.39137590878978656 ) ) ;
#4630 = CARTESIAN_POINT ( 'NONE',  ( 3.097327369589216506, 10.83469263770128244, -24.75800252480753016 ) ) ;
#4631 = CARTESIAN_POINT ( 'NONE',  ( -16.42774641602356311, 15.12357921577137176, -21.03614547520710332 ) ) ;
#4632 = CARTESIAN_POINT ( 'NONE',  ( -16.64193138953007178, -17.23380960210320367, 23.00389744062950470 ) ) ;
#4633 = CARTESIAN_POINT ( 'NONE',  ( 28.21373520409818525, -16.18818154677953913, 3.008915150917756076 ) ) ;
#4634 = VERTEX_POINT ( 'NONE', #4920 ) ;
#4635 = CARTESIAN_POINT ( 'NONE',  ( -11.21394590518181822, 15.37073764731424319, 23.69171974743254339 ) ) ;
#4636 = CARTESIAN_POINT ( 'NONE',  ( 26.63591173963172309, -17.37359979703947133, 1.727133140027088398 ) ) ;
#4637 = LINE ( 'NONE', #645, #3763 ) ;
#4638 = CARTESIAN_POINT ( 'NONE',  ( 14.88517149630175673, -5.313144938101991066, -24.18210134866639294 ) ) ;
#4639 = CARTESIAN_POINT ( 'NONE',  ( -9.768244910825846006, -18.38117820633497601, -24.58283726689937509 ) ) ;
#4640 = VERTEX_POINT ( 'NONE', #5023 ) ;
#4641 = CARTESIAN_POINT ( 'NONE',  ( -24.20337444348676570, -19.66666666666676733, 2.651680862085492585 ) ) ;
#4642 = PRODUCT_CONTEXT ( 'NONE', #2810, 'mechanical' ) ;
#4643 = FACE_BOUND ( 'NONE', #268, .T. ) ;
#4644 = CARTESIAN_POINT ( 'NONE',  ( 16.41144034544833730, -15.00000000000000711, -21.04896307314950121 ) ) ;
#4645 = CARTESIAN_POINT ( 'NONE',  ( -26.02019436661125695, -4.999999999999880984, -0.8199129144714956130 ) ) ;
#4646 = CARTESIAN_POINT ( 'NONE',  ( -11.82134043958416569, 5.000000000000050626, 23.72184775070356721 ) ) ;
#4647 = ADVANCED_FACE ( 'NONE', ( #2413 ), #1884, .F. ) ;
#4648 = ORIENTED_EDGE ( 'NONE', *, *, #1077, .T. ) ;
#4649 = EDGE_CURVE ( 'NONE', #5460, #2683, #3280, .T. ) ;
#4650 = CARTESIAN_POINT ( 'NONE',  ( 21.00086038859356208, -2.511680059636802742, 12.57104299096228139 ) ) ;
#4651 = EDGE_CURVE ( 'NONE', #5279, #629, #4737, .T. ) ;
#4652 = VECTOR ( 'NONE', #2610, 1000.000000000000000 ) ;
#4653 = CARTESIAN_POINT ( 'NONE',  ( 14.42471295653050944, 0.6487581746648196646, 24.45938511692818551 ) ) ;
#4654 = CARTESIAN_POINT ( 'NONE',  ( 15.15539622234344108, -15.79119993234646913, -21.10275020287942738 ) ) ;
#4655 = CARTESIAN_POINT ( 'NONE',  ( 2.227671861124489894, -59.00000000000000000, -23.56630669860016525 ) ) ;
#4656 = CARTESIAN_POINT ( 'NONE',  ( -23.30007359964672631, -5.430477881725886746, -8.907413229774423513 ) ) ;
#4657 = CARTESIAN_POINT ( 'NONE',  ( -16.68622727508169135, 15.00000000000003020, 18.81587173320368933 ) ) ;
#4658 = CARTESIAN_POINT ( 'NONE',  ( 13.40593644942870810, -4.616771696286053661, 24.96670096978924036 ) ) ;
#4659 = CARTESIAN_POINT ( 'NONE',  ( 28.19294665408635581, -14.16681410330438418, 2.515945260866141897 ) ) ;
#4660 = CARTESIAN_POINT ( 'NONE',  ( 17.38417743607257648, -20.56725362047054162, -22.46390311274766205 ) ) ;
#4661 = CARTESIAN_POINT ( 'NONE',  ( -18.75626985942174940, -18.77606599262427167, 18.45841925627913938 ) ) ;
#4662 = CARTESIAN_POINT ( 'NONE',  ( -14.70277541688275846, -16.58239986469302352, 22.27619280083532516 ) ) ;
#4663 = ORIENTED_EDGE ( 'NONE', *, *, #3619, .T. ) ;
#4664 = CARTESIAN_POINT ( 'NONE',  ( -11.23231722932276710, 15.24715843154282702, 23.68299340668583852 ) ) ;
#4665 = CARTESIAN_POINT ( 'NONE',  ( 26.38461664258438333, -15.79119993234649044, 1.832987248358745713 ) ) ;
#4666 = CARTESIAN_POINT ( 'NONE',  ( 19.29518434380090497, -59.00000000000108002, 13.71237377232966281 ) ) ;
#4667 = CARTESIAN_POINT ( 'NONE',  ( 1.605770749131177233, -20.00000000000008527, 24.92602349465781231 ) ) ;
#4668 = CARTESIAN_POINT ( 'NONE',  ( -28.16206988475957118, -15.66672226596006112, -2.781125987304438940 ) ) ;
#4669 = EDGE_LOOP ( 'NONE', ( #2465, #4383, #3995, #1956, #54, #1472 ) ) ;
#4670 = CARTESIAN_POINT ( 'NONE',  ( 17.96123473073370747, 14.99999999999995381, -17.02012891631646951 ) ) ;
#4671 = APPLICATION_PROTOCOL_DEFINITION ( 'draft international standard', 'automotive_design', 1998, #2810 ) ;
#4672 = CARTESIAN_POINT ( 'NONE',  ( -20.03774163084237969, -59.00000000000000711, -5.856938206129584934 ) ) ;
#4673 = EDGE_CURVE ( 'NONE', #5596, #873, #2384, .T. ) ;
#4674 = CARTESIAN_POINT ( 'NONE',  ( 12.26415482619360731, -13.10202449673625580, 25.60460666187349688 ) ) ;
#4675 = CARTESIAN_POINT ( 'NONE',  ( -25.85978248126653156, 15.37073764731411885, 2.505256100026900246 ) ) ;
#4676 = CARTESIAN_POINT ( 'NONE',  ( -22.32089337154670261, -16.58239986469301286, 5.210146446255101260 ) ) ;
#4677 = EDGE_LOOP ( 'NONE', ( #5106, #4203, #1881, #2435 ) ) ;
#4678 = CARTESIAN_POINT ( 'NONE',  ( 21.89150302890705291, 9.405403399082842952, 10.96864725411116837 ) ) ;
#4679 = EDGE_CURVE ( 'NONE', #1895, #657, #281, .T. ) ;
#4680 = CARTESIAN_POINT ( 'NONE',  ( 13.96223964188306788, -2.332193152563691196, 24.72068692567466641 ) ) ;
#4681 = CARTESIAN_POINT ( 'NONE',  ( 9.338523372371573927, -19.38875661563039898, 25.01112280097542495 ) ) ;
#4682 = LINE ( 'NONE', #5065, #4813 ) ;
#4683 = CARTESIAN_POINT ( 'NONE',  ( 16.41145296836577572, 14.99999999999999822, 21.04896187993228907 ) ) ;
#4684 = LINE ( 'NONE', #1095, #4148 ) ;
#4685 = CARTESIAN_POINT ( 'NONE',  ( 8.335995581849811487, 7.796406696358491040, -24.93382387213559426 ) ) ;
#4686 = DIRECTION ( 'NONE',  ( -0.8151277957285515408, 1.729938022788348525E-14, -0.5792811723426827264 ) ) ;
#4687 = CARTESIAN_POINT ( 'NONE',  ( -18.86309633623712045, -17.37359979703952817, 13.03044087347331192 ) ) ;
#4688 = ORIENTED_EDGE ( 'NONE', *, *, #2850, .T. ) ;
#4689 = CARTESIAN_POINT ( 'NONE',  ( -18.40980273944412815, -15.88393167735547706, 18.78643517759309134 ) ) ;
#4690 = CARTESIAN_POINT ( 'NONE',  ( 26.65751966856210586, -15.00000000000000000, 1.330467465147270989 ) ) ;
#4691 = VECTOR ( 'NONE', #2815, 1000.000000000000000 ) ;
#4692 = CARTESIAN_POINT ( 'NONE',  ( 11.78061893396766813, 14.99999999999992895, -25.73066422110565199 ) ) ;
#4693 = CARTESIAN_POINT ( 'NONE',  ( -5.038281038735953565, 5.000000000000042633, -22.35368190093765151 ) ) ;
#4694 = CARTESIAN_POINT ( 'NONE',  ( 18.75628049149218057, -18.77606630039771218, -18.45839462667280628 ) ) ;
#4695 = CARTESIAN_POINT ( 'NONE',  ( -28.28578168036395724, -6.333455004775494501, -1.126276764885822512 ) ) ;
#4696 = ORIENTED_EDGE ( 'NONE', *, *, #3643, .F. ) ;
#4697 = DIRECTION ( 'NONE',  ( 0.4640957884091280738, 1.805606327486348800E-15, -0.8857850186026571260 ) ) ;
#4698 = CARTESIAN_POINT ( 'NONE',  ( -17.30785495250944450, 14.99999999999993250, -21.06426063961144024 ) ) ;
#4699 = CARTESIAN_POINT ( 'NONE',  ( -15.70801217734196165, -5.613327499355570183, -21.08365066431549550 ) ) ;
#4700 = STYLED_ITEM ( 'NONE', ( #2023 ), #1305 ) ;
#4701 = CARTESIAN_POINT ( 'NONE',  ( 14.61690688312140018, 1.908310655210424311, 24.34360545587311009 ) ) ;
#4702 = CARTESIAN_POINT ( 'NONE',  ( -13.71929715842277631, 5.000000000000044409, -22.12280670378020631 ) ) ;
#4703 = CARTESIAN_POINT ( 'NONE',  ( 26.43465691739218926, -15.00000000000000000, 3.688242715276417893 ) ) ;
#4704 = CARTESIAN_POINT ( 'NONE',  ( -20.84873645980627543, 14.99999999999999467, 9.504219485551692159 ) ) ;
#4705 = ORIENTED_EDGE ( 'NONE', *, *, #4365, .T. ) ;
#4706 = CARTESIAN_POINT ( 'NONE',  ( 13.64830451978540360, -2.693713346151273669, 24.89537415883468796 ) ) ;
#4707 = AXIS2_PLACEMENT_3D ( 'NONE', #611, #5182, #3845 ) ;
#4708 = CARTESIAN_POINT ( 'NONE',  ( 12.31894821801002671, -12.76621725717567379, 25.58010898592836568 ) ) ;
#4709 = LINE ( 'NONE', #277, #3236 ) ;
#4710 = CARTESIAN_POINT ( 'NONE',  ( -23.09769934187112739, -59.00000000000054001, 10.57495240868052022 ) ) ;
#4711 = CARTESIAN_POINT ( 'NONE',  ( 16.46044679047922799, 15.37073764731424319, 21.01050184289107392 ) ) ;
#4712 = CARTESIAN_POINT ( 'NONE',  ( 16.21664770369011421, -7.037335697967620263, 20.11553788090891004 ) ) ;
#4713 = EDGE_CURVE ( 'NONE', #457, #1025, #707, .T. ) ;
#4714 = CARTESIAN_POINT ( 'NONE',  ( 16.07908101835035453, -11.63584773685774643, -23.39853890111416845 ) ) ;
#4715 = CARTESIAN_POINT ( 'NONE',  ( -11.82221452396238170, -17.37359979703941093, -23.93094277098668243 ) ) ;
#4716 = LINE ( 'NONE', #1514, #5449 ) ;
#4717 = CARTESIAN_POINT ( 'NONE',  ( -17.77966294506245148, -4.999999999999951150, 14.45351337505055689 ) ) ;
#4718 = EDGE_LOOP ( 'NONE', ( #889, #2061, #1628, #3731 ) ) ;
#4719 = CARTESIAN_POINT ( 'NONE',  ( -17.15715073722258310, 15.42357379765901548, 18.13456231267074514 ) ) ;
#4720 = CARTESIAN_POINT ( 'NONE',  ( 20.71624098705758144, -17.37359979703945356, 9.820700184478003081 ) ) ;
#4721 = CARTESIAN_POINT ( 'NONE',  ( -23.72048138258305627, 14.99999999999996625, -7.044821101992376100 ) ) ;
#4722 = CARTESIAN_POINT ( 'NONE',  ( -2.193472712272560354, -15.00000000000001776, -22.80764515377490653 ) ) ;
#4723 = DIRECTION ( 'NONE',  ( 4.064784181921418638E-16, -1.000000000000000000, 2.538572003884065318E-15 ) ) ;
#4724 = CARTESIAN_POINT ( 'NONE',  ( 16.54859330454585020, -0.8799108765837684309, -20.42490419272859015 ) ) ;
#4725 = ORIENTED_EDGE ( 'NONE', *, *, #588, .T. ) ;
#4726 = CARTESIAN_POINT ( 'NONE',  ( 45.58542902264171204, 23.00000000000003553, 11.46554232566845322 ) ) ;
#4727 = CARTESIAN_POINT ( 'NONE',  ( -19.26365313150085612, 19.66666666666645114, 12.02329030024517742 ) ) ;
#4728 = ADVANCED_BREP_SHAPE_REPRESENTATION ( '', ( #3171, #2313 ), #5361 ) ;
#4729 = CARTESIAN_POINT ( 'NONE',  ( 15.64721249636665590, 8.730218153655622260, 23.69016107957961026 ) ) ;
#4730 = CARTESIAN_POINT ( 'NONE',  ( -26.05744436939221131, -20.39633502492598893, -2.958723307835104066 ) ) ;
#4731 = CARTESIAN_POINT ( 'NONE',  ( 26.21148995741254240, -16.58239986469293825, 3.534994435641599875 ) ) ;
#4732 = ORIENTED_EDGE ( 'NONE', *, *, #100, .F. ) ;
#4733 = CARTESIAN_POINT ( 'NONE',  ( 12.06030887507860783, 5.000000000000047073, -23.33224465532045500 ) ) ;
#4734 = CARTESIAN_POINT ( 'NONE',  ( -26.39352023059412744, 15.00000000000000178, 1.701950762410780804 ) ) ;
#4735 = ORIENTED_EDGE ( 'NONE', *, *, #5429, .F. ) ;
#4736 = CARTESIAN_POINT ( 'NONE',  ( 15.70799629588076307, -5.613327887304211394, 21.08367625478308582 ) ) ;
#4737 = B_SPLINE_CURVE_WITH_KNOTS ( 'NONE', 3,
 ( #1494, #26, #3282, #5051 ),
 .UNSPECIFIED., .F., .F.,
 ( 4, 4 ),
 ( -0.1179999999999999938, 0.000000000000000000 ),
 .UNSPECIFIED. ) ;
#4738 = CARTESIAN_POINT ( 'NONE',  ( 0.07189508131833448334, 0.4675987546542649254, 24.47836729923213994 ) ) ;
#4739 = CARTESIAN_POINT ( 'NONE',  ( 10.79695342910838285, 15.12357921577139841, -23.63105024116755715 ) ) ;
#4740 = CARTESIAN_POINT ( 'NONE',  ( 25.61454936028525964, 14.99999999999998224, -6.257148363701390714 ) ) ;
#4741 = CARTESIAN_POINT ( 'NONE',  ( -22.09957931781633889, 12.38465715065373374, -10.55981973552632347 ) ) ;
#4742 = CARTESIAN_POINT ( 'NONE',  ( -25.42223408688403552, -17.24608725768386819, -6.768700430091069364 ) ) ;
#4743 = CARTESIAN_POINT ( 'NONE',  ( 11.72281665807205719, -14.99999999999999822, 23.70843336953262082 ) ) ;
#4744 = DIRECTION ( 'NONE',  ( 0.09410831331852129167, 2.537836196336460271E-15, 0.9955619646030794412 ) ) ;
#4745 = B_SPLINE_CURVE_WITH_KNOTS ( 'NONE', 3,
 ( #5105, #4668, #674, #3364, #5132, #4695, #1616, #2607, #2578, #3505 ),
 .UNSPECIFIED., .F., .F.,
 ( 4, 2, 2, 2, 4 ),
 ( 0.000000000000000000, 0.004062703180758421226, 0.008125406361516842452, 0.01625081272303369184, 0.03250162544606738368 ),
 .UNSPECIFIED. ) ;
#4746 = CARTESIAN_POINT ( 'NONE',  ( 26.43464644911064809, 15.00000000000000000, -3.688219850566508029 ) ) ;
#4747 = CARTESIAN_POINT ( 'NONE',  ( -28.38471596168363575, 3.629542858787720760, 0.7948485189744267654 ) ) ;
#4748 = CARTESIAN_POINT ( 'NONE',  ( -22.33834500884665886, -15.91718680319508650, 10.07056262136075375 ) ) ;
#4749 = CARTESIAN_POINT ( 'NONE',  ( -11.82134043958416569, 5.000000000000050626, 23.72184775070356721 ) ) ;
#4750 = VERTEX_POINT ( 'NONE', #2957 ) ;
#4751 = CARTESIAN_POINT ( 'NONE',  ( -23.63785951366775961, -1.061484868586634711, 7.947429961273616783 ) ) ;
#4752 = CARTESIAN_POINT ( 'NONE',  ( 18.68772489810616477, 15.37073764731425030, 13.26077989747795449 ) ) ;
#4753 = EDGE_CURVE ( 'NONE', #851, #1141, #528, .T. ) ;
#4754 = CARTESIAN_POINT ( 'NONE',  ( -16.27534765965927122, -14.16682716568351275, 23.15783393088993236 ) ) ;
#4755 = CARTESIAN_POINT ( 'NONE',  ( 7.178529841700429515, -20.39633502492601025, -21.79788773468880336 ) ) ;
#4756 = CYLINDRICAL_SURFACE ( 'NONE', #2952, 1.399999999999998579 ) ;
#4757 = PLANE ( 'NONE',  #399 ) ;
#4758 = ORIENTED_EDGE ( 'NONE', *, *, #3827, .T. ) ;
#4759 = FACE_OUTER_BOUND ( 'NONE', #2053, .T. ) ;
#4760 = CARTESIAN_POINT ( 'NONE',  ( -17.56483251191346184, 19.66666666666636232, -18.85242229899299460 ) ) ;
#4761 = CARTESIAN_POINT ( 'NONE',  ( 11.26905023947206530, 15.00000000000000355, -23.66553981412056373 ) ) ;
#4762 = CARTESIAN_POINT ( 'NONE',  ( -26.67230881888797711, 5.000000000000060396, 2.025085715649545648 ) ) ;
#4763 = ORIENTED_EDGE ( 'NONE', *, *, #511, .T. ) ;
#4764 = CARTESIAN_POINT ( 'NONE',  ( 25.86356654151169110, 15.12357921577139841, -2.465089167498354161 ) ) ;
#4765 = CARTESIAN_POINT ( 'NONE',  ( -20.84183587795850201, 15.12357921577138953, 9.520697841019753582 ) ) ;
#4766 = ORIENTED_EDGE ( 'NONE', *, *, #4365, .F. ) ;
#4767 = CARTESIAN_POINT ( 'NONE',  ( 11.49520655289538063, -16.10497020808226054, 25.95906273226325212 ) ) ;
#4768 = CARTESIAN_POINT ( 'NONE',  ( 0.9884526487840850084, 6.426140554106791747, 24.45969658228617405 ) ) ;
#4769 = CARTESIAN_POINT ( 'NONE',  ( 18.03890397756580199, -1.000000000000013101, 25.25644359937006556 ) ) ;
#4770 = CARTESIAN_POINT ( 'NONE',  ( -20.01954777119980378, -14.42954144453437415, -14.12044842324722183 ) ) ;
#4771 = CARTESIAN_POINT ( 'NONE',  ( -25.80945201400633593, -6.336141495371789389, -5.011815774263428835 ) ) ;
#4772 = CARTESIAN_POINT ( 'NONE',  ( 6.445525135414047035, 15.12357921577141795, 21.98818156607040919 ) ) ;
#4773 = CARTESIAN_POINT ( 'NONE',  ( 26.33291561335986586, -20.39633502492586459, 2.595506407814285321 ) ) ;
#4774 = AXIS2_PLACEMENT_3D ( 'NONE', #4091, #4442, #3176 ) ;
#4775 = CARTESIAN_POINT ( 'NONE',  ( -15.97403531481682215, 15.12357921577137354, -21.07941734136110412 ) ) ;
#4776 = CARTESIAN_POINT ( 'NONE',  ( -21.61158689841153802, -5.490958398601738288, 11.50210042009912925 ) ) ;
#4777 = CARTESIAN_POINT ( 'NONE',  ( -15.26062610920310725, -16.58239986469302352, 21.02785905280677881 ) ) ;
#4778 = CARTESIAN_POINT ( 'NONE',  ( -15.11632627884781854, 10.03196255795396752, 21.51352504432082924 ) ) ;
#4779 = CARTESIAN_POINT ( 'NONE',  ( 15.83201434797862994, -15.00000000000000000, 16.56343326986883824 ) ) ;
#4780 = CARTESIAN_POINT ( 'NONE',  ( -13.64574640651905568, 3.333237074946288292, 24.82036396247878685 ) ) ;
#4781 = CARTESIAN_POINT ( 'NONE',  ( -10.31327534059406226, -18.38117820633496535, -23.85207394759890320 ) ) ;
#4782 = CARTESIAN_POINT ( 'NONE',  ( -4.628573982581674962, -6.999999999999960920, -11.58097056674113290 ) ) ;
#4783 = CARTESIAN_POINT ( 'NONE',  ( 20.65137506665463718, -18.83252712038284571, -14.05917938711907489 ) ) ;
#4784 = LINE ( 'NONE', #1736, #495 ) ;
#4785 = VERTEX_POINT ( 'NONE', #1079 ) ;
#4786 = CARTESIAN_POINT ( 'NONE',  ( -20.70702710066435515, 59.00000000000024158, 14.71571819469524200 ) ) ;
#4787 = CARTESIAN_POINT ( 'NONE',  ( 22.03174264627237733, -16.99999999999996803, -10.77698694011517233 ) ) ;
#4788 = MECHANICAL_DESIGN_GEOMETRIC_PRESENTATION_REPRESENTATION (  '', ( #1529 ), #1729 ) ;
#4789 = EDGE_CURVE ( 'NONE', #4197, #1114, #3624, .T. ) ;
#4790 = CARTESIAN_POINT ( 'NONE',  ( 2.362272260959415782, 15.36340347529789163, 24.38713998388493565 ) ) ;
#4791 = CARTESIAN_POINT ( 'NONE',  ( -14.49830300776726233, 15.12357921577137532, -22.40959853315108319 ) ) ;
#4792 = DIRECTION ( 'NONE',  ( -3.773173425613459862E-16, 1.000000000000000000, -2.513482421598778410E-15 ) ) ;
#4793 = EDGE_LOOP ( 'NONE', ( #197, #2922, #5616 ) ) ;
#4794 = CARTESIAN_POINT ( 'NONE',  ( 26.04071146151261473, -15.79119993234646913, 2.988997718990223706 ) ) ;
#4795 = CARTESIAN_POINT ( 'NONE',  ( 25.86545857163425310, -14.99999999999999467, 2.445005701234164164 ) ) ;
#4796 = ORIENTED_EDGE ( 'NONE', *, *, #5322, .T. ) ;
#4797 = CARTESIAN_POINT ( 'NONE',  ( 12.22417243144612264, -11.63584811687517906, 25.62418594859655130 ) ) ;
#4798 = EDGE_CURVE ( 'NONE', #4634, #1330, #2059, .T. ) ;
#4799 = PRODUCT_DEFINITION_SHAPE ( 'NONE', 'NONE',  #5751 ) ;
#4800 = CARTESIAN_POINT ( 'NONE',  ( -7.400743755978600902, 13.75841115176405260, 25.23617148525890741 ) ) ;
#4801 = CARTESIAN_POINT ( 'NONE',  ( 25.84097318153077794, -16.58239986469293825, 2.702160361822801171 ) ) ;
#4802 = ADVANCED_FACE ( 'NONE', ( #5534 ), #4756, .F. ) ;
#4803 = CARTESIAN_POINT ( 'NONE',  ( 11.78061893396766813, 14.99999999999992895, -25.73066422110565199 ) ) ;
#4804 = CARTESIAN_POINT ( 'NONE',  ( -26.18942443132374009, 10.03196261887380025, -2.334355875549632753 ) ) ;
#4805 = CIRCLE ( 'NONE', #2305, 2.100000000000000977 ) ;
#4806 = CARTESIAN_POINT ( 'NONE',  ( -5.038175470074959250, -4.999999999999956479, 22.35354656602875068 ) ) ;
#4807 = VECTOR ( 'NONE', #5104, 1000.000000000000000 ) ;
#4808 = FACE_OUTER_BOUND ( 'NONE', #355, .T. ) ;
#4809 = CARTESIAN_POINT ( 'NONE',  ( -7.544260346859628541, -19.66666666666669983, -24.63780225717725259 ) ) ;
#4810 = CARTESIAN_POINT ( 'NONE',  ( -15.99040509195506488, 15.24715843154274708, -21.06697726115054792 ) ) ;
#4811 = CARTESIAN_POINT ( 'NONE',  ( -17.12441817987647141, -5.370869060142148932, 19.94979290169767694 ) ) ;
#4812 = CARTESIAN_POINT ( 'NONE',  ( -13.29286349792201172, -4.999999999999902300, 22.93160121449596289 ) ) ;
#4813 = VECTOR ( 'NONE', #687, 1000.000000000000000 ) ;
#4814 = CARTESIAN_POINT ( 'NONE',  ( -20.28813201755805196, 11.27270276121565828, 13.71530809076361201 ) ) ;
#4815 = CARTESIAN_POINT ( 'NONE',  ( 20.80457130222350770, -15.79119993234648334, 9.609713051860341082 ) ) ;
#4816 = CARTESIAN_POINT ( 'NONE',  ( 15.05016633548365235, -14.99999999999993605, -21.17764135295217542 ) ) ;
#4817 = CARTESIAN_POINT ( 'NONE',  ( -15.55314076766787323, 15.37073764731412417, -21.09856884802158916 ) ) ;
#4818 = DIRECTION ( 'NONE',  ( 1.003456252704766818E-16, -1.000000000000000000, -2.539663957332261757E-15 ) ) ;
#4819 = CARTESIAN_POINT ( 'NONE',  ( 17.12443071920419158, -5.370869387287740437, -19.94976917369530867 ) ) ;
#4820 = CARTESIAN_POINT ( 'NONE',  ( 18.24466583846776047, -14.52119512662723366, -18.94623614307361237 ) ) ;
#4821 = VERTEX_POINT ( 'NONE', #5079 ) ;
#4822 = CARTESIAN_POINT ( 'NONE',  ( -20.70702710066435159, 59.00000000000000000, 14.71571819469524733 ) ) ;
#4823 = CARTESIAN_POINT ( 'NONE',  ( -15.62127552659393714, 9.666687010762252896, -23.61974250851439550 ) ) ;
#4824 = CARTESIAN_POINT ( 'NONE',  ( 4.627813194158321153, -0.9404748100493472984, 24.50483763513575042 ) ) ;
#4825 = CARTESIAN_POINT ( 'NONE',  ( -26.74857415039083364, -4.999999999999871214, 0.3407210048583436124 ) ) ;
#4826 = ORIENTED_EDGE ( 'NONE', *, *, #2959, .T. ) ;
#4827 = CARTESIAN_POINT ( 'NONE',  ( 20.82803471426300845, 15.37073764731418457, -9.553654551955736096 ) ) ;
#4828 = CARTESIAN_POINT ( 'NONE',  ( -21.87782692589679101, -4.999999999999948486, 6.813585337205807058 ) ) ;
#4829 = ORIENTED_EDGE ( 'NONE', *, *, #799, .F. ) ;
#4830 = CARTESIAN_POINT ( 'NONE',  ( -16.46040897051874552, 15.37073764731412062, -21.01050551385838361 ) ) ;
#4831 = EDGE_CURVE ( 'NONE', #4176, #1114, #1827, .T. ) ;
#4832 = CARTESIAN_POINT ( 'NONE',  ( -12.19449221086380497, -17.52811493583557834, 23.31230470701154189 ) ) ;
#4833 = ADVANCED_FACE ( 'NONE', ( #2900 ), #730, .F. ) ;
#4834 = CARTESIAN_POINT ( 'NONE',  ( 15.79465505864759756, 15.37073764731419878, -16.60137133336637660 ) ) ;
#4835 = CARTESIAN_POINT ( 'NONE',  ( 16.29722006137907542, -14.33339963968707309, -23.13742264178123875 ) ) ;
#4836 = CARTESIAN_POINT ( 'NONE',  ( -17.26131535604089251, -14.48976386748989853, -18.03130309283711341 ) ) ;
#4837 = CARTESIAN_POINT ( 'NONE',  ( -28.24353990528067371, -17.19173784436639352, -2.902912844138176407 ) ) ;
#4838 = CARTESIAN_POINT ( 'NONE',  ( -16.62042577117962594, -16.58239986469302352, 20.88454586409929803 ) ) ;
#4839 = CARTESIAN_POINT ( 'NONE',  ( 12.16890610991183230, 13.70386505202281491, -25.65100655972443988 ) ) ;
#4840 = CARTESIAN_POINT ( 'NONE',  ( -24.36519784789692977, -17.46487971081574386, 5.481213380837946403 ) ) ;
#4841 = CARTESIAN_POINT ( 'NONE',  ( -25.86167451138910067, 15.24715843154279327, 2.485172633762721350 ) ) ;
#4842 = CARTESIAN_POINT ( 'NONE',  ( -23.12650681216966220, 8.484823647083727494, 9.354091936360378057 ) ) ;
#4843 = CARTESIAN_POINT ( 'NONE',  ( 26.23974008260672974, 15.24715843154283235, -3.314608500123726209 ) ) ;
#4844 = CARTESIAN_POINT ( 'NONE',  ( -25.61887496710221157, 14.99999999999999645, 6.251069318337733272 ) ) ;
#4845 = DIRECTION ( 'NONE',  ( 0.000000000000000000, -2.478176394252584099E-15, -1.000000000000000000 ) ) ;
#4846 = CARTESIAN_POINT ( 'NONE',  ( 23.99565605099357413, -8.530661484179933751, -6.832951144363709872 ) ) ;
#4847 = CARTESIAN_POINT ( 'NONE',  ( 20.39377054353766638, 9.908961932241261650, -13.55321555737535988 ) ) ;
#4848 = ORIENTED_EDGE ( 'NONE', *, *, #3173, .T. ) ;
#4849 = CARTESIAN_POINT ( 'NONE',  ( 10.76613118280786097, -18.38117820633505417, 23.90378082588181385 ) ) ;
#4850 = CARTESIAN_POINT ( 'NONE',  ( -28.17371833870864606, 14.99999999999998224, 2.663016841433014203 ) ) ;
#4851 = B_SPLINE_SURFACE_WITH_KNOTS ( 'NONE', 3, 3, ( 
 ( #5146, #2506, #3405, #1148, #2105, #688, #4683, #2945, #3378, #4711 ),
 ( #1670, #5121, #5176, #4743, #4272, #746, #4246, #3925, #3435, #280 ),
 ( #2479, #2537, #2076, #4304, #3841, #5634, #3812, #2568, #1242, #806 ),
 ( #5604, #2915, #5664, #5693, #2163, #312, #1635, #370, #256, #1602 ),
 ( #775, #3872, #5207, #2596, #1214, #3008, #4364, #4772, #4337, #343 ),
 ( #1725, #2137, #1696, #3464, #4806, #5236, #1120, #2047, #5578, #2736 ),
 ( #4040, #4014, #5295, #4510, #3984, #1331, #428, #4392, #3093, #5348 ),
 ( #1362, #2684, #4422, #3157, #858, #1276, #1390, #4923, #398, #4072 ),
 ( #517, #4483, #1843, #486, #5321, #3523, #29, #2283, #2255, #1755 ),
 ( #920, #4838, #1810, #949, #458, #5265, #831, #2312, #890, #3578 ) ),
 .UNSPECIFIED., .F., .F., .F.,
 ( 4, 3, 3, 4 ),
 ( 4, 3, 3, 4 ),
 ( -0.02734811711631747119, -0.02598076211353312487, 0.000000000000000000, 0.001367371366889964194 ),
 ( -0.03237359979703951368, -0.02999999999999999889, 0.000000000000000000, 0.0003707376473142487503 ),
 .UNSPECIFIED. ) ;
#4852 = CARTESIAN_POINT ( 'NONE',  ( -11.49522328961208650, -16.10496982402917965, -25.95903955167807808 ) ) ;
#4853 = CARTESIAN_POINT ( 'NONE',  ( 7.494568076825472325, -13.15702540385618491, 25.20649564297423240 ) ) ;
#4854 = CARTESIAN_POINT ( 'NONE',  ( -14.72181770986727223, 15.37073764731412062, -21.97222580850710827 ) ) ;
#4855 = EDGE_LOOP ( 'NONE', ( #1830, #3941, #5003, #4613, #3106 ) ) ;
#4856 = CARTESIAN_POINT ( 'NONE',  ( 26.23820314929535513, -4.999999999999877431, 1.221656527342113607 ) ) ;
#4857 =( NAMED_UNIT ( * ) SI_UNIT ( $, .STERADIAN. ) SOLID_ANGLE_UNIT ( ) );
#4858 = CARTESIAN_POINT ( 'NONE',  ( -28.49762582636131825, -14.99999999999991651, -29.81417988576407652 ) ) ;
#4859 = CARTESIAN_POINT ( 'NONE',  ( -13.21289208353286071, -4.999999999999888978, -22.97775715030408605 ) ) ;
#4860 = CARTESIAN_POINT ( 'NONE',  ( -3.328908682771085648, 9.345019643077325355, 24.72538937475718512 ) ) ;
#4861 = CARTESIAN_POINT ( 'NONE',  ( 13.56757232633692745, -15.00000000000005329, 25.17163048293880578 ) ) ;
#4862 = CARTESIAN_POINT ( 'NONE',  ( -22.93037115479497956, -11.85064353025867234, -9.844664008976630853 ) ) ;
#4863 = VERTEX_POINT ( 'NONE', #2989 ) ;
#4864 = CARTESIAN_POINT ( 'NONE',  ( 20.67542919205931540, 19.66666666666645114, -12.88914948653472159 ) ) ;
#4865 = EDGE_CURVE ( 'NONE', #2543, #2694, #5422, .T. ) ;
#4866 = CARTESIAN_POINT ( 'NONE',  ( 26.36685132191416159, -17.37359979703947133, 2.095001324057102821 ) ) ;
#4867 = CARTESIAN_POINT ( 'NONE',  ( -15.53673249063897899, 15.24715843154274886, -21.11062902776835060 ) ) ;
#4868 = CARTESIAN_POINT ( 'NONE',  ( -22.43824307599237500, -17.40483198162666056, 9.863925512981682076 ) ) ;
#4869 = CARTESIAN_POINT ( 'NONE',  ( -15.05016633548350669, -15.00000000000004263, 21.17764135295228556 ) ) ;
#4870 = LINE ( 'NONE', #1848, #2657 ) ;
#4871 = CARTESIAN_POINT ( 'NONE',  ( 14.68773178680619829, 15.12357921577141440, 21.99507005020694805 ) ) ;
#4872 = VECTOR ( 'NONE', #4350, 1000.000000000000000 ) ;
#4873 = CARTESIAN_POINT ( 'NONE',  ( -16.68622727508169135, 15.00000000000003020, 18.81587173320368933 ) ) ;
#4874 = CARTESIAN_POINT ( 'NONE',  ( 54.10640309490599265, 11.00000000000003553, 10.28528775151849750 ) ) ;
#4875 = CARTESIAN_POINT ( 'NONE',  ( 19.65889999995440363, -8.409817505437885643, -15.36203870056377241 ) ) ;
#4876 = CARTESIAN_POINT ( 'NONE',  ( 21.05633261569147763, 1.726576317502573898, -12.48258699985652065 ) ) ;
#4877 = ORIENTED_EDGE ( 'NONE', *, *, #2424, .T. ) ;
#4878 = CARTESIAN_POINT ( 'NONE',  ( 15.55315337432148226, 15.37073764731424319, 21.09856762436574229 ) ) ;
#4879 = CARTESIAN_POINT ( 'NONE',  ( 11.44262072106253747, -17.08342612044978281, 25.88372927491032272 ) ) ;
#4880 = CARTESIAN_POINT ( 'NONE',  ( 10.24620158141142490, 4.576219814588116108, 24.21124847726282781 ) ) ;
#4881 = CARTESIAN_POINT ( 'NONE',  ( -16.83965145582176604, -4.999999999999955591, -15.53996122882297648 ) ) ;
#4882 = ORIENTED_EDGE ( 'NONE', *, *, #4608, .F. ) ;
#4883 = CARTESIAN_POINT ( 'NONE',  ( 26.19477286838237973, -17.37359979703941093, 3.665576464831233672 ) ) ;
#4884 = CARTESIAN_POINT ( 'NONE',  ( -7.240901369595429848, -16.99999999999992539, -25.42560215100210286 ) ) ;
#4885 = VERTEX_POINT ( 'NONE', #1556 ) ;
#4886 = CARTESIAN_POINT ( 'NONE',  ( -16.42774641602356311, 15.12357921577137176, -21.03614547520710332 ) ) ;
#4887 = CARTESIAN_POINT ( 'NONE',  ( 7.223006647813109637, -16.06097097727834822, -23.89956118615985758 ) ) ;
#4888 = CARTESIAN_POINT ( 'NONE',  ( -26.43172530472715565, 15.12357921577137354, 3.708807391684588950 ) ) ;
#4889 = CARTESIAN_POINT ( 'NONE',  ( -20.67542919206485763, -19.66666666666672114, -12.88914948653834713 ) ) ;
#4890 = CARTESIAN_POINT ( 'NONE',  ( -19.45456091706461876, 6.365692451145275932, -15.60911149159209899 ) ) ;
#4891 = CARTESIAN_POINT ( 'NONE',  ( -21.92697458137958577, 9.908967678834921244, -10.89968047825342268 ) ) ;
#4892 = EDGE_LOOP ( 'NONE', ( #2869, #5379, #4877, #4233 ) ) ;
#4893 = CARTESIAN_POINT ( 'NONE',  ( 14.39811021103473543, 19.66666666666644403, -19.63489669431836049 ) ) ;
#4894 = VECTOR ( 'NONE', #1076, 1000.000000000000227 ) ;
#4895 = CARTESIAN_POINT ( 'NONE',  ( 15.08305988932305297, 15.24715843154283057, 21.15428079438603959 ) ) ;
#4896 = B_SPLINE_SURFACE_WITH_KNOTS ( 'NONE', 3, 3, ( 
 ( #5431, #5404, #3151, #915, #3631, #4919, #3234, #4888, #5001, #2790 ),
 ( #568, #3689, #4128, #139, #3119, #4180, #166, #3805, #194, #3319 ),
 ( #3287, #1028, #2389, #3369, #3346, #4264, #1111, #1980, #2819, #2906 ),
 ( #4238, #1952, #2880, #222, #4645, #1470, #3716, #5111, #272, #4675 ),
 ( #4590, #2011, #2067, #680, #2851, #596, #1594, #4155, #3774, #5483 ),
 ( #1500, #5058, #2499, #4618, #2470, #5543, #248, #1057, #2039, #5570 ),
 ( #3261, #3742, #1564, #5087, #5137, #4702, #627, #1137, #709, #4208 ),
 ( #2446, #2933, #3831, #2420, #5512, #5029, #1530, #1086, #653, #5226 ),
 ( #4411, #3940, #2997, #3453, #416, #1232, #388, #360, #1658, #4854 ),
 ( #3027, #2558, #736, #5196, #1714, #3915, #3485, #4791, #764, #5255 ) ),
 .UNSPECIFIED., .F., .F., .F.,
 ( 4, 3, 3, 4 ),
 ( 4, 3, 3, 4 ),
 ( -0.02734811694444261657, -0.02598076211353312487, 0.000000000000000000, 0.001367342549200996436 ),
 ( -0.03237359979703943735, -0.02999999999999999889, 0.000000000000000000, 0.0003707376473141215734 ),
 .UNSPECIFIED. ) ;
#4897 = CARTESIAN_POINT ( 'NONE',  ( -26.20400144517581609, 11.01813623385827690, -2.171688364122735138 ) ) ;
#4898 = CARTESIAN_POINT ( 'NONE',  ( -28.35235514508687871, 9.230067503370275261, 1.495204045705240015 ) ) ;
#4899 = CARTESIAN_POINT ( 'NONE',  ( -26.39352023059412744, 15.00000000000000178, 1.701950762410780804 ) ) ;
#4900 = B_SPLINE_CURVE_WITH_KNOTS ( 'NONE', 3,
 ( #1984, #1117, #4160, #4187 ),
 .UNSPECIFIED., .F., .F.,
 ( 4, 4 ),
 ( 0.0006699136634138402012, 0.009204023827614931860 ),
 .UNSPECIFIED. ) ;
#4901 = CARTESIAN_POINT ( 'NONE',  ( -15.05016633548379801, 14.99999999999993072, -21.17764135295207950 ) ) ;
#4902 = CARTESIAN_POINT ( 'NONE',  ( -14.61751481204769654, 1.908318282829495116, -24.34360053977064098 ) ) ;
#4903 = VECTOR ( 'NONE', #2972, 999.9999999999998863 ) ;
#4904 = CARTESIAN_POINT ( 'NONE',  ( -8.250193540439877182, -8.350974964376145948, -24.96637017292840000 ) ) ;
#4905 = CARTESIAN_POINT ( 'NONE',  ( 19.06169146236131695, -2.451179318526069739, -16.08067151367165692 ) ) ;
#4906 = CARTESIAN_POINT ( 'NONE',  ( 19.85450837284739123, -10.48677229723467974, -15.11466582774267486 ) ) ;
#4907 = ADVANCED_FACE ( 'NONE', ( #702 ), #981, .F. ) ;
#4908 = VERTEX_POINT ( 'NONE', #2804 ) ;
#4909 = CARTESIAN_POINT ( 'NONE',  ( 6.462703459222240099, 15.24715843154283235, 21.98371987877736800 ) ) ;
#4910 = CARTESIAN_POINT ( 'NONE',  ( 1.505184379057149241E-15, -14.99999999999998934, -3.809495935998389637E-14 ) ) ;
#4911 = CARTESIAN_POINT ( 'NONE',  ( 0.2652422804750064755, 1.726512599355469302, 24.47679496949733036 ) ) ;
#4912 = CARTESIAN_POINT ( 'NONE',  ( -10.55126697118561019, -15.00000000000000178, -23.99416669356494936 ) ) ;
#4913 = ORIENTED_EDGE ( 'NONE', *, *, #617, .T. ) ;
#4914 = CARTESIAN_POINT ( 'NONE',  ( -21.52285620492537532, -59.00000000000000000, 9.853932926270525527 ) ) ;
#4915 = CARTESIAN_POINT ( 'NONE',  ( -26.01856118769769211, 5.000000000000060396, 0.8198565093717460339 ) ) ;
#4916 = CARTESIAN_POINT ( 'NONE',  ( -11.78061893396747628, 15.00000000000004796, 25.73066422110573725 ) ) ;
#4917 = UNCERTAINTY_MEASURE_WITH_UNIT (LENGTH_MEASURE( 1.000000000000000082E-05 ), #2303, 'distance_accuracy_value', 'NONE');
#4918 = CARTESIAN_POINT ( 'NONE',  ( 16.94433280074439807, -17.55035103198812507, -22.78239165955562839 ) ) ;
#4919 = CARTESIAN_POINT ( 'NONE',  ( -26.67230881888797711, 5.000000000000060396, 2.025085715649545648 ) ) ;
#4920 = CARTESIAN_POINT ( 'NONE',  ( 17.11071240074754485, -1.000000000000017319, 27.02801363657537692 ) ) ;
#4921 = CARTESIAN_POINT ( 'NONE',  ( -11.48156870357836823, -16.18861954047555329, -25.96524860929620004 ) ) ;
#4922 = ORIENTED_EDGE ( 'NONE', *, *, #4649, .T. ) ;
#4923 = CARTESIAN_POINT ( 'NONE',  ( -11.25068855346371599, 15.12357921577141262, 23.67426706593913011 ) ) ;
#4924 = CARTESIAN_POINT ( 'NONE',  ( 11.26905023947206530, 15.00000000000000355, -23.66553981412056373 ) ) ;
#4925 = CARTESIAN_POINT ( 'NONE',  ( 18.67690451458211953, 15.24715843154283235, 13.27499515439305711 ) ) ;
#4926 = CARTESIAN_POINT ( 'NONE',  ( -25.36359769946809450, -18.77606593974293503, -7.014192810451744364 ) ) ;
#4927 = CARTESIAN_POINT ( 'NONE',  ( 12.12089894215909780, 59.00000000000000711, -16.99701808108649814 ) ) ;
#4928 = CARTESIAN_POINT ( 'NONE',  ( 7.395852653053289316, 14.99999999999993072, -25.31213119705656567 ) ) ;
#4929 = CARTESIAN_POINT ( 'NONE',  ( -25.86882476865313052, 4.333710721990043702, 4.686604503708231562 ) ) ;
#4930 = CARTESIAN_POINT ( 'NONE',  ( -15.64781948032043957, 8.730226048256291449, -23.69012929225942088 ) ) ;
#4931 = ADVANCED_FACE ( 'NONE', ( #2376 ), #154, .F. ) ;
#4932 = CARTESIAN_POINT ( 'NONE',  ( 24.20337444348010791, 19.66666666666643337, 2.651680862085024071 ) ) ;
#4933 = CARTESIAN_POINT ( 'NONE',  ( -16.65284325153310974, 15.55097417135178794, -22.99305030348945778 ) ) ;
#4934 = CARTESIAN_POINT ( 'NONE',  ( 25.49877510995289853, 15.24629261603426933, -6.447780339496190116 ) ) ;
#4935 = CARTESIAN_POINT ( 'NONE',  ( 24.30005337075713356, -16.06069572378698496, -5.714655968282420950 ) ) ;
#4936 = VERTEX_POINT ( 'NONE', #5390 ) ;
#4937 = CARTESIAN_POINT ( 'NONE',  ( -6.898388515910801821, -18.38117820633502575, 21.87061541182585245 ) ) ;
#4938 = CARTESIAN_POINT ( 'NONE',  ( -28.13837638524918106, -16.99999999999998579, -3.017383030321964199 ) ) ;
#4939 =( NAMED_UNIT ( * ) SI_UNIT ( $, .STERADIAN. ) SOLID_ANGLE_UNIT ( ) );
#4940 = ADVANCED_FACE ( 'NONE', ( #1488 ), #930, .T. ) ;
#4941 = CARTESIAN_POINT ( 'NONE',  ( -7.380963855384300665, 13.88415329985120295, 25.24212240521624295 ) ) ;
#4942 = CARTESIAN_POINT ( 'NONE',  ( -15.08305988932289132, 15.24715843154274708, -21.15428079438615327 ) ) ;
#4943 = ORIENTED_EDGE ( 'NONE', *, *, #1669, .F. ) ;
#4944 = CARTESIAN_POINT ( 'NONE',  ( 7.544260377843419185, 19.66666666666638008, -24.63780231803238507 ) ) ;
#4945 = CARTESIAN_POINT ( 'NONE',  ( -15.05016633548381400, 14.99999999999996447, -21.17764135295203332 ) ) ;
#4946 = CARTESIAN_POINT ( 'NONE',  ( 3.566643418895042661, 15.00000000000004974, 24.27189943329518229 ) ) ;
#4947 = PRODUCT ( 'NAMLU_AGIZLIK_1', 'NAMLU_AGIZLIK_1', '', ( #2417 ) ) ;
#4948 = CARTESIAN_POINT ( 'NONE',  ( 4.936246824622097407, -1.061484784026971662, -24.44470185723843514 ) ) ;
#4949 = FACE_OUTER_BOUND ( 'NONE', #3790, .T. ) ;
#4950 = CARTESIAN_POINT ( 'NONE',  ( -11.92767464651340781, -13.46184701105054415, -25.76319397500318331 ) ) ;
#4951 = ORIENTED_EDGE ( 'NONE', *, *, #3643, .T. ) ;
#4952 = CARTESIAN_POINT ( 'NONE',  ( 21.50391784773329817, -59.00000000000000711, 6.285494660236642162 ) ) ;
#4953 = CARTESIAN_POINT ( 'NONE',  ( 12.75565325241397119, 5.000000000000046185, -22.95940700462095307 ) ) ;
#4954 = CARTESIAN_POINT ( 'NONE',  ( 15.38978694565846617, -19.38875661563035990, 17.01261023897410851 ) ) ;
#4955 = CARTESIAN_POINT ( 'NONE',  ( -25.64237764591239710, -11.33122084470524626, -5.818484561941057009 ) ) ;
#4956 = CARTESIAN_POINT ( 'NONE',  ( -28.17371833870864606, 14.99999999999998224, 2.663016841433014203 ) ) ;
#4957 = CARTESIAN_POINT ( 'NONE',  ( -25.85321587658253151, -15.79119993234651531, -2.573583031528309473 ) ) ;
#4958 = FILL_AREA_STYLE ('',( #5387 ) ) ;
#4959 = CARTESIAN_POINT ( 'NONE',  ( 11.58326931489868983, -4.999999999999874767, 24.11314927947720577 ) ) ;
#4960 = CARTESIAN_POINT ( 'NONE',  ( -11.66802676289222340, 13.99943032159470491, -23.56946283809081422 ) ) ;
#4961 = CARTESIAN_POINT ( 'NONE',  ( 26.65753423584100190, 15.00000000000000178, -1.330446966994593305 ) ) ;
#4962 = CYLINDRICAL_SURFACE ( 'NONE', #4617, 2.100000000000000977 ) ;
#4963 = CARTESIAN_POINT ( 'NONE',  ( 21.86771357227168622, -9.183316287107668785, -11.01332801647848569 ) ) ;
#4964 = ORIENTED_EDGE ( 'NONE', *, *, #3868, .F. ) ;
#4965 = CARTESIAN_POINT ( 'NONE',  ( -15.05016633548350313, -14.99999999999999822, 21.17764135295228556 ) ) ;
#4966 = ADVANCED_FACE ( 'NONE', ( #2720 ), #4962, .F. ) ;
#4967 = CARTESIAN_POINT ( 'NONE',  ( -10.81529223615066293, -14.99999999999996447, -23.62264705418625610 ) ) ;
#4968 = CARTESIAN_POINT ( 'NONE',  ( -14.92324880399420550, -3.911151617320676177, 24.15765333032323881 ) ) ;
#4969 = CARTESIAN_POINT ( 'NONE',  ( -22.27453684167782910, 15.37073764731412595, -5.377886858117929769 ) ) ;
#4970 = ORIENTED_EDGE ( 'NONE', *, *, #2982, .T. ) ;
#4971 = LINE ( 'NONE', #2701, #4307 ) ;
#4972 = DIRECTION ( 'NONE',  ( 0.000000000000000000, 2.478176394252582521E-15, -1.000000000000000000 ) ) ;
#4973 = CARTESIAN_POINT ( 'NONE',  ( -20.70702710066436936, -59.00000000000023448, -14.71571819469522424 ) ) ;
#4974 = CARTESIAN_POINT ( 'NONE',  ( 7.165445982950694237, 15.24629261603461394, -25.30647718035368143 ) ) ;
#4975 = CARTESIAN_POINT ( 'NONE',  ( -15.19089481635523597, -5.674519750401774587, 23.99121519809223813 ) ) ;
#4976 = CARTESIAN_POINT ( 'NONE',  ( -18.70161565952817639, -1.061484626103227358, -16.49725532641243575 ) ) ;
#4977 = EDGE_LOOP ( 'NONE', ( #3648, #224, #5304 ) ) ;
#4978 = EDGE_CURVE ( 'NONE', #4482, #2441, #3729, .T. ) ;
#4979 = CARTESIAN_POINT ( 'NONE',  ( 28.34696659359043736, 8.100494688970686141, -1.593784391285314461 ) ) ;
#4980 = VECTOR ( 'NONE', #2992, 1000.000000000000227 ) ;
#4981 = CARTESIAN_POINT ( 'NONE',  ( 6.538337158742418609, -15.79119993234644248, -21.96408858570708844 ) ) ;
#4982 = CARTESIAN_POINT ( 'NONE',  ( 14.87717244960484919, 15.12357921577141440, 21.58051556193797538 ) ) ;
#4983 = CARTESIAN_POINT ( 'NONE',  ( -28.14641056874160796, -20.56725401087057392, -3.823214582819856933 ) ) ;
#4984 = CARTESIAN_POINT ( 'NONE',  ( 10.76027581502414243, 15.37073764731419345, -23.64785661513001003 ) ) ;
#4985 = CARTESIAN_POINT ( 'NONE',  ( 28.41863755542902226, -14.99999999999997868, -3.173490112346220027 ) ) ;
#4986 = FACE_OUTER_BOUND ( 'NONE', #5125, .T. ) ;
#4987 = CARTESIAN_POINT ( 'NONE',  ( -4.395424309571799526, -2.451179318526156337, -24.54824480234167083 ) ) ;
#4988 = DIRECTION ( 'NONE',  ( 0.4640957884091275742, 2.296166267763365037E-15, -0.8857850186026575701 ) ) ;
#4989 = CARTESIAN_POINT ( 'NONE',  ( 28.34557448137217861, -8.655226849671532108, 1.692941120744518191 ) ) ;
#4990 = CARTESIAN_POINT ( 'NONE',  ( 28.31747820557986373, -9.368384713162285493, 1.790718061455547350 ) ) ;
#4991 = ORIENTED_EDGE ( 'NONE', *, *, #414, .F. ) ;
#4992 = CARTESIAN_POINT ( 'NONE',  ( 10.01407704095021600, -20.39633502492609551, 23.98881065309469562 ) ) ;
#4993 = CARTESIAN_POINT ( 'NONE',  ( -33.15598733562781320, 14.99999999999992895, -19.46613736208795231 ) ) ;
#4994 = B_SPLINE_SURFACE_WITH_KNOTS ( 'NONE', 3, 3, ( 
 ( #2654, #2223, #3125, #5748, #544, #1503, #1983, #5407, #1869, #1925, #1473, #1060, #1444, #4979, #3210, #5515, #3693, #5461, #630 ),
 ( #2766, #3322, #2794, #2340, #1005, #3634, #4099, #571, #116, #5032, #658, #5090, #4566, #1896, #2366, #3664, #4185, #4131, #3265 ),
 ( #171, #5435, #3239, #2855, #1534, #5004, #143, #1031, #2822, #4595, #599, #977, #1420, #2392, #4159, #1957, #4539, #3719, #5486 ),
 ( #3291, #5061, #4623, #2425, #2450, #198, #3745, #1089, #2884, #4650, #4211, #1629, #5140, #741, #4678, #3430, #2131, #1692, #3893 ),
 ( #3777, #769, #5659, #3399, #4330, #712, #2590, #4267, #225, #5171, #5548, #1598, #1174, #305, #5202, #252, #3374, #3459, #2015 ),
 ( #5232, #3003, #1237, #4241, #4300, #1568, #5574, #3836, #4736, #683, #5628, #337, #3349, #5115, #275, #5598, #1209, #1142, #1116 ),
 ( #3032, #2070, #2969, #4767, #2532, #2910, #4797, #2936, #2473, #4706, #2043, #3808, #2502, #2099, #3865, #801, #1664, #2563, #5260 ) ),
 .UNSPECIFIED., .F., .F., .F.,
 ( 4, 3, 4 ),
 ( 4, 3, 3, 3, 3, 3, 4 ),
 ( -0.02734807928996491055, -0.01299035407433971924, 0.001367371141285471641 ),
 ( -0.03539633502492579853, -0.03092545094089579200, -0.02645456685686578546, -0.01751279868880577240, -0.008571030520745759329, -0.004100146436715753663, 0.0003707376473142526534 ),
 .UNSPECIFIED. ) ;
#4995 = CARTESIAN_POINT ( 'NONE',  ( -6.188462607392430925, -9.243855557877147078, 24.16788987187356952 ) ) ;
#4996 = CARTESIAN_POINT ( 'NONE',  ( -15.09950666624244064, 15.37073764731412062, -21.14260051510319016 ) ) ;
#4997 = ORIENTED_EDGE ( 'NONE', *, *, #3094, .T. ) ;
#4998 = DIRECTION ( 'NONE',  ( 0.000000000000000000, 2.478176394252587255E-15, 1.000000000000000000 ) ) ;
#4999 = LINE ( 'NONE', #4588, #2647 ) ;
#5000 = CARTESIAN_POINT ( 'NONE',  ( 12.14867829392474263, 13.82960973024482776, -25.66040145017881002 ) ) ;
#5001 = CARTESIAN_POINT ( 'NONE',  ( -26.42878848550800797, 15.24715843154274708, 3.729360695991974062 ) ) ;
#5002 = CARTESIAN_POINT ( 'NONE',  ( -17.38894715660982015, -13.33495820753928385, -17.90303184938679948 ) ) ;
#5003 = ORIENTED_EDGE ( 'NONE', *, *, #1347, .F. ) ;
#5004 = CARTESIAN_POINT ( 'NONE',  ( 22.86891515430552602, -12.87887766221949448, 9.994014134639588320 ) ) ;
#5005 = EDGE_CURVE ( 'NONE', #598, #1266, #1454, .T. ) ;
#5006 = EDGE_CURVE ( 'NONE', #3146, #2441, #3305, .T. ) ;
#5007 = CARTESIAN_POINT ( 'NONE',  ( -2.080030025121815118, -15.79119993234648334, -22.82214378850033043 ) ) ;
#5008 = CARTESIAN_POINT ( 'NONE',  ( 15.18180303544364662, -17.37359979703940382, -21.36991509923397814 ) ) ;
#5009 = CARTESIAN_POINT ( 'NONE',  ( 20.54751046495648836, -20.39633502492581130, 10.22373247272828678 ) ) ;
#5010 = CARTESIAN_POINT ( 'NONE',  ( 17.56483247470329090, -19.66666666666666785, -18.85242224173265413 ) ) ;
#5011 = CARTESIAN_POINT ( 'NONE',  ( 11.82135372088221992, 5.000000000000047073, -23.72182609748906046 ) ) ;
#5012 = CARTESIAN_POINT ( 'NONE',  ( -3.151501911405707901, -10.48685370754456159, -24.75110877083356797 ) ) ;
#5013 = CARTESIAN_POINT ( 'NONE',  ( 13.71929715842294328, 5.000000000000023981, 22.12280670378009617 ) ) ;
#5014 = CARTESIAN_POINT ( 'NONE',  ( -5.995122735885858312, 7.976194042388020655, -24.21480996524215357 ) ) ;
#5015 = CARTESIAN_POINT ( 'NONE',  ( -10.81529223615034496, 15.00000000000001954, 23.62264705418640176 ) ) ;
#5016 = CARTESIAN_POINT ( 'NONE',  ( 28.30326960897846078, -11.63584773685763807, 2.225623180842506432 ) ) ;
#5017 = CARTESIAN_POINT ( 'NONE',  ( 28.34851994515760865, -6.639647823449823960, 1.303288680735051663 ) ) ;
#5018 = ORIENTED_EDGE ( 'NONE', *, *, #4608, .T. ) ;
#5019 = CARTESIAN_POINT ( 'NONE',  ( -12.25254653134267890, 11.45884794527413675, 25.61018819779258493 ) ) ;
#5020 = DIRECTION ( 'NONE',  ( -1.003456252704766818E-16, 1.000000000000000000, 2.539663957332261757E-15 ) ) ;
#5021 = CARTESIAN_POINT ( 'NONE',  ( -16.12997016295754804, 13.70386504945040151, -23.36408531174661363 ) ) ;
#5022 = CARTESIAN_POINT ( 'NONE',  ( 12.29926402927499396, 5.000000000000047073, -22.94266321315185309 ) ) ;
#5023 = CARTESIAN_POINT ( 'NONE',  ( 10.42977133533006651, -14.99999999999997868, -3.691342166965979388 ) ) ;
#5024 = LINE ( 'NONE', #4202, #221 ) ;
#5025 = ORIENTED_EDGE ( 'NONE', *, *, #2481, .F. ) ;
#5026 = CARTESIAN_POINT ( 'NONE',  ( 4.628573982554339494, -7.000000000000020428, 11.58097056679242165 ) ) ;
#5027 = PRODUCT_CONTEXT ( 'NONE', #1922, 'mechanical' ) ;
#5028 = CARTESIAN_POINT ( 'NONE',  ( 20.04430140283774620, 19.66666666666625574, 10.67116783144886760 ) ) ;
#5029 = CARTESIAN_POINT ( 'NONE',  ( -13.50560306036277503, 5.000000000000043521, -22.52642332736122199 ) ) ;
#5030 = CARTESIAN_POINT ( 'NONE',  ( -18.72454127710155092, -15.79119993234651176, 13.21243073664012790 ) ) ;
#5031 = ORIENTED_EDGE ( 'NONE', *, *, #3753, .T. ) ;
#5032 = CARTESIAN_POINT ( 'NONE',  ( 25.92006451930033606, -2.390894442751036575, 4.369971810547738755 ) ) ;
#5033 = CARTESIAN_POINT ( 'NONE',  ( 15.26062610920323515, -16.58239986469293470, -21.02785905280667933 ) ) ;
#5034 = CARTESIAN_POINT ( 'NONE',  ( 12.06030887507860783, 5.000000000000047073, -23.33224465532045500 ) ) ;
#5035 = CARTESIAN_POINT ( 'NONE',  ( -28.13837638524918106, -16.99999999999998579, -3.017383030321964199 ) ) ;
#5036 = CARTESIAN_POINT ( 'NONE',  ( -23.96821342423190870, 7.976194363581694979, -6.915454039425418920 ) ) ;
#5037 = CARTESIAN_POINT ( 'NONE',  ( -15.05013569187205213, 15.00000000000003730, 21.12017175536783498 ) ) ;
#5038 = CARTESIAN_POINT ( 'NONE',  ( 4.628573982554340382, -15.00000000000001421, 9.480970566792398913 ) ) ;
#5039 = CARTESIAN_POINT ( 'NONE',  ( -2.514516490316471842, -14.57823790725598023, -24.83542882846002442 ) ) ;
#5040 = ADVANCED_FACE ( 'NONE', ( #3758 ), #667, .F. ) ;
#5041 = CARTESIAN_POINT ( 'NONE',  ( 22.30080859480222699, 59.00000000000002132, 2.144728874221947912 ) ) ;
#5042 = CARTESIAN_POINT ( 'NONE',  ( 14.73584537330378552, -2.693712983438199871, -24.26746589254667086 ) ) ;
#5043 = LINE ( 'NONE', #4520, #36 ) ;
#5044 = CARTESIAN_POINT ( 'NONE',  ( 23.41068349903480694, 3.386371614922565776, -8.606557557680504900 ) ) ;
#5045 = CARTESIAN_POINT ( 'NONE',  ( -13.07921394881860522, -4.999999999999899636, 23.33530538391476838 ) ) ;
#5046 = EDGE_LOOP ( 'NONE', ( #2027, #5479 ) ) ;
#5047 = CARTESIAN_POINT ( 'NONE',  ( -15.43757408572651890, -9.008006735130926756, 23.82712634112786887 ) ) ;
#5048 = FACE_OUTER_BOUND ( 'NONE', #1073, .T. ) ;
#5049 = PRODUCT_DEFINITION_CONTEXT ( 'detailed design', #1391, 'design' ) ;
#5050 = CARTESIAN_POINT ( 'NONE',  ( -11.92958182036879400, 15.19176188630995128, 25.76217573434436048 ) ) ;
#5051 = CARTESIAN_POINT ( 'NONE',  ( -21.52285620492537532, -59.00000000000052580, 9.853932926270532633 ) ) ;
#5052 = DIRECTION ( 'NONE',  ( -0.9955619646030803294, 1.391032035867509522E-16, -0.09410831331850988413 ) ) ;
#5053 = EDGE_LOOP ( 'NONE', ( #967, #4013, #216, #1948 ) ) ;
#5054 = CARTESIAN_POINT ( 'NONE',  ( 9.588257349585495248, 14.99999999999992895, -25.52117239369520973 ) ) ;
#5055 = CARTESIAN_POINT ( 'NONE',  ( -25.10909288975685172, 19.66666666666632324, 5.785380019039378041 ) ) ;
#5056 = ADVANCED_FACE ( 'NONE', ( #1098 ), #4603, .F. ) ;
#5057 = AXIS2_PLACEMENT_3D ( 'NONE', #5706, #3854, #5615 ) ;
#5058 = CARTESIAN_POINT ( 'NONE',  ( -15.67256586566743337, -16.58239986469295246, -16.72538747179562790 ) ) ;
#5059 = DIRECTION ( 'NONE',  ( 0.000000000000000000, 2.478176394252588832E-15, 1.000000000000000000 ) ) ;
#5060 = VERTEX_POINT ( 'NONE', #4168 ) ;
#5061 = CARTESIAN_POINT ( 'NONE',  ( 19.63230108140574259, -18.89247921308087186, 14.68981258194199491 ) ) ;
#5062 = CLOSED_SHELL ( 'NONE', ( #1021, #3302, #3658, #1368, #869, #1891, #2913, #4647, #5227, #518, #4218, #297, #2451, #170 ) ) ;
#5063 = CARTESIAN_POINT ( 'NONE',  ( 9.636295930912449847, 0.5890809544116041296, 24.45976406200554720 ) ) ;
#5064 = CARTESIAN_POINT ( 'NONE',  ( -28.13837638524918106, -16.99999999999998579, -3.017383030321964199 ) ) ;
#5065 = CARTESIAN_POINT ( 'NONE',  ( -25.86545857163426732, -14.99999999999998579, -2.445005701233981199 ) ) ;
#5066 = DIRECTION ( 'NONE',  ( -1.003456252704766818E-16, 1.000000000000000000, 2.539663957332261757E-15 ) ) ;
#5067 = CARTESIAN_POINT ( 'NONE',  ( 11.39560524540545750, -17.11158270925633573, 25.94335293939312947 ) ) ;
#5068 = CARTESIAN_POINT ( 'NONE',  ( 2.670231746803093831, -17.36276180803150382, -24.36444212895302996 ) ) ;
#5069 = AXIS2_PLACEMENT_3D ( 'NONE', #2646, #1719, #2678 ) ;
#5070 = CARTESIAN_POINT ( 'NONE',  ( -1.446638639136341498, 9.405403579795128977, -24.44292053176177504 ) ) ;
#5071 = CARTESIAN_POINT ( 'NONE',  ( 13.82672660385903285, -20.00000000000004619, 22.34248837598296689 ) ) ;
#5072 = CARTESIAN_POINT ( 'NONE',  ( -15.33412136917367796, -8.294262448850020064, 23.89985867917480888 ) ) ;
#5073 = CARTESIAN_POINT ( 'NONE',  ( 28.37077829715257948, 4.275939671800195185, -0.6434389208294550855 ) ) ;
#5074 = EDGE_LOOP ( 'NONE', ( #3031, #1609 ) ) ;
#5075 = CARTESIAN_POINT ( 'NONE',  ( -17.12405737739678813, -20.39633502492609551, 20.48827045721290574 ) ) ;
#5076 = CARTESIAN_POINT ( 'NONE',  ( 17.11071240074755906, -15.00000000000005684, 27.02801363657532008 ) ) ;
#5077 = EDGE_CURVE ( 'NONE', #3341, #4122, #614, .T. ) ;
#5078 = CARTESIAN_POINT ( 'NONE',  ( 20.70702710066438001, -59.00000000000110845, 14.71571819469523845 ) ) ;
#5079 = CARTESIAN_POINT ( 'NONE',  ( 32.29865374360193186, 11.00000000000000888, 3.104105499531437218 ) ) ;
#5080 = CARTESIAN_POINT ( 'NONE',  ( 8.096279414434599531, 19.66666666666636587, -26.44056830245902390 ) ) ;
#5081 = VERTEX_POINT ( 'NONE', #2078 ) ;
#5082 = CARTESIAN_POINT ( 'NONE',  ( -5.308560872750254234, 59.00000000000000711, 21.76568646714895650 ) ) ;
#5083 = CARTESIAN_POINT ( 'NONE',  ( 26.94634354764437134, 19.66666666666639784, -6.208700502192163739 ) ) ;
#5084 = EDGE_CURVE ( 'NONE', #3627, #2700, #429, .T. ) ;
#5085 = AXIS2_PLACEMENT_3D ( 'NONE', #351, #3960, #2547 ) ;
#5086 = CARTESIAN_POINT ( 'NONE',  ( 16.08624088255105988, -19.38875661563051622, -20.70580309883310122 ) ) ;
#5087 = CARTESIAN_POINT ( 'NONE',  ( -10.81529223615066648, -15.00000000000000178, -23.62264705418625610 ) ) ;
#5088 = CARTESIAN_POINT ( 'NONE',  ( -10.23036190298391546, 15.37073764731418635, 24.38956287147173896 ) ) ;
#5089 = ORIENTED_EDGE ( 'NONE', *, *, #4577, .T. ) ;
#5090 = CARTESIAN_POINT ( 'NONE',  ( 26.06998395132855251, 3.568924990748386428, 3.396953682132314967 ) ) ;
#5091 = CARTESIAN_POINT ( 'NONE',  ( 3.935981180537321045, -5.430477999717770565, 24.63216192213284117 ) ) ;
#5092 = CARTESIAN_POINT ( 'NONE',  ( -19.29518434380086944, 59.00000000000000000, 13.71237377232966281 ) ) ;
#5093 = CARTESIAN_POINT ( 'NONE',  ( -25.61887496710221157, 14.99999999999999645, 6.251069318337733272 ) ) ;
#5094 = CARTESIAN_POINT ( 'NONE',  ( 15.49949669818731834, -15.77471875388106248, 20.42785329882814338 ) ) ;
#5095 = CARTESIAN_POINT ( 'NONE',  ( 12.30003177048246421, -4.999999999999885425, 22.94410579012976825 ) ) ;
#5096 = CARTESIAN_POINT ( 'NONE',  ( 5.625339068993715941, -5.551438713475786990, -24.30230527302944310 ) ) ;
#5097 = CARTESIAN_POINT ( 'NONE',  ( -11.94032336245587089, -16.58239986469293825, -23.87106949774340237 ) ) ;
#5098 = CARTESIAN_POINT ( 'NONE',  ( -18.93423391759938212, -20.26398821304413644, 18.28956195797736584 ) ) ;
#5099 = CARTESIAN_POINT ( 'NONE',  ( 28.37783308742130828, 1.546957791985329234, -0.1574683878483083277 ) ) ;
#5100 = ORIENTED_EDGE ( 'NONE', *, *, #1084, .F. ) ;
#5101 = CARTESIAN_POINT ( 'NONE',  ( -16.24135784536494143, -14.46672624773798965, 23.28707696220284618 ) ) ;
#5102 = CARTESIAN_POINT ( 'NONE',  ( 26.42583607776798615, 15.37073764731425030, -3.749879724673218284 ) ) ;
#5103 = DIRECTION ( 'NONE',  ( -0.9092361090470689744, -3.359721738994011692E-14, -0.4162807922604002120 ) ) ;
#5104 = DIRECTION ( 'NONE',  ( 1.003456252704766942E-16, -1.000000000000000000, -2.539663957332261757E-15 ) ) ;
#5105 = CARTESIAN_POINT ( 'NONE',  ( -28.13837638524918106, -16.99999999999998579, -3.017383030321964199 ) ) ;
#5106 = ORIENTED_EDGE ( 'NONE', *, *, #1378, .T. ) ;
#5107 = CARTESIAN_POINT ( 'NONE',  ( -16.39309940474103655, 14.99999999999992717, -23.06764737967273859 ) ) ;
#5108 = CARTESIAN_POINT ( 'NONE',  ( -4.946613540517291518, 59.00000000000005684, 20.28166238984335834 ) ) ;
#5109 = EDGE_CURVE ( 'NONE', #1567, #5279, #5607, .T. ) ;
#5110 = CARTESIAN_POINT ( 'NONE',  ( -23.09769934187112739, -59.00000000000054001, 10.57495240868052022 ) ) ;
#5111 = CARTESIAN_POINT ( 'NONE',  ( -25.86356654151166623, 15.12357921577137354, 2.465089167498527800 ) ) ;
#5112 = CARTESIAN_POINT ( 'NONE',  ( 26.39350901443875586, 15.00000000000000178, -1.701966545074450332 ) ) ;
#5113 = CARTESIAN_POINT ( 'NONE',  ( -15.80710815509108613, 15.24715843154279327, 16.58872531220067259 ) ) ;
#5114 = VERTEX_POINT ( 'NONE', #2949 ) ;
#5115 = CARTESIAN_POINT ( 'NONE',  ( 17.42531619386503650, 7.796406408650810249, 19.68611724813196773 ) ) ;
#5116 = VECTOR ( 'NONE', #2178, 1000.000000000000000 ) ;
#5117 = CARTESIAN_POINT ( 'NONE',  ( -26.02019436661125695, -4.999999999999880984, -0.8199129144714956130 ) ) ;
#5118 = CARTESIAN_POINT ( 'NONE',  ( 10.77861462206626264, 15.24715843154279682, -23.63945342814878359 ) ) ;
#5119 = CARTESIAN_POINT ( 'NONE',  ( -21.00642916193418586, -17.00000000000002132, 13.09338449097542956 ) ) ;
#5120 = DIRECTION ( 'NONE',  ( 4.064784181921418638E-16, -1.000000000000000000, 2.538572003884065318E-15 ) ) ;
#5121 = CARTESIAN_POINT ( 'NONE',  ( 11.48702312856397967, -16.58239986469302352, 23.82405541659340287 ) ) ;
#5122 = CARTESIAN_POINT ( 'NONE',  ( 16.95047471570525488, -17.59242564942000087, -22.77805989982316248 ) ) ;
#5123 = CARTESIAN_POINT ( 'NONE',  ( -12.31361583216781241, 11.08101955093392732, 25.58091139046294415 ) ) ;
#5124 = CARTESIAN_POINT ( 'NONE',  ( -20.83493529611072503, 15.24715843154278616, 9.537176196487815005 ) ) ;
#5125 = EDGE_LOOP ( 'NONE', ( #5133, #2311, #2983, #2182 ) ) ;
#5126 = CARTESIAN_POINT ( 'NONE',  ( -13.21206186359615842, 5.000000000000050626, 22.97615150738950618 ) ) ;
#5127 = DIRECTION ( 'NONE',  ( -1.003456252704766818E-16, 1.000000000000000000, 2.539663957332261757E-15 ) ) ;
#5128 = CARTESIAN_POINT ( 'NONE',  ( -40.14145547064437380, 58.99999999999938893, -3.860511973600132762 ) ) ;
#5129 = CARTESIAN_POINT ( 'NONE',  ( -15.06661311240334200, 15.12357921577137709, -21.16596107366911284 ) ) ;
#5130 = CARTESIAN_POINT ( 'NONE',  ( 12.55435250862658059, 9.590774643069392980, -25.46512710796118029 ) ) ;
#5131 = EDGE_CURVE ( 'NONE', #260, #5370, #4195, .T. ) ;
#5132 = CARTESIAN_POINT ( 'NONE',  ( -28.24383927108913639, -10.33342258182957352, -1.836275753231353836 ) ) ;
#5133 = ORIENTED_EDGE ( 'NONE', *, *, #5629, .T. ) ;
#5134 = CARTESIAN_POINT ( 'NONE',  ( 13.41491193784210800, 14.99999999999993960, -23.42508823270661367 ) ) ;
#5135 = CARTESIAN_POINT ( 'NONE',  ( -10.96890074411355620, -19.99999999999992539, -26.09646867198167541 ) ) ;
#5136 = CARTESIAN_POINT ( 'NONE',  ( 16.67197935181715351, -20.39633502492609551, -20.54779964668428249 ) ) ;
#5137 = CARTESIAN_POINT ( 'NONE',  ( -12.30003177048230789, -4.999999999999894307, -22.94410579012986062 ) ) ;
#5138 = CARTESIAN_POINT ( 'NONE',  ( -13.29286349792201172, -4.999999999999902300, 22.93160121449596289 ) ) ;
#5139 = ORIENTED_EDGE ( 'NONE', *, *, #4551, .T. ) ;
#5140 = CARTESIAN_POINT ( 'NONE',  ( 21.67693620334800286, 6.426140316649346929, 11.37383982428836404 ) ) ;
#5141 = VECTOR ( 'NONE', #5181, 1000.000000000000000 ) ;
#5142 = CARTESIAN_POINT ( 'NONE',  ( 2.547113088014355764, -14.36931913543169337, 24.83093230461284051 ) ) ;
#5143 = CARTESIAN_POINT ( 'NONE',  ( -13.41298214416055323, -19.66666666666666785, -18.30870605607713486 ) ) ;
#5144 = CARTESIAN_POINT ( 'NONE',  ( -19.63232093767181752, -18.89247879815328446, -14.68978604142772681 ) ) ;
#5145 = CARTESIAN_POINT ( 'NONE',  ( 15.05016633548384952, 15.00000000000004796, 21.17764135295201910 ) ) ;
#5146 = CARTESIAN_POINT ( 'NONE',  ( 11.82225230050679698, -17.37359979703953528, 23.93094686276024419 ) ) ;
#5147 = CARTESIAN_POINT ( 'NONE',  ( 16.87605783277278704, -9.954225135285511783, 18.85697094700395127 ) ) ;
#5148 = B_SPLINE_CURVE_WITH_KNOTS ( 'NONE', 3,
 ( #604, #2399, #4162, #2651 ),
 .UNSPECIFIED., .F., .F.,
 ( 4, 4 ),
 ( 8.887813025444319855E-18, 0.006337840017295297973 ),
 .UNSPECIFIED. ) ;
#5149 = CARTESIAN_POINT ( 'NONE',  ( 16.29916289834446630, -13.12615818045079941, -23.24704983899126276 ) ) ;
#5150 = CARTESIAN_POINT ( 'NONE',  ( -13.21289208353286071, -4.999999999999888978, -22.97775715030408605 ) ) ;
#5151 = CARTESIAN_POINT ( 'NONE',  ( -11.82997510521228968, 14.06350562473865473, 25.80855880336265429 ) ) ;
#5152 = CARTESIAN_POINT ( 'NONE',  ( -15.79465505864747676, 15.37073764731418812, 16.60137133336648319 ) ) ;
#5153 = ORIENTED_EDGE ( 'NONE', *, *, #130, .T. ) ;
#5154 = CARTESIAN_POINT ( 'NONE',  ( -24.25519229701605539, -14.69865062893909702, 5.901440235867481121 ) ) ;
#5155 = CARTESIAN_POINT ( 'NONE',  ( 18.67690451458211953, 15.24715843154283235, 13.27499515439305711 ) ) ;
#5156 = B_SPLINE_CURVE_WITH_KNOTS ( 'NONE', 3,
 ( #3366, #5054, #5567, #3342, #1053, #269, #5507, #2876, #1976, #164, #4614, #1107, #5107 ),
 .UNSPECIFIED., .F., .F.,
 ( 4, 3, 3, 3, 4 ),
 ( 0.000000000000000000, 0.006607043611316512112, 0.01321408729173006481, 0.01982113106267601246, 0.02829930038049555813 ),
 .UNSPECIFIED. ) ;
#5157 = CIRCLE ( 'NONE', #2196, 1.399999999999995914 ) ;
#5158 = CARTESIAN_POINT ( 'NONE',  ( 23.09769934187114870, 59.00000000000000000, 10.57495240868055042 ) ) ;
#5159 = CARTESIAN_POINT ( 'NONE',  ( -21.88683932225250217, 14.99999999999995026, -11.04970599703559664 ) ) ;
#5160 = CARTESIAN_POINT ( 'NONE',  ( -10.16367619077205298, -19.38875661563051978, -23.92044230034683849 ) ) ;
#5161 = CARTESIAN_POINT ( 'NONE',  ( 16.85747038793166652, -18.72173792528359471, -22.85185570729109372 ) ) ;
#5162 = CARTESIAN_POINT ( 'NONE',  ( 11.80954298665596625, 14.18896470839205293, -25.81762492514140206 ) ) ;
#5163 = ORIENTED_EDGE ( 'NONE', *, *, #4540, .F. ) ;
#5164 = CARTESIAN_POINT ( 'NONE',  ( 11.15136977377865612, -15.79119993234651176, 23.72128881373538078 ) ) ;
#5165 = CARTESIAN_POINT ( 'NONE',  ( -16.39309940474103655, 14.99999999999992717, -23.06764737967273859 ) ) ;
#5166 = CARTESIAN_POINT ( 'NONE',  ( 15.44238606224296895, 7.365861544071797162, 23.82305347449504751 ) ) ;
#5167 = CARTESIAN_POINT ( 'NONE',  ( -26.05071250276206740, 15.24715843154274708, 2.899901987839134332 ) ) ;
#5168 = CARTESIAN_POINT ( 'NONE',  ( 14.48097852955544873, -15.00000000000000178, -22.42085534600967023 ) ) ;
#5169 = CARTESIAN_POINT ( 'NONE',  ( -26.05519538360865184, -15.00000000000000000, -2.859426841651778073 ) ) ;
#5170 = ORIENTED_EDGE ( 'NONE', *, *, #2394, .T. ) ;
#5171 = CARTESIAN_POINT ( 'NONE',  ( 18.54460988867198523, -2.572180681628742249, 16.67450456275330239 ) ) ;
#5172 = AXIS2_PLACEMENT_3D ( 'NONE', #1301, #3574, #132 ) ;
#5173 = CARTESIAN_POINT ( 'NONE',  ( 6.675165876575443136, 12.44494847941374083, 24.04679957801782919 ) ) ;
#5174 = CARTESIAN_POINT ( 'NONE',  ( -28.08465519105797625, -19.99999999999998224, -3.548887639995351506 ) ) ;
#5175 = CARTESIAN_POINT ( 'NONE',  ( -28.39120829348335917, -3.549631202866522894, -0.4858771999758369486 ) ) ;
#5176 = CARTESIAN_POINT ( 'NONE',  ( 11.60491989331801754, -15.79119993234651176, 23.76624439306300829 ) ) ;
#5177 = CARTESIAN_POINT ( 'NONE',  ( 14.82185863427387496, -3.637990915190901120, 22.77766775292253243 ) ) ;
#5178 = PRODUCT_DEFINITION_FORMATION_WITH_SPECIFIED_SOURCE ( 'HERHANG�', '', #3497, .NOT_KNOWN. ) ;
#5179 = EDGE_CURVE ( 'NONE', #3713, #2014, #4716, .T. ) ;
#5180 = CARTESIAN_POINT ( 'NONE',  ( 25.86545857163425310, -15.00000000000000000, 2.445005701234160611 ) ) ;
#5181 = DIRECTION ( 'NONE',  ( 1.003456252704766818E-16, -1.000000000000000000, -2.539663957332261757E-15 ) ) ;
#5182 = DIRECTION ( 'NONE',  ( -3.773173425613459862E-16, 1.000000000000000000, -2.513482421598778410E-15 ) ) ;
#5183 = CARTESIAN_POINT ( 'NONE',  ( -25.78195795262985612, -20.39633502492609551, -3.321960213630087200 ) ) ;
#5184 = ORIENTED_EDGE ( 'NONE', *, *, #4798, .T. ) ;
#5185 = CARTESIAN_POINT ( 'NONE',  ( -23.77473411450564100, -3.788971819984036316, 7.542468521469577247 ) ) ;
#5186 = APPLICATION_CONTEXT ( 'automotive_design' ) ;
#5187 = CARTESIAN_POINT ( 'NONE',  ( 26.02019436661122853, -4.999999999999880096, 0.8199129144716723605 ) ) ;
#5188 = CARTESIAN_POINT ( 'NONE',  ( 0.5070528566057752595, -17.00000000000004619, 24.70349067877257809 ) ) ;
#5189 = CARTESIAN_POINT ( 'NONE',  ( -6.462703459222068680, 15.24715843154276840, -21.98371987877743905 ) ) ;
#5190 = CARTESIAN_POINT ( 'NONE',  ( 13.97011140559443909, 0.6487577008518351507, -24.72182749798684753 ) ) ;
#5191 = CARTESIAN_POINT ( 'NONE',  ( 14.19502917389168317, -0.8207871460137691200, -24.58755329043994209 ) ) ;
#5192 = ORIENTED_EDGE ( 'NONE', *, *, #1374, .F. ) ;
#5193 = LINE ( 'NONE', #4786, #4980 ) ;
#5194 = CARTESIAN_POINT ( 'NONE',  ( 15.09112809032508551, -58.99999999999998579, -14.42472418371371745 ) ) ;
#5195 = CARTESIAN_POINT ( 'NONE',  ( 15.50392433880520926, -15.00000000000000355, -21.13474859301795306 ) ) ;
#5196 = CARTESIAN_POINT ( 'NONE',  ( -10.02321644125549760, -15.00000000000000178, -24.73720597232233587 ) ) ;
#5197 = CARTESIAN_POINT ( 'NONE',  ( 26.67422071466358346, -4.999999999999871214, 2.025143753082996323 ) ) ;
#5198 = ORIENTED_EDGE ( 'NONE', *, *, #3400, .T. ) ;
#5199 = CARTESIAN_POINT ( 'NONE',  ( 26.38941449540229911, 15.37073764731419345, -1.763355344784882872 ) ) ;
#5200 = CARTESIAN_POINT ( 'NONE',  ( -26.65424737709374270, 15.37073764731418812, 1.392381329438993731 ) ) ;
#5201 = ORIENTED_EDGE ( 'NONE', *, *, #2346, .T. ) ;
#5202 = CARTESIAN_POINT ( 'NONE',  ( 19.74835540496054520, 9.345019490362643566, 15.24562531096756501 ) ) ;
#5203 = CARTESIAN_POINT ( 'NONE',  ( 0.5302327336955480197, 3.446874869031612221, 24.47399257653738402 ) ) ;
#5204 = CARTESIAN_POINT ( 'NONE',  ( 18.86309633623721282, -17.37359979703940738, -13.03044087347318047 ) ) ;
#5205 = CARTESIAN_POINT ( 'NONE',  ( 26.88745860538133314, 14.99999999999999289, -4.469068078601534211 ) ) ;
#5206 = CARTESIAN_POINT ( 'NONE',  ( -28.23900291702564402, 15.55097467799667577, 2.925294600380634158 ) ) ;
#5207 = CARTESIAN_POINT ( 'NONE',  ( 2.080030025121971882, -15.79119993234651176, 22.82214378850028424 ) ) ;
#5208 = CARTESIAN_POINT ( 'NONE',  ( 26.74855409212978330, -4.999999999999870326, -0.3406890431005497044 ) ) ;
#5209 = CARTESIAN_POINT ( 'NONE',  ( -16.00677486909330938, 15.37073764731412240, -21.05453718093998816 ) ) ;
#5210 = CARTESIAN_POINT ( 'NONE',  ( -20.23066163143925067, -14.36931913543165429, 14.62133079283864490 ) ) ;
#5211 = CARTESIAN_POINT ( 'NONE',  ( -15.15539622234330430, -15.79119993234651176, 21.10275020287953396 ) ) ;
#5212 = ADVANCED_FACE ( 'NONE', ( #2051 ), #5353, .F. ) ;
#5213 = CARTESIAN_POINT ( 'NONE',  ( -19.18688844907503466, -3.667970013863603995, 15.93682234083834715 ) ) ;
#5214 = CARTESIAN_POINT ( 'NONE',  ( 25.86545857163425310, -15.00000000000000000, 2.445005701234160611 ) ) ;
#5215 = B_SPLINE_CURVE_WITH_KNOTS ( 'NONE', 3,
 ( #3857, #4823, #386, #2090, #5709, #2638, #3535, #1654, #2207, #1739 ),
 .UNSPECIFIED., .F., .F.,
 ( 4, 2, 2, 2, 4 ),
 ( 0.000000000000000000, 0.01625080479413735374, 0.02437620719120602714, 0.02843890838974037077, 0.03250160958827471441 ),
 .UNSPECIFIED. ) ;
#5216 = CARTESIAN_POINT ( 'NONE',  ( -19.29518434380087655, 59.00000000000027001, 13.71237377232965571 ) ) ;
#5217 = CARTESIAN_POINT ( 'NONE',  ( 15.63387260647424526, -19.38875661563050556, -20.76222292722103546 ) ) ;
#5218 = CARTESIAN_POINT ( 'NONE',  ( 17.81247563014957436, 9.465787430962741666, -17.46879136362827012 ) ) ;
#5219 = CARTESIAN_POINT ( 'NONE',  ( 16.04199253977312623, -13.10205064823193588, -23.42373996702531969 ) ) ;
#5220 = B_SPLINE_CURVE_WITH_KNOTS ( 'NONE', 3,
 ( #2594, #5205, #4740, #3838, #1240, #5662, #395, #2535, #3432, #1211, #3006, #4389, #2566 ),
 .UNSPECIFIED., .F., .F.,
 ( 4, 3, 3, 3, 4 ),
 ( 2.238282828220257398E-05, 0.006607043611316506908, 0.01321408729173004747, 0.01982113106267597777, 0.02829930038049554425 ),
 .UNSPECIFIED. ) ;
#5221 = EDGE_LOOP ( 'NONE', ( #1490, #4039, #3061, #4826 ) ) ;
#5222 = EDGE_CURVE ( 'NONE', #4412, #2562, #1900, .T. ) ;
#5223 = CARTESIAN_POINT ( 'NONE',  ( 11.60491989331801754, -15.79119993234651176, 23.76624439306300829 ) ) ;
#5224 = CARTESIAN_POINT ( 'NONE',  ( 19.35732731790564642, -16.99999999999993960, -16.81855346635925486 ) ) ;
#5225 = CARTESIAN_POINT ( 'NONE',  ( 1.733419229034401710, 11.27269871632930176, 24.42771446637082633 ) ) ;
#5226 = CARTESIAN_POINT ( 'NONE',  ( -14.91066218805485555, 15.37073764731412062, -21.55741316180515099 ) ) ;
#5227 = ADVANCED_FACE ( 'NONE', ( #1009 ), #4476, .T. ) ;
#5228 = ORIENTED_EDGE ( 'NONE', *, *, #4194, .T. ) ;
#5229 = CARTESIAN_POINT ( 'NONE',  ( 26.01175167743071270, -17.37359979703941093, 3.248157078474177339 ) ) ;
#5230 = CARTESIAN_POINT ( 'NONE',  ( 7.923126167096521399, -16.99999999999993250, -23.79896575296999828 ) ) ;
#5231 = DIRECTION ( 'NONE',  ( -1.023457976134844761E-16, 1.000000000000000000, 2.543481537108481810E-15 ) ) ;
#5232 = CARTESIAN_POINT ( 'NONE',  ( 13.68124886275318453, -20.50292181382921441, 22.49221025375817362 ) ) ;
#5233 = CARTESIAN_POINT ( 'NONE',  ( -9.948733330157843113, -2.633475531809520653, 24.33064222116937003 ) ) ;
#5234 = CARTESIAN_POINT ( 'NONE',  ( 12.55359467589327238, -15.00000000000005151, 24.64036979639633529 ) ) ;
#5235 = CARTESIAN_POINT ( 'NONE',  ( -25.88970141103462907, -3.607941154419050722, -4.568676009791535542 ) ) ;
#5236 = CARTESIAN_POINT ( 'NONE',  ( -3.627448908123894533, 5.000000000000052403, 22.62451577082514120 ) ) ;
#5237 = CARTESIAN_POINT ( 'NONE',  ( 26.62673930766277408, -18.38117820633493693, 1.895515261653496486 ) ) ;
#5238 = CIRCLE ( 'NONE', #4774, 1.399999999999996803 ) ;
#5239 = CARTESIAN_POINT ( 'NONE',  ( -20.79120972661725730, -20.32028255403303518, 13.87167192137657423 ) ) ;
#5240 = CARTESIAN_POINT ( 'NONE',  ( -15.83201434797830487, 15.00000000000000178, 16.56343326986905140 ) ) ;
#5241 = CARTESIAN_POINT ( 'NONE',  ( -21.06474175472678567, 1.726516656900101809, 12.46838001775145699 ) ) ;
#5242 = CARTESIAN_POINT ( 'NONE',  ( 12.30003177048246421, -4.999999999999885425, 22.94410579012976825 ) ) ;
#5243 = CIRCLE ( 'NONE', #3483, 1.399999999999998579 ) ;
#5244 = CARTESIAN_POINT ( 'NONE',  ( -28.26955294849361877, -8.333511622204065716, -1.481638333676645436 ) ) ;
#5245 = DIRECTION ( 'NONE',  ( -0.8857850186026571260, 8.673617379884038430E-16, -0.4640957884091283514 ) ) ;
#5246 = CARTESIAN_POINT ( 'NONE',  ( 3.627448908124058846, 5.000000000000058620, -22.62451577082511989 ) ) ;
#5247 = CARTESIAN_POINT ( 'NONE',  ( 14.57774018989403153, 13.99943032159726819, -21.88953900774594175 ) ) ;
#5248 = CARTESIAN_POINT ( 'NONE',  ( 12.47336860392773694, 10.09433465109612627, -25.50451331741243521 ) ) ;
#5249 = EDGE_LOOP ( 'NONE', ( #5678, #115, #4464, #5192 ) ) ;
#5250 = CARTESIAN_POINT ( 'NONE',  ( 11.36912636380993824, -17.37359979703953528, 23.88186644012379745 ) ) ;
#5251 = CARTESIAN_POINT ( 'NONE',  ( 8.659399975724781484, -59.00000000000001421, -18.99551544115696089 ) ) ;
#5252 = VECTOR ( 'NONE', #1619, 1000.000000000000227 ) ;
#5253 = EDGE_CURVE ( 'NONE', #3883, #5365, #1178, .T. ) ;
#5254 = CARTESIAN_POINT ( 'NONE',  ( 3.786093403190949225, -6.395510883885910047, 24.65629635681297671 ) ) ;
#5255 = CARTESIAN_POINT ( 'NONE',  ( -14.53297323167968891, 15.37073764731412062, -22.38703845520906910 ) ) ;
#5256 = ORIENTED_EDGE ( 'NONE', *, *, #1554, .F. ) ;
#5257 = CARTESIAN_POINT ( 'NONE',  ( 26.39214417475993812, 15.12357921577139841, -1.722429478311261031 ) ) ;
#5258 = CARTESIAN_POINT ( 'NONE',  ( 4.628573982554340382, -20.00000000000002132, 11.58097056679238790 ) ) ;
#5259 = VERTEX_POINT ( 'NONE', #2019 ) ;
#5260 = CARTESIAN_POINT ( 'NONE',  ( 16.34590622711068164, 15.19176184500469518, 23.21241207792982664 ) ) ;
#5261 = UNCERTAINTY_MEASURE_WITH_UNIT (LENGTH_MEASURE( 1.000000000000000082E-05 ), #477, 'distance_accuracy_value', 'NONE');
#5262 = CARTESIAN_POINT ( 'NONE',  ( -5.168227154390446998, -2.572180523002408847, 24.39735572586958767 ) ) ;
#5263 = LINE ( 'NONE', #1667, #891 ) ;
#5264 = CARTESIAN_POINT ( 'NONE',  ( -22.59614152270483700, -17.30271403724168167, -10.63383603169550540 ) ) ;
#5265 = CARTESIAN_POINT ( 'NONE',  ( -13.66846078075681881, 5.000000000000050626, 22.99289565450828476 ) ) ;
#5266 = AXIS2_PLACEMENT_3D ( 'NONE', #2073, #2620, #2102 ) ;
#5267 = CARTESIAN_POINT ( 'NONE',  ( 25.82873048647904213, -17.37359979703947133, 2.830737692117131221 ) ) ;
#5268 = CARTESIAN_POINT ( 'NONE',  ( -11.15135716980920932, -15.79119993234646913, -23.72128756443859388 ) ) ;
#5269 = CARTESIAN_POINT ( 'NONE',  ( -15.97682390456921908, 3.568925393500741894, 20.87881851968857205 ) ) ;
#5270 = CARTESIAN_POINT ( 'NONE',  ( 11.78061893396766813, 14.99999999999992895, -25.73066422110565199 ) ) ;
#5271 = VECTOR ( 'NONE', #21, 1000.000000000000000 ) ;
#5272 = CARTESIAN_POINT ( 'NONE',  ( -23.50098491282987823, 1.666002082810766893, 8.352391401077655431 ) ) ;
#5273 = CARTESIAN_POINT ( 'NONE',  ( 26.24232861961262842, 15.12357921577141617, -3.294211817123059660 ) ) ;
#5274 = PRODUCT_DEFINITION_FORMATION_WITH_SPECIFIED_SOURCE ( 'HERHANG�', '', #4947, .NOT_KNOWN. ) ;
#5275 = CARTESIAN_POINT ( 'NONE',  ( -11.06213170577496818, -17.00000000000003197, 23.46224493249837550 ) ) ;
#5276 = FACE_OUTER_BOUND ( 'NONE', #5053, .T. ) ;
#5277 = CARTESIAN_POINT ( 'NONE',  ( 21.16294263238857098, 0.4675986980338139865, -12.30144274777045155 ) ) ;
#5278 = CARTESIAN_POINT ( 'NONE',  ( -10.42977133535740464, -6.999999999999988454, -0.5086578329827518008 ) ) ;
#5279 = VERTEX_POINT ( 'NONE', #4626 ) ;
#5280 = CARTESIAN_POINT ( 'NONE',  ( 32.29865374360193186, 11.00000000000001066, 4.504105499531433132 ) ) ;
#5281 = CARTESIAN_POINT ( 'NONE',  ( -21.52285620492537532, 59.00000000000000000, -9.853932926270504211 ) ) ;
#5282 = CARTESIAN_POINT ( 'NONE',  ( -2.251452996294766695, -14.63844820739393349, 24.39585207063598560 ) ) ;
#5283 = CARTESIAN_POINT ( 'NONE',  ( -26.08434699902248255, -18.38117820633497246, -2.628147354200993657 ) ) ;
#5284 = VERTEX_POINT ( 'NONE', #717 ) ;
#5285 = CARTESIAN_POINT ( 'NONE',  ( 11.45605783541779488, -17.00000000000005684, 25.87724028603487980 ) ) ;
#5286 = CARTESIAN_POINT ( 'NONE',  ( -3.025777961521697090, -16.99999999999992895, -24.97365579490912779 ) ) ;
#5287 = EDGE_LOOP ( 'NONE', ( #5170, #3910, #622, #3744 ) ) ;
#5288 = ADVANCED_FACE ( 'NONE', ( #634, #3268, #3296, #5489, #175 ), #2428, .F. ) ;
#5289 = CARTESIAN_POINT ( 'NONE',  ( -15.97403531481682215, 15.12357921577137354, -21.07941734136110412 ) ) ;
#5290 = EDGE_CURVE ( 'NONE', #2909, #2501, #4433, .T. ) ;
#5291 = CARTESIAN_POINT ( 'NONE',  ( -16.51670588758399560, -14.61751438253411628, 23.09128782180443551 ) ) ;
#5292 = LINE ( 'NONE', #1463, #245 ) ;
#5293 = CARTESIAN_POINT ( 'NONE',  ( -20.11841262641460304, -13.27469938586270715, -13.97269660818019865 ) ) ;
#5294 = ORIENTED_EDGE ( 'NONE', *, *, #3651, .F. ) ;
#5295 = CARTESIAN_POINT ( 'NONE',  ( -15.15539622234330430, -15.79119993234651176, 21.10275020287953396 ) ) ;
#5296 = CARTESIAN_POINT ( 'NONE',  ( 26.09779090419660363, -17.37359979703947133, 2.462869508087116799 ) ) ;
#5297 = CARTESIAN_POINT ( 'NONE',  ( -23.24517778250197253, 6.365692211563066749, 9.043572055476802873 ) ) ;
#5298 = CARTESIAN_POINT ( 'NONE',  ( -25.85978248126653511, 15.37073764731418812, 2.505256100026911348 ) ) ;
#5299 = DIRECTION ( 'NONE',  ( 1.003456252704766818E-16, -1.000000000000000000, -2.539663957332261757E-15 ) ) ;
#5300 = CARTESIAN_POINT ( 'NONE',  ( -16.45418127803172936, 14.18921361765844935, -23.13613325641367169 ) ) ;
#5301 = CARTESIAN_POINT ( 'NONE',  ( 16.39309940474121774, 15.00000000000005329, 23.06764737967261780 ) ) ;
#5302 = CARTESIAN_POINT ( 'NONE',  ( 18.75928819406389891, 0.5281195598405074021, -16.43661618600009788 ) ) ;
#5303 = CARTESIAN_POINT ( 'NONE',  ( 23.19109707314907354, 7.121138764293681866, -9.172907660052729284 ) ) ;
#5304 = ORIENTED_EDGE ( 'NONE', *, *, #3179, .T. ) ;
#5305 = CARTESIAN_POINT ( 'NONE',  ( -10.76027581502397545, 15.37073764731424319, 23.64785661513008819 ) ) ;
#5306 = CARTESIAN_POINT ( 'NONE',  ( -7.544260346859628541, -19.66666666666669983, -24.63780225717725259 ) ) ;
#5307 = CARTESIAN_POINT ( 'NONE',  ( -12.22418846412310778, -11.63584773983272314, -25.62416226880091941 ) ) ;
#5308 = CARTESIAN_POINT ( 'NONE',  ( -7.017010727039812323, -14.69865342603498881, 23.95631319560122208 ) ) ;
#5309 = CARTESIAN_POINT ( 'NONE',  ( -15.38978694565832939, -19.38875661563043806, -17.01261023897411206 ) ) ;
#5310 = ORIENTED_EDGE ( 'NONE', *, *, #2026, .T. ) ;
#5311 = LINE ( 'NONE', #3112, #2829 ) ;
#5312 = SHAPE_REPRESENTATION_RELATIONSHIP ( 'NONE' , 'NONE' ,  #2122, #3967 ) ;
#5313 = ORIENTED_EDGE ( 'NONE', *, *, #2653, .F. ) ;
#5314 = CARTESIAN_POINT ( 'NONE',  ( -13.66932224005813623, -4.999999999999886313, -22.99458283039119877 ) ) ;
#5315 = CARTESIAN_POINT ( 'NONE',  ( -1.314358176119485577, 8.545229116433475269, -24.44854827407553088 ) ) ;
#5316 = CARTESIAN_POINT ( 'NONE',  ( -9.492471682813720335, 0.3463767455063221923, 24.51592228307606547 ) ) ;
#5317 = CARTESIAN_POINT ( 'NONE',  ( 25.78195795262984191, -20.39633502492596762, 3.321960213630245740 ) ) ;
#5318 = PLANE ( 'NONE',  #800 ) ;
#5319 = CARTESIAN_POINT ( 'NONE',  ( -15.57976376725206613, -6.578491289216739979, -21.17885235169115887 ) ) ;
#5320 = EDGE_LOOP ( 'NONE', ( #991, #3195 ) ) ;
#5321 = CARTESIAN_POINT ( 'NONE',  ( -14.63403113870630179, -4.999999999999902300, 22.10005103811466398 ) ) ;
#5322 = EDGE_CURVE ( 'NONE', #1100, #537, #1093, .T. ) ;
#5323 = CARTESIAN_POINT ( 'NONE',  ( 14.86042955481450711, 14.99999999999999822, 21.59206242499385553 ) ) ;
#5324 = CARTESIAN_POINT ( 'NONE',  ( -26.15576473088453469, 8.038507124475534837, -2.662590719390460769 ) ) ;
#5325 = CARTESIAN_POINT ( 'NONE',  ( -15.50391593658118516, 15.00000000000000000, -21.13474938726186991 ) ) ;
#5326 = CARTESIAN_POINT ( 'NONE',  ( -18.44927890690265571, 3.507378208195155445, 16.78583077777881627 ) ) ;
#5327 = CARTESIAN_POINT ( 'NONE',  ( -26.01175556492697893, -17.37359979703954593, -3.248165944749510370 ) ) ;
#5328 = CARTESIAN_POINT ( 'NONE',  ( -28.33248686129398664, -9.368755805273128345, -1.820465975529283575 ) ) ;
#5329 = CARTESIAN_POINT ( 'NONE',  ( -12.26476041730972533, -13.10201751331249120, -25.60465720974099924 ) ) ;
#5330 = AXIS2_PLACEMENT_3D ( 'NONE', #5038, #5066, #1541 ) ;
#5331 = CARTESIAN_POINT ( 'NONE',  ( 2.218911883984107991, -14.42954168110474988, -24.39765945174685768 ) ) ;
#5332 = CARTESIAN_POINT ( 'NONE',  ( 20.44487080362178588, 9.405403579795205360, -13.47428607746907225 ) ) ;
#5333 = CARTESIAN_POINT ( 'NONE',  ( 18.33725040641751747, 4.514466186307196871, -16.91178274695111483 ) ) ;
#5334 = ORIENTED_EDGE ( 'NONE', *, *, #5493, .F. ) ;
#5335 = CARTESIAN_POINT ( 'NONE',  ( -2.193472712272242831, 14.99999999999999112, 22.80764515377493495 ) ) ;
#5336 = CARTESIAN_POINT ( 'NONE',  ( -13.48773968685249969, 4.333247024995680263, 24.90260432471658447 ) ) ;
#5337 = CARTESIAN_POINT ( 'NONE',  ( 11.48244913065152950, 12.75973396945349414, 23.65804073257867302 ) ) ;
#5338 = CARTESIAN_POINT ( 'NONE',  ( -10.31234848954747108, -16.58239986469297733, -24.09866646412992708 ) ) ;
#5339 = ORIENTED_EDGE ( 'NONE', *, *, #3969, .T. ) ;
#5340 = CARTESIAN_POINT ( 'NONE',  ( -0.7806482794758672350, -19.66666666666685614, 22.69445807460462206 ) ) ;
#5341 = DIRECTION ( 'NONE',  ( -0.9092361090470688634, -1.638888653167809981E-14, 0.4162807922604003230 ) ) ;
#5342 = CARTESIAN_POINT ( 'NONE',  ( -1.733734753775188153, 11.27270270477773551, -24.42769208462839714 ) ) ;
#5343 = LINE ( 'NONE', #1357, #585 ) ;
#5344 = CARTESIAN_POINT ( 'NONE',  ( 20.82803471426300845, 15.37073764731418457, -9.553654551955736096 ) ) ;
#5345 = DIRECTION ( 'NONE',  ( 0.000000000000000000, 2.478176394252587255E-15, 1.000000000000000000 ) ) ;
#5346 = CARTESIAN_POINT ( 'NONE',  ( -14.84574472231539133, -12.03424094682705814, -21.70502581063018965 ) ) ;
#5347 = ORIENTED_EDGE ( 'NONE', *, *, #762, .T. ) ;
#5348 = CARTESIAN_POINT ( 'NONE',  ( -10.76027581502397545, 15.37073764731424319, 23.64785661513008819 ) ) ;
#5349 = CARTESIAN_POINT ( 'NONE',  ( 16.16713996220849126, -16.58239986469293470, -20.93231895633919493 ) ) ;
#5350 = ADVANCED_FACE ( 'NONE', ( #3327 ), #2505, .F. ) ;
#5351 = CARTESIAN_POINT ( 'NONE',  ( 9.984695103658882687, 15.24715843154279682, -24.75265177144418516 ) ) ;
#5352 = CARTESIAN_POINT ( 'NONE',  ( 18.66608413105807784, 15.12357921577141617, 13.28921041130815794 ) ) ;
#5353 = B_SPLINE_SURFACE_WITH_KNOTS ( 'NONE', 3, 3, ( 
 ( #693, #3815, #4632, #1547, #721, #180, #1967, #5072, #1607, #284, #640, #5580, #2433, #207, #4224, #5123, #3332, #5151, #2511 ),
 ( #5098, #4661, #233, #2892, #3788, #5557, #1577, #865, #4811, #809, #1759, #5269, #3875, #4426, #3901, #3438, #2139, #3956, #433 ),
 ( #5239, #2598, #5697, #2228, #5210, #1217, #5669, #1673, #4368, #1309, #3467, #5326, #1245, #2980, #375, #750, #4341, #2166, #3072 ),
 ( #3012, #346, #4868, #4748, #3552, #3987, #5728, #4, #4776, #1278, #2541, #2570, #3927, #1728, #778, #2626, #3098, #4309, #315 ),
 ( #3498, #1698, #4840, #3526, #835, #3042, #2109, #4397, #5639, #401, #1787, #2195, #5297, #2656, #2317, #1932, #4047, #1450, #2288 ),
 ( #3639, #147, #2742, #4515, #2772, #1873, #4016, #2714, #90, #3130, #5385, #5411, #5355, #32, #3213, #4134, #982, #62, #893 ),
 ( #4983, #4105, #1815, #524, #1424, #4075, #1336, #3583, #4543, #3698, #547, #1366, #2686, #2343, #4898, #120, #4487, #460, #3242 ) ),
 .UNSPECIFIED., .F., .F., .F.,
 ( 4, 3, 4 ),
 ( 4, 3, 3, 3, 3, 3, 4 ),
 ( -0.02734811711631747813, -0.01299037287471376326, 0.001367371366889952918 ),
 ( -0.03539633502492601363, -0.03092545094089598628, -0.02645456685686596240, -0.01751279868880591117, -0.008571030520745859943, -0.004100146436715834328, 0.0003707376473141917755 ),
 .UNSPECIFIED. ) ;
#5354 = CARTESIAN_POINT ( 'NONE',  ( -28.23900291702564402, 15.55097467799667577, 2.925294600380634158 ) ) ;
#5355 = CARTESIAN_POINT ( 'NONE',  ( -25.80692102949844013, 6.306380127440153416, 5.006118026632876195 ) ) ;
#5356 = CARTESIAN_POINT ( 'NONE',  ( -26.39079057363226610, 15.24715843154279327, 1.742876645004681979 ) ) ;
#5357 = CARTESIAN_POINT ( 'NONE',  ( -26.21998652671880947, -12.03424126717940901, 2.004257554400509012 ) ) ;
#5358 = CARTESIAN_POINT ( 'NONE',  ( -13.34788005989696202, -6.278743834263008416, -25.06251205384370451 ) ) ;
#5359 = ADVANCED_FACE ( 'NONE', ( #2454 ), #5465, .F. ) ;
#5360 = CARTESIAN_POINT ( 'NONE',  ( -6.842556965841736449, -17.28816086305817024, -25.40270064818029283 ) ) ;
#5361 =( GEOMETRIC_REPRESENTATION_CONTEXT ( 3 ) GLOBAL_UNCERTAINTY_ASSIGNED_CONTEXT ( ( #4917 ) ) GLOBAL_UNIT_ASSIGNED_CONTEXT ( ( #2303, #4003, #4443 ) ) REPRESENTATION_CONTEXT ( 'NONE', 'WORKASPACE' ) );
#5362 = DIRECTION ( 'NONE',  ( 1.003456252704766818E-16, -1.000000000000000000, -2.539663957332261757E-15 ) ) ;
#5363 = CARTESIAN_POINT ( 'NONE',  ( 28.31937478442102929, 12.21120757523344658, -2.023337583335171441 ) ) ;
#5364 = CARTESIAN_POINT ( 'NONE',  ( 19.45467065473879487, -6.395454631201567430, -15.61706891981069312 ) ) ;
#5365 = VERTEX_POINT ( 'NONE', #1119 ) ;
#5366 = CARTESIAN_POINT ( 'NONE',  ( 10.31327534059422213, -18.38117820633505417, 23.85207394759883570 ) ) ;
#5367 = CARTESIAN_POINT ( 'NONE',  ( -19.24568388411730169, -16.99999999999995381, -15.20326160266608539 ) ) ;
#5368 = CARTESIAN_POINT ( 'NONE',  ( -16.54775845456925154, -14.82619310422634129, 23.07009794499055388 ) ) ;
#5369 = CARTESIAN_POINT ( 'NONE',  ( -25.81313964186265508, -18.38117820633497246, -2.994478532621325240 ) ) ;
#5370 = VERTEX_POINT ( 'NONE', #4710 ) ;
#5371 = CARTESIAN_POINT ( 'NONE',  ( 7.544260346859623212, -19.66666666666667851, 24.63780225717724548 ) ) ;
#5372 = CARTESIAN_POINT ( 'NONE',  ( 13.81135598322918234, -2.205106032469247967, 24.70633879866057470 ) ) ;
#5373 = CARTESIAN_POINT ( 'NONE',  ( 20.03774163084239035, 58.99999999999997868, -5.856938206129600921 ) ) ;
#5374 = B_SPLINE_CURVE_WITH_KNOTS ( 'NONE', 3,
 ( #2809, #3793, #4283, #3709, #238, #5475, #1999, #2030, #5532, #1583, #2840, #3734, #3360 ),
 .UNSPECIFIED., .F., .F.,
 ( 4, 3, 3, 3, 4 ),
 ( 0.000000000000000000, 0.006607043611316506908, 0.01321408729173005267, 0.01982113106267599512, 0.02647958933058077932 ),
 .UNSPECIFIED. ) ;
#5375 = CARTESIAN_POINT ( 'NONE',  ( 5.355391020157352244, -3.788971735742999059, -24.36075813328306694 ) ) ;
#5376 = CARTESIAN_POINT ( 'NONE',  ( 16.27534583748437669, -14.16681410330496504, -23.15783537954518323 ) ) ;
#5377 = CARTESIAN_POINT ( 'NONE',  ( 26.05519135355356752, -15.00000000000000000, 2.859418039248246224 ) ) ;
#5378 = CARTESIAN_POINT ( 'NONE',  ( -21.53464076848563025, 4.454007419126708278, -11.64187200553931056 ) ) ;
#5379 = ORIENTED_EDGE ( 'NONE', *, *, #4005, .T. ) ;
#5380 = CARTESIAN_POINT ( 'NONE',  ( 22.30080859480223410, -59.00000000000000711, -2.144728874221955905 ) ) ;
#5381 = CARTESIAN_POINT ( 'NONE',  ( 10.81529223615050306, 15.00000000000000178, -23.62264705418633426 ) ) ;
#5382 = CARTESIAN_POINT ( 'NONE',  ( 14.77972189040687567, -15.79119993234646913, -21.93325455301612692 ) ) ;
#5383 = CARTESIAN_POINT ( 'NONE',  ( 15.83201434797862994, -15.00000000000000000, 16.56343326986883824 ) ) ;
#5384 = CARTESIAN_POINT ( 'NONE',  ( -25.74662481551764159, -8.350974587839775864, -5.338281531243221245 ) ) ;
#5385 = CARTESIAN_POINT ( 'NONE',  ( -25.97764733575575491, 0.3463767455063233025, 4.037239519516822917 ) ) ;
#5386 = CARTESIAN_POINT ( 'NONE',  ( -3.566643418894874795, 14.99999999999992717, -24.27189943329520361 ) ) ;
#5387 = FILL_AREA_STYLE_COLOUR ( '', #3491 ) ;
#5388 = CARTESIAN_POINT ( 'NONE',  ( 10.28723066431657784, -14.99999999999999822, 24.36570187041209223 ) ) ;
#5389 = CARTESIAN_POINT ( 'NONE',  ( -15.77627073178090455, 9.590774643069316596, -23.60495175451607963 ) ) ;
#5390 = CARTESIAN_POINT ( 'NONE',  ( 28.41863755542902226, -16.99999999999997868, -3.173490112346224468 ) ) ;
#5391 = CARTESIAN_POINT ( 'NONE',  ( 20.84083468590176480, 4.454045237484646869, -12.84265650817567561 ) ) ;
#5392 = EDGE_LOOP ( 'NONE', ( #5228, #960, #3965, #409 ) ) ;
#5393 = CARTESIAN_POINT ( 'NONE',  ( 2.193472712272723779, -15.00000000000000355, 22.80764515377486390 ) ) ;
#5394 = CARTESIAN_POINT ( 'NONE',  ( 23.72048138258314154, 15.00000000000001066, 7.044821101992443602 ) ) ;
#5395 = CARTESIAN_POINT ( 'NONE',  ( -15.74280936660830932, -9.368755755082437631, 23.62642060404443711 ) ) ;
#5396 = CARTESIAN_POINT ( 'NONE',  ( -14.87717641085798270, 15.12357921577137532, -21.58050689349643747 ) ) ;
#5397 = ORIENTED_EDGE ( 'NONE', *, *, #5005, .F. ) ;
#5398 = CARTESIAN_POINT ( 'NONE',  ( 15.09112809032508196, 58.99999999999992895, 14.42472418371374054 ) ) ;
#5399 = CARTESIAN_POINT ( 'NONE',  ( 0.000000000000000000, 0.000000000000000000, 0.000000000000000000 ) ) ;
#5400 = CARTESIAN_POINT ( 'NONE',  ( 17.56483251191345829, 19.66666666666638363, 18.85242229899298039 ) ) ;
#5401 = B_SPLINE_SURFACE_WITH_KNOTS ( 'NONE', 3, 3, ( 
 ( #5565, #5504, #3313, #1105 ),
 ( #591, #162, #2845, #5452 ),
 ( #2385, #4147, #4611, #1947 ),
 ( #2928, #1587, #5080, #1080 ) ),
 .UNSPECIFIED., .F., .F., .F.,
 ( 4, 4 ),
 ( 4, 4 ),
 ( -0.02540341184434353333, 0.000000000000000000 ),
 ( -0.1179999999999999938, 0.000000000000000000 ),
 .UNSPECIFIED. ) ;
#5402 = EDGE_CURVE ( 'NONE', #881, #2991, #2046, .T. ) ;
#5403 = CARTESIAN_POINT ( 'NONE',  ( 6.810019221075944706, -13.33495837084967661, -24.01078486847547566 ) ) ;
#5404 = CARTESIAN_POINT ( 'NONE',  ( -26.64313647273381491, -16.58239986469297378, -1.594880755923919313 ) ) ;
#5405 = CARTESIAN_POINT ( 'NONE',  ( -18.13075127944233955, -6.516430061842774180, -17.13359655469002618 ) ) ;
#5406 = VERTEX_POINT ( 'NONE', #1987 ) ;
#5407 = CARTESIAN_POINT ( 'NONE',  ( 28.36492475321417572, -8.294262897085051378, 1.329840992554944590 ) ) ;
#5408 = CARTESIAN_POINT ( 'NONE',  ( 10.79695342910838640, 15.12357921577137709, -23.63105024116755715 ) ) ;
#5409 = CARTESIAN_POINT ( 'NONE',  ( 20.71624098705758144, -17.37359979703945356, 9.820700184478003081 ) ) ;
#5410 = CARTESIAN_POINT ( 'NONE',  ( -23.13337948492000251, -8.409817192031932009, -9.344066400173643316 ) ) ;
#5411 = CARTESIAN_POINT ( 'NONE',  ( -25.89809827238246598, 3.326327419680970010, 4.522928074606554105 ) ) ;
#5412 = CARTESIAN_POINT ( 'NONE',  ( 10.02323123878651856, 15.00000000000000178, -24.73718515017321806 ) ) ;
#5413 = CARTESIAN_POINT ( 'NONE',  ( -28.29691533926428448, 13.82960939923828825, 2.309112912065971024 ) ) ;
#5414 = CARTESIAN_POINT ( 'NONE',  ( -10.24671223852405610, 4.576226379320278426, -24.21123565056665683 ) ) ;
#5415 = CARTESIAN_POINT ( 'NONE',  ( -3.011086528986376187, -11.38919086678770576, -24.77008826594181912 ) ) ;
#5416 = CARTESIAN_POINT ( 'NONE',  ( 22.90217965938042610, 12.32436554677504503, -9.913493361695394412 ) ) ;
#5417 = CARTESIAN_POINT ( 'NONE',  ( 22.24610077192898672, -14.63825612174974466, -10.26342438114492417 ) ) ;
#5418 = VERTEX_POINT ( 'NONE', #3723 ) ;
#5419 = CARTESIAN_POINT ( 'NONE',  ( -6.538337158742275612, -15.79119993234649755, 21.96408858570717371 ) ) ;
#5420 = CARTESIAN_POINT ( 'NONE',  ( 20.05422578245182663, 15.00000000000003020, 15.05506156216893565 ) ) ;
#5421 = PRESENTATION_STYLE_ASSIGNMENT (( #586 ) ) ;
#5422 = B_SPLINE_CURVE_WITH_KNOTS ( 'NONE', 3,
 ( #2463, #4201, #2032, #1650 ),
 .UNSPECIFIED., .F., .F.,
 ( 4, 4 ),
 ( -0.1179999999999999938, 0.000000000000000000 ),
 .UNSPECIFIED. ) ;
#5423 = CARTESIAN_POINT ( 'NONE',  ( -13.66144435719385264, 4.275707045359125935, 24.89256672848260976 ) ) ;
#5424 = CARTESIAN_POINT ( 'NONE',  ( -25.85978248126653156, 15.37073764731411885, 2.505256100026900246 ) ) ;
#5425 = ADVANCED_FACE ( 'NONE', ( #4215 ), #1572, .F. ) ;
#5426 = EDGE_LOOP ( 'NONE', ( #1059, #3391, #506, #2119 ) ) ;
#5427 = CARTESIAN_POINT ( 'NONE',  ( 21.52285620492538953, -59.00000000000014211, -9.853932926270504211 ) ) ;
#5428 = CARTESIAN_POINT ( 'NONE',  ( -25.10909288975685172, 19.66666666666632324, 5.785380019039378041 ) ) ;
#5429 = EDGE_CURVE ( 'NONE', #704, #3824, #4682, .T. ) ;
#5430 = CARTESIAN_POINT ( 'NONE',  ( 15.94607031167568856, -10.73313772487597895, -23.49082279698529518 ) ) ;
#5431 = CARTESIAN_POINT ( 'NONE',  ( -26.63593396855475248, -17.37359979703946067, -1.727102747917912184 ) ) ;
#5432 = CARTESIAN_POINT ( 'NONE',  ( 25.97487193062355004, -19.38875661563044872, 3.578191706268534666 ) ) ;
#5433 = CARTESIAN_POINT ( 'NONE',  ( -13.02784031139633392, -6.639990833326232078, -25.23035962580523872 ) ) ;
#5434 = ORIENTED_EDGE ( 'NONE', *, *, #2623, .T. ) ;
#5435 = CARTESIAN_POINT ( 'NONE',  ( 22.50128836221132644, -18.83252723363018788, 10.85503335189282303 ) ) ;
#5436 = CARTESIAN_POINT ( 'NONE',  ( -25.86545857163426732, -14.99999999999999289, -2.445005701233978535 ) ) ;
#5437 = CARTESIAN_POINT ( 'NONE',  ( 20.65999747969054923, -18.38117820633490496, 9.955044280561430980 ) ) ;
#5438 = CARTESIAN_POINT ( 'NONE',  ( 21.52285620492538243, -59.00000000000000000, -9.853932926270511317 ) ) ;
#5439 = CARTESIAN_POINT ( 'NONE',  ( 14.59188472443859297, -15.79119993234646913, -22.34850672808448024 ) ) ;
#5440 = CARTESIAN_POINT ( 'NONE',  ( 0.1540102260594508610, -1.000977186619903092, -24.47477120793588057 ) ) ;
#5441 = VECTOR ( 'NONE', #3529, 1000.000000000000000 ) ;
#5442 = CARTESIAN_POINT ( 'NONE',  ( -5.767515418943388816, 6.486588698236243289, -24.26669328943941650 ) ) ;
#5443 = CARTESIAN_POINT ( 'NONE',  ( 28.29887636831847075, 13.70386505202098171, -2.286921452411009970 ) ) ;
#5444 = FACE_OUTER_BOUND ( 'NONE', #3314, .T. ) ;
#5445 = ORIENTED_EDGE ( 'NONE', *, *, #4679, .F. ) ;
#5446 = CARTESIAN_POINT ( 'NONE',  ( -16.63576615106543244, -17.19173784241462144, 23.00816678586521391 ) ) ;
#5447 = CARTESIAN_POINT ( 'NONE',  ( -36.72369655382198772, -59.00000000000073896, -0.9487420211988715213 ) ) ;
#5448 = B_SPLINE_SURFACE_WITH_KNOTS ( 'NONE', 3, 3, ( 
 ( #538, #5371, #449, #2334 ),
 ( #3655, #5340, #2302, #5398 ),
 ( #880, #3147, #4531, #1466 ),
 ( #4914, #2243, #1412, #3685 ) ),
 .UNSPECIFIED., .F., .F., .F.,
 ( 4, 4 ),
 ( 4, 4 ),
 ( -0.02453738644055909052, -0.0008660254037844358765 ),
 ( -0.1179999999999999938, 0.000000000000000000 ),
 .UNSPECIFIED. ) ;
#5449 = VECTOR ( 'NONE', #2457, 1000.000000000000000 ) ;
#5450 = CARTESIAN_POINT ( 'NONE',  ( 10.42977133533006651, -19.99999999999998224, -1.591342166965993066 ) ) ;
#5451 = DIRECTION ( 'NONE',  ( 0.09410831331852129167, 2.537836196336460271E-15, 0.9955619646030794412 ) ) ;
#5452 = CARTESIAN_POINT ( 'NONE',  ( -16.19535697498303151, 58.99999999999999289, -15.48019180691231611 ) ) ;
#5453 = ORIENTED_EDGE ( 'NONE', *, *, #4713, .T. ) ;
#5454 = CARTESIAN_POINT ( 'NONE',  ( 31.96177762983965565, -0.4963296639993453052, -1.317106958709673981 ) ) ;
#5455 = FACE_OUTER_BOUND ( 'NONE', #1652, .T. ) ;
#5456 = FACE_BOUND ( 'NONE', #2339, .T. ) ;
#5457 = EDGE_CURVE ( 'NONE', #873, #3533, #2937, .T. ) ;
#5458 = B_SPLINE_CURVE_WITH_KNOTS ( 'NONE', 3,
 ( #625, #2037, #2962, #5568, #2418, #5482 ),
 .UNSPECIFIED., .F., .F.,
 ( 4, 2, 4 ),
 ( 0.1148835912949984495, 0.1290375744028401661, 0.1431915575106818828 ),
 .UNSPECIFIED. ) ;
#5459 = CARTESIAN_POINT ( 'NONE',  ( -15.94880722095575898, 12.46315417103622991, -23.48838715440527025 ) ) ;
#5460 = VERTEX_POINT ( 'NONE', #5577 ) ;
#5461 = CARTESIAN_POINT ( 'NONE',  ( 28.26583914533593145, 14.06350511831290540, -2.659186139402070381 ) ) ;
#5462 = CARTESIAN_POINT ( 'NONE',  ( -6.479881783030255527, 15.37073764731414371, -21.97925819148440141 ) ) ;
#5463 = CARTESIAN_POINT ( 'NONE',  ( -25.23822141959846377, -19.99999999999997158, -7.311513206926723463 ) ) ;
#5464 = CARTESIAN_POINT ( 'NONE',  ( -23.89934225196117623, 6.486589018878223811, -7.138509531951148901 ) ) ;
#5465 = CYLINDRICAL_SURFACE ( 'NONE', #4620, 1.399999999999998579 ) ;
#5466 = CARTESIAN_POINT ( 'NONE',  ( -10.96890074411355620, -19.99999999999992539, -26.09646867198167541 ) ) ;
#5467 = DIRECTION ( 'NONE',  ( -1.003456252704766818E-16, 1.000000000000000000, 2.539663957332261757E-15 ) ) ;
#5468 = CARTESIAN_POINT ( 'NONE',  ( -1.104620349884098296, 7.181488471457845080, -24.45585968111060637 ) ) ;
#5469 = CARTESIAN_POINT ( 'NONE',  ( 5.168220464071379361, -2.572180438624380283, -24.39735583589473222 ) ) ;
#5470 = CARTESIAN_POINT ( 'NONE',  ( 26.31944073061650968, -20.50292148819018578, -0.6022261184317426741 ) ) ;
#5471 = CARTESIAN_POINT ( 'NONE',  ( -15.41422250796664528, -20.39633502492607420, 21.50724392152358888 ) ) ;
#5472 = ORIENTED_EDGE ( 'NONE', *, *, #2783, .F. ) ;
#5473 = CARTESIAN_POINT ( 'NONE',  ( -12.03188959949622827, 12.82314381573091033, 25.71564892755290543 ) ) ;
#5474 = DIRECTION ( 'NONE',  ( 0.000000000000000000, -2.579845169401405230E-15, 1.000000000000000000 ) ) ;
#5475 = CARTESIAN_POINT ( 'NONE',  ( -0.8184562742714154293, 15.00000000000004974, 24.68692428528066785 ) ) ;
#5476 = CARTESIAN_POINT ( 'NONE',  ( -8.450410279797488045, 7.061928818500118332, 24.89350379199368390 ) ) ;
#5477 = CARTESIAN_POINT ( 'NONE',  ( -24.20337444348011857, 19.66666666666642627, -2.651680862084999646 ) ) ;
#5478 = CARTESIAN_POINT ( 'NONE',  ( -14.70477870958994870, 15.24715843154274708, -21.98363926091543519 ) ) ;
#5479 = ORIENTED_EDGE ( 'NONE', *, *, #3173, .F. ) ;
#5480 = CARTESIAN_POINT ( 'NONE',  ( 2.390672241206785564, 59.00000000000000000, 25.29067060337579420 ) ) ;
#5481 = DIRECTION ( 'NONE',  ( 0.4640957884091367891, -2.540291824115666192E-15, -0.8857850186026529071 ) ) ;
#5482 = CARTESIAN_POINT ( 'NONE',  ( -10.96890074411355620, -19.99999999999992539, -26.09646867198167541 ) ) ;
#5483 = CARTESIAN_POINT ( 'NONE',  ( -22.27453684167782910, 15.37073764731412595, -5.377886858117929769 ) ) ;
#5484 = CARTESIAN_POINT ( 'NONE',  ( -10.28723689680263575, 14.99999999999999822, 24.36569310045175030 ) ) ;
#5485 = ORIENTED_EDGE ( 'NONE', *, *, #3580, .F. ) ;
#5486 = CARTESIAN_POINT ( 'NONE',  ( 24.28355661110034447, 15.42357347448296245, 5.791270127235123688 ) ) ;
#5487 = CARTESIAN_POINT ( 'NONE',  ( 1.617615413566833249, -20.32028255403306005, 24.94155175934892554 ) ) ;
#5488 = CARTESIAN_POINT ( 'NONE',  ( -22.78925271034798428, -17.00000000000001776, 9.065620355517335582 ) ) ;
#5489 = FACE_BOUND ( 'NONE', #3222, .T. ) ;
#5490 = CARTESIAN_POINT ( 'NONE',  ( -16.39309940474103655, 14.99999999999992717, -23.06764737967273859 ) ) ;
#5491 = CARTESIAN_POINT ( 'NONE',  ( 14.44652871324210430, -9.572667263310043140, 22.58238107477471246 ) ) ;
#5492 = CARTESIAN_POINT ( 'NONE',  ( 1.622240162678139308, -10.54720883540342591, -24.43435890121894261 ) ) ;
#5493 = EDGE_CURVE ( 'NONE', #881, #1895, #5148, .T. ) ;
#5494 = CARTESIAN_POINT ( 'NONE',  ( 15.05016633548384952, 15.00000000000004796, 21.17764135295201910 ) ) ;
#5495 = CARTESIAN_POINT ( 'NONE',  ( 13.35080488151607092, 6.249018928329682865, -25.05569098217814883 ) ) ;
#5496 = DIRECTION ( 'NONE',  ( 0.000000000000000000, -2.478176394252590410E-15, -1.000000000000000000 ) ) ;
#5497 = CARTESIAN_POINT ( 'NONE',  ( 28.23926228026001084, -14.82576655608129812, 2.765455344871721177 ) ) ;
#5498 = EDGE_LOOP ( 'NONE', ( #4663, #2968, #3916, #3515 ) ) ;
#5499 = CARTESIAN_POINT ( 'NONE',  ( -17.75030159798590645, -10.42861540691522038, 19.39810909892641888 ) ) ;
#5500 = DIRECTION ( 'NONE',  ( -0.4640957884091280738, -2.276824562219558917E-15, 0.8857850186026571260 ) ) ;
#5501 = B_SPLINE_CURVE_WITH_KNOTS ( 'NONE', 3,
 ( #3415, #1049, #4754, #1223, #3443, #4780, #4314, #1733 ),
 .UNSPECIFIED., .F., .F.,
 ( 4, 2, 2, 4 ),
 ( -0.003047145143035967854, 0.005840047504239900822, 0.01472724015151576950, 0.03250162544606751552 ),
 .UNSPECIFIED. ) ;
#5502 = CARTESIAN_POINT ( 'NONE',  ( -25.81567311837512690, 14.99999999999997691, -2.473713961880226631 ) ) ;
#5503 = CARTESIAN_POINT ( 'NONE',  ( 11.82999692123351743, 14.06350511600921216, -25.80852768810517261 ) ) ;
#5504 = CARTESIAN_POINT ( 'NONE',  ( -8.096279414436825306, -19.66666666666667851, -26.44056830246666934 ) ) ;
#5505 = ADVANCED_FACE ( 'NONE', ( #1480 ), #1835, .F. ) ;
#5506 = ORIENTED_EDGE ( 'NONE', *, *, #2481, .T. ) ;
#5507 = CARTESIAN_POINT ( 'NONE',  ( -1.374093563344093161, 14.99999999999992717, -24.47941186013665416 ) ) ;
#5508 = DIRECTION ( 'NONE',  ( 0.000000000000000000, 0.000000000000000000, 1.000000000000000000 ) ) ;
#5509 = CARTESIAN_POINT ( 'NONE',  ( -12.12089894215908004, 59.00000000000000711, 16.99701808108650880 ) ) ;
#5510 = FACE_OUTER_BOUND ( 'NONE', #4855, .T. ) ;
#5511 = AXIS2_PLACEMENT_3D ( 'NONE', #1487, #4988, #1853 ) ;
#5512 = CARTESIAN_POINT ( 'NONE',  ( -12.06111594785053853, -4.999999999999890754, -23.33377880491169165 ) ) ;
#5513 = CARTESIAN_POINT ( 'NONE',  ( -10.26827856552972840, 15.12357921577139308, 24.37364969079174770 ) ) ;
#5514 = VERTEX_POINT ( 'NONE', #1981 ) ;
#5515 = CARTESIAN_POINT ( 'NONE',  ( 28.31051038285712451, 11.08101905392371300, -2.126517600173380096 ) ) ;
#5516 = CARTESIAN_POINT ( 'NONE',  ( 16.43588000617029721, 14.06350562473834032, 23.14933836893272101 ) ) ;
#5517 = CARTESIAN_POINT ( 'NONE',  ( 11.82135372088221992, 5.000000000000047073, -23.72182609748906046 ) ) ;
#5518 = CARTESIAN_POINT ( 'NONE',  ( -26.35504590640870859, -17.00000000000000000, 1.010156733501033743 ) ) ;
#5519 = DIRECTION ( 'NONE',  ( 4.064784181921418638E-16, -1.000000000000000000, 2.538572003884065318E-15 ) ) ;
#5520 = CARTESIAN_POINT ( 'NONE',  ( 10.26829325718459351, 15.12357921577139841, -24.37362905426165227 ) ) ;
#5521 = CARTESIAN_POINT ( 'NONE',  ( 14.80074073284208680, -7.073516023618201309, 22.35311121706826043 ) ) ;
#5522 = CARTESIAN_POINT ( 'NONE',  ( -28.17371833870864606, 14.99999999999998224, 2.663016841433014203 ) ) ;
#5523 = EDGE_CURVE ( 'NONE', #2700, #3627, #1270, .T. ) ;
#5524 = CARTESIAN_POINT ( 'NONE',  ( -2.390672241206766468, -59.00000000000000000, 25.29067060337580131 ) ) ;
#5525 = CARTESIAN_POINT ( 'NONE',  ( 11.97257093108583526, -16.04068483208572360, -23.42078465874414306 ) ) ;
#5526 = DIRECTION ( 'NONE',  ( 1.003456252704766818E-16, -1.000000000000000000, -2.539663957332261757E-15 ) ) ;
#5527 = DIRECTION ( 'NONE',  ( 1.003456252704766818E-16, -1.000000000000000000, -2.539663957332261757E-15 ) ) ;
#5528 = ADVANCED_FACE ( 'NONE', ( #2013 ), #2618, .T. ) ;
#5529 = EDGE_LOOP ( 'NONE', ( #5485, #919, #332, #737 ) ) ;
#5530 = CARTESIAN_POINT ( 'NONE',  ( -12.13972244383610821, 15.24715843154282702, 23.77007336375978852 ) ) ;
#5531 = CARTESIAN_POINT ( 'NONE',  ( 26.65031702558531990, -15.79119993234649044, 1.462689356773876570 ) ) ;
#5532 = CARTESIAN_POINT ( 'NONE',  ( 5.759246651849537102, 15.00000000000006217, 24.06495001830892022 ) ) ;
#5533 = FACE_BOUND ( 'NONE', #2034, .T. ) ;
#5534 = FACE_OUTER_BOUND ( 'NONE', #5743, .T. ) ;
#5535 = CARTESIAN_POINT ( 'NONE',  ( -10.02321644125549760, -15.00000000000000178, -24.73720597232233587 ) ) ;
#5536 = VECTOR ( 'NONE', #3040, 1000.000000000000114 ) ;
#5537 = ORIENTED_EDGE ( 'NONE', *, *, #4285, .F. ) ;
#5538 = CARTESIAN_POINT ( 'NONE',  ( 20.51274575890841234, 14.99999999999996625, -13.42970586310095982 ) ) ;
#5539 = PRODUCT_CONTEXT ( 'NONE', #2411, 'mechanical' ) ;
#5540 = CARTESIAN_POINT ( 'NONE',  ( -13.41298218539105314, 19.66666666666638719, 18.30870609644759028 ) ) ;
#5541 = AXIS2_PLACEMENT_3D ( 'NONE', #2748, #3275, #3646 ) ;
#5542 = CARTESIAN_POINT ( 'NONE',  ( 15.95255163335362525, -18.38117820633496180, -20.80428115459176297 ) ) ;
#5543 = CARTESIAN_POINT ( 'NONE',  ( -17.77968095179421582, 5.000000000000060396, -14.45372079077807470 ) ) ;
#5544 = ORIENTED_EDGE ( 'NONE', *, *, #1741, .T. ) ;
#5545 = VECTOR ( 'NONE', #1506, 1000.000000000000114 ) ;
#5546 = CARTESIAN_POINT ( 'NONE',  ( -10.76027581502398078, 15.37073764731418635, 23.64785661513008819 ) ) ;
#5547 = ORIENTED_EDGE ( 'NONE', *, *, #479, .F. ) ;
#5548 = CARTESIAN_POINT ( 'NONE',  ( 18.85548570229868304, 0.4070775942281535387, 16.32615370327389215 ) ) ;
#5549 = CARTESIAN_POINT ( 'NONE',  ( 2.082305967146456549, -17.34478425243757016, 24.88661555824938532 ) ) ;
#5550 = CARTESIAN_POINT ( 'NONE',  ( 14.51562625453947319, 15.24715843154283057, 22.39834450787420650 ) ) ;
#5551 = CARTESIAN_POINT ( 'NONE',  ( -22.20116274598947470, 13.87576285766655815, -10.35407261718798821 ) ) ;
#5552 = CARTESIAN_POINT ( 'NONE',  ( 3.933441363592312449E-15, -14.99999999999999467, -3.719383219489316215E-14 ) ) ;
#5553 = FACE_OUTER_BOUND ( 'NONE', #5707, .T. ) ;
#5554 = LINE ( 'NONE', #2916, #5536 ) ;
#5555 = CARTESIAN_POINT ( 'NONE',  ( 12.19447445144124487, -17.52811469235800601, -23.31230668946803775 ) ) ;
#5556 = FACE_OUTER_BOUND ( 'NONE', #3706, .T. ) ;
#5557 = CARTESIAN_POINT ( 'NONE',  ( -18.04201847900543854, -12.82134402679648488, 19.13251285560361481 ) ) ;
#5558 = CARTESIAN_POINT ( 'NONE',  ( 26.22588988152218903, -13.39780002488183541, -1.804030903032714406 ) ) ;
#5559 = ORIENTED_EDGE ( 'NONE', *, *, #1519, .F. ) ;
#5560 = CARTESIAN_POINT ( 'NONE',  ( -17.91699714643250019, -11.79280228065970526, 19.24706614165342700 ) ) ;
#5561 = DIRECTION ( 'NONE',  ( -0.5792811723426827264, -2.878063948779773533E-14, 0.8151277957285515408 ) ) ;
#5562 = CARTESIAN_POINT ( 'NONE',  ( 12.50551903067129267, -15.66657341253397462, 24.61518117387056748 ) ) ;
#5563 = CARTESIAN_POINT ( 'NONE',  ( -16.00677486909330938, 15.37073764731412240, -21.05453718093998816 ) ) ;
#5564 = CARTESIAN_POINT ( 'NONE',  ( 13.03015658443846014, 6.610177251058470205, -25.22381581173787168 ) ) ;
#5565 = CARTESIAN_POINT ( 'NONE',  ( 2.390672241206769577, -59.00000000000000000, -25.29067060337579065 ) ) ;
#5566 = ORIENTED_EDGE ( 'NONE', *, *, #4251, .T. ) ;
#5567 = CARTESIAN_POINT ( 'NONE',  ( 7.395852653053289316, 14.99999999999993072, -25.31213119705656567 ) ) ;
#5568 = CARTESIAN_POINT ( 'NONE',  ( -1.605770096491089927, -19.99999999999991829, -24.92602341263437182 ) ) ;
#5569 = CARTESIAN_POINT ( 'NONE',  ( 14.17708716202499630, -4.999999999999912070, -22.11212221327560812 ) ) ;
#5570 = CARTESIAN_POINT ( 'NONE',  ( -18.68772489810606530, 15.37073764731411174, -13.26077989747797048 ) ) ;
#5571 = CARTESIAN_POINT ( 'NONE',  ( 26.45621193197947107, -4.999999999999874767, 1.623400140212554854 ) ) ;
#5572 = CARTESIAN_POINT ( 'NONE',  ( -13.50651304702541822, -4.999999999999904965, 22.52789704507715385 ) ) ;
#5573 = ORIENTED_EDGE ( 'NONE', *, *, #4430, .F. ) ;
#5574 = CARTESIAN_POINT ( 'NONE',  ( 14.90781463439890864, -11.57273654766177806, 21.66052484051148852 ) ) ;
#5575 = CARTESIAN_POINT ( 'NONE',  ( 15.99691120001575229, 11.08101955093397173, 23.45435981833101380 ) ) ;
#5576 = CARTESIAN_POINT ( 'NONE',  ( 13.07820145876592477, 5.000000000000019540, 23.33368189423677919 ) ) ;
#5577 = CARTESIAN_POINT ( 'NONE',  ( -15.05016633548381400, 14.99999999999996447, -21.17764135295203332 ) ) ;
#5578 = CARTESIAN_POINT ( 'NONE',  ( -2.158030781528597508, 15.24715843154282169, 22.81217135088086323 ) ) ;
#5579 = CARTESIAN_POINT ( 'NONE',  ( 11.52839665507422140, -13.06256360200641531, -23.63683741139852756 ) ) ;
#5580 = CARTESIAN_POINT ( 'NONE',  ( -13.50399888244379021, 3.629542860964658058, 24.97930950877040956 ) ) ;
#5581 = CARTESIAN_POINT ( 'NONE',  ( -18.95131998261031470, -18.38117820633503285, 12.91456051925380422 ) ) ;
#5582 = ORIENTED_EDGE ( 'NONE', *, *, #1298, .T. ) ;
#5583 = CARTESIAN_POINT ( 'NONE',  ( -15.29947399121621565, 8.668047935109990831, 21.38150866358054003 ) ) ;
#5584 = DIRECTION ( 'NONE',  ( -2.570876910638827293E-15, 1.000000000000000000, 3.348110448455684205E-14 ) ) ;
#5585 = CARTESIAN_POINT ( 'NONE',  ( 8.096279414436789779, -19.66666666666667851, 26.44056830246664092 ) ) ;
#5586 = DIRECTION ( 'NONE',  ( 0.8857850186026574590, -8.673617379884025611E-16, 0.4640957884091275187 ) ) ;
#5587 = CARTESIAN_POINT ( 'NONE',  ( -10.69781965423913483, -15.79119993234646913, -23.67633323440782789 ) ) ;
#5588 = CARTESIAN_POINT ( 'NONE',  ( -12.43579919305102521, -20.00000000000006040, 23.14554068097485739 ) ) ;
#5589 = CARTESIAN_POINT ( 'NONE',  ( 15.43768950114068517, -9.008072763945678574, -23.82690868487891223 ) ) ;
#5590 = ORIENTED_EDGE ( 'NONE', *, *, #1077, .F. ) ;
#5591 = CARTESIAN_POINT ( 'NONE',  ( 25.61887496710225420, 14.99999999999998224, -6.251069318337563629 ) ) ;
#5592 = CARTESIAN_POINT ( 'NONE',  ( -15.54891453110569799, 9.166671595227214198, -23.67150322006829555 ) ) ;
#5593 = CARTESIAN_POINT ( 'NONE',  ( 16.99097743470471400, -19.38875661563054464, -20.59296344205722562 ) ) ;
#5594 = CARTESIAN_POINT ( 'NONE',  ( -26.23647706476112162, 5.000000000000060396, 1.221599578131012498 ) ) ;
#5595 = CARTESIAN_POINT ( 'NONE',  ( -25.86356654151166978, 15.12357921577139663, 2.465089167498531797 ) ) ;
#5596 = VERTEX_POINT ( 'NONE', #4795 ) ;
#5597 = EDGE_CURVE ( 'NONE', #4405, #1255, #3217, .T. ) ;
#5598 = CARTESIAN_POINT ( 'NONE',  ( 17.79216904614407468, 10.77653668240800400, 19.35899833978685791 ) ) ;
#5599 = VECTOR ( 'NONE', #1481, 1000.000000000000114 ) ;
#5600 = CARTESIAN_POINT ( 'NONE',  ( 7.077867038057002347, -15.80026953679316115, 25.33256897890232295 ) ) ;
#5601 = CARTESIAN_POINT ( 'NONE',  ( 19.03954362898360131, -19.38875661563043096, -12.79868016503415973 ) ) ;
#5602 = CARTESIAN_POINT ( 'NONE',  ( 2.227671861124533859, -58.99999999999993605, -23.56630669860018656 ) ) ;
#5603 = CARTESIAN_POINT ( 'NONE',  ( -24.05663433121385708, 9.969337236003697811, -6.615826572298295183 ) ) ;
#5604 = CARTESIAN_POINT ( 'NONE',  ( 10.46287449041622430, -17.37359979703953528, 23.78370559485090396 ) ) ;
#5605 = CARTESIAN_POINT ( 'NONE',  ( 16.05174211256823469, -6.489973207269037481, 20.43028088385728580 ) ) ;
#5606 = CARTESIAN_POINT ( 'NONE',  ( 11.92955674257846965, 15.19176217335242818, -25.76217333560645883 ) ) ;
#5607 = LINE ( 'NONE', #258, #2216 ) ;
#5608 = CARTESIAN_POINT ( 'NONE',  ( -10.26827856552972840, 15.12357921577139308, 24.37364969079174770 ) ) ;
#5609 = VERTEX_POINT ( 'NONE', #5258 ) ;
#5610 = CARTESIAN_POINT ( 'NONE',  ( -18.05115649301760783, 7.241922124809754280, 17.21482392718359833 ) ) ;
#5611 = CARTESIAN_POINT ( 'NONE',  ( 10.43180216787221504, -15.79119993234648689, 24.04642431754770016 ) ) ;
#5612 = PLANE ( 'NONE',  #49 ) ;
#5613 = CARTESIAN_POINT ( 'NONE',  ( -15.53673249063897899, 15.24715843154274886, -21.11062902776835060 ) ) ;
#5614 = CARTESIAN_POINT ( 'NONE',  ( 6.287154027560367453, -20.00000000000005329, 25.51269743621127972 ) ) ;
#5615 = DIRECTION ( 'NONE',  ( 0.000000000000000000, -2.478176394252582521E-15, 1.000000000000000000 ) ) ;
#5616 = ORIENTED_EDGE ( 'NONE', *, *, #445, .F. ) ;
#5617 = CARTESIAN_POINT ( 'NONE',  ( 16.46044679047922799, 15.37073764731424319, 21.01050184289107392 ) ) ;
#5618 = CARTESIAN_POINT ( 'NONE',  ( 17.49242488814277507, -15.00000000000003197, 17.68055711769837757 ) ) ;
#5619 = VECTOR ( 'NONE', #3733, 1000.000000000000000 ) ;
#5620 = CARTESIAN_POINT ( 'NONE',  ( 2.390672241206779347, 59.00000000000054001, 25.29067060337578710 ) ) ;
#5621 = CARTESIAN_POINT ( 'NONE',  ( -26.39351384460604422, -15.00000000000000000, -1.701959748368616854 ) ) ;
#5622 = CARTESIAN_POINT ( 'NONE',  ( 26.39077933508112395, 15.24715843154279682, -1.742892411548072173 ) ) ;
#5623 = VERTEX_POINT ( 'NONE', #3060 ) ;
#5624 = CARTESIAN_POINT ( 'NONE',  ( 22.26036115958403627, -14.99999999999999112, -5.429209983494626357 ) ) ;
#5625 = CARTESIAN_POINT ( 'NONE',  ( -25.85978248126653511, 15.37073764731418812, 2.505256100026911348 ) ) ;
#5626 = EDGE_LOOP ( 'NONE', ( #1496, #3175, #286, #4991 ) ) ;
#5627 = AXIS2_PLACEMENT_3D ( 'NONE', #4230, #2031, #2518 ) ;
#5628 = CARTESIAN_POINT ( 'NONE',  ( 16.48517262386127769, 0.3463766697646275539, 20.47868808095753934 ) ) ;
#5629 = EDGE_CURVE ( 'NONE', #4750, #1361, #560, .T. ) ;
#5630 = CARTESIAN_POINT ( 'NONE',  ( -3.097334047778256494, 10.83469255204996351, 24.75800298132931587 ) ) ;
#5631 = CARTESIAN_POINT ( 'NONE',  ( 10.76027581502414243, 15.37073764731419345, -23.64785661513001003 ) ) ;
#5632 = CARTESIAN_POINT ( 'NONE',  ( 13.56757232633692567, 14.99999999999994671, 25.17163048293888750 ) ) ;
#5633 = CARTESIAN_POINT ( 'NONE',  ( -28.35368365885800301, -9.008006737158172683, -1.455768304020426118 ) ) ;
#5634 = CARTESIAN_POINT ( 'NONE',  ( 14.17617485772347052, 5.000000000000030198, 22.11065585329802730 ) ) ;
#5635 = CARTESIAN_POINT ( 'NONE',  ( -17.91534408088085684, -8.530661322876893493, -17.36436170248345690 ) ) ;
#5636 = CARTESIAN_POINT ( 'NONE',  ( -28.92111323629437791, 15.00000000000004086, 25.33415104505044013 ) ) ;
#5637 = CARTESIAN_POINT ( 'NONE',  ( 3.993591262664974920E-15, -17.00000000000003908, 19.49999999999995737 ) ) ;
#5638 = CARTESIAN_POINT ( 'NONE',  ( -14.63302716414114890, 5.000000000000044409, -22.09850567815021094 ) ) ;
#5639 = CARTESIAN_POINT ( 'NONE',  ( -23.85908641239293360, -5.551438797485699794, 7.279460187969085894 ) ) ;
#5640 = CARTESIAN_POINT ( 'NONE',  ( -18.79381880666933569, -16.58239986469301996, 13.12143580505671991 ) ) ;
#5641 = CARTESIAN_POINT ( 'NONE',  ( -19.45973330984220695, -6.395505513990506152, 15.60738122706857034 ) ) ;
#5642 = CARTESIAN_POINT ( 'NONE',  ( 14.86042955481450711, 14.99999999999999822, 21.59206242499385553 ) ) ;
#5643 = EDGE_CURVE ( 'NONE', #28, #704, #3009, .T. ) ;
#5644 = CARTESIAN_POINT ( 'NONE',  ( 15.05016633548363991, -14.99999999999993605, -21.17764135295219319 ) ) ;
#5645 = CARTESIAN_POINT ( 'NONE',  ( 6.648327505879303878, -16.58239986469290628, -21.93553391805065544 ) ) ;
#5646 = CARTESIAN_POINT ( 'NONE',  ( 7.024193768933358853E-16, -6.999999999999990230, -1.777764770132580863E-14 ) ) ;
#5647 = CARTESIAN_POINT ( 'NONE',  ( 14.37300530821445577, 15.48687194828886859, -22.02759348112850546 ) ) ;
#5648 = LINE ( 'NONE', #2175, #4872 ) ;
#5649 = EDGE_LOOP ( 'NONE', ( #675, #1205 ) ) ;
#5650 = DIRECTION ( 'NONE',  ( 4.064784181921418638E-16, -1.000000000000000000, 2.538572003884065318E-15 ) ) ;
#5651 = CARTESIAN_POINT ( 'NONE',  ( 14.67219251942295699, 3.333237074946402867, 24.22774502288507392 ) ) ;
#5652 = CARTESIAN_POINT ( 'NONE',  ( -14.57365481771987881, 3.267998762552901670, -24.37072075749784972 ) ) ;
#5653 = CARTESIAN_POINT ( 'NONE',  ( -2.041837911490327784, -13.27470360660566762, 24.40937680172434199 ) ) ;
#5654 = CARTESIAN_POINT ( 'NONE',  ( -25.79754879724625383, -19.38875661563048070, -3.158219373125699114 ) ) ;
#5655 = VERTEX_POINT ( 'NONE', #5372 ) ;
#5656 = CARTESIAN_POINT ( 'NONE',  ( 26.45621193197947107, -4.999999999999874767, 1.623400140212554854 ) ) ;
#5657 = CARTESIAN_POINT ( 'NONE',  ( 16.68231854983157447, -16.99999999999992539, -22.85985725571289251 ) ) ;
#5658 = EDGE_LOOP ( 'NONE', ( #3486, #2296, #2854, #3512 ) ) ;
#5659 = CARTESIAN_POINT ( 'NONE',  ( 16.92946157032648458, -17.46487987451537194, 18.36028365321712030 ) ) ;
#5660 = CARTESIAN_POINT ( 'NONE',  ( -8.336013431966698306, 7.796406481319761106, 24.93382480203525375 ) ) ;
#5661 = CARTESIAN_POINT ( 'NONE',  ( 15.05016633548364702, -15.00000000000000178, -21.17764135295217898 ) ) ;
#5662 = CARTESIAN_POINT ( 'NONE',  ( 21.78873170949186289, 14.99999999999997158, -11.63465821723433180 ) ) ;
#5663 = CARTESIAN_POINT ( 'NONE',  ( -25.71942311162552741, -9.064457400076872062, -5.452707717223283623 ) ) ;
#5664 = CARTESIAN_POINT ( 'NONE',  ( 10.69781965423929648, -15.79119993234651176, 23.67633323440775328 ) ) ;
#5665 = VECTOR ( 'NONE', #3968, 1000.000000000000114 ) ;
#5666 = CARTESIAN_POINT ( 'NONE',  ( 26.23715154560084173, 15.37073764731425030, -3.335005183124393646 ) ) ;
#5667 = B_SPLINE_SURFACE_WITH_KNOTS ( 'NONE', 3, 3, ( 
 ( #2718, #4548, #1015, #4021, #68, #957, #2374, #2802, #496, #37, #2293, #2263, #123, #4051, #5389, #4574, #1878, #1820, #4933 ),
 ( #3246, #3588, #5360, #928, #1851, #1371, #529, #4904, #3135, #3165, #4491, #3616, #2690, #96, #3556, #1400, #3191, #4960, #2747 ),
 ( #4139, #3645, #4519, #2322, #898, #4080, #5415, #1428, #3219, #4987, #987, #2777, #5442, #5014, #1455, #552, #1340, #4111, #152 ),
 ( #2347, #1905, #3673, #579, #5331, #4460, #464, #206, #179, #4602, #4221, #665, #1153, #3303, #5070, #1069, #4193, #3379, #1991 ),
 ( #2456, #1605, #3331, #257, #2431, #4275, #3755, #1937, #5096, #5469, #2865, #1097, #2022, #1121, #1965, #4630, #3814, #3703, #2509 ),
 ( #2890, #638, #5555, #5525, #1485, #5579, #1575, #610, #3274, #2404, #2948, #2917, #2049, #4685, #1545, #3727, #232, #692, #3787 ),
 ( #4660, #3354, #5122, #4166, #2482, #5149, #4714, #720, #4247, #5042, #1040, #2832, #5495, #1513, #4339, #3070, #314, #4839, #5606 ) ),
 .UNSPECIFIED., .F., .F., .F.,
 ( 4, 3, 4 ),
 ( 4, 3, 3, 3, 3, 3, 4 ),
 ( -0.02734807911809034389, -0.01299036839724691632, 0.001367342323596512556 ),
 ( -0.03539633502492600670, -0.03092545094089598975, -0.02645456685686597281, -0.01751279868880594240, -0.008571030520745908515, -0.004100146436715891574, 0.0003707376473141253139 ),
 .UNSPECIFIED. ) ;
#5668 = CARTESIAN_POINT ( 'NONE',  ( -15.95766553767858120, 14.99999999999999822, -21.09185742157166388 ) ) ;
#5669 = CARTESIAN_POINT ( 'NONE',  ( -19.94597559962098643, -11.38919067082888681, 14.99273563761938455 ) ) ;
#5670 = CARTESIAN_POINT ( 'NONE',  ( -21.40712985991820716, 5.000000000000061284, 8.170794980047103806 ) ) ;
#5671 = CARTESIAN_POINT ( 'NONE',  ( -18.90769352284936389, -0.9404693914370836350, 16.26059548763180373 ) ) ;
#5672 = CARTESIAN_POINT ( 'NONE',  ( 26.01856118769771342, 5.000000000000055955, -0.8198565093715683982 ) ) ;
#5673 = EDGE_CURVE ( 'NONE', #1411, #1924, #4032, .T. ) ;
#5674 = CARTESIAN_POINT ( 'NONE',  ( 7.076426251263163714, -17.00000000000003197, 25.40801649874168078 ) ) ;
#5675 = CARTESIAN_POINT ( 'NONE',  ( 5.038175470075116458, -4.999999999999968026, -22.35354656602872936 ) ) ;
#5676 = CARTESIAN_POINT ( 'NONE',  ( 17.32299307428700885, 13.93601168912890742, -17.96999919117888567 ) ) ;
#5677 = LINE ( 'NONE', #5278, #2919 ) ;
#5678 = ORIENTED_EDGE ( 'NONE', *, *, #4789, .T. ) ;
#5679 = CYLINDRICAL_SURFACE ( 'NONE', #3395, 1.399999999999995914 ) ;
#5680 = CARTESIAN_POINT ( 'NONE',  ( 26.08931834717546394, -16.99999999999997158, -1.610407136587425736 ) ) ;
#5681 = CARTESIAN_POINT ( 'NONE',  ( 26.94634354764437134, 19.66666666666639784, -6.208700502192163739 ) ) ;
#5682 = CARTESIAN_POINT ( 'NONE',  ( 11.27750433692776078, 11.39584471348262795, 23.75297925498244211 ) ) ;
#5683 = CARTESIAN_POINT ( 'NONE',  ( -26.63593396855475248, -17.37359979703946067, -1.727102747917912184 ) ) ;
#5684 = EDGE_LOOP ( 'NONE', ( #4735, #3139, #3654, #500 ) ) ;
#5685 = CARTESIAN_POINT ( 'NONE',  ( 25.86167451138912199, 15.24715843154279682, -2.485172633762544603 ) ) ;
#5686 = CARTESIAN_POINT ( 'NONE',  ( -26.02623550448753775, -16.58239986469303062, -3.118586243716932938 ) ) ;
#5687 = FACE_OUTER_BOUND ( 'NONE', #1643, .T. ) ;
#5688 = CARTESIAN_POINT ( 'NONE',  ( 1.705875629598102802E-15, -16.99999999999994316, -19.50000000000004263 ) ) ;
#5689 = CARTESIAN_POINT ( 'NONE',  ( -1.302922022010310377, -8.470239438281009114, 24.45172496476425295 ) ) ;
#5690 = CARTESIAN_POINT ( 'NONE',  ( 15.11825647932013439, -6.333330283777998559, -23.93307912113697711 ) ) ;
#5691 = CARTESIAN_POINT ( 'NONE',  ( -26.09091630953412277, 4.576226784169639572, -3.231677055357244033 ) ) ;
#5692 = B_SPLINE_CURVE_WITH_KNOTS ( 'NONE', 3,
 ( #4379, #1883, #4117, #1858, #2782, #3253, #875, #5336, #905, #4026 ),
 .UNSPECIFIED., .F., .F.,
 ( 4, 2, 2, 2, 4 ),
 ( 0.000000000000000000, 0.004062703180758440308, 0.008125406361516880616, 0.01625081272303376123, 0.03250162544606751552 ),
 .UNSPECIFIED. ) ;
#5693 = CARTESIAN_POINT ( 'NONE',  ( 10.81529223615083346, -14.99999999999999822, 23.62264705418618149 ) ) ;
#5694 = ADVANCED_FACE ( 'NONE', ( #3177 ), #3602, .F. ) ;
#5695 = CARTESIAN_POINT ( 'NONE',  ( 25.79754879724624672, -19.38875661563040254, 3.158219373125863427 ) ) ;
#5696 = CARTESIAN_POINT ( 'NONE',  ( -28.36494535357931213, -8.294262450886664695, -1.329809454785857437 ) ) ;
#5697 = CARTESIAN_POINT ( 'NONE',  ( -20.51128830408782022, -17.34478425243758082, 14.24663764512541597 ) ) ;
#5698 = CARTESIAN_POINT ( 'NONE',  ( -26.41571457897921960, -15.79119993234651531, -3.819853564996448014 ) ) ;
#5699 = CARTESIAN_POINT ( 'NONE',  ( -22.71996951425974487, 15.30324122131322362, 10.34467556595013171 ) ) ;
#5700 = CARTESIAN_POINT ( 'NONE',  ( 15.05016633548394545, 14.99999999999999822, 21.17764135295196937 ) ) ;
#5701 = EDGE_CURVE ( 'NONE', #682, #4578, #1469, .T. ) ;
#5702 = EDGE_CURVE ( 'NONE', #1431, #3383, #1832, .T. ) ;
#5703 = DIRECTION ( 'NONE',  ( 4.064784181921418638E-16, -1.000000000000000000, 2.538572003884065318E-15 ) ) ;
#5704 = CARTESIAN_POINT ( 'NONE',  ( 11.25067891602179060, 15.12357921577137887, -23.67426614800340445 ) ) ;
#5705 = CARTESIAN_POINT ( 'NONE',  ( 17.49641403982228738, -8.350974964376016274, -19.62806227862320085 ) ) ;
#5706 = CARTESIAN_POINT ( 'NONE',  ( -10.42977133535740464, -14.99999999999999467, 1.591342167017226750 ) ) ;
#5707 = EDGE_LOOP ( 'NONE', ( #2676, #5031, #4158, #759, #909 ) ) ;
#5708 = CARTESIAN_POINT ( 'NONE',  ( 32.29865374360192476, 23.00000000000001421, 4.504105499531402934 ) ) ;
#5709 = CARTESIAN_POINT ( 'NONE',  ( -13.16752627002756348, -6.333330283778000336, -25.05933373258838870 ) ) ;
#5710 = VECTOR ( 'NONE', #4697, 1000.000000000000114 ) ;
#5711 = CARTESIAN_POINT ( 'NONE',  ( 7.064094010491758446, -15.88393783638896650, 25.33652111623749192 ) ) ;
#5712 = CARTESIAN_POINT ( 'NONE',  ( -26.36686614119618710, -17.37359979703946067, -2.094981062650925541 ) ) ;
#5713 = ORIENTED_EDGE ( 'NONE', *, *, #192, .T. ) ;
#5714 = CARTESIAN_POINT ( 'NONE',  ( 12.41244423425846044, -17.00000000000005329, 24.56641581871657465 ) ) ;
#5715 = CARTESIAN_POINT ( 'NONE',  ( -26.45622119329312483, -4.999999999999874767, -1.623417206834890880 ) ) ;
#5716 = ORIENTED_EDGE ( 'NONE', *, *, #2944, .F. ) ;
#5717 = CARTESIAN_POINT ( 'NONE',  ( -11.60489468537928381, -15.79119993234646913, -23.76624189446935986 ) ) ;
#5718 = VECTOR ( 'NONE', #4461, 1000.000000000000114 ) ;
#5719 = CARTESIAN_POINT ( 'NONE',  ( -11.97258870906830985, -16.04068507551841094, 23.42078285602156029 ) ) ;
#5720 = DIRECTION ( 'NONE',  ( 4.064784181921418638E-16, -1.000000000000000000, 2.538572003884065318E-15 ) ) ;
#5721 = CARTESIAN_POINT ( 'NONE',  ( -16.92948029969723223, -17.46487946486059428, -18.36025817188968290 ) ) ;
#5722 = CARTESIAN_POINT ( 'NONE',  ( -19.88334889000279304, -16.00083839608359071, -14.32100181365754743 ) ) ;
#5723 = EDGE_LOOP ( 'NONE', ( #209, #3308, #1982, #1389 ) ) ;
#5724 = CARTESIAN_POINT ( 'NONE',  ( 20.70702710066436580, 59.00000000000000000, -14.71571819469524378 ) ) ;
#5725 = VECTOR ( 'NONE', #1179, 1000.000000000000114 ) ;
#5726 = CARTESIAN_POINT ( 'NONE',  ( 26.04846701343369730, 15.37073764731425030, -2.920130641575568564 ) ) ;
#5727 = CARTESIAN_POINT ( 'NONE',  ( -25.59025406110977841, -12.82134397313798146, -6.058586077289974448 ) ) ;
#5728 = CARTESIAN_POINT ( 'NONE',  ( -22.03423034190542751, -11.44951468550235951, 10.68810185170779548 ) ) ;
#5729 = CARTESIAN_POINT ( 'NONE',  ( -26.12786097181243150, 15.12357921577139663, 2.093751435603131927 ) ) ;
#5730 = CARTESIAN_POINT ( 'NONE',  ( -28.25317172284180600, -14.82619315584206809, -2.795733724395328856 ) ) ;
#5731 = CARTESIAN_POINT ( 'NONE',  ( 25.85978248126655288, 15.37073764731425030, -2.505256100026743482 ) ) ;
#5732 = CARTESIAN_POINT ( 'NONE',  ( -21.78873170949177762, 15.00000000000001066, 11.63465821723448990 ) ) ;
#5733 = CARTESIAN_POINT ( 'NONE',  ( 15.38377059775315736, 8.038506712521995112, -21.32023486025907744 ) ) ;
#5734 = CARTESIAN_POINT ( 'NONE',  ( 19.92896854817014685, 15.36335843233971232, -14.25304889976934142 ) ) ;
#5735 = ORIENTED_EDGE ( 'NONE', *, *, #479, .T. ) ;
#5736 = CARTESIAN_POINT ( 'NONE',  ( -28.92111323629437791, 15.00000000000004086, 25.33415104505044013 ) ) ;
#5737 = LINE ( 'NONE', #4292, #4652 ) ;
#5738 = CARTESIAN_POINT ( 'NONE',  ( -18.33333166697772398, 15.24629268570563134, -18.85869127686829927 ) ) ;
#5739 = CARTESIAN_POINT ( 'NONE',  ( 2.088462403617191931, -17.30271940907746142, 24.88570310065290769 ) ) ;
#5740 = CARTESIAN_POINT ( 'NONE',  ( -22.26036115958408246, 15.00000000000000711, -5.429209983494460268 ) ) ;
#5741 = VERTEX_POINT ( 'NONE', #4502 ) ;
#5742 = CARTESIAN_POINT ( 'NONE',  ( 11.77482260849602014, -17.00000000000005684, 25.44027640461277429 ) ) ;
#5743 = EDGE_LOOP ( 'NONE', ( #4149, #1975, #73, #3678 ) ) ;
#5744 = CARTESIAN_POINT ( 'NONE',  ( -4.628573982581674073, -19.99999999999997513, -7.380970566741162919 ) ) ;
#5745 = CARTESIAN_POINT ( 'NONE',  ( -1.989960162702173241, -12.93915230911304626, 24.41351874979070402 ) ) ;
#5746 = CARTESIAN_POINT ( 'NONE',  ( 20.83493529611078543, 15.24715843154278616, -9.537176196487674673 ) ) ;
#5747 = DIRECTION ( 'NONE',  ( 0.000000000000000000, -2.478176394252588832E-15, -1.000000000000000000 ) ) ;
#5748 = CARTESIAN_POINT ( 'NONE',  ( 28.26660531811292998, -15.74590274713849958, 2.647631758988412187 ) ) ;
#5749 = NEXT_ASSEMBLY_USAGE_OCCURRENCE ( 'NAUO1', ' ', ' ', #1877, #1259, $ ) ;
#5750 = NEXT_ASSEMBLY_USAGE_OCCURRENCE ( 'NAUO2', ' ', ' ', #1877, #3509, $ ) ;
#5751 = NEXT_ASSEMBLY_USAGE_OCCURRENCE ( 'NAUO3', ' ', ' ', #1877, #1803, $ ) ;
ENDSEC;
END-ISO-10303-21;
