ISO-10303-21;
HEADER;
FILE_DESCRIPTION(('FreeCAD Model'),'2;1');
FILE_NAME('Open CASCADE Shape Model','2026-10-04T20:10:32',('FreeCAD'),(
    'FreeCAD'),'Open CASCADE STEP processor 7.5','FreeCAD','Unknown');
FILE_SCHEMA(('AUTOMOTIVE_DESIGN { 1 0 10303 214 1 1 1 1 }'));
ENDSEC;
DATA;
#1 = APPLICATION_PROTOCOL_DEFINITION('international standard',
  'automotive_design',2000,#2);
#2 = APPLICATION_CONTEXT(
  'core data for automotive mechanical design processes');
#3 = SHAPE_DEFINITION_REPRESENTATION(#4,#10);
#4 = PRODUCT_DEFINITION_SHAPE('','',#5);
#5 = PRODUCT_DEFINITION('design','',#6,#9);
#6 = PRODUCT_DEFINITION_FORMATION('','',#7);
#7 = PRODUCT('Open CASCADE STEP translator 7.5 2',
  'Open CASCADE STEP translator 7.5 2','',(#8));
#8 = PRODUCT_CONTEXT('',#2,'mechanical');
#9 = PRODUCT_DEFINITION_CONTEXT('part definition',#2,'design');
#10 = ADVANCED_BREP_SHAPE_REPRESENTATION('',(#11,#15),#3021);
#11 = AXIS2_PLACEMENT_3D('',#12,#13,#14);
#12 = CARTESIAN_POINT('',(0.,0.,0.));
#13 = DIRECTION('',(0.,0.,1.));
#14 = DIRECTION('',(1.,0.,-0.));
#15 = MANIFOLD_SOLID_BREP('',#16);
#16 = CLOSED_SHELL('',(#17,#104,#139,#174,#229,#284,#319,#354,#796,#947,
    #1113,#1444,#1503,#1847,#2224,#2267,#2320,#2347,#2398,#2423,#2481,
    #2508,#2546,#2913,#2940,#2967,#2994));
#17 = ADVANCED_FACE('',(#18),#31,.F.);
#18 = FACE_BOUND('',#19,.F.);
#19 = EDGE_LOOP('',(#20,#54,#76,#103));
#20 = ORIENTED_EDGE('',*,*,#21,.T.);
#21 = EDGE_CURVE('',#22,#22,#24,.T.);
#22 = VERTEX_POINT('',#23);
#23 = CARTESIAN_POINT('',(0.,27.5,7.733333333333));
#24 = SURFACE_CURVE('',#25,(#30,#42),.PCURVE_S1.);
#25 = CIRCLE('',#26,27.5);
#26 = AXIS2_PLACEMENT_3D('',#27,#28,#29);
#27 = CARTESIAN_POINT('',(0.,1.565414464721E-15,7.733333333333));
#28 = DIRECTION('',(0.,1.110223024625E-16,-1.));
#29 = DIRECTION('',(0.,1.,1.110223024625E-16));
#30 = PCURVE('',#31,#36);
#31 = CYLINDRICAL_SURFACE('',#32,27.5);
#32 = AXIS2_PLACEMENT_3D('',#33,#34,#35);
#33 = CARTESIAN_POINT('',(0.,-1.443289932013E-14,151.83333333333));
#34 = DIRECTION('',(0.,1.110223024625E-16,-1.));
#35 = DIRECTION('',(0.,1.,1.110223024625E-16));
#36 = DEFINITIONAL_REPRESENTATION('',(#37),#41);
#37 = LINE('',#38,#39);
#38 = CARTESIAN_POINT('',(0.,144.1));
#39 = VECTOR('',#40,1.);
#40 = DIRECTION('',(1.,0.));
#41 = ( GEOMETRIC_REPRESENTATION_CONTEXT(2) 
PARAMETRIC_REPRESENTATION_CONTEXT() REPRESENTATION_CONTEXT('2D SPACE',''
  ) );
#42 = PCURVE('',#43,#48);
#43 = PLANE('',#44);
#44 = AXIS2_PLACEMENT_3D('',#45,#46,#47);
#45 = CARTESIAN_POINT('',(0.,1.565414464721E-15,7.733333333333));
#46 = DIRECTION('',(0.,1.110223024625E-16,-1.));
#47 = DIRECTION('',(0.,1.,1.110223024625E-16));
#48 = DEFINITIONAL_REPRESENTATION('',(#49),#53);
#49 = CIRCLE('',#50,27.5);
#50 = AXIS2_PLACEMENT_2D('',#51,#52);
#51 = CARTESIAN_POINT('',(0.,0.));
#52 = DIRECTION('',(1.,0.));
#53 = ( GEOMETRIC_REPRESENTATION_CONTEXT(2) 
PARAMETRIC_REPRESENTATION_CONTEXT() REPRESENTATION_CONTEXT('2D SPACE',''
  ) );
#54 = ORIENTED_EDGE('',*,*,#55,.T.);
#55 = EDGE_CURVE('',#22,#56,#58,.T.);
#56 = VERTEX_POINT('',#57);
#57 = CARTESIAN_POINT('',(-6.73555739531E-15,27.5,6.833333333333));
#58 = SEAM_CURVE('',#59,(#62,#69),.PCURVE_S1.);
#59 = B_SPLINE_CURVE_WITH_KNOTS('',1,(#60,#61),.UNSPECIFIED.,.F.,.F.,(2,
    2),(109.5,145.),.PIECEWISE_BEZIER_KNOTS.);
#60 = CARTESIAN_POINT('',(0.,27.5,42.333333333333));
#61 = CARTESIAN_POINT('',(0.,27.5,6.833333333333));
#62 = PCURVE('',#31,#63);
#63 = DEFINITIONAL_REPRESENTATION('',(#64),#68);
#64 = LINE('',#65,#66);
#65 = CARTESIAN_POINT('',(0.,0.));
#66 = VECTOR('',#67,1.);
#67 = DIRECTION('',(0.,1.));
#68 = ( GEOMETRIC_REPRESENTATION_CONTEXT(2) 
PARAMETRIC_REPRESENTATION_CONTEXT() REPRESENTATION_CONTEXT('2D SPACE',''
  ) );
#69 = PCURVE('',#31,#70);
#70 = DEFINITIONAL_REPRESENTATION('',(#71),#75);
#71 = LINE('',#72,#73);
#72 = CARTESIAN_POINT('',(6.28318530718,0.));
#73 = VECTOR('',#74,1.);
#74 = DIRECTION('',(0.,1.));
#75 = ( GEOMETRIC_REPRESENTATION_CONTEXT(2) 
PARAMETRIC_REPRESENTATION_CONTEXT() REPRESENTATION_CONTEXT('2D SPACE',''
  ) );
#76 = ORIENTED_EDGE('',*,*,#77,.F.);
#77 = EDGE_CURVE('',#56,#56,#78,.T.);
#78 = SURFACE_CURVE('',#79,(#84,#91),.PCURVE_S1.);
#79 = CIRCLE('',#80,27.5);
#80 = AXIS2_PLACEMENT_3D('',#81,#82,#83);
#81 = CARTESIAN_POINT('',(0.,1.665334536938E-15,6.833333333333));
#82 = DIRECTION('',(0.,1.110223024625E-16,-1.));
#83 = DIRECTION('',(0.,1.,1.110223024625E-16));
#84 = PCURVE('',#31,#85);
#85 = DEFINITIONAL_REPRESENTATION('',(#86),#90);
#86 = LINE('',#87,#88);
#87 = CARTESIAN_POINT('',(0.,145.));
#88 = VECTOR('',#89,1.);
#89 = DIRECTION('',(1.,0.));
#90 = ( GEOMETRIC_REPRESENTATION_CONTEXT(2) 
PARAMETRIC_REPRESENTATION_CONTEXT() REPRESENTATION_CONTEXT('2D SPACE',''
  ) );
#91 = PCURVE('',#92,#97);
#92 = PLANE('',#93);
#93 = AXIS2_PLACEMENT_3D('',#94,#95,#96);
#94 = CARTESIAN_POINT('',(0.,1.665334536938E-15,6.833333333333));
#95 = DIRECTION('',(0.,1.110223024625E-16,-1.));
#96 = DIRECTION('',(0.,1.,1.110223024625E-16));
#97 = DEFINITIONAL_REPRESENTATION('',(#98),#102);
#98 = CIRCLE('',#99,27.5);
#99 = AXIS2_PLACEMENT_2D('',#100,#101);
#100 = CARTESIAN_POINT('',(0.,0.));
#101 = DIRECTION('',(1.,0.));
#102 = ( GEOMETRIC_REPRESENTATION_CONTEXT(2) 
PARAMETRIC_REPRESENTATION_CONTEXT() REPRESENTATION_CONTEXT('2D SPACE',''
  ) );
#103 = ORIENTED_EDGE('',*,*,#55,.F.);
#104 = ADVANCED_FACE('',(#105,#136),#43,.F.);
#105 = FACE_BOUND('',#106,.F.);
#106 = EDGE_LOOP('',(#107));
#107 = ORIENTED_EDGE('',*,*,#108,.T.);
#108 = EDGE_CURVE('',#109,#109,#111,.T.);
#109 = VERTEX_POINT('',#110);
#110 = CARTESIAN_POINT('',(-7.531577814756E-15,30.75,7.733333333333));
#111 = SURFACE_CURVE('',#112,(#117,#124),.PCURVE_S1.);
#112 = CIRCLE('',#113,30.75);
#113 = AXIS2_PLACEMENT_3D('',#114,#115,#116);
#114 = CARTESIAN_POINT('',(0.,1.565414464721E-15,7.733333333333));
#115 = DIRECTION('',(0.,1.110223024625E-16,-1.));
#116 = DIRECTION('',(0.,1.,1.110223024625E-16));
#117 = PCURVE('',#43,#118);
#118 = DEFINITIONAL_REPRESENTATION('',(#119),#123);
#119 = CIRCLE('',#120,30.75);
#120 = AXIS2_PLACEMENT_2D('',#121,#122);
#121 = CARTESIAN_POINT('',(0.,0.));
#122 = DIRECTION('',(1.,0.));
#123 = ( GEOMETRIC_REPRESENTATION_CONTEXT(2) 
PARAMETRIC_REPRESENTATION_CONTEXT() REPRESENTATION_CONTEXT('2D SPACE',''
  ) );
#124 = PCURVE('',#125,#130);
#125 = CYLINDRICAL_SURFACE('',#126,30.75);
#126 = AXIS2_PLACEMENT_3D('',#127,#128,#129);
#127 = CARTESIAN_POINT('',(0.,-1.110223024625E-17,21.933333333333));
#128 = DIRECTION('',(0.,1.110223024625E-16,-1.));
#129 = DIRECTION('',(0.,1.,1.110223024625E-16));
#130 = DEFINITIONAL_REPRESENTATION('',(#131),#135);
#131 = LINE('',#132,#133);
#132 = CARTESIAN_POINT('',(0.,14.2));
#133 = VECTOR('',#134,1.);
#134 = DIRECTION('',(1.,0.));
#135 = ( GEOMETRIC_REPRESENTATION_CONTEXT(2) 
PARAMETRIC_REPRESENTATION_CONTEXT() REPRESENTATION_CONTEXT('2D SPACE',''
  ) );
#136 = FACE_BOUND('',#137,.F.);
#137 = EDGE_LOOP('',(#138));
#138 = ORIENTED_EDGE('',*,*,#21,.F.);
#139 = ADVANCED_FACE('',(#140,#143),#92,.F.);
#140 = FACE_BOUND('',#141,.F.);
#141 = EDGE_LOOP('',(#142));
#142 = ORIENTED_EDGE('',*,*,#77,.T.);
#143 = FACE_BOUND('',#144,.F.);
#144 = EDGE_LOOP('',(#145));
#145 = ORIENTED_EDGE('',*,*,#146,.F.);
#146 = EDGE_CURVE('',#147,#147,#149,.T.);
#147 = VERTEX_POINT('',#148);
#148 = CARTESIAN_POINT('',(-6.19137316297E-15,25.278199262355,
    6.833333333333));
#149 = SURFACE_CURVE('',#150,(#155,#162),.PCURVE_S1.);
#150 = CIRCLE('',#151,25.278199262355);
#151 = AXIS2_PLACEMENT_3D('',#152,#153,#154);
#152 = CARTESIAN_POINT('',(0.,1.665334536938E-15,6.833333333333));
#153 = DIRECTION('',(0.,1.110223024625E-16,-1.));
#154 = DIRECTION('',(0.,1.,1.110223024625E-16));
#155 = PCURVE('',#92,#156);
#156 = DEFINITIONAL_REPRESENTATION('',(#157),#161);
#157 = CIRCLE('',#158,25.278199262355);
#158 = AXIS2_PLACEMENT_2D('',#159,#160);
#159 = CARTESIAN_POINT('',(0.,0.));
#160 = DIRECTION('',(1.,0.));
#161 = ( GEOMETRIC_REPRESENTATION_CONTEXT(2) 
PARAMETRIC_REPRESENTATION_CONTEXT() REPRESENTATION_CONTEXT('2D SPACE',''
  ) );
#162 = PCURVE('',#163,#168);
#163 = CONICAL_SURFACE('',#164,25.278199262355,0.663599238517);
#164 = AXIS2_PLACEMENT_3D('',#165,#166,#167);
#165 = CARTESIAN_POINT('',(0.,1.665334536938E-15,6.833333333333));
#166 = DIRECTION('',(0.,1.110223024625E-16,-1.));
#167 = DIRECTION('',(0.,1.,1.110223024625E-16));
#168 = DEFINITIONAL_REPRESENTATION('',(#169),#173);
#169 = LINE('',#170,#171);
#170 = CARTESIAN_POINT('',(0.,0.));
#171 = VECTOR('',#172,1.);
#172 = DIRECTION('',(1.,0.));
#173 = ( GEOMETRIC_REPRESENTATION_CONTEXT(2) 
PARAMETRIC_REPRESENTATION_CONTEXT() REPRESENTATION_CONTEXT('2D SPACE',''
  ) );
#174 = ADVANCED_FACE('',(#175),#125,.F.);
#175 = FACE_BOUND('',#176,.F.);
#176 = EDGE_LOOP('',(#177,#200,#201,#202));
#177 = ORIENTED_EDGE('',*,*,#178,.T.);
#178 = EDGE_CURVE('',#179,#109,#181,.T.);
#179 = VERTEX_POINT('',#180);
#180 = CARTESIAN_POINT('',(-7.531577814756E-15,30.75,21.833333333333));
#181 = SEAM_CURVE('',#182,(#186,#193),.PCURVE_S1.);
#182 = LINE('',#183,#184);
#183 = CARTESIAN_POINT('',(-7.531577814756E-15,30.75,21.933333333333));
#184 = VECTOR('',#185,1.);
#185 = DIRECTION('',(0.,1.110223024625E-16,-1.));
#186 = PCURVE('',#125,#187);
#187 = DEFINITIONAL_REPRESENTATION('',(#188),#192);
#188 = LINE('',#189,#190);
#189 = CARTESIAN_POINT('',(6.28318530718,-0.));
#190 = VECTOR('',#191,1.);
#191 = DIRECTION('',(0.,1.));
#192 = ( GEOMETRIC_REPRESENTATION_CONTEXT(2) 
PARAMETRIC_REPRESENTATION_CONTEXT() REPRESENTATION_CONTEXT('2D SPACE',''
  ) );
#193 = PCURVE('',#125,#194);
#194 = DEFINITIONAL_REPRESENTATION('',(#195),#199);
#195 = LINE('',#196,#197);
#196 = CARTESIAN_POINT('',(0.,-0.));
#197 = VECTOR('',#198,1.);
#198 = DIRECTION('',(0.,1.));
#199 = ( GEOMETRIC_REPRESENTATION_CONTEXT(2) 
PARAMETRIC_REPRESENTATION_CONTEXT() REPRESENTATION_CONTEXT('2D SPACE',''
  ) );
#200 = ORIENTED_EDGE('',*,*,#108,.F.);
#201 = ORIENTED_EDGE('',*,*,#178,.F.);
#202 = ORIENTED_EDGE('',*,*,#203,.T.);
#203 = EDGE_CURVE('',#179,#179,#204,.T.);
#204 = SURFACE_CURVE('',#205,(#210,#217),.PCURVE_S1.);
#205 = CIRCLE('',#206,30.75);
#206 = AXIS2_PLACEMENT_3D('',#207,#208,#209);
#207 = CARTESIAN_POINT('',(0.,0.,21.833333333333));
#208 = DIRECTION('',(0.,1.110223024625E-16,-1.));
#209 = DIRECTION('',(0.,1.,1.110223024625E-16));
#210 = PCURVE('',#125,#211);
#211 = DEFINITIONAL_REPRESENTATION('',(#212),#216);
#212 = LINE('',#213,#214);
#213 = CARTESIAN_POINT('',(0.,9.999999999999E-02));
#214 = VECTOR('',#215,1.);
#215 = DIRECTION('',(1.,0.));
#216 = ( GEOMETRIC_REPRESENTATION_CONTEXT(2) 
PARAMETRIC_REPRESENTATION_CONTEXT() REPRESENTATION_CONTEXT('2D SPACE',''
  ) );
#217 = PCURVE('',#218,#223);
#218 = PLANE('',#219);
#219 = AXIS2_PLACEMENT_3D('',#220,#221,#222);
#220 = CARTESIAN_POINT('',(-80.,-80.,21.833333333333));
#221 = DIRECTION('',(0.,1.110223024625E-16,-1.));
#222 = DIRECTION('',(0.,1.,1.110223024625E-16));
#223 = DEFINITIONAL_REPRESENTATION('',(#224),#228);
#224 = CIRCLE('',#225,30.75);
#225 = AXIS2_PLACEMENT_2D('',#226,#227);
#226 = CARTESIAN_POINT('',(80.,80.));
#227 = DIRECTION('',(1.,0.));
#228 = ( GEOMETRIC_REPRESENTATION_CONTEXT(2) 
PARAMETRIC_REPRESENTATION_CONTEXT() REPRESENTATION_CONTEXT('2D SPACE',''
  ) );
#229 = ADVANCED_FACE('',(#230),#163,.F.);
#230 = FACE_BOUND('',#231,.F.);
#231 = EDGE_LOOP('',(#232,#261,#282,#283));
#232 = ORIENTED_EDGE('',*,*,#233,.F.);
#233 = EDGE_CURVE('',#234,#234,#236,.T.);
#234 = VERTEX_POINT('',#235);
#235 = CARTESIAN_POINT('',(-7.500007056043E-15,30.621102595722,0.));
#236 = SURFACE_CURVE('',#237,(#242,#249),.PCURVE_S1.);
#237 = CIRCLE('',#238,30.621102595722);
#238 = AXIS2_PLACEMENT_3D('',#239,#240,#241);
#239 = CARTESIAN_POINT('',(0.,2.423986937098E-15,0.));
#240 = DIRECTION('',(0.,1.110223024625E-16,-1.));
#241 = DIRECTION('',(0.,1.,1.110223024625E-16));
#242 = PCURVE('',#163,#243);
#243 = DEFINITIONAL_REPRESENTATION('',(#244),#248);
#244 = LINE('',#245,#246);
#245 = CARTESIAN_POINT('',(0.,6.833333333333));
#246 = VECTOR('',#247,1.);
#247 = DIRECTION('',(1.,0.));
#248 = ( GEOMETRIC_REPRESENTATION_CONTEXT(2) 
PARAMETRIC_REPRESENTATION_CONTEXT() REPRESENTATION_CONTEXT('2D SPACE',''
  ) );
#249 = PCURVE('',#250,#255);
#250 = PLANE('',#251);
#251 = AXIS2_PLACEMENT_3D('',#252,#253,#254);
#252 = CARTESIAN_POINT('',(0.,2.423986937098E-15,0.));
#253 = DIRECTION('',(0.,1.110223024625E-16,-1.));
#254 = DIRECTION('',(0.,1.,1.110223024625E-16));
#255 = DEFINITIONAL_REPRESENTATION('',(#256),#260);
#256 = CIRCLE('',#257,30.621102595722);
#257 = AXIS2_PLACEMENT_2D('',#258,#259);
#258 = CARTESIAN_POINT('',(0.,0.));
#259 = DIRECTION('',(1.,0.));
#260 = ( GEOMETRIC_REPRESENTATION_CONTEXT(2) 
PARAMETRIC_REPRESENTATION_CONTEXT() REPRESENTATION_CONTEXT('2D SPACE',''
  ) );
#261 = ORIENTED_EDGE('',*,*,#262,.F.);
#262 = EDGE_CURVE('',#147,#234,#263,.T.);
#263 = SEAM_CURVE('',#264,(#268,#275),.PCURVE_S1.);
#264 = LINE('',#265,#266);
#265 = CARTESIAN_POINT('',(-6.19137316297E-15,25.278199262355,
    6.833333333333));
#266 = VECTOR('',#267,1.);
#267 = DIRECTION('',(-1.508657687682E-16,0.615956244989,-0.787780365494)
  );
#268 = PCURVE('',#163,#269);
#269 = DEFINITIONAL_REPRESENTATION('',(#270),#274);
#270 = LINE('',#271,#272);
#271 = CARTESIAN_POINT('',(6.28318530718,-0.));
#272 = VECTOR('',#273,1.);
#273 = DIRECTION('',(0.,1.));
#274 = ( GEOMETRIC_REPRESENTATION_CONTEXT(2) 
PARAMETRIC_REPRESENTATION_CONTEXT() REPRESENTATION_CONTEXT('2D SPACE',''
  ) );
#275 = PCURVE('',#163,#276);
#276 = DEFINITIONAL_REPRESENTATION('',(#277),#281);
#277 = LINE('',#278,#279);
#278 = CARTESIAN_POINT('',(0.,-0.));
#279 = VECTOR('',#280,1.);
#280 = DIRECTION('',(0.,1.));
#281 = ( GEOMETRIC_REPRESENTATION_CONTEXT(2) 
PARAMETRIC_REPRESENTATION_CONTEXT() REPRESENTATION_CONTEXT('2D SPACE',''
  ) );
#282 = ORIENTED_EDGE('',*,*,#146,.T.);
#283 = ORIENTED_EDGE('',*,*,#262,.T.);
#284 = ADVANCED_FACE('',(#285,#316),#218,.F.);
#285 = FACE_BOUND('',#286,.F.);
#286 = EDGE_LOOP('',(#287));
#287 = ORIENTED_EDGE('',*,*,#288,.T.);
#288 = EDGE_CURVE('',#289,#289,#291,.T.);
#289 = VERTEX_POINT('',#290);
#290 = CARTESIAN_POINT('',(-8.205133554287E-15,33.5,21.833333333333));
#291 = SURFACE_CURVE('',#292,(#297,#304),.PCURVE_S1.);
#292 = CIRCLE('',#293,33.5);
#293 = AXIS2_PLACEMENT_3D('',#294,#295,#296);
#294 = CARTESIAN_POINT('',(0.,0.,21.833333333333));
#295 = DIRECTION('',(0.,1.110223024625E-16,-1.));
#296 = DIRECTION('',(0.,1.,1.110223024625E-16));
#297 = PCURVE('',#218,#298);
#298 = DEFINITIONAL_REPRESENTATION('',(#299),#303);
#299 = CIRCLE('',#300,33.5);
#300 = AXIS2_PLACEMENT_2D('',#301,#302);
#301 = CARTESIAN_POINT('',(80.,80.));
#302 = DIRECTION('',(1.,0.));
#303 = ( GEOMETRIC_REPRESENTATION_CONTEXT(2) 
PARAMETRIC_REPRESENTATION_CONTEXT() REPRESENTATION_CONTEXT('2D SPACE',''
  ) );
#304 = PCURVE('',#305,#310);
#305 = CYLINDRICAL_SURFACE('',#306,33.5);
#306 = AXIS2_PLACEMENT_3D('',#307,#308,#309);
#307 = CARTESIAN_POINT('',(0.,-1.42108547152E-14,149.83333333333));
#308 = DIRECTION('',(0.,1.110223024625E-16,-1.));
#309 = DIRECTION('',(0.,1.,1.110223024625E-16));
#310 = DEFINITIONAL_REPRESENTATION('',(#311),#315);
#311 = LINE('',#312,#313);
#312 = CARTESIAN_POINT('',(0.,128.));
#313 = VECTOR('',#314,1.);
#314 = DIRECTION('',(1.,0.));
#315 = ( GEOMETRIC_REPRESENTATION_CONTEXT(2) 
PARAMETRIC_REPRESENTATION_CONTEXT() REPRESENTATION_CONTEXT('2D SPACE',''
  ) );
#316 = FACE_BOUND('',#317,.F.);
#317 = EDGE_LOOP('',(#318));
#318 = ORIENTED_EDGE('',*,*,#203,.F.);
#319 = ADVANCED_FACE('',(#320,#351),#250,.T.);
#320 = FACE_BOUND('',#321,.T.);
#321 = EDGE_LOOP('',(#322));
#322 = ORIENTED_EDGE('',*,*,#323,.T.);
#323 = EDGE_CURVE('',#324,#324,#326,.T.);
#324 = VERTEX_POINT('',#325);
#325 = CARTESIAN_POINT('',(-8.205133554287E-15,33.5,0.));
#326 = SURFACE_CURVE('',#327,(#332,#339),.PCURVE_S1.);
#327 = CIRCLE('',#328,33.5);
#328 = AXIS2_PLACEMENT_3D('',#329,#330,#331);
#329 = CARTESIAN_POINT('',(0.,2.423986937098E-15,0.));
#330 = DIRECTION('',(0.,1.110223024625E-16,-1.));
#331 = DIRECTION('',(0.,1.,1.110223024625E-16));
#332 = PCURVE('',#250,#333);
#333 = DEFINITIONAL_REPRESENTATION('',(#334),#338);
#334 = CIRCLE('',#335,33.5);
#335 = AXIS2_PLACEMENT_2D('',#336,#337);
#336 = CARTESIAN_POINT('',(0.,0.));
#337 = DIRECTION('',(1.,0.));
#338 = ( GEOMETRIC_REPRESENTATION_CONTEXT(2) 
PARAMETRIC_REPRESENTATION_CONTEXT() REPRESENTATION_CONTEXT('2D SPACE',''
  ) );
#339 = PCURVE('',#340,#345);
#340 = CYLINDRICAL_SURFACE('',#341,33.5);
#341 = AXIS2_PLACEMENT_3D('',#342,#343,#344);
#342 = CARTESIAN_POINT('',(0.,-1.42108547152E-14,149.83333333333));
#343 = DIRECTION('',(0.,1.110223024625E-16,-1.));
#344 = DIRECTION('',(0.,1.,1.110223024625E-16));
#345 = DEFINITIONAL_REPRESENTATION('',(#346),#350);
#346 = LINE('',#347,#348);
#347 = CARTESIAN_POINT('',(0.,149.83333333333));
#348 = VECTOR('',#349,1.);
#349 = DIRECTION('',(1.,0.));
#350 = ( GEOMETRIC_REPRESENTATION_CONTEXT(2) 
PARAMETRIC_REPRESENTATION_CONTEXT() REPRESENTATION_CONTEXT('2D SPACE',''
  ) );
#351 = FACE_BOUND('',#352,.T.);
#352 = EDGE_LOOP('',(#353));
#353 = ORIENTED_EDGE('',*,*,#233,.F.);
#354 = ADVANCED_FACE('',(#355),#305,.T.);
#355 = FACE_BOUND('',#356,.T.);
#356 = EDGE_LOOP('',(#357,#358,#381,#466,#499,#527,#555,#616,#672,#700,
    #728,#756,#795));
#357 = ORIENTED_EDGE('',*,*,#288,.T.);
#358 = ORIENTED_EDGE('',*,*,#359,.T.);
#359 = EDGE_CURVE('',#289,#360,#362,.T.);
#360 = VERTEX_POINT('',#361);
#361 = CARTESIAN_POINT('',(-8.205133554287E-15,33.5,20.1));
#362 = SEAM_CURVE('',#363,(#367,#374),.PCURVE_S1.);
#363 = LINE('',#364,#365);
#364 = CARTESIAN_POINT('',(-8.205133554287E-15,33.5,149.83333333333));
#365 = VECTOR('',#366,1.);
#366 = DIRECTION('',(0.,1.110223024625E-16,-1.));
#367 = PCURVE('',#305,#368);
#368 = DEFINITIONAL_REPRESENTATION('',(#369),#373);
#369 = LINE('',#370,#371);
#370 = CARTESIAN_POINT('',(0.,-0.));
#371 = VECTOR('',#372,1.);
#372 = DIRECTION('',(0.,1.));
#373 = ( GEOMETRIC_REPRESENTATION_CONTEXT(2) 
PARAMETRIC_REPRESENTATION_CONTEXT() REPRESENTATION_CONTEXT('2D SPACE',''
  ) );
#374 = PCURVE('',#305,#375);
#375 = DEFINITIONAL_REPRESENTATION('',(#376),#380);
#376 = LINE('',#377,#378);
#377 = CARTESIAN_POINT('',(6.28318530718,-0.));
#378 = VECTOR('',#379,1.);
#379 = DIRECTION('',(0.,1.));
#380 = ( GEOMETRIC_REPRESENTATION_CONTEXT(2) 
PARAMETRIC_REPRESENTATION_CONTEXT() REPRESENTATION_CONTEXT('2D SPACE',''
  ) );
#381 = ORIENTED_EDGE('',*,*,#382,.F.);
#382 = EDGE_CURVE('',#383,#360,#385,.T.);
#383 = VERTEX_POINT('',#384);
#384 = CARTESIAN_POINT('',(-3.579505705672,33.308214285714,21.));
#385 = SURFACE_CURVE('',#386,(#409,#435),.PCURVE_S1.);
#386 = B_SPLINE_CURVE_WITH_KNOTS('',6,(#387,#388,#389,#390,#391,#392,
    #393,#394,#395,#396,#397,#398,#399,#400,#401,#402,#403,#404,#405,
    #406,#407,#408),.UNSPECIFIED.,.F.,.F.,(7,5,5,5,7),(0.,0.28084837442,
    0.533791315627,0.783315677801,1.),.UNSPECIFIED.);
#387 = CARTESIAN_POINT('',(-3.579505705672,33.308214285714,21.));
#388 = CARTESIAN_POINT('',(-3.440738178339,33.323127098259,
    20.933368284373));
#389 = CARTESIAN_POINT('',(-3.299412093066,33.337613130164,
    20.868076705458));
#390 = CARTESIAN_POINT('',(-3.155327015784,33.351646684848,
    20.804282708153));
#391 = CARTESIAN_POINT('',(-3.008284310256,33.365194144297,
    20.742186947505));
#392 = CARTESIAN_POINT('',(-2.858078335903,33.378213449537,
    20.682038454705));
#393 = CARTESIAN_POINT('',(-2.566157911604,33.401857646231,
    20.571994031322));
#394 = CARTESIAN_POINT('',(-2.425097213327,33.412590679667,
    20.521679034745));
#395 = CARTESIAN_POINT('',(-2.281139931917,33.422816055925,
    20.473412430218));
#396 = CARTESIAN_POINT('',(-2.134154402399,33.432486819017,
    20.427468498903));
#397 = CARTESIAN_POINT('',(-1.984052523104,33.441547399506,
    20.384169952031));
#398 = CARTESIAN_POINT('',(-1.679617456894,33.458209898862,
    20.304133972897));
#399 = CARTESIAN_POINT('',(-1.525379657781,33.465829328015,
    20.267318319017));
#400 = CARTESIAN_POINT('',(-1.368070935226,33.472732963382,
    20.23378399037));
#401 = CARTESIAN_POINT('',(-1.207793822136,33.478851349579,
    20.203930028927));
#402 = CARTESIAN_POINT('',(-1.044791001208,33.484111895141,
    20.178173160396));
#403 = CARTESIAN_POINT('',(-0.735976126764,33.492222298069,
    20.13836455621));
#404 = CARTESIAN_POINT('',(-0.590710078256,33.49529868536,
    20.123216496518));
#405 = CARTESIAN_POINT('',(-0.444044503195,33.497640069336,
    20.111661055634));
#406 = CARTESIAN_POINT('',(-0.2963779983,33.499213470548,20.103886298655
    ));
#407 = CARTESIAN_POINT('',(-0.148180221419,33.499999985182,
    20.100000044018));
#408 = CARTESIAN_POINT('',(-7.993605777301E-15,33.5,20.1));
#409 = PCURVE('',#305,#410);
#410 = DEFINITIONAL_REPRESENTATION('',(#411),#434);
#411 = B_SPLINE_CURVE_WITH_KNOTS('',6,(#412,#413,#414,#415,#416,#417,
    #418,#419,#420,#421,#422,#423,#424,#425,#426,#427,#428,#429,#430,
    #431,#432,#433),.UNSPECIFIED.,.F.,.F.,(7,5,5,5,7),(0.,0.28084837442,
    0.533791315627,0.783315677801,1.),.UNSPECIFIED.);
#412 = CARTESIAN_POINT('',(6.176130017238,128.83333333333));
#413 = CARTESIAN_POINT('',(6.180296182561,128.89996504896));
#414 = CARTESIAN_POINT('',(6.184536924164,128.96525662787));
#415 = CARTESIAN_POINT('',(6.188858239523,129.02905062518));
#416 = CARTESIAN_POINT('',(6.193266069605,129.09114638582));
#417 = CARTESIAN_POINT('',(6.197766569757,129.15129487862));
#418 = CARTESIAN_POINT('',(6.206509148682,129.26133930201));
#419 = CARTESIAN_POINT('',(6.210732036936,129.31165429858));
#420 = CARTESIAN_POINT('',(6.215040012476,129.35992090311));
#421 = CARTESIAN_POINT('',(6.219437032874,129.40586483443));
#422 = CARTESIAN_POINT('',(6.223925770856,129.4491633813));
#423 = CARTESIAN_POINT('',(6.233026986245,129.52919936043));
#424 = CARTESIAN_POINT('',(6.237636648985,129.56601501431));
#425 = CARTESIAN_POINT('',(6.242336842761,129.59954934296));
#426 = CARTESIAN_POINT('',(6.247124596593,129.6294033044));
#427 = CARTESIAN_POINT('',(6.251992797901,129.65516017293));
#428 = CARTESIAN_POINT('',(6.26121433097,129.69496877712));
#429 = CARTESIAN_POINT('',(6.26555154741,129.71011683681));
#430 = CARTESIAN_POINT('',(6.269930091238,129.72167227769));
#431 = CARTESIAN_POINT('',(6.274338202958,129.72944703467));
#432 = CARTESIAN_POINT('',(6.278762016988,129.73333328931));
#433 = CARTESIAN_POINT('',(6.28318530718,129.73333333333));
#434 = ( GEOMETRIC_REPRESENTATION_CONTEXT(2) 
PARAMETRIC_REPRESENTATION_CONTEXT() REPRESENTATION_CONTEXT('2D SPACE',''
  ) );
#435 = PCURVE('',#436,#441);
#436 = CONICAL_SURFACE('',#437,9.5,0.785398163397);
#437 = AXIS2_PLACEMENT_3D('',#438,#439,#440);
#438 = CARTESIAN_POINT('',(0.,42.,21.1));
#439 = DIRECTION('',(-0.,-1.110223024625E-16,1.));
#440 = DIRECTION('',(0.,1.,1.110223024625E-16));
#441 = DEFINITIONAL_REPRESENTATION('',(#442),#465);
#442 = B_SPLINE_CURVE_WITH_KNOTS('',6,(#443,#444,#445,#446,#447,#448,
    #449,#450,#451,#452,#453,#454,#455,#456,#457,#458,#459,#460,#461,
    #462,#463,#464),.UNSPECIFIED.,.F.,.F.,(7,5,5,5,7),(0.,0.28084837442,
    0.533791315627,0.783315677801,1.),.UNSPECIFIED.);
#443 = CARTESIAN_POINT('',(-3.532252336795,-0.1));
#444 = CARTESIAN_POINT('',(-3.519206194716,-0.166631715627));
#445 = CARTESIAN_POINT('',(-3.505669124901,-0.231923294542));
#446 = CARTESIAN_POINT('',(-3.491609145876,-0.295717291847));
#447 = CARTESIAN_POINT('',(-3.476993656752,-0.357813052495));
#448 = CARTESIAN_POINT('',(-3.461789891348,-0.417961545294));
#449 = CARTESIAN_POINT('',(-3.431713196579,-0.528005968678));
#450 = CARTESIAN_POINT('',(-3.416958993758,-0.578320965255));
#451 = CARTESIAN_POINT('',(-3.401678840024,-0.626587569782));
#452 = CARTESIAN_POINT('',(-3.385853466665,-0.672531501097));
#453 = CARTESIAN_POINT('',(-3.369471749518,-0.715830047969));
#454 = CARTESIAN_POINT('',(-3.335825561957,-0.795866027103));
#455 = CARTESIAN_POINT('',(-3.318577208493,-0.832681680983));
#456 = CARTESIAN_POINT('',(-3.300791810558,-0.86621600963));
#457 = CARTESIAN_POINT('',(-3.282490544913,-0.896069971073));
#458 = CARTESIAN_POINT('',(-3.263719767333,-0.921826839604));
#459 = CARTESIAN_POINT('',(-3.227918615427,-0.96163544379));
#460 = CARTESIAN_POINT('',(-3.210982630912,-0.97678351008));
#461 = CARTESIAN_POINT('',(-3.19380677239,-0.98833893937));
#462 = CARTESIAN_POINT('',(-3.176460698981,-0.996113692555));
#463 = CARTESIAN_POINT('',(-3.159025620816,-0.999999967158));
#464 = CARTESIAN_POINT('',(-3.14159265359,-1.));
#465 = ( GEOMETRIC_REPRESENTATION_CONTEXT(2) 
PARAMETRIC_REPRESENTATION_CONTEXT() REPRESENTATION_CONTEXT('2D SPACE',''
  ) );
#466 = ORIENTED_EDGE('',*,*,#467,.F.);
#467 = EDGE_CURVE('',#468,#383,#470,.T.);
#468 = VERTEX_POINT('',#469);
#469 = CARTESIAN_POINT('',(-8.124038404636,32.5,21.));
#470 = SURFACE_CURVE('',#471,(#476,#483),.PCURVE_S1.);
#471 = CIRCLE('',#472,33.5);
#472 = AXIS2_PLACEMENT_3D('',#473,#474,#475);
#473 = CARTESIAN_POINT('',(0.,9.251858538543E-17,21.));
#474 = DIRECTION('',(0.,1.110223024625E-16,-1.));
#475 = DIRECTION('',(0.,1.,1.110223024625E-16));
#476 = PCURVE('',#305,#477);
#477 = DEFINITIONAL_REPRESENTATION('',(#478),#482);
#478 = LINE('',#479,#480);
#479 = CARTESIAN_POINT('',(0.,128.83333333333));
#480 = VECTOR('',#481,1.);
#481 = DIRECTION('',(1.,0.));
#482 = ( GEOMETRIC_REPRESENTATION_CONTEXT(2) 
PARAMETRIC_REPRESENTATION_CONTEXT() REPRESENTATION_CONTEXT('2D SPACE',''
  ) );
#483 = PCURVE('',#484,#489);
#484 = PLANE('',#485);
#485 = AXIS2_PLACEMENT_3D('',#486,#487,#488);
#486 = CARTESIAN_POINT('',(-2.819371267466E-15,-1.674838611246E-13,21.)
  );
#487 = DIRECTION('',(-5.920973666821E-32,-1.110223024625E-16,1.));
#488 = DIRECTION('',(-1.,6.573601293103E-48,-5.920973666821E-32));
#489 = DEFINITIONAL_REPRESENTATION('',(#490),#498);
#490 = ( BOUNDED_CURVE() B_SPLINE_CURVE(2,(#491,#492,#493,#494,#495,#496
,#497),.UNSPECIFIED.,.T.,.F.) B_SPLINE_CURVE_WITH_KNOTS((1,2,2,2,2,1),(
    -2.094395102393,0.,2.094395102393,4.188790204786,6.28318530718,
8.377580409573),.UNSPECIFIED.) CURVE() GEOMETRIC_REPRESENTATION_ITEM() 
RATIONAL_B_SPLINE_CURVE((1.,0.5,1.,0.5,1.,0.5,1.)) REPRESENTATION_ITEM(
  '') );
#491 = CARTESIAN_POINT('',(-2.819371267466E-15,-33.5));
#492 = CARTESIAN_POINT('',(-58.02370205355,-33.5));
#493 = CARTESIAN_POINT('',(-29.01185102677,16.75));
#494 = CARTESIAN_POINT('',(-1.102450482175E-14,67.));
#495 = CARTESIAN_POINT('',(29.011851026779,16.75));
#496 = CARTESIAN_POINT('',(58.023702053557,-33.5));
#497 = CARTESIAN_POINT('',(-2.819371267466E-15,-33.5));
#498 = ( GEOMETRIC_REPRESENTATION_CONTEXT(2) 
PARAMETRIC_REPRESENTATION_CONTEXT() REPRESENTATION_CONTEXT('2D SPACE',''
  ) );
#499 = ORIENTED_EDGE('',*,*,#500,.F.);
#500 = EDGE_CURVE('',#501,#468,#503,.T.);
#501 = VERTEX_POINT('',#502);
#502 = CARTESIAN_POINT('',(-8.124038404636,-32.5,21.));
#503 = SURFACE_CURVE('',#504,(#509,#516),.PCURVE_S1.);
#504 = CIRCLE('',#505,33.5);
#505 = AXIS2_PLACEMENT_3D('',#506,#507,#508);
#506 = CARTESIAN_POINT('',(0.,9.251858538543E-17,21.));
#507 = DIRECTION('',(0.,1.110223024625E-16,-1.));
#508 = DIRECTION('',(0.,1.,1.110223024625E-16));
#509 = PCURVE('',#305,#510);
#510 = DEFINITIONAL_REPRESENTATION('',(#511),#515);
#511 = LINE('',#512,#513);
#512 = CARTESIAN_POINT('',(0.,128.83333333333));
#513 = VECTOR('',#514,1.);
#514 = DIRECTION('',(1.,0.));
#515 = ( GEOMETRIC_REPRESENTATION_CONTEXT(2) 
PARAMETRIC_REPRESENTATION_CONTEXT() REPRESENTATION_CONTEXT('2D SPACE',''
  ) );
#516 = PCURVE('',#484,#517);
#517 = DEFINITIONAL_REPRESENTATION('',(#518),#526);
#518 = ( BOUNDED_CURVE() B_SPLINE_CURVE(2,(#519,#520,#521,#522,#523,#524
,#525),.UNSPECIFIED.,.T.,.F.) B_SPLINE_CURVE_WITH_KNOTS((1,2,2,2,2,1),(
    -2.094395102393,0.,2.094395102393,4.188790204786,6.28318530718,
8.377580409573),.UNSPECIFIED.) CURVE() GEOMETRIC_REPRESENTATION_ITEM() 
RATIONAL_B_SPLINE_CURVE((1.,0.5,1.,0.5,1.,0.5,1.)) REPRESENTATION_ITEM(
  '') );
#519 = CARTESIAN_POINT('',(-2.819371267466E-15,-33.5));
#520 = CARTESIAN_POINT('',(-58.02370205355,-33.5));
#521 = CARTESIAN_POINT('',(-29.01185102677,16.75));
#522 = CARTESIAN_POINT('',(-1.102450482175E-14,67.));
#523 = CARTESIAN_POINT('',(29.011851026779,16.75));
#524 = CARTESIAN_POINT('',(58.023702053557,-33.5));
#525 = CARTESIAN_POINT('',(-2.819371267466E-15,-33.5));
#526 = ( GEOMETRIC_REPRESENTATION_CONTEXT(2) 
PARAMETRIC_REPRESENTATION_CONTEXT() REPRESENTATION_CONTEXT('2D SPACE',''
  ) );
#527 = ORIENTED_EDGE('',*,*,#528,.F.);
#528 = EDGE_CURVE('',#501,#529,#531,.T.);
#529 = VERTEX_POINT('',#530);
#530 = CARTESIAN_POINT('',(-3.579505705672,-33.30821428571,21.));
#531 = SURFACE_CURVE('',#532,(#537,#544),.PCURVE_S1.);
#532 = CIRCLE('',#533,33.5);
#533 = AXIS2_PLACEMENT_3D('',#534,#535,#536);
#534 = CARTESIAN_POINT('',(0.,9.251858538543E-17,21.));
#535 = DIRECTION('',(0.,1.110223024625E-16,-1.));
#536 = DIRECTION('',(0.,1.,1.110223024625E-16));
#537 = PCURVE('',#305,#538);
#538 = DEFINITIONAL_REPRESENTATION('',(#539),#543);
#539 = LINE('',#540,#541);
#540 = CARTESIAN_POINT('',(0.,128.83333333333));
#541 = VECTOR('',#542,1.);
#542 = DIRECTION('',(1.,0.));
#543 = ( GEOMETRIC_REPRESENTATION_CONTEXT(2) 
PARAMETRIC_REPRESENTATION_CONTEXT() REPRESENTATION_CONTEXT('2D SPACE',''
  ) );
#544 = PCURVE('',#484,#545);
#545 = DEFINITIONAL_REPRESENTATION('',(#546),#554);
#546 = ( BOUNDED_CURVE() B_SPLINE_CURVE(2,(#547,#548,#549,#550,#551,#552
,#553),.UNSPECIFIED.,.T.,.F.) B_SPLINE_CURVE_WITH_KNOTS((1,2,2,2,2,1),(
    -2.094395102393,0.,2.094395102393,4.188790204786,6.28318530718,
8.377580409573),.UNSPECIFIED.) CURVE() GEOMETRIC_REPRESENTATION_ITEM() 
RATIONAL_B_SPLINE_CURVE((1.,0.5,1.,0.5,1.,0.5,1.)) REPRESENTATION_ITEM(
  '') );
#547 = CARTESIAN_POINT('',(-2.819371267466E-15,-33.5));
#548 = CARTESIAN_POINT('',(-58.02370205355,-33.5));
#549 = CARTESIAN_POINT('',(-29.01185102677,16.75));
#550 = CARTESIAN_POINT('',(-1.102450482175E-14,67.));
#551 = CARTESIAN_POINT('',(29.011851026779,16.75));
#552 = CARTESIAN_POINT('',(58.023702053557,-33.5));
#553 = CARTESIAN_POINT('',(-2.819371267466E-15,-33.5));
#554 = ( GEOMETRIC_REPRESENTATION_CONTEXT(2) 
PARAMETRIC_REPRESENTATION_CONTEXT() REPRESENTATION_CONTEXT('2D SPACE',''
  ) );
#555 = ORIENTED_EDGE('',*,*,#556,.F.);
#556 = EDGE_CURVE('',#557,#529,#559,.T.);
#557 = VERTEX_POINT('',#558);
#558 = CARTESIAN_POINT('',(-2.081899558551E-15,-33.5,20.1));
#559 = SURFACE_CURVE('',#560,(#575,#593),.PCURVE_S1.);
#560 = B_SPLINE_CURVE_WITH_KNOTS('',7,(#561,#562,#563,#564,#565,#566,
    #567,#568,#569,#570,#571,#572,#573,#574),.UNSPECIFIED.,.F.,.F.,(8,6,
    8),(0.,0.456763740696,1.),.UNSPECIFIED.);
#561 = CARTESIAN_POINT('',(3.996802888651E-15,-33.5,20.1));
#562 = CARTESIAN_POINT('',(-0.267919286346,-33.5,20.1));
#563 = CARTESIAN_POINT('',(-0.535915068927,-33.49750019974,
    20.112351841357));
#564 = CARTESIAN_POINT('',(-0.800798102124,-33.49249782234,
    20.137070067507));
#565 = CARTESIAN_POINT('',(-1.060444152246,-33.48516848912,
    20.173170923981));
#566 = CARTESIAN_POINT('',(-1.313503506499,-33.47576277604,
    20.219196190447));
#567 = CARTESIAN_POINT('',(-1.559204426224,-33.46454418755,
    20.273642269036));
#568 = CARTESIAN_POINT('',(-2.080392765458,-33.43654227082,
    20.408280123496));
#569 = CARTESIAN_POINT('',(-2.352901663286,-33.41909735543,
    20.491443712911));
#570 = CARTESIAN_POINT('',(-2.615327090069,-33.39976374358,
    20.582621343653));
#571 = CARTESIAN_POINT('',(-2.868360575708,-33.37882419247,
    20.680146914879));
#572 = CARTESIAN_POINT('',(-3.112777044327,-33.35649706631,
    20.782754325384));
#573 = CARTESIAN_POINT('',(-3.349478618783,-33.33293441219,
    20.889548371045));
#574 = CARTESIAN_POINT('',(-3.579505705672,-33.30821428571,21.));
#575 = PCURVE('',#305,#576);
#576 = DEFINITIONAL_REPRESENTATION('',(#577),#592);
#577 = B_SPLINE_CURVE_WITH_KNOTS('',7,(#578,#579,#580,#581,#582,#583,
    #584,#585,#586,#587,#588,#589,#590,#591),.UNSPECIFIED.,.F.,.F.,(8,6,
    8),(0.,0.456763740696,1.),.UNSPECIFIED.);
#578 = CARTESIAN_POINT('',(3.14159265359,129.73333333333));
#579 = CARTESIAN_POINT('',(3.149590244227,129.73333333333));
#580 = CARTESIAN_POINT('',(3.157590118345,129.72098149197));
#581 = CARTESIAN_POINT('',(3.165497909971,129.69626326582));
#582 = CARTESIAN_POINT('',(3.173251047526,129.66016240935));
#583 = CARTESIAN_POINT('',(3.180809830789,129.61413714288));
#584 = CARTESIAN_POINT('',(3.18815159016,129.55969106429));
#585 = CARTESIAN_POINT('',(3.203731889488,129.42505320983));
#586 = CARTESIAN_POINT('',(3.211882705877,129.34188962042));
#587 = CARTESIAN_POINT('',(3.219736971804,129.25071198968));
#588 = CARTESIAN_POINT('',(3.227315507353,129.15318641845));
#589 = CARTESIAN_POINT('',(3.23464150397,129.05057900795));
#590 = CARTESIAN_POINT('',(3.241741926748,128.94378496228));
#591 = CARTESIAN_POINT('',(3.248647943532,128.83333333333));
#592 = ( GEOMETRIC_REPRESENTATION_CONTEXT(2) 
PARAMETRIC_REPRESENTATION_CONTEXT() REPRESENTATION_CONTEXT('2D SPACE',''
  ) );
#593 = PCURVE('',#594,#599);
#594 = CONICAL_SURFACE('',#595,9.5,0.785398163397);
#595 = AXIS2_PLACEMENT_3D('',#596,#597,#598);
#596 = CARTESIAN_POINT('',(0.,-42.,21.1));
#597 = DIRECTION('',(-0.,-1.110223024625E-16,1.));
#598 = DIRECTION('',(0.,1.,1.110223024625E-16));
#599 = DEFINITIONAL_REPRESENTATION('',(#600),#615);
#600 = B_SPLINE_CURVE_WITH_KNOTS('',7,(#601,#602,#603,#604,#605,#606,
    #607,#608,#609,#610,#611,#612,#613,#614),.UNSPECIFIED.,.F.,.F.,(8,6,
    8),(0.,0.456763740696,1.),.UNSPECIFIED.);
#601 = CARTESIAN_POINT('',(-6.28318530718,-1.));
#602 = CARTESIAN_POINT('',(-6.251665391139,-1.));
#603 = CARTESIAN_POINT('',(-6.220136501271,-0.987648158643));
#604 = CARTESIAN_POINT('',(-6.189114867652,-0.962929932494));
#605 = CARTESIAN_POINT('',(-6.158992843061,-0.926829076019));
#606 = CARTESIAN_POINT('',(-6.130017938286,-0.880803809553));
#607 = CARTESIAN_POINT('',(-6.102322942793,-0.826357730964));
#608 = CARTESIAN_POINT('',(-6.044593386003,-0.691719876504));
#609 = CARTESIAN_POINT('',(-6.015087606375,-0.608556287089));
#610 = CARTESIAN_POINT('',(-5.987404259849,-0.517378656346));
#611 = CARTESIAN_POINT('',(-5.961442949023,-0.419853085122));
#612 = CARTESIAN_POINT('',(-5.937073685796,-0.317245674616));
#613 = CARTESIAN_POINT('',(-5.914151476327,-0.210451628955));
#614 = CARTESIAN_POINT('',(-5.892525623974,-9.999999999999E-02));
#615 = ( GEOMETRIC_REPRESENTATION_CONTEXT(2) 
PARAMETRIC_REPRESENTATION_CONTEXT() REPRESENTATION_CONTEXT('2D SPACE',''
  ) );
#616 = ORIENTED_EDGE('',*,*,#617,.F.);
#617 = EDGE_CURVE('',#618,#557,#620,.T.);
#618 = VERTEX_POINT('',#619);
#619 = CARTESIAN_POINT('',(3.579505705672,-33.30821428571,21.));
#620 = SURFACE_CURVE('',#621,(#636,#654),.PCURVE_S1.);
#621 = B_SPLINE_CURVE_WITH_KNOTS('',7,(#622,#623,#624,#625,#626,#627,
    #628,#629,#630,#631,#632,#633,#634,#635),.UNSPECIFIED.,.F.,.F.,(8,6,
    8),(0.,0.532766506922,1.),.UNSPECIFIED.);
#622 = CARTESIAN_POINT('',(3.579505705672,-33.30821428571,21.));
#623 = CARTESIAN_POINT('',(3.353921349816,-33.33245696897,
    20.891681627985));
#624 = CARTESIAN_POINT('',(3.121907079354,-33.3555876924,20.786875080523
    ));
#625 = CARTESIAN_POINT('',(2.882491020514,-33.37753107142,
    20.686088762274));
#626 = CARTESIAN_POINT('',(2.634832311213,-33.39814497484,
    20.590156756467));
#627 = CARTESIAN_POINT('',(2.378184976276,-33.41722591875,
    20.500265163266));
#628 = CARTESIAN_POINT('',(2.111891672704,-33.43451191993,
    20.417953700833));
#629 = CARTESIAN_POINT('',(1.59293193309,-33.46298760093,20.281193730326
    ));
#630 = CARTESIAN_POINT('',(1.342453519417,-33.47467473376,
    20.224519146685));
#631 = CARTESIAN_POINT('',(1.084220331419,-33.48448944887,
    20.176515178569));
#632 = CARTESIAN_POINT('',(0.819007062538,-33.49214965143,
    20.138790548173));
#633 = CARTESIAN_POINT('',(0.548211040427,-33.49738409558,
    20.112925508162));
#634 = CARTESIAN_POINT('',(0.274070597125,-33.5,20.1));
#635 = CARTESIAN_POINT('',(-2.081899558551E-15,-33.5,20.1));
#636 = PCURVE('',#305,#637);
#637 = DEFINITIONAL_REPRESENTATION('',(#638),#653);
#638 = B_SPLINE_CURVE_WITH_KNOTS('',7,(#639,#640,#641,#642,#643,#644,
    #645,#646,#647,#648,#649,#650,#651,#652),.UNSPECIFIED.,.F.,.F.,(8,6,
    8),(0.,0.532766506922,1.),.UNSPECIFIED.);
#639 = CARTESIAN_POINT('',(3.034537363648,128.83333333333));
#640 = CARTESIAN_POINT('',(3.041309997987,128.94165170534));
#641 = CARTESIAN_POINT('',(3.048269924559,129.04645825281));
#642 = CARTESIAN_POINT('',(3.055446255341,129.14724457105));
#643 = CARTESIAN_POINT('',(3.062864127636,129.24317657686));
#644 = CARTESIAN_POINT('',(3.070545863647,129.33306817006));
#645 = CARTESIAN_POINT('',(3.078511248763,129.4153796325));
#646 = CARTESIAN_POINT('',(3.09402588735,129.552139603));
#647 = CARTESIAN_POINT('',(3.101510738427,129.60881418664));
#648 = CARTESIAN_POINT('',(3.109224287535,129.65681815476));
#649 = CARTESIAN_POINT('',(3.117143787257,129.69454278516));
#650 = CARTESIAN_POINT('',(3.125228144913,129.72040782517));
#651 = CARTESIAN_POINT('',(3.133411441735,129.73333333333));
#652 = CARTESIAN_POINT('',(3.14159265359,129.73333333333));
#653 = ( GEOMETRIC_REPRESENTATION_CONTEXT(2) 
PARAMETRIC_REPRESENTATION_CONTEXT() REPRESENTATION_CONTEXT('2D SPACE',''
  ) );
#654 = PCURVE('',#594,#655);
#655 = DEFINITIONAL_REPRESENTATION('',(#656),#671);
#656 = B_SPLINE_CURVE_WITH_KNOTS('',7,(#657,#658,#659,#660,#661,#662,
    #663,#664,#665,#666,#667,#668,#669,#670),.UNSPECIFIED.,.F.,.F.,(8,6,
    8),(0.,0.532766506922,1.),.UNSPECIFIED.);
#657 = CARTESIAN_POINT('',(-0.390659683206,-0.1));
#658 = CARTESIAN_POINT('',(-0.369451511425,-0.208318372014));
#659 = CARTESIAN_POINT('',(-0.346995580308,-0.313124919477));
#660 = CARTESIAN_POINT('',(-0.323150431375,-0.413911237726));
#661 = CARTESIAN_POINT('',(-0.297780696681,-0.509843243533));
#662 = CARTESIAN_POINT('',(-0.270762084539,-0.599734836733));
#663 = CARTESIAN_POINT('',(-0.241998419484,-0.682046299166));
#664 = CARTESIAN_POINT('',(-0.184660575165,-0.818806269674));
#665 = CARTESIAN_POINT('',(-0.156480059058,-0.875480853314));
#666 = CARTESIAN_POINT('',(-0.126949814096,-0.923484821432));
#667 = CARTESIAN_POINT('',(-9.620273262284E-02,-0.961209451827));
#668 = CARTESIAN_POINT('',(-6.449538800261E-02,-0.987074491838));
#669 = CARTESIAN_POINT('',(-3.224359966173E-02,-1.));
#670 = CARTESIAN_POINT('',(0.,-1.));
#671 = ( GEOMETRIC_REPRESENTATION_CONTEXT(2) 
PARAMETRIC_REPRESENTATION_CONTEXT() REPRESENTATION_CONTEXT('2D SPACE',''
  ) );
#672 = ORIENTED_EDGE('',*,*,#673,.F.);
#673 = EDGE_CURVE('',#618,#674,#676,.T.);
#674 = VERTEX_POINT('',#675);
#675 = CARTESIAN_POINT('',(8.124038404636,-32.5,21.));
#676 = SURFACE_CURVE('',#677,(#682,#689),.PCURVE_S1.);
#677 = CIRCLE('',#678,33.5);
#678 = AXIS2_PLACEMENT_3D('',#679,#680,#681);
#679 = CARTESIAN_POINT('',(0.,9.251858538543E-17,21.));
#680 = DIRECTION('',(0.,1.110223024625E-16,-1.));
#681 = DIRECTION('',(0.,1.,1.110223024625E-16));
#682 = PCURVE('',#305,#683);
#683 = DEFINITIONAL_REPRESENTATION('',(#684),#688);
#684 = LINE('',#685,#686);
#685 = CARTESIAN_POINT('',(0.,128.83333333333));
#686 = VECTOR('',#687,1.);
#687 = DIRECTION('',(1.,0.));
#688 = ( GEOMETRIC_REPRESENTATION_CONTEXT(2) 
PARAMETRIC_REPRESENTATION_CONTEXT() REPRESENTATION_CONTEXT('2D SPACE',''
  ) );
#689 = PCURVE('',#484,#690);
#690 = DEFINITIONAL_REPRESENTATION('',(#691),#699);
#691 = ( BOUNDED_CURVE() B_SPLINE_CURVE(2,(#692,#693,#694,#695,#696,#697
,#698),.UNSPECIFIED.,.T.,.F.) B_SPLINE_CURVE_WITH_KNOTS((1,2,2,2,2,1),(
    -2.094395102393,0.,2.094395102393,4.188790204786,6.28318530718,
8.377580409573),.UNSPECIFIED.) CURVE() GEOMETRIC_REPRESENTATION_ITEM() 
RATIONAL_B_SPLINE_CURVE((1.,0.5,1.,0.5,1.,0.5,1.)) REPRESENTATION_ITEM(
  '') );
#692 = CARTESIAN_POINT('',(-2.819371267466E-15,-33.5));
#693 = CARTESIAN_POINT('',(-58.02370205355,-33.5));
#694 = CARTESIAN_POINT('',(-29.01185102677,16.75));
#695 = CARTESIAN_POINT('',(-1.102450482175E-14,67.));
#696 = CARTESIAN_POINT('',(29.011851026779,16.75));
#697 = CARTESIAN_POINT('',(58.023702053557,-33.5));
#698 = CARTESIAN_POINT('',(-2.819371267466E-15,-33.5));
#699 = ( GEOMETRIC_REPRESENTATION_CONTEXT(2) 
PARAMETRIC_REPRESENTATION_CONTEXT() REPRESENTATION_CONTEXT('2D SPACE',''
  ) );
#700 = ORIENTED_EDGE('',*,*,#701,.F.);
#701 = EDGE_CURVE('',#702,#674,#704,.T.);
#702 = VERTEX_POINT('',#703);
#703 = CARTESIAN_POINT('',(8.124038404636,32.5,21.));
#704 = SURFACE_CURVE('',#705,(#710,#717),.PCURVE_S1.);
#705 = CIRCLE('',#706,33.5);
#706 = AXIS2_PLACEMENT_3D('',#707,#708,#709);
#707 = CARTESIAN_POINT('',(0.,9.251858538543E-17,21.));
#708 = DIRECTION('',(0.,1.110223024625E-16,-1.));
#709 = DIRECTION('',(0.,1.,1.110223024625E-16));
#710 = PCURVE('',#305,#711);
#711 = DEFINITIONAL_REPRESENTATION('',(#712),#716);
#712 = LINE('',#713,#714);
#713 = CARTESIAN_POINT('',(0.,128.83333333333));
#714 = VECTOR('',#715,1.);
#715 = DIRECTION('',(1.,0.));
#716 = ( GEOMETRIC_REPRESENTATION_CONTEXT(2) 
PARAMETRIC_REPRESENTATION_CONTEXT() REPRESENTATION_CONTEXT('2D SPACE',''
  ) );
#717 = PCURVE('',#484,#718);
#718 = DEFINITIONAL_REPRESENTATION('',(#719),#727);
#719 = ( BOUNDED_CURVE() B_SPLINE_CURVE(2,(#720,#721,#722,#723,#724,#725
,#726),.UNSPECIFIED.,.T.,.F.) B_SPLINE_CURVE_WITH_KNOTS((1,2,2,2,2,1),(
    -2.094395102393,0.,2.094395102393,4.188790204786,6.28318530718,
8.377580409573),.UNSPECIFIED.) CURVE() GEOMETRIC_REPRESENTATION_ITEM() 
RATIONAL_B_SPLINE_CURVE((1.,0.5,1.,0.5,1.,0.5,1.)) REPRESENTATION_ITEM(
  '') );
#720 = CARTESIAN_POINT('',(-2.819371267466E-15,-33.5));
#721 = CARTESIAN_POINT('',(-58.02370205355,-33.5));
#722 = CARTESIAN_POINT('',(-29.01185102677,16.75));
#723 = CARTESIAN_POINT('',(-1.102450482175E-14,67.));
#724 = CARTESIAN_POINT('',(29.011851026779,16.75));
#725 = CARTESIAN_POINT('',(58.023702053557,-33.5));
#726 = CARTESIAN_POINT('',(-2.819371267466E-15,-33.5));
#727 = ( GEOMETRIC_REPRESENTATION_CONTEXT(2) 
PARAMETRIC_REPRESENTATION_CONTEXT() REPRESENTATION_CONTEXT('2D SPACE',''
  ) );
#728 = ORIENTED_EDGE('',*,*,#729,.F.);
#729 = EDGE_CURVE('',#730,#702,#732,.T.);
#730 = VERTEX_POINT('',#731);
#731 = CARTESIAN_POINT('',(3.579505705672,33.308214285714,21.));
#732 = SURFACE_CURVE('',#733,(#738,#745),.PCURVE_S1.);
#733 = CIRCLE('',#734,33.5);
#734 = AXIS2_PLACEMENT_3D('',#735,#736,#737);
#735 = CARTESIAN_POINT('',(0.,9.251858538543E-17,21.));
#736 = DIRECTION('',(0.,1.110223024625E-16,-1.));
#737 = DIRECTION('',(0.,1.,1.110223024625E-16));
#738 = PCURVE('',#305,#739);
#739 = DEFINITIONAL_REPRESENTATION('',(#740),#744);
#740 = LINE('',#741,#742);
#741 = CARTESIAN_POINT('',(0.,128.83333333333));
#742 = VECTOR('',#743,1.);
#743 = DIRECTION('',(1.,0.));
#744 = ( GEOMETRIC_REPRESENTATION_CONTEXT(2) 
PARAMETRIC_REPRESENTATION_CONTEXT() REPRESENTATION_CONTEXT('2D SPACE',''
  ) );
#745 = PCURVE('',#484,#746);
#746 = DEFINITIONAL_REPRESENTATION('',(#747),#755);
#747 = ( BOUNDED_CURVE() B_SPLINE_CURVE(2,(#748,#749,#750,#751,#752,#753
,#754),.UNSPECIFIED.,.T.,.F.) B_SPLINE_CURVE_WITH_KNOTS((1,2,2,2,2,1),(
    -2.094395102393,0.,2.094395102393,4.188790204786,6.28318530718,
8.377580409573),.UNSPECIFIED.) CURVE() GEOMETRIC_REPRESENTATION_ITEM() 
RATIONAL_B_SPLINE_CURVE((1.,0.5,1.,0.5,1.,0.5,1.)) REPRESENTATION_ITEM(
  '') );
#748 = CARTESIAN_POINT('',(-2.819371267466E-15,-33.5));
#749 = CARTESIAN_POINT('',(-58.02370205355,-33.5));
#750 = CARTESIAN_POINT('',(-29.01185102677,16.75));
#751 = CARTESIAN_POINT('',(-1.102450482175E-14,67.));
#752 = CARTESIAN_POINT('',(29.011851026779,16.75));
#753 = CARTESIAN_POINT('',(58.023702053557,-33.5));
#754 = CARTESIAN_POINT('',(-2.819371267466E-15,-33.5));
#755 = ( GEOMETRIC_REPRESENTATION_CONTEXT(2) 
PARAMETRIC_REPRESENTATION_CONTEXT() REPRESENTATION_CONTEXT('2D SPACE',''
  ) );
#756 = ORIENTED_EDGE('',*,*,#757,.F.);
#757 = EDGE_CURVE('',#360,#730,#758,.T.);
#758 = SURFACE_CURVE('',#759,(#769,#782),.PCURVE_S1.);
#759 = B_SPLINE_CURVE_WITH_KNOTS('',8,(#760,#761,#762,#763,#764,#765,
    #766,#767,#768),.UNSPECIFIED.,.F.,.F.,(9,9),(0.,1.),
  .PIECEWISE_BEZIER_KNOTS.);
#760 = CARTESIAN_POINT('',(-8.205133554287E-15,33.5,20.1));
#761 = CARTESIAN_POINT('',(0.52432109659,33.499999947568,20.100000155754
    ));
#762 = CARTESIAN_POINT('',(1.033555443255,33.490619470836,
    20.146345359803));
#763 = CARTESIAN_POINT('',(1.51871728634,33.47281444871,20.234348195093)
  );
#764 = CARTESIAN_POINT('',(1.978692791445,33.448341748015,
    20.353791426311));
#765 = CARTESIAN_POINT('',(2.413110197202,33.418574349823,
    20.496080515956));
#766 = CARTESIAN_POINT('',(2.822997683348,33.384789963038,
    20.654038854558));
#767 = CARTESIAN_POINT('',(3.21058770236,33.347860484891,20.822857407936
    ));
#768 = CARTESIAN_POINT('',(3.579505705672,33.308214285714,21.));
#769 = PCURVE('',#305,#770);
#770 = DEFINITIONAL_REPRESENTATION('',(#771),#781);
#771 = B_SPLINE_CURVE_WITH_KNOTS('',8,(#772,#773,#774,#775,#776,#777,
    #778,#779,#780),.UNSPECIFIED.,.F.,.F.,(9,9),(0.,1.),
  .PIECEWISE_BEZIER_KNOTS.);
#772 = CARTESIAN_POINT('',(0.,129.73333333333));
#773 = CARTESIAN_POINT('',(1.565137601763E-02,129.73333317757));
#774 = CARTESIAN_POINT('',(3.085239344474E-02,129.68698797353));
#775 = CARTESIAN_POINT('',(4.534071413452E-02,129.59898513824));
#776 = CARTESIAN_POINT('',(5.908735000716E-02,129.47954190702));
#777 = CARTESIAN_POINT('',(7.208275821463E-02,129.33725281737));
#778 = CARTESIAN_POINT('',(8.435800161033E-02,129.17929447877));
#779 = CARTESIAN_POINT('',(9.597940337077E-02,129.01047592539));
#780 = CARTESIAN_POINT('',(0.107055289942,128.83333333333));
#781 = ( GEOMETRIC_REPRESENTATION_CONTEXT(2) 
PARAMETRIC_REPRESENTATION_CONTEXT() REPRESENTATION_CONTEXT('2D SPACE',''
  ) );
#782 = PCURVE('',#436,#783);
#783 = DEFINITIONAL_REPRESENTATION('',(#784),#794);
#784 = B_SPLINE_CURVE_WITH_KNOTS('',8,(#785,#786,#787,#788,#789,#790,
    #791,#792,#793),.UNSPECIFIED.,.F.,.F.,(9,9),(0.,1.),
  .PIECEWISE_BEZIER_KNOTS.);
#785 = CARTESIAN_POINT('',(-3.14159265359,-1.));
#786 = CARTESIAN_POINT('',(-3.079907818697,-0.999999883792));
#787 = CARTESIAN_POINT('',(-3.019997094645,-0.95365457639));
#788 = CARTESIAN_POINT('',(-2.96391001607,-0.865651866362));
#789 = CARTESIAN_POINT('',(-2.912512690618,-0.746208534395));
#790 = CARTESIAN_POINT('',(-2.865879081444,-0.603919499869));
#791 = CARTESIAN_POINT('',(-2.823741083414,-0.44596114226));
#792 = CARTESIAN_POINT('',(-2.785616565164,-0.277142592064));
#793 = CARTESIAN_POINT('',(-2.750932970384,-9.999999999999E-02));
#794 = ( GEOMETRIC_REPRESENTATION_CONTEXT(2) 
PARAMETRIC_REPRESENTATION_CONTEXT() REPRESENTATION_CONTEXT('2D SPACE',''
  ) );
#795 = ORIENTED_EDGE('',*,*,#359,.F.);
#796 = ADVANCED_FACE('',(#797),#340,.T.);
#797 = FACE_BOUND('',#798,.T.);
#798 = EDGE_LOOP('',(#799,#822,#823,#824,#853,#877,#901,#925));
#799 = ORIENTED_EDGE('',*,*,#800,.T.);
#800 = EDGE_CURVE('',#801,#324,#803,.T.);
#801 = VERTEX_POINT('',#802);
#802 = CARTESIAN_POINT('',(-8.205133554287E-15,33.5,5.));
#803 = SEAM_CURVE('',#804,(#808,#815),.PCURVE_S1.);
#804 = LINE('',#805,#806);
#805 = CARTESIAN_POINT('',(-8.205133554287E-15,33.5,149.83333333333));
#806 = VECTOR('',#807,1.);
#807 = DIRECTION('',(0.,1.110223024625E-16,-1.));
#808 = PCURVE('',#340,#809);
#809 = DEFINITIONAL_REPRESENTATION('',(#810),#814);
#810 = LINE('',#811,#812);
#811 = CARTESIAN_POINT('',(6.28318530718,-0.));
#812 = VECTOR('',#813,1.);
#813 = DIRECTION('',(0.,1.));
#814 = ( GEOMETRIC_REPRESENTATION_CONTEXT(2) 
PARAMETRIC_REPRESENTATION_CONTEXT() REPRESENTATION_CONTEXT('2D SPACE',''
  ) );
#815 = PCURVE('',#340,#816);
#816 = DEFINITIONAL_REPRESENTATION('',(#817),#821);
#817 = LINE('',#818,#819);
#818 = CARTESIAN_POINT('',(0.,-0.));
#819 = VECTOR('',#820,1.);
#820 = DIRECTION('',(0.,1.));
#821 = ( GEOMETRIC_REPRESENTATION_CONTEXT(2) 
PARAMETRIC_REPRESENTATION_CONTEXT() REPRESENTATION_CONTEXT('2D SPACE',''
  ) );
#822 = ORIENTED_EDGE('',*,*,#323,.F.);
#823 = ORIENTED_EDGE('',*,*,#800,.F.);
#824 = ORIENTED_EDGE('',*,*,#825,.T.);
#825 = EDGE_CURVE('',#801,#826,#828,.T.);
#826 = VERTEX_POINT('',#827);
#827 = CARTESIAN_POINT('',(8.124038404636,32.5,5.));
#828 = SURFACE_CURVE('',#829,(#834,#841),.PCURVE_S1.);
#829 = CIRCLE('',#830,33.5);
#830 = AXIS2_PLACEMENT_3D('',#831,#832,#833);
#831 = CARTESIAN_POINT('',(0.,1.868875424786E-15,5.));
#832 = DIRECTION('',(0.,1.110223024625E-16,-1.));
#833 = DIRECTION('',(0.,1.,1.110223024625E-16));
#834 = PCURVE('',#340,#835);
#835 = DEFINITIONAL_REPRESENTATION('',(#836),#840);
#836 = LINE('',#837,#838);
#837 = CARTESIAN_POINT('',(0.,144.83333333333));
#838 = VECTOR('',#839,1.);
#839 = DIRECTION('',(1.,0.));
#840 = ( GEOMETRIC_REPRESENTATION_CONTEXT(2) 
PARAMETRIC_REPRESENTATION_CONTEXT() REPRESENTATION_CONTEXT('2D SPACE',''
  ) );
#841 = PCURVE('',#842,#847);
#842 = PLANE('',#843);
#843 = AXIS2_PLACEMENT_3D('',#844,#845,#846);
#844 = CARTESIAN_POINT('',(-8.81053521083E-16,-1.658837149894E-13,5.));
#845 = DIRECTION('',(2.283804128631E-31,1.110223024625E-16,-1.));
#846 = DIRECTION('',(1.,-2.53553192734E-47,2.283804128631E-31));
#847 = DEFINITIONAL_REPRESENTATION('',(#848),#852);
#848 = CIRCLE('',#849,33.5);
#849 = AXIS2_PLACEMENT_2D('',#850,#851);
#850 = CARTESIAN_POINT('',(8.81053521083E-16,-1.677525904142E-13));
#851 = DIRECTION('',(0.,-1.));
#852 = ( GEOMETRIC_REPRESENTATION_CONTEXT(2) 
PARAMETRIC_REPRESENTATION_CONTEXT() REPRESENTATION_CONTEXT('2D SPACE',''
  ) );
#853 = ORIENTED_EDGE('',*,*,#854,.T.);
#854 = EDGE_CURVE('',#826,#855,#857,.T.);
#855 = VERTEX_POINT('',#856);
#856 = CARTESIAN_POINT('',(8.124038404636,-32.5,5.));
#857 = SURFACE_CURVE('',#858,(#863,#870),.PCURVE_S1.);
#858 = CIRCLE('',#859,33.5);
#859 = AXIS2_PLACEMENT_3D('',#860,#861,#862);
#860 = CARTESIAN_POINT('',(0.,1.868875424786E-15,5.));
#861 = DIRECTION('',(0.,1.110223024625E-16,-1.));
#862 = DIRECTION('',(0.,1.,1.110223024625E-16));
#863 = PCURVE('',#340,#864);
#864 = DEFINITIONAL_REPRESENTATION('',(#865),#869);
#865 = LINE('',#866,#867);
#866 = CARTESIAN_POINT('',(0.,144.83333333333));
#867 = VECTOR('',#868,1.);
#868 = DIRECTION('',(1.,0.));
#869 = ( GEOMETRIC_REPRESENTATION_CONTEXT(2) 
PARAMETRIC_REPRESENTATION_CONTEXT() REPRESENTATION_CONTEXT('2D SPACE',''
  ) );
#870 = PCURVE('',#842,#871);
#871 = DEFINITIONAL_REPRESENTATION('',(#872),#876);
#872 = CIRCLE('',#873,33.5);
#873 = AXIS2_PLACEMENT_2D('',#874,#875);
#874 = CARTESIAN_POINT('',(8.81053521083E-16,-1.677525904142E-13));
#875 = DIRECTION('',(0.,-1.));
#876 = ( GEOMETRIC_REPRESENTATION_CONTEXT(2) 
PARAMETRIC_REPRESENTATION_CONTEXT() REPRESENTATION_CONTEXT('2D SPACE',''
  ) );
#877 = ORIENTED_EDGE('',*,*,#878,.T.);
#878 = EDGE_CURVE('',#879,#855,#881,.T.);
#879 = VERTEX_POINT('',#880);
#880 = CARTESIAN_POINT('',(-8.124038404636,-32.5,5.));
#881 = SURFACE_CURVE('',#882,(#887,#894),.PCURVE_S1.);
#882 = CIRCLE('',#883,33.5);
#883 = AXIS2_PLACEMENT_3D('',#884,#885,#886);
#884 = CARTESIAN_POINT('',(0.,1.868875424786E-15,5.));
#885 = DIRECTION('',(0.,1.110223024625E-16,-1.));
#886 = DIRECTION('',(0.,1.,1.110223024625E-16));
#887 = PCURVE('',#340,#888);
#888 = DEFINITIONAL_REPRESENTATION('',(#889),#893);
#889 = LINE('',#890,#891);
#890 = CARTESIAN_POINT('',(0.,144.83333333333));
#891 = VECTOR('',#892,1.);
#892 = DIRECTION('',(1.,0.));
#893 = ( GEOMETRIC_REPRESENTATION_CONTEXT(2) 
PARAMETRIC_REPRESENTATION_CONTEXT() REPRESENTATION_CONTEXT('2D SPACE',''
  ) );
#894 = PCURVE('',#842,#895);
#895 = DEFINITIONAL_REPRESENTATION('',(#896),#900);
#896 = CIRCLE('',#897,33.5);
#897 = AXIS2_PLACEMENT_2D('',#898,#899);
#898 = CARTESIAN_POINT('',(8.81053521083E-16,-1.677525904142E-13));
#899 = DIRECTION('',(0.,-1.));
#900 = ( GEOMETRIC_REPRESENTATION_CONTEXT(2) 
PARAMETRIC_REPRESENTATION_CONTEXT() REPRESENTATION_CONTEXT('2D SPACE',''
  ) );
#901 = ORIENTED_EDGE('',*,*,#902,.T.);
#902 = EDGE_CURVE('',#879,#903,#905,.T.);
#903 = VERTEX_POINT('',#904);
#904 = CARTESIAN_POINT('',(-8.124038404636,32.5,5.));
#905 = SURFACE_CURVE('',#906,(#911,#918),.PCURVE_S1.);
#906 = CIRCLE('',#907,33.5);
#907 = AXIS2_PLACEMENT_3D('',#908,#909,#910);
#908 = CARTESIAN_POINT('',(0.,1.868875424786E-15,5.));
#909 = DIRECTION('',(0.,1.110223024625E-16,-1.));
#910 = DIRECTION('',(0.,1.,1.110223024625E-16));
#911 = PCURVE('',#340,#912);
#912 = DEFINITIONAL_REPRESENTATION('',(#913),#917);
#913 = LINE('',#914,#915);
#914 = CARTESIAN_POINT('',(0.,144.83333333333));
#915 = VECTOR('',#916,1.);
#916 = DIRECTION('',(1.,0.));
#917 = ( GEOMETRIC_REPRESENTATION_CONTEXT(2) 
PARAMETRIC_REPRESENTATION_CONTEXT() REPRESENTATION_CONTEXT('2D SPACE',''
  ) );
#918 = PCURVE('',#842,#919);
#919 = DEFINITIONAL_REPRESENTATION('',(#920),#924);
#920 = CIRCLE('',#921,33.5);
#921 = AXIS2_PLACEMENT_2D('',#922,#923);
#922 = CARTESIAN_POINT('',(8.81053521083E-16,-1.677525904142E-13));
#923 = DIRECTION('',(0.,-1.));
#924 = ( GEOMETRIC_REPRESENTATION_CONTEXT(2) 
PARAMETRIC_REPRESENTATION_CONTEXT() REPRESENTATION_CONTEXT('2D SPACE',''
  ) );
#925 = ORIENTED_EDGE('',*,*,#926,.T.);
#926 = EDGE_CURVE('',#903,#801,#927,.T.);
#927 = SURFACE_CURVE('',#928,(#933,#940),.PCURVE_S1.);
#928 = CIRCLE('',#929,33.5);
#929 = AXIS2_PLACEMENT_3D('',#930,#931,#932);
#930 = CARTESIAN_POINT('',(0.,1.868875424786E-15,5.));
#931 = DIRECTION('',(0.,1.110223024625E-16,-1.));
#932 = DIRECTION('',(0.,1.,1.110223024625E-16));
#933 = PCURVE('',#340,#934);
#934 = DEFINITIONAL_REPRESENTATION('',(#935),#939);
#935 = LINE('',#936,#937);
#936 = CARTESIAN_POINT('',(0.,144.83333333333));
#937 = VECTOR('',#938,1.);
#938 = DIRECTION('',(1.,0.));
#939 = ( GEOMETRIC_REPRESENTATION_CONTEXT(2) 
PARAMETRIC_REPRESENTATION_CONTEXT() REPRESENTATION_CONTEXT('2D SPACE',''
  ) );
#940 = PCURVE('',#842,#941);
#941 = DEFINITIONAL_REPRESENTATION('',(#942),#946);
#942 = CIRCLE('',#943,33.5);
#943 = AXIS2_PLACEMENT_2D('',#944,#945);
#944 = CARTESIAN_POINT('',(8.81053521083E-16,-1.677525904142E-13));
#945 = DIRECTION('',(0.,-1.));
#946 = ( GEOMETRIC_REPRESENTATION_CONTEXT(2) 
PARAMETRIC_REPRESENTATION_CONTEXT() REPRESENTATION_CONTEXT('2D SPACE',''
  ) );
#947 = ADVANCED_FACE('',(#948),#436,.F.);
#948 = FACE_BOUND('',#949,.F.);
#949 = EDGE_LOOP('',(#950,#980,#1003,#1030,#1031,#1059,#1085,#1086,#1087
    ));
#950 = ORIENTED_EDGE('',*,*,#951,.T.);
#951 = EDGE_CURVE('',#952,#954,#956,.T.);
#952 = VERTEX_POINT('',#953);
#953 = CARTESIAN_POINT('',(-8.906978575642,38.995714285714,21.));
#954 = VERTEX_POINT('',#955);
#955 = CARTESIAN_POINT('',(-2.302335982397E-15,51.4,21.));
#956 = SURFACE_CURVE('',#957,(#962,#969),.PCURVE_S1.);
#957 = CIRCLE('',#958,9.4);
#958 = AXIS2_PLACEMENT_3D('',#959,#960,#961);
#959 = CARTESIAN_POINT('',(0.,42.,21.));
#960 = DIRECTION('',(0.,1.110223024625E-16,-1.));
#961 = DIRECTION('',(0.,1.,1.110223024625E-16));
#962 = PCURVE('',#436,#963);
#963 = DEFINITIONAL_REPRESENTATION('',(#964),#968);
#964 = LINE('',#965,#966);
#965 = CARTESIAN_POINT('',(-0.,-9.999999999999E-02));
#966 = VECTOR('',#967,1.);
#967 = DIRECTION('',(-1.,-0.));
#968 = ( GEOMETRIC_REPRESENTATION_CONTEXT(2) 
PARAMETRIC_REPRESENTATION_CONTEXT() REPRESENTATION_CONTEXT('2D SPACE',''
  ) );
#969 = PCURVE('',#484,#970);
#970 = DEFINITIONAL_REPRESENTATION('',(#971),#979);
#971 = ( BOUNDED_CURVE() B_SPLINE_CURVE(2,(#972,#973,#974,#975,#976,#977
,#978),.UNSPECIFIED.,.T.,.F.) B_SPLINE_CURVE_WITH_KNOTS((1,2,2,2,2,1),(
    -2.094395102393,0.,2.094395102393,4.188790204786,6.28318530718,
8.377580409573),.UNSPECIFIED.) CURVE() GEOMETRIC_REPRESENTATION_ITEM() 
RATIONAL_B_SPLINE_CURVE((1.,0.5,1.,0.5,1.,0.5,1.)) REPRESENTATION_ITEM(
  '') );
#972 = CARTESIAN_POINT('',(-2.819371267466E-15,-51.4));
#973 = CARTESIAN_POINT('',(-16.28127759114,-51.4));
#974 = CARTESIAN_POINT('',(-8.140638795574,-37.3));
#975 = CARTESIAN_POINT('',(-5.121707249863E-15,-23.2));
#976 = CARTESIAN_POINT('',(8.140638795574,-37.3));
#977 = CARTESIAN_POINT('',(16.281277591147,-51.4));
#978 = CARTESIAN_POINT('',(-2.819371267466E-15,-51.4));
#979 = ( GEOMETRIC_REPRESENTATION_CONTEXT(2) 
PARAMETRIC_REPRESENTATION_CONTEXT() REPRESENTATION_CONTEXT('2D SPACE',''
  ) );
#980 = ORIENTED_EDGE('',*,*,#981,.T.);
#981 = EDGE_CURVE('',#954,#982,#984,.T.);
#982 = VERTEX_POINT('',#983);
#983 = CARTESIAN_POINT('',(-1.714505518806E-15,49.,18.6));
#984 = SEAM_CURVE('',#985,(#989,#996),.PCURVE_S1.);
#985 = LINE('',#986,#987);
#986 = CARTESIAN_POINT('',(-2.32682891838E-15,51.5,21.1));
#987 = VECTOR('',#988,1.);
#988 = DIRECTION('',(1.731912112471E-16,-0.707106781187,-0.707106781187)
  );
#989 = PCURVE('',#436,#990);
#990 = DEFINITIONAL_REPRESENTATION('',(#991),#995);
#991 = LINE('',#992,#993);
#992 = CARTESIAN_POINT('',(0.,-0.));
#993 = VECTOR('',#994,1.);
#994 = DIRECTION('',(-0.,-1.));
#995 = ( GEOMETRIC_REPRESENTATION_CONTEXT(2) 
PARAMETRIC_REPRESENTATION_CONTEXT() REPRESENTATION_CONTEXT('2D SPACE',''
  ) );
#996 = PCURVE('',#436,#997);
#997 = DEFINITIONAL_REPRESENTATION('',(#998),#1002);
#998 = LINE('',#999,#1000);
#999 = CARTESIAN_POINT('',(-6.28318530718,0.));
#1000 = VECTOR('',#1001,1.);
#1001 = DIRECTION('',(-0.,-1.));
#1002 = ( GEOMETRIC_REPRESENTATION_CONTEXT(2) 
PARAMETRIC_REPRESENTATION_CONTEXT() REPRESENTATION_CONTEXT('2D SPACE',''
  ) );
#1003 = ORIENTED_EDGE('',*,*,#1004,.F.);
#1004 = EDGE_CURVE('',#982,#982,#1005,.T.);
#1005 = SURFACE_CURVE('',#1006,(#1011,#1018),.PCURVE_S1.);
#1006 = CIRCLE('',#1007,7.);
#1007 = AXIS2_PLACEMENT_3D('',#1008,#1009,#1010);
#1008 = CARTESIAN_POINT('',(0.,42.,18.6));
#1009 = DIRECTION('',(0.,1.110223024625E-16,-1.));
#1010 = DIRECTION('',(0.,1.,1.110223024625E-16));
#1011 = PCURVE('',#436,#1012);
#1012 = DEFINITIONAL_REPRESENTATION('',(#1013),#1017);
#1013 = LINE('',#1014,#1015);
#1014 = CARTESIAN_POINT('',(-0.,-2.5));
#1015 = VECTOR('',#1016,1.);
#1016 = DIRECTION('',(-1.,-0.));
#1017 = ( GEOMETRIC_REPRESENTATION_CONTEXT(2) 
PARAMETRIC_REPRESENTATION_CONTEXT() REPRESENTATION_CONTEXT('2D SPACE',''
  ) );
#1018 = PCURVE('',#1019,#1024);
#1019 = CYLINDRICAL_SURFACE('',#1020,7.);
#1020 = AXIS2_PLACEMENT_3D('',#1021,#1022,#1023);
#1021 = CARTESIAN_POINT('',(0.,42.,24.));
#1022 = DIRECTION('',(0.,1.110223024625E-16,-1.));
#1023 = DIRECTION('',(0.,1.,1.110223024625E-16));
#1024 = DEFINITIONAL_REPRESENTATION('',(#1025),#1029);
#1025 = LINE('',#1026,#1027);
#1026 = CARTESIAN_POINT('',(0.,5.4));
#1027 = VECTOR('',#1028,1.);
#1028 = DIRECTION('',(1.,0.));
#1029 = ( GEOMETRIC_REPRESENTATION_CONTEXT(2) 
PARAMETRIC_REPRESENTATION_CONTEXT() REPRESENTATION_CONTEXT('2D SPACE',''
  ) );
#1030 = ORIENTED_EDGE('',*,*,#981,.F.);
#1031 = ORIENTED_EDGE('',*,*,#1032,.T.);
#1032 = EDGE_CURVE('',#954,#1033,#1035,.T.);
#1033 = VERTEX_POINT('',#1034);
#1034 = CARTESIAN_POINT('',(8.906978575642,38.995714285714,21.));
#1035 = SURFACE_CURVE('',#1036,(#1041,#1048),.PCURVE_S1.);
#1036 = CIRCLE('',#1037,9.4);
#1037 = AXIS2_PLACEMENT_3D('',#1038,#1039,#1040);
#1038 = CARTESIAN_POINT('',(0.,42.,21.));
#1039 = DIRECTION('',(0.,1.110223024625E-16,-1.));
#1040 = DIRECTION('',(0.,1.,1.110223024625E-16));
#1041 = PCURVE('',#436,#1042);
#1042 = DEFINITIONAL_REPRESENTATION('',(#1043),#1047);
#1043 = LINE('',#1044,#1045);
#1044 = CARTESIAN_POINT('',(-0.,-9.999999999999E-02));
#1045 = VECTOR('',#1046,1.);
#1046 = DIRECTION('',(-1.,-0.));
#1047 = ( GEOMETRIC_REPRESENTATION_CONTEXT(2) 
PARAMETRIC_REPRESENTATION_CONTEXT() REPRESENTATION_CONTEXT('2D SPACE',''
  ) );
#1048 = PCURVE('',#484,#1049);
#1049 = DEFINITIONAL_REPRESENTATION('',(#1050),#1058);
#1050 = ( BOUNDED_CURVE() B_SPLINE_CURVE(2,(#1051,#1052,#1053,#1054,
#1055,#1056,#1057),.UNSPECIFIED.,.T.,.F.) B_SPLINE_CURVE_WITH_KNOTS((1,2
    ,2,2,2,1),(-2.094395102393,0.,2.094395102393,4.188790204786,
6.28318530718,8.377580409573),.UNSPECIFIED.) CURVE() 
GEOMETRIC_REPRESENTATION_ITEM() RATIONAL_B_SPLINE_CURVE((1.,0.5,1.,0.5,
1.,0.5,1.)) REPRESENTATION_ITEM('') );
#1051 = CARTESIAN_POINT('',(-2.819371267466E-15,-51.4));
#1052 = CARTESIAN_POINT('',(-16.28127759114,-51.4));
#1053 = CARTESIAN_POINT('',(-8.140638795574,-37.3));
#1054 = CARTESIAN_POINT('',(-5.121707249863E-15,-23.2));
#1055 = CARTESIAN_POINT('',(8.140638795574,-37.3));
#1056 = CARTESIAN_POINT('',(16.281277591147,-51.4));
#1057 = CARTESIAN_POINT('',(-2.819371267466E-15,-51.4));
#1058 = ( GEOMETRIC_REPRESENTATION_CONTEXT(2) 
PARAMETRIC_REPRESENTATION_CONTEXT() REPRESENTATION_CONTEXT('2D SPACE',''
  ) );
#1059 = ORIENTED_EDGE('',*,*,#1060,.T.);
#1060 = EDGE_CURVE('',#1033,#730,#1061,.T.);
#1061 = SURFACE_CURVE('',#1062,(#1067,#1074),.PCURVE_S1.);
#1062 = CIRCLE('',#1063,9.4);
#1063 = AXIS2_PLACEMENT_3D('',#1064,#1065,#1066);
#1064 = CARTESIAN_POINT('',(0.,42.,21.));
#1065 = DIRECTION('',(0.,1.110223024625E-16,-1.));
#1066 = DIRECTION('',(0.,1.,1.110223024625E-16));
#1067 = PCURVE('',#436,#1068);
#1068 = DEFINITIONAL_REPRESENTATION('',(#1069),#1073);
#1069 = LINE('',#1070,#1071);
#1070 = CARTESIAN_POINT('',(-0.,-9.999999999999E-02));
#1071 = VECTOR('',#1072,1.);
#1072 = DIRECTION('',(-1.,-0.));
#1073 = ( GEOMETRIC_REPRESENTATION_CONTEXT(2) 
PARAMETRIC_REPRESENTATION_CONTEXT() REPRESENTATION_CONTEXT('2D SPACE',''
  ) );
#1074 = PCURVE('',#484,#1075);
#1075 = DEFINITIONAL_REPRESENTATION('',(#1076),#1084);
#1076 = ( BOUNDED_CURVE() B_SPLINE_CURVE(2,(#1077,#1078,#1079,#1080,
#1081,#1082,#1083),.UNSPECIFIED.,.T.,.F.) B_SPLINE_CURVE_WITH_KNOTS((1,2
    ,2,2,2,1),(-2.094395102393,0.,2.094395102393,4.188790204786,
6.28318530718,8.377580409573),.UNSPECIFIED.) CURVE() 
GEOMETRIC_REPRESENTATION_ITEM() RATIONAL_B_SPLINE_CURVE((1.,0.5,1.,0.5,
1.,0.5,1.)) REPRESENTATION_ITEM('') );
#1077 = CARTESIAN_POINT('',(-2.819371267466E-15,-51.4));
#1078 = CARTESIAN_POINT('',(-16.28127759114,-51.4));
#1079 = CARTESIAN_POINT('',(-8.140638795574,-37.3));
#1080 = CARTESIAN_POINT('',(-5.121707249863E-15,-23.2));
#1081 = CARTESIAN_POINT('',(8.140638795574,-37.3));
#1082 = CARTESIAN_POINT('',(16.281277591147,-51.4));
#1083 = CARTESIAN_POINT('',(-2.819371267466E-15,-51.4));
#1084 = ( GEOMETRIC_REPRESENTATION_CONTEXT(2) 
PARAMETRIC_REPRESENTATION_CONTEXT() REPRESENTATION_CONTEXT('2D SPACE',''
  ) );
#1085 = ORIENTED_EDGE('',*,*,#757,.F.);
#1086 = ORIENTED_EDGE('',*,*,#382,.F.);
#1087 = ORIENTED_EDGE('',*,*,#1088,.T.);
#1088 = EDGE_CURVE('',#383,#952,#1089,.T.);
#1089 = SURFACE_CURVE('',#1090,(#1095,#1102),.PCURVE_S1.);
#1090 = CIRCLE('',#1091,9.4);
#1091 = AXIS2_PLACEMENT_3D('',#1092,#1093,#1094);
#1092 = CARTESIAN_POINT('',(0.,42.,21.));
#1093 = DIRECTION('',(0.,1.110223024625E-16,-1.));
#1094 = DIRECTION('',(0.,1.,1.110223024625E-16));
#1095 = PCURVE('',#436,#1096);
#1096 = DEFINITIONAL_REPRESENTATION('',(#1097),#1101);
#1097 = LINE('',#1098,#1099);
#1098 = CARTESIAN_POINT('',(-0.,-9.999999999999E-02));
#1099 = VECTOR('',#1100,1.);
#1100 = DIRECTION('',(-1.,-0.));
#1101 = ( GEOMETRIC_REPRESENTATION_CONTEXT(2) 
PARAMETRIC_REPRESENTATION_CONTEXT() REPRESENTATION_CONTEXT('2D SPACE',''
  ) );
#1102 = PCURVE('',#484,#1103);
#1103 = DEFINITIONAL_REPRESENTATION('',(#1104),#1112);
#1104 = ( BOUNDED_CURVE() B_SPLINE_CURVE(2,(#1105,#1106,#1107,#1108,
#1109,#1110,#1111),.UNSPECIFIED.,.T.,.F.) B_SPLINE_CURVE_WITH_KNOTS((1,2
    ,2,2,2,1),(-2.094395102393,0.,2.094395102393,4.188790204786,
6.28318530718,8.377580409573),.UNSPECIFIED.) CURVE() 
GEOMETRIC_REPRESENTATION_ITEM() RATIONAL_B_SPLINE_CURVE((1.,0.5,1.,0.5,
1.,0.5,1.)) REPRESENTATION_ITEM('') );
#1105 = CARTESIAN_POINT('',(-2.819371267466E-15,-51.4));
#1106 = CARTESIAN_POINT('',(-16.28127759114,-51.4));
#1107 = CARTESIAN_POINT('',(-8.140638795574,-37.3));
#1108 = CARTESIAN_POINT('',(-5.121707249863E-15,-23.2));
#1109 = CARTESIAN_POINT('',(8.140638795574,-37.3));
#1110 = CARTESIAN_POINT('',(16.281277591147,-51.4));
#1111 = CARTESIAN_POINT('',(-2.819371267466E-15,-51.4));
#1112 = ( GEOMETRIC_REPRESENTATION_CONTEXT(2) 
PARAMETRIC_REPRESENTATION_CONTEXT() REPRESENTATION_CONTEXT('2D SPACE',''
  ) );
#1113 = ADVANCED_FACE('',(#1114,#1350),#484,.T.);
#1114 = FACE_BOUND('',#1115,.T.);
#1115 = EDGE_LOOP('',(#1116,#1151,#1179,#1207,#1235,#1268,#1296,#1324));
#1116 = ORIENTED_EDGE('',*,*,#1117,.F.);
#1117 = EDGE_CURVE('',#1118,#1120,#1122,.T.);
#1118 = VERTEX_POINT('',#1119);
#1119 = CARTESIAN_POINT('',(11.000000000001,38.457769046058,21.));
#1120 = VERTEX_POINT('',#1121);
#1121 = CARTESIAN_POINT('',(11.,-38.45776904605,21.));
#1122 = SURFACE_CURVE('',#1123,(#1128,#1139),.PCURVE_S1.);
#1123 = CIRCLE('',#1124,40.);
#1124 = AXIS2_PLACEMENT_3D('',#1125,#1126,#1127);
#1125 = CARTESIAN_POINT('',(0.,9.251858538543E-17,21.));
#1126 = DIRECTION('',(0.,1.110223024625E-16,-1.));
#1127 = DIRECTION('',(0.,1.,1.110223024625E-16));
#1128 = PCURVE('',#484,#1129);
#1129 = DEFINITIONAL_REPRESENTATION('',(#1130),#1138);
#1130 = ( BOUNDED_CURVE() B_SPLINE_CURVE(2,(#1131,#1132,#1133,#1134,
#1135,#1136,#1137),.UNSPECIFIED.,.T.,.F.) B_SPLINE_CURVE_WITH_KNOTS((1,2
    ,2,2,2,1),(-2.094395102393,0.,2.094395102393,4.188790204786,
6.28318530718,8.377580409573),.UNSPECIFIED.) CURVE() 
GEOMETRIC_REPRESENTATION_ITEM() RATIONAL_B_SPLINE_CURVE((1.,0.5,1.,0.5,
1.,0.5,1.)) REPRESENTATION_ITEM('') );
#1131 = CARTESIAN_POINT('',(-2.819371267466E-15,-40.));
#1132 = CARTESIAN_POINT('',(-69.28203230275,-40.));
#1133 = CARTESIAN_POINT('',(-34.64101615137,20.));
#1134 = CARTESIAN_POINT('',(-1.261654566064E-14,80.));
#1135 = CARTESIAN_POINT('',(34.641016151378,20.));
#1136 = CARTESIAN_POINT('',(69.282032302755,-40.));
#1137 = CARTESIAN_POINT('',(-2.819371267466E-15,-40.));
#1138 = ( GEOMETRIC_REPRESENTATION_CONTEXT(2) 
PARAMETRIC_REPRESENTATION_CONTEXT() REPRESENTATION_CONTEXT('2D SPACE',''
  ) );
#1139 = PCURVE('',#1140,#1145);
#1140 = CYLINDRICAL_SURFACE('',#1141,40.);
#1141 = AXIS2_PLACEMENT_3D('',#1142,#1143,#1144);
#1142 = CARTESIAN_POINT('',(0.,9.251858538543E-17,21.));
#1143 = DIRECTION('',(0.,1.110223024625E-16,-1.));
#1144 = DIRECTION('',(0.,1.,1.110223024625E-16));
#1145 = DEFINITIONAL_REPRESENTATION('',(#1146),#1150);
#1146 = LINE('',#1147,#1148);
#1147 = CARTESIAN_POINT('',(0.,0.));
#1148 = VECTOR('',#1149,1.);
#1149 = DIRECTION('',(1.,0.));
#1150 = ( GEOMETRIC_REPRESENTATION_CONTEXT(2) 
PARAMETRIC_REPRESENTATION_CONTEXT() REPRESENTATION_CONTEXT('2D SPACE',''
  ) );
#1151 = ORIENTED_EDGE('',*,*,#1152,.T.);
#1152 = EDGE_CURVE('',#1118,#1153,#1155,.T.);
#1153 = VERTEX_POINT('',#1154);
#1154 = CARTESIAN_POINT('',(11.,58.,21.));
#1155 = SURFACE_CURVE('',#1156,(#1160,#1167),.PCURVE_S1.);
#1156 = LINE('',#1157,#1158);
#1157 = CARTESIAN_POINT('',(11.,32.5,21.));
#1158 = VECTOR('',#1159,1.);
#1159 = DIRECTION('',(0.,1.,1.110223024625E-16));
#1160 = PCURVE('',#484,#1161);
#1161 = DEFINITIONAL_REPRESENTATION('',(#1162),#1166);
#1162 = LINE('',#1163,#1164);
#1163 = CARTESIAN_POINT('',(-11.,-32.5));
#1164 = VECTOR('',#1165,1.);
#1165 = DIRECTION('',(0.,-1.));
#1166 = ( GEOMETRIC_REPRESENTATION_CONTEXT(2) 
PARAMETRIC_REPRESENTATION_CONTEXT() REPRESENTATION_CONTEXT('2D SPACE',''
  ) );
#1167 = PCURVE('',#1168,#1173);
#1168 = PLANE('',#1169);
#1169 = AXIS2_PLACEMENT_3D('',#1170,#1171,#1172);
#1170 = CARTESIAN_POINT('',(11.,32.5,21.));
#1171 = DIRECTION('',(1.,0.,0.));
#1172 = DIRECTION('',(0.,1.,1.110223024625E-16));
#1173 = DEFINITIONAL_REPRESENTATION('',(#1174),#1178);
#1174 = LINE('',#1175,#1176);
#1175 = CARTESIAN_POINT('',(0.,0.));
#1176 = VECTOR('',#1177,1.);
#1177 = DIRECTION('',(1.,0.));
#1178 = ( GEOMETRIC_REPRESENTATION_CONTEXT(2) 
PARAMETRIC_REPRESENTATION_CONTEXT() REPRESENTATION_CONTEXT('2D SPACE',''
  ) );
#1179 = ORIENTED_EDGE('',*,*,#1180,.F.);
#1180 = EDGE_CURVE('',#1181,#1153,#1183,.T.);
#1181 = VERTEX_POINT('',#1182);
#1182 = CARTESIAN_POINT('',(-11.,58.,21.));
#1183 = SURFACE_CURVE('',#1184,(#1188,#1195),.PCURVE_S1.);
#1184 = LINE('',#1185,#1186);
#1185 = CARTESIAN_POINT('',(-11.,58.,21.));
#1186 = VECTOR('',#1187,1.);
#1187 = DIRECTION('',(1.,0.,0.));
#1188 = PCURVE('',#484,#1189);
#1189 = DEFINITIONAL_REPRESENTATION('',(#1190),#1194);
#1190 = LINE('',#1191,#1192);
#1191 = CARTESIAN_POINT('',(11.,-58.));
#1192 = VECTOR('',#1193,1.);
#1193 = DIRECTION('',(-1.,-2.10936669325E-63));
#1194 = ( GEOMETRIC_REPRESENTATION_CONTEXT(2) 
PARAMETRIC_REPRESENTATION_CONTEXT() REPRESENTATION_CONTEXT('2D SPACE',''
  ) );
#1195 = PCURVE('',#1196,#1201);
#1196 = PLANE('',#1197);
#1197 = AXIS2_PLACEMENT_3D('',#1198,#1199,#1200);
#1198 = CARTESIAN_POINT('',(-11.,58.,21.));
#1199 = DIRECTION('',(0.,1.,1.110223024625E-16));
#1200 = DIRECTION('',(1.,0.,0.));
#1201 = DEFINITIONAL_REPRESENTATION('',(#1202),#1206);
#1202 = LINE('',#1203,#1204);
#1203 = CARTESIAN_POINT('',(0.,0.));
#1204 = VECTOR('',#1205,1.);
#1205 = DIRECTION('',(1.,0.));
#1206 = ( GEOMETRIC_REPRESENTATION_CONTEXT(2) 
PARAMETRIC_REPRESENTATION_CONTEXT() REPRESENTATION_CONTEXT('2D SPACE',''
  ) );
#1207 = ORIENTED_EDGE('',*,*,#1208,.F.);
#1208 = EDGE_CURVE('',#1209,#1181,#1211,.T.);
#1209 = VERTEX_POINT('',#1210);
#1210 = CARTESIAN_POINT('',(-11.,38.457769046058,21.));
#1211 = SURFACE_CURVE('',#1212,(#1216,#1223),.PCURVE_S1.);
#1212 = LINE('',#1213,#1214);
#1213 = CARTESIAN_POINT('',(-11.,32.5,21.));
#1214 = VECTOR('',#1215,1.);
#1215 = DIRECTION('',(0.,1.,1.110223024625E-16));
#1216 = PCURVE('',#484,#1217);
#1217 = DEFINITIONAL_REPRESENTATION('',(#1218),#1222);
#1218 = LINE('',#1219,#1220);
#1219 = CARTESIAN_POINT('',(11.,-32.5));
#1220 = VECTOR('',#1221,1.);
#1221 = DIRECTION('',(0.,-1.));
#1222 = ( GEOMETRIC_REPRESENTATION_CONTEXT(2) 
PARAMETRIC_REPRESENTATION_CONTEXT() REPRESENTATION_CONTEXT('2D SPACE',''
  ) );
#1223 = PCURVE('',#1224,#1229);
#1224 = PLANE('',#1225);
#1225 = AXIS2_PLACEMENT_3D('',#1226,#1227,#1228);
#1226 = CARTESIAN_POINT('',(-11.,32.5,21.));
#1227 = DIRECTION('',(1.,0.,0.));
#1228 = DIRECTION('',(0.,1.,1.110223024625E-16));
#1229 = DEFINITIONAL_REPRESENTATION('',(#1230),#1234);
#1230 = LINE('',#1231,#1232);
#1231 = CARTESIAN_POINT('',(0.,0.));
#1232 = VECTOR('',#1233,1.);
#1233 = DIRECTION('',(1.,0.));
#1234 = ( GEOMETRIC_REPRESENTATION_CONTEXT(2) 
PARAMETRIC_REPRESENTATION_CONTEXT() REPRESENTATION_CONTEXT('2D SPACE',''
  ) );
#1235 = ORIENTED_EDGE('',*,*,#1236,.F.);
#1236 = EDGE_CURVE('',#1237,#1209,#1239,.T.);
#1237 = VERTEX_POINT('',#1238);
#1238 = CARTESIAN_POINT('',(-11.,-38.45776904605,21.));
#1239 = SURFACE_CURVE('',#1240,(#1245,#1256),.PCURVE_S1.);
#1240 = CIRCLE('',#1241,40.);
#1241 = AXIS2_PLACEMENT_3D('',#1242,#1243,#1244);
#1242 = CARTESIAN_POINT('',(0.,9.251858538543E-17,21.));
#1243 = DIRECTION('',(0.,1.110223024625E-16,-1.));
#1244 = DIRECTION('',(0.,1.,1.110223024625E-16));
#1245 = PCURVE('',#484,#1246);
#1246 = DEFINITIONAL_REPRESENTATION('',(#1247),#1255);
#1247 = ( BOUNDED_CURVE() B_SPLINE_CURVE(2,(#1248,#1249,#1250,#1251,
#1252,#1253,#1254),.UNSPECIFIED.,.T.,.F.) B_SPLINE_CURVE_WITH_KNOTS((1,2
    ,2,2,2,1),(-2.094395102393,0.,2.094395102393,4.188790204786,
6.28318530718,8.377580409573),.UNSPECIFIED.) CURVE() 
GEOMETRIC_REPRESENTATION_ITEM() RATIONAL_B_SPLINE_CURVE((1.,0.5,1.,0.5,
1.,0.5,1.)) REPRESENTATION_ITEM('') );
#1248 = CARTESIAN_POINT('',(-2.819371267466E-15,-40.));
#1249 = CARTESIAN_POINT('',(-69.28203230275,-40.));
#1250 = CARTESIAN_POINT('',(-34.64101615137,20.));
#1251 = CARTESIAN_POINT('',(-1.261654566064E-14,80.));
#1252 = CARTESIAN_POINT('',(34.641016151378,20.));
#1253 = CARTESIAN_POINT('',(69.282032302755,-40.));
#1254 = CARTESIAN_POINT('',(-2.819371267466E-15,-40.));
#1255 = ( GEOMETRIC_REPRESENTATION_CONTEXT(2) 
PARAMETRIC_REPRESENTATION_CONTEXT() REPRESENTATION_CONTEXT('2D SPACE',''
  ) );
#1256 = PCURVE('',#1257,#1262);
#1257 = CYLINDRICAL_SURFACE('',#1258,40.);
#1258 = AXIS2_PLACEMENT_3D('',#1259,#1260,#1261);
#1259 = CARTESIAN_POINT('',(0.,9.251858538543E-17,21.));
#1260 = DIRECTION('',(0.,1.110223024625E-16,-1.));
#1261 = DIRECTION('',(0.,1.,1.110223024625E-16));
#1262 = DEFINITIONAL_REPRESENTATION('',(#1263),#1267);
#1263 = LINE('',#1264,#1265);
#1264 = CARTESIAN_POINT('',(0.,0.));
#1265 = VECTOR('',#1266,1.);
#1266 = DIRECTION('',(1.,0.));
#1267 = ( GEOMETRIC_REPRESENTATION_CONTEXT(2) 
PARAMETRIC_REPRESENTATION_CONTEXT() REPRESENTATION_CONTEXT('2D SPACE',''
  ) );
#1268 = ORIENTED_EDGE('',*,*,#1269,.F.);
#1269 = EDGE_CURVE('',#1270,#1237,#1272,.T.);
#1270 = VERTEX_POINT('',#1271);
#1271 = CARTESIAN_POINT('',(-11.,-58.,21.));
#1272 = SURFACE_CURVE('',#1273,(#1277,#1284),.PCURVE_S1.);
#1273 = LINE('',#1274,#1275);
#1274 = CARTESIAN_POINT('',(-11.,-58.,21.));
#1275 = VECTOR('',#1276,1.);
#1276 = DIRECTION('',(0.,1.,1.110223024625E-16));
#1277 = PCURVE('',#484,#1278);
#1278 = DEFINITIONAL_REPRESENTATION('',(#1279),#1283);
#1279 = LINE('',#1280,#1281);
#1280 = CARTESIAN_POINT('',(11.,58.));
#1281 = VECTOR('',#1282,1.);
#1282 = DIRECTION('',(0.,-1.));
#1283 = ( GEOMETRIC_REPRESENTATION_CONTEXT(2) 
PARAMETRIC_REPRESENTATION_CONTEXT() REPRESENTATION_CONTEXT('2D SPACE',''
  ) );
#1284 = PCURVE('',#1285,#1290);
#1285 = PLANE('',#1286);
#1286 = AXIS2_PLACEMENT_3D('',#1287,#1288,#1289);
#1287 = CARTESIAN_POINT('',(-11.,-58.,21.));
#1288 = DIRECTION('',(1.,0.,0.));
#1289 = DIRECTION('',(0.,1.,1.110223024625E-16));
#1290 = DEFINITIONAL_REPRESENTATION('',(#1291),#1295);
#1291 = LINE('',#1292,#1293);
#1292 = CARTESIAN_POINT('',(0.,0.));
#1293 = VECTOR('',#1294,1.);
#1294 = DIRECTION('',(1.,0.));
#1295 = ( GEOMETRIC_REPRESENTATION_CONTEXT(2) 
PARAMETRIC_REPRESENTATION_CONTEXT() REPRESENTATION_CONTEXT('2D SPACE',''
  ) );
#1296 = ORIENTED_EDGE('',*,*,#1297,.T.);
#1297 = EDGE_CURVE('',#1270,#1298,#1300,.T.);
#1298 = VERTEX_POINT('',#1299);
#1299 = CARTESIAN_POINT('',(11.,-58.,21.));
#1300 = SURFACE_CURVE('',#1301,(#1305,#1312),.PCURVE_S1.);
#1301 = LINE('',#1302,#1303);
#1302 = CARTESIAN_POINT('',(-11.,-58.,21.));
#1303 = VECTOR('',#1304,1.);
#1304 = DIRECTION('',(1.,0.,0.));
#1305 = PCURVE('',#484,#1306);
#1306 = DEFINITIONAL_REPRESENTATION('',(#1307),#1311);
#1307 = LINE('',#1308,#1309);
#1308 = CARTESIAN_POINT('',(11.,58.));
#1309 = VECTOR('',#1310,1.);
#1310 = DIRECTION('',(-1.,-2.10936669325E-63));
#1311 = ( GEOMETRIC_REPRESENTATION_CONTEXT(2) 
PARAMETRIC_REPRESENTATION_CONTEXT() REPRESENTATION_CONTEXT('2D SPACE',''
  ) );
#1312 = PCURVE('',#1313,#1318);
#1313 = PLANE('',#1314);
#1314 = AXIS2_PLACEMENT_3D('',#1315,#1316,#1317);
#1315 = CARTESIAN_POINT('',(-11.,-58.,21.));
#1316 = DIRECTION('',(0.,1.,1.110223024625E-16));
#1317 = DIRECTION('',(1.,0.,0.));
#1318 = DEFINITIONAL_REPRESENTATION('',(#1319),#1323);
#1319 = LINE('',#1320,#1321);
#1320 = CARTESIAN_POINT('',(0.,0.));
#1321 = VECTOR('',#1322,1.);
#1322 = DIRECTION('',(1.,0.));
#1323 = ( GEOMETRIC_REPRESENTATION_CONTEXT(2) 
PARAMETRIC_REPRESENTATION_CONTEXT() REPRESENTATION_CONTEXT('2D SPACE',''
  ) );
#1324 = ORIENTED_EDGE('',*,*,#1325,.T.);
#1325 = EDGE_CURVE('',#1298,#1120,#1326,.T.);
#1326 = SURFACE_CURVE('',#1327,(#1331,#1338),.PCURVE_S1.);
#1327 = LINE('',#1328,#1329);
#1328 = CARTESIAN_POINT('',(11.,-58.,21.));
#1329 = VECTOR('',#1330,1.);
#1330 = DIRECTION('',(0.,1.,1.110223024625E-16));
#1331 = PCURVE('',#484,#1332);
#1332 = DEFINITIONAL_REPRESENTATION('',(#1333),#1337);
#1333 = LINE('',#1334,#1335);
#1334 = CARTESIAN_POINT('',(-11.,58.));
#1335 = VECTOR('',#1336,1.);
#1336 = DIRECTION('',(0.,-1.));
#1337 = ( GEOMETRIC_REPRESENTATION_CONTEXT(2) 
PARAMETRIC_REPRESENTATION_CONTEXT() REPRESENTATION_CONTEXT('2D SPACE',''
  ) );
#1338 = PCURVE('',#1339,#1344);
#1339 = PLANE('',#1340);
#1340 = AXIS2_PLACEMENT_3D('',#1341,#1342,#1343);
#1341 = CARTESIAN_POINT('',(11.,-58.,21.));
#1342 = DIRECTION('',(1.,0.,0.));
#1343 = DIRECTION('',(0.,1.,1.110223024625E-16));
#1344 = DEFINITIONAL_REPRESENTATION('',(#1345),#1349);
#1345 = LINE('',#1346,#1347);
#1346 = CARTESIAN_POINT('',(0.,0.));
#1347 = VECTOR('',#1348,1.);
#1348 = DIRECTION('',(1.,0.));
#1349 = ( GEOMETRIC_REPRESENTATION_CONTEXT(2) 
PARAMETRIC_REPRESENTATION_CONTEXT() REPRESENTATION_CONTEXT('2D SPACE',''
  ) );
#1350 = FACE_BOUND('',#1351,.T.);
#1351 = EDGE_LOOP('',(#1352,#1353,#1354,#1355,#1356,#1384,#1412,#1438,
    #1439,#1440,#1441,#1442,#1443));
#1352 = ORIENTED_EDGE('',*,*,#1060,.T.);
#1353 = ORIENTED_EDGE('',*,*,#729,.T.);
#1354 = ORIENTED_EDGE('',*,*,#701,.T.);
#1355 = ORIENTED_EDGE('',*,*,#673,.T.);
#1356 = ORIENTED_EDGE('',*,*,#1357,.T.);
#1357 = EDGE_CURVE('',#618,#1358,#1360,.T.);
#1358 = VERTEX_POINT('',#1359);
#1359 = CARTESIAN_POINT('',(8.906978575642,-38.99571428571,21.));
#1360 = SURFACE_CURVE('',#1361,(#1366,#1377),.PCURVE_S1.);
#1361 = CIRCLE('',#1362,9.4);
#1362 = AXIS2_PLACEMENT_3D('',#1363,#1364,#1365);
#1363 = CARTESIAN_POINT('',(0.,-42.,21.));
#1364 = DIRECTION('',(0.,1.110223024625E-16,-1.));
#1365 = DIRECTION('',(0.,1.,1.110223024625E-16));
#1366 = PCURVE('',#484,#1367);
#1367 = DEFINITIONAL_REPRESENTATION('',(#1368),#1376);
#1368 = ( BOUNDED_CURVE() B_SPLINE_CURVE(2,(#1369,#1370,#1371,#1372,
#1373,#1374,#1375),.UNSPECIFIED.,.T.,.F.) B_SPLINE_CURVE_WITH_KNOTS((1,2
    ,2,2,2,1),(-2.094395102393,0.,2.094395102393,4.188790204786,
6.28318530718,8.377580409573),.UNSPECIFIED.) CURVE() 
GEOMETRIC_REPRESENTATION_ITEM() RATIONAL_B_SPLINE_CURVE((1.,0.5,1.,0.5,
1.,0.5,1.)) REPRESENTATION_ITEM('') );
#1369 = CARTESIAN_POINT('',(-2.819371267466E-15,32.6));
#1370 = CARTESIAN_POINT('',(-16.28127759114,32.6));
#1371 = CARTESIAN_POINT('',(-8.140638795574,46.7));
#1372 = CARTESIAN_POINT('',(-5.121707249863E-15,60.8));
#1373 = CARTESIAN_POINT('',(8.140638795574,46.7));
#1374 = CARTESIAN_POINT('',(16.281277591147,32.6));
#1375 = CARTESIAN_POINT('',(-2.819371267466E-15,32.6));
#1376 = ( GEOMETRIC_REPRESENTATION_CONTEXT(2) 
PARAMETRIC_REPRESENTATION_CONTEXT() REPRESENTATION_CONTEXT('2D SPACE',''
  ) );
#1377 = PCURVE('',#594,#1378);
#1378 = DEFINITIONAL_REPRESENTATION('',(#1379),#1383);
#1379 = LINE('',#1380,#1381);
#1380 = CARTESIAN_POINT('',(-0.,-9.999999999999E-02));
#1381 = VECTOR('',#1382,1.);
#1382 = DIRECTION('',(-1.,-0.));
#1383 = ( GEOMETRIC_REPRESENTATION_CONTEXT(2) 
PARAMETRIC_REPRESENTATION_CONTEXT() REPRESENTATION_CONTEXT('2D SPACE',''
  ) );
#1384 = ORIENTED_EDGE('',*,*,#1385,.T.);
#1385 = EDGE_CURVE('',#1358,#1386,#1388,.T.);
#1386 = VERTEX_POINT('',#1387);
#1387 = CARTESIAN_POINT('',(-8.906978575642,-38.99571428571,21.));
#1388 = SURFACE_CURVE('',#1389,(#1394,#1405),.PCURVE_S1.);
#1389 = CIRCLE('',#1390,9.4);
#1390 = AXIS2_PLACEMENT_3D('',#1391,#1392,#1393);
#1391 = CARTESIAN_POINT('',(0.,-42.,21.));
#1392 = DIRECTION('',(0.,1.110223024625E-16,-1.));
#1393 = DIRECTION('',(0.,1.,1.110223024625E-16));
#1394 = PCURVE('',#484,#1395);
#1395 = DEFINITIONAL_REPRESENTATION('',(#1396),#1404);
#1396 = ( BOUNDED_CURVE() B_SPLINE_CURVE(2,(#1397,#1398,#1399,#1400,
#1401,#1402,#1403),.UNSPECIFIED.,.T.,.F.) B_SPLINE_CURVE_WITH_KNOTS((1,2
    ,2,2,2,1),(-2.094395102393,0.,2.094395102393,4.188790204786,
6.28318530718,8.377580409573),.UNSPECIFIED.) CURVE() 
GEOMETRIC_REPRESENTATION_ITEM() RATIONAL_B_SPLINE_CURVE((1.,0.5,1.,0.5,
1.,0.5,1.)) REPRESENTATION_ITEM('') );
#1397 = CARTESIAN_POINT('',(-2.819371267466E-15,32.6));
#1398 = CARTESIAN_POINT('',(-16.28127759114,32.6));
#1399 = CARTESIAN_POINT('',(-8.140638795574,46.7));
#1400 = CARTESIAN_POINT('',(-5.121707249863E-15,60.8));
#1401 = CARTESIAN_POINT('',(8.140638795574,46.7));
#1402 = CARTESIAN_POINT('',(16.281277591147,32.6));
#1403 = CARTESIAN_POINT('',(-2.819371267466E-15,32.6));
#1404 = ( GEOMETRIC_REPRESENTATION_CONTEXT(2) 
PARAMETRIC_REPRESENTATION_CONTEXT() REPRESENTATION_CONTEXT('2D SPACE',''
  ) );
#1405 = PCURVE('',#594,#1406);
#1406 = DEFINITIONAL_REPRESENTATION('',(#1407),#1411);
#1407 = LINE('',#1408,#1409);
#1408 = CARTESIAN_POINT('',(-0.,-9.999999999999E-02));
#1409 = VECTOR('',#1410,1.);
#1410 = DIRECTION('',(-1.,-0.));
#1411 = ( GEOMETRIC_REPRESENTATION_CONTEXT(2) 
PARAMETRIC_REPRESENTATION_CONTEXT() REPRESENTATION_CONTEXT('2D SPACE',''
  ) );
#1412 = ORIENTED_EDGE('',*,*,#1413,.T.);
#1413 = EDGE_CURVE('',#1386,#529,#1414,.T.);
#1414 = SURFACE_CURVE('',#1415,(#1420,#1431),.PCURVE_S1.);
#1415 = CIRCLE('',#1416,9.4);
#1416 = AXIS2_PLACEMENT_3D('',#1417,#1418,#1419);
#1417 = CARTESIAN_POINT('',(0.,-42.,21.));
#1418 = DIRECTION('',(0.,1.110223024625E-16,-1.));
#1419 = DIRECTION('',(0.,1.,1.110223024625E-16));
#1420 = PCURVE('',#484,#1421);
#1421 = DEFINITIONAL_REPRESENTATION('',(#1422),#1430);
#1422 = ( BOUNDED_CURVE() B_SPLINE_CURVE(2,(#1423,#1424,#1425,#1426,
#1427,#1428,#1429),.UNSPECIFIED.,.T.,.F.) B_SPLINE_CURVE_WITH_KNOTS((1,2
    ,2,2,2,1),(-2.094395102393,0.,2.094395102393,4.188790204786,
6.28318530718,8.377580409573),.UNSPECIFIED.) CURVE() 
GEOMETRIC_REPRESENTATION_ITEM() RATIONAL_B_SPLINE_CURVE((1.,0.5,1.,0.5,
1.,0.5,1.)) REPRESENTATION_ITEM('') );
#1423 = CARTESIAN_POINT('',(-2.819371267466E-15,32.6));
#1424 = CARTESIAN_POINT('',(-16.28127759114,32.6));
#1425 = CARTESIAN_POINT('',(-8.140638795574,46.7));
#1426 = CARTESIAN_POINT('',(-5.121707249863E-15,60.8));
#1427 = CARTESIAN_POINT('',(8.140638795574,46.7));
#1428 = CARTESIAN_POINT('',(16.281277591147,32.6));
#1429 = CARTESIAN_POINT('',(-2.819371267466E-15,32.6));
#1430 = ( GEOMETRIC_REPRESENTATION_CONTEXT(2) 
PARAMETRIC_REPRESENTATION_CONTEXT() REPRESENTATION_CONTEXT('2D SPACE',''
  ) );
#1431 = PCURVE('',#594,#1432);
#1432 = DEFINITIONAL_REPRESENTATION('',(#1433),#1437);
#1433 = LINE('',#1434,#1435);
#1434 = CARTESIAN_POINT('',(-0.,-9.999999999999E-02));
#1435 = VECTOR('',#1436,1.);
#1436 = DIRECTION('',(-1.,-0.));
#1437 = ( GEOMETRIC_REPRESENTATION_CONTEXT(2) 
PARAMETRIC_REPRESENTATION_CONTEXT() REPRESENTATION_CONTEXT('2D SPACE',''
  ) );
#1438 = ORIENTED_EDGE('',*,*,#528,.T.);
#1439 = ORIENTED_EDGE('',*,*,#500,.T.);
#1440 = ORIENTED_EDGE('',*,*,#467,.T.);
#1441 = ORIENTED_EDGE('',*,*,#1088,.T.);
#1442 = ORIENTED_EDGE('',*,*,#951,.T.);
#1443 = ORIENTED_EDGE('',*,*,#1032,.T.);
#1444 = ADVANCED_FACE('',(#1445),#594,.F.);
#1445 = FACE_BOUND('',#1446,.F.);
#1446 = EDGE_LOOP('',(#1447,#1448,#1471,#1498,#1499,#1500,#1501,#1502));
#1447 = ORIENTED_EDGE('',*,*,#556,.F.);
#1448 = ORIENTED_EDGE('',*,*,#1449,.T.);
#1449 = EDGE_CURVE('',#557,#1450,#1452,.T.);
#1450 = VERTEX_POINT('',#1451);
#1451 = CARTESIAN_POINT('',(-1.714505518806E-15,-35.,18.6));
#1452 = SEAM_CURVE('',#1453,(#1457,#1464),.PCURVE_S1.);
#1453 = LINE('',#1454,#1455);
#1454 = CARTESIAN_POINT('',(-2.32682891838E-15,-32.5,21.1));
#1455 = VECTOR('',#1456,1.);
#1456 = DIRECTION('',(1.731912112471E-16,-0.707106781187,-0.707106781187
    ));
#1457 = PCURVE('',#594,#1458);
#1458 = DEFINITIONAL_REPRESENTATION('',(#1459),#1463);
#1459 = LINE('',#1460,#1461);
#1460 = CARTESIAN_POINT('',(0.,-0.));
#1461 = VECTOR('',#1462,1.);
#1462 = DIRECTION('',(-0.,-1.));
#1463 = ( GEOMETRIC_REPRESENTATION_CONTEXT(2) 
PARAMETRIC_REPRESENTATION_CONTEXT() REPRESENTATION_CONTEXT('2D SPACE',''
  ) );
#1464 = PCURVE('',#594,#1465);
#1465 = DEFINITIONAL_REPRESENTATION('',(#1466),#1470);
#1466 = LINE('',#1467,#1468);
#1467 = CARTESIAN_POINT('',(-6.28318530718,0.));
#1468 = VECTOR('',#1469,1.);
#1469 = DIRECTION('',(-0.,-1.));
#1470 = ( GEOMETRIC_REPRESENTATION_CONTEXT(2) 
PARAMETRIC_REPRESENTATION_CONTEXT() REPRESENTATION_CONTEXT('2D SPACE',''
  ) );
#1471 = ORIENTED_EDGE('',*,*,#1472,.F.);
#1472 = EDGE_CURVE('',#1450,#1450,#1473,.T.);
#1473 = SURFACE_CURVE('',#1474,(#1479,#1486),.PCURVE_S1.);
#1474 = CIRCLE('',#1475,7.);
#1475 = AXIS2_PLACEMENT_3D('',#1476,#1477,#1478);
#1476 = CARTESIAN_POINT('',(0.,-42.,18.6));
#1477 = DIRECTION('',(0.,1.110223024625E-16,-1.));
#1478 = DIRECTION('',(0.,1.,1.110223024625E-16));
#1479 = PCURVE('',#594,#1480);
#1480 = DEFINITIONAL_REPRESENTATION('',(#1481),#1485);
#1481 = LINE('',#1482,#1483);
#1482 = CARTESIAN_POINT('',(-0.,-2.5));
#1483 = VECTOR('',#1484,1.);
#1484 = DIRECTION('',(-1.,-0.));
#1485 = ( GEOMETRIC_REPRESENTATION_CONTEXT(2) 
PARAMETRIC_REPRESENTATION_CONTEXT() REPRESENTATION_CONTEXT('2D SPACE',''
  ) );
#1486 = PCURVE('',#1487,#1492);
#1487 = CYLINDRICAL_SURFACE('',#1488,7.);
#1488 = AXIS2_PLACEMENT_3D('',#1489,#1490,#1491);
#1489 = CARTESIAN_POINT('',(0.,-42.,24.));
#1490 = DIRECTION('',(0.,1.110223024625E-16,-1.));
#1491 = DIRECTION('',(0.,1.,1.110223024625E-16));
#1492 = DEFINITIONAL_REPRESENTATION('',(#1493),#1497);
#1493 = LINE('',#1494,#1495);
#1494 = CARTESIAN_POINT('',(0.,5.4));
#1495 = VECTOR('',#1496,1.);
#1496 = DIRECTION('',(1.,0.));
#1497 = ( GEOMETRIC_REPRESENTATION_CONTEXT(2) 
PARAMETRIC_REPRESENTATION_CONTEXT() REPRESENTATION_CONTEXT('2D SPACE',''
  ) );
#1498 = ORIENTED_EDGE('',*,*,#1449,.F.);
#1499 = ORIENTED_EDGE('',*,*,#617,.F.);
#1500 = ORIENTED_EDGE('',*,*,#1357,.T.);
#1501 = ORIENTED_EDGE('',*,*,#1385,.T.);
#1502 = ORIENTED_EDGE('',*,*,#1413,.T.);
#1503 = ADVANCED_FACE('',(#1504,#1692,#1699,#1773),#842,.T.);
#1504 = FACE_BOUND('',#1505,.T.);
#1505 = EDGE_LOOP('',(#1506,#1531,#1555,#1578,#1601,#1624,#1648,#1671));
#1506 = ORIENTED_EDGE('',*,*,#1507,.F.);
#1507 = EDGE_CURVE('',#1508,#1510,#1512,.T.);
#1508 = VERTEX_POINT('',#1509);
#1509 = CARTESIAN_POINT('',(11.000000000001,38.457769046058,5.));
#1510 = VERTEX_POINT('',#1511);
#1511 = CARTESIAN_POINT('',(11.,58.,5.));
#1512 = SURFACE_CURVE('',#1513,(#1517,#1524),.PCURVE_S1.);
#1513 = LINE('',#1514,#1515);
#1514 = CARTESIAN_POINT('',(11.,32.5,5.));
#1515 = VECTOR('',#1516,1.);
#1516 = DIRECTION('',(0.,1.,1.110223024625E-16));
#1517 = PCURVE('',#842,#1518);
#1518 = DEFINITIONAL_REPRESENTATION('',(#1519),#1523);
#1519 = LINE('',#1520,#1521);
#1520 = CARTESIAN_POINT('',(11.,-32.5));
#1521 = VECTOR('',#1522,1.);
#1522 = DIRECTION('',(0.,-1.));
#1523 = ( GEOMETRIC_REPRESENTATION_CONTEXT(2) 
PARAMETRIC_REPRESENTATION_CONTEXT() REPRESENTATION_CONTEXT('2D SPACE',''
  ) );
#1524 = PCURVE('',#1168,#1525);
#1525 = DEFINITIONAL_REPRESENTATION('',(#1526),#1530);
#1526 = LINE('',#1527,#1528);
#1527 = CARTESIAN_POINT('',(0.,-16.));
#1528 = VECTOR('',#1529,1.);
#1529 = DIRECTION('',(1.,0.));
#1530 = ( GEOMETRIC_REPRESENTATION_CONTEXT(2) 
PARAMETRIC_REPRESENTATION_CONTEXT() REPRESENTATION_CONTEXT('2D SPACE',''
  ) );
#1531 = ORIENTED_EDGE('',*,*,#1532,.T.);
#1532 = EDGE_CURVE('',#1508,#1533,#1535,.T.);
#1533 = VERTEX_POINT('',#1534);
#1534 = CARTESIAN_POINT('',(11.,-38.45776904605,5.));
#1535 = SURFACE_CURVE('',#1536,(#1541,#1548),.PCURVE_S1.);
#1536 = CIRCLE('',#1537,40.);
#1537 = AXIS2_PLACEMENT_3D('',#1538,#1539,#1540);
#1538 = CARTESIAN_POINT('',(0.,1.868875424786E-15,5.));
#1539 = DIRECTION('',(0.,1.110223024625E-16,-1.));
#1540 = DIRECTION('',(0.,1.,1.110223024625E-16));
#1541 = PCURVE('',#842,#1542);
#1542 = DEFINITIONAL_REPRESENTATION('',(#1543),#1547);
#1543 = CIRCLE('',#1544,40.);
#1544 = AXIS2_PLACEMENT_2D('',#1545,#1546);
#1545 = CARTESIAN_POINT('',(8.81053521083E-16,-1.677525904142E-13));
#1546 = DIRECTION('',(0.,-1.));
#1547 = ( GEOMETRIC_REPRESENTATION_CONTEXT(2) 
PARAMETRIC_REPRESENTATION_CONTEXT() REPRESENTATION_CONTEXT('2D SPACE',''
  ) );
#1548 = PCURVE('',#1140,#1549);
#1549 = DEFINITIONAL_REPRESENTATION('',(#1550),#1554);
#1550 = LINE('',#1551,#1552);
#1551 = CARTESIAN_POINT('',(0.,16.));
#1552 = VECTOR('',#1553,1.);
#1553 = DIRECTION('',(1.,0.));
#1554 = ( GEOMETRIC_REPRESENTATION_CONTEXT(2) 
PARAMETRIC_REPRESENTATION_CONTEXT() REPRESENTATION_CONTEXT('2D SPACE',''
  ) );
#1555 = ORIENTED_EDGE('',*,*,#1556,.F.);
#1556 = EDGE_CURVE('',#1557,#1533,#1559,.T.);
#1557 = VERTEX_POINT('',#1558);
#1558 = CARTESIAN_POINT('',(11.,-58.,5.));
#1559 = SURFACE_CURVE('',#1560,(#1564,#1571),.PCURVE_S1.);
#1560 = LINE('',#1561,#1562);
#1561 = CARTESIAN_POINT('',(11.,-58.,5.));
#1562 = VECTOR('',#1563,1.);
#1563 = DIRECTION('',(0.,1.,1.110223024625E-16));
#1564 = PCURVE('',#842,#1565);
#1565 = DEFINITIONAL_REPRESENTATION('',(#1566),#1570);
#1566 = LINE('',#1567,#1568);
#1567 = CARTESIAN_POINT('',(11.,58.));
#1568 = VECTOR('',#1569,1.);
#1569 = DIRECTION('',(0.,-1.));
#1570 = ( GEOMETRIC_REPRESENTATION_CONTEXT(2) 
PARAMETRIC_REPRESENTATION_CONTEXT() REPRESENTATION_CONTEXT('2D SPACE',''
  ) );
#1571 = PCURVE('',#1339,#1572);
#1572 = DEFINITIONAL_REPRESENTATION('',(#1573),#1577);
#1573 = LINE('',#1574,#1575);
#1574 = CARTESIAN_POINT('',(0.,-16.));
#1575 = VECTOR('',#1576,1.);
#1576 = DIRECTION('',(1.,0.));
#1577 = ( GEOMETRIC_REPRESENTATION_CONTEXT(2) 
PARAMETRIC_REPRESENTATION_CONTEXT() REPRESENTATION_CONTEXT('2D SPACE',''
  ) );
#1578 = ORIENTED_EDGE('',*,*,#1579,.F.);
#1579 = EDGE_CURVE('',#1580,#1557,#1582,.T.);
#1580 = VERTEX_POINT('',#1581);
#1581 = CARTESIAN_POINT('',(-11.,-58.,5.));
#1582 = SURFACE_CURVE('',#1583,(#1587,#1594),.PCURVE_S1.);
#1583 = LINE('',#1584,#1585);
#1584 = CARTESIAN_POINT('',(-11.,-58.,5.));
#1585 = VECTOR('',#1586,1.);
#1586 = DIRECTION('',(1.,0.,0.));
#1587 = PCURVE('',#842,#1588);
#1588 = DEFINITIONAL_REPRESENTATION('',(#1589),#1593);
#1589 = LINE('',#1590,#1591);
#1590 = CARTESIAN_POINT('',(-11.,58.));
#1591 = VECTOR('',#1592,1.);
#1592 = DIRECTION('',(1.,-6.50890293917E-63));
#1593 = ( GEOMETRIC_REPRESENTATION_CONTEXT(2) 
PARAMETRIC_REPRESENTATION_CONTEXT() REPRESENTATION_CONTEXT('2D SPACE',''
  ) );
#1594 = PCURVE('',#1313,#1595);
#1595 = DEFINITIONAL_REPRESENTATION('',(#1596),#1600);
#1596 = LINE('',#1597,#1598);
#1597 = CARTESIAN_POINT('',(0.,16.));
#1598 = VECTOR('',#1599,1.);
#1599 = DIRECTION('',(1.,0.));
#1600 = ( GEOMETRIC_REPRESENTATION_CONTEXT(2) 
PARAMETRIC_REPRESENTATION_CONTEXT() REPRESENTATION_CONTEXT('2D SPACE',''
  ) );
#1601 = ORIENTED_EDGE('',*,*,#1602,.T.);
#1602 = EDGE_CURVE('',#1580,#1603,#1605,.T.);
#1603 = VERTEX_POINT('',#1604);
#1604 = CARTESIAN_POINT('',(-11.,-38.45776904605,5.));
#1605 = SURFACE_CURVE('',#1606,(#1610,#1617),.PCURVE_S1.);
#1606 = LINE('',#1607,#1608);
#1607 = CARTESIAN_POINT('',(-11.,-58.,5.));
#1608 = VECTOR('',#1609,1.);
#1609 = DIRECTION('',(0.,1.,1.110223024625E-16));
#1610 = PCURVE('',#842,#1611);
#1611 = DEFINITIONAL_REPRESENTATION('',(#1612),#1616);
#1612 = LINE('',#1613,#1614);
#1613 = CARTESIAN_POINT('',(-11.,58.));
#1614 = VECTOR('',#1615,1.);
#1615 = DIRECTION('',(0.,-1.));
#1616 = ( GEOMETRIC_REPRESENTATION_CONTEXT(2) 
PARAMETRIC_REPRESENTATION_CONTEXT() REPRESENTATION_CONTEXT('2D SPACE',''
  ) );
#1617 = PCURVE('',#1285,#1618);
#1618 = DEFINITIONAL_REPRESENTATION('',(#1619),#1623);
#1619 = LINE('',#1620,#1621);
#1620 = CARTESIAN_POINT('',(0.,-16.));
#1621 = VECTOR('',#1622,1.);
#1622 = DIRECTION('',(1.,0.));
#1623 = ( GEOMETRIC_REPRESENTATION_CONTEXT(2) 
PARAMETRIC_REPRESENTATION_CONTEXT() REPRESENTATION_CONTEXT('2D SPACE',''
  ) );
#1624 = ORIENTED_EDGE('',*,*,#1625,.T.);
#1625 = EDGE_CURVE('',#1603,#1626,#1628,.T.);
#1626 = VERTEX_POINT('',#1627);
#1627 = CARTESIAN_POINT('',(-11.,38.457769046058,5.));
#1628 = SURFACE_CURVE('',#1629,(#1634,#1641),.PCURVE_S1.);
#1629 = CIRCLE('',#1630,40.);
#1630 = AXIS2_PLACEMENT_3D('',#1631,#1632,#1633);
#1631 = CARTESIAN_POINT('',(0.,1.868875424786E-15,5.));
#1632 = DIRECTION('',(0.,1.110223024625E-16,-1.));
#1633 = DIRECTION('',(0.,1.,1.110223024625E-16));
#1634 = PCURVE('',#842,#1635);
#1635 = DEFINITIONAL_REPRESENTATION('',(#1636),#1640);
#1636 = CIRCLE('',#1637,40.);
#1637 = AXIS2_PLACEMENT_2D('',#1638,#1639);
#1638 = CARTESIAN_POINT('',(8.81053521083E-16,-1.677525904142E-13));
#1639 = DIRECTION('',(0.,-1.));
#1640 = ( GEOMETRIC_REPRESENTATION_CONTEXT(2) 
PARAMETRIC_REPRESENTATION_CONTEXT() REPRESENTATION_CONTEXT('2D SPACE',''
  ) );
#1641 = PCURVE('',#1257,#1642);
#1642 = DEFINITIONAL_REPRESENTATION('',(#1643),#1647);
#1643 = LINE('',#1644,#1645);
#1644 = CARTESIAN_POINT('',(0.,16.));
#1645 = VECTOR('',#1646,1.);
#1646 = DIRECTION('',(1.,0.));
#1647 = ( GEOMETRIC_REPRESENTATION_CONTEXT(2) 
PARAMETRIC_REPRESENTATION_CONTEXT() REPRESENTATION_CONTEXT('2D SPACE',''
  ) );
#1648 = ORIENTED_EDGE('',*,*,#1649,.T.);
#1649 = EDGE_CURVE('',#1626,#1650,#1652,.T.);
#1650 = VERTEX_POINT('',#1651);
#1651 = CARTESIAN_POINT('',(-11.,58.,5.));
#1652 = SURFACE_CURVE('',#1653,(#1657,#1664),.PCURVE_S1.);
#1653 = LINE('',#1654,#1655);
#1654 = CARTESIAN_POINT('',(-11.,32.5,5.));
#1655 = VECTOR('',#1656,1.);
#1656 = DIRECTION('',(0.,1.,1.110223024625E-16));
#1657 = PCURVE('',#842,#1658);
#1658 = DEFINITIONAL_REPRESENTATION('',(#1659),#1663);
#1659 = LINE('',#1660,#1661);
#1660 = CARTESIAN_POINT('',(-11.,-32.5));
#1661 = VECTOR('',#1662,1.);
#1662 = DIRECTION('',(0.,-1.));
#1663 = ( GEOMETRIC_REPRESENTATION_CONTEXT(2) 
PARAMETRIC_REPRESENTATION_CONTEXT() REPRESENTATION_CONTEXT('2D SPACE',''
  ) );
#1664 = PCURVE('',#1224,#1665);
#1665 = DEFINITIONAL_REPRESENTATION('',(#1666),#1670);
#1666 = LINE('',#1667,#1668);
#1667 = CARTESIAN_POINT('',(0.,-16.));
#1668 = VECTOR('',#1669,1.);
#1669 = DIRECTION('',(1.,0.));
#1670 = ( GEOMETRIC_REPRESENTATION_CONTEXT(2) 
PARAMETRIC_REPRESENTATION_CONTEXT() REPRESENTATION_CONTEXT('2D SPACE',''
  ) );
#1671 = ORIENTED_EDGE('',*,*,#1672,.T.);
#1672 = EDGE_CURVE('',#1650,#1510,#1673,.T.);
#1673 = SURFACE_CURVE('',#1674,(#1678,#1685),.PCURVE_S1.);
#1674 = LINE('',#1675,#1676);
#1675 = CARTESIAN_POINT('',(-11.,58.,5.));
#1676 = VECTOR('',#1677,1.);
#1677 = DIRECTION('',(1.,0.,0.));
#1678 = PCURVE('',#842,#1679);
#1679 = DEFINITIONAL_REPRESENTATION('',(#1680),#1684);
#1680 = LINE('',#1681,#1682);
#1681 = CARTESIAN_POINT('',(-11.,-58.));
#1682 = VECTOR('',#1683,1.);
#1683 = DIRECTION('',(1.,-6.50890293917E-63));
#1684 = ( GEOMETRIC_REPRESENTATION_CONTEXT(2) 
PARAMETRIC_REPRESENTATION_CONTEXT() REPRESENTATION_CONTEXT('2D SPACE',''
  ) );
#1685 = PCURVE('',#1196,#1686);
#1686 = DEFINITIONAL_REPRESENTATION('',(#1687),#1691);
#1687 = LINE('',#1688,#1689);
#1688 = CARTESIAN_POINT('',(0.,16.));
#1689 = VECTOR('',#1690,1.);
#1690 = DIRECTION('',(1.,0.));
#1691 = ( GEOMETRIC_REPRESENTATION_CONTEXT(2) 
PARAMETRIC_REPRESENTATION_CONTEXT() REPRESENTATION_CONTEXT('2D SPACE',''
  ) );
#1692 = FACE_BOUND('',#1693,.T.);
#1693 = EDGE_LOOP('',(#1694,#1695,#1696,#1697,#1698));
#1694 = ORIENTED_EDGE('',*,*,#926,.F.);
#1695 = ORIENTED_EDGE('',*,*,#902,.F.);
#1696 = ORIENTED_EDGE('',*,*,#878,.F.);
#1697 = ORIENTED_EDGE('',*,*,#854,.F.);
#1698 = ORIENTED_EDGE('',*,*,#825,.F.);
#1699 = FACE_BOUND('',#1700,.T.);
#1700 = EDGE_LOOP('',(#1701,#1727,#1751));
#1701 = ORIENTED_EDGE('',*,*,#1702,.F.);
#1702 = EDGE_CURVE('',#1703,#1705,#1707,.T.);
#1703 = VERTEX_POINT('',#1704);
#1704 = CARTESIAN_POINT('',(-6.524580680873,39.464285714286,5.));
#1705 = VERTEX_POINT('',#1706);
#1706 = CARTESIAN_POINT('',(-1.714505518806E-15,49.,5.));
#1707 = SURFACE_CURVE('',#1708,(#1713,#1720),.PCURVE_S1.);
#1708 = CIRCLE('',#1709,7.);
#1709 = AXIS2_PLACEMENT_3D('',#1710,#1711,#1712);
#1710 = CARTESIAN_POINT('',(0.,42.,5.));
#1711 = DIRECTION('',(0.,1.110223024625E-16,-1.));
#1712 = DIRECTION('',(0.,1.,1.110223024625E-16));
#1713 = PCURVE('',#842,#1714);
#1714 = DEFINITIONAL_REPRESENTATION('',(#1715),#1719);
#1715 = CIRCLE('',#1716,7.);
#1716 = AXIS2_PLACEMENT_2D('',#1717,#1718);
#1717 = CARTESIAN_POINT('',(8.81053521083E-16,-42.));
#1718 = DIRECTION('',(0.,-1.));
#1719 = ( GEOMETRIC_REPRESENTATION_CONTEXT(2) 
PARAMETRIC_REPRESENTATION_CONTEXT() REPRESENTATION_CONTEXT('2D SPACE',''
  ) );
#1720 = PCURVE('',#1019,#1721);
#1721 = DEFINITIONAL_REPRESENTATION('',(#1722),#1726);
#1722 = LINE('',#1723,#1724);
#1723 = CARTESIAN_POINT('',(0.,19.));
#1724 = VECTOR('',#1725,1.);
#1725 = DIRECTION('',(1.,0.));
#1726 = ( GEOMETRIC_REPRESENTATION_CONTEXT(2) 
PARAMETRIC_REPRESENTATION_CONTEXT() REPRESENTATION_CONTEXT('2D SPACE',''
  ) );
#1727 = ORIENTED_EDGE('',*,*,#1728,.F.);
#1728 = EDGE_CURVE('',#1729,#1703,#1731,.T.);
#1729 = VERTEX_POINT('',#1730);
#1730 = CARTESIAN_POINT('',(6.524580680873,39.464285714286,5.));
#1731 = SURFACE_CURVE('',#1732,(#1737,#1744),.PCURVE_S1.);
#1732 = CIRCLE('',#1733,7.);
#1733 = AXIS2_PLACEMENT_3D('',#1734,#1735,#1736);
#1734 = CARTESIAN_POINT('',(0.,42.,5.));
#1735 = DIRECTION('',(0.,1.110223024625E-16,-1.));
#1736 = DIRECTION('',(0.,1.,1.110223024625E-16));
#1737 = PCURVE('',#842,#1738);
#1738 = DEFINITIONAL_REPRESENTATION('',(#1739),#1743);
#1739 = CIRCLE('',#1740,7.);
#1740 = AXIS2_PLACEMENT_2D('',#1741,#1742);
#1741 = CARTESIAN_POINT('',(8.81053521083E-16,-42.));
#1742 = DIRECTION('',(0.,-1.));
#1743 = ( GEOMETRIC_REPRESENTATION_CONTEXT(2) 
PARAMETRIC_REPRESENTATION_CONTEXT() REPRESENTATION_CONTEXT('2D SPACE',''
  ) );
#1744 = PCURVE('',#1019,#1745);
#1745 = DEFINITIONAL_REPRESENTATION('',(#1746),#1750);
#1746 = LINE('',#1747,#1748);
#1747 = CARTESIAN_POINT('',(0.,19.));
#1748 = VECTOR('',#1749,1.);
#1749 = DIRECTION('',(1.,0.));
#1750 = ( GEOMETRIC_REPRESENTATION_CONTEXT(2) 
PARAMETRIC_REPRESENTATION_CONTEXT() REPRESENTATION_CONTEXT('2D SPACE',''
  ) );
#1751 = ORIENTED_EDGE('',*,*,#1752,.F.);
#1752 = EDGE_CURVE('',#1705,#1729,#1753,.T.);
#1753 = SURFACE_CURVE('',#1754,(#1759,#1766),.PCURVE_S1.);
#1754 = CIRCLE('',#1755,7.);
#1755 = AXIS2_PLACEMENT_3D('',#1756,#1757,#1758);
#1756 = CARTESIAN_POINT('',(0.,42.,5.));
#1757 = DIRECTION('',(0.,1.110223024625E-16,-1.));
#1758 = DIRECTION('',(0.,1.,1.110223024625E-16));
#1759 = PCURVE('',#842,#1760);
#1760 = DEFINITIONAL_REPRESENTATION('',(#1761),#1765);
#1761 = CIRCLE('',#1762,7.);
#1762 = AXIS2_PLACEMENT_2D('',#1763,#1764);
#1763 = CARTESIAN_POINT('',(8.81053521083E-16,-42.));
#1764 = DIRECTION('',(0.,-1.));
#1765 = ( GEOMETRIC_REPRESENTATION_CONTEXT(2) 
PARAMETRIC_REPRESENTATION_CONTEXT() REPRESENTATION_CONTEXT('2D SPACE',''
  ) );
#1766 = PCURVE('',#1019,#1767);
#1767 = DEFINITIONAL_REPRESENTATION('',(#1768),#1772);
#1768 = LINE('',#1769,#1770);
#1769 = CARTESIAN_POINT('',(0.,19.));
#1770 = VECTOR('',#1771,1.);
#1771 = DIRECTION('',(1.,0.));
#1772 = ( GEOMETRIC_REPRESENTATION_CONTEXT(2) 
PARAMETRIC_REPRESENTATION_CONTEXT() REPRESENTATION_CONTEXT('2D SPACE',''
  ) );
#1773 = FACE_BOUND('',#1774,.T.);
#1774 = EDGE_LOOP('',(#1775,#1801,#1825));
#1775 = ORIENTED_EDGE('',*,*,#1776,.F.);
#1776 = EDGE_CURVE('',#1777,#1779,#1781,.T.);
#1777 = VERTEX_POINT('',#1778);
#1778 = CARTESIAN_POINT('',(-6.524580680873,-39.46428571428,5.));
#1779 = VERTEX_POINT('',#1780);
#1780 = CARTESIAN_POINT('',(-1.714505518806E-15,-35.,5.));
#1781 = SURFACE_CURVE('',#1782,(#1787,#1794),.PCURVE_S1.);
#1782 = CIRCLE('',#1783,7.);
#1783 = AXIS2_PLACEMENT_3D('',#1784,#1785,#1786);
#1784 = CARTESIAN_POINT('',(0.,-42.,5.));
#1785 = DIRECTION('',(0.,1.110223024625E-16,-1.));
#1786 = DIRECTION('',(0.,1.,1.110223024625E-16));
#1787 = PCURVE('',#842,#1788);
#1788 = DEFINITIONAL_REPRESENTATION('',(#1789),#1793);
#1789 = CIRCLE('',#1790,7.);
#1790 = AXIS2_PLACEMENT_2D('',#1791,#1792);
#1791 = CARTESIAN_POINT('',(8.81053521083E-16,42.));
#1792 = DIRECTION('',(0.,-1.));
#1793 = ( GEOMETRIC_REPRESENTATION_CONTEXT(2) 
PARAMETRIC_REPRESENTATION_CONTEXT() REPRESENTATION_CONTEXT('2D SPACE',''
  ) );
#1794 = PCURVE('',#1487,#1795);
#1795 = DEFINITIONAL_REPRESENTATION('',(#1796),#1800);
#1796 = LINE('',#1797,#1798);
#1797 = CARTESIAN_POINT('',(0.,19.));
#1798 = VECTOR('',#1799,1.);
#1799 = DIRECTION('',(1.,0.));
#1800 = ( GEOMETRIC_REPRESENTATION_CONTEXT(2) 
PARAMETRIC_REPRESENTATION_CONTEXT() REPRESENTATION_CONTEXT('2D SPACE',''
  ) );
#1801 = ORIENTED_EDGE('',*,*,#1802,.F.);
#1802 = EDGE_CURVE('',#1803,#1777,#1805,.T.);
#1803 = VERTEX_POINT('',#1804);
#1804 = CARTESIAN_POINT('',(6.524580680873,-39.46428571428,5.));
#1805 = SURFACE_CURVE('',#1806,(#1811,#1818),.PCURVE_S1.);
#1806 = CIRCLE('',#1807,7.);
#1807 = AXIS2_PLACEMENT_3D('',#1808,#1809,#1810);
#1808 = CARTESIAN_POINT('',(0.,-42.,5.));
#1809 = DIRECTION('',(0.,1.110223024625E-16,-1.));
#1810 = DIRECTION('',(0.,1.,1.110223024625E-16));
#1811 = PCURVE('',#842,#1812);
#1812 = DEFINITIONAL_REPRESENTATION('',(#1813),#1817);
#1813 = CIRCLE('',#1814,7.);
#1814 = AXIS2_PLACEMENT_2D('',#1815,#1816);
#1815 = CARTESIAN_POINT('',(8.81053521083E-16,42.));
#1816 = DIRECTION('',(0.,-1.));
#1817 = ( GEOMETRIC_REPRESENTATION_CONTEXT(2) 
PARAMETRIC_REPRESENTATION_CONTEXT() REPRESENTATION_CONTEXT('2D SPACE',''
  ) );
#1818 = PCURVE('',#1487,#1819);
#1819 = DEFINITIONAL_REPRESENTATION('',(#1820),#1824);
#1820 = LINE('',#1821,#1822);
#1821 = CARTESIAN_POINT('',(0.,19.));
#1822 = VECTOR('',#1823,1.);
#1823 = DIRECTION('',(1.,0.));
#1824 = ( GEOMETRIC_REPRESENTATION_CONTEXT(2) 
PARAMETRIC_REPRESENTATION_CONTEXT() REPRESENTATION_CONTEXT('2D SPACE',''
  ) );
#1825 = ORIENTED_EDGE('',*,*,#1826,.F.);
#1826 = EDGE_CURVE('',#1779,#1803,#1827,.T.);
#1827 = SURFACE_CURVE('',#1828,(#1833,#1840),.PCURVE_S1.);
#1828 = CIRCLE('',#1829,7.);
#1829 = AXIS2_PLACEMENT_3D('',#1830,#1831,#1832);
#1830 = CARTESIAN_POINT('',(0.,-42.,5.));
#1831 = DIRECTION('',(0.,1.110223024625E-16,-1.));
#1832 = DIRECTION('',(0.,1.,1.110223024625E-16));
#1833 = PCURVE('',#842,#1834);
#1834 = DEFINITIONAL_REPRESENTATION('',(#1835),#1839);
#1835 = CIRCLE('',#1836,7.);
#1836 = AXIS2_PLACEMENT_2D('',#1837,#1838);
#1837 = CARTESIAN_POINT('',(8.81053521083E-16,42.));
#1838 = DIRECTION('',(0.,-1.));
#1839 = ( GEOMETRIC_REPRESENTATION_CONTEXT(2) 
PARAMETRIC_REPRESENTATION_CONTEXT() REPRESENTATION_CONTEXT('2D SPACE',''
  ) );
#1840 = PCURVE('',#1487,#1841);
#1841 = DEFINITIONAL_REPRESENTATION('',(#1842),#1846);
#1842 = LINE('',#1843,#1844);
#1843 = CARTESIAN_POINT('',(0.,19.));
#1844 = VECTOR('',#1845,1.);
#1845 = DIRECTION('',(1.,0.));
#1846 = ( GEOMETRIC_REPRESENTATION_CONTEXT(2) 
PARAMETRIC_REPRESENTATION_CONTEXT() REPRESENTATION_CONTEXT('2D SPACE',''
  ) );
#1847 = ADVANCED_FACE('',(#1848,#1876,#2050),#1019,.F.);
#1848 = FACE_BOUND('',#1849,.F.);
#1849 = EDGE_LOOP('',(#1850,#1851,#1872,#1873,#1874,#1875));
#1850 = ORIENTED_EDGE('',*,*,#1004,.T.);
#1851 = ORIENTED_EDGE('',*,*,#1852,.T.);
#1852 = EDGE_CURVE('',#982,#1705,#1853,.T.);
#1853 = SEAM_CURVE('',#1854,(#1858,#1865),.PCURVE_S1.);
#1854 = LINE('',#1855,#1856);
#1855 = CARTESIAN_POINT('',(-1.714505518806E-15,49.,24.));
#1856 = VECTOR('',#1857,1.);
#1857 = DIRECTION('',(0.,1.110223024625E-16,-1.));
#1858 = PCURVE('',#1019,#1859);
#1859 = DEFINITIONAL_REPRESENTATION('',(#1860),#1864);
#1860 = LINE('',#1861,#1862);
#1861 = CARTESIAN_POINT('',(0.,-0.));
#1862 = VECTOR('',#1863,1.);
#1863 = DIRECTION('',(0.,1.));
#1864 = ( GEOMETRIC_REPRESENTATION_CONTEXT(2) 
PARAMETRIC_REPRESENTATION_CONTEXT() REPRESENTATION_CONTEXT('2D SPACE',''
  ) );
#1865 = PCURVE('',#1019,#1866);
#1866 = DEFINITIONAL_REPRESENTATION('',(#1867),#1871);
#1867 = LINE('',#1868,#1869);
#1868 = CARTESIAN_POINT('',(6.28318530718,-0.));
#1869 = VECTOR('',#1870,1.);
#1870 = DIRECTION('',(0.,1.));
#1871 = ( GEOMETRIC_REPRESENTATION_CONTEXT(2) 
PARAMETRIC_REPRESENTATION_CONTEXT() REPRESENTATION_CONTEXT('2D SPACE',''
  ) );
#1872 = ORIENTED_EDGE('',*,*,#1702,.F.);
#1873 = ORIENTED_EDGE('',*,*,#1728,.F.);
#1874 = ORIENTED_EDGE('',*,*,#1752,.F.);
#1875 = ORIENTED_EDGE('',*,*,#1852,.F.);
#1876 = FACE_BOUND('',#1877,.F.);
#1877 = EDGE_LOOP('',(#1878));
#1878 = ORIENTED_EDGE('',*,*,#1879,.F.);
#1879 = EDGE_CURVE('',#1880,#1880,#1882,.T.);
#1880 = VERTEX_POINT('',#1881);
#1881 = CARTESIAN_POINT('',(6.677574409919,44.1,11.));
#1882 = SURFACE_CURVE('',#1883,(#1935,#1990),.PCURVE_S1.);
#1883 = B_SPLINE_CURVE_WITH_KNOTS('',8,(#1884,#1885,#1886,#1887,#1888,
    #1889,#1890,#1891,#1892,#1893,#1894,#1895,#1896,#1897,#1898,#1899,
    #1900,#1901,#1902,#1903,#1904,#1905,#1906,#1907,#1908,#1909,#1910,
    #1911,#1912,#1913,#1914,#1915,#1916,#1917,#1918,#1919,#1920,#1921,
    #1922,#1923,#1924,#1925,#1926,#1927,#1928,#1929,#1930,#1931,#1932,
    #1933,#1934),.UNSPECIFIED.,.T.,.F.,(9,7,7,7,7,7,7,9),(0.,
    0.153653132746,0.277378499423,0.411684554159,0.567737610864,
    0.698246974761,0.819093768033,1.),.UNSPECIFIED.);
#1884 = CARTESIAN_POINT('',(6.677574409919,44.1,11.));
#1885 = CARTESIAN_POINT('',(6.677574416868,44.099999977903,
    11.220968304794));
#1886 = CARTESIAN_POINT('',(6.685930912799,44.073427307695,
    11.441408176117));
#1887 = CARTESIAN_POINT('',(6.702574812381,44.020505642662,
    11.659359236549));
#1888 = CARTESIAN_POINT('',(6.72696116078,43.94088980802,11.872749254814
    ));
#1889 = CARTESIAN_POINT('',(6.758042727358,43.833864858442,
    12.079066440359));
#1890 = CARTESIAN_POINT('',(6.794145011337,43.698454197336,
    12.275129823969));
#1891 = CARTESIAN_POINT('',(6.832828073236,43.533601399467,
    12.456750663005));
#1892 = CARTESIAN_POINT('',(6.901413148694,43.181562600076,
    12.747982485634));
#1893 = CARTESIAN_POINT('',(6.932678324596,42.999230061025,
    12.869486866236));
#1894 = CARTESIAN_POINT('',(6.961828568096,42.793973218099,
    12.973490241329));
#1895 = CARTESIAN_POINT('',(6.985625474079,42.569965562572,
    13.053135204122));
#1896 = CARTESIAN_POINT('',(7.001165306947,42.332773531096,
    13.103657302977));
#1897 = CARTESIAN_POINT('',(7.006791499741,42.088727383074,
    13.122272343323));
#1898 = CARTESIAN_POINT('',(7.002330434552,41.844484573036,
    13.108201356906));
#1899 = CARTESIAN_POINT('',(6.97438577266,41.348161987212,
    13.013522760068));
#1900 = CARTESIAN_POINT('',(6.949950134605,41.10862395218,
    12.929508343584));
#1901 = CARTESIAN_POINT('',(6.918498020586,40.890914784661,
    12.817432706141));
#1902 = CARTESIAN_POINT('',(6.883192131624,40.696626321968,
    12.68292595648));
#1903 = CARTESIAN_POINT('',(6.846948773866,40.526496117438,
    12.530932860586));
#1904 = CARTESIAN_POINT('',(6.812184918044,40.380646777434,
    12.365856857722));
#1905 = CARTESIAN_POINT('',(6.780728990672,40.258671470376,
    12.191609339379));
#1906 = CARTESIAN_POINT('',(6.722460613887,40.044823953974,
    11.802622151096));
#1907 = CARTESIAN_POINT('',(6.696854497908,39.959660067662,
    11.583414593026));
#1908 = CARTESIAN_POINT('',(6.678867098278,39.903448824597,
    11.357714115608));
#1909 = CARTESIAN_POINT('',(6.669688532889,39.875632232243,
    11.128419173374));
#1910 = CARTESIAN_POINT('',(6.669848510334,39.875937144633,
    10.898106582249));
#1911 = CARTESIAN_POINT('',(6.679247033082,39.90438874882,
    10.669263262254));
#1912 = CARTESIAN_POINT('',(6.697154013246,39.961330320165,
    10.444500868783));
#1913 = CARTESIAN_POINT('',(6.743098688055,40.119508685339,
    10.044987922844));
#1914 = CARTESIAN_POINT('',(6.769024337396,40.212060544947,
    9.867841752632));
#1915 = CARTESIAN_POINT('',(6.799164595577,40.325652384093,
    9.697298144582));
#1916 = CARTESIAN_POINT('',(6.832369927767,40.460934921814,
    9.535640759743));
#1917 = CARTESIAN_POINT('',(6.867073467605,40.618534504119,
    9.385745264011));
#1918 = CARTESIAN_POINT('',(6.901202773912,40.79888979965,9.251205844518
    ));
#1919 = CARTESIAN_POINT('',(6.932186085561,41.00199084651,9.136532432156
    ));
#1920 = CARTESIAN_POINT('',(6.980326513299,41.435231503084,
    8.965000321669));
#1921 = CARTESIAN_POINT('',(6.998327431532,41.662162039097,
    8.904527723024));
#1922 = CARTESIAN_POINT('',(7.008310001533,41.901338351388,
    8.872819585632));
#1923 = CARTESIAN_POINT('',(7.008249416292,42.145126864343,
    8.873319293473));
#1924 = CARTESIAN_POINT('',(6.997808570742,42.385389762488,
    8.906404763529));
#1925 = CARTESIAN_POINT('',(6.97867079753,42.614212961389,8.969512454445
    ));
#1926 = CARTESIAN_POINT('',(6.953813961745,42.824724467169,9.05697480506
    ));
#1927 = CARTESIAN_POINT('',(6.88562859344,43.29155702047,9.313618173032)
  );
#1928 = CARTESIAN_POINT('',(6.837808621393,43.528580235319,
    9.507269565168));
#1929 = CARTESIAN_POINT('',(6.789860805149,43.722427684695,
    9.727778395106));
#1930 = CARTESIAN_POINT('',(6.747101575764,43.874777077094,
    9.966437448538));
#1931 = CARTESIAN_POINT('',(6.712940563405,43.987535257663,
    10.216977012544));
#1932 = CARTESIAN_POINT('',(6.689424177084,44.062321693688,
    10.474891733296));
#1933 = CARTESIAN_POINT('',(6.677574418193,44.099999973688,
    10.736876495191));
#1934 = CARTESIAN_POINT('',(6.677574409919,44.1,11.));
#1935 = PCURVE('',#1019,#1936);
#1936 = DEFINITIONAL_REPRESENTATION('',(#1937),#1989);
#1937 = B_SPLINE_CURVE_WITH_KNOTS('',8,(#1938,#1939,#1940,#1941,#1942,
    #1943,#1944,#1945,#1946,#1947,#1948,#1949,#1950,#1951,#1952,#1953,
    #1954,#1955,#1956,#1957,#1958,#1959,#1960,#1961,#1962,#1963,#1964,
    #1965,#1966,#1967,#1968,#1969,#1970,#1971,#1972,#1973,#1974,#1975,
    #1976,#1977,#1978,#1979,#1980,#1981,#1982,#1983,#1984,#1985,#1986,
    #1987,#1988),.UNSPECIFIED.,.T.,.F.,(9,7,7,7,7,7,7,9),(0.,
    0.153653132746,0.277378499423,0.411684554159,0.567737610864,
    0.698246974761,0.819093768033,1.),.UNSPECIFIED.);
#1938 = CARTESIAN_POINT('',(1.266103672779,13.));
#1939 = CARTESIAN_POINT('',(1.266103676089,12.779031695206));
#1940 = CARTESIAN_POINT('',(1.270083062851,12.558591823883));
#1941 = CARTESIAN_POINT('',(1.278008359472,12.340640763451));
#1942 = CARTESIAN_POINT('',(1.289903305987,12.127250745186));
#1943 = CARTESIAN_POINT('',(1.305820495612,11.920933559641));
#1944 = CARTESIAN_POINT('',(1.325829033271,11.724870176031));
#1945 = CARTESIAN_POINT('',(1.35000156905,11.543249336995));
#1946 = CARTESIAN_POINT('',(1.401238360051,11.252017514366));
#1947 = CARTESIAN_POINT('',(1.427659273078,11.130513133764));
#1948 = CARTESIAN_POINT('',(1.457255161292,11.026509758671));
#1949 = CARTESIAN_POINT('',(1.489393964589,10.946864795879));
#1950 = CARTESIAN_POINT('',(1.523292439308,10.896342697023));
#1951 = CARTESIAN_POINT('',(1.558116160428,10.877727656677));
#1952 = CARTESIAN_POINT('',(1.592988620007,10.891798643094));
#1953 = CARTESIAN_POINT('',(1.664004141928,10.986477239932));
#1954 = CARTESIAN_POINT('',(1.698365932029,11.070491656416));
#1955 = CARTESIAN_POINT('',(1.729747835586,11.182567293859));
#1956 = CARTESIAN_POINT('',(1.757927839574,11.31707404352));
#1957 = CARTESIAN_POINT('',(1.782762403975,11.469067139414));
#1958 = CARTESIAN_POINT('',(1.804175247653,11.634143142278));
#1959 = CARTESIAN_POINT('',(1.822168796239,11.808390660621));
#1960 = CARTESIAN_POINT('',(1.853832192992,12.197377848904));
#1961 = CARTESIAN_POINT('',(1.866532190197,12.416585406974));
#1962 = CARTESIAN_POINT('',(1.874962910752,12.642285884392));
#1963 = CARTESIAN_POINT('',(1.879148250508,12.871580826626));
#1964 = CARTESIAN_POINT('',(1.879099349579,13.101893417751));
#1965 = CARTESIAN_POINT('',(1.87481848406,13.330736737746));
#1966 = CARTESIAN_POINT('',(1.866293267821,13.555499131217));
#1967 = CARTESIAN_POINT('',(1.842762433359,13.955012077156));
#1968 = CARTESIAN_POINT('',(1.829032383873,14.132158247368));
#1969 = CARTESIAN_POINT('',(1.812246312774,14.302701855419));
#1970 = CARTESIAN_POINT('',(1.792353795209,14.464359240257));
#1971 = CARTESIAN_POINT('',(1.769315890706,14.614254735989));
#1972 = CARTESIAN_POINT('',(1.743118303898,14.748794155482));
#1973 = CARTESIAN_POINT('',(1.713792573147,14.863467567844));
#1974 = CARTESIAN_POINT('',(1.651520135622,15.034999678331));
#1975 = CARTESIAN_POINT('',(1.619015837095,15.095472276976));
#1976 = CARTESIAN_POINT('',(1.584858148522,15.127180414366));
#1977 = CARTESIAN_POINT('',(1.550093897077,15.126680706529));
#1978 = CARTESIAN_POINT('',(1.515795666099,15.093595236469));
#1979 = CARTESIAN_POINT('',(1.483024508194,15.030487545556));
#1980 = CARTESIAN_POINT('',(1.45275400454,14.94302519494));
#1981 = CARTESIAN_POINT('',(1.385356027632,14.686381826968));
#1982 = CARTESIAN_POINT('',(1.350863787872,14.492730434832));
#1983 = CARTESIAN_POINT('',(1.322371314923,14.272221604893));
#1984 = CARTESIAN_POINT('',(1.299775631874,14.033562551462));
#1985 = CARTESIAN_POINT('',(1.282945918301,13.783022987456));
#1986 = CARTESIAN_POINT('',(1.271746167351,13.525108266704));
#1987 = CARTESIAN_POINT('',(1.26610367672,13.263123504809));
#1988 = CARTESIAN_POINT('',(1.266103672779,13.));
#1989 = ( GEOMETRIC_REPRESENTATION_CONTEXT(2) 
PARAMETRIC_REPRESENTATION_CONTEXT() REPRESENTATION_CONTEXT('2D SPACE',''
  ) );
#1990 = PCURVE('',#1991,#1996);
#1991 = CYLINDRICAL_SURFACE('',#1992,2.1);
#1992 = AXIS2_PLACEMENT_3D('',#1993,#1994,#1995);
#1993 = CARTESIAN_POINT('',(-14.,42.,11.));
#1994 = DIRECTION('',(1.,0.,0.));
#1995 = DIRECTION('',(0.,1.,1.110223024625E-16));
#1996 = DEFINITIONAL_REPRESENTATION('',(#1997),#2049);
#1997 = B_SPLINE_CURVE_WITH_KNOTS('',8,(#1998,#1999,#2000,#2001,#2002,
    #2003,#2004,#2005,#2006,#2007,#2008,#2009,#2010,#2011,#2012,#2013,
    #2014,#2015,#2016,#2017,#2018,#2019,#2020,#2021,#2022,#2023,#2024,
    #2025,#2026,#2027,#2028,#2029,#2030,#2031,#2032,#2033,#2034,#2035,
    #2036,#2037,#2038,#2039,#2040,#2041,#2042,#2043,#2044,#2045,#2046,
    #2047,#2048),.UNSPECIFIED.,.F.,.F.,(9,7,7,7,7,7,7,9),(0.,
    0.153653132746,0.277378499423,0.411684554159,0.567737610864,
    0.698246974761,0.819093768033,1.),.UNSPECIFIED.);
#1998 = CARTESIAN_POINT('',(0.,20.677574409919));
#1999 = CARTESIAN_POINT('',(0.105223002283,20.677574416868));
#2000 = CARTESIAN_POINT('',(0.210194058602,20.685930912799));
#2001 = CARTESIAN_POINT('',(0.315756652196,20.702574812381));
#2002 = CARTESIAN_POINT('',(0.422659784791,20.72696116078));
#2003 = CARTESIAN_POINT('',(0.531649945816,20.758042727358));
#2004 = CARTESIAN_POINT('',(0.643510540385,20.794145011337));
#2005 = CARTESIAN_POINT('',(0.759125767888,20.832828073236));
#2006 = CARTESIAN_POINT('',(0.976691818946,20.901413148694));
#2007 = CARTESIAN_POINT('',(1.08047263723,20.932678324596));
#2008 = CARTESIAN_POINT('',(1.188744145498,20.961828568096));
#2009 = CARTESIAN_POINT('',(1.300103588321,20.985625474079));
#2010 = CARTESIAN_POINT('',(1.413588319601,21.001165306947));
#2011 = CARTESIAN_POINT('',(1.528420295306,21.006791499741));
#2012 = CARTESIAN_POINT('',(1.64392201912,21.002330434552));
#2013 = CARTESIAN_POINT('',(1.884527899235,20.97438577266));
#2014 = CARTESIAN_POINT('',(2.004070664637,20.949950134605));
#2015 = CARTESIAN_POINT('',(2.118894705367,20.918498020586));
#2016 = CARTESIAN_POINT('',(2.229621718343,20.883192131624));
#2017 = CARTESIAN_POINT('',(2.336701700025,20.846948773866));
#2018 = CARTESIAN_POINT('',(2.440471785254,20.812184918044));
#2019 = CARTESIAN_POINT('',(2.541164587522,20.780728990672));
#2020 = CARTESIAN_POINT('',(2.752542634316,20.722460613887));
#2021 = CARTESIAN_POINT('',(2.863552789994,20.696854497908));
#2022 = CARTESIAN_POINT('',(2.972863801014,20.678867098278));
#2023 = CARTESIAN_POINT('',(3.081203393722,20.669688532889));
#2024 = CARTESIAN_POINT('',(3.18924659057,20.669848510334));
#2025 = CARTESIAN_POINT('',(3.297662461143,20.679247033082));
#2026 = CARTESIAN_POINT('',(3.407157898771,20.697154013246));
#2027 = CARTESIAN_POINT('',(3.611770795374,20.743098688055));
#2028 = CARTESIAN_POINT('',(3.706426001641,20.769024337396));
#2029 = CARTESIAN_POINT('',(3.80308156982,20.799164595577));
#2030 = CARTESIAN_POINT('',(3.902230221932,20.832369927767));
#2031 = CARTESIAN_POINT('',(4.004399423992,20.867073467605));
#2032 = CARTESIAN_POINT('',(4.110164066899,20.901202773912));
#2033 = CARTESIAN_POINT('',(4.220189633972,20.932186085561));
#2034 = CARTESIAN_POINT('',(4.442076375238,20.980326513299));
#2035 = CARTESIAN_POINT('',(4.553151042739,20.998327431532));
#2036 = CARTESIAN_POINT('',(4.666452943058,21.008310001533));
#2037 = CARTESIAN_POINT('',(4.780498863861,21.008249416291));
#2038 = CARTESIAN_POINT('',(4.89398198293,20.997808570742));
#2039 = CARTESIAN_POINT('',(5.00554069415,20.97867079753));
#2040 = CARTESIAN_POINT('',(5.113449535074,20.953813961745));
#2041 = CARTESIAN_POINT('',(5.367129235252,20.88562859344));
#2042 = CARTESIAN_POINT('',(5.510461984038,20.837808621393));
#2043 = CARTESIAN_POINT('',(5.647294271156,20.789860805149));
#2044 = CARTESIAN_POINT('',(5.77912430642,20.747101575764));
#2045 = CARTESIAN_POINT('',(5.907322822498,20.712940563405));
#2046 = CARTESIAN_POINT('',(6.033133097602,20.689424177084));
#2047 = CARTESIAN_POINT('',(6.157888400128,20.677574418193));
#2048 = CARTESIAN_POINT('',(6.28318530718,20.677574409919));
#2049 = ( GEOMETRIC_REPRESENTATION_CONTEXT(2) 
PARAMETRIC_REPRESENTATION_CONTEXT() REPRESENTATION_CONTEXT('2D SPACE',''
  ) );
#2050 = FACE_BOUND('',#2051,.F.);
#2051 = EDGE_LOOP('',(#2052));
#2052 = ORIENTED_EDGE('',*,*,#2053,.T.);
#2053 = EDGE_CURVE('',#2054,#2054,#2056,.T.);
#2054 = VERTEX_POINT('',#2055);
#2055 = CARTESIAN_POINT('',(-6.677574409919,44.1,11.));
#2056 = SURFACE_CURVE('',#2057,(#2109,#2164),.PCURVE_S1.);
#2057 = B_SPLINE_CURVE_WITH_KNOTS('',8,(#2058,#2059,#2060,#2061,#2062,
    #2063,#2064,#2065,#2066,#2067,#2068,#2069,#2070,#2071,#2072,#2073,
    #2074,#2075,#2076,#2077,#2078,#2079,#2080,#2081,#2082,#2083,#2084,
    #2085,#2086,#2087,#2088,#2089,#2090,#2091,#2092,#2093,#2094,#2095,
    #2096,#2097,#2098,#2099,#2100,#2101,#2102,#2103,#2104,#2105,#2106,
    #2107,#2108),.UNSPECIFIED.,.T.,.F.,(9,7,7,7,7,7,7,9),(0.,
    0.153653132464,0.277378498914,0.411684553402,0.567737611642,
    0.698246975303,0.819093768358,1.),.UNSPECIFIED.);
#2058 = CARTESIAN_POINT('',(-6.677574409919,44.1,11.));
#2059 = CARTESIAN_POINT('',(-6.677574416868,44.099999977903,
    11.220968304794));
#2060 = CARTESIAN_POINT('',(-6.685930912799,44.073427307695,
    11.441408176117));
#2061 = CARTESIAN_POINT('',(-6.702574812381,44.020505642662,
    11.659359236549));
#2062 = CARTESIAN_POINT('',(-6.72696116078,43.94088980802,
    11.872749254814));
#2063 = CARTESIAN_POINT('',(-6.758042727358,43.833864858442,
    12.079066440359));
#2064 = CARTESIAN_POINT('',(-6.794145011337,43.698454197336,
    12.275129823969));
#2065 = CARTESIAN_POINT('',(-6.832828073236,43.533601399467,
    12.456750663005));
#2066 = CARTESIAN_POINT('',(-6.901413148694,43.181562600076,
    12.747982485634));
#2067 = CARTESIAN_POINT('',(-6.932678324596,42.999230061025,
    12.869486866236));
#2068 = CARTESIAN_POINT('',(-6.961828568096,42.793973218099,
    12.973490241329));
#2069 = CARTESIAN_POINT('',(-6.985625474079,42.569965562572,
    13.053135204122));
#2070 = CARTESIAN_POINT('',(-7.001165306947,42.332773531097,
    13.103657302977));
#2071 = CARTESIAN_POINT('',(-7.006791499741,42.088727383074,
    13.122272343323));
#2072 = CARTESIAN_POINT('',(-7.002330434552,41.844484573037,
    13.108201356906));
#2073 = CARTESIAN_POINT('',(-6.97438577266,41.348161987212,
    13.013522760068));
#2074 = CARTESIAN_POINT('',(-6.949950134605,41.10862395218,
    12.929508343584));
#2075 = CARTESIAN_POINT('',(-6.918498020586,40.890914784661,
    12.817432706141));
#2076 = CARTESIAN_POINT('',(-6.883192131624,40.696626321968,
    12.68292595648));
#2077 = CARTESIAN_POINT('',(-6.846948773866,40.526496117438,
    12.530932860586));
#2078 = CARTESIAN_POINT('',(-6.812184918044,40.380646777434,
    12.365856857722));
#2079 = CARTESIAN_POINT('',(-6.780728990672,40.258671470376,
    12.191609339379));
#2080 = CARTESIAN_POINT('',(-6.722460613521,40.044823952633,
    11.802622148656));
#2081 = CARTESIAN_POINT('',(-6.696854498535,39.959660069974,
    11.583414600637));
#2082 = CARTESIAN_POINT('',(-6.678867098151,39.903448824071,
    11.357714107149));
#2083 = CARTESIAN_POINT('',(-6.669688532428,39.875632230611,
    11.128419173435));
#2084 = CARTESIAN_POINT('',(-6.669848510483,39.875937145247,
    10.898106590704));
#2085 = CARTESIAN_POINT('',(-6.679247033466,39.904388750091,
    10.669263254508));
#2086 = CARTESIAN_POINT('',(-6.697154012955,39.961330319163,
    10.444500871314));
#2087 = CARTESIAN_POINT('',(-6.743098688055,40.119508685339,
    10.044987922845));
#2088 = CARTESIAN_POINT('',(-6.769024337396,40.212060544947,
    9.867841752631));
#2089 = CARTESIAN_POINT('',(-6.799164595577,40.325652384094,
    9.697298144581));
#2090 = CARTESIAN_POINT('',(-6.832369927767,40.460934921814,
    9.535640759743));
#2091 = CARTESIAN_POINT('',(-6.867073467605,40.618534504119,
    9.385745264011));
#2092 = CARTESIAN_POINT('',(-6.901202773912,40.79888979965,
    9.251205844518));
#2093 = CARTESIAN_POINT('',(-6.932186085561,41.00199084651,
    9.136532432156));
#2094 = CARTESIAN_POINT('',(-6.980326513299,41.435231503085,
    8.965000321669));
#2095 = CARTESIAN_POINT('',(-6.998327431532,41.662162039095,
    8.904527723024));
#2096 = CARTESIAN_POINT('',(-7.008310001534,41.901338351392,
    8.872819585633));
#2097 = CARTESIAN_POINT('',(-7.008249416291,42.145126864337,
    8.873319293472));
#2098 = CARTESIAN_POINT('',(-6.997808570742,42.385389762491,
    8.90640476353));
#2099 = CARTESIAN_POINT('',(-6.97867079753,42.614212961388,
    8.969512454444));
#2100 = CARTESIAN_POINT('',(-6.953813961745,42.824724467169,
    9.05697480506));
#2101 = CARTESIAN_POINT('',(-6.88562859344,43.29155702047,9.313618173032
    ));
#2102 = CARTESIAN_POINT('',(-6.837808621393,43.528580235318,
    9.507269565167));
#2103 = CARTESIAN_POINT('',(-6.789860805148,43.722427684697,
    9.727778395108));
#2104 = CARTESIAN_POINT('',(-6.747101575764,43.874777077093,
    9.966437448537));
#2105 = CARTESIAN_POINT('',(-6.712940563405,43.987535257664,
    10.216977012545));
#2106 = CARTESIAN_POINT('',(-6.689424177084,44.062321693688,
    10.474891733296));
#2107 = CARTESIAN_POINT('',(-6.677574418193,44.099999973688,
    10.736876495191));
#2108 = CARTESIAN_POINT('',(-6.677574409919,44.1,11.));
#2109 = PCURVE('',#1019,#2110);
#2110 = DEFINITIONAL_REPRESENTATION('',(#2111),#2163);
#2111 = B_SPLINE_CURVE_WITH_KNOTS('',8,(#2112,#2113,#2114,#2115,#2116,
    #2117,#2118,#2119,#2120,#2121,#2122,#2123,#2124,#2125,#2126,#2127,
    #2128,#2129,#2130,#2131,#2132,#2133,#2134,#2135,#2136,#2137,#2138,
    #2139,#2140,#2141,#2142,#2143,#2144,#2145,#2146,#2147,#2148,#2149,
    #2150,#2151,#2152,#2153,#2154,#2155,#2156,#2157,#2158,#2159,#2160,
    #2161,#2162),.UNSPECIFIED.,.F.,.F.,(9,7,7,7,7,7,7,9),(0.,
    0.153653132464,0.277378498914,0.411684553402,0.567737611642,
    0.698246975303,0.819093768358,1.),.UNSPECIFIED.);
#2112 = CARTESIAN_POINT('',(5.0170816344,13.));
#2113 = CARTESIAN_POINT('',(5.017081631091,12.779031695206));
#2114 = CARTESIAN_POINT('',(5.013102244328,12.558591823883));
#2115 = CARTESIAN_POINT('',(5.005176947708,12.340640763451));
#2116 = CARTESIAN_POINT('',(4.993282001193,12.127250745186));
#2117 = CARTESIAN_POINT('',(4.977364811567,11.920933559641));
#2118 = CARTESIAN_POINT('',(4.957356273909,11.724870176031));
#2119 = CARTESIAN_POINT('',(4.933183738129,11.543249336995));
#2120 = CARTESIAN_POINT('',(4.881946947128,11.252017514366));
#2121 = CARTESIAN_POINT('',(4.855526034101,11.130513133764));
#2122 = CARTESIAN_POINT('',(4.825930145888,11.026509758671));
#2123 = CARTESIAN_POINT('',(4.79379134259,10.946864795879));
#2124 = CARTESIAN_POINT('',(4.759892867872,10.896342697022));
#2125 = CARTESIAN_POINT('',(4.725069146752,10.877727656677));
#2126 = CARTESIAN_POINT('',(4.690196687172,10.891798643094));
#2127 = CARTESIAN_POINT('',(4.619181165252,10.986477239932));
#2128 = CARTESIAN_POINT('',(4.58481937515,11.070491656416));
#2129 = CARTESIAN_POINT('',(4.553437471594,11.182567293859));
#2130 = CARTESIAN_POINT('',(4.525257467605,11.31707404352));
#2131 = CARTESIAN_POINT('',(4.500422903205,11.469067139414));
#2132 = CARTESIAN_POINT('',(4.479010059526,11.634143142278));
#2133 = CARTESIAN_POINT('',(4.461016510941,11.808390660621));
#2134 = CARTESIAN_POINT('',(4.429353113988,12.197377851344));
#2135 = CARTESIAN_POINT('',(4.416653117325,12.416585399363));
#2136 = CARTESIAN_POINT('',(4.40822239635,12.642285892851));
#2137 = CARTESIAN_POINT('',(4.404037056429,12.871580826565));
#2138 = CARTESIAN_POINT('',(4.404085957691,13.101893409297));
#2139 = CARTESIAN_POINT('',(4.408366823309,13.330736745492));
#2140 = CARTESIAN_POINT('',(4.41689203921,13.555499128686));
#2141 = CARTESIAN_POINT('',(4.44042287382,13.955012077155));
#2142 = CARTESIAN_POINT('',(4.454152923306,14.132158247369));
#2143 = CARTESIAN_POINT('',(4.470938994406,14.302701855419));
#2144 = CARTESIAN_POINT('',(4.490831511971,14.464359240257));
#2145 = CARTESIAN_POINT('',(4.513869416474,14.614254735988));
#2146 = CARTESIAN_POINT('',(4.540067003281,14.748794155482));
#2147 = CARTESIAN_POINT('',(4.569392734032,14.863467567844));
#2148 = CARTESIAN_POINT('',(4.631665171558,15.034999678331));
#2149 = CARTESIAN_POINT('',(4.664169470084,15.095472276976));
#2150 = CARTESIAN_POINT('',(4.698327158658,15.127180414367));
#2151 = CARTESIAN_POINT('',(4.733091410102,15.126680706528));
#2152 = CARTESIAN_POINT('',(4.767389641081,15.09359523647));
#2153 = CARTESIAN_POINT('',(4.800160798986,15.030487545556));
#2154 = CARTESIAN_POINT('',(4.83043130264,14.94302519494));
#2155 = CARTESIAN_POINT('',(4.897829279548,14.686381826968));
#2156 = CARTESIAN_POINT('',(4.932321519308,14.492730434833));
#2157 = CARTESIAN_POINT('',(4.960813992257,14.272221604891));
#2158 = CARTESIAN_POINT('',(4.983409675306,14.033562551464));
#2159 = CARTESIAN_POINT('',(5.000239388878,13.783022987454));
#2160 = CARTESIAN_POINT('',(5.011439139828,13.525108266704));
#2161 = CARTESIAN_POINT('',(5.01708163046,13.263123504809));
#2162 = CARTESIAN_POINT('',(5.0170816344,13.));
#2163 = ( GEOMETRIC_REPRESENTATION_CONTEXT(2) 
PARAMETRIC_REPRESENTATION_CONTEXT() REPRESENTATION_CONTEXT('2D SPACE',''
  ) );
#2164 = PCURVE('',#2165,#2170);
#2165 = CYLINDRICAL_SURFACE('',#2166,2.1);
#2166 = AXIS2_PLACEMENT_3D('',#2167,#2168,#2169);
#2167 = CARTESIAN_POINT('',(-14.,42.,11.));
#2168 = DIRECTION('',(1.,0.,0.));
#2169 = DIRECTION('',(0.,1.,1.110223024625E-16));
#2170 = DEFINITIONAL_REPRESENTATION('',(#2171),#2223);
#2171 = B_SPLINE_CURVE_WITH_KNOTS('',8,(#2172,#2173,#2174,#2175,#2176,
    #2177,#2178,#2179,#2180,#2181,#2182,#2183,#2184,#2185,#2186,#2187,
    #2188,#2189,#2190,#2191,#2192,#2193,#2194,#2195,#2196,#2197,#2198,
    #2199,#2200,#2201,#2202,#2203,#2204,#2205,#2206,#2207,#2208,#2209,
    #2210,#2211,#2212,#2213,#2214,#2215,#2216,#2217,#2218,#2219,#2220,
    #2221,#2222),.UNSPECIFIED.,.F.,.F.,(9,7,7,7,7,7,7,9),(0.,
    0.153653132464,0.277378498914,0.411684553402,0.567737611642,
    0.698246975303,0.819093768358,1.),.UNSPECIFIED.);
#2172 = CARTESIAN_POINT('',(0.,7.322425590081));
#2173 = CARTESIAN_POINT('',(0.105223002283,7.322425583132));
#2174 = CARTESIAN_POINT('',(0.210194058602,7.314069087201));
#2175 = CARTESIAN_POINT('',(0.315756652196,7.297425187619));
#2176 = CARTESIAN_POINT('',(0.422659784791,7.27303883922));
#2177 = CARTESIAN_POINT('',(0.531649945816,7.241957272642));
#2178 = CARTESIAN_POINT('',(0.643510540385,7.205854988663));
#2179 = CARTESIAN_POINT('',(0.759125767888,7.167171926764));
#2180 = CARTESIAN_POINT('',(0.976691818946,7.098586851306));
#2181 = CARTESIAN_POINT('',(1.08047263723,7.067321675404));
#2182 = CARTESIAN_POINT('',(1.188744145497,7.038171431904));
#2183 = CARTESIAN_POINT('',(1.300103588322,7.014374525921));
#2184 = CARTESIAN_POINT('',(1.4135883196,6.998834693053));
#2185 = CARTESIAN_POINT('',(1.528420295306,6.993208500259));
#2186 = CARTESIAN_POINT('',(1.64392201912,6.997669565448));
#2187 = CARTESIAN_POINT('',(1.884527899235,7.02561422734));
#2188 = CARTESIAN_POINT('',(2.004070664637,7.050049865395));
#2189 = CARTESIAN_POINT('',(2.118894705367,7.081501979414));
#2190 = CARTESIAN_POINT('',(2.229621718343,7.116807868376));
#2191 = CARTESIAN_POINT('',(2.336701700025,7.153051226134));
#2192 = CARTESIAN_POINT('',(2.440471785254,7.187815081956));
#2193 = CARTESIAN_POINT('',(2.541164587522,7.219271009328));
#2194 = CARTESIAN_POINT('',(2.752542635642,7.277539386479));
#2195 = CARTESIAN_POINT('',(2.863552785985,7.303145501465));
#2196 = CARTESIAN_POINT('',(2.972863805366,7.321132901849));
#2197 = CARTESIAN_POINT('',(3.081203393744,7.330311467572));
#2198 = CARTESIAN_POINT('',(3.189246586218,7.330151489517));
#2199 = CARTESIAN_POINT('',(3.297662465105,7.320752966534));
#2200 = CARTESIAN_POINT('',(3.407157897475,7.302845987045));
#2201 = CARTESIAN_POINT('',(3.611770795374,7.256901311945));
#2202 = CARTESIAN_POINT('',(3.706426001641,7.230975662604));
#2203 = CARTESIAN_POINT('',(3.803081569821,7.200835404423));
#2204 = CARTESIAN_POINT('',(3.902230221932,7.167630072233));
#2205 = CARTESIAN_POINT('',(4.004399423992,7.132926532395));
#2206 = CARTESIAN_POINT('',(4.110164066899,7.098797226088));
#2207 = CARTESIAN_POINT('',(4.220189633972,7.067813914439));
#2208 = CARTESIAN_POINT('',(4.442076375238,7.019673486701));
#2209 = CARTESIAN_POINT('',(4.553151042738,7.001672568468));
#2210 = CARTESIAN_POINT('',(4.666452943061,6.991689998466));
#2211 = CARTESIAN_POINT('',(4.780498863857,6.991750583709));
#2212 = CARTESIAN_POINT('',(4.893981982933,7.002191429258));
#2213 = CARTESIAN_POINT('',(5.005540694149,7.02132920247));
#2214 = CARTESIAN_POINT('',(5.113449535074,7.046186038255));
#2215 = CARTESIAN_POINT('',(5.367129235252,7.11437140656));
#2216 = CARTESIAN_POINT('',(5.510461984036,7.162191378607));
#2217 = CARTESIAN_POINT('',(5.64729427116,7.210139194852));
#2218 = CARTESIAN_POINT('',(5.779124306416,7.252898424236));
#2219 = CARTESIAN_POINT('',(5.9073228225,7.287059436595));
#2220 = CARTESIAN_POINT('',(6.033133097601,7.310575822916));
#2221 = CARTESIAN_POINT('',(6.157888400128,7.322425581807));
#2222 = CARTESIAN_POINT('',(6.28318530718,7.322425590081));
#2223 = ( GEOMETRIC_REPRESENTATION_CONTEXT(2) 
PARAMETRIC_REPRESENTATION_CONTEXT() REPRESENTATION_CONTEXT('2D SPACE',''
  ) );
#2224 = ADVANCED_FACE('',(#2225),#1140,.T.);
#2225 = FACE_BOUND('',#2226,.T.);
#2226 = EDGE_LOOP('',(#2227,#2228,#2247,#2248));
#2227 = ORIENTED_EDGE('',*,*,#1532,.F.);
#2228 = ORIENTED_EDGE('',*,*,#2229,.F.);
#2229 = EDGE_CURVE('',#1118,#1508,#2230,.T.);
#2230 = SURFACE_CURVE('',#2231,(#2235,#2241),.PCURVE_S1.);
#2231 = LINE('',#2232,#2233);
#2232 = CARTESIAN_POINT('',(11.,38.457769046059,21.));
#2233 = VECTOR('',#2234,1.);
#2234 = DIRECTION('',(0.,1.110223024625E-16,-1.));
#2235 = PCURVE('',#1140,#2236);
#2236 = DEFINITIONAL_REPRESENTATION('',(#2237),#2240);
#2237 = B_SPLINE_CURVE_WITH_KNOTS('',1,(#2238,#2239),.UNSPECIFIED.,.F.,
  .F.,(2,2),(-5.999999928008E-07,16.0000006),.PIECEWISE_BEZIER_KNOTS.);
#2238 = CARTESIAN_POINT('',(0.278589702392,-5.999999928008E-07));
#2239 = CARTESIAN_POINT('',(0.278589702392,16.0000006));
#2240 = ( GEOMETRIC_REPRESENTATION_CONTEXT(2) 
PARAMETRIC_REPRESENTATION_CONTEXT() REPRESENTATION_CONTEXT('2D SPACE',''
  ) );
#2241 = PCURVE('',#1168,#2242);
#2242 = DEFINITIONAL_REPRESENTATION('',(#2243),#2246);
#2243 = B_SPLINE_CURVE_WITH_KNOTS('',1,(#2244,#2245),.UNSPECIFIED.,.F.,
  .F.,(2,2),(-5.999999928008E-07,16.0000006),.PIECEWISE_BEZIER_KNOTS.);
#2244 = CARTESIAN_POINT('',(5.957769046059,5.999999928008E-07));
#2245 = CARTESIAN_POINT('',(5.957769046059,-16.0000006));
#2246 = ( GEOMETRIC_REPRESENTATION_CONTEXT(2) 
PARAMETRIC_REPRESENTATION_CONTEXT() REPRESENTATION_CONTEXT('2D SPACE',''
  ) );
#2247 = ORIENTED_EDGE('',*,*,#1117,.T.);
#2248 = ORIENTED_EDGE('',*,*,#2249,.T.);
#2249 = EDGE_CURVE('',#1120,#1533,#2250,.T.);
#2250 = SURFACE_CURVE('',#2251,(#2255,#2261),.PCURVE_S1.);
#2251 = LINE('',#2252,#2253);
#2252 = CARTESIAN_POINT('',(11.,-38.45776904605,21.));
#2253 = VECTOR('',#2254,1.);
#2254 = DIRECTION('',(0.,1.110223024625E-16,-1.));
#2255 = PCURVE('',#1140,#2256);
#2256 = DEFINITIONAL_REPRESENTATION('',(#2257),#2260);
#2257 = B_SPLINE_CURVE_WITH_KNOTS('',1,(#2258,#2259),.UNSPECIFIED.,.F.,
  .F.,(2,2),(-5.999999928008E-07,16.0000006),.PIECEWISE_BEZIER_KNOTS.);
#2258 = CARTESIAN_POINT('',(2.863002951198,-5.999999928008E-07));
#2259 = CARTESIAN_POINT('',(2.863002951198,16.0000006));
#2260 = ( GEOMETRIC_REPRESENTATION_CONTEXT(2) 
PARAMETRIC_REPRESENTATION_CONTEXT() REPRESENTATION_CONTEXT('2D SPACE',''
  ) );
#2261 = PCURVE('',#1339,#2262);
#2262 = DEFINITIONAL_REPRESENTATION('',(#2263),#2266);
#2263 = B_SPLINE_CURVE_WITH_KNOTS('',1,(#2264,#2265),.UNSPECIFIED.,.F.,
  .F.,(2,2),(-5.999999928008E-07,16.0000006),.PIECEWISE_BEZIER_KNOTS.);
#2264 = CARTESIAN_POINT('',(19.542230953941,5.999999928008E-07));
#2265 = CARTESIAN_POINT('',(19.542230953941,-16.0000006));
#2266 = ( GEOMETRIC_REPRESENTATION_CONTEXT(2) 
PARAMETRIC_REPRESENTATION_CONTEXT() REPRESENTATION_CONTEXT('2D SPACE',''
  ) );
#2267 = ADVANCED_FACE('',(#2268,#2294),#1168,.T.);
#2268 = FACE_BOUND('',#2269,.T.);
#2269 = EDGE_LOOP('',(#2270,#2271,#2272,#2273));
#2270 = ORIENTED_EDGE('',*,*,#1152,.F.);
#2271 = ORIENTED_EDGE('',*,*,#2229,.T.);
#2272 = ORIENTED_EDGE('',*,*,#1507,.T.);
#2273 = ORIENTED_EDGE('',*,*,#2274,.F.);
#2274 = EDGE_CURVE('',#1153,#1510,#2275,.T.);
#2275 = SURFACE_CURVE('',#2276,(#2280,#2287),.PCURVE_S1.);
#2276 = LINE('',#2277,#2278);
#2277 = CARTESIAN_POINT('',(11.,58.,21.));
#2278 = VECTOR('',#2279,1.);
#2279 = DIRECTION('',(0.,1.110223024625E-16,-1.));
#2280 = PCURVE('',#1168,#2281);
#2281 = DEFINITIONAL_REPRESENTATION('',(#2282),#2286);
#2282 = LINE('',#2283,#2284);
#2283 = CARTESIAN_POINT('',(25.5,0.));
#2284 = VECTOR('',#2285,1.);
#2285 = DIRECTION('',(0.,-1.));
#2286 = ( GEOMETRIC_REPRESENTATION_CONTEXT(2) 
PARAMETRIC_REPRESENTATION_CONTEXT() REPRESENTATION_CONTEXT('2D SPACE',''
  ) );
#2287 = PCURVE('',#1196,#2288);
#2288 = DEFINITIONAL_REPRESENTATION('',(#2289),#2293);
#2289 = LINE('',#2290,#2291);
#2290 = CARTESIAN_POINT('',(22.,0.));
#2291 = VECTOR('',#2292,1.);
#2292 = DIRECTION('',(0.,1.));
#2293 = ( GEOMETRIC_REPRESENTATION_CONTEXT(2) 
PARAMETRIC_REPRESENTATION_CONTEXT() REPRESENTATION_CONTEXT('2D SPACE',''
  ) );
#2294 = FACE_BOUND('',#2295,.T.);
#2295 = EDGE_LOOP('',(#2296));
#2296 = ORIENTED_EDGE('',*,*,#2297,.F.);
#2297 = EDGE_CURVE('',#2298,#2298,#2300,.T.);
#2298 = VERTEX_POINT('',#2299);
#2299 = CARTESIAN_POINT('',(11.,44.1,11.));
#2300 = SURFACE_CURVE('',#2301,(#2306,#2313),.PCURVE_S1.);
#2301 = CIRCLE('',#2302,2.1);
#2302 = AXIS2_PLACEMENT_3D('',#2303,#2304,#2305);
#2303 = CARTESIAN_POINT('',(11.,42.,11.));
#2304 = DIRECTION('',(1.,0.,-0.));
#2305 = DIRECTION('',(0.,1.,1.110223024625E-16));
#2306 = PCURVE('',#1168,#2307);
#2307 = DEFINITIONAL_REPRESENTATION('',(#2308),#2312);
#2308 = CIRCLE('',#2309,2.1);
#2309 = AXIS2_PLACEMENT_2D('',#2310,#2311);
#2310 = CARTESIAN_POINT('',(9.5,-10.));
#2311 = DIRECTION('',(1.,0.));
#2312 = ( GEOMETRIC_REPRESENTATION_CONTEXT(2) 
PARAMETRIC_REPRESENTATION_CONTEXT() REPRESENTATION_CONTEXT('2D SPACE',''
  ) );
#2313 = PCURVE('',#1991,#2314);
#2314 = DEFINITIONAL_REPRESENTATION('',(#2315),#2319);
#2315 = LINE('',#2316,#2317);
#2316 = CARTESIAN_POINT('',(0.,25.));
#2317 = VECTOR('',#2318,1.);
#2318 = DIRECTION('',(1.,0.));
#2319 = ( GEOMETRIC_REPRESENTATION_CONTEXT(2) 
PARAMETRIC_REPRESENTATION_CONTEXT() REPRESENTATION_CONTEXT('2D SPACE',''
  ) );
#2320 = ADVANCED_FACE('',(#2321),#1196,.T.);
#2321 = FACE_BOUND('',#2322,.T.);
#2322 = EDGE_LOOP('',(#2323,#2344,#2345,#2346));
#2323 = ORIENTED_EDGE('',*,*,#2324,.F.);
#2324 = EDGE_CURVE('',#1181,#1650,#2325,.T.);
#2325 = SURFACE_CURVE('',#2326,(#2330,#2337),.PCURVE_S1.);
#2326 = LINE('',#2327,#2328);
#2327 = CARTESIAN_POINT('',(-11.,58.,21.));
#2328 = VECTOR('',#2329,1.);
#2329 = DIRECTION('',(0.,1.110223024625E-16,-1.));
#2330 = PCURVE('',#1196,#2331);
#2331 = DEFINITIONAL_REPRESENTATION('',(#2332),#2336);
#2332 = LINE('',#2333,#2334);
#2333 = CARTESIAN_POINT('',(0.,0.));
#2334 = VECTOR('',#2335,1.);
#2335 = DIRECTION('',(0.,1.));
#2336 = ( GEOMETRIC_REPRESENTATION_CONTEXT(2) 
PARAMETRIC_REPRESENTATION_CONTEXT() REPRESENTATION_CONTEXT('2D SPACE',''
  ) );
#2337 = PCURVE('',#1224,#2338);
#2338 = DEFINITIONAL_REPRESENTATION('',(#2339),#2343);
#2339 = LINE('',#2340,#2341);
#2340 = CARTESIAN_POINT('',(25.5,0.));
#2341 = VECTOR('',#2342,1.);
#2342 = DIRECTION('',(0.,-1.));
#2343 = ( GEOMETRIC_REPRESENTATION_CONTEXT(2) 
PARAMETRIC_REPRESENTATION_CONTEXT() REPRESENTATION_CONTEXT('2D SPACE',''
  ) );
#2344 = ORIENTED_EDGE('',*,*,#1180,.T.);
#2345 = ORIENTED_EDGE('',*,*,#2274,.T.);
#2346 = ORIENTED_EDGE('',*,*,#1672,.F.);
#2347 = ADVANCED_FACE('',(#2348,#2372),#1224,.F.);
#2348 = FACE_BOUND('',#2349,.F.);
#2349 = EDGE_LOOP('',(#2350,#2351,#2370,#2371));
#2350 = ORIENTED_EDGE('',*,*,#1208,.F.);
#2351 = ORIENTED_EDGE('',*,*,#2352,.T.);
#2352 = EDGE_CURVE('',#1209,#1626,#2353,.T.);
#2353 = SURFACE_CURVE('',#2354,(#2358,#2364),.PCURVE_S1.);
#2354 = LINE('',#2355,#2356);
#2355 = CARTESIAN_POINT('',(-11.,38.457769046059,21.));
#2356 = VECTOR('',#2357,1.);
#2357 = DIRECTION('',(0.,1.110223024625E-16,-1.));
#2358 = PCURVE('',#1224,#2359);
#2359 = DEFINITIONAL_REPRESENTATION('',(#2360),#2363);
#2360 = B_SPLINE_CURVE_WITH_KNOTS('',1,(#2361,#2362),.UNSPECIFIED.,.F.,
  .F.,(2,2),(-5.999999928008E-07,16.0000006),.PIECEWISE_BEZIER_KNOTS.);
#2361 = CARTESIAN_POINT('',(5.957769046059,5.999999928008E-07));
#2362 = CARTESIAN_POINT('',(5.957769046059,-16.0000006));
#2363 = ( GEOMETRIC_REPRESENTATION_CONTEXT(2) 
PARAMETRIC_REPRESENTATION_CONTEXT() REPRESENTATION_CONTEXT('2D SPACE',''
  ) );
#2364 = PCURVE('',#1257,#2365);
#2365 = DEFINITIONAL_REPRESENTATION('',(#2366),#2369);
#2366 = B_SPLINE_CURVE_WITH_KNOTS('',1,(#2367,#2368),.UNSPECIFIED.,.F.,
  .F.,(2,2),(-5.999999928008E-07,16.0000006),.PIECEWISE_BEZIER_KNOTS.);
#2367 = CARTESIAN_POINT('',(6.004595604788,-5.999999928008E-07));
#2368 = CARTESIAN_POINT('',(6.004595604788,16.0000006));
#2369 = ( GEOMETRIC_REPRESENTATION_CONTEXT(2) 
PARAMETRIC_REPRESENTATION_CONTEXT() REPRESENTATION_CONTEXT('2D SPACE',''
  ) );
#2370 = ORIENTED_EDGE('',*,*,#1649,.T.);
#2371 = ORIENTED_EDGE('',*,*,#2324,.F.);
#2372 = FACE_BOUND('',#2373,.F.);
#2373 = EDGE_LOOP('',(#2374));
#2374 = ORIENTED_EDGE('',*,*,#2375,.F.);
#2375 = EDGE_CURVE('',#2376,#2376,#2378,.T.);
#2376 = VERTEX_POINT('',#2377);
#2377 = CARTESIAN_POINT('',(-11.,44.1,11.));
#2378 = SURFACE_CURVE('',#2379,(#2384,#2391),.PCURVE_S1.);
#2379 = CIRCLE('',#2380,2.1);
#2380 = AXIS2_PLACEMENT_3D('',#2381,#2382,#2383);
#2381 = CARTESIAN_POINT('',(-11.,42.,11.));
#2382 = DIRECTION('',(1.,0.,-0.));
#2383 = DIRECTION('',(0.,1.,1.110223024625E-16));
#2384 = PCURVE('',#1224,#2385);
#2385 = DEFINITIONAL_REPRESENTATION('',(#2386),#2390);
#2386 = CIRCLE('',#2387,2.1);
#2387 = AXIS2_PLACEMENT_2D('',#2388,#2389);
#2388 = CARTESIAN_POINT('',(9.5,-10.));
#2389 = DIRECTION('',(1.,0.));
#2390 = ( GEOMETRIC_REPRESENTATION_CONTEXT(2) 
PARAMETRIC_REPRESENTATION_CONTEXT() REPRESENTATION_CONTEXT('2D SPACE',''
  ) );
#2391 = PCURVE('',#2165,#2392);
#2392 = DEFINITIONAL_REPRESENTATION('',(#2393),#2397);
#2393 = LINE('',#2394,#2395);
#2394 = CARTESIAN_POINT('',(0.,3.));
#2395 = VECTOR('',#2396,1.);
#2396 = DIRECTION('',(1.,0.));
#2397 = ( GEOMETRIC_REPRESENTATION_CONTEXT(2) 
PARAMETRIC_REPRESENTATION_CONTEXT() REPRESENTATION_CONTEXT('2D SPACE',''
  ) );
#2398 = ADVANCED_FACE('',(#2399),#1257,.T.);
#2399 = FACE_BOUND('',#2400,.T.);
#2400 = EDGE_LOOP('',(#2401,#2402,#2421,#2422));
#2401 = ORIENTED_EDGE('',*,*,#1625,.F.);
#2402 = ORIENTED_EDGE('',*,*,#2403,.F.);
#2403 = EDGE_CURVE('',#1237,#1603,#2404,.T.);
#2404 = SURFACE_CURVE('',#2405,(#2409,#2415),.PCURVE_S1.);
#2405 = LINE('',#2406,#2407);
#2406 = CARTESIAN_POINT('',(-11.,-38.45776904605,21.));
#2407 = VECTOR('',#2408,1.);
#2408 = DIRECTION('',(0.,1.110223024625E-16,-1.));
#2409 = PCURVE('',#1257,#2410);
#2410 = DEFINITIONAL_REPRESENTATION('',(#2411),#2414);
#2411 = B_SPLINE_CURVE_WITH_KNOTS('',1,(#2412,#2413),.UNSPECIFIED.,.F.,
  .F.,(2,2),(-5.999999928008E-07,16.0000006),.PIECEWISE_BEZIER_KNOTS.);
#2412 = CARTESIAN_POINT('',(3.420182355981,-5.999999928008E-07));
#2413 = CARTESIAN_POINT('',(3.420182355981,16.0000006));
#2414 = ( GEOMETRIC_REPRESENTATION_CONTEXT(2) 
PARAMETRIC_REPRESENTATION_CONTEXT() REPRESENTATION_CONTEXT('2D SPACE',''
  ) );
#2415 = PCURVE('',#1285,#2416);
#2416 = DEFINITIONAL_REPRESENTATION('',(#2417),#2420);
#2417 = B_SPLINE_CURVE_WITH_KNOTS('',1,(#2418,#2419),.UNSPECIFIED.,.F.,
  .F.,(2,2),(-5.999999928008E-07,16.0000006),.PIECEWISE_BEZIER_KNOTS.);
#2418 = CARTESIAN_POINT('',(19.542230953941,5.999999928008E-07));
#2419 = CARTESIAN_POINT('',(19.542230953941,-16.0000006));
#2420 = ( GEOMETRIC_REPRESENTATION_CONTEXT(2) 
PARAMETRIC_REPRESENTATION_CONTEXT() REPRESENTATION_CONTEXT('2D SPACE',''
  ) );
#2421 = ORIENTED_EDGE('',*,*,#1236,.T.);
#2422 = ORIENTED_EDGE('',*,*,#2352,.T.);
#2423 = ADVANCED_FACE('',(#2424,#2450),#1285,.F.);
#2424 = FACE_BOUND('',#2425,.F.);
#2425 = EDGE_LOOP('',(#2426,#2427,#2448,#2449));
#2426 = ORIENTED_EDGE('',*,*,#1269,.F.);
#2427 = ORIENTED_EDGE('',*,*,#2428,.T.);
#2428 = EDGE_CURVE('',#1270,#1580,#2429,.T.);
#2429 = SURFACE_CURVE('',#2430,(#2434,#2441),.PCURVE_S1.);
#2430 = LINE('',#2431,#2432);
#2431 = CARTESIAN_POINT('',(-11.,-58.,21.));
#2432 = VECTOR('',#2433,1.);
#2433 = DIRECTION('',(0.,1.110223024625E-16,-1.));
#2434 = PCURVE('',#1285,#2435);
#2435 = DEFINITIONAL_REPRESENTATION('',(#2436),#2440);
#2436 = LINE('',#2437,#2438);
#2437 = CARTESIAN_POINT('',(0.,0.));
#2438 = VECTOR('',#2439,1.);
#2439 = DIRECTION('',(0.,-1.));
#2440 = ( GEOMETRIC_REPRESENTATION_CONTEXT(2) 
PARAMETRIC_REPRESENTATION_CONTEXT() REPRESENTATION_CONTEXT('2D SPACE',''
  ) );
#2441 = PCURVE('',#1313,#2442);
#2442 = DEFINITIONAL_REPRESENTATION('',(#2443),#2447);
#2443 = LINE('',#2444,#2445);
#2444 = CARTESIAN_POINT('',(0.,0.));
#2445 = VECTOR('',#2446,1.);
#2446 = DIRECTION('',(0.,1.));
#2447 = ( GEOMETRIC_REPRESENTATION_CONTEXT(2) 
PARAMETRIC_REPRESENTATION_CONTEXT() REPRESENTATION_CONTEXT('2D SPACE',''
  ) );
#2448 = ORIENTED_EDGE('',*,*,#1602,.T.);
#2449 = ORIENTED_EDGE('',*,*,#2403,.F.);
#2450 = FACE_BOUND('',#2451,.F.);
#2451 = EDGE_LOOP('',(#2452));
#2452 = ORIENTED_EDGE('',*,*,#2453,.F.);
#2453 = EDGE_CURVE('',#2454,#2454,#2456,.T.);
#2454 = VERTEX_POINT('',#2455);
#2455 = CARTESIAN_POINT('',(-11.,-39.9,11.));
#2456 = SURFACE_CURVE('',#2457,(#2462,#2469),.PCURVE_S1.);
#2457 = CIRCLE('',#2458,2.1);
#2458 = AXIS2_PLACEMENT_3D('',#2459,#2460,#2461);
#2459 = CARTESIAN_POINT('',(-11.,-42.,11.));
#2460 = DIRECTION('',(1.,0.,-0.));
#2461 = DIRECTION('',(0.,1.,1.110223024625E-16));
#2462 = PCURVE('',#1285,#2463);
#2463 = DEFINITIONAL_REPRESENTATION('',(#2464),#2468);
#2464 = CIRCLE('',#2465,2.1);
#2465 = AXIS2_PLACEMENT_2D('',#2466,#2467);
#2466 = CARTESIAN_POINT('',(16.,-10.));
#2467 = DIRECTION('',(1.,0.));
#2468 = ( GEOMETRIC_REPRESENTATION_CONTEXT(2) 
PARAMETRIC_REPRESENTATION_CONTEXT() REPRESENTATION_CONTEXT('2D SPACE',''
  ) );
#2469 = PCURVE('',#2470,#2475);
#2470 = CYLINDRICAL_SURFACE('',#2471,2.1);
#2471 = AXIS2_PLACEMENT_3D('',#2472,#2473,#2474);
#2472 = CARTESIAN_POINT('',(-14.,-42.,11.));
#2473 = DIRECTION('',(1.,0.,0.));
#2474 = DIRECTION('',(0.,1.,1.110223024625E-16));
#2475 = DEFINITIONAL_REPRESENTATION('',(#2476),#2480);
#2476 = LINE('',#2477,#2478);
#2477 = CARTESIAN_POINT('',(0.,3.));
#2478 = VECTOR('',#2479,1.);
#2479 = DIRECTION('',(1.,0.));
#2480 = ( GEOMETRIC_REPRESENTATION_CONTEXT(2) 
PARAMETRIC_REPRESENTATION_CONTEXT() REPRESENTATION_CONTEXT('2D SPACE',''
  ) );
#2481 = ADVANCED_FACE('',(#2482),#1313,.F.);
#2482 = FACE_BOUND('',#2483,.F.);
#2483 = EDGE_LOOP('',(#2484,#2485,#2486,#2507));
#2484 = ORIENTED_EDGE('',*,*,#2428,.F.);
#2485 = ORIENTED_EDGE('',*,*,#1297,.T.);
#2486 = ORIENTED_EDGE('',*,*,#2487,.T.);
#2487 = EDGE_CURVE('',#1298,#1557,#2488,.T.);
#2488 = SURFACE_CURVE('',#2489,(#2493,#2500),.PCURVE_S1.);
#2489 = LINE('',#2490,#2491);
#2490 = CARTESIAN_POINT('',(11.,-58.,21.));
#2491 = VECTOR('',#2492,1.);
#2492 = DIRECTION('',(0.,1.110223024625E-16,-1.));
#2493 = PCURVE('',#1313,#2494);
#2494 = DEFINITIONAL_REPRESENTATION('',(#2495),#2499);
#2495 = LINE('',#2496,#2497);
#2496 = CARTESIAN_POINT('',(22.,0.));
#2497 = VECTOR('',#2498,1.);
#2498 = DIRECTION('',(0.,1.));
#2499 = ( GEOMETRIC_REPRESENTATION_CONTEXT(2) 
PARAMETRIC_REPRESENTATION_CONTEXT() REPRESENTATION_CONTEXT('2D SPACE',''
  ) );
#2500 = PCURVE('',#1339,#2501);
#2501 = DEFINITIONAL_REPRESENTATION('',(#2502),#2506);
#2502 = LINE('',#2503,#2504);
#2503 = CARTESIAN_POINT('',(0.,0.));
#2504 = VECTOR('',#2505,1.);
#2505 = DIRECTION('',(0.,-1.));
#2506 = ( GEOMETRIC_REPRESENTATION_CONTEXT(2) 
PARAMETRIC_REPRESENTATION_CONTEXT() REPRESENTATION_CONTEXT('2D SPACE',''
  ) );
#2507 = ORIENTED_EDGE('',*,*,#1579,.F.);
#2508 = ADVANCED_FACE('',(#2509,#2515),#1339,.T.);
#2509 = FACE_BOUND('',#2510,.T.);
#2510 = EDGE_LOOP('',(#2511,#2512,#2513,#2514));
#2511 = ORIENTED_EDGE('',*,*,#1325,.F.);
#2512 = ORIENTED_EDGE('',*,*,#2487,.T.);
#2513 = ORIENTED_EDGE('',*,*,#1556,.T.);
#2514 = ORIENTED_EDGE('',*,*,#2249,.F.);
#2515 = FACE_BOUND('',#2516,.T.);
#2516 = EDGE_LOOP('',(#2517));
#2517 = ORIENTED_EDGE('',*,*,#2518,.F.);
#2518 = EDGE_CURVE('',#2519,#2519,#2521,.T.);
#2519 = VERTEX_POINT('',#2520);
#2520 = CARTESIAN_POINT('',(11.,-39.9,11.));
#2521 = SURFACE_CURVE('',#2522,(#2527,#2534),.PCURVE_S1.);
#2522 = CIRCLE('',#2523,2.1);
#2523 = AXIS2_PLACEMENT_3D('',#2524,#2525,#2526);
#2524 = CARTESIAN_POINT('',(11.,-42.,11.));
#2525 = DIRECTION('',(1.,0.,-0.));
#2526 = DIRECTION('',(0.,1.,1.110223024625E-16));
#2527 = PCURVE('',#1339,#2528);
#2528 = DEFINITIONAL_REPRESENTATION('',(#2529),#2533);
#2529 = CIRCLE('',#2530,2.1);
#2530 = AXIS2_PLACEMENT_2D('',#2531,#2532);
#2531 = CARTESIAN_POINT('',(16.,-10.));
#2532 = DIRECTION('',(1.,0.));
#2533 = ( GEOMETRIC_REPRESENTATION_CONTEXT(2) 
PARAMETRIC_REPRESENTATION_CONTEXT() REPRESENTATION_CONTEXT('2D SPACE',''
  ) );
#2534 = PCURVE('',#2535,#2540);
#2535 = CYLINDRICAL_SURFACE('',#2536,2.1);
#2536 = AXIS2_PLACEMENT_3D('',#2537,#2538,#2539);
#2537 = CARTESIAN_POINT('',(-14.,-42.,11.));
#2538 = DIRECTION('',(1.,0.,0.));
#2539 = DIRECTION('',(0.,1.,1.110223024625E-16));
#2540 = DEFINITIONAL_REPRESENTATION('',(#2541),#2545);
#2541 = LINE('',#2542,#2543);
#2542 = CARTESIAN_POINT('',(0.,25.));
#2543 = VECTOR('',#2544,1.);
#2544 = DIRECTION('',(1.,0.));
#2545 = ( GEOMETRIC_REPRESENTATION_CONTEXT(2) 
PARAMETRIC_REPRESENTATION_CONTEXT() REPRESENTATION_CONTEXT('2D SPACE',''
  ) );
#2546 = ADVANCED_FACE('',(#2547,#2575,#2744),#1487,.F.);
#2547 = FACE_BOUND('',#2548,.F.);
#2548 = EDGE_LOOP('',(#2549,#2550,#2571,#2572,#2573,#2574));
#2549 = ORIENTED_EDGE('',*,*,#1472,.T.);
#2550 = ORIENTED_EDGE('',*,*,#2551,.T.);
#2551 = EDGE_CURVE('',#1450,#1779,#2552,.T.);
#2552 = SEAM_CURVE('',#2553,(#2557,#2564),.PCURVE_S1.);
#2553 = LINE('',#2554,#2555);
#2554 = CARTESIAN_POINT('',(-1.714505518806E-15,-35.,24.));
#2555 = VECTOR('',#2556,1.);
#2556 = DIRECTION('',(0.,1.110223024625E-16,-1.));
#2557 = PCURVE('',#1487,#2558);
#2558 = DEFINITIONAL_REPRESENTATION('',(#2559),#2563);
#2559 = LINE('',#2560,#2561);
#2560 = CARTESIAN_POINT('',(0.,-0.));
#2561 = VECTOR('',#2562,1.);
#2562 = DIRECTION('',(0.,1.));
#2563 = ( GEOMETRIC_REPRESENTATION_CONTEXT(2) 
PARAMETRIC_REPRESENTATION_CONTEXT() REPRESENTATION_CONTEXT('2D SPACE',''
  ) );
#2564 = PCURVE('',#1487,#2565);
#2565 = DEFINITIONAL_REPRESENTATION('',(#2566),#2570);
#2566 = LINE('',#2567,#2568);
#2567 = CARTESIAN_POINT('',(6.28318530718,-0.));
#2568 = VECTOR('',#2569,1.);
#2569 = DIRECTION('',(0.,1.));
#2570 = ( GEOMETRIC_REPRESENTATION_CONTEXT(2) 
PARAMETRIC_REPRESENTATION_CONTEXT() REPRESENTATION_CONTEXT('2D SPACE',''
  ) );
#2571 = ORIENTED_EDGE('',*,*,#1776,.F.);
#2572 = ORIENTED_EDGE('',*,*,#1802,.F.);
#2573 = ORIENTED_EDGE('',*,*,#1826,.F.);
#2574 = ORIENTED_EDGE('',*,*,#2551,.F.);
#2575 = FACE_BOUND('',#2576,.F.);
#2576 = EDGE_LOOP('',(#2577));
#2577 = ORIENTED_EDGE('',*,*,#2578,.F.);
#2578 = EDGE_CURVE('',#2579,#2579,#2581,.T.);
#2579 = VERTEX_POINT('',#2580);
#2580 = CARTESIAN_POINT('',(6.677574409919,-39.9,11.));
#2581 = SURFACE_CURVE('',#2582,(#2634,#2689),.PCURVE_S1.);
#2582 = B_SPLINE_CURVE_WITH_KNOTS('',8,(#2583,#2584,#2585,#2586,#2587,
    #2588,#2589,#2590,#2591,#2592,#2593,#2594,#2595,#2596,#2597,#2598,
    #2599,#2600,#2601,#2602,#2603,#2604,#2605,#2606,#2607,#2608,#2609,
    #2610,#2611,#2612,#2613,#2614,#2615,#2616,#2617,#2618,#2619,#2620,
    #2621,#2622,#2623,#2624,#2625,#2626,#2627,#2628,#2629,#2630,#2631,
    #2632,#2633),.UNSPECIFIED.,.T.,.F.,(9,7,7,7,7,7,7,9),(0.,
    0.153653132746,0.277378499423,0.411684554159,0.567737610864,
    0.698246974761,0.819093768033,1.),.UNSPECIFIED.);
#2583 = CARTESIAN_POINT('',(6.677574409919,-39.9,11.));
#2584 = CARTESIAN_POINT('',(6.677574416868,-39.90000002209,
    11.220968304794));
#2585 = CARTESIAN_POINT('',(6.685930912799,-39.9265726923,
    11.441408176117));
#2586 = CARTESIAN_POINT('',(6.702574812381,-39.97949435733,
    11.659359236549));
#2587 = CARTESIAN_POINT('',(6.72696116078,-40.05911019198,
    11.872749254814));
#2588 = CARTESIAN_POINT('',(6.758042727358,-40.16613514155,
    12.079066440359));
#2589 = CARTESIAN_POINT('',(6.794145011337,-40.30154580266,
    12.275129823969));
#2590 = CARTESIAN_POINT('',(6.832828073236,-40.46639860053,
    12.456750663005));
#2591 = CARTESIAN_POINT('',(6.901413148694,-40.81843739992,
    12.747982485634));
#2592 = CARTESIAN_POINT('',(6.932678324596,-41.00076993897,
    12.869486866236));
#2593 = CARTESIAN_POINT('',(6.961828568096,-41.2060267819,
    12.973490241329));
#2594 = CARTESIAN_POINT('',(6.985625474079,-41.43003443742,
    13.053135204122));
#2595 = CARTESIAN_POINT('',(7.001165306947,-41.6672264689,
    13.103657302977));
#2596 = CARTESIAN_POINT('',(7.006791499741,-41.91127261692,
    13.122272343323));
#2597 = CARTESIAN_POINT('',(7.002330434552,-42.15551542696,
    13.108201356906));
#2598 = CARTESIAN_POINT('',(6.97438577266,-42.65183801278,
    13.013522760068));
#2599 = CARTESIAN_POINT('',(6.949950134605,-42.89137604782,
    12.929508343584));
#2600 = CARTESIAN_POINT('',(6.918498020586,-43.10908521533,
    12.817432706141));
#2601 = CARTESIAN_POINT('',(6.883192131624,-43.30337367803,
    12.68292595648));
#2602 = CARTESIAN_POINT('',(6.846948773866,-43.47350388256,
    12.530932860586));
#2603 = CARTESIAN_POINT('',(6.812184918044,-43.61935322256,
    12.365856857722));
#2604 = CARTESIAN_POINT('',(6.780728990672,-43.74132852962,
    12.191609339379));
#2605 = CARTESIAN_POINT('',(6.722460613887,-43.95517604602,
    11.802622151096));
#2606 = CARTESIAN_POINT('',(6.696854497908,-44.04033993233,
    11.583414593026));
#2607 = CARTESIAN_POINT('',(6.678867098278,-44.0965511754,
    11.357714115608));
#2608 = CARTESIAN_POINT('',(6.669688532889,-44.12436776775,
    11.128419173374));
#2609 = CARTESIAN_POINT('',(6.669848510334,-44.12406285536,
    10.898106582249));
#2610 = CARTESIAN_POINT('',(6.679247033082,-44.09561125118,
    10.669263262254));
#2611 = CARTESIAN_POINT('',(6.697154013246,-44.03866967983,
    10.444500868783));
#2612 = CARTESIAN_POINT('',(6.743098688055,-43.88049131466,
    10.044987922844));
#2613 = CARTESIAN_POINT('',(6.769024337396,-43.78793945505,
    9.867841752632));
#2614 = CARTESIAN_POINT('',(6.799164595577,-43.6743476159,9.697298144582
    ));
#2615 = CARTESIAN_POINT('',(6.832369927767,-43.53906507818,
    9.535640759743));
#2616 = CARTESIAN_POINT('',(6.867073467605,-43.38146549588,
    9.385745264011));
#2617 = CARTESIAN_POINT('',(6.901202773912,-43.20111020035,
    9.251205844518));
#2618 = CARTESIAN_POINT('',(6.932186085561,-42.99800915349,
    9.136532432156));
#2619 = CARTESIAN_POINT('',(6.980326513299,-42.56476849691,
    8.965000321669));
#2620 = CARTESIAN_POINT('',(6.998327431532,-42.3378379609,8.904527723024
    ));
#2621 = CARTESIAN_POINT('',(7.008310001533,-42.09866164861,
    8.872819585632));
#2622 = CARTESIAN_POINT('',(7.008249416292,-41.85487313565,
    8.873319293473));
#2623 = CARTESIAN_POINT('',(6.997808570742,-41.61461023751,
    8.906404763529));
#2624 = CARTESIAN_POINT('',(6.97867079753,-41.38578703861,8.969512454445
    ));
#2625 = CARTESIAN_POINT('',(6.953813961745,-41.17527553283,9.05697480506
    ));
#2626 = CARTESIAN_POINT('',(6.88562859344,-40.70844297953,9.313618173032
    ));
#2627 = CARTESIAN_POINT('',(6.837808621393,-40.47141976468,
    9.507269565168));
#2628 = CARTESIAN_POINT('',(6.789860805149,-40.2775723153,9.727778395106
    ));
#2629 = CARTESIAN_POINT('',(6.747101575764,-40.1252229229,9.966437448538
    ));
#2630 = CARTESIAN_POINT('',(6.712940563405,-40.01246474233,
    10.216977012544));
#2631 = CARTESIAN_POINT('',(6.689424177084,-39.93767830631,
    10.474891733296));
#2632 = CARTESIAN_POINT('',(6.677574418193,-39.90000002631,
    10.736876495191));
#2633 = CARTESIAN_POINT('',(6.677574409919,-39.9,11.));
#2634 = PCURVE('',#1487,#2635);
#2635 = DEFINITIONAL_REPRESENTATION('',(#2636),#2688);
#2636 = B_SPLINE_CURVE_WITH_KNOTS('',8,(#2637,#2638,#2639,#2640,#2641,
    #2642,#2643,#2644,#2645,#2646,#2647,#2648,#2649,#2650,#2651,#2652,
    #2653,#2654,#2655,#2656,#2657,#2658,#2659,#2660,#2661,#2662,#2663,
    #2664,#2665,#2666,#2667,#2668,#2669,#2670,#2671,#2672,#2673,#2674,
    #2675,#2676,#2677,#2678,#2679,#2680,#2681,#2682,#2683,#2684,#2685,
    #2686,#2687),.UNSPECIFIED.,.T.,.F.,(9,7,7,7,7,7,7,9),(0.,
    0.153653132746,0.277378499423,0.411684554159,0.567737610864,
    0.698246974761,0.819093768033,1.),.UNSPECIFIED.);
#2637 = CARTESIAN_POINT('',(1.266103672779,13.));
#2638 = CARTESIAN_POINT('',(1.266103676089,12.779031695206));
#2639 = CARTESIAN_POINT('',(1.270083062851,12.558591823883));
#2640 = CARTESIAN_POINT('',(1.278008359472,12.340640763451));
#2641 = CARTESIAN_POINT('',(1.289903305987,12.127250745186));
#2642 = CARTESIAN_POINT('',(1.305820495612,11.920933559641));
#2643 = CARTESIAN_POINT('',(1.325829033271,11.724870176031));
#2644 = CARTESIAN_POINT('',(1.35000156905,11.543249336995));
#2645 = CARTESIAN_POINT('',(1.401238360051,11.252017514366));
#2646 = CARTESIAN_POINT('',(1.427659273078,11.130513133764));
#2647 = CARTESIAN_POINT('',(1.457255161292,11.026509758671));
#2648 = CARTESIAN_POINT('',(1.489393964589,10.946864795879));
#2649 = CARTESIAN_POINT('',(1.523292439308,10.896342697023));
#2650 = CARTESIAN_POINT('',(1.558116160428,10.877727656677));
#2651 = CARTESIAN_POINT('',(1.592988620007,10.891798643094));
#2652 = CARTESIAN_POINT('',(1.664004141928,10.986477239932));
#2653 = CARTESIAN_POINT('',(1.698365932029,11.070491656416));
#2654 = CARTESIAN_POINT('',(1.729747835586,11.182567293859));
#2655 = CARTESIAN_POINT('',(1.757927839574,11.31707404352));
#2656 = CARTESIAN_POINT('',(1.782762403975,11.469067139414));
#2657 = CARTESIAN_POINT('',(1.804175247653,11.634143142278));
#2658 = CARTESIAN_POINT('',(1.822168796239,11.808390660621));
#2659 = CARTESIAN_POINT('',(1.853832192992,12.197377848904));
#2660 = CARTESIAN_POINT('',(1.866532190197,12.416585406974));
#2661 = CARTESIAN_POINT('',(1.874962910752,12.642285884392));
#2662 = CARTESIAN_POINT('',(1.879148250508,12.871580826626));
#2663 = CARTESIAN_POINT('',(1.879099349579,13.101893417751));
#2664 = CARTESIAN_POINT('',(1.87481848406,13.330736737746));
#2665 = CARTESIAN_POINT('',(1.866293267821,13.555499131217));
#2666 = CARTESIAN_POINT('',(1.842762433359,13.955012077156));
#2667 = CARTESIAN_POINT('',(1.829032383873,14.132158247368));
#2668 = CARTESIAN_POINT('',(1.812246312774,14.302701855419));
#2669 = CARTESIAN_POINT('',(1.792353795209,14.464359240257));
#2670 = CARTESIAN_POINT('',(1.769315890706,14.614254735989));
#2671 = CARTESIAN_POINT('',(1.743118303898,14.748794155482));
#2672 = CARTESIAN_POINT('',(1.713792573147,14.863467567844));
#2673 = CARTESIAN_POINT('',(1.651520135622,15.034999678331));
#2674 = CARTESIAN_POINT('',(1.619015837095,15.095472276976));
#2675 = CARTESIAN_POINT('',(1.584858148522,15.127180414366));
#2676 = CARTESIAN_POINT('',(1.550093897077,15.126680706529));
#2677 = CARTESIAN_POINT('',(1.515795666099,15.093595236469));
#2678 = CARTESIAN_POINT('',(1.483024508194,15.030487545556));
#2679 = CARTESIAN_POINT('',(1.45275400454,14.94302519494));
#2680 = CARTESIAN_POINT('',(1.385356027632,14.686381826968));
#2681 = CARTESIAN_POINT('',(1.350863787872,14.492730434832));
#2682 = CARTESIAN_POINT('',(1.322371314923,14.272221604893));
#2683 = CARTESIAN_POINT('',(1.299775631874,14.033562551462));
#2684 = CARTESIAN_POINT('',(1.282945918301,13.783022987456));
#2685 = CARTESIAN_POINT('',(1.271746167351,13.525108266704));
#2686 = CARTESIAN_POINT('',(1.26610367672,13.263123504809));
#2687 = CARTESIAN_POINT('',(1.266103672779,13.));
#2688 = ( GEOMETRIC_REPRESENTATION_CONTEXT(2) 
PARAMETRIC_REPRESENTATION_CONTEXT() REPRESENTATION_CONTEXT('2D SPACE',''
  ) );
#2689 = PCURVE('',#2535,#2690);
#2690 = DEFINITIONAL_REPRESENTATION('',(#2691),#2743);
#2691 = B_SPLINE_CURVE_WITH_KNOTS('',8,(#2692,#2693,#2694,#2695,#2696,
    #2697,#2698,#2699,#2700,#2701,#2702,#2703,#2704,#2705,#2706,#2707,
    #2708,#2709,#2710,#2711,#2712,#2713,#2714,#2715,#2716,#2717,#2718,
    #2719,#2720,#2721,#2722,#2723,#2724,#2725,#2726,#2727,#2728,#2729,
    #2730,#2731,#2732,#2733,#2734,#2735,#2736,#2737,#2738,#2739,#2740,
    #2741,#2742),.UNSPECIFIED.,.F.,.F.,(9,7,7,7,7,7,7,9),(0.,
    0.153653132746,0.277378499423,0.411684554159,0.567737610864,
    0.698246974761,0.819093768033,1.),.UNSPECIFIED.);
#2692 = CARTESIAN_POINT('',(0.,20.677574409919));
#2693 = CARTESIAN_POINT('',(0.105223002283,20.677574416868));
#2694 = CARTESIAN_POINT('',(0.210194058602,20.685930912799));
#2695 = CARTESIAN_POINT('',(0.315756652196,20.702574812381));
#2696 = CARTESIAN_POINT('',(0.422659784791,20.72696116078));
#2697 = CARTESIAN_POINT('',(0.531649945816,20.758042727358));
#2698 = CARTESIAN_POINT('',(0.643510540385,20.794145011337));
#2699 = CARTESIAN_POINT('',(0.759125767888,20.832828073236));
#2700 = CARTESIAN_POINT('',(0.976691818946,20.901413148694));
#2701 = CARTESIAN_POINT('',(1.08047263723,20.932678324596));
#2702 = CARTESIAN_POINT('',(1.188744145498,20.961828568096));
#2703 = CARTESIAN_POINT('',(1.300103588321,20.985625474079));
#2704 = CARTESIAN_POINT('',(1.413588319601,21.001165306947));
#2705 = CARTESIAN_POINT('',(1.528420295306,21.006791499741));
#2706 = CARTESIAN_POINT('',(1.64392201912,21.002330434552));
#2707 = CARTESIAN_POINT('',(1.884527899235,20.97438577266));
#2708 = CARTESIAN_POINT('',(2.004070664637,20.949950134605));
#2709 = CARTESIAN_POINT('',(2.118894705367,20.918498020586));
#2710 = CARTESIAN_POINT('',(2.229621718343,20.883192131624));
#2711 = CARTESIAN_POINT('',(2.336701700025,20.846948773866));
#2712 = CARTESIAN_POINT('',(2.440471785254,20.812184918044));
#2713 = CARTESIAN_POINT('',(2.541164587522,20.780728990672));
#2714 = CARTESIAN_POINT('',(2.752542634316,20.722460613887));
#2715 = CARTESIAN_POINT('',(2.863552789994,20.696854497908));
#2716 = CARTESIAN_POINT('',(2.972863801014,20.678867098278));
#2717 = CARTESIAN_POINT('',(3.081203393722,20.669688532889));
#2718 = CARTESIAN_POINT('',(3.18924659057,20.669848510334));
#2719 = CARTESIAN_POINT('',(3.297662461143,20.679247033082));
#2720 = CARTESIAN_POINT('',(3.407157898771,20.697154013246));
#2721 = CARTESIAN_POINT('',(3.611770795374,20.743098688055));
#2722 = CARTESIAN_POINT('',(3.706426001641,20.769024337396));
#2723 = CARTESIAN_POINT('',(3.80308156982,20.799164595577));
#2724 = CARTESIAN_POINT('',(3.902230221932,20.832369927767));
#2725 = CARTESIAN_POINT('',(4.004399423992,20.867073467605));
#2726 = CARTESIAN_POINT('',(4.110164066899,20.901202773912));
#2727 = CARTESIAN_POINT('',(4.220189633972,20.932186085561));
#2728 = CARTESIAN_POINT('',(4.442076375238,20.980326513299));
#2729 = CARTESIAN_POINT('',(4.553151042739,20.998327431532));
#2730 = CARTESIAN_POINT('',(4.666452943058,21.008310001533));
#2731 = CARTESIAN_POINT('',(4.780498863861,21.008249416291));
#2732 = CARTESIAN_POINT('',(4.89398198293,20.997808570742));
#2733 = CARTESIAN_POINT('',(5.00554069415,20.97867079753));
#2734 = CARTESIAN_POINT('',(5.113449535074,20.953813961745));
#2735 = CARTESIAN_POINT('',(5.367129235252,20.88562859344));
#2736 = CARTESIAN_POINT('',(5.510461984038,20.837808621393));
#2737 = CARTESIAN_POINT('',(5.647294271156,20.789860805149));
#2738 = CARTESIAN_POINT('',(5.77912430642,20.747101575764));
#2739 = CARTESIAN_POINT('',(5.907322822498,20.712940563405));
#2740 = CARTESIAN_POINT('',(6.033133097602,20.689424177084));
#2741 = CARTESIAN_POINT('',(6.157888400128,20.677574418193));
#2742 = CARTESIAN_POINT('',(6.28318530718,20.677574409919));
#2743 = ( GEOMETRIC_REPRESENTATION_CONTEXT(2) 
PARAMETRIC_REPRESENTATION_CONTEXT() REPRESENTATION_CONTEXT('2D SPACE',''
  ) );
#2744 = FACE_BOUND('',#2745,.F.);
#2745 = EDGE_LOOP('',(#2746));
#2746 = ORIENTED_EDGE('',*,*,#2747,.T.);
#2747 = EDGE_CURVE('',#2748,#2748,#2750,.T.);
#2748 = VERTEX_POINT('',#2749);
#2749 = CARTESIAN_POINT('',(-6.677574409919,-39.9,11.));
#2750 = SURFACE_CURVE('',#2751,(#2803,#2858),.PCURVE_S1.);
#2751 = B_SPLINE_CURVE_WITH_KNOTS('',8,(#2752,#2753,#2754,#2755,#2756,
    #2757,#2758,#2759,#2760,#2761,#2762,#2763,#2764,#2765,#2766,#2767,
    #2768,#2769,#2770,#2771,#2772,#2773,#2774,#2775,#2776,#2777,#2778,
    #2779,#2780,#2781,#2782,#2783,#2784,#2785,#2786,#2787,#2788,#2789,
    #2790,#2791,#2792,#2793,#2794,#2795,#2796,#2797,#2798,#2799,#2800,
    #2801,#2802),.UNSPECIFIED.,.T.,.F.,(9,7,7,7,7,7,7,9),(0.,
    0.153653132464,0.277378498914,0.411684553402,0.567737611642,
    0.698246975303,0.819093768358,1.),.UNSPECIFIED.);
#2752 = CARTESIAN_POINT('',(-6.677574409919,-39.9,11.));
#2753 = CARTESIAN_POINT('',(-6.677574416868,-39.90000002209,
    11.220968304794));
#2754 = CARTESIAN_POINT('',(-6.685930912799,-39.9265726923,
    11.441408176117));
#2755 = CARTESIAN_POINT('',(-6.702574812381,-39.97949435733,
    11.659359236549));
#2756 = CARTESIAN_POINT('',(-6.72696116078,-40.05911019198,
    11.872749254814));
#2757 = CARTESIAN_POINT('',(-6.758042727358,-40.16613514155,
    12.079066440359));
#2758 = CARTESIAN_POINT('',(-6.794145011337,-40.30154580266,
    12.275129823969));
#2759 = CARTESIAN_POINT('',(-6.832828073236,-40.46639860053,
    12.456750663005));
#2760 = CARTESIAN_POINT('',(-6.901413148694,-40.81843739992,
    12.747982485634));
#2761 = CARTESIAN_POINT('',(-6.932678324596,-41.00076993897,
    12.869486866236));
#2762 = CARTESIAN_POINT('',(-6.961828568096,-41.2060267819,
    12.973490241329));
#2763 = CARTESIAN_POINT('',(-6.985625474079,-41.43003443742,
    13.053135204122));
#2764 = CARTESIAN_POINT('',(-7.001165306947,-41.6672264689,
    13.103657302977));
#2765 = CARTESIAN_POINT('',(-7.006791499741,-41.91127261692,
    13.122272343323));
#2766 = CARTESIAN_POINT('',(-7.002330434552,-42.15551542696,
    13.108201356906));
#2767 = CARTESIAN_POINT('',(-6.97438577266,-42.65183801278,
    13.013522760068));
#2768 = CARTESIAN_POINT('',(-6.949950134605,-42.89137604782,
    12.929508343584));
#2769 = CARTESIAN_POINT('',(-6.918498020586,-43.10908521533,
    12.817432706141));
#2770 = CARTESIAN_POINT('',(-6.883192131624,-43.30337367803,
    12.68292595648));
#2771 = CARTESIAN_POINT('',(-6.846948773866,-43.47350388256,
    12.530932860586));
#2772 = CARTESIAN_POINT('',(-6.812184918044,-43.61935322256,
    12.365856857722));
#2773 = CARTESIAN_POINT('',(-6.780728990672,-43.74132852962,
    12.191609339379));
#2774 = CARTESIAN_POINT('',(-6.722460613521,-43.95517604736,
    11.802622148656));
#2775 = CARTESIAN_POINT('',(-6.696854498535,-44.04033993002,
    11.583414600637));
#2776 = CARTESIAN_POINT('',(-6.678867098151,-44.09655117592,
    11.357714107149));
#2777 = CARTESIAN_POINT('',(-6.669688532428,-44.12436776938,
    11.128419173435));
#2778 = CARTESIAN_POINT('',(-6.669848510483,-44.12406285475,
    10.898106590704));
#2779 = CARTESIAN_POINT('',(-6.679247033466,-44.0956112499,
    10.669263254508));
#2780 = CARTESIAN_POINT('',(-6.697154012955,-44.03866968083,
    10.444500871314));
#2781 = CARTESIAN_POINT('',(-6.743098688055,-43.88049131466,
    10.044987922845));
#2782 = CARTESIAN_POINT('',(-6.769024337396,-43.78793945505,
    9.867841752631));
#2783 = CARTESIAN_POINT('',(-6.799164595577,-43.6743476159,
    9.697298144581));
#2784 = CARTESIAN_POINT('',(-6.832369927767,-43.53906507818,
    9.535640759743));
#2785 = CARTESIAN_POINT('',(-6.867073467605,-43.38146549588,
    9.385745264011));
#2786 = CARTESIAN_POINT('',(-6.901202773912,-43.20111020035,
    9.251205844518));
#2787 = CARTESIAN_POINT('',(-6.932186085561,-42.99800915349,
    9.136532432156));
#2788 = CARTESIAN_POINT('',(-6.980326513299,-42.56476849691,
    8.965000321669));
#2789 = CARTESIAN_POINT('',(-6.998327431532,-42.3378379609,
    8.904527723024));
#2790 = CARTESIAN_POINT('',(-7.008310001534,-42.0986616486,
    8.872819585633));
#2791 = CARTESIAN_POINT('',(-7.008249416291,-41.85487313566,
    8.873319293472));
#2792 = CARTESIAN_POINT('',(-6.997808570742,-41.6146102375,8.90640476353
    ));
#2793 = CARTESIAN_POINT('',(-6.97867079753,-41.38578703861,
    8.969512454444));
#2794 = CARTESIAN_POINT('',(-6.953813961745,-41.17527553283,
    9.05697480506));
#2795 = CARTESIAN_POINT('',(-6.88562859344,-40.70844297953,
    9.313618173032));
#2796 = CARTESIAN_POINT('',(-6.837808621393,-40.47141976468,
    9.507269565167));
#2797 = CARTESIAN_POINT('',(-6.789860805148,-40.2775723153,
    9.727778395108));
#2798 = CARTESIAN_POINT('',(-6.747101575764,-40.1252229229,
    9.966437448537));
#2799 = CARTESIAN_POINT('',(-6.712940563405,-40.01246474233,
    10.216977012545));
#2800 = CARTESIAN_POINT('',(-6.689424177084,-39.93767830631,
    10.474891733296));
#2801 = CARTESIAN_POINT('',(-6.677574418193,-39.90000002631,
    10.736876495191));
#2802 = CARTESIAN_POINT('',(-6.677574409919,-39.9,11.));
#2803 = PCURVE('',#1487,#2804);
#2804 = DEFINITIONAL_REPRESENTATION('',(#2805),#2857);
#2805 = B_SPLINE_CURVE_WITH_KNOTS('',8,(#2806,#2807,#2808,#2809,#2810,
    #2811,#2812,#2813,#2814,#2815,#2816,#2817,#2818,#2819,#2820,#2821,
    #2822,#2823,#2824,#2825,#2826,#2827,#2828,#2829,#2830,#2831,#2832,
    #2833,#2834,#2835,#2836,#2837,#2838,#2839,#2840,#2841,#2842,#2843,
    #2844,#2845,#2846,#2847,#2848,#2849,#2850,#2851,#2852,#2853,#2854,
    #2855,#2856),.UNSPECIFIED.,.F.,.F.,(9,7,7,7,7,7,7,9),(0.,
    0.153653132464,0.277378498914,0.411684553402,0.567737611642,
    0.698246975303,0.819093768358,1.),.UNSPECIFIED.);
#2806 = CARTESIAN_POINT('',(5.0170816344,13.));
#2807 = CARTESIAN_POINT('',(5.017081631091,12.779031695206));
#2808 = CARTESIAN_POINT('',(5.013102244328,12.558591823883));
#2809 = CARTESIAN_POINT('',(5.005176947708,12.340640763451));
#2810 = CARTESIAN_POINT('',(4.993282001193,12.127250745186));
#2811 = CARTESIAN_POINT('',(4.977364811567,11.920933559641));
#2812 = CARTESIAN_POINT('',(4.957356273909,11.724870176031));
#2813 = CARTESIAN_POINT('',(4.933183738129,11.543249336995));
#2814 = CARTESIAN_POINT('',(4.881946947128,11.252017514366));
#2815 = CARTESIAN_POINT('',(4.855526034101,11.130513133764));
#2816 = CARTESIAN_POINT('',(4.825930145888,11.026509758671));
#2817 = CARTESIAN_POINT('',(4.79379134259,10.946864795879));
#2818 = CARTESIAN_POINT('',(4.759892867872,10.896342697022));
#2819 = CARTESIAN_POINT('',(4.725069146752,10.877727656677));
#2820 = CARTESIAN_POINT('',(4.690196687172,10.891798643094));
#2821 = CARTESIAN_POINT('',(4.619181165252,10.986477239932));
#2822 = CARTESIAN_POINT('',(4.58481937515,11.070491656416));
#2823 = CARTESIAN_POINT('',(4.553437471594,11.182567293859));
#2824 = CARTESIAN_POINT('',(4.525257467605,11.31707404352));
#2825 = CARTESIAN_POINT('',(4.500422903205,11.469067139414));
#2826 = CARTESIAN_POINT('',(4.479010059526,11.634143142278));
#2827 = CARTESIAN_POINT('',(4.461016510941,11.808390660621));
#2828 = CARTESIAN_POINT('',(4.429353113988,12.197377851344));
#2829 = CARTESIAN_POINT('',(4.416653117325,12.416585399363));
#2830 = CARTESIAN_POINT('',(4.40822239635,12.642285892851));
#2831 = CARTESIAN_POINT('',(4.404037056429,12.871580826565));
#2832 = CARTESIAN_POINT('',(4.404085957691,13.101893409297));
#2833 = CARTESIAN_POINT('',(4.408366823309,13.330736745492));
#2834 = CARTESIAN_POINT('',(4.41689203921,13.555499128686));
#2835 = CARTESIAN_POINT('',(4.44042287382,13.955012077155));
#2836 = CARTESIAN_POINT('',(4.454152923306,14.132158247369));
#2837 = CARTESIAN_POINT('',(4.470938994406,14.302701855419));
#2838 = CARTESIAN_POINT('',(4.490831511971,14.464359240257));
#2839 = CARTESIAN_POINT('',(4.513869416474,14.614254735988));
#2840 = CARTESIAN_POINT('',(4.540067003281,14.748794155482));
#2841 = CARTESIAN_POINT('',(4.569392734032,14.863467567844));
#2842 = CARTESIAN_POINT('',(4.631665171558,15.034999678331));
#2843 = CARTESIAN_POINT('',(4.664169470084,15.095472276976));
#2844 = CARTESIAN_POINT('',(4.698327158658,15.127180414367));
#2845 = CARTESIAN_POINT('',(4.733091410102,15.126680706528));
#2846 = CARTESIAN_POINT('',(4.767389641081,15.09359523647));
#2847 = CARTESIAN_POINT('',(4.800160798986,15.030487545556));
#2848 = CARTESIAN_POINT('',(4.83043130264,14.94302519494));
#2849 = CARTESIAN_POINT('',(4.897829279548,14.686381826968));
#2850 = CARTESIAN_POINT('',(4.932321519308,14.492730434833));
#2851 = CARTESIAN_POINT('',(4.960813992257,14.272221604891));
#2852 = CARTESIAN_POINT('',(4.983409675306,14.033562551464));
#2853 = CARTESIAN_POINT('',(5.000239388878,13.783022987454));
#2854 = CARTESIAN_POINT('',(5.011439139828,13.525108266704));
#2855 = CARTESIAN_POINT('',(5.01708163046,13.263123504809));
#2856 = CARTESIAN_POINT('',(5.0170816344,13.));
#2857 = ( GEOMETRIC_REPRESENTATION_CONTEXT(2) 
PARAMETRIC_REPRESENTATION_CONTEXT() REPRESENTATION_CONTEXT('2D SPACE',''
  ) );
#2858 = PCURVE('',#2470,#2859);
#2859 = DEFINITIONAL_REPRESENTATION('',(#2860),#2912);
#2860 = B_SPLINE_CURVE_WITH_KNOTS('',8,(#2861,#2862,#2863,#2864,#2865,
    #2866,#2867,#2868,#2869,#2870,#2871,#2872,#2873,#2874,#2875,#2876,
    #2877,#2878,#2879,#2880,#2881,#2882,#2883,#2884,#2885,#2886,#2887,
    #2888,#2889,#2890,#2891,#2892,#2893,#2894,#2895,#2896,#2897,#2898,
    #2899,#2900,#2901,#2902,#2903,#2904,#2905,#2906,#2907,#2908,#2909,
    #2910,#2911),.UNSPECIFIED.,.F.,.F.,(9,7,7,7,7,7,7,9),(0.,
    0.153653132464,0.277378498914,0.411684553402,0.567737611642,
    0.698246975303,0.819093768358,1.),.UNSPECIFIED.);
#2861 = CARTESIAN_POINT('',(0.,7.322425590081));
#2862 = CARTESIAN_POINT('',(0.105223002283,7.322425583132));
#2863 = CARTESIAN_POINT('',(0.210194058602,7.314069087201));
#2864 = CARTESIAN_POINT('',(0.315756652196,7.297425187619));
#2865 = CARTESIAN_POINT('',(0.422659784791,7.27303883922));
#2866 = CARTESIAN_POINT('',(0.531649945816,7.241957272642));
#2867 = CARTESIAN_POINT('',(0.643510540385,7.205854988663));
#2868 = CARTESIAN_POINT('',(0.759125767888,7.167171926764));
#2869 = CARTESIAN_POINT('',(0.976691818946,7.098586851306));
#2870 = CARTESIAN_POINT('',(1.08047263723,7.067321675404));
#2871 = CARTESIAN_POINT('',(1.188744145497,7.038171431904));
#2872 = CARTESIAN_POINT('',(1.300103588322,7.014374525921));
#2873 = CARTESIAN_POINT('',(1.4135883196,6.998834693053));
#2874 = CARTESIAN_POINT('',(1.528420295306,6.993208500259));
#2875 = CARTESIAN_POINT('',(1.64392201912,6.997669565448));
#2876 = CARTESIAN_POINT('',(1.884527899235,7.02561422734));
#2877 = CARTESIAN_POINT('',(2.004070664637,7.050049865395));
#2878 = CARTESIAN_POINT('',(2.118894705367,7.081501979414));
#2879 = CARTESIAN_POINT('',(2.229621718343,7.116807868376));
#2880 = CARTESIAN_POINT('',(2.336701700025,7.153051226134));
#2881 = CARTESIAN_POINT('',(2.440471785254,7.187815081956));
#2882 = CARTESIAN_POINT('',(2.541164587522,7.219271009328));
#2883 = CARTESIAN_POINT('',(2.752542635642,7.277539386479));
#2884 = CARTESIAN_POINT('',(2.863552785985,7.303145501465));
#2885 = CARTESIAN_POINT('',(2.972863805366,7.321132901849));
#2886 = CARTESIAN_POINT('',(3.081203393744,7.330311467572));
#2887 = CARTESIAN_POINT('',(3.189246586218,7.330151489517));
#2888 = CARTESIAN_POINT('',(3.297662465105,7.320752966534));
#2889 = CARTESIAN_POINT('',(3.407157897475,7.302845987045));
#2890 = CARTESIAN_POINT('',(3.611770795374,7.256901311945));
#2891 = CARTESIAN_POINT('',(3.706426001641,7.230975662604));
#2892 = CARTESIAN_POINT('',(3.803081569821,7.200835404423));
#2893 = CARTESIAN_POINT('',(3.902230221932,7.167630072233));
#2894 = CARTESIAN_POINT('',(4.004399423992,7.132926532395));
#2895 = CARTESIAN_POINT('',(4.110164066899,7.098797226088));
#2896 = CARTESIAN_POINT('',(4.220189633972,7.067813914439));
#2897 = CARTESIAN_POINT('',(4.442076375238,7.019673486701));
#2898 = CARTESIAN_POINT('',(4.553151042738,7.001672568468));
#2899 = CARTESIAN_POINT('',(4.666452943061,6.991689998466));
#2900 = CARTESIAN_POINT('',(4.780498863857,6.991750583709));
#2901 = CARTESIAN_POINT('',(4.893981982933,7.002191429258));
#2902 = CARTESIAN_POINT('',(5.005540694149,7.02132920247));
#2903 = CARTESIAN_POINT('',(5.113449535074,7.046186038255));
#2904 = CARTESIAN_POINT('',(5.367129235252,7.11437140656));
#2905 = CARTESIAN_POINT('',(5.510461984036,7.162191378607));
#2906 = CARTESIAN_POINT('',(5.64729427116,7.210139194852));
#2907 = CARTESIAN_POINT('',(5.779124306416,7.252898424236));
#2908 = CARTESIAN_POINT('',(5.9073228225,7.287059436595));
#2909 = CARTESIAN_POINT('',(6.033133097601,7.310575822916));
#2910 = CARTESIAN_POINT('',(6.157888400128,7.322425581807));
#2911 = CARTESIAN_POINT('',(6.28318530718,7.322425590081));
#2912 = ( GEOMETRIC_REPRESENTATION_CONTEXT(2) 
PARAMETRIC_REPRESENTATION_CONTEXT() REPRESENTATION_CONTEXT('2D SPACE',''
  ) );
#2913 = ADVANCED_FACE('',(#2914),#1991,.F.);
#2914 = FACE_BOUND('',#2915,.F.);
#2915 = EDGE_LOOP('',(#2916,#2917,#2938,#2939));
#2916 = ORIENTED_EDGE('',*,*,#2297,.F.);
#2917 = ORIENTED_EDGE('',*,*,#2918,.F.);
#2918 = EDGE_CURVE('',#1880,#2298,#2919,.T.);
#2919 = SEAM_CURVE('',#2920,(#2924,#2931),.PCURVE_S1.);
#2920 = LINE('',#2921,#2922);
#2921 = CARTESIAN_POINT('',(-14.,44.1,11.));
#2922 = VECTOR('',#2923,1.);
#2923 = DIRECTION('',(1.,0.,0.));
#2924 = PCURVE('',#1991,#2925);
#2925 = DEFINITIONAL_REPRESENTATION('',(#2926),#2930);
#2926 = LINE('',#2927,#2928);
#2927 = CARTESIAN_POINT('',(6.28318530718,-0.));
#2928 = VECTOR('',#2929,1.);
#2929 = DIRECTION('',(0.,1.));
#2930 = ( GEOMETRIC_REPRESENTATION_CONTEXT(2) 
PARAMETRIC_REPRESENTATION_CONTEXT() REPRESENTATION_CONTEXT('2D SPACE',''
  ) );
#2931 = PCURVE('',#1991,#2932);
#2932 = DEFINITIONAL_REPRESENTATION('',(#2933),#2937);
#2933 = LINE('',#2934,#2935);
#2934 = CARTESIAN_POINT('',(0.,-0.));
#2935 = VECTOR('',#2936,1.);
#2936 = DIRECTION('',(0.,1.));
#2937 = ( GEOMETRIC_REPRESENTATION_CONTEXT(2) 
PARAMETRIC_REPRESENTATION_CONTEXT() REPRESENTATION_CONTEXT('2D SPACE',''
  ) );
#2938 = ORIENTED_EDGE('',*,*,#1879,.T.);
#2939 = ORIENTED_EDGE('',*,*,#2918,.T.);
#2940 = ADVANCED_FACE('',(#2941),#2165,.F.);
#2941 = FACE_BOUND('',#2942,.F.);
#2942 = EDGE_LOOP('',(#2943,#2944,#2965,#2966));
#2943 = ORIENTED_EDGE('',*,*,#2053,.F.);
#2944 = ORIENTED_EDGE('',*,*,#2945,.F.);
#2945 = EDGE_CURVE('',#2376,#2054,#2946,.T.);
#2946 = SEAM_CURVE('',#2947,(#2951,#2958),.PCURVE_S1.);
#2947 = LINE('',#2948,#2949);
#2948 = CARTESIAN_POINT('',(-14.,44.1,11.));
#2949 = VECTOR('',#2950,1.);
#2950 = DIRECTION('',(1.,0.,0.));
#2951 = PCURVE('',#2165,#2952);
#2952 = DEFINITIONAL_REPRESENTATION('',(#2953),#2957);
#2953 = LINE('',#2954,#2955);
#2954 = CARTESIAN_POINT('',(6.28318530718,-0.));
#2955 = VECTOR('',#2956,1.);
#2956 = DIRECTION('',(0.,1.));
#2957 = ( GEOMETRIC_REPRESENTATION_CONTEXT(2) 
PARAMETRIC_REPRESENTATION_CONTEXT() REPRESENTATION_CONTEXT('2D SPACE',''
  ) );
#2958 = PCURVE('',#2165,#2959);
#2959 = DEFINITIONAL_REPRESENTATION('',(#2960),#2964);
#2960 = LINE('',#2961,#2962);
#2961 = CARTESIAN_POINT('',(0.,-0.));
#2962 = VECTOR('',#2963,1.);
#2963 = DIRECTION('',(0.,1.));
#2964 = ( GEOMETRIC_REPRESENTATION_CONTEXT(2) 
PARAMETRIC_REPRESENTATION_CONTEXT() REPRESENTATION_CONTEXT('2D SPACE',''
  ) );
#2965 = ORIENTED_EDGE('',*,*,#2375,.T.);
#2966 = ORIENTED_EDGE('',*,*,#2945,.T.);
#2967 = ADVANCED_FACE('',(#2968),#2470,.F.);
#2968 = FACE_BOUND('',#2969,.F.);
#2969 = EDGE_LOOP('',(#2970,#2971,#2992,#2993));
#2970 = ORIENTED_EDGE('',*,*,#2747,.F.);
#2971 = ORIENTED_EDGE('',*,*,#2972,.F.);
#2972 = EDGE_CURVE('',#2454,#2748,#2973,.T.);
#2973 = SEAM_CURVE('',#2974,(#2978,#2985),.PCURVE_S1.);
#2974 = LINE('',#2975,#2976);
#2975 = CARTESIAN_POINT('',(-14.,-39.9,11.));
#2976 = VECTOR('',#2977,1.);
#2977 = DIRECTION('',(1.,0.,0.));
#2978 = PCURVE('',#2470,#2979);
#2979 = DEFINITIONAL_REPRESENTATION('',(#2980),#2984);
#2980 = LINE('',#2981,#2982);
#2981 = CARTESIAN_POINT('',(6.28318530718,-0.));
#2982 = VECTOR('',#2983,1.);
#2983 = DIRECTION('',(0.,1.));
#2984 = ( GEOMETRIC_REPRESENTATION_CONTEXT(2) 
PARAMETRIC_REPRESENTATION_CONTEXT() REPRESENTATION_CONTEXT('2D SPACE',''
  ) );
#2985 = PCURVE('',#2470,#2986);
#2986 = DEFINITIONAL_REPRESENTATION('',(#2987),#2991);
#2987 = LINE('',#2988,#2989);
#2988 = CARTESIAN_POINT('',(0.,-0.));
#2989 = VECTOR('',#2990,1.);
#2990 = DIRECTION('',(0.,1.));
#2991 = ( GEOMETRIC_REPRESENTATION_CONTEXT(2) 
PARAMETRIC_REPRESENTATION_CONTEXT() REPRESENTATION_CONTEXT('2D SPACE',''
  ) );
#2992 = ORIENTED_EDGE('',*,*,#2453,.T.);
#2993 = ORIENTED_EDGE('',*,*,#2972,.T.);
#2994 = ADVANCED_FACE('',(#2995),#2535,.F.);
#2995 = FACE_BOUND('',#2996,.F.);
#2996 = EDGE_LOOP('',(#2997,#2998,#3019,#3020));
#2997 = ORIENTED_EDGE('',*,*,#2518,.F.);
#2998 = ORIENTED_EDGE('',*,*,#2999,.F.);
#2999 = EDGE_CURVE('',#2579,#2519,#3000,.T.);
#3000 = SEAM_CURVE('',#3001,(#3005,#3012),.PCURVE_S1.);
#3001 = LINE('',#3002,#3003);
#3002 = CARTESIAN_POINT('',(-14.,-39.9,11.));
#3003 = VECTOR('',#3004,1.);
#3004 = DIRECTION('',(1.,0.,0.));
#3005 = PCURVE('',#2535,#3006);
#3006 = DEFINITIONAL_REPRESENTATION('',(#3007),#3011);
#3007 = LINE('',#3008,#3009);
#3008 = CARTESIAN_POINT('',(6.28318530718,-0.));
#3009 = VECTOR('',#3010,1.);
#3010 = DIRECTION('',(0.,1.));
#3011 = ( GEOMETRIC_REPRESENTATION_CONTEXT(2) 
PARAMETRIC_REPRESENTATION_CONTEXT() REPRESENTATION_CONTEXT('2D SPACE',''
  ) );
#3012 = PCURVE('',#2535,#3013);
#3013 = DEFINITIONAL_REPRESENTATION('',(#3014),#3018);
#3014 = LINE('',#3015,#3016);
#3015 = CARTESIAN_POINT('',(0.,-0.));
#3016 = VECTOR('',#3017,1.);
#3017 = DIRECTION('',(0.,1.));
#3018 = ( GEOMETRIC_REPRESENTATION_CONTEXT(2) 
PARAMETRIC_REPRESENTATION_CONTEXT() REPRESENTATION_CONTEXT('2D SPACE',''
  ) );
#3019 = ORIENTED_EDGE('',*,*,#2578,.T.);
#3020 = ORIENTED_EDGE('',*,*,#2999,.T.);
#3021 = ( GEOMETRIC_REPRESENTATION_CONTEXT(3) 
GLOBAL_UNCERTAINTY_ASSIGNED_CONTEXT((#3025)) 
GLOBAL_UNIT_ASSIGNED_CONTEXT((#3022,#3023,#3024)) REPRESENTATION_CONTEXT
('Context #1','3D Context with UNIT and UNCERTAINTY') );
#3022 = ( LENGTH_UNIT() NAMED_UNIT(*) SI_UNIT(.MILLI.,.METRE.) );
#3023 = ( NAMED_UNIT(*) PLANE_ANGLE_UNIT() SI_UNIT($,.RADIAN.) );
#3024 = ( NAMED_UNIT(*) SI_UNIT($,.STERADIAN.) SOLID_ANGLE_UNIT() );
#3025 = UNCERTAINTY_MEASURE_WITH_UNIT(LENGTH_MEASURE(5.E-07),#3022,
  'distance_accuracy_value','confusion accuracy');
#3026 = PRODUCT_RELATED_PRODUCT_CATEGORY('part',$,(#7));
ENDSEC;
END-ISO-10303-21;
