ISO-10303-21;
HEADER;
FILE_DESCRIPTION(('FreeCAD Model'),'2;1');
FILE_NAME('Open CASCADE Shape Model','2026-10-05T13:32:19',('FreeCAD'),(
    'FreeCAD'),'Open CASCADE STEP processor 7.5','FreeCAD','Unknown');
FILE_SCHEMA(('AUTOMOTIVE_DESIGN { 1 0 10303 214 1 1 1 1 }'));
ENDSEC;
DATA;
#1 = APPLICATION_PROTOCOL_DEFINITION('international standard',
  'automotive_design',2000,#2);
#2 = APPLICATION_CONTEXT(
  'core data for automotive mechanical design processes');
#3 = SHAPE_DEFINITION_REPRESENTATION(#4,#10);
#4 = PRODUCT_DEFINITION_SHAPE('','',#5);
#5 = PRODUCT_DEFINITION('design','',#6,#9);
#6 = PRODUCT_DEFINITION_FORMATION('','',#7);
#7 = PRODUCT('Open CASCADE STEP translator 7.5 2',
  'Open CASCADE STEP translator 7.5 2','',(#8));
#8 = PRODUCT_CONTEXT('',#2,'mechanical');
#9 = PRODUCT_DEFINITION_CONTEXT('part definition',#2,'design');
#10 = ADVANCED_BREP_SHAPE_REPRESENTATION('',(#11,#15),#3921);
#11 = AXIS2_PLACEMENT_3D('',#12,#13,#14);
#12 = CARTESIAN_POINT('',(0.,0.,0.));
#13 = DIRECTION('',(0.,0.,1.));
#14 = DIRECTION('',(1.,0.,-0.));
#15 = MANIFOLD_SOLID_BREP('',#16);
#16 = CLOSED_SHELL('',(#17,#596,#1070,#1142,#1337,#1864,#1938,#2133,
    #2160,#2235,#2690,#2764,#2771,#2830,#3054,#3278,#3472,#3650,#3681,
    #3710,#3739,#3774,#3809,#3864,#3914));
#17 = ADVANCED_FACE('',(#18),#33,.T.);
#18 = FACE_BOUND('',#19,.T.);
#19 = EDGE_LOOP('',(#20,#56,#82,#305,#326,#359,#385,#485,#577));
#20 = ORIENTED_EDGE('',*,*,#21,.F.);
#21 = EDGE_CURVE('',#22,#24,#26,.T.);
#22 = VERTEX_POINT('',#23);
#23 = CARTESIAN_POINT('',(10.999999999999,44.665422868255,5.));
#24 = VERTEX_POINT('',#25);
#25 = CARTESIAN_POINT('',(11.,-44.66542286825,5.));
#26 = SURFACE_CURVE('',#27,(#32,#44),.PCURVE_S1.);
#27 = CIRCLE('',#28,46.);
#28 = AXIS2_PLACEMENT_3D('',#29,#30,#31);
#29 = CARTESIAN_POINT('',(0.,1.868875424786E-15,5.));
#30 = DIRECTION('',(0.,1.110223024625E-16,-1.));
#31 = DIRECTION('',(0.,1.,1.110223024625E-16));
#32 = PCURVE('',#33,#38);
#33 = CYLINDRICAL_SURFACE('',#34,46.);
#34 = AXIS2_PLACEMENT_3D('',#35,#36,#37);
#35 = CARTESIAN_POINT('',(0.,9.251858538543E-17,21.));
#36 = DIRECTION('',(0.,1.110223024625E-16,-1.));
#37 = DIRECTION('',(0.,1.,1.110223024625E-16));
#38 = DEFINITIONAL_REPRESENTATION('',(#39),#43);
#39 = LINE('',#40,#41);
#40 = CARTESIAN_POINT('',(0.,16.));
#41 = VECTOR('',#42,1.);
#42 = DIRECTION('',(1.,0.));
#43 = ( GEOMETRIC_REPRESENTATION_CONTEXT(2) 
PARAMETRIC_REPRESENTATION_CONTEXT() REPRESENTATION_CONTEXT('2D SPACE',''
  ) );
#44 = PCURVE('',#45,#50);
#45 = PLANE('',#46);
#46 = AXIS2_PLACEMENT_3D('',#47,#48,#49);
#47 = CARTESIAN_POINT('',(-4.048808709013E-15,1.415924700888E-13,5.));
#48 = DIRECTION('',(-1.610796683404E-31,1.110223024625E-16,-1.));
#49 = DIRECTION('',(1.,1.788343565905E-47,-1.610796683404E-31));
#50 = DEFINITIONAL_REPRESENTATION('',(#51),#55);
#51 = CIRCLE('',#52,46.);
#52 = AXIS2_PLACEMENT_2D('',#53,#54);
#53 = CARTESIAN_POINT('',(4.048808709013E-15,1.39723594664E-13));
#54 = DIRECTION('',(0.,-1.));
#55 = ( GEOMETRIC_REPRESENTATION_CONTEXT(2) 
PARAMETRIC_REPRESENTATION_CONTEXT() REPRESENTATION_CONTEXT('2D SPACE',''
  ) );
#56 = ORIENTED_EDGE('',*,*,#57,.F.);
#57 = EDGE_CURVE('',#58,#22,#60,.T.);
#58 = VERTEX_POINT('',#59);
#59 = CARTESIAN_POINT('',(11.,44.665422868255,9.378610509649));
#60 = SURFACE_CURVE('',#61,(#65,#71),.PCURVE_S1.);
#61 = LINE('',#62,#63);
#62 = CARTESIAN_POINT('',(11.,44.665422868255,21.));
#63 = VECTOR('',#64,1.);
#64 = DIRECTION('',(0.,1.110223024625E-16,-1.));
#65 = PCURVE('',#33,#66);
#66 = DEFINITIONAL_REPRESENTATION('',(#67),#70);
#67 = B_SPLINE_CURVE_WITH_KNOTS('',1,(#68,#69),.UNSPECIFIED.,.F.,.F.,(2,
    2),(-5.999999928008E-07,16.0000006),.PIECEWISE_BEZIER_KNOTS.);
#68 = CARTESIAN_POINT('',(0.241470204815,-5.999999928008E-07));
#69 = CARTESIAN_POINT('',(0.241470204815,16.0000006));
#70 = ( GEOMETRIC_REPRESENTATION_CONTEXT(2) 
PARAMETRIC_REPRESENTATION_CONTEXT() REPRESENTATION_CONTEXT('2D SPACE',''
  ) );
#71 = PCURVE('',#72,#77);
#72 = PLANE('',#73);
#73 = AXIS2_PLACEMENT_3D('',#74,#75,#76);
#74 = CARTESIAN_POINT('',(11.,37.,21.));
#75 = DIRECTION('',(1.,0.,0.));
#76 = DIRECTION('',(0.,1.,1.110223024625E-16));
#77 = DEFINITIONAL_REPRESENTATION('',(#78),#81);
#78 = B_SPLINE_CURVE_WITH_KNOTS('',1,(#79,#80),.UNSPECIFIED.,.F.,.F.,(2,
    2),(-5.999999928008E-07,16.0000006),.PIECEWISE_BEZIER_KNOTS.);
#79 = CARTESIAN_POINT('',(7.665422868255,5.999999928008E-07));
#80 = CARTESIAN_POINT('',(7.665422868255,-16.0000006));
#81 = ( GEOMETRIC_REPRESENTATION_CONTEXT(2) 
PARAMETRIC_REPRESENTATION_CONTEXT() REPRESENTATION_CONTEXT('2D SPACE',''
  ) );
#82 = ORIENTED_EDGE('',*,*,#83,.F.);
#83 = EDGE_CURVE('',#84,#58,#86,.T.);
#84 = VERTEX_POINT('',#85);
#85 = CARTESIAN_POINT('',(11.,44.665422868255,12.621389490351));
#86 = SURFACE_CURVE('',#87,(#156,#228),.PCURVE_S1.);
#87 = B_SPLINE_CURVE_WITH_KNOTS('',7,(#88,#89,#90,#91,#92,#93,#94,#95,
    #96,#97,#98,#99,#100,#101,#102,#103,#104,#105,#106,#107,#108,#109,
    #110,#111,#112,#113,#114,#115,#116,#117,#118,#119,#120,#121,#122,
    #123,#124,#125,#126,#127,#128,#129,#130,#131,#132,#133,#134,#135,
    #136,#137,#138,#139,#140,#141,#142,#143,#144,#145,#146,#147,#148,
    #149,#150,#151,#152,#153,#154,#155),.UNSPECIFIED.,.F.,.F.,(8,6,6,6,6
    ,6,6,6,6,6,6,8),(0.,0.269932848022,0.408321453455,0.447051282403,
    0.465291954275,0.499459931606,0.532832315214,0.550998112369,
    0.588444319956,0.652404436198,0.841560594673,1.),.UNSPECIFIED.);
#88 = CARTESIAN_POINT('',(10.999999999999,44.665422868255,
    12.621389490352));
#89 = CARTESIAN_POINT('',(11.262606126719,44.60074940927,12.568156309857
    ));
#90 = CARTESIAN_POINT('',(11.519165623642,44.535654778339,
    12.509528039733));
#91 = CARTESIAN_POINT('',(11.773711408071,44.469290806735,
    12.443990474046));
#92 = CARTESIAN_POINT('',(12.027777285626,44.401252770885,
    12.369702346305));
#93 = CARTESIAN_POINT('',(12.280305656148,44.331771205608,
    12.284528485055));
#94 = CARTESIAN_POINT('',(12.527370574253,44.261997984265,
    12.186132582331));
#95 = CARTESIAN_POINT('',(12.881806164334,44.159650172302,
    12.013769379482));
#96 = CARTESIAN_POINT('',(12.9982621622,44.125609008981,11.951418541415)
  );
#97 = CARTESIAN_POINT('',(13.111909628744,44.092011417352,
    11.883978717534));
#98 = CARTESIAN_POINT('',(13.222407555378,44.058977315306,
    11.810263687062));
#99 = CARTESIAN_POINT('',(13.328130095807,44.027027078685,
    11.729127950821));
#100 = CARTESIAN_POINT('',(13.426078184468,43.997141543258,
    11.639547290252));
#101 = CARTESIAN_POINT('',(13.535771873191,43.963433777038,
    11.513047263364));
#102 = CARTESIAN_POINT('',(13.558847859138,43.956326005051,
    11.48460495455));
#103 = CARTESIAN_POINT('',(13.580895113775,43.949519974933,
    11.45537382629));
#104 = CARTESIAN_POINT('',(13.601788808561,43.943056674023,
    11.425348095218));
#105 = CARTESIAN_POINT('',(13.621397692951,43.936979314953,
    11.394523995381));
#106 = CARTESIAN_POINT('',(13.6395840944,43.931333335645,11.36289977824)
  );
#107 = CARTESIAN_POINT('',(13.664031393039,43.923732916059,
    11.315204879905));
#108 = CARTESIAN_POINT('',(13.671509547163,43.921406244874,
    11.299760189482));
#109 = CARTESIAN_POINT('',(13.678620471962,43.919192248361,
    11.28414793865));
#110 = CARTESIAN_POINT('',(13.685347047552,43.917096538491,
    11.268374466897));
#111 = CARTESIAN_POINT('',(13.691672942929,43.915124476612,
    11.25244615595));
#112 = CARTESIAN_POINT('',(13.697582615975,43.913281173441,
    11.236369429772));
#113 = CARTESIAN_POINT('',(13.713323874645,43.908368950412,
    11.189770331594));
#114 = CARTESIAN_POINT('',(13.7220827076,43.905632515483,11.158866764511
    ));
#115 = CARTESIAN_POINT('',(13.729216294918,43.90340192711,
    11.127540282468));
#116 = CARTESIAN_POINT('',(13.734632247659,43.901707416813,
    11.095890834966));
#117 = CARTESIAN_POINT('',(13.738267305347,43.900569704806,
    11.06401809186));
#118 = CARTESIAN_POINT('',(13.740087335967,43.9,11.032021443352));
#119 = CARTESIAN_POINT('',(13.740087335967,43.9,10.968724168806));
#120 = CARTESIAN_POINT('',(13.738351072349,43.900543479331,
    10.937470516745));
#121 = CARTESIAN_POINT('',(13.734882921846,43.901628953075,
    10.906332130559));
#122 = CARTESIAN_POINT('',(13.72971400747,43.903246201405,
    10.875402343987));
#123 = CARTESIAN_POINT('',(13.722902198518,43.90537626958,
    10.844774737765));
#124 = CARTESIAN_POINT('',(13.714532110566,43.907991467947,
    10.814543139622));
#125 = CARTESIAN_POINT('',(13.699371354028,43.912723165862,
    10.768612240246));
#126 = CARTESIAN_POINT('',(13.693596734648,43.914524605332,
    10.752561578228));
#127 = CARTESIAN_POINT('',(13.687405700756,43.916454929426,
    10.736656295209));
#128 = CARTESIAN_POINT('',(13.680813529664,43.918509114926,
    10.72090300946));
#129 = CARTESIAN_POINT('',(13.673836322571,43.920681876322,
    10.70530830055));
#130 = CARTESIAN_POINT('',(13.666491004566,43.922967665813,
    10.689878709345));
#131 = CARTESIAN_POINT('',(13.642931774781,43.930293517957,
    10.64316859984));
#132 = CARTESIAN_POINT('',(13.625586831985,43.935679728994,
    10.612460265791));
#133 = CARTESIAN_POINT('',(13.606891272669,43.941476052776,
    10.582497763748));
#134 = CARTESIAN_POINT('',(13.586970834628,43.947640996676,
    10.553281370834));
#135 = CARTESIAN_POINT('',(13.565946217015,43.954134829088,
    10.524809613412));
#136 = CARTESIAN_POINT('',(13.543933080346,43.960919579423,
    10.497079267083));
#137 = CARTESIAN_POINT('',(13.481942941934,43.979982808335,
    10.423978320537));
#138 = CARTESIAN_POINT('',(13.440234457779,43.99276466049,
    10.379962702266));
#139 = CARTESIAN_POINT('',(13.396374318982,44.00615303774,
    10.337928465551));
#140 = CARTESIAN_POINT('',(13.350735837961,44.020024851504,
    10.297756200692));
#141 = CARTESIAN_POINT('',(13.303607926713,44.034284802135,
    10.259317534924));
#142 = CARTESIAN_POINT('',(13.255195108933,44.048864699592,
    10.222475542742));
#143 = CARTESIAN_POINT('',(13.058996410607,44.107664201919,
    10.082421344529));
#144 = CARTESIAN_POINT('',(12.900787888852,44.15445840596,9.989455742263
    ));
#145 = CARTESIAN_POINT('',(12.736398227839,44.202308639974,9.90678680022
    ));
#146 = CARTESIAN_POINT('',(12.569039250376,44.250204167912,
    9.832855124959));
#147 = CARTESIAN_POINT('',(12.399967124392,44.297775377665,9.76608967281
    ));
#148 = CARTESIAN_POINT('',(12.228647410319,44.345161706061,
    9.705006274209));
#149 = CARTESIAN_POINT('',(11.905593372177,44.432872158851,9.60072588083
    ));
#150 = CARTESIAN_POINT('',(11.756708950429,44.472683039607,
    9.556723291543));
#151 = CARTESIAN_POINT('',(11.606739539825,44.512154462884,
    9.515912534579));
#152 = CARTESIAN_POINT('',(11.456033709451,44.551183271053,
    9.477978101601));
#153 = CARTESIAN_POINT('',(11.304741429769,44.589725586537,
    9.442626813412));
#154 = CARTESIAN_POINT('',(11.152813337415,44.627788684951,
    9.409587471512));
#155 = CARTESIAN_POINT('',(10.999999999999,44.665422868255,
    9.378610509648));
#156 = PCURVE('',#33,#157);
#157 = DEFINITIONAL_REPRESENTATION('',(#158),#227);
#158 = B_SPLINE_CURVE_WITH_KNOTS('',7,(#159,#160,#161,#162,#163,#164,
    #165,#166,#167,#168,#169,#170,#171,#172,#173,#174,#175,#176,#177,
    #178,#179,#180,#181,#182,#183,#184,#185,#186,#187,#188,#189,#190,
    #191,#192,#193,#194,#195,#196,#197,#198,#199,#200,#201,#202,#203,
    #204,#205,#206,#207,#208,#209,#210,#211,#212,#213,#214,#215,#216,
    #217,#218,#219,#220,#221,#222,#223,#224,#225,#226),.UNSPECIFIED.,.F.
  ,.F.,(8,6,6,6,6,6,6,6,6,6,6,8),(0.,0.269932848022,0.408321453455,
    0.447051282403,0.465291954275,0.499459931606,0.532832315214,
    0.550998112369,0.588444319956,0.652404436198,0.841560594673,1.),
  .UNSPECIFIED.);
#159 = CARTESIAN_POINT('',(0.241470204815,8.378610509648));
#160 = CARTESIAN_POINT('',(0.247349610177,8.431843690143));
#161 = CARTESIAN_POINT('',(0.253103570008,8.490471960267));
#162 = CARTESIAN_POINT('',(0.258821955046,8.556009525954));
#163 = CARTESIAN_POINT('',(0.264539510871,8.630297653695));
#164 = CARTESIAN_POINT('',(0.27023305498,8.715471514945));
#165 = CARTESIAN_POINT('',(0.275814006897,8.813867417669));
#166 = CARTESIAN_POINT('',(0.283833939006,8.986230620518));
#167 = CARTESIAN_POINT('',(0.286471518751,9.048581458585));
#168 = CARTESIAN_POINT('',(0.289047796596,9.116021282466));
#169 = CARTESIAN_POINT('',(0.291554953961,9.189736312938));
#170 = CARTESIAN_POINT('',(0.293955915145,9.270872049179));
#171 = CARTESIAN_POINT('',(0.296182126685,9.360452709748));
#172 = CARTESIAN_POINT('',(0.298676820378,9.486952736636));
#173 = CARTESIAN_POINT('',(0.29920172981,9.51539504545));
#174 = CARTESIAN_POINT('',(0.299703335533,9.54462617371));
#175 = CARTESIAN_POINT('',(0.300178782033,9.574651904782));
#176 = CARTESIAN_POINT('',(0.300625066039,9.605476004619));
#177 = CARTESIAN_POINT('',(0.301039036521,9.63710022176));
#178 = CARTESIAN_POINT('',(0.301595590863,9.684795120095));
#179 = CARTESIAN_POINT('',(0.301765846127,9.700239810518));
#180 = CARTESIAN_POINT('',(0.301927750888,9.71585206135));
#181 = CARTESIAN_POINT('',(0.302080913539,9.731625533103));
#182 = CARTESIAN_POINT('',(0.302224960466,9.74755384405));
#183 = CARTESIAN_POINT('',(0.302359536046,9.763630570228));
#184 = CARTESIAN_POINT('',(0.302718012369,9.810229668406));
#185 = CARTESIAN_POINT('',(0.302917498036,9.841133235489));
#186 = CARTESIAN_POINT('',(0.303079980529,9.872459717532));
#187 = CARTESIAN_POINT('',(0.3032033468,9.904109165034));
#188 = CARTESIAN_POINT('',(0.303286149868,9.93598190814));
#189 = CARTESIAN_POINT('',(0.303327608823,9.967978556648));
#190 = CARTESIAN_POINT('',(0.303327608823,10.031275831194));
#191 = CARTESIAN_POINT('',(0.30328805805,10.062529483255));
#192 = CARTESIAN_POINT('',(0.303209056959,10.093667869441));
#193 = CARTESIAN_POINT('',(0.303091317611,10.124597656013));
#194 = CARTESIAN_POINT('',(0.302936163674,10.155225262235));
#195 = CARTESIAN_POINT('',(0.302745530424,10.185456860378));
#196 = CARTESIAN_POINT('',(0.302400269842,10.231387759754));
#197 = CARTESIAN_POINT('',(0.302268768024,10.247438421772));
#198 = CARTESIAN_POINT('',(0.302127790056,10.263343704791));
#199 = CARTESIAN_POINT('',(0.301977685501,10.27909699054));
#200 = CARTESIAN_POINT('',(0.301818822713,10.29469169945));
#201 = CARTESIAN_POINT('',(0.30165158884,10.310121290655));
#202 = CARTESIAN_POINT('',(0.301115241968,10.35683140016));
#203 = CARTESIAN_POINT('',(0.300720415871,10.387539734209));
#204 = CARTESIAN_POINT('',(0.300294905405,10.417502236252));
#205 = CARTESIAN_POINT('',(0.299841588411,10.446718629166));
#206 = CARTESIAN_POINT('',(0.299363226691,10.475190386588));
#207 = CARTESIAN_POINT('',(0.298862466017,10.502920732917));
#208 = CARTESIAN_POINT('',(0.297452572545,10.576021679463));
#209 = CARTESIAN_POINT('',(0.296504245101,10.620037297734));
#210 = CARTESIAN_POINT('',(0.295507332037,10.662071534449));
#211 = CARTESIAN_POINT('',(0.294470375038,10.702243799308));
#212 = CARTESIAN_POINT('',(0.293399983938,10.740682465076));
#213 = CARTESIAN_POINT('',(0.292300841433,10.777524457258));
#214 = CARTESIAN_POINT('',(0.287848228582,10.917578655471));
#215 = CARTESIAN_POINT('',(0.284261648567,11.010544257737));
#216 = CARTESIAN_POINT('',(0.280539702674,11.09321319978));
#217 = CARTESIAN_POINT('',(0.276755475055,11.167144875041));
#218 = CARTESIAN_POINT('',(0.272937336193,11.23391032719));
#219 = CARTESIAN_POINT('',(0.269073197052,11.294993725791));
#220 = CARTESIAN_POINT('',(0.261796040264,11.39927411917));
#221 = CARTESIAN_POINT('',(0.258445736111,11.443276708457));
#222 = CARTESIAN_POINT('',(0.255074541961,11.484087465421));
#223 = CARTESIAN_POINT('',(0.251690295375,11.522021898399));
#224 = CARTESIAN_POINT('',(0.24829632766,11.557373186588));
#225 = CARTESIAN_POINT('',(0.244891494206,11.590412528488));
#226 = CARTESIAN_POINT('',(0.241470204815,11.621389490352));
#227 = ( GEOMETRIC_REPRESENTATION_CONTEXT(2) 
PARAMETRIC_REPRESENTATION_CONTEXT() REPRESENTATION_CONTEXT('2D SPACE',''
  ) );
#228 = PCURVE('',#229,#234);
#229 = CYLINDRICAL_SURFACE('',#230,2.1);
#230 = AXIS2_PLACEMENT_3D('',#231,#232,#233);
#231 = CARTESIAN_POINT('',(-14.,46.,11.));
#232 = DIRECTION('',(1.,0.,0.));
#233 = DIRECTION('',(0.,1.,1.110223024625E-16));
#234 = DEFINITIONAL_REPRESENTATION('',(#235),#304);
#235 = B_SPLINE_CURVE_WITH_KNOTS('',7,(#236,#237,#238,#239,#240,#241,
    #242,#243,#244,#245,#246,#247,#248,#249,#250,#251,#252,#253,#254,
    #255,#256,#257,#258,#259,#260,#261,#262,#263,#264,#265,#266,#267,
    #268,#269,#270,#271,#272,#273,#274,#275,#276,#277,#278,#279,#280,
    #281,#282,#283,#284,#285,#286,#287,#288,#289,#290,#291,#292,#293,
    #294,#295,#296,#297,#298,#299,#300,#301,#302,#303),.UNSPECIFIED.,.F.
  ,.F.,(8,6,6,6,6,6,6,6,6,6,6,8),(0.,0.269932848022,0.408321453455,
    0.447051282403,0.465291954275,0.499459931606,0.532832315214,
    0.550998112369,0.588444319956,0.652404436198,0.841560594673,1.),
  .UNSPECIFIED.);
#236 = CARTESIAN_POINT('',(2.259468991687,24.999999999999));
#237 = CARTESIAN_POINT('',(2.299356667887,25.262606126719));
#238 = CARTESIAN_POINT('',(2.341031825988,25.519165623642));
#239 = CARTESIAN_POINT('',(2.38536858706,25.773711408071));
#240 = CARTESIAN_POINT('',(2.433217171073,26.027777285626));
#241 = CARTESIAN_POINT('',(2.485394343801,26.280305656148));
#242 = CARTESIAN_POINT('',(2.542646013739,26.527370574253));
#243 = CARTESIAN_POINT('',(2.638103081423,26.881806164334));
#244 = CARTESIAN_POINT('',(2.671908890399,26.9982621622));
#245 = CARTESIAN_POINT('',(2.707745247241,27.111909628744));
#246 = CARTESIAN_POINT('',(2.746148029253,27.222407555378));
#247 = CARTESIAN_POINT('',(2.787587092761,27.328130095807));
#248 = CARTESIAN_POINT('',(2.832470680639,27.426078184468));
#249 = CARTESIAN_POINT('',(2.894810671382,27.535771873191));
#250 = CARTESIAN_POINT('',(2.908769522859,27.558847859138));
#251 = CARTESIAN_POINT('',(2.923058385805,27.580895113775));
#252 = CARTESIAN_POINT('',(2.937679963891,27.601788808561));
#253 = CARTESIAN_POINT('',(2.95263685067,27.621397692951));
#254 = CARTESIAN_POINT('',(2.967931529579,27.6395840944));
#255 = CARTESIAN_POINT('',(2.990929950629,27.664031393039));
#256 = CARTESIAN_POINT('',(2.998367278926,27.671509547163));
#257 = CARTESIAN_POINT('',(3.005875614852,27.678620471962));
#258 = CARTESIAN_POINT('',(3.013452266646,27.685347047552));
#259 = CARTESIAN_POINT('',(3.021094594761,27.691672942929));
#260 = CARTESIAN_POINT('',(3.028800011865,27.697582615975));
#261 = CARTESIAN_POINT('',(3.051113008424,27.713323874645));
#262 = CARTESIAN_POINT('',(3.065884319862,27.7220827076));
#263 = CARTESIAN_POINT('',(3.080835945594,27.729216294918));
#264 = CARTESIAN_POINT('',(3.09592467101,27.734632247659));
#265 = CARTESIAN_POINT('',(3.111108038456,27.738267305347));
#266 = CARTESIAN_POINT('',(3.126344347231,27.740087335967));
#267 = CARTESIAN_POINT('',(3.156485906539,27.740087335967));
#268 = CARTESIAN_POINT('',(3.17136842679,27.738351072349));
#269 = CARTESIAN_POINT('',(3.186201697047,27.734882921846));
#270 = CARTESIAN_POINT('',(3.200946524127,27.72971400747));
#271 = CARTESIAN_POINT('',(3.215563038957,27.722902198518));
#272 = CARTESIAN_POINT('',(3.230010696577,27.714532110566));
#273 = CARTESIAN_POINT('',(3.251998306377,27.699371354028));
#274 = CARTESIAN_POINT('',(3.259689145829,27.693596734648));
#275 = CARTESIAN_POINT('',(3.267318174175,27.687405700756));
#276 = CARTESIAN_POINT('',(3.274882717939,27.680813529664));
#277 = CARTESIAN_POINT('',(3.282380050484,27.673836322571));
#278 = CARTESIAN_POINT('',(3.289807392012,27.666491004566));
#279 = CARTESIAN_POINT('',(3.312322201648,27.642931774781));
#280 = CARTESIAN_POINT('',(3.327166085687,27.625586831985));
#281 = CARTESIAN_POINT('',(3.341694970321,27.606891272669));
#282 = CARTESIAN_POINT('',(3.355910322367,27.586970834628));
#283 = CARTESIAN_POINT('',(3.369813666817,27.565946217015));
#284 = CARTESIAN_POINT('',(3.383406586839,27.543933080346));
#285 = CARTESIAN_POINT('',(3.419380736926,27.481942941934));
#286 = CARTESIAN_POINT('',(3.441198195555,27.440234457779));
#287 = CARTESIAN_POINT('',(3.462194524558,27.396374318982));
#288 = CARTESIAN_POINT('',(3.482422625871,27.350735837961));
#289 = CARTESIAN_POINT('',(3.501938341194,27.303607926713));
#290 = CARTESIAN_POINT('',(3.520801914726,27.255195108933));
#291 = CARTESIAN_POINT('',(3.593133602082,27.058996410607));
#292 = CARTESIAN_POINT('',(3.642577677703,26.900787888852));
#293 = CARTESIAN_POINT('',(3.687951891317,26.736398227839));
#294 = CARTESIAN_POINT('',(3.729819339186,26.569039250376));
#295 = CARTESIAN_POINT('',(3.768802484912,26.399967124392));
#296 = CARTESIAN_POINT('',(3.805587757059,26.228647410319));
#297 = CARTESIAN_POINT('',(3.870474758039,25.905593372177));
#298 = CARTESIAN_POINT('',(3.898713234669,25.756708950429));
#299 = CARTESIAN_POINT('',(3.925726218421,25.606739539825));
#300 = CARTESIAN_POINT('',(3.951623071461,25.456033709451));
#301 = CARTESIAN_POINT('',(3.976512531097,25.304741429769));
#302 = CARTESIAN_POINT('',(4.000505246513,25.152813337415));
#303 = CARTESIAN_POINT('',(4.023716315493,24.999999999999));
#304 = ( GEOMETRIC_REPRESENTATION_CONTEXT(2) 
PARAMETRIC_REPRESENTATION_CONTEXT() REPRESENTATION_CONTEXT('2D SPACE',''
  ) );
#305 = ORIENTED_EDGE('',*,*,#306,.F.);
#306 = EDGE_CURVE('',#307,#84,#309,.T.);
#307 = VERTEX_POINT('',#308);
#308 = CARTESIAN_POINT('',(10.999999999999,44.665422868255,21.));
#309 = SURFACE_CURVE('',#310,(#314,#320),.PCURVE_S1.);
#310 = LINE('',#311,#312);
#311 = CARTESIAN_POINT('',(11.,44.665422868255,21.));
#312 = VECTOR('',#313,1.);
#313 = DIRECTION('',(0.,1.110223024625E-16,-1.));
#314 = PCURVE('',#33,#315);
#315 = DEFINITIONAL_REPRESENTATION('',(#316),#319);
#316 = B_SPLINE_CURVE_WITH_KNOTS('',1,(#317,#318),.UNSPECIFIED.,.F.,.F.,
  (2,2),(-5.999999928008E-07,16.0000006),.PIECEWISE_BEZIER_KNOTS.);
#317 = CARTESIAN_POINT('',(0.241470204815,-5.999999928008E-07));
#318 = CARTESIAN_POINT('',(0.241470204815,16.0000006));
#319 = ( GEOMETRIC_REPRESENTATION_CONTEXT(2) 
PARAMETRIC_REPRESENTATION_CONTEXT() REPRESENTATION_CONTEXT('2D SPACE',''
  ) );
#320 = PCURVE('',#72,#321);
#321 = DEFINITIONAL_REPRESENTATION('',(#322),#325);
#322 = B_SPLINE_CURVE_WITH_KNOTS('',1,(#323,#324),.UNSPECIFIED.,.F.,.F.,
  (2,2),(-5.999999928008E-07,16.0000006),.PIECEWISE_BEZIER_KNOTS.);
#323 = CARTESIAN_POINT('',(7.665422868255,5.999999928008E-07));
#324 = CARTESIAN_POINT('',(7.665422868255,-16.0000006));
#325 = ( GEOMETRIC_REPRESENTATION_CONTEXT(2) 
PARAMETRIC_REPRESENTATION_CONTEXT() REPRESENTATION_CONTEXT('2D SPACE',''
  ) );
#326 = ORIENTED_EDGE('',*,*,#327,.T.);
#327 = EDGE_CURVE('',#307,#328,#330,.T.);
#328 = VERTEX_POINT('',#329);
#329 = CARTESIAN_POINT('',(11.,-44.66542286825,21.));
#330 = SURFACE_CURVE('',#331,(#336,#343),.PCURVE_S1.);
#331 = CIRCLE('',#332,46.);
#332 = AXIS2_PLACEMENT_3D('',#333,#334,#335);
#333 = CARTESIAN_POINT('',(0.,9.251858538543E-17,21.));
#334 = DIRECTION('',(0.,1.110223024625E-16,-1.));
#335 = DIRECTION('',(0.,1.,1.110223024625E-16));
#336 = PCURVE('',#33,#337);
#337 = DEFINITIONAL_REPRESENTATION('',(#338),#342);
#338 = LINE('',#339,#340);
#339 = CARTESIAN_POINT('',(0.,0.));
#340 = VECTOR('',#341,1.);
#341 = DIRECTION('',(1.,0.));
#342 = ( GEOMETRIC_REPRESENTATION_CONTEXT(2) 
PARAMETRIC_REPRESENTATION_CONTEXT() REPRESENTATION_CONTEXT('2D SPACE',''
  ) );
#343 = PCURVE('',#344,#349);
#344 = PLANE('',#345);
#345 = AXIS2_PLACEMENT_3D('',#346,#347,#348);
#346 = CARTESIAN_POINT('',(-7.938840605908E-16,1.372756842555E-13,21.));
#347 = DIRECTION('',(-0.,-1.110223024625E-16,1.));
#348 = DIRECTION('',(0.,-1.,-1.110223024625E-16));
#349 = DEFINITIONAL_REPRESENTATION('',(#350),#358);
#350 = ( BOUNDED_CURVE() B_SPLINE_CURVE(2,(#351,#352,#353,#354,#355,#356
,#357),.UNSPECIFIED.,.T.,.F.) B_SPLINE_CURVE_WITH_KNOTS((1,2,2,2,2,1),(
    -2.094395102393,0.,2.094395102393,4.188790204786,6.28318530718,
8.377580409573),.UNSPECIFIED.) CURVE() GEOMETRIC_REPRESENTATION_ITEM() 
RATIONAL_B_SPLINE_CURVE((1.,0.5,1.,0.5,1.,0.5,1.)) REPRESENTATION_ITEM(
  '') );
#351 = CARTESIAN_POINT('',(-46.,7.938840605908E-16));
#352 = CARTESIAN_POINT('',(-46.,79.674337148168));
#353 = CARTESIAN_POINT('',(23.,39.837168574084));
#354 = CARTESIAN_POINT('',(92.,1.206063461275E-14));
#355 = CARTESIAN_POINT('',(23.,-39.83716857408));
#356 = CARTESIAN_POINT('',(-46.,-79.67433714816));
#357 = CARTESIAN_POINT('',(-46.,7.938840605908E-16));
#358 = ( GEOMETRIC_REPRESENTATION_CONTEXT(2) 
PARAMETRIC_REPRESENTATION_CONTEXT() REPRESENTATION_CONTEXT('2D SPACE',''
  ) );
#359 = ORIENTED_EDGE('',*,*,#360,.T.);
#360 = EDGE_CURVE('',#328,#361,#363,.T.);
#361 = VERTEX_POINT('',#362);
#362 = CARTESIAN_POINT('',(11.,-44.66542286825,12.621389490351));
#363 = SURFACE_CURVE('',#364,(#368,#374),.PCURVE_S1.);
#364 = LINE('',#365,#366);
#365 = CARTESIAN_POINT('',(11.,-44.66542286825,21.));
#366 = VECTOR('',#367,1.);
#367 = DIRECTION('',(0.,1.110223024625E-16,-1.));
#368 = PCURVE('',#33,#369);
#369 = DEFINITIONAL_REPRESENTATION('',(#370),#373);
#370 = B_SPLINE_CURVE_WITH_KNOTS('',1,(#371,#372),.UNSPECIFIED.,.F.,.F.,
  (2,2),(-5.999999928008E-07,16.0000006),.PIECEWISE_BEZIER_KNOTS.);
#371 = CARTESIAN_POINT('',(2.900122448775,-5.999999928008E-07));
#372 = CARTESIAN_POINT('',(2.900122448775,16.0000006));
#373 = ( GEOMETRIC_REPRESENTATION_CONTEXT(2) 
PARAMETRIC_REPRESENTATION_CONTEXT() REPRESENTATION_CONTEXT('2D SPACE',''
  ) );
#374 = PCURVE('',#375,#380);
#375 = PLANE('',#376);
#376 = AXIS2_PLACEMENT_3D('',#377,#378,#379);
#377 = CARTESIAN_POINT('',(11.,-64.,21.));
#378 = DIRECTION('',(1.,0.,0.));
#379 = DIRECTION('',(0.,1.,1.110223024625E-16));
#380 = DEFINITIONAL_REPRESENTATION('',(#381),#384);
#381 = B_SPLINE_CURVE_WITH_KNOTS('',1,(#382,#383),.UNSPECIFIED.,.F.,.F.,
  (2,2),(-5.999999928008E-07,16.0000006),.PIECEWISE_BEZIER_KNOTS.);
#382 = CARTESIAN_POINT('',(19.334577131745,5.999999928008E-07));
#383 = CARTESIAN_POINT('',(19.334577131745,-16.0000006));
#384 = ( GEOMETRIC_REPRESENTATION_CONTEXT(2) 
PARAMETRIC_REPRESENTATION_CONTEXT() REPRESENTATION_CONTEXT('2D SPACE',''
  ) );
#385 = ORIENTED_EDGE('',*,*,#386,.F.);
#386 = EDGE_CURVE('',#387,#361,#389,.T.);
#387 = VERTEX_POINT('',#388);
#388 = CARTESIAN_POINT('',(13.740087335967,-43.9,11.));
#389 = SURFACE_CURVE('',#390,(#418,#449),.PCURVE_S1.);
#390 = B_SPLINE_CURVE_WITH_KNOTS('',6,(#391,#392,#393,#394,#395,#396,
    #397,#398,#399,#400,#401,#402,#403,#404,#405,#406,#407,#408,#409,
    #410,#411,#412,#413,#414,#415,#416,#417),.UNSPECIFIED.,.F.,.F.,(7,5,
    5,5,5,7),(0.,0.102791210562,0.177617429989,0.305424451336,
    0.683401779697,1.),.UNSPECIFIED.);
#391 = CARTESIAN_POINT('',(13.740087335967,-43.9,11.));
#392 = CARTESIAN_POINT('',(13.740087317939,-43.90000000564,
    11.056424473476));
#393 = CARTESIAN_POINT('',(13.73427486244,-43.90181911564,
    11.112620232045));
#394 = CARTESIAN_POINT('',(13.722737721696,-43.90543039375,
    11.168101964834));
#395 = CARTESIAN_POINT('',(13.705839367245,-43.91071264727,
    11.222382093129));
#396 = CARTESIAN_POINT('',(13.684219627388,-43.91745486804,
    11.274971333678));
#397 = CARTESIAN_POINT('',(13.640287862294,-43.93111565484,
    11.36207339843));
#398 = CARTESIAN_POINT('',(13.619706418608,-43.93750535901,
    11.397726263338));
#399 = CARTESIAN_POINT('',(13.597279893284,-43.94445407924,
    11.432334242517));
#400 = CARTESIAN_POINT('',(13.573225400827,-43.95189022681,
    11.465897849741));
#401 = CARTESIAN_POINT('',(13.547748270536,-43.95974633081,
    11.498421726763));
#402 = CARTESIAN_POINT('',(13.475426445814,-43.98198676348,
    11.583706160362));
#403 = CARTESIAN_POINT('',(13.42615766793,-43.99707581772,
    11.634569751429));
#404 = CARTESIAN_POINT('',(13.37403678063,-44.0129609609,11.682697900488
    ));
#405 = CARTESIAN_POINT('',(13.319667872193,-44.029443385,11.728305030292
    ));
#406 = CARTESIAN_POINT('',(13.263458065497,-44.04638834405,
    11.771626040161));
#407 = CARTESIAN_POINT('',(13.034559557021,-44.11498777155,
    11.935022624086));
#408 = CARTESIAN_POINT('',(12.847279221584,-44.17024665972,
    12.040752911197));
#409 = CARTESIAN_POINT('',(12.65323748253,-44.22635512516,
    12.132558416218));
#410 = CARTESIAN_POINT('',(12.456774940837,-44.28200289157,
    12.213260153473));
#411 = CARTESIAN_POINT('',(12.257947583278,-44.33720659288,
    12.285535761483));
#412 = CARTESIAN_POINT('',(11.881051205446,-44.43953545446,
    12.407196220426));
#413 = CARTESIAN_POINT('',(11.706972048422,-44.48594207366,
    12.45770890367));
#414 = CARTESIAN_POINT('',(11.531565158378,-44.5318137548,
    12.503871386735));
#415 = CARTESIAN_POINT('',(11.355325110883,-44.57700929272,
    12.546222580619));
#416 = CARTESIAN_POINT('',(11.178282226985,-44.62151632106,
    12.58524970151));
#417 = CARTESIAN_POINT('',(11.,-44.66542286825,12.621389490352));
#418 = PCURVE('',#33,#419);
#419 = DEFINITIONAL_REPRESENTATION('',(#420),#448);
#420 = B_SPLINE_CURVE_WITH_KNOTS('',6,(#421,#422,#423,#424,#425,#426,
    #427,#428,#429,#430,#431,#432,#433,#434,#435,#436,#437,#438,#439,
    #440,#441,#442,#443,#444,#445,#446,#447),.UNSPECIFIED.,.F.,.F.,(7,5,
    5,5,5,7),(0.,0.102791210562,0.177617429989,0.305424451336,
    0.683401779697,1.),.UNSPECIFIED.);
#421 = CARTESIAN_POINT('',(2.838265044766,10.));
#422 = CARTESIAN_POINT('',(2.838265045177,9.943575526524));
#423 = CARTESIAN_POINT('',(2.838397446653,9.887379767955));
#424 = CARTESIAN_POINT('',(2.838660253733,9.831898035166));
#425 = CARTESIAN_POINT('',(2.839045138564,9.777617906871));
#426 = CARTESIAN_POINT('',(2.839537456844,9.725028666322));
#427 = CARTESIAN_POINT('',(2.840537602646,9.63792660157));
#428 = CARTESIAN_POINT('',(2.841006091776,9.602273736662));
#429 = CARTESIAN_POINT('',(2.841516490944,9.567665757483));
#430 = CARTESIAN_POINT('',(2.842063831333,9.534102150259));
#431 = CARTESIAN_POINT('',(2.842643415517,9.501578273237));
#432 = CARTESIAN_POINT('',(2.844288291157,9.416293839638));
#433 = CARTESIAN_POINT('',(2.8454084553,9.365430248571));
#434 = CARTESIAN_POINT('',(2.846592971847,9.317302099512));
#435 = CARTESIAN_POINT('',(2.847828021783,9.271694969708));
#436 = CARTESIAN_POINT('',(2.849104289269,9.228373959839));
#437 = CARTESIAN_POINT('',(2.854299004877,9.064977375914));
#438 = CARTESIAN_POINT('',(2.858543805081,8.959247088803));
#439 = CARTESIAN_POINT('',(2.862934810292,8.867441583782));
#440 = CARTESIAN_POINT('',(2.867373669525,8.786739846527));
#441 = CARTESIAN_POINT('',(2.871859437076,8.714464238517));
#442 = CARTESIAN_POINT('',(2.880349453328,8.592803779574));
#443 = CARTESIAN_POINT('',(2.88426590314,8.54229109633));
#444 = CARTESIAN_POINT('',(2.888207267995,8.496128613265));
#445 = CARTESIAN_POINT('',(2.892162478507,8.453777419381));
#446 = CARTESIAN_POINT('',(2.896130944485,8.41475029849));
#447 = CARTESIAN_POINT('',(2.900122448775,8.378610509649));
#448 = ( GEOMETRIC_REPRESENTATION_CONTEXT(2) 
PARAMETRIC_REPRESENTATION_CONTEXT() REPRESENTATION_CONTEXT('2D SPACE',''
  ) );
#449 = PCURVE('',#450,#455);
#450 = CYLINDRICAL_SURFACE('',#451,2.1);
#451 = AXIS2_PLACEMENT_3D('',#452,#453,#454);
#452 = CARTESIAN_POINT('',(-14.,-46.,11.));
#453 = DIRECTION('',(1.,0.,0.));
#454 = DIRECTION('',(0.,1.,1.110223024625E-16));
#455 = DEFINITIONAL_REPRESENTATION('',(#456),#484);
#456 = B_SPLINE_CURVE_WITH_KNOTS('',6,(#457,#458,#459,#460,#461,#462,
    #463,#464,#465,#466,#467,#468,#469,#470,#471,#472,#473,#474,#475,
    #476,#477,#478,#479,#480,#481,#482,#483),.UNSPECIFIED.,.F.,.F.,(7,5,
    5,5,5,7),(0.,0.102791210562,0.177617429989,0.305424451336,
    0.683401779697,1.),.UNSPECIFIED.);
#457 = CARTESIAN_POINT('',(0.,27.740087335967));
#458 = CARTESIAN_POINT('',(2.686879689331E-02,27.740087317939));
#459 = CARTESIAN_POINT('',(5.362863423921E-02,27.73427486244));
#460 = CARTESIAN_POINT('',(8.008354397446E-02,27.722737721696));
#461 = CARTESIAN_POINT('',(0.106034481487,27.705839367245));
#462 = CARTESIAN_POINT('',(0.131272055168,27.684219627388));
#463 = CARTESIAN_POINT('',(0.173256251472,27.640287862294));
#464 = CARTESIAN_POINT('',(0.190500301962,27.619706418608));
#465 = CARTESIAN_POINT('',(0.207303840809,27.597279893284));
#466 = CARTESIAN_POINT('',(0.223669457981,27.573225400827));
#467 = CARTESIAN_POINT('',(0.239599900049,27.547748270536));
#468 = CARTESIAN_POINT('',(0.28156973983,27.475426445814));
#469 = CARTESIAN_POINT('',(0.306819862011,27.42615766793));
#470 = CARTESIAN_POINT('',(0.330938391941,27.37403678063));
#471 = CARTESIAN_POINT('',(0.354018762723,27.319667872194));
#472 = CARTESIAN_POINT('',(0.376162994286,27.263458065497));
#473 = CARTESIAN_POINT('',(0.460549972857,27.034559557021));
#474 = CARTESIAN_POINT('',(0.517159044616,26.847279221584));
#475 = CARTESIAN_POINT('',(0.568259382561,26.65323748253));
#476 = CARTESIAN_POINT('',(0.614849756311,26.456774940837));
#477 = CARTESIAN_POINT('',(0.658110018849,26.257947583278));
#478 = CARTESIAN_POINT('',(0.733811519992,25.881051205446));
#479 = CARTESIAN_POINT('',(0.766444205514,25.706972048422));
#480 = CARTESIAN_POINT('',(0.79740058432,25.531565158378));
#481 = CARTESIAN_POINT('',(0.82687019594,25.355325110883));
#482 = CARTESIAN_POINT('',(0.855044081426,25.178282226985));
#483 = CARTESIAN_POINT('',(0.882123661903,25.));
#484 = ( GEOMETRIC_REPRESENTATION_CONTEXT(2) 
PARAMETRIC_REPRESENTATION_CONTEXT() REPRESENTATION_CONTEXT('2D SPACE',''
  ) );
#485 = ORIENTED_EDGE('',*,*,#486,.F.);
#486 = EDGE_CURVE('',#487,#387,#489,.T.);
#487 = VERTEX_POINT('',#488);
#488 = CARTESIAN_POINT('',(11.,-44.66542286825,9.378610509649));
#489 = SURFACE_CURVE('',#490,(#517,#547),.PCURVE_S1.);
#490 = B_SPLINE_CURVE_WITH_KNOTS('',7,(#491,#492,#493,#494,#495,#496,
    #497,#498,#499,#500,#501,#502,#503,#504,#505,#506,#507,#508,#509,
    #510,#511,#512,#513,#514,#515,#516),.UNSPECIFIED.,.F.,.F.,(8,6,6,6,8
    ),(0.,0.54056188953,0.81769602341,0.895255570865,1.),.UNSPECIFIED.);
#491 = CARTESIAN_POINT('',(11.,-44.66542286825,9.378610509649));
#492 = CARTESIAN_POINT('',(11.26260612672,-44.60074940927,9.431843690143
    ));
#493 = CARTESIAN_POINT('',(11.519165623643,-44.53565477833,
    9.490471960267));
#494 = CARTESIAN_POINT('',(11.773711408072,-44.46929080673,
    9.556009525954));
#495 = CARTESIAN_POINT('',(12.027777285626,-44.40125277088,
    9.630297653695));
#496 = CARTESIAN_POINT('',(12.280305656149,-44.3317712056,9.715471514945
    ));
#497 = CARTESIAN_POINT('',(12.527370574253,-44.26199798426,
    9.813867417669));
#498 = CARTESIAN_POINT('',(12.881806164334,-44.1596501723,9.986230620518
    ));
#499 = CARTESIAN_POINT('',(12.9982621622,-44.12560900898,10.048581458585
    ));
#500 = CARTESIAN_POINT('',(13.111909628744,-44.09201141735,
    10.116021282466));
#501 = CARTESIAN_POINT('',(13.222407555378,-44.0589773153,
    10.189736312938));
#502 = CARTESIAN_POINT('',(13.328130095807,-44.02702707868,
    10.270872049179));
#503 = CARTESIAN_POINT('',(13.426078184469,-43.99714154325,
    10.360452709749));
#504 = CARTESIAN_POINT('',(13.535771873213,-43.96343377703,
    10.486952736661));
#505 = CARTESIAN_POINT('',(13.558847859144,-43.95632600505,
    10.51539504545));
#506 = CARTESIAN_POINT('',(13.580895113762,-43.94951997493,
    10.544626173688));
#507 = CARTESIAN_POINT('',(13.601788808545,-43.94305667402,
    10.574651904762));
#508 = CARTESIAN_POINT('',(13.62139769295,-43.93697931495,
    10.605476004624));
#509 = CARTESIAN_POINT('',(13.639584094415,-43.93133333564,
    10.637100221789));
#510 = CARTESIAN_POINT('',(13.678649046374,-43.91918843446,
    10.713313096664));
#511 = CARTESIAN_POINT('',(13.698322237199,-43.91305748997,
    10.758726741541));
#512 = CARTESIAN_POINT('',(13.714669292323,-43.9079526449,
    10.805474157717));
#513 = CARTESIAN_POINT('',(13.727261137016,-43.90401449936,
    10.853264744238));
#514 = CARTESIAN_POINT('',(13.73579362119,-43.9013437899,10.901808531738
    ));
#515 = CARTESIAN_POINT('',(13.740087320253,-43.90000000491,
    10.950816350749));
#516 = CARTESIAN_POINT('',(13.740087335967,-43.9,11.));
#517 = PCURVE('',#33,#518);
#518 = DEFINITIONAL_REPRESENTATION('',(#519),#546);
#519 = B_SPLINE_CURVE_WITH_KNOTS('',7,(#520,#521,#522,#523,#524,#525,
    #526,#527,#528,#529,#530,#531,#532,#533,#534,#535,#536,#537,#538,
    #539,#540,#541,#542,#543,#544,#545),.UNSPECIFIED.,.F.,.F.,(8,6,6,6,8
    ),(0.,0.54056188953,0.81769602341,0.895255570865,1.),.UNSPECIFIED.);
#520 = CARTESIAN_POINT('',(2.900122448775,11.621389490351));
#521 = CARTESIAN_POINT('',(2.894243043413,11.568156309857));
#522 = CARTESIAN_POINT('',(2.888489083582,11.509528039733));
#523 = CARTESIAN_POINT('',(2.882770698544,11.443990474046));
#524 = CARTESIAN_POINT('',(2.877053142718,11.369702346305));
#525 = CARTESIAN_POINT('',(2.87135959861,11.284528485055));
#526 = CARTESIAN_POINT('',(2.865778646693,11.186132582331));
#527 = CARTESIAN_POINT('',(2.857758714584,11.013769379482));
#528 = CARTESIAN_POINT('',(2.855121134839,10.951418541415));
#529 = CARTESIAN_POINT('',(2.852544856993,10.883978717534));
#530 = CARTESIAN_POINT('',(2.850037699629,10.810263687062));
#531 = CARTESIAN_POINT('',(2.847636738445,10.729127950821));
#532 = CARTESIAN_POINT('',(2.845410526904,10.639547290251));
#533 = CARTESIAN_POINT('',(2.842915833211,10.513047263339));
#534 = CARTESIAN_POINT('',(2.842390923779,10.48460495455));
#535 = CARTESIAN_POINT('',(2.841889318057,10.455373826312));
#536 = CARTESIAN_POINT('',(2.841413871557,10.425348095238));
#537 = CARTESIAN_POINT('',(2.840967587551,10.394523995376));
#538 = CARTESIAN_POINT('',(2.840553617068,10.362899778211));
#539 = CARTESIAN_POINT('',(2.839664284919,10.286686903336));
#540 = CARTESIAN_POINT('',(2.839216320232,10.241273258459));
#541 = CARTESIAN_POINT('',(2.838844024982,10.194525842283));
#542 = CARTESIAN_POINT('',(2.83855721382,10.146735255762));
#543 = CARTESIAN_POINT('',(2.838362850942,10.098191468262));
#544 = CARTESIAN_POINT('',(2.838265045124,10.049183649251));
#545 = CARTESIAN_POINT('',(2.838265044766,10.));
#546 = ( GEOMETRIC_REPRESENTATION_CONTEXT(2) 
PARAMETRIC_REPRESENTATION_CONTEXT() REPRESENTATION_CONTEXT('2D SPACE',''
  ) );
#547 = PCURVE('',#450,#548);
#548 = DEFINITIONAL_REPRESENTATION('',(#549),#576);
#549 = B_SPLINE_CURVE_WITH_KNOTS('',7,(#550,#551,#552,#553,#554,#555,
    #556,#557,#558,#559,#560,#561,#562,#563,#564,#565,#566,#567,#568,
    #569,#570,#571,#572,#573,#574,#575),.UNSPECIFIED.,.F.,.F.,(8,6,6,6,8
    ),(0.,0.54056188953,0.81769602341,0.895255570865,1.),.UNSPECIFIED.);
#550 = CARTESIAN_POINT('',(5.401061645277,25.));
#551 = CARTESIAN_POINT('',(5.440949321477,25.26260612672));
#552 = CARTESIAN_POINT('',(5.482624479578,25.519165623643));
#553 = CARTESIAN_POINT('',(5.52696124065,25.773711408072));
#554 = CARTESIAN_POINT('',(5.574809824663,26.027777285626));
#555 = CARTESIAN_POINT('',(5.626986997391,26.280305656149));
#556 = CARTESIAN_POINT('',(5.684238667328,26.527370574253));
#557 = CARTESIAN_POINT('',(5.779695735013,26.881806164334));
#558 = CARTESIAN_POINT('',(5.813501543988,26.9982621622));
#559 = CARTESIAN_POINT('',(5.849337900831,27.111909628744));
#560 = CARTESIAN_POINT('',(5.887740682843,27.222407555378));
#561 = CARTESIAN_POINT('',(5.929179746351,27.328130095807));
#562 = CARTESIAN_POINT('',(5.974063334229,27.426078184469));
#563 = CARTESIAN_POINT('',(6.036403324984,27.535771873213));
#564 = CARTESIAN_POINT('',(6.050362176449,27.558847859144));
#565 = CARTESIAN_POINT('',(6.064651039384,27.580895113762));
#566 = CARTESIAN_POINT('',(6.079272617471,27.601788808545));
#567 = CARTESIAN_POINT('',(6.094229504262,27.62139769295));
#568 = CARTESIAN_POINT('',(6.109524183183,27.639584094415));
#569 = CARTESIAN_POINT('',(6.146273937285,27.678649046374));
#570 = CARTESIAN_POINT('',(6.168089501906,27.698322237199));
#571 = CARTESIAN_POINT('',(6.190470648023,27.714669292323));
#572 = CARTESIAN_POINT('',(6.213290368179,27.727261137016));
#573 = CARTESIAN_POINT('',(6.236427502743,27.73579362119));
#574 = CARTESIAN_POINT('',(6.259764521822,27.740087320253));
#575 = CARTESIAN_POINT('',(6.28318530718,27.740087335967));
#576 = ( GEOMETRIC_REPRESENTATION_CONTEXT(2) 
PARAMETRIC_REPRESENTATION_CONTEXT() REPRESENTATION_CONTEXT('2D SPACE',''
  ) );
#577 = ORIENTED_EDGE('',*,*,#578,.T.);
#578 = EDGE_CURVE('',#487,#24,#579,.T.);
#579 = SURFACE_CURVE('',#580,(#584,#590),.PCURVE_S1.);
#580 = LINE('',#581,#582);
#581 = CARTESIAN_POINT('',(11.,-44.66542286825,21.));
#582 = VECTOR('',#583,1.);
#583 = DIRECTION('',(0.,1.110223024625E-16,-1.));
#584 = PCURVE('',#33,#585);
#585 = DEFINITIONAL_REPRESENTATION('',(#586),#589);
#586 = B_SPLINE_CURVE_WITH_KNOTS('',1,(#587,#588),.UNSPECIFIED.,.F.,.F.,
  (2,2),(-5.999999928008E-07,16.0000006),.PIECEWISE_BEZIER_KNOTS.);
#587 = CARTESIAN_POINT('',(2.900122448775,-5.999999928008E-07));
#588 = CARTESIAN_POINT('',(2.900122448775,16.0000006));
#589 = ( GEOMETRIC_REPRESENTATION_CONTEXT(2) 
PARAMETRIC_REPRESENTATION_CONTEXT() REPRESENTATION_CONTEXT('2D SPACE',''
  ) );
#590 = PCURVE('',#375,#591);
#591 = DEFINITIONAL_REPRESENTATION('',(#592),#595);
#592 = B_SPLINE_CURVE_WITH_KNOTS('',1,(#593,#594),.UNSPECIFIED.,.F.,.F.,
  (2,2),(-5.999999928008E-07,16.0000006),.PIECEWISE_BEZIER_KNOTS.);
#593 = CARTESIAN_POINT('',(19.334577131745,5.999999928008E-07));
#594 = CARTESIAN_POINT('',(19.334577131745,-16.0000006));
#595 = ( GEOMETRIC_REPRESENTATION_CONTEXT(2) 
PARAMETRIC_REPRESENTATION_CONTEXT() REPRESENTATION_CONTEXT('2D SPACE',''
  ) );
#596 = ADVANCED_FACE('',(#597,#785,#912,#991),#45,.T.);
#597 = FACE_BOUND('',#598,.T.);
#598 = EDGE_LOOP('',(#599,#622,#623,#646,#674,#702,#731,#759));
#599 = ORIENTED_EDGE('',*,*,#600,.F.);
#600 = EDGE_CURVE('',#22,#601,#603,.T.);
#601 = VERTEX_POINT('',#602);
#602 = CARTESIAN_POINT('',(11.,64.,5.));
#603 = SURFACE_CURVE('',#604,(#608,#615),.PCURVE_S1.);
#604 = LINE('',#605,#606);
#605 = CARTESIAN_POINT('',(11.,37.,5.));
#606 = VECTOR('',#607,1.);
#607 = DIRECTION('',(0.,1.,1.110223024625E-16));
#608 = PCURVE('',#45,#609);
#609 = DEFINITIONAL_REPRESENTATION('',(#610),#614);
#610 = LINE('',#611,#612);
#611 = CARTESIAN_POINT('',(11.,-37.));
#612 = VECTOR('',#613,1.);
#613 = DIRECTION('',(0.,-1.));
#614 = ( GEOMETRIC_REPRESENTATION_CONTEXT(2) 
PARAMETRIC_REPRESENTATION_CONTEXT() REPRESENTATION_CONTEXT('2D SPACE',''
  ) );
#615 = PCURVE('',#72,#616);
#616 = DEFINITIONAL_REPRESENTATION('',(#617),#621);
#617 = LINE('',#618,#619);
#618 = CARTESIAN_POINT('',(0.,-16.));
#619 = VECTOR('',#620,1.);
#620 = DIRECTION('',(1.,0.));
#621 = ( GEOMETRIC_REPRESENTATION_CONTEXT(2) 
PARAMETRIC_REPRESENTATION_CONTEXT() REPRESENTATION_CONTEXT('2D SPACE',''
  ) );
#622 = ORIENTED_EDGE('',*,*,#21,.T.);
#623 = ORIENTED_EDGE('',*,*,#624,.F.);
#624 = EDGE_CURVE('',#625,#24,#627,.T.);
#625 = VERTEX_POINT('',#626);
#626 = CARTESIAN_POINT('',(11.,-64.,5.));
#627 = SURFACE_CURVE('',#628,(#632,#639),.PCURVE_S1.);
#628 = LINE('',#629,#630);
#629 = CARTESIAN_POINT('',(11.,-64.,5.));
#630 = VECTOR('',#631,1.);
#631 = DIRECTION('',(0.,1.,1.110223024625E-16));
#632 = PCURVE('',#45,#633);
#633 = DEFINITIONAL_REPRESENTATION('',(#634),#638);
#634 = LINE('',#635,#636);
#635 = CARTESIAN_POINT('',(11.,64.));
#636 = VECTOR('',#637,1.);
#637 = DIRECTION('',(0.,-1.));
#638 = ( GEOMETRIC_REPRESENTATION_CONTEXT(2) 
PARAMETRIC_REPRESENTATION_CONTEXT() REPRESENTATION_CONTEXT('2D SPACE',''
  ) );
#639 = PCURVE('',#375,#640);
#640 = DEFINITIONAL_REPRESENTATION('',(#641),#645);
#641 = LINE('',#642,#643);
#642 = CARTESIAN_POINT('',(0.,-16.));
#643 = VECTOR('',#644,1.);
#644 = DIRECTION('',(1.,0.));
#645 = ( GEOMETRIC_REPRESENTATION_CONTEXT(2) 
PARAMETRIC_REPRESENTATION_CONTEXT() REPRESENTATION_CONTEXT('2D SPACE',''
  ) );
#646 = ORIENTED_EDGE('',*,*,#647,.F.);
#647 = EDGE_CURVE('',#648,#625,#650,.T.);
#648 = VERTEX_POINT('',#649);
#649 = CARTESIAN_POINT('',(-11.,-64.,5.));
#650 = SURFACE_CURVE('',#651,(#655,#662),.PCURVE_S1.);
#651 = LINE('',#652,#653);
#652 = CARTESIAN_POINT('',(-11.,-64.,5.));
#653 = VECTOR('',#654,1.);
#654 = DIRECTION('',(1.,0.,0.));
#655 = PCURVE('',#45,#656);
#656 = DEFINITIONAL_REPRESENTATION('',(#657),#661);
#657 = LINE('',#658,#659);
#658 = CARTESIAN_POINT('',(-11.,64.));
#659 = VECTOR('',#660,1.);
#660 = DIRECTION('',(1.,-4.044458643297E-63));
#661 = ( GEOMETRIC_REPRESENTATION_CONTEXT(2) 
PARAMETRIC_REPRESENTATION_CONTEXT() REPRESENTATION_CONTEXT('2D SPACE',''
  ) );
#662 = PCURVE('',#663,#668);
#663 = PLANE('',#664);
#664 = AXIS2_PLACEMENT_3D('',#665,#666,#667);
#665 = CARTESIAN_POINT('',(-11.,-64.,21.));
#666 = DIRECTION('',(0.,1.,1.110223024625E-16));
#667 = DIRECTION('',(1.,0.,0.));
#668 = DEFINITIONAL_REPRESENTATION('',(#669),#673);
#669 = LINE('',#670,#671);
#670 = CARTESIAN_POINT('',(0.,16.));
#671 = VECTOR('',#672,1.);
#672 = DIRECTION('',(1.,0.));
#673 = ( GEOMETRIC_REPRESENTATION_CONTEXT(2) 
PARAMETRIC_REPRESENTATION_CONTEXT() REPRESENTATION_CONTEXT('2D SPACE',''
  ) );
#674 = ORIENTED_EDGE('',*,*,#675,.T.);
#675 = EDGE_CURVE('',#648,#676,#678,.T.);
#676 = VERTEX_POINT('',#677);
#677 = CARTESIAN_POINT('',(-11.,-44.66542286825,5.));
#678 = SURFACE_CURVE('',#679,(#683,#690),.PCURVE_S1.);
#679 = LINE('',#680,#681);
#680 = CARTESIAN_POINT('',(-11.,-64.,5.));
#681 = VECTOR('',#682,1.);
#682 = DIRECTION('',(0.,1.,1.110223024625E-16));
#683 = PCURVE('',#45,#684);
#684 = DEFINITIONAL_REPRESENTATION('',(#685),#689);
#685 = LINE('',#686,#687);
#686 = CARTESIAN_POINT('',(-11.,64.));
#687 = VECTOR('',#688,1.);
#688 = DIRECTION('',(0.,-1.));
#689 = ( GEOMETRIC_REPRESENTATION_CONTEXT(2) 
PARAMETRIC_REPRESENTATION_CONTEXT() REPRESENTATION_CONTEXT('2D SPACE',''
  ) );
#690 = PCURVE('',#691,#696);
#691 = PLANE('',#692);
#692 = AXIS2_PLACEMENT_3D('',#693,#694,#695);
#693 = CARTESIAN_POINT('',(-11.,-64.,21.));
#694 = DIRECTION('',(1.,0.,0.));
#695 = DIRECTION('',(0.,1.,1.110223024625E-16));
#696 = DEFINITIONAL_REPRESENTATION('',(#697),#701);
#697 = LINE('',#698,#699);
#698 = CARTESIAN_POINT('',(0.,-16.));
#699 = VECTOR('',#700,1.);
#700 = DIRECTION('',(1.,0.));
#701 = ( GEOMETRIC_REPRESENTATION_CONTEXT(2) 
PARAMETRIC_REPRESENTATION_CONTEXT() REPRESENTATION_CONTEXT('2D SPACE',''
  ) );
#702 = ORIENTED_EDGE('',*,*,#703,.T.);
#703 = EDGE_CURVE('',#676,#704,#706,.T.);
#704 = VERTEX_POINT('',#705);
#705 = CARTESIAN_POINT('',(-10.99999999999,44.665422868255,5.));
#706 = SURFACE_CURVE('',#707,(#712,#719),.PCURVE_S1.);
#707 = CIRCLE('',#708,46.);
#708 = AXIS2_PLACEMENT_3D('',#709,#710,#711);
#709 = CARTESIAN_POINT('',(0.,1.868875424786E-15,5.));
#710 = DIRECTION('',(0.,1.110223024625E-16,-1.));
#711 = DIRECTION('',(0.,1.,1.110223024625E-16));
#712 = PCURVE('',#45,#713);
#713 = DEFINITIONAL_REPRESENTATION('',(#714),#718);
#714 = CIRCLE('',#715,46.);
#715 = AXIS2_PLACEMENT_2D('',#716,#717);
#716 = CARTESIAN_POINT('',(4.048808709013E-15,1.39723594664E-13));
#717 = DIRECTION('',(0.,-1.));
#718 = ( GEOMETRIC_REPRESENTATION_CONTEXT(2) 
PARAMETRIC_REPRESENTATION_CONTEXT() REPRESENTATION_CONTEXT('2D SPACE',''
  ) );
#719 = PCURVE('',#720,#725);
#720 = CYLINDRICAL_SURFACE('',#721,46.);
#721 = AXIS2_PLACEMENT_3D('',#722,#723,#724);
#722 = CARTESIAN_POINT('',(0.,9.251858538543E-17,21.));
#723 = DIRECTION('',(0.,1.110223024625E-16,-1.));
#724 = DIRECTION('',(0.,1.,1.110223024625E-16));
#725 = DEFINITIONAL_REPRESENTATION('',(#726),#730);
#726 = LINE('',#727,#728);
#727 = CARTESIAN_POINT('',(0.,16.));
#728 = VECTOR('',#729,1.);
#729 = DIRECTION('',(1.,0.));
#730 = ( GEOMETRIC_REPRESENTATION_CONTEXT(2) 
PARAMETRIC_REPRESENTATION_CONTEXT() REPRESENTATION_CONTEXT('2D SPACE',''
  ) );
#731 = ORIENTED_EDGE('',*,*,#732,.T.);
#732 = EDGE_CURVE('',#704,#733,#735,.T.);
#733 = VERTEX_POINT('',#734);
#734 = CARTESIAN_POINT('',(-11.,64.,5.));
#735 = SURFACE_CURVE('',#736,(#740,#747),.PCURVE_S1.);
#736 = LINE('',#737,#738);
#737 = CARTESIAN_POINT('',(-11.,37.,5.));
#738 = VECTOR('',#739,1.);
#739 = DIRECTION('',(0.,1.,1.110223024625E-16));
#740 = PCURVE('',#45,#741);
#741 = DEFINITIONAL_REPRESENTATION('',(#742),#746);
#742 = LINE('',#743,#744);
#743 = CARTESIAN_POINT('',(-11.,-37.));
#744 = VECTOR('',#745,1.);
#745 = DIRECTION('',(0.,-1.));
#746 = ( GEOMETRIC_REPRESENTATION_CONTEXT(2) 
PARAMETRIC_REPRESENTATION_CONTEXT() REPRESENTATION_CONTEXT('2D SPACE',''
  ) );
#747 = PCURVE('',#748,#753);
#748 = PLANE('',#749);
#749 = AXIS2_PLACEMENT_3D('',#750,#751,#752);
#750 = CARTESIAN_POINT('',(-11.,37.,21.));
#751 = DIRECTION('',(1.,0.,0.));
#752 = DIRECTION('',(0.,1.,1.110223024625E-16));
#753 = DEFINITIONAL_REPRESENTATION('',(#754),#758);
#754 = LINE('',#755,#756);
#755 = CARTESIAN_POINT('',(0.,-16.));
#756 = VECTOR('',#757,1.);
#757 = DIRECTION('',(1.,0.));
#758 = ( GEOMETRIC_REPRESENTATION_CONTEXT(2) 
PARAMETRIC_REPRESENTATION_CONTEXT() REPRESENTATION_CONTEXT('2D SPACE',''
  ) );
#759 = ORIENTED_EDGE('',*,*,#760,.T.);
#760 = EDGE_CURVE('',#733,#601,#761,.T.);
#761 = SURFACE_CURVE('',#762,(#766,#773),.PCURVE_S1.);
#762 = LINE('',#763,#764);
#763 = CARTESIAN_POINT('',(-11.,64.,5.));
#764 = VECTOR('',#765,1.);
#765 = DIRECTION('',(1.,0.,0.));
#766 = PCURVE('',#45,#767);
#767 = DEFINITIONAL_REPRESENTATION('',(#768),#772);
#768 = LINE('',#769,#770);
#769 = CARTESIAN_POINT('',(-11.,-64.));
#770 = VECTOR('',#771,1.);
#771 = DIRECTION('',(1.,-4.044458643297E-63));
#772 = ( GEOMETRIC_REPRESENTATION_CONTEXT(2) 
PARAMETRIC_REPRESENTATION_CONTEXT() REPRESENTATION_CONTEXT('2D SPACE',''
  ) );
#773 = PCURVE('',#774,#779);
#774 = PLANE('',#775);
#775 = AXIS2_PLACEMENT_3D('',#776,#777,#778);
#776 = CARTESIAN_POINT('',(-11.,64.,21.));
#777 = DIRECTION('',(0.,1.,1.110223024625E-16));
#778 = DIRECTION('',(1.,0.,0.));
#779 = DEFINITIONAL_REPRESENTATION('',(#780),#784);
#780 = LINE('',#781,#782);
#781 = CARTESIAN_POINT('',(0.,16.));
#782 = VECTOR('',#783,1.);
#783 = DIRECTION('',(1.,0.));
#784 = ( GEOMETRIC_REPRESENTATION_CONTEXT(2) 
PARAMETRIC_REPRESENTATION_CONTEXT() REPRESENTATION_CONTEXT('2D SPACE',''
  ) );
#785 = FACE_BOUND('',#786,.T.);
#786 = EDGE_LOOP('',(#787,#818,#842,#866,#890));
#787 = ORIENTED_EDGE('',*,*,#788,.F.);
#788 = EDGE_CURVE('',#789,#791,#793,.T.);
#789 = VERTEX_POINT('',#790);
#790 = CARTESIAN_POINT('',(-8.660254037844,37.,5.));
#791 = VERTEX_POINT('',#792);
#792 = CARTESIAN_POINT('',(-9.30731567352E-15,38.,5.));
#793 = SURFACE_CURVE('',#794,(#799,#806),.PCURVE_S1.);
#794 = CIRCLE('',#795,38.);
#795 = AXIS2_PLACEMENT_3D('',#796,#797,#798);
#796 = CARTESIAN_POINT('',(0.,1.868875424786E-15,5.));
#797 = DIRECTION('',(0.,1.110223024625E-16,-1.));
#798 = DIRECTION('',(0.,1.,1.110223024625E-16));
#799 = PCURVE('',#45,#800);
#800 = DEFINITIONAL_REPRESENTATION('',(#801),#805);
#801 = CIRCLE('',#802,38.);
#802 = AXIS2_PLACEMENT_2D('',#803,#804);
#803 = CARTESIAN_POINT('',(4.048808709013E-15,1.39723594664E-13));
#804 = DIRECTION('',(0.,-1.));
#805 = ( GEOMETRIC_REPRESENTATION_CONTEXT(2) 
PARAMETRIC_REPRESENTATION_CONTEXT() REPRESENTATION_CONTEXT('2D SPACE',''
  ) );
#806 = PCURVE('',#807,#812);
#807 = CYLINDRICAL_SURFACE('',#808,38.);
#808 = AXIS2_PLACEMENT_3D('',#809,#810,#811);
#809 = CARTESIAN_POINT('',(0.,-1.42108547152E-14,149.83333333333));
#810 = DIRECTION('',(0.,1.110223024625E-16,-1.));
#811 = DIRECTION('',(0.,1.,1.110223024625E-16));
#812 = DEFINITIONAL_REPRESENTATION('',(#813),#817);
#813 = LINE('',#814,#815);
#814 = CARTESIAN_POINT('',(0.,144.83333333333));
#815 = VECTOR('',#816,1.);
#816 = DIRECTION('',(1.,0.));
#817 = ( GEOMETRIC_REPRESENTATION_CONTEXT(2) 
PARAMETRIC_REPRESENTATION_CONTEXT() REPRESENTATION_CONTEXT('2D SPACE',''
  ) );
#818 = ORIENTED_EDGE('',*,*,#819,.F.);
#819 = EDGE_CURVE('',#820,#789,#822,.T.);
#820 = VERTEX_POINT('',#821);
#821 = CARTESIAN_POINT('',(-8.660254037844,-37.,5.));
#822 = SURFACE_CURVE('',#823,(#828,#835),.PCURVE_S1.);
#823 = CIRCLE('',#824,38.);
#824 = AXIS2_PLACEMENT_3D('',#825,#826,#827);
#825 = CARTESIAN_POINT('',(0.,1.868875424786E-15,5.));
#826 = DIRECTION('',(0.,1.110223024625E-16,-1.));
#827 = DIRECTION('',(0.,1.,1.110223024625E-16));
#828 = PCURVE('',#45,#829);
#829 = DEFINITIONAL_REPRESENTATION('',(#830),#834);
#830 = CIRCLE('',#831,38.);
#831 = AXIS2_PLACEMENT_2D('',#832,#833);
#832 = CARTESIAN_POINT('',(4.048808709013E-15,1.39723594664E-13));
#833 = DIRECTION('',(0.,-1.));
#834 = ( GEOMETRIC_REPRESENTATION_CONTEXT(2) 
PARAMETRIC_REPRESENTATION_CONTEXT() REPRESENTATION_CONTEXT('2D SPACE',''
  ) );
#835 = PCURVE('',#807,#836);
#836 = DEFINITIONAL_REPRESENTATION('',(#837),#841);
#837 = LINE('',#838,#839);
#838 = CARTESIAN_POINT('',(0.,144.83333333333));
#839 = VECTOR('',#840,1.);
#840 = DIRECTION('',(1.,0.));
#841 = ( GEOMETRIC_REPRESENTATION_CONTEXT(2) 
PARAMETRIC_REPRESENTATION_CONTEXT() REPRESENTATION_CONTEXT('2D SPACE',''
  ) );
#842 = ORIENTED_EDGE('',*,*,#843,.F.);
#843 = EDGE_CURVE('',#820,#844,#846,.T.);
#844 = VERTEX_POINT('',#845);
#845 = CARTESIAN_POINT('',(8.660254037844,-37.,5.));
#846 = SURFACE_CURVE('',#847,(#852,#859),.PCURVE_S1.);
#847 = CIRCLE('',#848,38.);
#848 = AXIS2_PLACEMENT_3D('',#849,#850,#851);
#849 = CARTESIAN_POINT('',(0.,1.868875424786E-15,5.));
#850 = DIRECTION('',(0.,1.110223024625E-16,-1.));
#851 = DIRECTION('',(0.,1.,1.110223024625E-16));
#852 = PCURVE('',#45,#853);
#853 = DEFINITIONAL_REPRESENTATION('',(#854),#858);
#854 = CIRCLE('',#855,38.);
#855 = AXIS2_PLACEMENT_2D('',#856,#857);
#856 = CARTESIAN_POINT('',(4.048808709013E-15,1.39723594664E-13));
#857 = DIRECTION('',(0.,-1.));
#858 = ( GEOMETRIC_REPRESENTATION_CONTEXT(2) 
PARAMETRIC_REPRESENTATION_CONTEXT() REPRESENTATION_CONTEXT('2D SPACE',''
  ) );
#859 = PCURVE('',#807,#860);
#860 = DEFINITIONAL_REPRESENTATION('',(#861),#865);
#861 = LINE('',#862,#863);
#862 = CARTESIAN_POINT('',(0.,144.83333333333));
#863 = VECTOR('',#864,1.);
#864 = DIRECTION('',(1.,0.));
#865 = ( GEOMETRIC_REPRESENTATION_CONTEXT(2) 
PARAMETRIC_REPRESENTATION_CONTEXT() REPRESENTATION_CONTEXT('2D SPACE',''
  ) );
#866 = ORIENTED_EDGE('',*,*,#867,.F.);
#867 = EDGE_CURVE('',#868,#844,#870,.T.);
#868 = VERTEX_POINT('',#869);
#869 = CARTESIAN_POINT('',(8.660254037844,37.,5.));
#870 = SURFACE_CURVE('',#871,(#876,#883),.PCURVE_S1.);
#871 = CIRCLE('',#872,38.);
#872 = AXIS2_PLACEMENT_3D('',#873,#874,#875);
#873 = CARTESIAN_POINT('',(0.,1.868875424786E-15,5.));
#874 = DIRECTION('',(0.,1.110223024625E-16,-1.));
#875 = DIRECTION('',(0.,1.,1.110223024625E-16));
#876 = PCURVE('',#45,#877);
#877 = DEFINITIONAL_REPRESENTATION('',(#878),#882);
#878 = CIRCLE('',#879,38.);
#879 = AXIS2_PLACEMENT_2D('',#880,#881);
#880 = CARTESIAN_POINT('',(4.048808709013E-15,1.39723594664E-13));
#881 = DIRECTION('',(0.,-1.));
#882 = ( GEOMETRIC_REPRESENTATION_CONTEXT(2) 
PARAMETRIC_REPRESENTATION_CONTEXT() REPRESENTATION_CONTEXT('2D SPACE',''
  ) );
#883 = PCURVE('',#807,#884);
#884 = DEFINITIONAL_REPRESENTATION('',(#885),#889);
#885 = LINE('',#886,#887);
#886 = CARTESIAN_POINT('',(0.,144.83333333333));
#887 = VECTOR('',#888,1.);
#888 = DIRECTION('',(1.,0.));
#889 = ( GEOMETRIC_REPRESENTATION_CONTEXT(2) 
PARAMETRIC_REPRESENTATION_CONTEXT() REPRESENTATION_CONTEXT('2D SPACE',''
  ) );
#890 = ORIENTED_EDGE('',*,*,#891,.F.);
#891 = EDGE_CURVE('',#791,#868,#892,.T.);
#892 = SURFACE_CURVE('',#893,(#898,#905),.PCURVE_S1.);
#893 = CIRCLE('',#894,38.);
#894 = AXIS2_PLACEMENT_3D('',#895,#896,#897);
#895 = CARTESIAN_POINT('',(0.,1.868875424786E-15,5.));
#896 = DIRECTION('',(0.,1.110223024625E-16,-1.));
#897 = DIRECTION('',(0.,1.,1.110223024625E-16));
#898 = PCURVE('',#45,#899);
#899 = DEFINITIONAL_REPRESENTATION('',(#900),#904);
#900 = CIRCLE('',#901,38.);
#901 = AXIS2_PLACEMENT_2D('',#902,#903);
#902 = CARTESIAN_POINT('',(4.048808709013E-15,1.39723594664E-13));
#903 = DIRECTION('',(0.,-1.));
#904 = ( GEOMETRIC_REPRESENTATION_CONTEXT(2) 
PARAMETRIC_REPRESENTATION_CONTEXT() REPRESENTATION_CONTEXT('2D SPACE',''
  ) );
#905 = PCURVE('',#807,#906);
#906 = DEFINITIONAL_REPRESENTATION('',(#907),#911);
#907 = LINE('',#908,#909);
#908 = CARTESIAN_POINT('',(0.,144.83333333333));
#909 = VECTOR('',#910,1.);
#910 = DIRECTION('',(1.,0.));
#911 = ( GEOMETRIC_REPRESENTATION_CONTEXT(2) 
PARAMETRIC_REPRESENTATION_CONTEXT() REPRESENTATION_CONTEXT('2D SPACE',''
  ) );
#912 = FACE_BOUND('',#913,.T.);
#913 = EDGE_LOOP('',(#914,#945,#969));
#914 = ORIENTED_EDGE('',*,*,#915,.F.);
#915 = EDGE_CURVE('',#916,#918,#920,.T.);
#916 = VERTEX_POINT('',#917);
#917 = CARTESIAN_POINT('',(-6.979708301736,45.467391304348,5.));
#918 = VERTEX_POINT('',#919);
#919 = CARTESIAN_POINT('',(-1.714505518806E-15,53.,5.));
#920 = SURFACE_CURVE('',#921,(#926,#933),.PCURVE_S1.);
#921 = CIRCLE('',#922,7.);
#922 = AXIS2_PLACEMENT_3D('',#923,#924,#925);
#923 = CARTESIAN_POINT('',(0.,46.,5.));
#924 = DIRECTION('',(0.,1.110223024625E-16,-1.));
#925 = DIRECTION('',(0.,1.,1.110223024625E-16));
#926 = PCURVE('',#45,#927);
#927 = DEFINITIONAL_REPRESENTATION('',(#928),#932);
#928 = CIRCLE('',#929,7.);
#929 = AXIS2_PLACEMENT_2D('',#930,#931);
#930 = CARTESIAN_POINT('',(4.048808709013E-15,-46.));
#931 = DIRECTION('',(0.,-1.));
#932 = ( GEOMETRIC_REPRESENTATION_CONTEXT(2) 
PARAMETRIC_REPRESENTATION_CONTEXT() REPRESENTATION_CONTEXT('2D SPACE',''
  ) );
#933 = PCURVE('',#934,#939);
#934 = CYLINDRICAL_SURFACE('',#935,7.);
#935 = AXIS2_PLACEMENT_3D('',#936,#937,#938);
#936 = CARTESIAN_POINT('',(0.,46.,24.));
#937 = DIRECTION('',(0.,1.110223024625E-16,-1.));
#938 = DIRECTION('',(0.,1.,1.110223024625E-16));
#939 = DEFINITIONAL_REPRESENTATION('',(#940),#944);
#940 = LINE('',#941,#942);
#941 = CARTESIAN_POINT('',(0.,19.));
#942 = VECTOR('',#943,1.);
#943 = DIRECTION('',(1.,0.));
#944 = ( GEOMETRIC_REPRESENTATION_CONTEXT(2) 
PARAMETRIC_REPRESENTATION_CONTEXT() REPRESENTATION_CONTEXT('2D SPACE',''
  ) );
#945 = ORIENTED_EDGE('',*,*,#946,.F.);
#946 = EDGE_CURVE('',#947,#916,#949,.T.);
#947 = VERTEX_POINT('',#948);
#948 = CARTESIAN_POINT('',(6.979708301736,45.467391304348,5.));
#949 = SURFACE_CURVE('',#950,(#955,#962),.PCURVE_S1.);
#950 = CIRCLE('',#951,7.);
#951 = AXIS2_PLACEMENT_3D('',#952,#953,#954);
#952 = CARTESIAN_POINT('',(0.,46.,5.));
#953 = DIRECTION('',(0.,1.110223024625E-16,-1.));
#954 = DIRECTION('',(0.,1.,1.110223024625E-16));
#955 = PCURVE('',#45,#956);
#956 = DEFINITIONAL_REPRESENTATION('',(#957),#961);
#957 = CIRCLE('',#958,7.);
#958 = AXIS2_PLACEMENT_2D('',#959,#960);
#959 = CARTESIAN_POINT('',(4.048808709013E-15,-46.));
#960 = DIRECTION('',(0.,-1.));
#961 = ( GEOMETRIC_REPRESENTATION_CONTEXT(2) 
PARAMETRIC_REPRESENTATION_CONTEXT() REPRESENTATION_CONTEXT('2D SPACE',''
  ) );
#962 = PCURVE('',#934,#963);
#963 = DEFINITIONAL_REPRESENTATION('',(#964),#968);
#964 = LINE('',#965,#966);
#965 = CARTESIAN_POINT('',(0.,19.));
#966 = VECTOR('',#967,1.);
#967 = DIRECTION('',(1.,0.));
#968 = ( GEOMETRIC_REPRESENTATION_CONTEXT(2) 
PARAMETRIC_REPRESENTATION_CONTEXT() REPRESENTATION_CONTEXT('2D SPACE',''
  ) );
#969 = ORIENTED_EDGE('',*,*,#970,.F.);
#970 = EDGE_CURVE('',#918,#947,#971,.T.);
#971 = SURFACE_CURVE('',#972,(#977,#984),.PCURVE_S1.);
#972 = CIRCLE('',#973,7.);
#973 = AXIS2_PLACEMENT_3D('',#974,#975,#976);
#974 = CARTESIAN_POINT('',(0.,46.,5.));
#975 = DIRECTION('',(0.,1.110223024625E-16,-1.));
#976 = DIRECTION('',(0.,1.,1.110223024625E-16));
#977 = PCURVE('',#45,#978);
#978 = DEFINITIONAL_REPRESENTATION('',(#979),#983);
#979 = CIRCLE('',#980,7.);
#980 = AXIS2_PLACEMENT_2D('',#981,#982);
#981 = CARTESIAN_POINT('',(4.048808709013E-15,-46.));
#982 = DIRECTION('',(0.,-1.));
#983 = ( GEOMETRIC_REPRESENTATION_CONTEXT(2) 
PARAMETRIC_REPRESENTATION_CONTEXT() REPRESENTATION_CONTEXT('2D SPACE',''
  ) );
#984 = PCURVE('',#934,#985);
#985 = DEFINITIONAL_REPRESENTATION('',(#986),#990);
#986 = LINE('',#987,#988);
#987 = CARTESIAN_POINT('',(0.,19.));
#988 = VECTOR('',#989,1.);
#989 = DIRECTION('',(1.,0.));
#990 = ( GEOMETRIC_REPRESENTATION_CONTEXT(2) 
PARAMETRIC_REPRESENTATION_CONTEXT() REPRESENTATION_CONTEXT('2D SPACE',''
  ) );
#991 = FACE_BOUND('',#992,.T.);
#992 = EDGE_LOOP('',(#993,#1024,#1048));
#993 = ORIENTED_EDGE('',*,*,#994,.F.);
#994 = EDGE_CURVE('',#995,#997,#999,.T.);
#995 = VERTEX_POINT('',#996);
#996 = CARTESIAN_POINT('',(-6.979708301736,-45.46739130434,5.));
#997 = VERTEX_POINT('',#998);
#998 = CARTESIAN_POINT('',(-1.714505518806E-15,-39.,5.));
#999 = SURFACE_CURVE('',#1000,(#1005,#1012),.PCURVE_S1.);
#1000 = CIRCLE('',#1001,7.);
#1001 = AXIS2_PLACEMENT_3D('',#1002,#1003,#1004);
#1002 = CARTESIAN_POINT('',(0.,-46.,5.));
#1003 = DIRECTION('',(0.,1.110223024625E-16,-1.));
#1004 = DIRECTION('',(0.,1.,1.110223024625E-16));
#1005 = PCURVE('',#45,#1006);
#1006 = DEFINITIONAL_REPRESENTATION('',(#1007),#1011);
#1007 = CIRCLE('',#1008,7.);
#1008 = AXIS2_PLACEMENT_2D('',#1009,#1010);
#1009 = CARTESIAN_POINT('',(4.048808709013E-15,46.));
#1010 = DIRECTION('',(0.,-1.));
#1011 = ( GEOMETRIC_REPRESENTATION_CONTEXT(2) 
PARAMETRIC_REPRESENTATION_CONTEXT() REPRESENTATION_CONTEXT('2D SPACE',''
  ) );
#1012 = PCURVE('',#1013,#1018);
#1013 = CYLINDRICAL_SURFACE('',#1014,7.);
#1014 = AXIS2_PLACEMENT_3D('',#1015,#1016,#1017);
#1015 = CARTESIAN_POINT('',(0.,-46.,24.));
#1016 = DIRECTION('',(0.,1.110223024625E-16,-1.));
#1017 = DIRECTION('',(0.,1.,1.110223024625E-16));
#1018 = DEFINITIONAL_REPRESENTATION('',(#1019),#1023);
#1019 = LINE('',#1020,#1021);
#1020 = CARTESIAN_POINT('',(0.,19.));
#1021 = VECTOR('',#1022,1.);
#1022 = DIRECTION('',(1.,0.));
#1023 = ( GEOMETRIC_REPRESENTATION_CONTEXT(2) 
PARAMETRIC_REPRESENTATION_CONTEXT() REPRESENTATION_CONTEXT('2D SPACE',''
  ) );
#1024 = ORIENTED_EDGE('',*,*,#1025,.F.);
#1025 = EDGE_CURVE('',#1026,#995,#1028,.T.);
#1026 = VERTEX_POINT('',#1027);
#1027 = CARTESIAN_POINT('',(6.979708301736,-45.46739130434,5.));
#1028 = SURFACE_CURVE('',#1029,(#1034,#1041),.PCURVE_S1.);
#1029 = CIRCLE('',#1030,7.);
#1030 = AXIS2_PLACEMENT_3D('',#1031,#1032,#1033);
#1031 = CARTESIAN_POINT('',(0.,-46.,5.));
#1032 = DIRECTION('',(0.,1.110223024625E-16,-1.));
#1033 = DIRECTION('',(0.,1.,1.110223024625E-16));
#1034 = PCURVE('',#45,#1035);
#1035 = DEFINITIONAL_REPRESENTATION('',(#1036),#1040);
#1036 = CIRCLE('',#1037,7.);
#1037 = AXIS2_PLACEMENT_2D('',#1038,#1039);
#1038 = CARTESIAN_POINT('',(4.048808709013E-15,46.));
#1039 = DIRECTION('',(0.,-1.));
#1040 = ( GEOMETRIC_REPRESENTATION_CONTEXT(2) 
PARAMETRIC_REPRESENTATION_CONTEXT() REPRESENTATION_CONTEXT('2D SPACE',''
  ) );
#1041 = PCURVE('',#1013,#1042);
#1042 = DEFINITIONAL_REPRESENTATION('',(#1043),#1047);
#1043 = LINE('',#1044,#1045);
#1044 = CARTESIAN_POINT('',(0.,19.));
#1045 = VECTOR('',#1046,1.);
#1046 = DIRECTION('',(1.,0.));
#1047 = ( GEOMETRIC_REPRESENTATION_CONTEXT(2) 
PARAMETRIC_REPRESENTATION_CONTEXT() REPRESENTATION_CONTEXT('2D SPACE',''
  ) );
#1048 = ORIENTED_EDGE('',*,*,#1049,.F.);
#1049 = EDGE_CURVE('',#997,#1026,#1050,.T.);
#1050 = SURFACE_CURVE('',#1051,(#1056,#1063),.PCURVE_S1.);
#1051 = CIRCLE('',#1052,7.);
#1052 = AXIS2_PLACEMENT_3D('',#1053,#1054,#1055);
#1053 = CARTESIAN_POINT('',(0.,-46.,5.));
#1054 = DIRECTION('',(0.,1.110223024625E-16,-1.));
#1055 = DIRECTION('',(0.,1.,1.110223024625E-16));
#1056 = PCURVE('',#45,#1057);
#1057 = DEFINITIONAL_REPRESENTATION('',(#1058),#1062);
#1058 = CIRCLE('',#1059,7.);
#1059 = AXIS2_PLACEMENT_2D('',#1060,#1061);
#1060 = CARTESIAN_POINT('',(4.048808709013E-15,46.));
#1061 = DIRECTION('',(0.,-1.));
#1062 = ( GEOMETRIC_REPRESENTATION_CONTEXT(2) 
PARAMETRIC_REPRESENTATION_CONTEXT() REPRESENTATION_CONTEXT('2D SPACE',''
  ) );
#1063 = PCURVE('',#1013,#1064);
#1064 = DEFINITIONAL_REPRESENTATION('',(#1065),#1069);
#1065 = LINE('',#1066,#1067);
#1066 = CARTESIAN_POINT('',(0.,19.));
#1067 = VECTOR('',#1068,1.);
#1068 = DIRECTION('',(1.,0.));
#1069 = ( GEOMETRIC_REPRESENTATION_CONTEXT(2) 
PARAMETRIC_REPRESENTATION_CONTEXT() REPRESENTATION_CONTEXT('2D SPACE',''
  ) );
#1070 = ADVANCED_FACE('',(#1071),#375,.T.);
#1071 = FACE_BOUND('',#1072,.T.);
#1072 = EDGE_LOOP('',(#1073,#1096,#1117,#1118,#1119,#1141));
#1073 = ORIENTED_EDGE('',*,*,#1074,.F.);
#1074 = EDGE_CURVE('',#1075,#328,#1077,.T.);
#1075 = VERTEX_POINT('',#1076);
#1076 = CARTESIAN_POINT('',(11.,-64.,21.));
#1077 = SURFACE_CURVE('',#1078,(#1082,#1089),.PCURVE_S1.);
#1078 = LINE('',#1079,#1080);
#1079 = CARTESIAN_POINT('',(11.,-64.,21.));
#1080 = VECTOR('',#1081,1.);
#1081 = DIRECTION('',(0.,1.,1.110223024625E-16));
#1082 = PCURVE('',#375,#1083);
#1083 = DEFINITIONAL_REPRESENTATION('',(#1084),#1088);
#1084 = LINE('',#1085,#1086);
#1085 = CARTESIAN_POINT('',(0.,0.));
#1086 = VECTOR('',#1087,1.);
#1087 = DIRECTION('',(1.,0.));
#1088 = ( GEOMETRIC_REPRESENTATION_CONTEXT(2) 
PARAMETRIC_REPRESENTATION_CONTEXT() REPRESENTATION_CONTEXT('2D SPACE',''
  ) );
#1089 = PCURVE('',#344,#1090);
#1090 = DEFINITIONAL_REPRESENTATION('',(#1091),#1095);
#1091 = LINE('',#1092,#1093);
#1092 = CARTESIAN_POINT('',(64.,11.));
#1093 = VECTOR('',#1094,1.);
#1094 = DIRECTION('',(-1.,0.));
#1095 = ( GEOMETRIC_REPRESENTATION_CONTEXT(2) 
PARAMETRIC_REPRESENTATION_CONTEXT() REPRESENTATION_CONTEXT('2D SPACE',''
  ) );
#1096 = ORIENTED_EDGE('',*,*,#1097,.T.);
#1097 = EDGE_CURVE('',#1075,#625,#1098,.T.);
#1098 = SURFACE_CURVE('',#1099,(#1103,#1110),.PCURVE_S1.);
#1099 = LINE('',#1100,#1101);
#1100 = CARTESIAN_POINT('',(11.,-64.,21.));
#1101 = VECTOR('',#1102,1.);
#1102 = DIRECTION('',(0.,1.110223024625E-16,-1.));
#1103 = PCURVE('',#375,#1104);
#1104 = DEFINITIONAL_REPRESENTATION('',(#1105),#1109);
#1105 = LINE('',#1106,#1107);
#1106 = CARTESIAN_POINT('',(0.,0.));
#1107 = VECTOR('',#1108,1.);
#1108 = DIRECTION('',(0.,-1.));
#1109 = ( GEOMETRIC_REPRESENTATION_CONTEXT(2) 
PARAMETRIC_REPRESENTATION_CONTEXT() REPRESENTATION_CONTEXT('2D SPACE',''
  ) );
#1110 = PCURVE('',#663,#1111);
#1111 = DEFINITIONAL_REPRESENTATION('',(#1112),#1116);
#1112 = LINE('',#1113,#1114);
#1113 = CARTESIAN_POINT('',(22.,0.));
#1114 = VECTOR('',#1115,1.);
#1115 = DIRECTION('',(0.,1.));
#1116 = ( GEOMETRIC_REPRESENTATION_CONTEXT(2) 
PARAMETRIC_REPRESENTATION_CONTEXT() REPRESENTATION_CONTEXT('2D SPACE',''
  ) );
#1117 = ORIENTED_EDGE('',*,*,#624,.T.);
#1118 = ORIENTED_EDGE('',*,*,#578,.F.);
#1119 = ORIENTED_EDGE('',*,*,#1120,.F.);
#1120 = EDGE_CURVE('',#487,#361,#1121,.T.);
#1121 = SURFACE_CURVE('',#1122,(#1127,#1134),.PCURVE_S1.);
#1122 = CIRCLE('',#1123,2.1);
#1123 = AXIS2_PLACEMENT_3D('',#1124,#1125,#1126);
#1124 = CARTESIAN_POINT('',(11.,-46.,11.));
#1125 = DIRECTION('',(1.,0.,-0.));
#1126 = DIRECTION('',(0.,1.,1.110223024625E-16));
#1127 = PCURVE('',#375,#1128);
#1128 = DEFINITIONAL_REPRESENTATION('',(#1129),#1133);
#1129 = CIRCLE('',#1130,2.1);
#1130 = AXIS2_PLACEMENT_2D('',#1131,#1132);
#1131 = CARTESIAN_POINT('',(18.,-10.));
#1132 = DIRECTION('',(1.,0.));
#1133 = ( GEOMETRIC_REPRESENTATION_CONTEXT(2) 
PARAMETRIC_REPRESENTATION_CONTEXT() REPRESENTATION_CONTEXT('2D SPACE',''
  ) );
#1134 = PCURVE('',#450,#1135);
#1135 = DEFINITIONAL_REPRESENTATION('',(#1136),#1140);
#1136 = LINE('',#1137,#1138);
#1137 = CARTESIAN_POINT('',(0.,25.));
#1138 = VECTOR('',#1139,1.);
#1139 = DIRECTION('',(1.,0.));
#1140 = ( GEOMETRIC_REPRESENTATION_CONTEXT(2) 
PARAMETRIC_REPRESENTATION_CONTEXT() REPRESENTATION_CONTEXT('2D SPACE',''
  ) );
#1141 = ORIENTED_EDGE('',*,*,#360,.F.);
#1142 = ADVANCED_FACE('',(#1143),#450,.F.);
#1143 = FACE_BOUND('',#1144,.F.);
#1144 = EDGE_LOOP('',(#1145,#1146,#1169,#1334,#1335,#1336));
#1145 = ORIENTED_EDGE('',*,*,#386,.F.);
#1146 = ORIENTED_EDGE('',*,*,#1147,.F.);
#1147 = EDGE_CURVE('',#1148,#387,#1150,.T.);
#1148 = VERTEX_POINT('',#1149);
#1149 = CARTESIAN_POINT('',(6.677574409919,-43.9,11.));
#1150 = SEAM_CURVE('',#1151,(#1155,#1162),.PCURVE_S1.);
#1151 = LINE('',#1152,#1153);
#1152 = CARTESIAN_POINT('',(-14.,-43.9,11.));
#1153 = VECTOR('',#1154,1.);
#1154 = DIRECTION('',(1.,0.,0.));
#1155 = PCURVE('',#450,#1156);
#1156 = DEFINITIONAL_REPRESENTATION('',(#1157),#1161);
#1157 = LINE('',#1158,#1159);
#1158 = CARTESIAN_POINT('',(6.28318530718,-0.));
#1159 = VECTOR('',#1160,1.);
#1160 = DIRECTION('',(0.,1.));
#1161 = ( GEOMETRIC_REPRESENTATION_CONTEXT(2) 
PARAMETRIC_REPRESENTATION_CONTEXT() REPRESENTATION_CONTEXT('2D SPACE',''
  ) );
#1162 = PCURVE('',#450,#1163);
#1163 = DEFINITIONAL_REPRESENTATION('',(#1164),#1168);
#1164 = LINE('',#1165,#1166);
#1165 = CARTESIAN_POINT('',(0.,-0.));
#1166 = VECTOR('',#1167,1.);
#1167 = DIRECTION('',(0.,1.));
#1168 = ( GEOMETRIC_REPRESENTATION_CONTEXT(2) 
PARAMETRIC_REPRESENTATION_CONTEXT() REPRESENTATION_CONTEXT('2D SPACE',''
  ) );
#1169 = ORIENTED_EDGE('',*,*,#1170,.T.);
#1170 = EDGE_CURVE('',#1148,#1148,#1171,.T.);
#1171 = SURFACE_CURVE('',#1172,(#1224,#1279),.PCURVE_S1.);
#1172 = B_SPLINE_CURVE_WITH_KNOTS('',8,(#1173,#1174,#1175,#1176,#1177,
    #1178,#1179,#1180,#1181,#1182,#1183,#1184,#1185,#1186,#1187,#1188,
    #1189,#1190,#1191,#1192,#1193,#1194,#1195,#1196,#1197,#1198,#1199,
    #1200,#1201,#1202,#1203,#1204,#1205,#1206,#1207,#1208,#1209,#1210,
    #1211,#1212,#1213,#1214,#1215,#1216,#1217,#1218,#1219,#1220,#1221,
    #1222,#1223),.UNSPECIFIED.,.T.,.F.,(9,7,7,7,7,7,7,9),(0.,
    0.153653132746,0.277378499423,0.411684554159,0.567737610864,
    0.698246974761,0.819093768033,1.),.UNSPECIFIED.);
#1173 = CARTESIAN_POINT('',(6.677574409919,-43.9,11.));
#1174 = CARTESIAN_POINT('',(6.677574416868,-43.90000002209,
    11.220968304794));
#1175 = CARTESIAN_POINT('',(6.685930912799,-43.9265726923,
    11.441408176117));
#1176 = CARTESIAN_POINT('',(6.702574812381,-43.97949435733,
    11.659359236549));
#1177 = CARTESIAN_POINT('',(6.72696116078,-44.05911019198,
    11.872749254814));
#1178 = CARTESIAN_POINT('',(6.758042727358,-44.16613514155,
    12.079066440359));
#1179 = CARTESIAN_POINT('',(6.794145011337,-44.30154580266,
    12.275129823969));
#1180 = CARTESIAN_POINT('',(6.832828073236,-44.46639860053,
    12.456750663005));
#1181 = CARTESIAN_POINT('',(6.901413148694,-44.81843739992,
    12.747982485634));
#1182 = CARTESIAN_POINT('',(6.932678324596,-45.00076993897,
    12.869486866236));
#1183 = CARTESIAN_POINT('',(6.961828568096,-45.2060267819,
    12.973490241329));
#1184 = CARTESIAN_POINT('',(6.985625474079,-45.43003443742,
    13.053135204122));
#1185 = CARTESIAN_POINT('',(7.001165306947,-45.6672264689,
    13.103657302977));
#1186 = CARTESIAN_POINT('',(7.006791499741,-45.91127261692,
    13.122272343323));
#1187 = CARTESIAN_POINT('',(7.002330434552,-46.15551542696,
    13.108201356906));
#1188 = CARTESIAN_POINT('',(6.97438577266,-46.65183801278,
    13.013522760068));
#1189 = CARTESIAN_POINT('',(6.949950134605,-46.89137604782,
    12.929508343584));
#1190 = CARTESIAN_POINT('',(6.918498020586,-47.10908521533,
    12.817432706141));
#1191 = CARTESIAN_POINT('',(6.883192131624,-47.30337367803,
    12.68292595648));
#1192 = CARTESIAN_POINT('',(6.846948773866,-47.47350388256,
    12.530932860586));
#1193 = CARTESIAN_POINT('',(6.812184918044,-47.61935322256,
    12.365856857722));
#1194 = CARTESIAN_POINT('',(6.780728990672,-47.74132852962,
    12.191609339379));
#1195 = CARTESIAN_POINT('',(6.722460613887,-47.95517604602,
    11.802622151096));
#1196 = CARTESIAN_POINT('',(6.696854497908,-48.04033993233,
    11.583414593026));
#1197 = CARTESIAN_POINT('',(6.678867098278,-48.0965511754,
    11.357714115608));
#1198 = CARTESIAN_POINT('',(6.669688532889,-48.12436776775,
    11.128419173374));
#1199 = CARTESIAN_POINT('',(6.669848510334,-48.12406285536,
    10.898106582249));
#1200 = CARTESIAN_POINT('',(6.679247033082,-48.09561125118,
    10.669263262254));
#1201 = CARTESIAN_POINT('',(6.697154013246,-48.03866967983,
    10.444500868783));
#1202 = CARTESIAN_POINT('',(6.743098688055,-47.88049131466,
    10.044987922844));
#1203 = CARTESIAN_POINT('',(6.769024337396,-47.78793945505,
    9.867841752632));
#1204 = CARTESIAN_POINT('',(6.799164595577,-47.6743476159,9.697298144582
    ));
#1205 = CARTESIAN_POINT('',(6.832369927767,-47.53906507818,
    9.535640759743));
#1206 = CARTESIAN_POINT('',(6.867073467605,-47.38146549588,
    9.385745264011));
#1207 = CARTESIAN_POINT('',(6.901202773912,-47.20111020035,
    9.251205844518));
#1208 = CARTESIAN_POINT('',(6.932186085561,-46.99800915349,
    9.136532432156));
#1209 = CARTESIAN_POINT('',(6.980326513299,-46.56476849691,
    8.965000321669));
#1210 = CARTESIAN_POINT('',(6.998327431532,-46.3378379609,8.904527723024
    ));
#1211 = CARTESIAN_POINT('',(7.008310001533,-46.09866164861,
    8.872819585632));
#1212 = CARTESIAN_POINT('',(7.008249416292,-45.85487313565,
    8.873319293473));
#1213 = CARTESIAN_POINT('',(6.997808570742,-45.61461023751,
    8.906404763529));
#1214 = CARTESIAN_POINT('',(6.97867079753,-45.38578703861,8.969512454445
    ));
#1215 = CARTESIAN_POINT('',(6.953813961745,-45.17527553283,9.05697480506
    ));
#1216 = CARTESIAN_POINT('',(6.88562859344,-44.70844297953,9.313618173032
    ));
#1217 = CARTESIAN_POINT('',(6.837808621393,-44.47141976468,
    9.507269565168));
#1218 = CARTESIAN_POINT('',(6.789860805149,-44.2775723153,9.727778395106
    ));
#1219 = CARTESIAN_POINT('',(6.747101575764,-44.1252229229,9.966437448538
    ));
#1220 = CARTESIAN_POINT('',(6.712940563405,-44.01246474233,
    10.216977012544));
#1221 = CARTESIAN_POINT('',(6.689424177084,-43.93767830631,
    10.474891733296));
#1222 = CARTESIAN_POINT('',(6.677574418193,-43.90000002631,
    10.736876495191));
#1223 = CARTESIAN_POINT('',(6.677574409919,-43.9,11.));
#1224 = PCURVE('',#450,#1225);
#1225 = DEFINITIONAL_REPRESENTATION('',(#1226),#1278);
#1226 = B_SPLINE_CURVE_WITH_KNOTS('',8,(#1227,#1228,#1229,#1230,#1231,
    #1232,#1233,#1234,#1235,#1236,#1237,#1238,#1239,#1240,#1241,#1242,
    #1243,#1244,#1245,#1246,#1247,#1248,#1249,#1250,#1251,#1252,#1253,
    #1254,#1255,#1256,#1257,#1258,#1259,#1260,#1261,#1262,#1263,#1264,
    #1265,#1266,#1267,#1268,#1269,#1270,#1271,#1272,#1273,#1274,#1275,
    #1276,#1277),.UNSPECIFIED.,.F.,.F.,(9,7,7,7,7,7,7,9),(0.,
    0.153653132746,0.277378499423,0.411684554159,0.567737610864,
    0.698246974761,0.819093768033,1.),.UNSPECIFIED.);
#1227 = CARTESIAN_POINT('',(0.,20.677574409919));
#1228 = CARTESIAN_POINT('',(0.105223002283,20.677574416868));
#1229 = CARTESIAN_POINT('',(0.210194058602,20.685930912799));
#1230 = CARTESIAN_POINT('',(0.315756652196,20.702574812381));
#1231 = CARTESIAN_POINT('',(0.422659784791,20.72696116078));
#1232 = CARTESIAN_POINT('',(0.531649945816,20.758042727358));
#1233 = CARTESIAN_POINT('',(0.643510540385,20.794145011337));
#1234 = CARTESIAN_POINT('',(0.759125767888,20.832828073236));
#1235 = CARTESIAN_POINT('',(0.976691818946,20.901413148694));
#1236 = CARTESIAN_POINT('',(1.08047263723,20.932678324596));
#1237 = CARTESIAN_POINT('',(1.188744145498,20.961828568096));
#1238 = CARTESIAN_POINT('',(1.300103588321,20.985625474079));
#1239 = CARTESIAN_POINT('',(1.413588319601,21.001165306947));
#1240 = CARTESIAN_POINT('',(1.528420295306,21.006791499741));
#1241 = CARTESIAN_POINT('',(1.64392201912,21.002330434552));
#1242 = CARTESIAN_POINT('',(1.884527899235,20.97438577266));
#1243 = CARTESIAN_POINT('',(2.004070664637,20.949950134605));
#1244 = CARTESIAN_POINT('',(2.118894705367,20.918498020586));
#1245 = CARTESIAN_POINT('',(2.229621718343,20.883192131624));
#1246 = CARTESIAN_POINT('',(2.336701700025,20.846948773866));
#1247 = CARTESIAN_POINT('',(2.440471785254,20.812184918044));
#1248 = CARTESIAN_POINT('',(2.541164587522,20.780728990672));
#1249 = CARTESIAN_POINT('',(2.752542634316,20.722460613887));
#1250 = CARTESIAN_POINT('',(2.863552789994,20.696854497908));
#1251 = CARTESIAN_POINT('',(2.972863801014,20.678867098278));
#1252 = CARTESIAN_POINT('',(3.081203393722,20.669688532889));
#1253 = CARTESIAN_POINT('',(3.18924659057,20.669848510334));
#1254 = CARTESIAN_POINT('',(3.297662461143,20.679247033082));
#1255 = CARTESIAN_POINT('',(3.407157898771,20.697154013246));
#1256 = CARTESIAN_POINT('',(3.611770795374,20.743098688055));
#1257 = CARTESIAN_POINT('',(3.706426001641,20.769024337396));
#1258 = CARTESIAN_POINT('',(3.80308156982,20.799164595577));
#1259 = CARTESIAN_POINT('',(3.902230221932,20.832369927767));
#1260 = CARTESIAN_POINT('',(4.004399423992,20.867073467605));
#1261 = CARTESIAN_POINT('',(4.110164066899,20.901202773912));
#1262 = CARTESIAN_POINT('',(4.220189633972,20.932186085561));
#1263 = CARTESIAN_POINT('',(4.442076375238,20.980326513299));
#1264 = CARTESIAN_POINT('',(4.553151042739,20.998327431532));
#1265 = CARTESIAN_POINT('',(4.666452943058,21.008310001533));
#1266 = CARTESIAN_POINT('',(4.780498863861,21.008249416291));
#1267 = CARTESIAN_POINT('',(4.89398198293,20.997808570742));
#1268 = CARTESIAN_POINT('',(5.00554069415,20.97867079753));
#1269 = CARTESIAN_POINT('',(5.113449535074,20.953813961745));
#1270 = CARTESIAN_POINT('',(5.367129235252,20.88562859344));
#1271 = CARTESIAN_POINT('',(5.510461984038,20.837808621393));
#1272 = CARTESIAN_POINT('',(5.647294271156,20.789860805149));
#1273 = CARTESIAN_POINT('',(5.77912430642,20.747101575764));
#1274 = CARTESIAN_POINT('',(5.907322822498,20.712940563405));
#1275 = CARTESIAN_POINT('',(6.033133097602,20.689424177084));
#1276 = CARTESIAN_POINT('',(6.157888400128,20.677574418193));
#1277 = CARTESIAN_POINT('',(6.28318530718,20.677574409919));
#1278 = ( GEOMETRIC_REPRESENTATION_CONTEXT(2) 
PARAMETRIC_REPRESENTATION_CONTEXT() REPRESENTATION_CONTEXT('2D SPACE',''
  ) );
#1279 = PCURVE('',#1013,#1280);
#1280 = DEFINITIONAL_REPRESENTATION('',(#1281),#1333);
#1281 = B_SPLINE_CURVE_WITH_KNOTS('',8,(#1282,#1283,#1284,#1285,#1286,
    #1287,#1288,#1289,#1290,#1291,#1292,#1293,#1294,#1295,#1296,#1297,
    #1298,#1299,#1300,#1301,#1302,#1303,#1304,#1305,#1306,#1307,#1308,
    #1309,#1310,#1311,#1312,#1313,#1314,#1315,#1316,#1317,#1318,#1319,
    #1320,#1321,#1322,#1323,#1324,#1325,#1326,#1327,#1328,#1329,#1330,
    #1331,#1332),.UNSPECIFIED.,.T.,.F.,(9,7,7,7,7,7,7,9),(0.,
    0.153653132746,0.277378499423,0.411684554159,0.567737610864,
    0.698246974761,0.819093768033,1.),.UNSPECIFIED.);
#1282 = CARTESIAN_POINT('',(1.266103672779,13.));
#1283 = CARTESIAN_POINT('',(1.266103676089,12.779031695206));
#1284 = CARTESIAN_POINT('',(1.270083062851,12.558591823883));
#1285 = CARTESIAN_POINT('',(1.278008359472,12.340640763451));
#1286 = CARTESIAN_POINT('',(1.289903305987,12.127250745186));
#1287 = CARTESIAN_POINT('',(1.305820495612,11.920933559641));
#1288 = CARTESIAN_POINT('',(1.325829033271,11.724870176031));
#1289 = CARTESIAN_POINT('',(1.35000156905,11.543249336995));
#1290 = CARTESIAN_POINT('',(1.401238360051,11.252017514366));
#1291 = CARTESIAN_POINT('',(1.427659273078,11.130513133764));
#1292 = CARTESIAN_POINT('',(1.457255161292,11.026509758671));
#1293 = CARTESIAN_POINT('',(1.489393964589,10.946864795879));
#1294 = CARTESIAN_POINT('',(1.523292439308,10.896342697023));
#1295 = CARTESIAN_POINT('',(1.558116160428,10.877727656677));
#1296 = CARTESIAN_POINT('',(1.592988620007,10.891798643094));
#1297 = CARTESIAN_POINT('',(1.664004141928,10.986477239932));
#1298 = CARTESIAN_POINT('',(1.698365932029,11.070491656416));
#1299 = CARTESIAN_POINT('',(1.729747835586,11.182567293859));
#1300 = CARTESIAN_POINT('',(1.757927839574,11.31707404352));
#1301 = CARTESIAN_POINT('',(1.782762403975,11.469067139414));
#1302 = CARTESIAN_POINT('',(1.804175247653,11.634143142278));
#1303 = CARTESIAN_POINT('',(1.822168796239,11.808390660621));
#1304 = CARTESIAN_POINT('',(1.853832192992,12.197377848904));
#1305 = CARTESIAN_POINT('',(1.866532190197,12.416585406974));
#1306 = CARTESIAN_POINT('',(1.874962910752,12.642285884392));
#1307 = CARTESIAN_POINT('',(1.879148250508,12.871580826626));
#1308 = CARTESIAN_POINT('',(1.879099349579,13.101893417751));
#1309 = CARTESIAN_POINT('',(1.87481848406,13.330736737746));
#1310 = CARTESIAN_POINT('',(1.866293267821,13.555499131217));
#1311 = CARTESIAN_POINT('',(1.842762433359,13.955012077156));
#1312 = CARTESIAN_POINT('',(1.829032383873,14.132158247368));
#1313 = CARTESIAN_POINT('',(1.812246312774,14.302701855419));
#1314 = CARTESIAN_POINT('',(1.792353795209,14.464359240257));
#1315 = CARTESIAN_POINT('',(1.769315890706,14.614254735989));
#1316 = CARTESIAN_POINT('',(1.743118303898,14.748794155482));
#1317 = CARTESIAN_POINT('',(1.713792573147,14.863467567844));
#1318 = CARTESIAN_POINT('',(1.651520135622,15.034999678331));
#1319 = CARTESIAN_POINT('',(1.619015837095,15.095472276976));
#1320 = CARTESIAN_POINT('',(1.584858148522,15.127180414366));
#1321 = CARTESIAN_POINT('',(1.550093897077,15.126680706529));
#1322 = CARTESIAN_POINT('',(1.515795666099,15.093595236469));
#1323 = CARTESIAN_POINT('',(1.483024508194,15.030487545556));
#1324 = CARTESIAN_POINT('',(1.45275400454,14.94302519494));
#1325 = CARTESIAN_POINT('',(1.385356027632,14.686381826968));
#1326 = CARTESIAN_POINT('',(1.350863787872,14.492730434832));
#1327 = CARTESIAN_POINT('',(1.322371314923,14.272221604893));
#1328 = CARTESIAN_POINT('',(1.299775631874,14.033562551462));
#1329 = CARTESIAN_POINT('',(1.282945918301,13.783022987456));
#1330 = CARTESIAN_POINT('',(1.271746167351,13.525108266704));
#1331 = CARTESIAN_POINT('',(1.26610367672,13.263123504809));
#1332 = CARTESIAN_POINT('',(1.266103672779,13.));
#1333 = ( GEOMETRIC_REPRESENTATION_CONTEXT(2) 
PARAMETRIC_REPRESENTATION_CONTEXT() REPRESENTATION_CONTEXT('2D SPACE',''
  ) );
#1334 = ORIENTED_EDGE('',*,*,#1147,.T.);
#1335 = ORIENTED_EDGE('',*,*,#486,.F.);
#1336 = ORIENTED_EDGE('',*,*,#1120,.F.);
#1337 = ADVANCED_FACE('',(#1338,#1483),#344,.T.);
#1338 = FACE_BOUND('',#1339,.T.);
#1339 = EDGE_LOOP('',(#1340,#1341,#1364,#1387,#1410,#1438,#1461,#1482));
#1340 = ORIENTED_EDGE('',*,*,#327,.F.);
#1341 = ORIENTED_EDGE('',*,*,#1342,.T.);
#1342 = EDGE_CURVE('',#307,#1343,#1345,.T.);
#1343 = VERTEX_POINT('',#1344);
#1344 = CARTESIAN_POINT('',(11.,64.,21.));
#1345 = SURFACE_CURVE('',#1346,(#1350,#1357),.PCURVE_S1.);
#1346 = LINE('',#1347,#1348);
#1347 = CARTESIAN_POINT('',(11.,37.,21.));
#1348 = VECTOR('',#1349,1.);
#1349 = DIRECTION('',(0.,1.,1.110223024625E-16));
#1350 = PCURVE('',#344,#1351);
#1351 = DEFINITIONAL_REPRESENTATION('',(#1352),#1356);
#1352 = LINE('',#1353,#1354);
#1353 = CARTESIAN_POINT('',(-37.,11.));
#1354 = VECTOR('',#1355,1.);
#1355 = DIRECTION('',(-1.,0.));
#1356 = ( GEOMETRIC_REPRESENTATION_CONTEXT(2) 
PARAMETRIC_REPRESENTATION_CONTEXT() REPRESENTATION_CONTEXT('2D SPACE',''
  ) );
#1357 = PCURVE('',#72,#1358);
#1358 = DEFINITIONAL_REPRESENTATION('',(#1359),#1363);
#1359 = LINE('',#1360,#1361);
#1360 = CARTESIAN_POINT('',(0.,0.));
#1361 = VECTOR('',#1362,1.);
#1362 = DIRECTION('',(1.,0.));
#1363 = ( GEOMETRIC_REPRESENTATION_CONTEXT(2) 
PARAMETRIC_REPRESENTATION_CONTEXT() REPRESENTATION_CONTEXT('2D SPACE',''
  ) );
#1364 = ORIENTED_EDGE('',*,*,#1365,.F.);
#1365 = EDGE_CURVE('',#1366,#1343,#1368,.T.);
#1366 = VERTEX_POINT('',#1367);
#1367 = CARTESIAN_POINT('',(-11.,64.,21.));
#1368 = SURFACE_CURVE('',#1369,(#1373,#1380),.PCURVE_S1.);
#1369 = LINE('',#1370,#1371);
#1370 = CARTESIAN_POINT('',(-11.,64.,21.));
#1371 = VECTOR('',#1372,1.);
#1372 = DIRECTION('',(1.,0.,0.));
#1373 = PCURVE('',#344,#1374);
#1374 = DEFINITIONAL_REPRESENTATION('',(#1375),#1379);
#1375 = LINE('',#1376,#1377);
#1376 = CARTESIAN_POINT('',(-64.,-11.));
#1377 = VECTOR('',#1378,1.);
#1378 = DIRECTION('',(0.,1.));
#1379 = ( GEOMETRIC_REPRESENTATION_CONTEXT(2) 
PARAMETRIC_REPRESENTATION_CONTEXT() REPRESENTATION_CONTEXT('2D SPACE',''
  ) );
#1380 = PCURVE('',#774,#1381);
#1381 = DEFINITIONAL_REPRESENTATION('',(#1382),#1386);
#1382 = LINE('',#1383,#1384);
#1383 = CARTESIAN_POINT('',(0.,0.));
#1384 = VECTOR('',#1385,1.);
#1385 = DIRECTION('',(1.,0.));
#1386 = ( GEOMETRIC_REPRESENTATION_CONTEXT(2) 
PARAMETRIC_REPRESENTATION_CONTEXT() REPRESENTATION_CONTEXT('2D SPACE',''
  ) );
#1387 = ORIENTED_EDGE('',*,*,#1388,.F.);
#1388 = EDGE_CURVE('',#1389,#1366,#1391,.T.);
#1389 = VERTEX_POINT('',#1390);
#1390 = CARTESIAN_POINT('',(-10.99999999999,44.665422868255,21.));
#1391 = SURFACE_CURVE('',#1392,(#1396,#1403),.PCURVE_S1.);
#1392 = LINE('',#1393,#1394);
#1393 = CARTESIAN_POINT('',(-11.,37.,21.));
#1394 = VECTOR('',#1395,1.);
#1395 = DIRECTION('',(0.,1.,1.110223024625E-16));
#1396 = PCURVE('',#344,#1397);
#1397 = DEFINITIONAL_REPRESENTATION('',(#1398),#1402);
#1398 = LINE('',#1399,#1400);
#1399 = CARTESIAN_POINT('',(-37.,-11.));
#1400 = VECTOR('',#1401,1.);
#1401 = DIRECTION('',(-1.,0.));
#1402 = ( GEOMETRIC_REPRESENTATION_CONTEXT(2) 
PARAMETRIC_REPRESENTATION_CONTEXT() REPRESENTATION_CONTEXT('2D SPACE',''
  ) );
#1403 = PCURVE('',#748,#1404);
#1404 = DEFINITIONAL_REPRESENTATION('',(#1405),#1409);
#1405 = LINE('',#1406,#1407);
#1406 = CARTESIAN_POINT('',(0.,0.));
#1407 = VECTOR('',#1408,1.);
#1408 = DIRECTION('',(1.,0.));
#1409 = ( GEOMETRIC_REPRESENTATION_CONTEXT(2) 
PARAMETRIC_REPRESENTATION_CONTEXT() REPRESENTATION_CONTEXT('2D SPACE',''
  ) );
#1410 = ORIENTED_EDGE('',*,*,#1411,.F.);
#1411 = EDGE_CURVE('',#1412,#1389,#1414,.T.);
#1412 = VERTEX_POINT('',#1413);
#1413 = CARTESIAN_POINT('',(-11.,-44.66542286825,21.));
#1414 = SURFACE_CURVE('',#1415,(#1420,#1431),.PCURVE_S1.);
#1415 = CIRCLE('',#1416,46.);
#1416 = AXIS2_PLACEMENT_3D('',#1417,#1418,#1419);
#1417 = CARTESIAN_POINT('',(0.,9.251858538543E-17,21.));
#1418 = DIRECTION('',(0.,1.110223024625E-16,-1.));
#1419 = DIRECTION('',(0.,1.,1.110223024625E-16));
#1420 = PCURVE('',#344,#1421);
#1421 = DEFINITIONAL_REPRESENTATION('',(#1422),#1430);
#1422 = ( BOUNDED_CURVE() B_SPLINE_CURVE(2,(#1423,#1424,#1425,#1426,
#1427,#1428,#1429),.UNSPECIFIED.,.T.,.F.) B_SPLINE_CURVE_WITH_KNOTS((1,2
    ,2,2,2,1),(-2.094395102393,0.,2.094395102393,4.188790204786,
6.28318530718,8.377580409573),.UNSPECIFIED.) CURVE() 
GEOMETRIC_REPRESENTATION_ITEM() RATIONAL_B_SPLINE_CURVE((1.,0.5,1.,0.5,
1.,0.5,1.)) REPRESENTATION_ITEM('') );
#1423 = CARTESIAN_POINT('',(-46.,7.938840605908E-16));
#1424 = CARTESIAN_POINT('',(-46.,79.674337148168));
#1425 = CARTESIAN_POINT('',(23.,39.837168574084));
#1426 = CARTESIAN_POINT('',(92.,1.206063461275E-14));
#1427 = CARTESIAN_POINT('',(23.,-39.83716857408));
#1428 = CARTESIAN_POINT('',(-46.,-79.67433714816));
#1429 = CARTESIAN_POINT('',(-46.,7.938840605908E-16));
#1430 = ( GEOMETRIC_REPRESENTATION_CONTEXT(2) 
PARAMETRIC_REPRESENTATION_CONTEXT() REPRESENTATION_CONTEXT('2D SPACE',''
  ) );
#1431 = PCURVE('',#720,#1432);
#1432 = DEFINITIONAL_REPRESENTATION('',(#1433),#1437);
#1433 = LINE('',#1434,#1435);
#1434 = CARTESIAN_POINT('',(0.,0.));
#1435 = VECTOR('',#1436,1.);
#1436 = DIRECTION('',(1.,0.));
#1437 = ( GEOMETRIC_REPRESENTATION_CONTEXT(2) 
PARAMETRIC_REPRESENTATION_CONTEXT() REPRESENTATION_CONTEXT('2D SPACE',''
  ) );
#1438 = ORIENTED_EDGE('',*,*,#1439,.F.);
#1439 = EDGE_CURVE('',#1440,#1412,#1442,.T.);
#1440 = VERTEX_POINT('',#1441);
#1441 = CARTESIAN_POINT('',(-11.,-64.,21.));
#1442 = SURFACE_CURVE('',#1443,(#1447,#1454),.PCURVE_S1.);
#1443 = LINE('',#1444,#1445);
#1444 = CARTESIAN_POINT('',(-11.,-64.,21.));
#1445 = VECTOR('',#1446,1.);
#1446 = DIRECTION('',(0.,1.,1.110223024625E-16));
#1447 = PCURVE('',#344,#1448);
#1448 = DEFINITIONAL_REPRESENTATION('',(#1449),#1453);
#1449 = LINE('',#1450,#1451);
#1450 = CARTESIAN_POINT('',(64.,-11.));
#1451 = VECTOR('',#1452,1.);
#1452 = DIRECTION('',(-1.,0.));
#1453 = ( GEOMETRIC_REPRESENTATION_CONTEXT(2) 
PARAMETRIC_REPRESENTATION_CONTEXT() REPRESENTATION_CONTEXT('2D SPACE',''
  ) );
#1454 = PCURVE('',#691,#1455);
#1455 = DEFINITIONAL_REPRESENTATION('',(#1456),#1460);
#1456 = LINE('',#1457,#1458);
#1457 = CARTESIAN_POINT('',(0.,0.));
#1458 = VECTOR('',#1459,1.);
#1459 = DIRECTION('',(1.,0.));
#1460 = ( GEOMETRIC_REPRESENTATION_CONTEXT(2) 
PARAMETRIC_REPRESENTATION_CONTEXT() REPRESENTATION_CONTEXT('2D SPACE',''
  ) );
#1461 = ORIENTED_EDGE('',*,*,#1462,.T.);
#1462 = EDGE_CURVE('',#1440,#1075,#1463,.T.);
#1463 = SURFACE_CURVE('',#1464,(#1468,#1475),.PCURVE_S1.);
#1464 = LINE('',#1465,#1466);
#1465 = CARTESIAN_POINT('',(-11.,-64.,21.));
#1466 = VECTOR('',#1467,1.);
#1467 = DIRECTION('',(1.,0.,0.));
#1468 = PCURVE('',#344,#1469);
#1469 = DEFINITIONAL_REPRESENTATION('',(#1470),#1474);
#1470 = LINE('',#1471,#1472);
#1471 = CARTESIAN_POINT('',(64.,-11.));
#1472 = VECTOR('',#1473,1.);
#1473 = DIRECTION('',(0.,1.));
#1474 = ( GEOMETRIC_REPRESENTATION_CONTEXT(2) 
PARAMETRIC_REPRESENTATION_CONTEXT() REPRESENTATION_CONTEXT('2D SPACE',''
  ) );
#1475 = PCURVE('',#663,#1476);
#1476 = DEFINITIONAL_REPRESENTATION('',(#1477),#1481);
#1477 = LINE('',#1478,#1479);
#1478 = CARTESIAN_POINT('',(0.,0.));
#1479 = VECTOR('',#1480,1.);
#1480 = DIRECTION('',(1.,0.));
#1481 = ( GEOMETRIC_REPRESENTATION_CONTEXT(2) 
PARAMETRIC_REPRESENTATION_CONTEXT() REPRESENTATION_CONTEXT('2D SPACE',''
  ) );
#1482 = ORIENTED_EDGE('',*,*,#1074,.T.);
#1483 = FACE_BOUND('',#1484,.T.);
#1484 = EDGE_LOOP('',(#1485,#1520,#1553,#1581,#1609,#1642,#1670,#1698,
    #1726,#1754,#1782,#1810,#1838));
#1485 = ORIENTED_EDGE('',*,*,#1486,.T.);
#1486 = EDGE_CURVE('',#1487,#1489,#1491,.T.);
#1487 = VERTEX_POINT('',#1488);
#1488 = CARTESIAN_POINT('',(9.350805581786,45.039565217391,21.));
#1489 = VERTEX_POINT('',#1490);
#1490 = CARTESIAN_POINT('',(4.478098751814,37.735217391304,21.));
#1491 = SURFACE_CURVE('',#1492,(#1497,#1508),.PCURVE_S1.);
#1492 = CIRCLE('',#1493,9.4);
#1493 = AXIS2_PLACEMENT_3D('',#1494,#1495,#1496);
#1494 = CARTESIAN_POINT('',(0.,46.,21.));
#1495 = DIRECTION('',(0.,1.110223024625E-16,-1.));
#1496 = DIRECTION('',(0.,1.,1.110223024625E-16));
#1497 = PCURVE('',#344,#1498);
#1498 = DEFINITIONAL_REPRESENTATION('',(#1499),#1507);
#1499 = ( BOUNDED_CURVE() B_SPLINE_CURVE(2,(#1500,#1501,#1502,#1503,
#1504,#1505,#1506),.UNSPECIFIED.,.T.,.F.) B_SPLINE_CURVE_WITH_KNOTS((1,2
    ,2,2,2,1),(-2.094395102393,0.,2.094395102393,4.188790204786,
6.28318530718,8.377580409573),.UNSPECIFIED.) CURVE() 
GEOMETRIC_REPRESENTATION_ITEM() RATIONAL_B_SPLINE_CURVE((1.,0.5,1.,0.5,
1.,0.5,1.)) REPRESENTATION_ITEM('') );
#1500 = CARTESIAN_POINT('',(-55.4,7.938840605908E-16));
#1501 = CARTESIAN_POINT('',(-55.4,16.281277591147));
#1502 = CARTESIAN_POINT('',(-41.3,8.140638795574));
#1503 = CARTESIAN_POINT('',(-27.2,3.096220042988E-15));
#1504 = CARTESIAN_POINT('',(-41.3,-8.140638795574));
#1505 = CARTESIAN_POINT('',(-55.4,-16.28127759114));
#1506 = CARTESIAN_POINT('',(-55.4,7.938840605908E-16));
#1507 = ( GEOMETRIC_REPRESENTATION_CONTEXT(2) 
PARAMETRIC_REPRESENTATION_CONTEXT() REPRESENTATION_CONTEXT('2D SPACE',''
  ) );
#1508 = PCURVE('',#1509,#1514);
#1509 = CONICAL_SURFACE('',#1510,9.5,0.785398163397);
#1510 = AXIS2_PLACEMENT_3D('',#1511,#1512,#1513);
#1511 = CARTESIAN_POINT('',(0.,46.,21.1));
#1512 = DIRECTION('',(-0.,-1.110223024625E-16,1.));
#1513 = DIRECTION('',(0.,1.,1.110223024625E-16));
#1514 = DEFINITIONAL_REPRESENTATION('',(#1515),#1519);
#1515 = LINE('',#1516,#1517);
#1516 = CARTESIAN_POINT('',(-0.,-9.999999999999E-02));
#1517 = VECTOR('',#1518,1.);
#1518 = DIRECTION('',(-1.,-0.));
#1519 = ( GEOMETRIC_REPRESENTATION_CONTEXT(2) 
PARAMETRIC_REPRESENTATION_CONTEXT() REPRESENTATION_CONTEXT('2D SPACE',''
  ) );
#1520 = ORIENTED_EDGE('',*,*,#1521,.T.);
#1521 = EDGE_CURVE('',#1489,#1522,#1524,.T.);
#1522 = VERTEX_POINT('',#1523);
#1523 = CARTESIAN_POINT('',(8.660254037844,37.,21.));
#1524 = SURFACE_CURVE('',#1525,(#1530,#1541),.PCURVE_S1.);
#1525 = CIRCLE('',#1526,38.);
#1526 = AXIS2_PLACEMENT_3D('',#1527,#1528,#1529);
#1527 = CARTESIAN_POINT('',(0.,9.251858538543E-17,21.));
#1528 = DIRECTION('',(0.,1.110223024625E-16,-1.));
#1529 = DIRECTION('',(0.,1.,1.110223024625E-16));
#1530 = PCURVE('',#344,#1531);
#1531 = DEFINITIONAL_REPRESENTATION('',(#1532),#1540);
#1532 = ( BOUNDED_CURVE() B_SPLINE_CURVE(2,(#1533,#1534,#1535,#1536,
#1537,#1538,#1539),.UNSPECIFIED.,.T.,.F.) B_SPLINE_CURVE_WITH_KNOTS((1,2
    ,2,2,2,1),(-2.094395102393,0.,2.094395102393,4.188790204786,
6.28318530718,8.377580409573),.UNSPECIFIED.) CURVE() 
GEOMETRIC_REPRESENTATION_ITEM() RATIONAL_B_SPLINE_CURVE((1.,0.5,1.,0.5,
1.,0.5,1.)) REPRESENTATION_ITEM('') );
#1533 = CARTESIAN_POINT('',(-38.,7.938840605908E-16));
#1534 = CARTESIAN_POINT('',(-38.,65.817930687617));
#1535 = CARTESIAN_POINT('',(19.,32.908965343809));
#1536 = CARTESIAN_POINT('',(76.,1.010119973411E-14));
#1537 = CARTESIAN_POINT('',(19.,-32.9089653438));
#1538 = CARTESIAN_POINT('',(-38.,-65.81793068761));
#1539 = CARTESIAN_POINT('',(-38.,7.938840605908E-16));
#1540 = ( GEOMETRIC_REPRESENTATION_CONTEXT(2) 
PARAMETRIC_REPRESENTATION_CONTEXT() REPRESENTATION_CONTEXT('2D SPACE',''
  ) );
#1541 = PCURVE('',#1542,#1547);
#1542 = CYLINDRICAL_SURFACE('',#1543,38.);
#1543 = AXIS2_PLACEMENT_3D('',#1544,#1545,#1546);
#1544 = CARTESIAN_POINT('',(0.,-1.42108547152E-14,149.83333333333));
#1545 = DIRECTION('',(0.,1.110223024625E-16,-1.));
#1546 = DIRECTION('',(0.,1.,1.110223024625E-16));
#1547 = DEFINITIONAL_REPRESENTATION('',(#1548),#1552);
#1548 = LINE('',#1549,#1550);
#1549 = CARTESIAN_POINT('',(0.,128.83333333333));
#1550 = VECTOR('',#1551,1.);
#1551 = DIRECTION('',(1.,0.));
#1552 = ( GEOMETRIC_REPRESENTATION_CONTEXT(2) 
PARAMETRIC_REPRESENTATION_CONTEXT() REPRESENTATION_CONTEXT('2D SPACE',''
  ) );
#1553 = ORIENTED_EDGE('',*,*,#1554,.T.);
#1554 = EDGE_CURVE('',#1522,#1555,#1557,.T.);
#1555 = VERTEX_POINT('',#1556);
#1556 = CARTESIAN_POINT('',(8.660254037844,-37.,21.));
#1557 = SURFACE_CURVE('',#1558,(#1563,#1574),.PCURVE_S1.);
#1558 = CIRCLE('',#1559,38.);
#1559 = AXIS2_PLACEMENT_3D('',#1560,#1561,#1562);
#1560 = CARTESIAN_POINT('',(0.,9.251858538543E-17,21.));
#1561 = DIRECTION('',(0.,1.110223024625E-16,-1.));
#1562 = DIRECTION('',(0.,1.,1.110223024625E-16));
#1563 = PCURVE('',#344,#1564);
#1564 = DEFINITIONAL_REPRESENTATION('',(#1565),#1573);
#1565 = ( BOUNDED_CURVE() B_SPLINE_CURVE(2,(#1566,#1567,#1568,#1569,
#1570,#1571,#1572),.UNSPECIFIED.,.T.,.F.) B_SPLINE_CURVE_WITH_KNOTS((1,2
    ,2,2,2,1),(-2.094395102393,0.,2.094395102393,4.188790204786,
6.28318530718,8.377580409573),.UNSPECIFIED.) CURVE() 
GEOMETRIC_REPRESENTATION_ITEM() RATIONAL_B_SPLINE_CURVE((1.,0.5,1.,0.5,
1.,0.5,1.)) REPRESENTATION_ITEM('') );
#1566 = CARTESIAN_POINT('',(-38.,7.938840605908E-16));
#1567 = CARTESIAN_POINT('',(-38.,65.817930687617));
#1568 = CARTESIAN_POINT('',(19.,32.908965343809));
#1569 = CARTESIAN_POINT('',(76.,1.010119973411E-14));
#1570 = CARTESIAN_POINT('',(19.,-32.9089653438));
#1571 = CARTESIAN_POINT('',(-38.,-65.81793068761));
#1572 = CARTESIAN_POINT('',(-38.,7.938840605908E-16));
#1573 = ( GEOMETRIC_REPRESENTATION_CONTEXT(2) 
PARAMETRIC_REPRESENTATION_CONTEXT() REPRESENTATION_CONTEXT('2D SPACE',''
  ) );
#1574 = PCURVE('',#1542,#1575);
#1575 = DEFINITIONAL_REPRESENTATION('',(#1576),#1580);
#1576 = LINE('',#1577,#1578);
#1577 = CARTESIAN_POINT('',(0.,128.83333333333));
#1578 = VECTOR('',#1579,1.);
#1579 = DIRECTION('',(1.,0.));
#1580 = ( GEOMETRIC_REPRESENTATION_CONTEXT(2) 
PARAMETRIC_REPRESENTATION_CONTEXT() REPRESENTATION_CONTEXT('2D SPACE',''
  ) );
#1581 = ORIENTED_EDGE('',*,*,#1582,.T.);
#1582 = EDGE_CURVE('',#1583,#1555,#1585,.T.);
#1583 = VERTEX_POINT('',#1584);
#1584 = CARTESIAN_POINT('',(4.478098751814,-37.7352173913,21.));
#1585 = SURFACE_CURVE('',#1586,(#1591,#1602),.PCURVE_S1.);
#1586 = CIRCLE('',#1587,38.);
#1587 = AXIS2_PLACEMENT_3D('',#1588,#1589,#1590);
#1588 = CARTESIAN_POINT('',(0.,9.251858538543E-17,21.));
#1589 = DIRECTION('',(0.,1.110223024625E-16,-1.));
#1590 = DIRECTION('',(0.,1.,1.110223024625E-16));
#1591 = PCURVE('',#344,#1592);
#1592 = DEFINITIONAL_REPRESENTATION('',(#1593),#1601);
#1593 = ( BOUNDED_CURVE() B_SPLINE_CURVE(2,(#1594,#1595,#1596,#1597,
#1598,#1599,#1600),.UNSPECIFIED.,.T.,.F.) B_SPLINE_CURVE_WITH_KNOTS((1,2
    ,2,2,2,1),(-2.094395102393,0.,2.094395102393,4.188790204786,
6.28318530718,8.377580409573),.UNSPECIFIED.) CURVE() 
GEOMETRIC_REPRESENTATION_ITEM() RATIONAL_B_SPLINE_CURVE((1.,0.5,1.,0.5,
1.,0.5,1.)) REPRESENTATION_ITEM('') );
#1594 = CARTESIAN_POINT('',(-38.,7.938840605908E-16));
#1595 = CARTESIAN_POINT('',(-38.,65.817930687617));
#1596 = CARTESIAN_POINT('',(19.,32.908965343809));
#1597 = CARTESIAN_POINT('',(76.,1.010119973411E-14));
#1598 = CARTESIAN_POINT('',(19.,-32.9089653438));
#1599 = CARTESIAN_POINT('',(-38.,-65.81793068761));
#1600 = CARTESIAN_POINT('',(-38.,7.938840605908E-16));
#1601 = ( GEOMETRIC_REPRESENTATION_CONTEXT(2) 
PARAMETRIC_REPRESENTATION_CONTEXT() REPRESENTATION_CONTEXT('2D SPACE',''
  ) );
#1602 = PCURVE('',#1542,#1603);
#1603 = DEFINITIONAL_REPRESENTATION('',(#1604),#1608);
#1604 = LINE('',#1605,#1606);
#1605 = CARTESIAN_POINT('',(0.,128.83333333333));
#1606 = VECTOR('',#1607,1.);
#1607 = DIRECTION('',(1.,0.));
#1608 = ( GEOMETRIC_REPRESENTATION_CONTEXT(2) 
PARAMETRIC_REPRESENTATION_CONTEXT() REPRESENTATION_CONTEXT('2D SPACE',''
  ) );
#1609 = ORIENTED_EDGE('',*,*,#1610,.T.);
#1610 = EDGE_CURVE('',#1583,#1611,#1613,.T.);
#1611 = VERTEX_POINT('',#1612);
#1612 = CARTESIAN_POINT('',(9.350805581786,-45.03956521739,21.));
#1613 = SURFACE_CURVE('',#1614,(#1619,#1630),.PCURVE_S1.);
#1614 = CIRCLE('',#1615,9.4);
#1615 = AXIS2_PLACEMENT_3D('',#1616,#1617,#1618);
#1616 = CARTESIAN_POINT('',(0.,-46.,21.));
#1617 = DIRECTION('',(0.,1.110223024625E-16,-1.));
#1618 = DIRECTION('',(0.,1.,1.110223024625E-16));
#1619 = PCURVE('',#344,#1620);
#1620 = DEFINITIONAL_REPRESENTATION('',(#1621),#1629);
#1621 = ( BOUNDED_CURVE() B_SPLINE_CURVE(2,(#1622,#1623,#1624,#1625,
#1626,#1627,#1628),.UNSPECIFIED.,.T.,.F.) B_SPLINE_CURVE_WITH_KNOTS((1,2
    ,2,2,2,1),(-2.094395102393,0.,2.094395102393,4.188790204786,
6.28318530718,8.377580409573),.UNSPECIFIED.) CURVE() 
GEOMETRIC_REPRESENTATION_ITEM() RATIONAL_B_SPLINE_CURVE((1.,0.5,1.,0.5,
1.,0.5,1.)) REPRESENTATION_ITEM('') );
#1622 = CARTESIAN_POINT('',(36.6,7.938840605908E-16));
#1623 = CARTESIAN_POINT('',(36.6,16.281277591147));
#1624 = CARTESIAN_POINT('',(50.7,8.140638795574));
#1625 = CARTESIAN_POINT('',(64.8,3.096220042988E-15));
#1626 = CARTESIAN_POINT('',(50.7,-8.140638795574));
#1627 = CARTESIAN_POINT('',(36.6,-16.28127759114));
#1628 = CARTESIAN_POINT('',(36.6,7.938840605908E-16));
#1629 = ( GEOMETRIC_REPRESENTATION_CONTEXT(2) 
PARAMETRIC_REPRESENTATION_CONTEXT() REPRESENTATION_CONTEXT('2D SPACE',''
  ) );
#1630 = PCURVE('',#1631,#1636);
#1631 = CONICAL_SURFACE('',#1632,9.5,0.785398163397);
#1632 = AXIS2_PLACEMENT_3D('',#1633,#1634,#1635);
#1633 = CARTESIAN_POINT('',(0.,-46.,21.1));
#1634 = DIRECTION('',(-0.,-1.110223024625E-16,1.));
#1635 = DIRECTION('',(0.,1.,1.110223024625E-16));
#1636 = DEFINITIONAL_REPRESENTATION('',(#1637),#1641);
#1637 = LINE('',#1638,#1639);
#1638 = CARTESIAN_POINT('',(-0.,-9.999999999999E-02));
#1639 = VECTOR('',#1640,1.);
#1640 = DIRECTION('',(-1.,-0.));
#1641 = ( GEOMETRIC_REPRESENTATION_CONTEXT(2) 
PARAMETRIC_REPRESENTATION_CONTEXT() REPRESENTATION_CONTEXT('2D SPACE',''
  ) );
#1642 = ORIENTED_EDGE('',*,*,#1643,.T.);
#1643 = EDGE_CURVE('',#1611,#1644,#1646,.T.);
#1644 = VERTEX_POINT('',#1645);
#1645 = CARTESIAN_POINT('',(-9.350805581786,-45.03956521739,21.));
#1646 = SURFACE_CURVE('',#1647,(#1652,#1663),.PCURVE_S1.);
#1647 = CIRCLE('',#1648,9.4);
#1648 = AXIS2_PLACEMENT_3D('',#1649,#1650,#1651);
#1649 = CARTESIAN_POINT('',(0.,-46.,21.));
#1650 = DIRECTION('',(0.,1.110223024625E-16,-1.));
#1651 = DIRECTION('',(0.,1.,1.110223024625E-16));
#1652 = PCURVE('',#344,#1653);
#1653 = DEFINITIONAL_REPRESENTATION('',(#1654),#1662);
#1654 = ( BOUNDED_CURVE() B_SPLINE_CURVE(2,(#1655,#1656,#1657,#1658,
#1659,#1660,#1661),.UNSPECIFIED.,.T.,.F.) B_SPLINE_CURVE_WITH_KNOTS((1,2
    ,2,2,2,1),(-2.094395102393,0.,2.094395102393,4.188790204786,
6.28318530718,8.377580409573),.UNSPECIFIED.) CURVE() 
GEOMETRIC_REPRESENTATION_ITEM() RATIONAL_B_SPLINE_CURVE((1.,0.5,1.,0.5,
1.,0.5,1.)) REPRESENTATION_ITEM('') );
#1655 = CARTESIAN_POINT('',(36.6,7.938840605908E-16));
#1656 = CARTESIAN_POINT('',(36.6,16.281277591147));
#1657 = CARTESIAN_POINT('',(50.7,8.140638795574));
#1658 = CARTESIAN_POINT('',(64.8,3.096220042988E-15));
#1659 = CARTESIAN_POINT('',(50.7,-8.140638795574));
#1660 = CARTESIAN_POINT('',(36.6,-16.28127759114));
#1661 = CARTESIAN_POINT('',(36.6,7.938840605908E-16));
#1662 = ( GEOMETRIC_REPRESENTATION_CONTEXT(2) 
PARAMETRIC_REPRESENTATION_CONTEXT() REPRESENTATION_CONTEXT('2D SPACE',''
  ) );
#1663 = PCURVE('',#1631,#1664);
#1664 = DEFINITIONAL_REPRESENTATION('',(#1665),#1669);
#1665 = LINE('',#1666,#1667);
#1666 = CARTESIAN_POINT('',(-0.,-9.999999999999E-02));
#1667 = VECTOR('',#1668,1.);
#1668 = DIRECTION('',(-1.,-0.));
#1669 = ( GEOMETRIC_REPRESENTATION_CONTEXT(2) 
PARAMETRIC_REPRESENTATION_CONTEXT() REPRESENTATION_CONTEXT('2D SPACE',''
  ) );
#1670 = ORIENTED_EDGE('',*,*,#1671,.T.);
#1671 = EDGE_CURVE('',#1644,#1672,#1674,.T.);
#1672 = VERTEX_POINT('',#1673);
#1673 = CARTESIAN_POINT('',(-4.478098751814,-37.7352173913,21.));
#1674 = SURFACE_CURVE('',#1675,(#1680,#1691),.PCURVE_S1.);
#1675 = CIRCLE('',#1676,9.4);
#1676 = AXIS2_PLACEMENT_3D('',#1677,#1678,#1679);
#1677 = CARTESIAN_POINT('',(0.,-46.,21.));
#1678 = DIRECTION('',(0.,1.110223024625E-16,-1.));
#1679 = DIRECTION('',(0.,1.,1.110223024625E-16));
#1680 = PCURVE('',#344,#1681);
#1681 = DEFINITIONAL_REPRESENTATION('',(#1682),#1690);
#1682 = ( BOUNDED_CURVE() B_SPLINE_CURVE(2,(#1683,#1684,#1685,#1686,
#1687,#1688,#1689),.UNSPECIFIED.,.T.,.F.) B_SPLINE_CURVE_WITH_KNOTS((1,2
    ,2,2,2,1),(-2.094395102393,0.,2.094395102393,4.188790204786,
6.28318530718,8.377580409573),.UNSPECIFIED.) CURVE() 
GEOMETRIC_REPRESENTATION_ITEM() RATIONAL_B_SPLINE_CURVE((1.,0.5,1.,0.5,
1.,0.5,1.)) REPRESENTATION_ITEM('') );
#1683 = CARTESIAN_POINT('',(36.6,7.938840605908E-16));
#1684 = CARTESIAN_POINT('',(36.6,16.281277591147));
#1685 = CARTESIAN_POINT('',(50.7,8.140638795574));
#1686 = CARTESIAN_POINT('',(64.8,3.096220042988E-15));
#1687 = CARTESIAN_POINT('',(50.7,-8.140638795574));
#1688 = CARTESIAN_POINT('',(36.6,-16.28127759114));
#1689 = CARTESIAN_POINT('',(36.6,7.938840605908E-16));
#1690 = ( GEOMETRIC_REPRESENTATION_CONTEXT(2) 
PARAMETRIC_REPRESENTATION_CONTEXT() REPRESENTATION_CONTEXT('2D SPACE',''
  ) );
#1691 = PCURVE('',#1631,#1692);
#1692 = DEFINITIONAL_REPRESENTATION('',(#1693),#1697);
#1693 = LINE('',#1694,#1695);
#1694 = CARTESIAN_POINT('',(-0.,-9.999999999999E-02));
#1695 = VECTOR('',#1696,1.);
#1696 = DIRECTION('',(-1.,-0.));
#1697 = ( GEOMETRIC_REPRESENTATION_CONTEXT(2) 
PARAMETRIC_REPRESENTATION_CONTEXT() REPRESENTATION_CONTEXT('2D SPACE',''
  ) );
#1698 = ORIENTED_EDGE('',*,*,#1699,.T.);
#1699 = EDGE_CURVE('',#1700,#1672,#1702,.T.);
#1700 = VERTEX_POINT('',#1701);
#1701 = CARTESIAN_POINT('',(-8.660254037844,-37.,21.));
#1702 = SURFACE_CURVE('',#1703,(#1708,#1719),.PCURVE_S1.);
#1703 = CIRCLE('',#1704,38.);
#1704 = AXIS2_PLACEMENT_3D('',#1705,#1706,#1707);
#1705 = CARTESIAN_POINT('',(0.,9.251858538543E-17,21.));
#1706 = DIRECTION('',(0.,1.110223024625E-16,-1.));
#1707 = DIRECTION('',(0.,1.,1.110223024625E-16));
#1708 = PCURVE('',#344,#1709);
#1709 = DEFINITIONAL_REPRESENTATION('',(#1710),#1718);
#1710 = ( BOUNDED_CURVE() B_SPLINE_CURVE(2,(#1711,#1712,#1713,#1714,
#1715,#1716,#1717),.UNSPECIFIED.,.T.,.F.) B_SPLINE_CURVE_WITH_KNOTS((1,2
    ,2,2,2,1),(-2.094395102393,0.,2.094395102393,4.188790204786,
6.28318530718,8.377580409573),.UNSPECIFIED.) CURVE() 
GEOMETRIC_REPRESENTATION_ITEM() RATIONAL_B_SPLINE_CURVE((1.,0.5,1.,0.5,
1.,0.5,1.)) REPRESENTATION_ITEM('') );
#1711 = CARTESIAN_POINT('',(-38.,7.938840605908E-16));
#1712 = CARTESIAN_POINT('',(-38.,65.817930687617));
#1713 = CARTESIAN_POINT('',(19.,32.908965343809));
#1714 = CARTESIAN_POINT('',(76.,1.010119973411E-14));
#1715 = CARTESIAN_POINT('',(19.,-32.9089653438));
#1716 = CARTESIAN_POINT('',(-38.,-65.81793068761));
#1717 = CARTESIAN_POINT('',(-38.,7.938840605908E-16));
#1718 = ( GEOMETRIC_REPRESENTATION_CONTEXT(2) 
PARAMETRIC_REPRESENTATION_CONTEXT() REPRESENTATION_CONTEXT('2D SPACE',''
  ) );
#1719 = PCURVE('',#1542,#1720);
#1720 = DEFINITIONAL_REPRESENTATION('',(#1721),#1725);
#1721 = LINE('',#1722,#1723);
#1722 = CARTESIAN_POINT('',(0.,128.83333333333));
#1723 = VECTOR('',#1724,1.);
#1724 = DIRECTION('',(1.,0.));
#1725 = ( GEOMETRIC_REPRESENTATION_CONTEXT(2) 
PARAMETRIC_REPRESENTATION_CONTEXT() REPRESENTATION_CONTEXT('2D SPACE',''
  ) );
#1726 = ORIENTED_EDGE('',*,*,#1727,.T.);
#1727 = EDGE_CURVE('',#1700,#1728,#1730,.T.);
#1728 = VERTEX_POINT('',#1729);
#1729 = CARTESIAN_POINT('',(-8.660254037844,37.,21.));
#1730 = SURFACE_CURVE('',#1731,(#1736,#1747),.PCURVE_S1.);
#1731 = CIRCLE('',#1732,38.);
#1732 = AXIS2_PLACEMENT_3D('',#1733,#1734,#1735);
#1733 = CARTESIAN_POINT('',(0.,9.251858538543E-17,21.));
#1734 = DIRECTION('',(0.,1.110223024625E-16,-1.));
#1735 = DIRECTION('',(0.,1.,1.110223024625E-16));
#1736 = PCURVE('',#344,#1737);
#1737 = DEFINITIONAL_REPRESENTATION('',(#1738),#1746);
#1738 = ( BOUNDED_CURVE() B_SPLINE_CURVE(2,(#1739,#1740,#1741,#1742,
#1743,#1744,#1745),.UNSPECIFIED.,.T.,.F.) B_SPLINE_CURVE_WITH_KNOTS((1,2
    ,2,2,2,1),(-2.094395102393,0.,2.094395102393,4.188790204786,
6.28318530718,8.377580409573),.UNSPECIFIED.) CURVE() 
GEOMETRIC_REPRESENTATION_ITEM() RATIONAL_B_SPLINE_CURVE((1.,0.5,1.,0.5,
1.,0.5,1.)) REPRESENTATION_ITEM('') );
#1739 = CARTESIAN_POINT('',(-38.,7.938840605908E-16));
#1740 = CARTESIAN_POINT('',(-38.,65.817930687617));
#1741 = CARTESIAN_POINT('',(19.,32.908965343809));
#1742 = CARTESIAN_POINT('',(76.,1.010119973411E-14));
#1743 = CARTESIAN_POINT('',(19.,-32.9089653438));
#1744 = CARTESIAN_POINT('',(-38.,-65.81793068761));
#1745 = CARTESIAN_POINT('',(-38.,7.938840605908E-16));
#1746 = ( GEOMETRIC_REPRESENTATION_CONTEXT(2) 
PARAMETRIC_REPRESENTATION_CONTEXT() REPRESENTATION_CONTEXT('2D SPACE',''
  ) );
#1747 = PCURVE('',#1542,#1748);
#1748 = DEFINITIONAL_REPRESENTATION('',(#1749),#1753);
#1749 = LINE('',#1750,#1751);
#1750 = CARTESIAN_POINT('',(0.,128.83333333333));
#1751 = VECTOR('',#1752,1.);
#1752 = DIRECTION('',(1.,0.));
#1753 = ( GEOMETRIC_REPRESENTATION_CONTEXT(2) 
PARAMETRIC_REPRESENTATION_CONTEXT() REPRESENTATION_CONTEXT('2D SPACE',''
  ) );
#1754 = ORIENTED_EDGE('',*,*,#1755,.T.);
#1755 = EDGE_CURVE('',#1728,#1756,#1758,.T.);
#1756 = VERTEX_POINT('',#1757);
#1757 = CARTESIAN_POINT('',(-4.478098751814,37.735217391304,21.));
#1758 = SURFACE_CURVE('',#1759,(#1764,#1775),.PCURVE_S1.);
#1759 = CIRCLE('',#1760,38.);
#1760 = AXIS2_PLACEMENT_3D('',#1761,#1762,#1763);
#1761 = CARTESIAN_POINT('',(0.,9.251858538543E-17,21.));
#1762 = DIRECTION('',(0.,1.110223024625E-16,-1.));
#1763 = DIRECTION('',(0.,1.,1.110223024625E-16));
#1764 = PCURVE('',#344,#1765);
#1765 = DEFINITIONAL_REPRESENTATION('',(#1766),#1774);
#1766 = ( BOUNDED_CURVE() B_SPLINE_CURVE(2,(#1767,#1768,#1769,#1770,
#1771,#1772,#1773),.UNSPECIFIED.,.T.,.F.) B_SPLINE_CURVE_WITH_KNOTS((1,2
    ,2,2,2,1),(-2.094395102393,0.,2.094395102393,4.188790204786,
6.28318530718,8.377580409573),.UNSPECIFIED.) CURVE() 
GEOMETRIC_REPRESENTATION_ITEM() RATIONAL_B_SPLINE_CURVE((1.,0.5,1.,0.5,
1.,0.5,1.)) REPRESENTATION_ITEM('') );
#1767 = CARTESIAN_POINT('',(-38.,7.938840605908E-16));
#1768 = CARTESIAN_POINT('',(-38.,65.817930687617));
#1769 = CARTESIAN_POINT('',(19.,32.908965343809));
#1770 = CARTESIAN_POINT('',(76.,1.010119973411E-14));
#1771 = CARTESIAN_POINT('',(19.,-32.9089653438));
#1772 = CARTESIAN_POINT('',(-38.,-65.81793068761));
#1773 = CARTESIAN_POINT('',(-38.,7.938840605908E-16));
#1774 = ( GEOMETRIC_REPRESENTATION_CONTEXT(2) 
PARAMETRIC_REPRESENTATION_CONTEXT() REPRESENTATION_CONTEXT('2D SPACE',''
  ) );
#1775 = PCURVE('',#1542,#1776);
#1776 = DEFINITIONAL_REPRESENTATION('',(#1777),#1781);
#1777 = LINE('',#1778,#1779);
#1778 = CARTESIAN_POINT('',(0.,128.83333333333));
#1779 = VECTOR('',#1780,1.);
#1780 = DIRECTION('',(1.,0.));
#1781 = ( GEOMETRIC_REPRESENTATION_CONTEXT(2) 
PARAMETRIC_REPRESENTATION_CONTEXT() REPRESENTATION_CONTEXT('2D SPACE',''
  ) );
#1782 = ORIENTED_EDGE('',*,*,#1783,.T.);
#1783 = EDGE_CURVE('',#1756,#1784,#1786,.T.);
#1784 = VERTEX_POINT('',#1785);
#1785 = CARTESIAN_POINT('',(-9.350805581786,45.039565217391,21.));
#1786 = SURFACE_CURVE('',#1787,(#1792,#1803),.PCURVE_S1.);
#1787 = CIRCLE('',#1788,9.4);
#1788 = AXIS2_PLACEMENT_3D('',#1789,#1790,#1791);
#1789 = CARTESIAN_POINT('',(0.,46.,21.));
#1790 = DIRECTION('',(0.,1.110223024625E-16,-1.));
#1791 = DIRECTION('',(0.,1.,1.110223024625E-16));
#1792 = PCURVE('',#344,#1793);
#1793 = DEFINITIONAL_REPRESENTATION('',(#1794),#1802);
#1794 = ( BOUNDED_CURVE() B_SPLINE_CURVE(2,(#1795,#1796,#1797,#1798,
#1799,#1800,#1801),.UNSPECIFIED.,.T.,.F.) B_SPLINE_CURVE_WITH_KNOTS((1,2
    ,2,2,2,1),(-2.094395102393,0.,2.094395102393,4.188790204786,
6.28318530718,8.377580409573),.UNSPECIFIED.) CURVE() 
GEOMETRIC_REPRESENTATION_ITEM() RATIONAL_B_SPLINE_CURVE((1.,0.5,1.,0.5,
1.,0.5,1.)) REPRESENTATION_ITEM('') );
#1795 = CARTESIAN_POINT('',(-55.4,7.938840605908E-16));
#1796 = CARTESIAN_POINT('',(-55.4,16.281277591147));
#1797 = CARTESIAN_POINT('',(-41.3,8.140638795574));
#1798 = CARTESIAN_POINT('',(-27.2,3.096220042988E-15));
#1799 = CARTESIAN_POINT('',(-41.3,-8.140638795574));
#1800 = CARTESIAN_POINT('',(-55.4,-16.28127759114));
#1801 = CARTESIAN_POINT('',(-55.4,7.938840605908E-16));
#1802 = ( GEOMETRIC_REPRESENTATION_CONTEXT(2) 
PARAMETRIC_REPRESENTATION_CONTEXT() REPRESENTATION_CONTEXT('2D SPACE',''
  ) );
#1803 = PCURVE('',#1509,#1804);
#1804 = DEFINITIONAL_REPRESENTATION('',(#1805),#1809);
#1805 = LINE('',#1806,#1807);
#1806 = CARTESIAN_POINT('',(-0.,-9.999999999999E-02));
#1807 = VECTOR('',#1808,1.);
#1808 = DIRECTION('',(-1.,-0.));
#1809 = ( GEOMETRIC_REPRESENTATION_CONTEXT(2) 
PARAMETRIC_REPRESENTATION_CONTEXT() REPRESENTATION_CONTEXT('2D SPACE',''
  ) );
#1810 = ORIENTED_EDGE('',*,*,#1811,.T.);
#1811 = EDGE_CURVE('',#1784,#1812,#1814,.T.);
#1812 = VERTEX_POINT('',#1813);
#1813 = CARTESIAN_POINT('',(-2.302335982397E-15,55.4,21.));
#1814 = SURFACE_CURVE('',#1815,(#1820,#1831),.PCURVE_S1.);
#1815 = CIRCLE('',#1816,9.4);
#1816 = AXIS2_PLACEMENT_3D('',#1817,#1818,#1819);
#1817 = CARTESIAN_POINT('',(0.,46.,21.));
#1818 = DIRECTION('',(0.,1.110223024625E-16,-1.));
#1819 = DIRECTION('',(0.,1.,1.110223024625E-16));
#1820 = PCURVE('',#344,#1821);
#1821 = DEFINITIONAL_REPRESENTATION('',(#1822),#1830);
#1822 = ( BOUNDED_CURVE() B_SPLINE_CURVE(2,(#1823,#1824,#1825,#1826,
#1827,#1828,#1829),.UNSPECIFIED.,.T.,.F.) B_SPLINE_CURVE_WITH_KNOTS((1,2
    ,2,2,2,1),(-2.094395102393,0.,2.094395102393,4.188790204786,
6.28318530718,8.377580409573),.UNSPECIFIED.) CURVE() 
GEOMETRIC_REPRESENTATION_ITEM() RATIONAL_B_SPLINE_CURVE((1.,0.5,1.,0.5,
1.,0.5,1.)) REPRESENTATION_ITEM('') );
#1823 = CARTESIAN_POINT('',(-55.4,7.938840605908E-16));
#1824 = CARTESIAN_POINT('',(-55.4,16.281277591147));
#1825 = CARTESIAN_POINT('',(-41.3,8.140638795574));
#1826 = CARTESIAN_POINT('',(-27.2,3.096220042988E-15));
#1827 = CARTESIAN_POINT('',(-41.3,-8.140638795574));
#1828 = CARTESIAN_POINT('',(-55.4,-16.28127759114));
#1829 = CARTESIAN_POINT('',(-55.4,7.938840605908E-16));
#1830 = ( GEOMETRIC_REPRESENTATION_CONTEXT(2) 
PARAMETRIC_REPRESENTATION_CONTEXT() REPRESENTATION_CONTEXT('2D SPACE',''
  ) );
#1831 = PCURVE('',#1509,#1832);
#1832 = DEFINITIONAL_REPRESENTATION('',(#1833),#1837);
#1833 = LINE('',#1834,#1835);
#1834 = CARTESIAN_POINT('',(-0.,-9.999999999999E-02));
#1835 = VECTOR('',#1836,1.);
#1836 = DIRECTION('',(-1.,-0.));
#1837 = ( GEOMETRIC_REPRESENTATION_CONTEXT(2) 
PARAMETRIC_REPRESENTATION_CONTEXT() REPRESENTATION_CONTEXT('2D SPACE',''
  ) );
#1838 = ORIENTED_EDGE('',*,*,#1839,.T.);
#1839 = EDGE_CURVE('',#1812,#1487,#1840,.T.);
#1840 = SURFACE_CURVE('',#1841,(#1846,#1857),.PCURVE_S1.);
#1841 = CIRCLE('',#1842,9.4);
#1842 = AXIS2_PLACEMENT_3D('',#1843,#1844,#1845);
#1843 = CARTESIAN_POINT('',(0.,46.,21.));
#1844 = DIRECTION('',(0.,1.110223024625E-16,-1.));
#1845 = DIRECTION('',(0.,1.,1.110223024625E-16));
#1846 = PCURVE('',#344,#1847);
#1847 = DEFINITIONAL_REPRESENTATION('',(#1848),#1856);
#1848 = ( BOUNDED_CURVE() B_SPLINE_CURVE(2,(#1849,#1850,#1851,#1852,
#1853,#1854,#1855),.UNSPECIFIED.,.T.,.F.) B_SPLINE_CURVE_WITH_KNOTS((1,2
    ,2,2,2,1),(-2.094395102393,0.,2.094395102393,4.188790204786,
6.28318530718,8.377580409573),.UNSPECIFIED.) CURVE() 
GEOMETRIC_REPRESENTATION_ITEM() RATIONAL_B_SPLINE_CURVE((1.,0.5,1.,0.5,
1.,0.5,1.)) REPRESENTATION_ITEM('') );
#1849 = CARTESIAN_POINT('',(-55.4,7.938840605908E-16));
#1850 = CARTESIAN_POINT('',(-55.4,16.281277591147));
#1851 = CARTESIAN_POINT('',(-41.3,8.140638795574));
#1852 = CARTESIAN_POINT('',(-27.2,3.096220042988E-15));
#1853 = CARTESIAN_POINT('',(-41.3,-8.140638795574));
#1854 = CARTESIAN_POINT('',(-55.4,-16.28127759114));
#1855 = CARTESIAN_POINT('',(-55.4,7.938840605908E-16));
#1856 = ( GEOMETRIC_REPRESENTATION_CONTEXT(2) 
PARAMETRIC_REPRESENTATION_CONTEXT() REPRESENTATION_CONTEXT('2D SPACE',''
  ) );
#1857 = PCURVE('',#1509,#1858);
#1858 = DEFINITIONAL_REPRESENTATION('',(#1859),#1863);
#1859 = LINE('',#1860,#1861);
#1860 = CARTESIAN_POINT('',(-0.,-9.999999999999E-02));
#1861 = VECTOR('',#1862,1.);
#1862 = DIRECTION('',(-1.,-0.));
#1863 = ( GEOMETRIC_REPRESENTATION_CONTEXT(2) 
PARAMETRIC_REPRESENTATION_CONTEXT() REPRESENTATION_CONTEXT('2D SPACE',''
  ) );
#1864 = ADVANCED_FACE('',(#1865),#72,.T.);
#1865 = FACE_BOUND('',#1866,.T.);
#1866 = EDGE_LOOP('',(#1867,#1868,#1869,#1893,#1915,#1916,#1917));
#1867 = ORIENTED_EDGE('',*,*,#1342,.F.);
#1868 = ORIENTED_EDGE('',*,*,#306,.T.);
#1869 = ORIENTED_EDGE('',*,*,#1870,.F.);
#1870 = EDGE_CURVE('',#1871,#84,#1873,.T.);
#1871 = VERTEX_POINT('',#1872);
#1872 = CARTESIAN_POINT('',(11.,48.1,11.));
#1873 = SURFACE_CURVE('',#1874,(#1879,#1886),.PCURVE_S1.);
#1874 = CIRCLE('',#1875,2.1);
#1875 = AXIS2_PLACEMENT_3D('',#1876,#1877,#1878);
#1876 = CARTESIAN_POINT('',(11.,46.,11.));
#1877 = DIRECTION('',(1.,0.,-0.));
#1878 = DIRECTION('',(0.,1.,1.110223024625E-16));
#1879 = PCURVE('',#72,#1880);
#1880 = DEFINITIONAL_REPRESENTATION('',(#1881),#1885);
#1881 = CIRCLE('',#1882,2.1);
#1882 = AXIS2_PLACEMENT_2D('',#1883,#1884);
#1883 = CARTESIAN_POINT('',(9.,-10.));
#1884 = DIRECTION('',(1.,0.));
#1885 = ( GEOMETRIC_REPRESENTATION_CONTEXT(2) 
PARAMETRIC_REPRESENTATION_CONTEXT() REPRESENTATION_CONTEXT('2D SPACE',''
  ) );
#1886 = PCURVE('',#229,#1887);
#1887 = DEFINITIONAL_REPRESENTATION('',(#1888),#1892);
#1888 = LINE('',#1889,#1890);
#1889 = CARTESIAN_POINT('',(0.,25.));
#1890 = VECTOR('',#1891,1.);
#1891 = DIRECTION('',(1.,0.));
#1892 = ( GEOMETRIC_REPRESENTATION_CONTEXT(2) 
PARAMETRIC_REPRESENTATION_CONTEXT() REPRESENTATION_CONTEXT('2D SPACE',''
  ) );
#1893 = ORIENTED_EDGE('',*,*,#1894,.F.);
#1894 = EDGE_CURVE('',#58,#1871,#1895,.T.);
#1895 = SURFACE_CURVE('',#1896,(#1901,#1908),.PCURVE_S1.);
#1896 = CIRCLE('',#1897,2.1);
#1897 = AXIS2_PLACEMENT_3D('',#1898,#1899,#1900);
#1898 = CARTESIAN_POINT('',(11.,46.,11.));
#1899 = DIRECTION('',(1.,0.,-0.));
#1900 = DIRECTION('',(0.,1.,1.110223024625E-16));
#1901 = PCURVE('',#72,#1902);
#1902 = DEFINITIONAL_REPRESENTATION('',(#1903),#1907);
#1903 = CIRCLE('',#1904,2.1);
#1904 = AXIS2_PLACEMENT_2D('',#1905,#1906);
#1905 = CARTESIAN_POINT('',(9.,-10.));
#1906 = DIRECTION('',(1.,0.));
#1907 = ( GEOMETRIC_REPRESENTATION_CONTEXT(2) 
PARAMETRIC_REPRESENTATION_CONTEXT() REPRESENTATION_CONTEXT('2D SPACE',''
  ) );
#1908 = PCURVE('',#229,#1909);
#1909 = DEFINITIONAL_REPRESENTATION('',(#1910),#1914);
#1910 = LINE('',#1911,#1912);
#1911 = CARTESIAN_POINT('',(0.,25.));
#1912 = VECTOR('',#1913,1.);
#1913 = DIRECTION('',(1.,0.));
#1914 = ( GEOMETRIC_REPRESENTATION_CONTEXT(2) 
PARAMETRIC_REPRESENTATION_CONTEXT() REPRESENTATION_CONTEXT('2D SPACE',''
  ) );
#1915 = ORIENTED_EDGE('',*,*,#57,.T.);
#1916 = ORIENTED_EDGE('',*,*,#600,.T.);
#1917 = ORIENTED_EDGE('',*,*,#1918,.F.);
#1918 = EDGE_CURVE('',#1343,#601,#1919,.T.);
#1919 = SURFACE_CURVE('',#1920,(#1924,#1931),.PCURVE_S1.);
#1920 = LINE('',#1921,#1922);
#1921 = CARTESIAN_POINT('',(11.,64.,21.));
#1922 = VECTOR('',#1923,1.);
#1923 = DIRECTION('',(0.,1.110223024625E-16,-1.));
#1924 = PCURVE('',#72,#1925);
#1925 = DEFINITIONAL_REPRESENTATION('',(#1926),#1930);
#1926 = LINE('',#1927,#1928);
#1927 = CARTESIAN_POINT('',(27.,0.));
#1928 = VECTOR('',#1929,1.);
#1929 = DIRECTION('',(0.,-1.));
#1930 = ( GEOMETRIC_REPRESENTATION_CONTEXT(2) 
PARAMETRIC_REPRESENTATION_CONTEXT() REPRESENTATION_CONTEXT('2D SPACE',''
  ) );
#1931 = PCURVE('',#774,#1932);
#1932 = DEFINITIONAL_REPRESENTATION('',(#1933),#1937);
#1933 = LINE('',#1934,#1935);
#1934 = CARTESIAN_POINT('',(22.,0.));
#1935 = VECTOR('',#1936,1.);
#1936 = DIRECTION('',(0.,1.));
#1937 = ( GEOMETRIC_REPRESENTATION_CONTEXT(2) 
PARAMETRIC_REPRESENTATION_CONTEXT() REPRESENTATION_CONTEXT('2D SPACE',''
  ) );
#1938 = ADVANCED_FACE('',(#1939),#229,.F.);
#1939 = FACE_BOUND('',#1940,.F.);
#1940 = EDGE_LOOP('',(#1941,#1942,#1965,#2130,#2131,#2132));
#1941 = ORIENTED_EDGE('',*,*,#1870,.F.);
#1942 = ORIENTED_EDGE('',*,*,#1943,.F.);
#1943 = EDGE_CURVE('',#1944,#1871,#1946,.T.);
#1944 = VERTEX_POINT('',#1945);
#1945 = CARTESIAN_POINT('',(6.677574409919,48.1,11.));
#1946 = SEAM_CURVE('',#1947,(#1951,#1958),.PCURVE_S1.);
#1947 = LINE('',#1948,#1949);
#1948 = CARTESIAN_POINT('',(-14.,48.1,11.));
#1949 = VECTOR('',#1950,1.);
#1950 = DIRECTION('',(1.,0.,0.));
#1951 = PCURVE('',#229,#1952);
#1952 = DEFINITIONAL_REPRESENTATION('',(#1953),#1957);
#1953 = LINE('',#1954,#1955);
#1954 = CARTESIAN_POINT('',(6.28318530718,-0.));
#1955 = VECTOR('',#1956,1.);
#1956 = DIRECTION('',(0.,1.));
#1957 = ( GEOMETRIC_REPRESENTATION_CONTEXT(2) 
PARAMETRIC_REPRESENTATION_CONTEXT() REPRESENTATION_CONTEXT('2D SPACE',''
  ) );
#1958 = PCURVE('',#229,#1959);
#1959 = DEFINITIONAL_REPRESENTATION('',(#1960),#1964);
#1960 = LINE('',#1961,#1962);
#1961 = CARTESIAN_POINT('',(0.,-0.));
#1962 = VECTOR('',#1963,1.);
#1963 = DIRECTION('',(0.,1.));
#1964 = ( GEOMETRIC_REPRESENTATION_CONTEXT(2) 
PARAMETRIC_REPRESENTATION_CONTEXT() REPRESENTATION_CONTEXT('2D SPACE',''
  ) );
#1965 = ORIENTED_EDGE('',*,*,#1966,.T.);
#1966 = EDGE_CURVE('',#1944,#1944,#1967,.T.);
#1967 = SURFACE_CURVE('',#1968,(#2020,#2075),.PCURVE_S1.);
#1968 = B_SPLINE_CURVE_WITH_KNOTS('',8,(#1969,#1970,#1971,#1972,#1973,
    #1974,#1975,#1976,#1977,#1978,#1979,#1980,#1981,#1982,#1983,#1984,
    #1985,#1986,#1987,#1988,#1989,#1990,#1991,#1992,#1993,#1994,#1995,
    #1996,#1997,#1998,#1999,#2000,#2001,#2002,#2003,#2004,#2005,#2006,
    #2007,#2008,#2009,#2010,#2011,#2012,#2013,#2014,#2015,#2016,#2017,
    #2018,#2019),.UNSPECIFIED.,.T.,.F.,(9,7,7,7,7,7,7,9),(0.,
    0.153653132746,0.277378499423,0.411684554159,0.567737610864,
    0.698246974761,0.819093768033,1.),.UNSPECIFIED.);
#1969 = CARTESIAN_POINT('',(6.677574409919,48.1,11.));
#1970 = CARTESIAN_POINT('',(6.677574416868,48.099999977903,
    11.220968304794));
#1971 = CARTESIAN_POINT('',(6.685930912799,48.073427307695,
    11.441408176117));
#1972 = CARTESIAN_POINT('',(6.702574812381,48.020505642662,
    11.659359236549));
#1973 = CARTESIAN_POINT('',(6.72696116078,47.94088980802,11.872749254814
    ));
#1974 = CARTESIAN_POINT('',(6.758042727358,47.833864858442,
    12.079066440359));
#1975 = CARTESIAN_POINT('',(6.794145011337,47.698454197336,
    12.275129823969));
#1976 = CARTESIAN_POINT('',(6.832828073236,47.533601399467,
    12.456750663005));
#1977 = CARTESIAN_POINT('',(6.901413148694,47.181562600076,
    12.747982485634));
#1978 = CARTESIAN_POINT('',(6.932678324596,46.999230061025,
    12.869486866236));
#1979 = CARTESIAN_POINT('',(6.961828568096,46.793973218099,
    12.973490241329));
#1980 = CARTESIAN_POINT('',(6.985625474079,46.569965562572,
    13.053135204122));
#1981 = CARTESIAN_POINT('',(7.001165306947,46.332773531096,
    13.103657302977));
#1982 = CARTESIAN_POINT('',(7.006791499741,46.088727383074,
    13.122272343323));
#1983 = CARTESIAN_POINT('',(7.002330434552,45.844484573036,
    13.108201356906));
#1984 = CARTESIAN_POINT('',(6.97438577266,45.348161987212,
    13.013522760068));
#1985 = CARTESIAN_POINT('',(6.949950134605,45.10862395218,
    12.929508343584));
#1986 = CARTESIAN_POINT('',(6.918498020586,44.890914784661,
    12.817432706141));
#1987 = CARTESIAN_POINT('',(6.883192131624,44.696626321968,
    12.68292595648));
#1988 = CARTESIAN_POINT('',(6.846948773866,44.526496117438,
    12.530932860586));
#1989 = CARTESIAN_POINT('',(6.812184918044,44.380646777434,
    12.365856857722));
#1990 = CARTESIAN_POINT('',(6.780728990672,44.258671470376,
    12.191609339379));
#1991 = CARTESIAN_POINT('',(6.722460613887,44.044823953974,
    11.802622151096));
#1992 = CARTESIAN_POINT('',(6.696854497908,43.959660067662,
    11.583414593026));
#1993 = CARTESIAN_POINT('',(6.678867098278,43.903448824597,
    11.357714115608));
#1994 = CARTESIAN_POINT('',(6.669688532889,43.875632232243,
    11.128419173374));
#1995 = CARTESIAN_POINT('',(6.669848510334,43.875937144633,
    10.898106582249));
#1996 = CARTESIAN_POINT('',(6.679247033082,43.90438874882,
    10.669263262254));
#1997 = CARTESIAN_POINT('',(6.697154013246,43.961330320165,
    10.444500868783));
#1998 = CARTESIAN_POINT('',(6.743098688055,44.119508685339,
    10.044987922844));
#1999 = CARTESIAN_POINT('',(6.769024337396,44.212060544947,
    9.867841752632));
#2000 = CARTESIAN_POINT('',(6.799164595577,44.325652384093,
    9.697298144582));
#2001 = CARTESIAN_POINT('',(6.832369927767,44.460934921814,
    9.535640759743));
#2002 = CARTESIAN_POINT('',(6.867073467605,44.618534504119,
    9.385745264011));
#2003 = CARTESIAN_POINT('',(6.901202773912,44.79888979965,9.251205844518
    ));
#2004 = CARTESIAN_POINT('',(6.932186085561,45.00199084651,9.136532432156
    ));
#2005 = CARTESIAN_POINT('',(6.980326513299,45.435231503084,
    8.965000321669));
#2006 = CARTESIAN_POINT('',(6.998327431532,45.662162039097,
    8.904527723024));
#2007 = CARTESIAN_POINT('',(7.008310001533,45.901338351388,
    8.872819585632));
#2008 = CARTESIAN_POINT('',(7.008249416292,46.145126864343,
    8.873319293473));
#2009 = CARTESIAN_POINT('',(6.997808570742,46.385389762488,
    8.906404763529));
#2010 = CARTESIAN_POINT('',(6.97867079753,46.614212961389,8.969512454445
    ));
#2011 = CARTESIAN_POINT('',(6.953813961745,46.824724467169,9.05697480506
    ));
#2012 = CARTESIAN_POINT('',(6.88562859344,47.29155702047,9.313618173032)
  );
#2013 = CARTESIAN_POINT('',(6.837808621393,47.528580235319,
    9.507269565168));
#2014 = CARTESIAN_POINT('',(6.789860805149,47.722427684695,
    9.727778395106));
#2015 = CARTESIAN_POINT('',(6.747101575764,47.874777077094,
    9.966437448538));
#2016 = CARTESIAN_POINT('',(6.712940563405,47.987535257663,
    10.216977012544));
#2017 = CARTESIAN_POINT('',(6.689424177084,48.062321693688,
    10.474891733296));
#2018 = CARTESIAN_POINT('',(6.677574418193,48.099999973688,
    10.736876495191));
#2019 = CARTESIAN_POINT('',(6.677574409919,48.1,11.));
#2020 = PCURVE('',#229,#2021);
#2021 = DEFINITIONAL_REPRESENTATION('',(#2022),#2074);
#2022 = B_SPLINE_CURVE_WITH_KNOTS('',8,(#2023,#2024,#2025,#2026,#2027,
    #2028,#2029,#2030,#2031,#2032,#2033,#2034,#2035,#2036,#2037,#2038,
    #2039,#2040,#2041,#2042,#2043,#2044,#2045,#2046,#2047,#2048,#2049,
    #2050,#2051,#2052,#2053,#2054,#2055,#2056,#2057,#2058,#2059,#2060,
    #2061,#2062,#2063,#2064,#2065,#2066,#2067,#2068,#2069,#2070,#2071,
    #2072,#2073),.UNSPECIFIED.,.F.,.F.,(9,7,7,7,7,7,7,9),(0.,
    0.153653132746,0.277378499423,0.411684554159,0.567737610864,
    0.698246974761,0.819093768033,1.),.UNSPECIFIED.);
#2023 = CARTESIAN_POINT('',(0.,20.677574409919));
#2024 = CARTESIAN_POINT('',(0.105223002283,20.677574416868));
#2025 = CARTESIAN_POINT('',(0.210194058602,20.685930912799));
#2026 = CARTESIAN_POINT('',(0.315756652196,20.702574812381));
#2027 = CARTESIAN_POINT('',(0.422659784791,20.72696116078));
#2028 = CARTESIAN_POINT('',(0.531649945816,20.758042727358));
#2029 = CARTESIAN_POINT('',(0.643510540385,20.794145011337));
#2030 = CARTESIAN_POINT('',(0.759125767888,20.832828073236));
#2031 = CARTESIAN_POINT('',(0.976691818946,20.901413148694));
#2032 = CARTESIAN_POINT('',(1.08047263723,20.932678324596));
#2033 = CARTESIAN_POINT('',(1.188744145498,20.961828568096));
#2034 = CARTESIAN_POINT('',(1.300103588321,20.985625474079));
#2035 = CARTESIAN_POINT('',(1.413588319601,21.001165306947));
#2036 = CARTESIAN_POINT('',(1.528420295306,21.006791499741));
#2037 = CARTESIAN_POINT('',(1.64392201912,21.002330434552));
#2038 = CARTESIAN_POINT('',(1.884527899235,20.97438577266));
#2039 = CARTESIAN_POINT('',(2.004070664637,20.949950134605));
#2040 = CARTESIAN_POINT('',(2.118894705367,20.918498020586));
#2041 = CARTESIAN_POINT('',(2.229621718343,20.883192131624));
#2042 = CARTESIAN_POINT('',(2.336701700025,20.846948773866));
#2043 = CARTESIAN_POINT('',(2.440471785254,20.812184918044));
#2044 = CARTESIAN_POINT('',(2.541164587522,20.780728990672));
#2045 = CARTESIAN_POINT('',(2.752542634316,20.722460613887));
#2046 = CARTESIAN_POINT('',(2.863552789994,20.696854497908));
#2047 = CARTESIAN_POINT('',(2.972863801014,20.678867098278));
#2048 = CARTESIAN_POINT('',(3.081203393722,20.669688532889));
#2049 = CARTESIAN_POINT('',(3.18924659057,20.669848510334));
#2050 = CARTESIAN_POINT('',(3.297662461143,20.679247033082));
#2051 = CARTESIAN_POINT('',(3.407157898771,20.697154013246));
#2052 = CARTESIAN_POINT('',(3.611770795374,20.743098688055));
#2053 = CARTESIAN_POINT('',(3.706426001641,20.769024337396));
#2054 = CARTESIAN_POINT('',(3.80308156982,20.799164595577));
#2055 = CARTESIAN_POINT('',(3.902230221932,20.832369927767));
#2056 = CARTESIAN_POINT('',(4.004399423992,20.867073467605));
#2057 = CARTESIAN_POINT('',(4.110164066899,20.901202773912));
#2058 = CARTESIAN_POINT('',(4.220189633972,20.932186085561));
#2059 = CARTESIAN_POINT('',(4.442076375238,20.980326513299));
#2060 = CARTESIAN_POINT('',(4.553151042739,20.998327431532));
#2061 = CARTESIAN_POINT('',(4.666452943058,21.008310001533));
#2062 = CARTESIAN_POINT('',(4.780498863861,21.008249416291));
#2063 = CARTESIAN_POINT('',(4.89398198293,20.997808570742));
#2064 = CARTESIAN_POINT('',(5.00554069415,20.97867079753));
#2065 = CARTESIAN_POINT('',(5.113449535074,20.953813961745));
#2066 = CARTESIAN_POINT('',(5.367129235252,20.88562859344));
#2067 = CARTESIAN_POINT('',(5.510461984038,20.837808621393));
#2068 = CARTESIAN_POINT('',(5.647294271156,20.789860805149));
#2069 = CARTESIAN_POINT('',(5.77912430642,20.747101575764));
#2070 = CARTESIAN_POINT('',(5.907322822498,20.712940563405));
#2071 = CARTESIAN_POINT('',(6.033133097602,20.689424177084));
#2072 = CARTESIAN_POINT('',(6.157888400128,20.677574418193));
#2073 = CARTESIAN_POINT('',(6.28318530718,20.677574409919));
#2074 = ( GEOMETRIC_REPRESENTATION_CONTEXT(2) 
PARAMETRIC_REPRESENTATION_CONTEXT() REPRESENTATION_CONTEXT('2D SPACE',''
  ) );
#2075 = PCURVE('',#934,#2076);
#2076 = DEFINITIONAL_REPRESENTATION('',(#2077),#2129);
#2077 = B_SPLINE_CURVE_WITH_KNOTS('',8,(#2078,#2079,#2080,#2081,#2082,
    #2083,#2084,#2085,#2086,#2087,#2088,#2089,#2090,#2091,#2092,#2093,
    #2094,#2095,#2096,#2097,#2098,#2099,#2100,#2101,#2102,#2103,#2104,
    #2105,#2106,#2107,#2108,#2109,#2110,#2111,#2112,#2113,#2114,#2115,
    #2116,#2117,#2118,#2119,#2120,#2121,#2122,#2123,#2124,#2125,#2126,
    #2127,#2128),.UNSPECIFIED.,.T.,.F.,(9,7,7,7,7,7,7,9),(0.,
    0.153653132746,0.277378499423,0.411684554159,0.567737610864,
    0.698246974761,0.819093768033,1.),.UNSPECIFIED.);
#2078 = CARTESIAN_POINT('',(1.266103672779,13.));
#2079 = CARTESIAN_POINT('',(1.266103676089,12.779031695206));
#2080 = CARTESIAN_POINT('',(1.270083062851,12.558591823883));
#2081 = CARTESIAN_POINT('',(1.278008359472,12.340640763451));
#2082 = CARTESIAN_POINT('',(1.289903305987,12.127250745186));
#2083 = CARTESIAN_POINT('',(1.305820495612,11.920933559641));
#2084 = CARTESIAN_POINT('',(1.325829033271,11.724870176031));
#2085 = CARTESIAN_POINT('',(1.35000156905,11.543249336995));
#2086 = CARTESIAN_POINT('',(1.401238360051,11.252017514366));
#2087 = CARTESIAN_POINT('',(1.427659273078,11.130513133764));
#2088 = CARTESIAN_POINT('',(1.457255161292,11.026509758671));
#2089 = CARTESIAN_POINT('',(1.489393964589,10.946864795879));
#2090 = CARTESIAN_POINT('',(1.523292439308,10.896342697023));
#2091 = CARTESIAN_POINT('',(1.558116160428,10.877727656677));
#2092 = CARTESIAN_POINT('',(1.592988620007,10.891798643094));
#2093 = CARTESIAN_POINT('',(1.664004141928,10.986477239932));
#2094 = CARTESIAN_POINT('',(1.698365932029,11.070491656416));
#2095 = CARTESIAN_POINT('',(1.729747835586,11.182567293859));
#2096 = CARTESIAN_POINT('',(1.757927839574,11.31707404352));
#2097 = CARTESIAN_POINT('',(1.782762403975,11.469067139414));
#2098 = CARTESIAN_POINT('',(1.804175247653,11.634143142278));
#2099 = CARTESIAN_POINT('',(1.822168796239,11.808390660621));
#2100 = CARTESIAN_POINT('',(1.853832192992,12.197377848904));
#2101 = CARTESIAN_POINT('',(1.866532190197,12.416585406974));
#2102 = CARTESIAN_POINT('',(1.874962910752,12.642285884392));
#2103 = CARTESIAN_POINT('',(1.879148250508,12.871580826626));
#2104 = CARTESIAN_POINT('',(1.879099349579,13.101893417751));
#2105 = CARTESIAN_POINT('',(1.87481848406,13.330736737746));
#2106 = CARTESIAN_POINT('',(1.866293267821,13.555499131217));
#2107 = CARTESIAN_POINT('',(1.842762433359,13.955012077156));
#2108 = CARTESIAN_POINT('',(1.829032383873,14.132158247368));
#2109 = CARTESIAN_POINT('',(1.812246312774,14.302701855419));
#2110 = CARTESIAN_POINT('',(1.792353795209,14.464359240257));
#2111 = CARTESIAN_POINT('',(1.769315890706,14.614254735989));
#2112 = CARTESIAN_POINT('',(1.743118303898,14.748794155482));
#2113 = CARTESIAN_POINT('',(1.713792573147,14.863467567844));
#2114 = CARTESIAN_POINT('',(1.651520135622,15.034999678331));
#2115 = CARTESIAN_POINT('',(1.619015837095,15.095472276976));
#2116 = CARTESIAN_POINT('',(1.584858148522,15.127180414366));
#2117 = CARTESIAN_POINT('',(1.550093897077,15.126680706529));
#2118 = CARTESIAN_POINT('',(1.515795666099,15.093595236469));
#2119 = CARTESIAN_POINT('',(1.483024508194,15.030487545556));
#2120 = CARTESIAN_POINT('',(1.45275400454,14.94302519494));
#2121 = CARTESIAN_POINT('',(1.385356027632,14.686381826968));
#2122 = CARTESIAN_POINT('',(1.350863787872,14.492730434832));
#2123 = CARTESIAN_POINT('',(1.322371314923,14.272221604893));
#2124 = CARTESIAN_POINT('',(1.299775631874,14.033562551462));
#2125 = CARTESIAN_POINT('',(1.282945918301,13.783022987456));
#2126 = CARTESIAN_POINT('',(1.271746167351,13.525108266704));
#2127 = CARTESIAN_POINT('',(1.26610367672,13.263123504809));
#2128 = CARTESIAN_POINT('',(1.266103672779,13.));
#2129 = ( GEOMETRIC_REPRESENTATION_CONTEXT(2) 
PARAMETRIC_REPRESENTATION_CONTEXT() REPRESENTATION_CONTEXT('2D SPACE',''
  ) );
#2130 = ORIENTED_EDGE('',*,*,#1943,.T.);
#2131 = ORIENTED_EDGE('',*,*,#1894,.F.);
#2132 = ORIENTED_EDGE('',*,*,#83,.F.);
#2133 = ADVANCED_FACE('',(#2134),#663,.F.);
#2134 = FACE_BOUND('',#2135,.F.);
#2135 = EDGE_LOOP('',(#2136,#2157,#2158,#2159));
#2136 = ORIENTED_EDGE('',*,*,#2137,.F.);
#2137 = EDGE_CURVE('',#1440,#648,#2138,.T.);
#2138 = SURFACE_CURVE('',#2139,(#2143,#2150),.PCURVE_S1.);
#2139 = LINE('',#2140,#2141);
#2140 = CARTESIAN_POINT('',(-11.,-64.,21.));
#2141 = VECTOR('',#2142,1.);
#2142 = DIRECTION('',(0.,1.110223024625E-16,-1.));
#2143 = PCURVE('',#663,#2144);
#2144 = DEFINITIONAL_REPRESENTATION('',(#2145),#2149);
#2145 = LINE('',#2146,#2147);
#2146 = CARTESIAN_POINT('',(0.,0.));
#2147 = VECTOR('',#2148,1.);
#2148 = DIRECTION('',(0.,1.));
#2149 = ( GEOMETRIC_REPRESENTATION_CONTEXT(2) 
PARAMETRIC_REPRESENTATION_CONTEXT() REPRESENTATION_CONTEXT('2D SPACE',''
  ) );
#2150 = PCURVE('',#691,#2151);
#2151 = DEFINITIONAL_REPRESENTATION('',(#2152),#2156);
#2152 = LINE('',#2153,#2154);
#2153 = CARTESIAN_POINT('',(0.,0.));
#2154 = VECTOR('',#2155,1.);
#2155 = DIRECTION('',(0.,-1.));
#2156 = ( GEOMETRIC_REPRESENTATION_CONTEXT(2) 
PARAMETRIC_REPRESENTATION_CONTEXT() REPRESENTATION_CONTEXT('2D SPACE',''
  ) );
#2157 = ORIENTED_EDGE('',*,*,#1462,.T.);
#2158 = ORIENTED_EDGE('',*,*,#1097,.T.);
#2159 = ORIENTED_EDGE('',*,*,#647,.F.);
#2160 = ADVANCED_FACE('',(#2161),#691,.F.);
#2161 = FACE_BOUND('',#2162,.F.);
#2162 = EDGE_LOOP('',(#2163,#2164,#2165,#2166,#2187,#2216));
#2163 = ORIENTED_EDGE('',*,*,#1439,.F.);
#2164 = ORIENTED_EDGE('',*,*,#2137,.T.);
#2165 = ORIENTED_EDGE('',*,*,#675,.T.);
#2166 = ORIENTED_EDGE('',*,*,#2167,.F.);
#2167 = EDGE_CURVE('',#2168,#676,#2170,.T.);
#2168 = VERTEX_POINT('',#2169);
#2169 = CARTESIAN_POINT('',(-11.,-44.66542286825,9.378610509649));
#2170 = SURFACE_CURVE('',#2171,(#2175,#2181),.PCURVE_S1.);
#2171 = LINE('',#2172,#2173);
#2172 = CARTESIAN_POINT('',(-11.,-44.66542286825,21.));
#2173 = VECTOR('',#2174,1.);
#2174 = DIRECTION('',(0.,1.110223024625E-16,-1.));
#2175 = PCURVE('',#691,#2176);
#2176 = DEFINITIONAL_REPRESENTATION('',(#2177),#2180);
#2177 = B_SPLINE_CURVE_WITH_KNOTS('',1,(#2178,#2179),.UNSPECIFIED.,.F.,
  .F.,(2,2),(-5.999999928008E-07,16.0000006),.PIECEWISE_BEZIER_KNOTS.);
#2178 = CARTESIAN_POINT('',(19.334577131745,5.999999928008E-07));
#2179 = CARTESIAN_POINT('',(19.334577131745,-16.0000006));
#2180 = ( GEOMETRIC_REPRESENTATION_CONTEXT(2) 
PARAMETRIC_REPRESENTATION_CONTEXT() REPRESENTATION_CONTEXT('2D SPACE',''
  ) );
#2181 = PCURVE('',#720,#2182);
#2182 = DEFINITIONAL_REPRESENTATION('',(#2183),#2186);
#2183 = B_SPLINE_CURVE_WITH_KNOTS('',1,(#2184,#2185),.UNSPECIFIED.,.F.,
  .F.,(2,2),(-5.999999928008E-07,16.0000006),.PIECEWISE_BEZIER_KNOTS.);
#2184 = CARTESIAN_POINT('',(3.383062858404,-5.999999928008E-07));
#2185 = CARTESIAN_POINT('',(3.383062858404,16.0000006));
#2186 = ( GEOMETRIC_REPRESENTATION_CONTEXT(2) 
PARAMETRIC_REPRESENTATION_CONTEXT() REPRESENTATION_CONTEXT('2D SPACE',''
  ) );
#2187 = ORIENTED_EDGE('',*,*,#2188,.F.);
#2188 = EDGE_CURVE('',#2168,#2189,#2191,.T.);
#2189 = VERTEX_POINT('',#2190);
#2190 = CARTESIAN_POINT('',(-11.,-44.66542286825,12.621389490351));
#2191 = SURFACE_CURVE('',#2192,(#2197,#2204),.PCURVE_S1.);
#2192 = CIRCLE('',#2193,2.1);
#2193 = AXIS2_PLACEMENT_3D('',#2194,#2195,#2196);
#2194 = CARTESIAN_POINT('',(-11.,-46.,11.));
#2195 = DIRECTION('',(1.,0.,-0.));
#2196 = DIRECTION('',(0.,1.,1.110223024625E-16));
#2197 = PCURVE('',#691,#2198);
#2198 = DEFINITIONAL_REPRESENTATION('',(#2199),#2203);
#2199 = CIRCLE('',#2200,2.1);
#2200 = AXIS2_PLACEMENT_2D('',#2201,#2202);
#2201 = CARTESIAN_POINT('',(18.,-10.));
#2202 = DIRECTION('',(1.,0.));
#2203 = ( GEOMETRIC_REPRESENTATION_CONTEXT(2) 
PARAMETRIC_REPRESENTATION_CONTEXT() REPRESENTATION_CONTEXT('2D SPACE',''
  ) );
#2204 = PCURVE('',#2205,#2210);
#2205 = CYLINDRICAL_SURFACE('',#2206,2.1);
#2206 = AXIS2_PLACEMENT_3D('',#2207,#2208,#2209);
#2207 = CARTESIAN_POINT('',(-14.,-46.,11.));
#2208 = DIRECTION('',(1.,0.,0.));
#2209 = DIRECTION('',(0.,1.,1.110223024625E-16));
#2210 = DEFINITIONAL_REPRESENTATION('',(#2211),#2215);
#2211 = LINE('',#2212,#2213);
#2212 = CARTESIAN_POINT('',(0.,3.));
#2213 = VECTOR('',#2214,1.);
#2214 = DIRECTION('',(1.,0.));
#2215 = ( GEOMETRIC_REPRESENTATION_CONTEXT(2) 
PARAMETRIC_REPRESENTATION_CONTEXT() REPRESENTATION_CONTEXT('2D SPACE',''
  ) );
#2216 = ORIENTED_EDGE('',*,*,#2217,.F.);
#2217 = EDGE_CURVE('',#1412,#2189,#2218,.T.);
#2218 = SURFACE_CURVE('',#2219,(#2223,#2229),.PCURVE_S1.);
#2219 = LINE('',#2220,#2221);
#2220 = CARTESIAN_POINT('',(-11.,-44.66542286825,21.));
#2221 = VECTOR('',#2222,1.);
#2222 = DIRECTION('',(0.,1.110223024625E-16,-1.));
#2223 = PCURVE('',#691,#2224);
#2224 = DEFINITIONAL_REPRESENTATION('',(#2225),#2228);
#2225 = B_SPLINE_CURVE_WITH_KNOTS('',1,(#2226,#2227),.UNSPECIFIED.,.F.,
  .F.,(2,2),(-5.999999928008E-07,16.0000006),.PIECEWISE_BEZIER_KNOTS.);
#2226 = CARTESIAN_POINT('',(19.334577131745,5.999999928008E-07));
#2227 = CARTESIAN_POINT('',(19.334577131745,-16.0000006));
#2228 = ( GEOMETRIC_REPRESENTATION_CONTEXT(2) 
PARAMETRIC_REPRESENTATION_CONTEXT() REPRESENTATION_CONTEXT('2D SPACE',''
  ) );
#2229 = PCURVE('',#720,#2230);
#2230 = DEFINITIONAL_REPRESENTATION('',(#2231),#2234);
#2231 = B_SPLINE_CURVE_WITH_KNOTS('',1,(#2232,#2233),.UNSPECIFIED.,.F.,
  .F.,(2,2),(-5.999999928008E-07,16.0000006),.PIECEWISE_BEZIER_KNOTS.);
#2232 = CARTESIAN_POINT('',(3.383062858404,-5.999999928008E-07));
#2233 = CARTESIAN_POINT('',(3.383062858404,16.0000006));
#2234 = ( GEOMETRIC_REPRESENTATION_CONTEXT(2) 
PARAMETRIC_REPRESENTATION_CONTEXT() REPRESENTATION_CONTEXT('2D SPACE',''
  ) );
#2235 = ADVANCED_FACE('',(#2236),#720,.T.);
#2236 = FACE_BOUND('',#2237,.T.);
#2237 = EDGE_LOOP('',(#2238,#2239,#2240,#2332,#2425,#2426,#2427,#2448,
    #2671));
#2238 = ORIENTED_EDGE('',*,*,#703,.F.);
#2239 = ORIENTED_EDGE('',*,*,#2167,.F.);
#2240 = ORIENTED_EDGE('',*,*,#2241,.T.);
#2241 = EDGE_CURVE('',#2168,#2242,#2244,.T.);
#2242 = VERTEX_POINT('',#2243);
#2243 = CARTESIAN_POINT('',(-13.74008733596,-43.9,11.));
#2244 = SURFACE_CURVE('',#2245,(#2272,#2302),.PCURVE_S1.);
#2245 = B_SPLINE_CURVE_WITH_KNOTS('',7,(#2246,#2247,#2248,#2249,#2250,
    #2251,#2252,#2253,#2254,#2255,#2256,#2257,#2258,#2259,#2260,#2261,
    #2262,#2263,#2264,#2265,#2266,#2267,#2268,#2269,#2270,#2271),
  .UNSPECIFIED.,.F.,.F.,(8,6,6,6,8),(0.,0.540561889576,0.81769602348,
    0.895255570919,1.),.UNSPECIFIED.);
#2246 = CARTESIAN_POINT('',(-11.,-44.66542286825,9.378610509649));
#2247 = CARTESIAN_POINT('',(-11.26260612671,-44.60074940927,
    9.431843690143));
#2248 = CARTESIAN_POINT('',(-11.51916562364,-44.53565477833,
    9.490471960268));
#2249 = CARTESIAN_POINT('',(-11.77371140807,-44.46929080673,
    9.556009525954));
#2250 = CARTESIAN_POINT('',(-12.02777728562,-44.40125277088,
    9.630297653695));
#2251 = CARTESIAN_POINT('',(-12.28030565614,-44.3317712056,
    9.715471514945));
#2252 = CARTESIAN_POINT('',(-12.52737057425,-44.26199798426,
    9.81386741767));
#2253 = CARTESIAN_POINT('',(-12.88180616433,-44.1596501723,
    9.986230620518));
#2254 = CARTESIAN_POINT('',(-12.9982621622,-44.12560900898,
    10.048581458585));
#2255 = CARTESIAN_POINT('',(-13.11190962874,-44.09201141735,
    10.116021282466));
#2256 = CARTESIAN_POINT('',(-13.22240755537,-44.0589773153,
    10.189736312938));
#2257 = CARTESIAN_POINT('',(-13.3281300958,-44.02702707868,
    10.270872049179));
#2258 = CARTESIAN_POINT('',(-13.42607818446,-43.99714154325,
    10.360452709749));
#2259 = CARTESIAN_POINT('',(-13.5357718732,-43.96343377703,
    10.486952736653));
#2260 = CARTESIAN_POINT('',(-13.55884785914,-43.95632600505,
    10.51539504545));
#2261 = CARTESIAN_POINT('',(-13.58089511376,-43.94951997493,
    10.544626173695));
#2262 = CARTESIAN_POINT('',(-13.60178880855,-43.94305667402,
    10.574651904769));
#2263 = CARTESIAN_POINT('',(-13.62139769295,-43.93697931495,
    10.605476004623));
#2264 = CARTESIAN_POINT('',(-13.63958409441,-43.93133333564,
    10.637100221779));
#2265 = CARTESIAN_POINT('',(-13.67864904637,-43.91918843446,
    10.713313096664));
#2266 = CARTESIAN_POINT('',(-13.69832223719,-43.91305748997,
    10.758726741541));
#2267 = CARTESIAN_POINT('',(-13.71466929232,-43.9079526449,
    10.805474157717));
#2268 = CARTESIAN_POINT('',(-13.72726113701,-43.90401449936,
    10.853264744238));
#2269 = CARTESIAN_POINT('',(-13.73579362119,-43.9013437899,
    10.901808531738));
#2270 = CARTESIAN_POINT('',(-13.74008732025,-43.90000000491,
    10.950816350749));
#2271 = CARTESIAN_POINT('',(-13.74008733596,-43.9,11.));
#2272 = PCURVE('',#720,#2273);
#2273 = DEFINITIONAL_REPRESENTATION('',(#2274),#2301);
#2274 = B_SPLINE_CURVE_WITH_KNOTS('',7,(#2275,#2276,#2277,#2278,#2279,
    #2280,#2281,#2282,#2283,#2284,#2285,#2286,#2287,#2288,#2289,#2290,
    #2291,#2292,#2293,#2294,#2295,#2296,#2297,#2298,#2299,#2300),
  .UNSPECIFIED.,.F.,.F.,(8,6,6,6,8),(0.,0.540561889576,0.81769602348,
    0.895255570919,1.),.UNSPECIFIED.);
#2275 = CARTESIAN_POINT('',(3.383062858404,11.621389490351));
#2276 = CARTESIAN_POINT('',(3.388942263767,11.568156309857));
#2277 = CARTESIAN_POINT('',(3.394696223598,11.509528039732));
#2278 = CARTESIAN_POINT('',(3.400414608636,11.443990474047));
#2279 = CARTESIAN_POINT('',(3.406132164461,11.369702346305));
#2280 = CARTESIAN_POINT('',(3.41182570857,11.284528485055));
#2281 = CARTESIAN_POINT('',(3.417406660487,11.18613258233));
#2282 = CARTESIAN_POINT('',(3.425426592595,11.013769379482));
#2283 = CARTESIAN_POINT('',(3.428064172341,10.951418541415));
#2284 = CARTESIAN_POINT('',(3.430640450186,10.883978717534));
#2285 = CARTESIAN_POINT('',(3.43314760755,10.810263687062));
#2286 = CARTESIAN_POINT('',(3.435548568735,10.729127950821));
#2287 = CARTESIAN_POINT('',(3.437774780275,10.639547290251));
#2288 = CARTESIAN_POINT('',(3.440269473968,10.513047263347));
#2289 = CARTESIAN_POINT('',(3.4407943834,10.48460495455));
#2290 = CARTESIAN_POINT('',(3.441295989123,10.455373826305));
#2291 = CARTESIAN_POINT('',(3.441771435623,10.425348095231));
#2292 = CARTESIAN_POINT('',(3.442217719629,10.394523995377));
#2293 = CARTESIAN_POINT('',(3.442631690111,10.362899778221));
#2294 = CARTESIAN_POINT('',(3.44352102226,10.286686903336));
#2295 = CARTESIAN_POINT('',(3.443968986947,10.241273258459));
#2296 = CARTESIAN_POINT('',(3.444341282197,10.194525842283));
#2297 = CARTESIAN_POINT('',(3.44462809336,10.146735255762));
#2298 = CARTESIAN_POINT('',(3.444822456238,10.098191468262));
#2299 = CARTESIAN_POINT('',(3.444920262055,10.049183649251));
#2300 = CARTESIAN_POINT('',(3.444920262413,10.));
#2301 = ( GEOMETRIC_REPRESENTATION_CONTEXT(2) 
PARAMETRIC_REPRESENTATION_CONTEXT() REPRESENTATION_CONTEXT('2D SPACE',''
  ) );
#2302 = PCURVE('',#2205,#2303);
#2303 = DEFINITIONAL_REPRESENTATION('',(#2304),#2331);
#2304 = B_SPLINE_CURVE_WITH_KNOTS('',7,(#2305,#2306,#2307,#2308,#2309,
    #2310,#2311,#2312,#2313,#2314,#2315,#2316,#2317,#2318,#2319,#2320,
    #2321,#2322,#2323,#2324,#2325,#2326,#2327,#2328,#2329,#2330),
  .UNSPECIFIED.,.F.,.F.,(8,6,6,6,8),(0.,0.540561889576,0.81769602348,
    0.895255570919,1.),.UNSPECIFIED.);
#2305 = CARTESIAN_POINT('',(5.401061645277,3.));
#2306 = CARTESIAN_POINT('',(5.440949321477,2.737393873281));
#2307 = CARTESIAN_POINT('',(5.482624479578,2.480834376356));
#2308 = CARTESIAN_POINT('',(5.52696124065,2.226288591929));
#2309 = CARTESIAN_POINT('',(5.574809824663,1.972222714373));
#2310 = CARTESIAN_POINT('',(5.626986997391,1.719694343852));
#2311 = CARTESIAN_POINT('',(5.684238667329,1.472629425746));
#2312 = CARTESIAN_POINT('',(5.779695735013,1.118193835666));
#2313 = CARTESIAN_POINT('',(5.813501543988,1.0017378378));
#2314 = CARTESIAN_POINT('',(5.849337900831,0.888090371256));
#2315 = CARTESIAN_POINT('',(5.887740682843,0.777592444622));
#2316 = CARTESIAN_POINT('',(5.929179746351,0.671869904193));
#2317 = CARTESIAN_POINT('',(5.974063334229,0.573921815531));
#2318 = CARTESIAN_POINT('',(6.03640332498,0.464228126794));
#2319 = CARTESIAN_POINT('',(6.050362176449,0.441152140858));
#2320 = CARTESIAN_POINT('',(6.064651039388,0.419104886233));
#2321 = CARTESIAN_POINT('',(6.079272617474,0.39821119145));
#2322 = CARTESIAN_POINT('',(6.094229504262,0.37860230705));
#2323 = CARTESIAN_POINT('',(6.109524183178,0.36041590559));
#2324 = CARTESIAN_POINT('',(6.146273937285,0.321350953626));
#2325 = CARTESIAN_POINT('',(6.168089501906,0.301677762801));
#2326 = CARTESIAN_POINT('',(6.190470648023,0.285330707677));
#2327 = CARTESIAN_POINT('',(6.213290368179,0.272738862984));
#2328 = CARTESIAN_POINT('',(6.236427502743,0.26420637881));
#2329 = CARTESIAN_POINT('',(6.259764521822,0.259912679747));
#2330 = CARTESIAN_POINT('',(6.28318530718,0.259912664033));
#2331 = ( GEOMETRIC_REPRESENTATION_CONTEXT(2) 
PARAMETRIC_REPRESENTATION_CONTEXT() REPRESENTATION_CONTEXT('2D SPACE',''
  ) );
#2332 = ORIENTED_EDGE('',*,*,#2333,.T.);
#2333 = EDGE_CURVE('',#2242,#2189,#2334,.T.);
#2334 = SURFACE_CURVE('',#2335,(#2363,#2394),.PCURVE_S1.);
#2335 = B_SPLINE_CURVE_WITH_KNOTS('',6,(#2336,#2337,#2338,#2339,#2340,
    #2341,#2342,#2343,#2344,#2345,#2346,#2347,#2348,#2349,#2350,#2351,
    #2352,#2353,#2354,#2355,#2356,#2357,#2358,#2359,#2360,#2361,#2362),
  .UNSPECIFIED.,.F.,.F.,(7,5,5,5,5,7),(0.,0.102790908651,0.177617107432,
    0.305424178907,0.68340165552,1.),.UNSPECIFIED.);
#2336 = CARTESIAN_POINT('',(-13.74008733596,-43.9,11.));
#2337 = CARTESIAN_POINT('',(-13.74008731793,-43.90000000564,
    11.056424584642));
#2338 = CARTESIAN_POINT('',(-13.73427484215,-43.90181912194,
    11.112620198774));
#2339 = CARTESIAN_POINT('',(-13.7227377473,-43.90543038578,
    11.168101858928));
#2340 = CARTESIAN_POINT('',(-13.70583940146,-43.91071263663,
    11.222382069741));
#2341 = CARTESIAN_POINT('',(-13.68421957684,-43.91745488375,
    11.274971433886));
#2342 = CARTESIAN_POINT('',(-13.64028784983,-43.93111565872,
    11.362073423135));
#2343 = CARTESIAN_POINT('',(-13.61970642484,-43.9375053571,
    11.397726258627));
#2344 = CARTESIAN_POINT('',(-13.59727990849,-43.94445407454,
    11.432334219528));
#2345 = CARTESIAN_POINT('',(-13.57322540275,-43.9518902262,
    11.465897842099));
#2346 = CARTESIAN_POINT('',(-13.54774825269,-43.95974633629,
    11.498421747805));
#2347 = CARTESIAN_POINT('',(-13.47542644581,-43.98198676348,
    11.583706160362));
#2348 = CARTESIAN_POINT('',(-13.42615766793,-43.99707581772,
    11.634569751429));
#2349 = CARTESIAN_POINT('',(-13.37403678063,-44.0129609609,
    11.682697900488));
#2350 = CARTESIAN_POINT('',(-13.31966787219,-44.029443385,
    11.728305030292));
#2351 = CARTESIAN_POINT('',(-13.26345806549,-44.04638834405,
    11.771626040161));
#2352 = CARTESIAN_POINT('',(-13.03455955702,-44.11498777155,
    11.935022624086));
#2353 = CARTESIAN_POINT('',(-12.84727922158,-44.17024665972,
    12.040752911197));
#2354 = CARTESIAN_POINT('',(-12.65323748253,-44.22635512516,
    12.132558416218));
#2355 = CARTESIAN_POINT('',(-12.45677494083,-44.28200289157,
    12.213260153473));
#2356 = CARTESIAN_POINT('',(-12.25794758327,-44.33720659288,
    12.285535761483));
#2357 = CARTESIAN_POINT('',(-11.88105120544,-44.43953545446,
    12.407196220426));
#2358 = CARTESIAN_POINT('',(-11.70697204842,-44.48594207366,
    12.45770890367));
#2359 = CARTESIAN_POINT('',(-11.53156515837,-44.5318137548,
    12.503871386735));
#2360 = CARTESIAN_POINT('',(-11.35532511088,-44.57700929272,
    12.546222580619));
#2361 = CARTESIAN_POINT('',(-11.17828222698,-44.62151632106,
    12.58524970151));
#2362 = CARTESIAN_POINT('',(-11.,-44.66542286825,12.621389490352));
#2363 = PCURVE('',#720,#2364);
#2364 = DEFINITIONAL_REPRESENTATION('',(#2365),#2393);
#2365 = B_SPLINE_CURVE_WITH_KNOTS('',6,(#2366,#2367,#2368,#2369,#2370,
    #2371,#2372,#2373,#2374,#2375,#2376,#2377,#2378,#2379,#2380,#2381,
    #2382,#2383,#2384,#2385,#2386,#2387,#2388,#2389,#2390,#2391,#2392),
  .UNSPECIFIED.,.F.,.F.,(7,5,5,5,5,7),(0.,0.102790908651,0.177617107432,
    0.305424178907,0.68340165552,1.),.UNSPECIFIED.);
#2366 = CARTESIAN_POINT('',(3.444920262413,10.));
#2367 = CARTESIAN_POINT('',(3.444920262003,9.943575415358));
#2368 = CARTESIAN_POINT('',(3.444787860065,9.887379801226));
#2369 = CARTESIAN_POINT('',(3.44452505403,9.831898141072));
#2370 = CARTESIAN_POINT('',(3.444140169394,9.777617930259));
#2371 = CARTESIAN_POINT('',(3.443647849185,9.725028566114));
#2372 = CARTESIAN_POINT('',(3.442647704249,9.637926576865));
#2373 = CARTESIAN_POINT('',(3.442179215545,9.602273741373));
#2374 = CARTESIAN_POINT('',(3.441668816582,9.567665780472));
#2375 = CARTESIAN_POINT('',(3.441121475891,9.534102157901));
#2376 = CARTESIAN_POINT('',(3.440541891256,9.501578252195));
#2377 = CARTESIAN_POINT('',(3.438897016023,9.416293839638));
#2378 = CARTESIAN_POINT('',(3.43777685188,9.365430248571));
#2379 = CARTESIAN_POINT('',(3.436592335332,9.317302099512));
#2380 = CARTESIAN_POINT('',(3.435357285397,9.271694969708));
#2381 = CARTESIAN_POINT('',(3.434081017911,9.228373959839));
#2382 = CARTESIAN_POINT('',(3.428886302303,9.064977375914));
#2383 = CARTESIAN_POINT('',(3.424641502099,8.959247088803));
#2384 = CARTESIAN_POINT('',(3.420250496887,8.867441583782));
#2385 = CARTESIAN_POINT('',(3.415811637655,8.786739846527));
#2386 = CARTESIAN_POINT('',(3.411325870104,8.714464238517));
#2387 = CARTESIAN_POINT('',(3.402835853852,8.592803779574));
#2388 = CARTESIAN_POINT('',(3.39891940404,8.54229109633));
#2389 = CARTESIAN_POINT('',(3.394978039184,8.496128613265));
#2390 = CARTESIAN_POINT('',(3.391022828673,8.453777419381));
#2391 = CARTESIAN_POINT('',(3.387054362694,8.41475029849));
#2392 = CARTESIAN_POINT('',(3.383062858404,8.378610509649));
#2393 = ( GEOMETRIC_REPRESENTATION_CONTEXT(2) 
PARAMETRIC_REPRESENTATION_CONTEXT() REPRESENTATION_CONTEXT('2D SPACE',''
  ) );
#2394 = PCURVE('',#2205,#2395);
#2395 = DEFINITIONAL_REPRESENTATION('',(#2396),#2424);
#2396 = B_SPLINE_CURVE_WITH_KNOTS('',6,(#2397,#2398,#2399,#2400,#2401,
    #2402,#2403,#2404,#2405,#2406,#2407,#2408,#2409,#2410,#2411,#2412,
    #2413,#2414,#2415,#2416,#2417,#2418,#2419,#2420,#2421,#2422,#2423),
  .UNSPECIFIED.,.F.,.F.,(7,5,5,5,5,7),(0.,0.102790908651,0.177617107432,
    0.305424178907,0.68340165552,1.),.UNSPECIFIED.);
#2397 = CARTESIAN_POINT('',(0.,0.259912664033));
#2398 = CARTESIAN_POINT('',(2.686884982931E-02,0.259912682061));
#2399 = CARTESIAN_POINT('',(5.362861863973E-02,0.265725157847));
#2400 = CARTESIAN_POINT('',(8.008349326963E-02,0.277262252691));
#2401 = CARTESIAN_POINT('',(0.106034469975,0.294160598533));
#2402 = CARTESIAN_POINT('',(0.13127210347,0.315780423155));
#2403 = CARTESIAN_POINT('',(0.17325626338,0.359712150166));
#2404 = CARTESIAN_POINT('',(0.190500299579,0.380293575157));
#2405 = CARTESIAN_POINT('',(0.207303829624,0.402720091503));
#2406 = CARTESIAN_POINT('',(0.223669454356,0.426774597245));
#2407 = CARTESIAN_POINT('',(0.239599910404,0.452251747307));
#2408 = CARTESIAN_POINT('',(0.28156973983,0.524573554186));
#2409 = CARTESIAN_POINT('',(0.306819862011,0.57384233207));
#2410 = CARTESIAN_POINT('',(0.330938391941,0.62596321937));
#2411 = CARTESIAN_POINT('',(0.354018762723,0.680332127806));
#2412 = CARTESIAN_POINT('',(0.376162994286,0.736541934503));
#2413 = CARTESIAN_POINT('',(0.460549972857,0.965440442979));
#2414 = CARTESIAN_POINT('',(0.517159044616,1.152720778416));
#2415 = CARTESIAN_POINT('',(0.568259382561,1.34676251747));
#2416 = CARTESIAN_POINT('',(0.614849756311,1.543225059162));
#2417 = CARTESIAN_POINT('',(0.658110018849,1.742052416722));
#2418 = CARTESIAN_POINT('',(0.733811519992,2.118948794554));
#2419 = CARTESIAN_POINT('',(0.766444205514,2.293027951578));
#2420 = CARTESIAN_POINT('',(0.79740058432,2.468434841622));
#2421 = CARTESIAN_POINT('',(0.82687019594,2.644674889117));
#2422 = CARTESIAN_POINT('',(0.855044081426,2.821717773015));
#2423 = CARTESIAN_POINT('',(0.882123661903,3.));
#2424 = ( GEOMETRIC_REPRESENTATION_CONTEXT(2) 
PARAMETRIC_REPRESENTATION_CONTEXT() REPRESENTATION_CONTEXT('2D SPACE',''
  ) );
#2425 = ORIENTED_EDGE('',*,*,#2217,.F.);
#2426 = ORIENTED_EDGE('',*,*,#1411,.T.);
#2427 = ORIENTED_EDGE('',*,*,#2428,.T.);
#2428 = EDGE_CURVE('',#1389,#2429,#2431,.T.);
#2429 = VERTEX_POINT('',#2430);
#2430 = CARTESIAN_POINT('',(-11.,44.665422868255,12.621389490351));
#2431 = SURFACE_CURVE('',#2432,(#2436,#2442),.PCURVE_S1.);
#2432 = LINE('',#2433,#2434);
#2433 = CARTESIAN_POINT('',(-11.,44.665422868255,21.));
#2434 = VECTOR('',#2435,1.);
#2435 = DIRECTION('',(0.,1.110223024625E-16,-1.));
#2436 = PCURVE('',#720,#2437);
#2437 = DEFINITIONAL_REPRESENTATION('',(#2438),#2441);
#2438 = B_SPLINE_CURVE_WITH_KNOTS('',1,(#2439,#2440),.UNSPECIFIED.,.F.,
  .F.,(2,2),(-5.999999928008E-07,16.0000006),.PIECEWISE_BEZIER_KNOTS.);
#2439 = CARTESIAN_POINT('',(6.041715102365,-5.999999928008E-07));
#2440 = CARTESIAN_POINT('',(6.041715102365,16.0000006));
#2441 = ( GEOMETRIC_REPRESENTATION_CONTEXT(2) 
PARAMETRIC_REPRESENTATION_CONTEXT() REPRESENTATION_CONTEXT('2D SPACE',''
  ) );
#2442 = PCURVE('',#748,#2443);
#2443 = DEFINITIONAL_REPRESENTATION('',(#2444),#2447);
#2444 = B_SPLINE_CURVE_WITH_KNOTS('',1,(#2445,#2446),.UNSPECIFIED.,.F.,
  .F.,(2,2),(-5.999999928008E-07,16.0000006),.PIECEWISE_BEZIER_KNOTS.);
#2445 = CARTESIAN_POINT('',(7.665422868255,5.999999928008E-07));
#2446 = CARTESIAN_POINT('',(7.665422868255,-16.0000006));
#2447 = ( GEOMETRIC_REPRESENTATION_CONTEXT(2) 
PARAMETRIC_REPRESENTATION_CONTEXT() REPRESENTATION_CONTEXT('2D SPACE',''
  ) );
#2448 = ORIENTED_EDGE('',*,*,#2449,.T.);
#2449 = EDGE_CURVE('',#2429,#2450,#2452,.T.);
#2450 = VERTEX_POINT('',#2451);
#2451 = CARTESIAN_POINT('',(-11.,44.665422868255,9.378610509649));
#2452 = SURFACE_CURVE('',#2453,(#2522,#2594),.PCURVE_S1.);
#2453 = B_SPLINE_CURVE_WITH_KNOTS('',7,(#2454,#2455,#2456,#2457,#2458,
    #2459,#2460,#2461,#2462,#2463,#2464,#2465,#2466,#2467,#2468,#2469,
    #2470,#2471,#2472,#2473,#2474,#2475,#2476,#2477,#2478,#2479,#2480,
    #2481,#2482,#2483,#2484,#2485,#2486,#2487,#2488,#2489,#2490,#2491,
    #2492,#2493,#2494,#2495,#2496,#2497,#2498,#2499,#2500,#2501,#2502,
    #2503,#2504,#2505,#2506,#2507,#2508,#2509,#2510,#2511,#2512,#2513,
    #2514,#2515,#2516,#2517,#2518,#2519,#2520,#2521),.UNSPECIFIED.,.F.,
  .F.,(8,6,6,6,6,6,6,6,6,6,6,8),(0.,0.269932633241,0.40832112856,
    0.447050953528,0.465291636263,0.499459633941,0.532832037422,
    0.550997845395,0.588444075262,0.652404229532,0.841560500472,1.),
  .UNSPECIFIED.);
#2454 = CARTESIAN_POINT('',(-10.99999999999,44.665422868255,
    12.621389490352));
#2455 = CARTESIAN_POINT('',(-11.26260612672,44.60074940927,
    12.568156309857));
#2456 = CARTESIAN_POINT('',(-11.51916562364,44.535654778339,
    12.509528039733));
#2457 = CARTESIAN_POINT('',(-11.77371140807,44.469290806735,
    12.443990474046));
#2458 = CARTESIAN_POINT('',(-12.02777728562,44.401252770885,
    12.369702346305));
#2459 = CARTESIAN_POINT('',(-12.28030565614,44.331771205608,
    12.284528485055));
#2460 = CARTESIAN_POINT('',(-12.52737057425,44.261997984265,
    12.186132582331));
#2461 = CARTESIAN_POINT('',(-12.88180616433,44.159650172302,
    12.013769379482));
#2462 = CARTESIAN_POINT('',(-12.99826216219,44.125609008981,
    11.951418541415));
#2463 = CARTESIAN_POINT('',(-13.11190962874,44.092011417352,
    11.883978717534));
#2464 = CARTESIAN_POINT('',(-13.22240755537,44.058977315306,
    11.810263687062));
#2465 = CARTESIAN_POINT('',(-13.3281300958,44.027027078685,
    11.729127950821));
#2466 = CARTESIAN_POINT('',(-13.42607818446,43.997141543258,
    11.639547290252));
#2467 = CARTESIAN_POINT('',(-13.53577188981,43.963433771931,
    11.513047244196));
#2468 = CARTESIAN_POINT('',(-13.55884786318,43.956326003828,
    11.484604954026));
#2469 = CARTESIAN_POINT('',(-13.58089510343,43.949519978138,
    11.455373843818));
#2470 = CARTESIAN_POINT('',(-13.6017887962,43.943056677828,
    11.425348111357));
#2471 = CARTESIAN_POINT('',(-13.62139769197,43.936979315229,
    11.394523991383));
#2472 = CARTESIAN_POINT('',(-13.639584106,43.931333332038,11.3628997556)
  );
#2473 = CARTESIAN_POINT('',(-13.66403139303,43.923732916059,
    11.315204879905));
#2474 = CARTESIAN_POINT('',(-13.67150954716,43.921406244874,
    11.299760189482));
#2475 = CARTESIAN_POINT('',(-13.67862047196,43.919192248361,
    11.28414793865));
#2476 = CARTESIAN_POINT('',(-13.68534704755,43.917096538491,
    11.268374466897));
#2477 = CARTESIAN_POINT('',(-13.69167294292,43.915124476612,
    11.25244615595));
#2478 = CARTESIAN_POINT('',(-13.69758261597,43.913281173441,
    11.236369429772));
#2479 = CARTESIAN_POINT('',(-13.71332387464,43.908368950412,
    11.189770331594));
#2480 = CARTESIAN_POINT('',(-13.7220827076,43.905632515483,
    11.158866764511));
#2481 = CARTESIAN_POINT('',(-13.72921629491,43.90340192711,
    11.127540282468));
#2482 = CARTESIAN_POINT('',(-13.73463224765,43.901707416813,
    11.095890834966));
#2483 = CARTESIAN_POINT('',(-13.73826730534,43.900569704806,
    11.06401809186));
#2484 = CARTESIAN_POINT('',(-13.74008733596,43.9,11.032021443353));
#2485 = CARTESIAN_POINT('',(-13.74008733596,43.9,10.968724168806));
#2486 = CARTESIAN_POINT('',(-13.73835107234,43.900543479331,
    10.937470516745));
#2487 = CARTESIAN_POINT('',(-13.73488292184,43.901628953075,
    10.906332130559));
#2488 = CARTESIAN_POINT('',(-13.72971400747,43.903246201405,
    10.875402343987));
#2489 = CARTESIAN_POINT('',(-13.72290219851,43.90537626958,
    10.844774737765));
#2490 = CARTESIAN_POINT('',(-13.71453211056,43.907991467947,
    10.814543139622));
#2491 = CARTESIAN_POINT('',(-13.69937135402,43.912723165862,
    10.768612240246));
#2492 = CARTESIAN_POINT('',(-13.69359673464,43.914524605332,
    10.752561578228));
#2493 = CARTESIAN_POINT('',(-13.68740570075,43.916454929426,
    10.736656295209));
#2494 = CARTESIAN_POINT('',(-13.68081352966,43.918509114926,
    10.72090300946));
#2495 = CARTESIAN_POINT('',(-13.67383632257,43.920681876322,
    10.70530830055));
#2496 = CARTESIAN_POINT('',(-13.66649100456,43.922967665813,
    10.689878709345));
#2497 = CARTESIAN_POINT('',(-13.64293177478,43.930293517955,
    10.643168599854));
#2498 = CARTESIAN_POINT('',(-13.62558683198,43.935679728994,
    10.612460265794));
#2499 = CARTESIAN_POINT('',(-13.60689127266,43.941476052778,
    10.582497763738));
#2500 = CARTESIAN_POINT('',(-13.58697083462,43.947640996678,
    10.553281370823));
#2501 = CARTESIAN_POINT('',(-13.56594621701,43.954134829087,
    10.524809613413));
#2502 = CARTESIAN_POINT('',(-13.54393308035,43.96091957942,
    10.497079267096));
#2503 = CARTESIAN_POINT('',(-13.48194294193,43.979982808335,
    10.423978320537));
#2504 = CARTESIAN_POINT('',(-13.44023445777,43.99276466049,
    10.379962702266));
#2505 = CARTESIAN_POINT('',(-13.39637431898,44.00615303774,
    10.337928465551));
#2506 = CARTESIAN_POINT('',(-13.35073583796,44.020024851504,
    10.297756200692));
#2507 = CARTESIAN_POINT('',(-13.30360792671,44.034284802135,
    10.259317534924));
#2508 = CARTESIAN_POINT('',(-13.25519510893,44.048864699591,
    10.222475542742));
#2509 = CARTESIAN_POINT('',(-13.0589964106,44.107664201919,
    10.082421344528));
#2510 = CARTESIAN_POINT('',(-12.90078788885,44.15445840596,
    9.989455742263));
#2511 = CARTESIAN_POINT('',(-12.73639822783,44.202308639974,
    9.90678680022));
#2512 = CARTESIAN_POINT('',(-12.56903925037,44.250204167912,
    9.832855124958));
#2513 = CARTESIAN_POINT('',(-12.39996712439,44.297775377665,
    9.76608967281));
#2514 = CARTESIAN_POINT('',(-12.22864741031,44.345161706061,
    9.705006274209));
#2515 = CARTESIAN_POINT('',(-11.90559337217,44.432872158851,
    9.60072588083));
#2516 = CARTESIAN_POINT('',(-11.75670895042,44.472683039607,
    9.556723291543));
#2517 = CARTESIAN_POINT('',(-11.60673953982,44.512154462884,
    9.515912534579));
#2518 = CARTESIAN_POINT('',(-11.45603370945,44.551183271053,
    9.477978101601));
#2519 = CARTESIAN_POINT('',(-11.30474142976,44.589725586537,
    9.442626813412));
#2520 = CARTESIAN_POINT('',(-11.15281333741,44.627788684951,
    9.409587471512));
#2521 = CARTESIAN_POINT('',(-10.99999999999,44.665422868255,
    9.378610509648));
#2522 = PCURVE('',#720,#2523);
#2523 = DEFINITIONAL_REPRESENTATION('',(#2524),#2593);
#2524 = B_SPLINE_CURVE_WITH_KNOTS('',7,(#2525,#2526,#2527,#2528,#2529,
    #2530,#2531,#2532,#2533,#2534,#2535,#2536,#2537,#2538,#2539,#2540,
    #2541,#2542,#2543,#2544,#2545,#2546,#2547,#2548,#2549,#2550,#2551,
    #2552,#2553,#2554,#2555,#2556,#2557,#2558,#2559,#2560,#2561,#2562,
    #2563,#2564,#2565,#2566,#2567,#2568,#2569,#2570,#2571,#2572,#2573,
    #2574,#2575,#2576,#2577,#2578,#2579,#2580,#2581,#2582,#2583,#2584,
    #2585,#2586,#2587,#2588,#2589,#2590,#2591,#2592),.UNSPECIFIED.,.F.,
  .F.,(8,6,6,6,6,6,6,6,6,6,6,8),(0.,0.269932633241,0.40832112856,
    0.447050953528,0.465291636263,0.499459633941,0.532832037422,
    0.550997845395,0.588444075262,0.652404229532,0.841560500472,1.),
  .UNSPECIFIED.);
#2525 = CARTESIAN_POINT('',(6.041715102365,8.378610509648));
#2526 = CARTESIAN_POINT('',(6.035835697003,8.431843690143));
#2527 = CARTESIAN_POINT('',(6.030081737172,8.490471960267));
#2528 = CARTESIAN_POINT('',(6.024363352134,8.556009525954));
#2529 = CARTESIAN_POINT('',(6.018645796308,8.630297653694));
#2530 = CARTESIAN_POINT('',(6.0129522522,8.715471514945));
#2531 = CARTESIAN_POINT('',(6.007371300283,8.813867417669));
#2532 = CARTESIAN_POINT('',(5.999351368174,8.986230620518));
#2533 = CARTESIAN_POINT('',(5.996713788428,9.048581458585));
#2534 = CARTESIAN_POINT('',(5.994137510583,9.116021282466));
#2535 = CARTESIAN_POINT('',(5.991630353219,9.189736312938));
#2536 = CARTESIAN_POINT('',(5.989229392035,9.270872049179));
#2537 = CARTESIAN_POINT('',(5.987003180494,9.360452709748));
#2538 = CARTESIAN_POINT('',(5.984508486424,9.486952755804));
#2539 = CARTESIAN_POINT('',(5.983983577278,9.515395045974));
#2540 = CARTESIAN_POINT('',(5.983481971882,9.544626156182));
#2541 = CARTESIAN_POINT('',(5.983006525428,9.574651888643));
#2542 = CARTESIAN_POINT('',(5.982560241163,9.605476008617));
#2543 = CARTESIAN_POINT('',(5.982146270394,9.6371002444));
#2544 = CARTESIAN_POINT('',(5.981589716317,9.684795120095));
#2545 = CARTESIAN_POINT('',(5.981419461052,9.700239810518));
#2546 = CARTESIAN_POINT('',(5.981257556292,9.71585206135));
#2547 = CARTESIAN_POINT('',(5.981104393641,9.731625533103));
#2548 = CARTESIAN_POINT('',(5.980960346713,9.74755384405));
#2549 = CARTESIAN_POINT('',(5.980825771133,9.763630570228));
#2550 = CARTESIAN_POINT('',(5.98046729481,9.810229668406));
#2551 = CARTESIAN_POINT('',(5.980267809144,9.841133235489));
#2552 = CARTESIAN_POINT('',(5.98010532665,9.872459717532));
#2553 = CARTESIAN_POINT('',(5.97998196038,9.904109165034));
#2554 = CARTESIAN_POINT('',(5.979899157311,9.93598190814));
#2555 = CARTESIAN_POINT('',(5.979857698356,9.967978556648));
#2556 = CARTESIAN_POINT('',(5.979857698356,10.031275831194));
#2557 = CARTESIAN_POINT('',(5.979897249129,10.062529483255));
#2558 = CARTESIAN_POINT('',(5.979976250221,10.093667869441));
#2559 = CARTESIAN_POINT('',(5.980093989569,10.124597656013));
#2560 = CARTESIAN_POINT('',(5.980249143505,10.155225262235));
#2561 = CARTESIAN_POINT('',(5.980439776756,10.185456860378));
#2562 = CARTESIAN_POINT('',(5.980785037338,10.231387759754));
#2563 = CARTESIAN_POINT('',(5.980916539156,10.247438421772));
#2564 = CARTESIAN_POINT('',(5.981057517123,10.263343704791));
#2565 = CARTESIAN_POINT('',(5.981207621679,10.27909699054));
#2566 = CARTESIAN_POINT('',(5.981366484467,10.29469169945));
#2567 = CARTESIAN_POINT('',(5.98153371834,10.310121290655));
#2568 = CARTESIAN_POINT('',(5.982070065211,10.356831400146));
#2569 = CARTESIAN_POINT('',(5.982464891309,10.387539734206));
#2570 = CARTESIAN_POINT('',(5.982890401774,10.417502236262));
#2571 = CARTESIAN_POINT('',(5.983343718769,10.446718629177));
#2572 = CARTESIAN_POINT('',(5.983822080488,10.475190386587));
#2573 = CARTESIAN_POINT('',(5.984322841163,10.502920732904));
#2574 = CARTESIAN_POINT('',(5.985732734635,10.576021679463));
#2575 = CARTESIAN_POINT('',(5.986681062078,10.620037297734));
#2576 = CARTESIAN_POINT('',(5.987677975142,10.662071534449));
#2577 = CARTESIAN_POINT('',(5.988714932142,10.702243799308));
#2578 = CARTESIAN_POINT('',(5.989785323242,10.740682465076));
#2579 = CARTESIAN_POINT('',(5.990884465747,10.777524457258));
#2580 = CARTESIAN_POINT('',(5.995337078598,10.917578655472));
#2581 = CARTESIAN_POINT('',(5.998923658612,11.010544257736));
#2582 = CARTESIAN_POINT('',(6.002645604506,11.09321319978));
#2583 = CARTESIAN_POINT('',(6.006429832125,11.167144875042));
#2584 = CARTESIAN_POINT('',(6.010247970986,11.23391032719));
#2585 = CARTESIAN_POINT('',(6.014112110128,11.294993725791));
#2586 = CARTESIAN_POINT('',(6.021389266915,11.39927411917));
#2587 = CARTESIAN_POINT('',(6.024739571069,11.443276708457));
#2588 = CARTESIAN_POINT('',(6.028110765219,11.484087465421));
#2589 = CARTESIAN_POINT('',(6.031495011804,11.522021898399));
#2590 = CARTESIAN_POINT('',(6.034888979519,11.557373186588));
#2591 = CARTESIAN_POINT('',(6.038293812974,11.590412528488));
#2592 = CARTESIAN_POINT('',(6.041715102365,11.621389490352));
#2593 = ( GEOMETRIC_REPRESENTATION_CONTEXT(2) 
PARAMETRIC_REPRESENTATION_CONTEXT() REPRESENTATION_CONTEXT('2D SPACE',''
  ) );
#2594 = PCURVE('',#2595,#2600);
#2595 = CYLINDRICAL_SURFACE('',#2596,2.1);
#2596 = AXIS2_PLACEMENT_3D('',#2597,#2598,#2599);
#2597 = CARTESIAN_POINT('',(-14.,46.,11.));
#2598 = DIRECTION('',(1.,0.,0.));
#2599 = DIRECTION('',(0.,1.,1.110223024625E-16));
#2600 = DEFINITIONAL_REPRESENTATION('',(#2601),#2670);
#2601 = B_SPLINE_CURVE_WITH_KNOTS('',7,(#2602,#2603,#2604,#2605,#2606,
    #2607,#2608,#2609,#2610,#2611,#2612,#2613,#2614,#2615,#2616,#2617,
    #2618,#2619,#2620,#2621,#2622,#2623,#2624,#2625,#2626,#2627,#2628,
    #2629,#2630,#2631,#2632,#2633,#2634,#2635,#2636,#2637,#2638,#2639,
    #2640,#2641,#2642,#2643,#2644,#2645,#2646,#2647,#2648,#2649,#2650,
    #2651,#2652,#2653,#2654,#2655,#2656,#2657,#2658,#2659,#2660,#2661,
    #2662,#2663,#2664,#2665,#2666,#2667,#2668,#2669),.UNSPECIFIED.,.F.,
  .F.,(8,6,6,6,6,6,6,6,6,6,6,8),(0.,0.269932633241,0.40832112856,
    0.447050953528,0.465291636263,0.499459633941,0.532832037422,
    0.550997845395,0.588444075262,0.652404229532,0.841560500472,1.),
  .UNSPECIFIED.);
#2602 = CARTESIAN_POINT('',(2.259468991687,3.000000000001));
#2603 = CARTESIAN_POINT('',(2.299356667887,2.73739387328));
#2604 = CARTESIAN_POINT('',(2.341031825988,2.480834376359));
#2605 = CARTESIAN_POINT('',(2.38536858706,2.226288591927));
#2606 = CARTESIAN_POINT('',(2.433217171072,1.972222714376));
#2607 = CARTESIAN_POINT('',(2.485394343801,1.719694343851));
#2608 = CARTESIAN_POINT('',(2.542646013738,1.472629425747));
#2609 = CARTESIAN_POINT('',(2.638103081423,1.118193835666));
#2610 = CARTESIAN_POINT('',(2.671908890398,1.001737837801));
#2611 = CARTESIAN_POINT('',(2.707745247241,0.888090371256));
#2612 = CARTESIAN_POINT('',(2.746148029253,0.777592444622));
#2613 = CARTESIAN_POINT('',(2.787587092761,0.671869904193));
#2614 = CARTESIAN_POINT('',(2.832470680639,0.573921815532));
#2615 = CARTESIAN_POINT('',(2.894810680828,0.464228110188));
#2616 = CARTESIAN_POINT('',(2.908769523226,0.441152136818));
#2617 = CARTESIAN_POINT('',(2.923058377314,0.41910489657));
#2618 = CARTESIAN_POINT('',(2.937679955989,0.398211203791));
#2619 = CARTESIAN_POINT('',(2.952636852508,0.378602308022));
#2620 = CARTESIAN_POINT('',(2.967931540496,0.360415893996));
#2621 = CARTESIAN_POINT('',(2.990929950628,0.335968606961));
#2622 = CARTESIAN_POINT('',(2.998367278926,0.328490452837));
#2623 = CARTESIAN_POINT('',(3.005875614852,0.321379528038));
#2624 = CARTESIAN_POINT('',(3.013452266646,0.314652952448));
#2625 = CARTESIAN_POINT('',(3.021094594761,0.308327057071));
#2626 = CARTESIAN_POINT('',(3.028800011865,0.302417384025));
#2627 = CARTESIAN_POINT('',(3.051113008424,0.286676125355));
#2628 = CARTESIAN_POINT('',(3.065884319862,0.2779172924));
#2629 = CARTESIAN_POINT('',(3.080835945594,0.270783705082));
#2630 = CARTESIAN_POINT('',(3.095924671011,0.265367752341));
#2631 = CARTESIAN_POINT('',(3.111108038456,0.261732694653));
#2632 = CARTESIAN_POINT('',(3.126344347231,0.259912664033));
#2633 = CARTESIAN_POINT('',(3.156485906539,0.259912664033));
#2634 = CARTESIAN_POINT('',(3.17136842679,0.261648927651));
#2635 = CARTESIAN_POINT('',(3.186201697047,0.265117078154));
#2636 = CARTESIAN_POINT('',(3.200946524127,0.27028599253));
#2637 = CARTESIAN_POINT('',(3.215563038957,0.277097801482));
#2638 = CARTESIAN_POINT('',(3.230010696577,0.285467889434));
#2639 = CARTESIAN_POINT('',(3.251998306377,0.300628645972));
#2640 = CARTESIAN_POINT('',(3.259689145829,0.306403265352));
#2641 = CARTESIAN_POINT('',(3.267318174175,0.312594299244));
#2642 = CARTESIAN_POINT('',(3.274882717939,0.319186470336));
#2643 = CARTESIAN_POINT('',(3.282380050484,0.326163677429));
#2644 = CARTESIAN_POINT('',(3.289807392011,0.333508995434));
#2645 = CARTESIAN_POINT('',(3.312322201641,0.357068225212));
#2646 = CARTESIAN_POINT('',(3.327166085686,0.374413168016));
#2647 = CARTESIAN_POINT('',(3.341694970326,0.393108727338));
#2648 = CARTESIAN_POINT('',(3.355910322373,0.413029165378));
#2649 = CARTESIAN_POINT('',(3.369813666817,0.434053782982));
#2650 = CARTESIAN_POINT('',(3.383406586833,0.456066919643));
#2651 = CARTESIAN_POINT('',(3.419380736926,0.518057058066));
#2652 = CARTESIAN_POINT('',(3.441198195555,0.559765542221));
#2653 = CARTESIAN_POINT('',(3.462194524558,0.603625681018));
#2654 = CARTESIAN_POINT('',(3.482422625871,0.649264162039));
#2655 = CARTESIAN_POINT('',(3.501938341194,0.696392073287));
#2656 = CARTESIAN_POINT('',(3.520801914726,0.744804891067));
#2657 = CARTESIAN_POINT('',(3.593133602082,0.941003589394));
#2658 = CARTESIAN_POINT('',(3.642577677703,1.099212111148));
#2659 = CARTESIAN_POINT('',(3.687951891317,1.263601772161));
#2660 = CARTESIAN_POINT('',(3.729819339186,1.430960749624));
#2661 = CARTESIAN_POINT('',(3.768802484911,1.600032875608));
#2662 = CARTESIAN_POINT('',(3.805587757059,1.771352589681));
#2663 = CARTESIAN_POINT('',(3.870474758039,2.094406627823));
#2664 = CARTESIAN_POINT('',(3.898713234669,2.243291049571));
#2665 = CARTESIAN_POINT('',(3.925726218421,2.393260460175));
#2666 = CARTESIAN_POINT('',(3.951623071461,2.543966290549));
#2667 = CARTESIAN_POINT('',(3.976512531097,2.695258570231));
#2668 = CARTESIAN_POINT('',(4.000505246513,2.847186662585));
#2669 = CARTESIAN_POINT('',(4.023716315493,3.000000000001));
#2670 = ( GEOMETRIC_REPRESENTATION_CONTEXT(2) 
PARAMETRIC_REPRESENTATION_CONTEXT() REPRESENTATION_CONTEXT('2D SPACE',''
  ) );
#2671 = ORIENTED_EDGE('',*,*,#2672,.T.);
#2672 = EDGE_CURVE('',#2450,#704,#2673,.T.);
#2673 = SURFACE_CURVE('',#2674,(#2678,#2684),.PCURVE_S1.);
#2674 = LINE('',#2675,#2676);
#2675 = CARTESIAN_POINT('',(-11.,44.665422868255,21.));
#2676 = VECTOR('',#2677,1.);
#2677 = DIRECTION('',(0.,1.110223024625E-16,-1.));
#2678 = PCURVE('',#720,#2679);
#2679 = DEFINITIONAL_REPRESENTATION('',(#2680),#2683);
#2680 = B_SPLINE_CURVE_WITH_KNOTS('',1,(#2681,#2682),.UNSPECIFIED.,.F.,
  .F.,(2,2),(-5.999999928008E-07,16.0000006),.PIECEWISE_BEZIER_KNOTS.);
#2681 = CARTESIAN_POINT('',(6.041715102365,-5.999999928008E-07));
#2682 = CARTESIAN_POINT('',(6.041715102365,16.0000006));
#2683 = ( GEOMETRIC_REPRESENTATION_CONTEXT(2) 
PARAMETRIC_REPRESENTATION_CONTEXT() REPRESENTATION_CONTEXT('2D SPACE',''
  ) );
#2684 = PCURVE('',#748,#2685);
#2685 = DEFINITIONAL_REPRESENTATION('',(#2686),#2689);
#2686 = B_SPLINE_CURVE_WITH_KNOTS('',1,(#2687,#2688),.UNSPECIFIED.,.F.,
  .F.,(2,2),(-5.999999928008E-07,16.0000006),.PIECEWISE_BEZIER_KNOTS.);
#2687 = CARTESIAN_POINT('',(7.665422868255,5.999999928008E-07));
#2688 = CARTESIAN_POINT('',(7.665422868255,-16.0000006));
#2689 = ( GEOMETRIC_REPRESENTATION_CONTEXT(2) 
PARAMETRIC_REPRESENTATION_CONTEXT() REPRESENTATION_CONTEXT('2D SPACE',''
  ) );
#2690 = ADVANCED_FACE('',(#2691),#748,.F.);
#2691 = FACE_BOUND('',#2692,.F.);
#2692 = EDGE_LOOP('',(#2693,#2694,#2695,#2719,#2741,#2742,#2743));
#2693 = ORIENTED_EDGE('',*,*,#1388,.F.);
#2694 = ORIENTED_EDGE('',*,*,#2428,.T.);
#2695 = ORIENTED_EDGE('',*,*,#2696,.F.);
#2696 = EDGE_CURVE('',#2697,#2429,#2699,.T.);
#2697 = VERTEX_POINT('',#2698);
#2698 = CARTESIAN_POINT('',(-11.,48.1,11.));
#2699 = SURFACE_CURVE('',#2700,(#2705,#2712),.PCURVE_S1.);
#2700 = CIRCLE('',#2701,2.1);
#2701 = AXIS2_PLACEMENT_3D('',#2702,#2703,#2704);
#2702 = CARTESIAN_POINT('',(-11.,46.,11.));
#2703 = DIRECTION('',(1.,0.,-0.));
#2704 = DIRECTION('',(0.,1.,1.110223024625E-16));
#2705 = PCURVE('',#748,#2706);
#2706 = DEFINITIONAL_REPRESENTATION('',(#2707),#2711);
#2707 = CIRCLE('',#2708,2.1);
#2708 = AXIS2_PLACEMENT_2D('',#2709,#2710);
#2709 = CARTESIAN_POINT('',(9.,-10.));
#2710 = DIRECTION('',(1.,0.));
#2711 = ( GEOMETRIC_REPRESENTATION_CONTEXT(2) 
PARAMETRIC_REPRESENTATION_CONTEXT() REPRESENTATION_CONTEXT('2D SPACE',''
  ) );
#2712 = PCURVE('',#2595,#2713);
#2713 = DEFINITIONAL_REPRESENTATION('',(#2714),#2718);
#2714 = LINE('',#2715,#2716);
#2715 = CARTESIAN_POINT('',(0.,3.));
#2716 = VECTOR('',#2717,1.);
#2717 = DIRECTION('',(1.,0.));
#2718 = ( GEOMETRIC_REPRESENTATION_CONTEXT(2) 
PARAMETRIC_REPRESENTATION_CONTEXT() REPRESENTATION_CONTEXT('2D SPACE',''
  ) );
#2719 = ORIENTED_EDGE('',*,*,#2720,.F.);
#2720 = EDGE_CURVE('',#2450,#2697,#2721,.T.);
#2721 = SURFACE_CURVE('',#2722,(#2727,#2734),.PCURVE_S1.);
#2722 = CIRCLE('',#2723,2.1);
#2723 = AXIS2_PLACEMENT_3D('',#2724,#2725,#2726);
#2724 = CARTESIAN_POINT('',(-11.,46.,11.));
#2725 = DIRECTION('',(1.,0.,-0.));
#2726 = DIRECTION('',(0.,1.,1.110223024625E-16));
#2727 = PCURVE('',#748,#2728);
#2728 = DEFINITIONAL_REPRESENTATION('',(#2729),#2733);
#2729 = CIRCLE('',#2730,2.1);
#2730 = AXIS2_PLACEMENT_2D('',#2731,#2732);
#2731 = CARTESIAN_POINT('',(9.,-10.));
#2732 = DIRECTION('',(1.,0.));
#2733 = ( GEOMETRIC_REPRESENTATION_CONTEXT(2) 
PARAMETRIC_REPRESENTATION_CONTEXT() REPRESENTATION_CONTEXT('2D SPACE',''
  ) );
#2734 = PCURVE('',#2595,#2735);
#2735 = DEFINITIONAL_REPRESENTATION('',(#2736),#2740);
#2736 = LINE('',#2737,#2738);
#2737 = CARTESIAN_POINT('',(0.,3.));
#2738 = VECTOR('',#2739,1.);
#2739 = DIRECTION('',(1.,0.));
#2740 = ( GEOMETRIC_REPRESENTATION_CONTEXT(2) 
PARAMETRIC_REPRESENTATION_CONTEXT() REPRESENTATION_CONTEXT('2D SPACE',''
  ) );
#2741 = ORIENTED_EDGE('',*,*,#2672,.T.);
#2742 = ORIENTED_EDGE('',*,*,#732,.T.);
#2743 = ORIENTED_EDGE('',*,*,#2744,.F.);
#2744 = EDGE_CURVE('',#1366,#733,#2745,.T.);
#2745 = SURFACE_CURVE('',#2746,(#2750,#2757),.PCURVE_S1.);
#2746 = LINE('',#2747,#2748);
#2747 = CARTESIAN_POINT('',(-11.,64.,21.));
#2748 = VECTOR('',#2749,1.);
#2749 = DIRECTION('',(0.,1.110223024625E-16,-1.));
#2750 = PCURVE('',#748,#2751);
#2751 = DEFINITIONAL_REPRESENTATION('',(#2752),#2756);
#2752 = LINE('',#2753,#2754);
#2753 = CARTESIAN_POINT('',(27.,0.));
#2754 = VECTOR('',#2755,1.);
#2755 = DIRECTION('',(0.,-1.));
#2756 = ( GEOMETRIC_REPRESENTATION_CONTEXT(2) 
PARAMETRIC_REPRESENTATION_CONTEXT() REPRESENTATION_CONTEXT('2D SPACE',''
  ) );
#2757 = PCURVE('',#774,#2758);
#2758 = DEFINITIONAL_REPRESENTATION('',(#2759),#2763);
#2759 = LINE('',#2760,#2761);
#2760 = CARTESIAN_POINT('',(0.,0.));
#2761 = VECTOR('',#2762,1.);
#2762 = DIRECTION('',(0.,1.));
#2763 = ( GEOMETRIC_REPRESENTATION_CONTEXT(2) 
PARAMETRIC_REPRESENTATION_CONTEXT() REPRESENTATION_CONTEXT('2D SPACE',''
  ) );
#2764 = ADVANCED_FACE('',(#2765),#774,.T.);
#2765 = FACE_BOUND('',#2766,.T.);
#2766 = EDGE_LOOP('',(#2767,#2768,#2769,#2770));
#2767 = ORIENTED_EDGE('',*,*,#2744,.F.);
#2768 = ORIENTED_EDGE('',*,*,#1365,.T.);
#2769 = ORIENTED_EDGE('',*,*,#1918,.T.);
#2770 = ORIENTED_EDGE('',*,*,#760,.F.);
#2771 = ADVANCED_FACE('',(#2772),#807,.T.);
#2772 = FACE_BOUND('',#2773,.T.);
#2773 = EDGE_LOOP('',(#2774,#2797,#2824,#2825,#2826,#2827,#2828,#2829));
#2774 = ORIENTED_EDGE('',*,*,#2775,.T.);
#2775 = EDGE_CURVE('',#791,#2776,#2778,.T.);
#2776 = VERTEX_POINT('',#2777);
#2777 = CARTESIAN_POINT('',(-9.30731567352E-15,38.,0.));
#2778 = SEAM_CURVE('',#2779,(#2783,#2790),.PCURVE_S1.);
#2779 = LINE('',#2780,#2781);
#2780 = CARTESIAN_POINT('',(-9.30731567352E-15,38.,149.83333333333));
#2781 = VECTOR('',#2782,1.);
#2782 = DIRECTION('',(0.,1.110223024625E-16,-1.));
#2783 = PCURVE('',#807,#2784);
#2784 = DEFINITIONAL_REPRESENTATION('',(#2785),#2789);
#2785 = LINE('',#2786,#2787);
#2786 = CARTESIAN_POINT('',(6.28318530718,-0.));
#2787 = VECTOR('',#2788,1.);
#2788 = DIRECTION('',(0.,1.));
#2789 = ( GEOMETRIC_REPRESENTATION_CONTEXT(2) 
PARAMETRIC_REPRESENTATION_CONTEXT() REPRESENTATION_CONTEXT('2D SPACE',''
  ) );
#2790 = PCURVE('',#807,#2791);
#2791 = DEFINITIONAL_REPRESENTATION('',(#2792),#2796);
#2792 = LINE('',#2793,#2794);
#2793 = CARTESIAN_POINT('',(0.,-0.));
#2794 = VECTOR('',#2795,1.);
#2795 = DIRECTION('',(0.,1.));
#2796 = ( GEOMETRIC_REPRESENTATION_CONTEXT(2) 
PARAMETRIC_REPRESENTATION_CONTEXT() REPRESENTATION_CONTEXT('2D SPACE',''
  ) );
#2797 = ORIENTED_EDGE('',*,*,#2798,.F.);
#2798 = EDGE_CURVE('',#2776,#2776,#2799,.T.);
#2799 = SURFACE_CURVE('',#2800,(#2805,#2812),.PCURVE_S1.);
#2800 = CIRCLE('',#2801,38.);
#2801 = AXIS2_PLACEMENT_3D('',#2802,#2803,#2804);
#2802 = CARTESIAN_POINT('',(0.,2.423986937098E-15,0.));
#2803 = DIRECTION('',(0.,1.110223024625E-16,-1.));
#2804 = DIRECTION('',(0.,1.,1.110223024625E-16));
#2805 = PCURVE('',#807,#2806);
#2806 = DEFINITIONAL_REPRESENTATION('',(#2807),#2811);
#2807 = LINE('',#2808,#2809);
#2808 = CARTESIAN_POINT('',(0.,149.83333333333));
#2809 = VECTOR('',#2810,1.);
#2810 = DIRECTION('',(1.,0.));
#2811 = ( GEOMETRIC_REPRESENTATION_CONTEXT(2) 
PARAMETRIC_REPRESENTATION_CONTEXT() REPRESENTATION_CONTEXT('2D SPACE',''
  ) );
#2812 = PCURVE('',#2813,#2818);
#2813 = PLANE('',#2814);
#2814 = AXIS2_PLACEMENT_3D('',#2815,#2816,#2817);
#2815 = CARTESIAN_POINT('',(0.,2.423986937098E-15,0.));
#2816 = DIRECTION('',(0.,1.110223024625E-16,-1.));
#2817 = DIRECTION('',(0.,1.,1.110223024625E-16));
#2818 = DEFINITIONAL_REPRESENTATION('',(#2819),#2823);
#2819 = CIRCLE('',#2820,38.);
#2820 = AXIS2_PLACEMENT_2D('',#2821,#2822);
#2821 = CARTESIAN_POINT('',(0.,0.));
#2822 = DIRECTION('',(1.,0.));
#2823 = ( GEOMETRIC_REPRESENTATION_CONTEXT(2) 
PARAMETRIC_REPRESENTATION_CONTEXT() REPRESENTATION_CONTEXT('2D SPACE',''
  ) );
#2824 = ORIENTED_EDGE('',*,*,#2775,.F.);
#2825 = ORIENTED_EDGE('',*,*,#891,.T.);
#2826 = ORIENTED_EDGE('',*,*,#867,.T.);
#2827 = ORIENTED_EDGE('',*,*,#843,.T.);
#2828 = ORIENTED_EDGE('',*,*,#819,.T.);
#2829 = ORIENTED_EDGE('',*,*,#788,.T.);
#2830 = ADVANCED_FACE('',(#2831,#2882,#2885),#934,.F.);
#2831 = FACE_BOUND('',#2832,.F.);
#2832 = EDGE_LOOP('',(#2833,#2857,#2878,#2879,#2880,#2881));
#2833 = ORIENTED_EDGE('',*,*,#2834,.T.);
#2834 = EDGE_CURVE('',#2835,#2835,#2837,.T.);
#2835 = VERTEX_POINT('',#2836);
#2836 = CARTESIAN_POINT('',(-1.714505518806E-15,53.,18.6));
#2837 = SURFACE_CURVE('',#2838,(#2843,#2850),.PCURVE_S1.);
#2838 = CIRCLE('',#2839,7.);
#2839 = AXIS2_PLACEMENT_3D('',#2840,#2841,#2842);
#2840 = CARTESIAN_POINT('',(0.,46.,18.6));
#2841 = DIRECTION('',(0.,1.110223024625E-16,-1.));
#2842 = DIRECTION('',(0.,1.,1.110223024625E-16));
#2843 = PCURVE('',#934,#2844);
#2844 = DEFINITIONAL_REPRESENTATION('',(#2845),#2849);
#2845 = LINE('',#2846,#2847);
#2846 = CARTESIAN_POINT('',(0.,5.4));
#2847 = VECTOR('',#2848,1.);
#2848 = DIRECTION('',(1.,0.));
#2849 = ( GEOMETRIC_REPRESENTATION_CONTEXT(2) 
PARAMETRIC_REPRESENTATION_CONTEXT() REPRESENTATION_CONTEXT('2D SPACE',''
  ) );
#2850 = PCURVE('',#1509,#2851);
#2851 = DEFINITIONAL_REPRESENTATION('',(#2852),#2856);
#2852 = LINE('',#2853,#2854);
#2853 = CARTESIAN_POINT('',(-0.,-2.5));
#2854 = VECTOR('',#2855,1.);
#2855 = DIRECTION('',(-1.,-0.));
#2856 = ( GEOMETRIC_REPRESENTATION_CONTEXT(2) 
PARAMETRIC_REPRESENTATION_CONTEXT() REPRESENTATION_CONTEXT('2D SPACE',''
  ) );
#2857 = ORIENTED_EDGE('',*,*,#2858,.T.);
#2858 = EDGE_CURVE('',#2835,#918,#2859,.T.);
#2859 = SEAM_CURVE('',#2860,(#2864,#2871),.PCURVE_S1.);
#2860 = LINE('',#2861,#2862);
#2861 = CARTESIAN_POINT('',(-1.714505518806E-15,53.,24.));
#2862 = VECTOR('',#2863,1.);
#2863 = DIRECTION('',(0.,1.110223024625E-16,-1.));
#2864 = PCURVE('',#934,#2865);
#2865 = DEFINITIONAL_REPRESENTATION('',(#2866),#2870);
#2866 = LINE('',#2867,#2868);
#2867 = CARTESIAN_POINT('',(0.,-0.));
#2868 = VECTOR('',#2869,1.);
#2869 = DIRECTION('',(0.,1.));
#2870 = ( GEOMETRIC_REPRESENTATION_CONTEXT(2) 
PARAMETRIC_REPRESENTATION_CONTEXT() REPRESENTATION_CONTEXT('2D SPACE',''
  ) );
#2871 = PCURVE('',#934,#2872);
#2872 = DEFINITIONAL_REPRESENTATION('',(#2873),#2877);
#2873 = LINE('',#2874,#2875);
#2874 = CARTESIAN_POINT('',(6.28318530718,-0.));
#2875 = VECTOR('',#2876,1.);
#2876 = DIRECTION('',(0.,1.));
#2877 = ( GEOMETRIC_REPRESENTATION_CONTEXT(2) 
PARAMETRIC_REPRESENTATION_CONTEXT() REPRESENTATION_CONTEXT('2D SPACE',''
  ) );
#2878 = ORIENTED_EDGE('',*,*,#915,.F.);
#2879 = ORIENTED_EDGE('',*,*,#946,.F.);
#2880 = ORIENTED_EDGE('',*,*,#970,.F.);
#2881 = ORIENTED_EDGE('',*,*,#2858,.F.);
#2882 = FACE_BOUND('',#2883,.F.);
#2883 = EDGE_LOOP('',(#2884));
#2884 = ORIENTED_EDGE('',*,*,#1966,.F.);
#2885 = FACE_BOUND('',#2886,.F.);
#2886 = EDGE_LOOP('',(#2887));
#2887 = ORIENTED_EDGE('',*,*,#2888,.T.);
#2888 = EDGE_CURVE('',#2889,#2889,#2891,.T.);
#2889 = VERTEX_POINT('',#2890);
#2890 = CARTESIAN_POINT('',(-6.677574409919,48.1,11.));
#2891 = SURFACE_CURVE('',#2892,(#2944,#2999),.PCURVE_S1.);
#2892 = B_SPLINE_CURVE_WITH_KNOTS('',8,(#2893,#2894,#2895,#2896,#2897,
    #2898,#2899,#2900,#2901,#2902,#2903,#2904,#2905,#2906,#2907,#2908,
    #2909,#2910,#2911,#2912,#2913,#2914,#2915,#2916,#2917,#2918,#2919,
    #2920,#2921,#2922,#2923,#2924,#2925,#2926,#2927,#2928,#2929,#2930,
    #2931,#2932,#2933,#2934,#2935,#2936,#2937,#2938,#2939,#2940,#2941,
    #2942,#2943),.UNSPECIFIED.,.T.,.F.,(9,7,7,7,7,7,7,9),(0.,
    0.153653132464,0.277378498914,0.411684553402,0.567737611642,
    0.698246975303,0.819093768358,1.),.UNSPECIFIED.);
#2893 = CARTESIAN_POINT('',(-6.677574409919,48.1,11.));
#2894 = CARTESIAN_POINT('',(-6.677574416868,48.099999977903,
    11.220968304794));
#2895 = CARTESIAN_POINT('',(-6.685930912799,48.073427307695,
    11.441408176117));
#2896 = CARTESIAN_POINT('',(-6.702574812381,48.020505642662,
    11.659359236549));
#2897 = CARTESIAN_POINT('',(-6.72696116078,47.94088980802,
    11.872749254814));
#2898 = CARTESIAN_POINT('',(-6.758042727358,47.833864858442,
    12.079066440359));
#2899 = CARTESIAN_POINT('',(-6.794145011337,47.698454197336,
    12.275129823969));
#2900 = CARTESIAN_POINT('',(-6.832828073236,47.533601399467,
    12.456750663005));
#2901 = CARTESIAN_POINT('',(-6.901413148694,47.181562600076,
    12.747982485634));
#2902 = CARTESIAN_POINT('',(-6.932678324596,46.999230061025,
    12.869486866236));
#2903 = CARTESIAN_POINT('',(-6.961828568096,46.793973218099,
    12.973490241329));
#2904 = CARTESIAN_POINT('',(-6.985625474079,46.569965562572,
    13.053135204122));
#2905 = CARTESIAN_POINT('',(-7.001165306947,46.332773531097,
    13.103657302977));
#2906 = CARTESIAN_POINT('',(-7.006791499741,46.088727383074,
    13.122272343323));
#2907 = CARTESIAN_POINT('',(-7.002330434552,45.844484573037,
    13.108201356906));
#2908 = CARTESIAN_POINT('',(-6.97438577266,45.348161987212,
    13.013522760068));
#2909 = CARTESIAN_POINT('',(-6.949950134605,45.10862395218,
    12.929508343584));
#2910 = CARTESIAN_POINT('',(-6.918498020586,44.890914784661,
    12.817432706141));
#2911 = CARTESIAN_POINT('',(-6.883192131624,44.696626321968,
    12.68292595648));
#2912 = CARTESIAN_POINT('',(-6.846948773866,44.526496117438,
    12.530932860586));
#2913 = CARTESIAN_POINT('',(-6.812184918044,44.380646777434,
    12.365856857722));
#2914 = CARTESIAN_POINT('',(-6.780728990672,44.258671470376,
    12.191609339379));
#2915 = CARTESIAN_POINT('',(-6.722460613521,44.044823952633,
    11.802622148656));
#2916 = CARTESIAN_POINT('',(-6.696854498535,43.959660069974,
    11.583414600637));
#2917 = CARTESIAN_POINT('',(-6.678867098151,43.903448824071,
    11.357714107149));
#2918 = CARTESIAN_POINT('',(-6.669688532428,43.875632230611,
    11.128419173435));
#2919 = CARTESIAN_POINT('',(-6.669848510483,43.875937145247,
    10.898106590704));
#2920 = CARTESIAN_POINT('',(-6.679247033466,43.904388750091,
    10.669263254508));
#2921 = CARTESIAN_POINT('',(-6.697154012955,43.961330319163,
    10.444500871314));
#2922 = CARTESIAN_POINT('',(-6.743098688055,44.119508685339,
    10.044987922845));
#2923 = CARTESIAN_POINT('',(-6.769024337396,44.212060544947,
    9.867841752631));
#2924 = CARTESIAN_POINT('',(-6.799164595577,44.325652384094,
    9.697298144581));
#2925 = CARTESIAN_POINT('',(-6.832369927767,44.460934921814,
    9.535640759743));
#2926 = CARTESIAN_POINT('',(-6.867073467605,44.618534504119,
    9.385745264011));
#2927 = CARTESIAN_POINT('',(-6.901202773912,44.79888979965,
    9.251205844518));
#2928 = CARTESIAN_POINT('',(-6.932186085561,45.00199084651,
    9.136532432156));
#2929 = CARTESIAN_POINT('',(-6.980326513299,45.435231503085,
    8.965000321669));
#2930 = CARTESIAN_POINT('',(-6.998327431532,45.662162039095,
    8.904527723024));
#2931 = CARTESIAN_POINT('',(-7.008310001534,45.901338351392,
    8.872819585633));
#2932 = CARTESIAN_POINT('',(-7.008249416291,46.145126864337,
    8.873319293472));
#2933 = CARTESIAN_POINT('',(-6.997808570742,46.385389762491,
    8.90640476353));
#2934 = CARTESIAN_POINT('',(-6.97867079753,46.614212961388,
    8.969512454444));
#2935 = CARTESIAN_POINT('',(-6.953813961745,46.824724467169,
    9.05697480506));
#2936 = CARTESIAN_POINT('',(-6.88562859344,47.29155702047,9.313618173032
    ));
#2937 = CARTESIAN_POINT('',(-6.837808621393,47.528580235318,
    9.507269565167));
#2938 = CARTESIAN_POINT('',(-6.789860805148,47.722427684697,
    9.727778395108));
#2939 = CARTESIAN_POINT('',(-6.747101575764,47.874777077093,
    9.966437448537));
#2940 = CARTESIAN_POINT('',(-6.712940563405,47.987535257664,
    10.216977012545));
#2941 = CARTESIAN_POINT('',(-6.689424177084,48.062321693688,
    10.474891733296));
#2942 = CARTESIAN_POINT('',(-6.677574418193,48.099999973688,
    10.736876495191));
#2943 = CARTESIAN_POINT('',(-6.677574409919,48.1,11.));
#2944 = PCURVE('',#934,#2945);
#2945 = DEFINITIONAL_REPRESENTATION('',(#2946),#2998);
#2946 = B_SPLINE_CURVE_WITH_KNOTS('',8,(#2947,#2948,#2949,#2950,#2951,
    #2952,#2953,#2954,#2955,#2956,#2957,#2958,#2959,#2960,#2961,#2962,
    #2963,#2964,#2965,#2966,#2967,#2968,#2969,#2970,#2971,#2972,#2973,
    #2974,#2975,#2976,#2977,#2978,#2979,#2980,#2981,#2982,#2983,#2984,
    #2985,#2986,#2987,#2988,#2989,#2990,#2991,#2992,#2993,#2994,#2995,
    #2996,#2997),.UNSPECIFIED.,.F.,.F.,(9,7,7,7,7,7,7,9),(0.,
    0.153653132464,0.277378498914,0.411684553402,0.567737611642,
    0.698246975303,0.819093768358,1.),.UNSPECIFIED.);
#2947 = CARTESIAN_POINT('',(5.0170816344,13.));
#2948 = CARTESIAN_POINT('',(5.017081631091,12.779031695206));
#2949 = CARTESIAN_POINT('',(5.013102244328,12.558591823883));
#2950 = CARTESIAN_POINT('',(5.005176947708,12.340640763451));
#2951 = CARTESIAN_POINT('',(4.993282001193,12.127250745186));
#2952 = CARTESIAN_POINT('',(4.977364811567,11.920933559641));
#2953 = CARTESIAN_POINT('',(4.957356273909,11.724870176031));
#2954 = CARTESIAN_POINT('',(4.933183738129,11.543249336995));
#2955 = CARTESIAN_POINT('',(4.881946947128,11.252017514366));
#2956 = CARTESIAN_POINT('',(4.855526034101,11.130513133764));
#2957 = CARTESIAN_POINT('',(4.825930145888,11.026509758671));
#2958 = CARTESIAN_POINT('',(4.79379134259,10.946864795879));
#2959 = CARTESIAN_POINT('',(4.759892867872,10.896342697022));
#2960 = CARTESIAN_POINT('',(4.725069146752,10.877727656677));
#2961 = CARTESIAN_POINT('',(4.690196687172,10.891798643094));
#2962 = CARTESIAN_POINT('',(4.619181165252,10.986477239932));
#2963 = CARTESIAN_POINT('',(4.58481937515,11.070491656416));
#2964 = CARTESIAN_POINT('',(4.553437471594,11.182567293859));
#2965 = CARTESIAN_POINT('',(4.525257467605,11.31707404352));
#2966 = CARTESIAN_POINT('',(4.500422903205,11.469067139414));
#2967 = CARTESIAN_POINT('',(4.479010059526,11.634143142278));
#2968 = CARTESIAN_POINT('',(4.461016510941,11.808390660621));
#2969 = CARTESIAN_POINT('',(4.429353113988,12.197377851344));
#2970 = CARTESIAN_POINT('',(4.416653117325,12.416585399363));
#2971 = CARTESIAN_POINT('',(4.40822239635,12.642285892851));
#2972 = CARTESIAN_POINT('',(4.404037056429,12.871580826565));
#2973 = CARTESIAN_POINT('',(4.404085957691,13.101893409297));
#2974 = CARTESIAN_POINT('',(4.408366823309,13.330736745492));
#2975 = CARTESIAN_POINT('',(4.41689203921,13.555499128686));
#2976 = CARTESIAN_POINT('',(4.44042287382,13.955012077155));
#2977 = CARTESIAN_POINT('',(4.454152923306,14.132158247369));
#2978 = CARTESIAN_POINT('',(4.470938994406,14.302701855419));
#2979 = CARTESIAN_POINT('',(4.490831511971,14.464359240257));
#2980 = CARTESIAN_POINT('',(4.513869416474,14.614254735988));
#2981 = CARTESIAN_POINT('',(4.540067003281,14.748794155482));
#2982 = CARTESIAN_POINT('',(4.569392734032,14.863467567844));
#2983 = CARTESIAN_POINT('',(4.631665171558,15.034999678331));
#2984 = CARTESIAN_POINT('',(4.664169470084,15.095472276976));
#2985 = CARTESIAN_POINT('',(4.698327158658,15.127180414367));
#2986 = CARTESIAN_POINT('',(4.733091410102,15.126680706528));
#2987 = CARTESIAN_POINT('',(4.767389641081,15.09359523647));
#2988 = CARTESIAN_POINT('',(4.800160798986,15.030487545556));
#2989 = CARTESIAN_POINT('',(4.83043130264,14.94302519494));
#2990 = CARTESIAN_POINT('',(4.897829279548,14.686381826968));
#2991 = CARTESIAN_POINT('',(4.932321519308,14.492730434833));
#2992 = CARTESIAN_POINT('',(4.960813992257,14.272221604891));
#2993 = CARTESIAN_POINT('',(4.983409675306,14.033562551464));
#2994 = CARTESIAN_POINT('',(5.000239388878,13.783022987454));
#2995 = CARTESIAN_POINT('',(5.011439139828,13.525108266704));
#2996 = CARTESIAN_POINT('',(5.01708163046,13.263123504809));
#2997 = CARTESIAN_POINT('',(5.0170816344,13.));
#2998 = ( GEOMETRIC_REPRESENTATION_CONTEXT(2) 
PARAMETRIC_REPRESENTATION_CONTEXT() REPRESENTATION_CONTEXT('2D SPACE',''
  ) );
#2999 = PCURVE('',#2595,#3000);
#3000 = DEFINITIONAL_REPRESENTATION('',(#3001),#3053);
#3001 = B_SPLINE_CURVE_WITH_KNOTS('',8,(#3002,#3003,#3004,#3005,#3006,
    #3007,#3008,#3009,#3010,#3011,#3012,#3013,#3014,#3015,#3016,#3017,
    #3018,#3019,#3020,#3021,#3022,#3023,#3024,#3025,#3026,#3027,#3028,
    #3029,#3030,#3031,#3032,#3033,#3034,#3035,#3036,#3037,#3038,#3039,
    #3040,#3041,#3042,#3043,#3044,#3045,#3046,#3047,#3048,#3049,#3050,
    #3051,#3052),.UNSPECIFIED.,.F.,.F.,(9,7,7,7,7,7,7,9),(0.,
    0.153653132464,0.277378498914,0.411684553402,0.567737611642,
    0.698246975303,0.819093768358,1.),.UNSPECIFIED.);
#3002 = CARTESIAN_POINT('',(0.,7.322425590081));
#3003 = CARTESIAN_POINT('',(0.105223002283,7.322425583132));
#3004 = CARTESIAN_POINT('',(0.210194058602,7.314069087201));
#3005 = CARTESIAN_POINT('',(0.315756652196,7.297425187619));
#3006 = CARTESIAN_POINT('',(0.422659784791,7.27303883922));
#3007 = CARTESIAN_POINT('',(0.531649945816,7.241957272642));
#3008 = CARTESIAN_POINT('',(0.643510540385,7.205854988663));
#3009 = CARTESIAN_POINT('',(0.759125767888,7.167171926764));
#3010 = CARTESIAN_POINT('',(0.976691818946,7.098586851306));
#3011 = CARTESIAN_POINT('',(1.08047263723,7.067321675404));
#3012 = CARTESIAN_POINT('',(1.188744145497,7.038171431904));
#3013 = CARTESIAN_POINT('',(1.300103588322,7.014374525921));
#3014 = CARTESIAN_POINT('',(1.4135883196,6.998834693053));
#3015 = CARTESIAN_POINT('',(1.528420295306,6.993208500259));
#3016 = CARTESIAN_POINT('',(1.64392201912,6.997669565448));
#3017 = CARTESIAN_POINT('',(1.884527899235,7.02561422734));
#3018 = CARTESIAN_POINT('',(2.004070664637,7.050049865395));
#3019 = CARTESIAN_POINT('',(2.118894705367,7.081501979414));
#3020 = CARTESIAN_POINT('',(2.229621718343,7.116807868376));
#3021 = CARTESIAN_POINT('',(2.336701700025,7.153051226134));
#3022 = CARTESIAN_POINT('',(2.440471785254,7.187815081956));
#3023 = CARTESIAN_POINT('',(2.541164587522,7.219271009328));
#3024 = CARTESIAN_POINT('',(2.752542635642,7.277539386479));
#3025 = CARTESIAN_POINT('',(2.863552785985,7.303145501465));
#3026 = CARTESIAN_POINT('',(2.972863805366,7.321132901849));
#3027 = CARTESIAN_POINT('',(3.081203393744,7.330311467572));
#3028 = CARTESIAN_POINT('',(3.189246586218,7.330151489517));
#3029 = CARTESIAN_POINT('',(3.297662465105,7.320752966534));
#3030 = CARTESIAN_POINT('',(3.407157897475,7.302845987045));
#3031 = CARTESIAN_POINT('',(3.611770795374,7.256901311945));
#3032 = CARTESIAN_POINT('',(3.706426001641,7.230975662604));
#3033 = CARTESIAN_POINT('',(3.803081569821,7.200835404423));
#3034 = CARTESIAN_POINT('',(3.902230221932,7.167630072233));
#3035 = CARTESIAN_POINT('',(4.004399423992,7.132926532395));
#3036 = CARTESIAN_POINT('',(4.110164066899,7.098797226088));
#3037 = CARTESIAN_POINT('',(4.220189633972,7.067813914439));
#3038 = CARTESIAN_POINT('',(4.442076375238,7.019673486701));
#3039 = CARTESIAN_POINT('',(4.553151042738,7.001672568468));
#3040 = CARTESIAN_POINT('',(4.666452943061,6.991689998466));
#3041 = CARTESIAN_POINT('',(4.780498863857,6.991750583709));
#3042 = CARTESIAN_POINT('',(4.893981982933,7.002191429258));
#3043 = CARTESIAN_POINT('',(5.005540694149,7.02132920247));
#3044 = CARTESIAN_POINT('',(5.113449535074,7.046186038255));
#3045 = CARTESIAN_POINT('',(5.367129235252,7.11437140656));
#3046 = CARTESIAN_POINT('',(5.510461984036,7.162191378607));
#3047 = CARTESIAN_POINT('',(5.64729427116,7.210139194852));
#3048 = CARTESIAN_POINT('',(5.779124306416,7.252898424236));
#3049 = CARTESIAN_POINT('',(5.9073228225,7.287059436595));
#3050 = CARTESIAN_POINT('',(6.033133097601,7.310575822916));
#3051 = CARTESIAN_POINT('',(6.157888400128,7.322425581807));
#3052 = CARTESIAN_POINT('',(6.28318530718,7.322425590081));
#3053 = ( GEOMETRIC_REPRESENTATION_CONTEXT(2) 
PARAMETRIC_REPRESENTATION_CONTEXT() REPRESENTATION_CONTEXT('2D SPACE',''
  ) );
#3054 = ADVANCED_FACE('',(#3055,#3106,#3109),#1013,.F.);
#3055 = FACE_BOUND('',#3056,.F.);
#3056 = EDGE_LOOP('',(#3057,#3081,#3102,#3103,#3104,#3105));
#3057 = ORIENTED_EDGE('',*,*,#3058,.T.);
#3058 = EDGE_CURVE('',#3059,#3059,#3061,.T.);
#3059 = VERTEX_POINT('',#3060);
#3060 = CARTESIAN_POINT('',(-1.714505518806E-15,-39.,18.6));
#3061 = SURFACE_CURVE('',#3062,(#3067,#3074),.PCURVE_S1.);
#3062 = CIRCLE('',#3063,7.);
#3063 = AXIS2_PLACEMENT_3D('',#3064,#3065,#3066);
#3064 = CARTESIAN_POINT('',(0.,-46.,18.6));
#3065 = DIRECTION('',(0.,1.110223024625E-16,-1.));
#3066 = DIRECTION('',(0.,1.,1.110223024625E-16));
#3067 = PCURVE('',#1013,#3068);
#3068 = DEFINITIONAL_REPRESENTATION('',(#3069),#3073);
#3069 = LINE('',#3070,#3071);
#3070 = CARTESIAN_POINT('',(0.,5.4));
#3071 = VECTOR('',#3072,1.);
#3072 = DIRECTION('',(1.,0.));
#3073 = ( GEOMETRIC_REPRESENTATION_CONTEXT(2) 
PARAMETRIC_REPRESENTATION_CONTEXT() REPRESENTATION_CONTEXT('2D SPACE',''
  ) );
#3074 = PCURVE('',#1631,#3075);
#3075 = DEFINITIONAL_REPRESENTATION('',(#3076),#3080);
#3076 = LINE('',#3077,#3078);
#3077 = CARTESIAN_POINT('',(-0.,-2.5));
#3078 = VECTOR('',#3079,1.);
#3079 = DIRECTION('',(-1.,-0.));
#3080 = ( GEOMETRIC_REPRESENTATION_CONTEXT(2) 
PARAMETRIC_REPRESENTATION_CONTEXT() REPRESENTATION_CONTEXT('2D SPACE',''
  ) );
#3081 = ORIENTED_EDGE('',*,*,#3082,.T.);
#3082 = EDGE_CURVE('',#3059,#997,#3083,.T.);
#3083 = SEAM_CURVE('',#3084,(#3088,#3095),.PCURVE_S1.);
#3084 = LINE('',#3085,#3086);
#3085 = CARTESIAN_POINT('',(-1.714505518806E-15,-39.,24.));
#3086 = VECTOR('',#3087,1.);
#3087 = DIRECTION('',(0.,1.110223024625E-16,-1.));
#3088 = PCURVE('',#1013,#3089);
#3089 = DEFINITIONAL_REPRESENTATION('',(#3090),#3094);
#3090 = LINE('',#3091,#3092);
#3091 = CARTESIAN_POINT('',(0.,-0.));
#3092 = VECTOR('',#3093,1.);
#3093 = DIRECTION('',(0.,1.));
#3094 = ( GEOMETRIC_REPRESENTATION_CONTEXT(2) 
PARAMETRIC_REPRESENTATION_CONTEXT() REPRESENTATION_CONTEXT('2D SPACE',''
  ) );
#3095 = PCURVE('',#1013,#3096);
#3096 = DEFINITIONAL_REPRESENTATION('',(#3097),#3101);
#3097 = LINE('',#3098,#3099);
#3098 = CARTESIAN_POINT('',(6.28318530718,-0.));
#3099 = VECTOR('',#3100,1.);
#3100 = DIRECTION('',(0.,1.));
#3101 = ( GEOMETRIC_REPRESENTATION_CONTEXT(2) 
PARAMETRIC_REPRESENTATION_CONTEXT() REPRESENTATION_CONTEXT('2D SPACE',''
  ) );
#3102 = ORIENTED_EDGE('',*,*,#994,.F.);
#3103 = ORIENTED_EDGE('',*,*,#1025,.F.);
#3104 = ORIENTED_EDGE('',*,*,#1049,.F.);
#3105 = ORIENTED_EDGE('',*,*,#3082,.F.);
#3106 = FACE_BOUND('',#3107,.F.);
#3107 = EDGE_LOOP('',(#3108));
#3108 = ORIENTED_EDGE('',*,*,#1170,.F.);
#3109 = FACE_BOUND('',#3110,.F.);
#3110 = EDGE_LOOP('',(#3111));
#3111 = ORIENTED_EDGE('',*,*,#3112,.T.);
#3112 = EDGE_CURVE('',#3113,#3113,#3115,.T.);
#3113 = VERTEX_POINT('',#3114);
#3114 = CARTESIAN_POINT('',(-6.677574409919,-43.9,11.));
#3115 = SURFACE_CURVE('',#3116,(#3168,#3223),.PCURVE_S1.);
#3116 = B_SPLINE_CURVE_WITH_KNOTS('',8,(#3117,#3118,#3119,#3120,#3121,
    #3122,#3123,#3124,#3125,#3126,#3127,#3128,#3129,#3130,#3131,#3132,
    #3133,#3134,#3135,#3136,#3137,#3138,#3139,#3140,#3141,#3142,#3143,
    #3144,#3145,#3146,#3147,#3148,#3149,#3150,#3151,#3152,#3153,#3154,
    #3155,#3156,#3157,#3158,#3159,#3160,#3161,#3162,#3163,#3164,#3165,
    #3166,#3167),.UNSPECIFIED.,.T.,.F.,(9,7,7,7,7,7,7,9),(0.,
    0.153653132464,0.277378498914,0.411684553402,0.567737611642,
    0.698246975303,0.819093768358,1.),.UNSPECIFIED.);
#3117 = CARTESIAN_POINT('',(-6.677574409919,-43.9,11.));
#3118 = CARTESIAN_POINT('',(-6.677574416868,-43.90000002209,
    11.220968304794));
#3119 = CARTESIAN_POINT('',(-6.685930912799,-43.9265726923,
    11.441408176117));
#3120 = CARTESIAN_POINT('',(-6.702574812381,-43.97949435733,
    11.659359236549));
#3121 = CARTESIAN_POINT('',(-6.72696116078,-44.05911019198,
    11.872749254814));
#3122 = CARTESIAN_POINT('',(-6.758042727358,-44.16613514155,
    12.079066440359));
#3123 = CARTESIAN_POINT('',(-6.794145011337,-44.30154580266,
    12.275129823969));
#3124 = CARTESIAN_POINT('',(-6.832828073236,-44.46639860053,
    12.456750663005));
#3125 = CARTESIAN_POINT('',(-6.901413148694,-44.81843739992,
    12.747982485634));
#3126 = CARTESIAN_POINT('',(-6.932678324596,-45.00076993897,
    12.869486866236));
#3127 = CARTESIAN_POINT('',(-6.961828568096,-45.2060267819,
    12.973490241329));
#3128 = CARTESIAN_POINT('',(-6.985625474079,-45.43003443742,
    13.053135204122));
#3129 = CARTESIAN_POINT('',(-7.001165306947,-45.6672264689,
    13.103657302977));
#3130 = CARTESIAN_POINT('',(-7.006791499741,-45.91127261692,
    13.122272343323));
#3131 = CARTESIAN_POINT('',(-7.002330434552,-46.15551542696,
    13.108201356906));
#3132 = CARTESIAN_POINT('',(-6.97438577266,-46.65183801278,
    13.013522760068));
#3133 = CARTESIAN_POINT('',(-6.949950134605,-46.89137604782,
    12.929508343584));
#3134 = CARTESIAN_POINT('',(-6.918498020586,-47.10908521533,
    12.817432706141));
#3135 = CARTESIAN_POINT('',(-6.883192131624,-47.30337367803,
    12.68292595648));
#3136 = CARTESIAN_POINT('',(-6.846948773866,-47.47350388256,
    12.530932860586));
#3137 = CARTESIAN_POINT('',(-6.812184918044,-47.61935322256,
    12.365856857722));
#3138 = CARTESIAN_POINT('',(-6.780728990672,-47.74132852962,
    12.191609339379));
#3139 = CARTESIAN_POINT('',(-6.722460613521,-47.95517604736,
    11.802622148656));
#3140 = CARTESIAN_POINT('',(-6.696854498535,-48.04033993002,
    11.583414600637));
#3141 = CARTESIAN_POINT('',(-6.678867098151,-48.09655117592,
    11.357714107149));
#3142 = CARTESIAN_POINT('',(-6.669688532428,-48.12436776938,
    11.128419173435));
#3143 = CARTESIAN_POINT('',(-6.669848510483,-48.12406285475,
    10.898106590704));
#3144 = CARTESIAN_POINT('',(-6.679247033466,-48.0956112499,
    10.669263254508));
#3145 = CARTESIAN_POINT('',(-6.697154012955,-48.03866968083,
    10.444500871314));
#3146 = CARTESIAN_POINT('',(-6.743098688055,-47.88049131466,
    10.044987922845));
#3147 = CARTESIAN_POINT('',(-6.769024337396,-47.78793945505,
    9.867841752631));
#3148 = CARTESIAN_POINT('',(-6.799164595577,-47.6743476159,
    9.697298144581));
#3149 = CARTESIAN_POINT('',(-6.832369927767,-47.53906507818,
    9.535640759743));
#3150 = CARTESIAN_POINT('',(-6.867073467605,-47.38146549588,
    9.385745264011));
#3151 = CARTESIAN_POINT('',(-6.901202773912,-47.20111020035,
    9.251205844518));
#3152 = CARTESIAN_POINT('',(-6.932186085561,-46.99800915349,
    9.136532432156));
#3153 = CARTESIAN_POINT('',(-6.980326513299,-46.56476849691,
    8.965000321669));
#3154 = CARTESIAN_POINT('',(-6.998327431532,-46.3378379609,
    8.904527723024));
#3155 = CARTESIAN_POINT('',(-7.008310001534,-46.0986616486,
    8.872819585633));
#3156 = CARTESIAN_POINT('',(-7.008249416291,-45.85487313566,
    8.873319293472));
#3157 = CARTESIAN_POINT('',(-6.997808570742,-45.6146102375,8.90640476353
    ));
#3158 = CARTESIAN_POINT('',(-6.97867079753,-45.38578703861,
    8.969512454444));
#3159 = CARTESIAN_POINT('',(-6.953813961745,-45.17527553283,
    9.05697480506));
#3160 = CARTESIAN_POINT('',(-6.88562859344,-44.70844297953,
    9.313618173032));
#3161 = CARTESIAN_POINT('',(-6.837808621393,-44.47141976468,
    9.507269565167));
#3162 = CARTESIAN_POINT('',(-6.789860805148,-44.2775723153,
    9.727778395108));
#3163 = CARTESIAN_POINT('',(-6.747101575764,-44.1252229229,
    9.966437448537));
#3164 = CARTESIAN_POINT('',(-6.712940563405,-44.01246474233,
    10.216977012545));
#3165 = CARTESIAN_POINT('',(-6.689424177084,-43.93767830631,
    10.474891733296));
#3166 = CARTESIAN_POINT('',(-6.677574418193,-43.90000002631,
    10.736876495191));
#3167 = CARTESIAN_POINT('',(-6.677574409919,-43.9,11.));
#3168 = PCURVE('',#1013,#3169);
#3169 = DEFINITIONAL_REPRESENTATION('',(#3170),#3222);
#3170 = B_SPLINE_CURVE_WITH_KNOTS('',8,(#3171,#3172,#3173,#3174,#3175,
    #3176,#3177,#3178,#3179,#3180,#3181,#3182,#3183,#3184,#3185,#3186,
    #3187,#3188,#3189,#3190,#3191,#3192,#3193,#3194,#3195,#3196,#3197,
    #3198,#3199,#3200,#3201,#3202,#3203,#3204,#3205,#3206,#3207,#3208,
    #3209,#3210,#3211,#3212,#3213,#3214,#3215,#3216,#3217,#3218,#3219,
    #3220,#3221),.UNSPECIFIED.,.F.,.F.,(9,7,7,7,7,7,7,9),(0.,
    0.153653132464,0.277378498914,0.411684553402,0.567737611642,
    0.698246975303,0.819093768358,1.),.UNSPECIFIED.);
#3171 = CARTESIAN_POINT('',(5.0170816344,13.));
#3172 = CARTESIAN_POINT('',(5.017081631091,12.779031695206));
#3173 = CARTESIAN_POINT('',(5.013102244328,12.558591823883));
#3174 = CARTESIAN_POINT('',(5.005176947708,12.340640763451));
#3175 = CARTESIAN_POINT('',(4.993282001193,12.127250745186));
#3176 = CARTESIAN_POINT('',(4.977364811567,11.920933559641));
#3177 = CARTESIAN_POINT('',(4.957356273909,11.724870176031));
#3178 = CARTESIAN_POINT('',(4.933183738129,11.543249336995));
#3179 = CARTESIAN_POINT('',(4.881946947128,11.252017514366));
#3180 = CARTESIAN_POINT('',(4.855526034101,11.130513133764));
#3181 = CARTESIAN_POINT('',(4.825930145888,11.026509758671));
#3182 = CARTESIAN_POINT('',(4.79379134259,10.946864795879));
#3183 = CARTESIAN_POINT('',(4.759892867872,10.896342697022));
#3184 = CARTESIAN_POINT('',(4.725069146752,10.877727656677));
#3185 = CARTESIAN_POINT('',(4.690196687172,10.891798643094));
#3186 = CARTESIAN_POINT('',(4.619181165252,10.986477239932));
#3187 = CARTESIAN_POINT('',(4.58481937515,11.070491656416));
#3188 = CARTESIAN_POINT('',(4.553437471594,11.182567293859));
#3189 = CARTESIAN_POINT('',(4.525257467605,11.31707404352));
#3190 = CARTESIAN_POINT('',(4.500422903205,11.469067139414));
#3191 = CARTESIAN_POINT('',(4.479010059526,11.634143142278));
#3192 = CARTESIAN_POINT('',(4.461016510941,11.808390660621));
#3193 = CARTESIAN_POINT('',(4.429353113988,12.197377851344));
#3194 = CARTESIAN_POINT('',(4.416653117325,12.416585399363));
#3195 = CARTESIAN_POINT('',(4.40822239635,12.642285892851));
#3196 = CARTESIAN_POINT('',(4.404037056429,12.871580826565));
#3197 = CARTESIAN_POINT('',(4.404085957691,13.101893409297));
#3198 = CARTESIAN_POINT('',(4.408366823309,13.330736745492));
#3199 = CARTESIAN_POINT('',(4.41689203921,13.555499128686));
#3200 = CARTESIAN_POINT('',(4.44042287382,13.955012077155));
#3201 = CARTESIAN_POINT('',(4.454152923306,14.132158247369));
#3202 = CARTESIAN_POINT('',(4.470938994406,14.302701855419));
#3203 = CARTESIAN_POINT('',(4.490831511971,14.464359240257));
#3204 = CARTESIAN_POINT('',(4.513869416474,14.614254735988));
#3205 = CARTESIAN_POINT('',(4.540067003281,14.748794155482));
#3206 = CARTESIAN_POINT('',(4.569392734032,14.863467567844));
#3207 = CARTESIAN_POINT('',(4.631665171558,15.034999678331));
#3208 = CARTESIAN_POINT('',(4.664169470084,15.095472276976));
#3209 = CARTESIAN_POINT('',(4.698327158658,15.127180414367));
#3210 = CARTESIAN_POINT('',(4.733091410102,15.126680706528));
#3211 = CARTESIAN_POINT('',(4.767389641081,15.09359523647));
#3212 = CARTESIAN_POINT('',(4.800160798986,15.030487545556));
#3213 = CARTESIAN_POINT('',(4.83043130264,14.94302519494));
#3214 = CARTESIAN_POINT('',(4.897829279548,14.686381826968));
#3215 = CARTESIAN_POINT('',(4.932321519308,14.492730434833));
#3216 = CARTESIAN_POINT('',(4.960813992257,14.272221604891));
#3217 = CARTESIAN_POINT('',(4.983409675306,14.033562551464));
#3218 = CARTESIAN_POINT('',(5.000239388878,13.783022987454));
#3219 = CARTESIAN_POINT('',(5.011439139828,13.525108266704));
#3220 = CARTESIAN_POINT('',(5.01708163046,13.263123504809));
#3221 = CARTESIAN_POINT('',(5.0170816344,13.));
#3222 = ( GEOMETRIC_REPRESENTATION_CONTEXT(2) 
PARAMETRIC_REPRESENTATION_CONTEXT() REPRESENTATION_CONTEXT('2D SPACE',''
  ) );
#3223 = PCURVE('',#2205,#3224);
#3224 = DEFINITIONAL_REPRESENTATION('',(#3225),#3277);
#3225 = B_SPLINE_CURVE_WITH_KNOTS('',8,(#3226,#3227,#3228,#3229,#3230,
    #3231,#3232,#3233,#3234,#3235,#3236,#3237,#3238,#3239,#3240,#3241,
    #3242,#3243,#3244,#3245,#3246,#3247,#3248,#3249,#3250,#3251,#3252,
    #3253,#3254,#3255,#3256,#3257,#3258,#3259,#3260,#3261,#3262,#3263,
    #3264,#3265,#3266,#3267,#3268,#3269,#3270,#3271,#3272,#3273,#3274,
    #3275,#3276),.UNSPECIFIED.,.F.,.F.,(9,7,7,7,7,7,7,9),(0.,
    0.153653132464,0.277378498914,0.411684553402,0.567737611642,
    0.698246975303,0.819093768358,1.),.UNSPECIFIED.);
#3226 = CARTESIAN_POINT('',(0.,7.322425590081));
#3227 = CARTESIAN_POINT('',(0.105223002283,7.322425583132));
#3228 = CARTESIAN_POINT('',(0.210194058602,7.314069087201));
#3229 = CARTESIAN_POINT('',(0.315756652196,7.297425187619));
#3230 = CARTESIAN_POINT('',(0.422659784791,7.27303883922));
#3231 = CARTESIAN_POINT('',(0.531649945816,7.241957272642));
#3232 = CARTESIAN_POINT('',(0.643510540385,7.205854988663));
#3233 = CARTESIAN_POINT('',(0.759125767888,7.167171926764));
#3234 = CARTESIAN_POINT('',(0.976691818946,7.098586851306));
#3235 = CARTESIAN_POINT('',(1.08047263723,7.067321675404));
#3236 = CARTESIAN_POINT('',(1.188744145497,7.038171431904));
#3237 = CARTESIAN_POINT('',(1.300103588322,7.014374525921));
#3238 = CARTESIAN_POINT('',(1.4135883196,6.998834693053));
#3239 = CARTESIAN_POINT('',(1.528420295306,6.993208500259));
#3240 = CARTESIAN_POINT('',(1.64392201912,6.997669565448));
#3241 = CARTESIAN_POINT('',(1.884527899235,7.02561422734));
#3242 = CARTESIAN_POINT('',(2.004070664637,7.050049865395));
#3243 = CARTESIAN_POINT('',(2.118894705367,7.081501979414));
#3244 = CARTESIAN_POINT('',(2.229621718343,7.116807868376));
#3245 = CARTESIAN_POINT('',(2.336701700025,7.153051226134));
#3246 = CARTESIAN_POINT('',(2.440471785254,7.187815081956));
#3247 = CARTESIAN_POINT('',(2.541164587522,7.219271009328));
#3248 = CARTESIAN_POINT('',(2.752542635642,7.277539386479));
#3249 = CARTESIAN_POINT('',(2.863552785985,7.303145501465));
#3250 = CARTESIAN_POINT('',(2.972863805366,7.321132901849));
#3251 = CARTESIAN_POINT('',(3.081203393744,7.330311467572));
#3252 = CARTESIAN_POINT('',(3.189246586218,7.330151489517));
#3253 = CARTESIAN_POINT('',(3.297662465105,7.320752966534));
#3254 = CARTESIAN_POINT('',(3.407157897475,7.302845987045));
#3255 = CARTESIAN_POINT('',(3.611770795374,7.256901311945));
#3256 = CARTESIAN_POINT('',(3.706426001641,7.230975662604));
#3257 = CARTESIAN_POINT('',(3.803081569821,7.200835404423));
#3258 = CARTESIAN_POINT('',(3.902230221932,7.167630072233));
#3259 = CARTESIAN_POINT('',(4.004399423992,7.132926532395));
#3260 = CARTESIAN_POINT('',(4.110164066899,7.098797226088));
#3261 = CARTESIAN_POINT('',(4.220189633972,7.067813914439));
#3262 = CARTESIAN_POINT('',(4.442076375238,7.019673486701));
#3263 = CARTESIAN_POINT('',(4.553151042738,7.001672568468));
#3264 = CARTESIAN_POINT('',(4.666452943061,6.991689998466));
#3265 = CARTESIAN_POINT('',(4.780498863857,6.991750583709));
#3266 = CARTESIAN_POINT('',(4.893981982933,7.002191429258));
#3267 = CARTESIAN_POINT('',(5.005540694149,7.02132920247));
#3268 = CARTESIAN_POINT('',(5.113449535074,7.046186038255));
#3269 = CARTESIAN_POINT('',(5.367129235252,7.11437140656));
#3270 = CARTESIAN_POINT('',(5.510461984036,7.162191378607));
#3271 = CARTESIAN_POINT('',(5.64729427116,7.210139194852));
#3272 = CARTESIAN_POINT('',(5.779124306416,7.252898424236));
#3273 = CARTESIAN_POINT('',(5.9073228225,7.287059436595));
#3274 = CARTESIAN_POINT('',(6.033133097601,7.310575822916));
#3275 = CARTESIAN_POINT('',(6.157888400128,7.322425581807));
#3276 = CARTESIAN_POINT('',(6.28318530718,7.322425590081));
#3277 = ( GEOMETRIC_REPRESENTATION_CONTEXT(2) 
PARAMETRIC_REPRESENTATION_CONTEXT() REPRESENTATION_CONTEXT('2D SPACE',''
  ) );
#3278 = ADVANCED_FACE('',(#3279),#1509,.F.);
#3279 = FACE_BOUND('',#3280,.F.);
#3280 = EDGE_LOOP('',(#3281,#3282,#3303,#3304,#3305,#3306,#3307,#3363,
    #3471));
#3281 = ORIENTED_EDGE('',*,*,#1811,.T.);
#3282 = ORIENTED_EDGE('',*,*,#3283,.T.);
#3283 = EDGE_CURVE('',#1812,#2835,#3284,.T.);
#3284 = SEAM_CURVE('',#3285,(#3289,#3296),.PCURVE_S1.);
#3285 = LINE('',#3286,#3287);
#3286 = CARTESIAN_POINT('',(-2.32682891838E-15,55.5,21.1));
#3287 = VECTOR('',#3288,1.);
#3288 = DIRECTION('',(1.731912112471E-16,-0.707106781187,-0.707106781187
    ));
#3289 = PCURVE('',#1509,#3290);
#3290 = DEFINITIONAL_REPRESENTATION('',(#3291),#3295);
#3291 = LINE('',#3292,#3293);
#3292 = CARTESIAN_POINT('',(0.,-0.));
#3293 = VECTOR('',#3294,1.);
#3294 = DIRECTION('',(-0.,-1.));
#3295 = ( GEOMETRIC_REPRESENTATION_CONTEXT(2) 
PARAMETRIC_REPRESENTATION_CONTEXT() REPRESENTATION_CONTEXT('2D SPACE',''
  ) );
#3296 = PCURVE('',#1509,#3297);
#3297 = DEFINITIONAL_REPRESENTATION('',(#3298),#3302);
#3298 = LINE('',#3299,#3300);
#3299 = CARTESIAN_POINT('',(-6.28318530718,0.));
#3300 = VECTOR('',#3301,1.);
#3301 = DIRECTION('',(-0.,-1.));
#3302 = ( GEOMETRIC_REPRESENTATION_CONTEXT(2) 
PARAMETRIC_REPRESENTATION_CONTEXT() REPRESENTATION_CONTEXT('2D SPACE',''
  ) );
#3303 = ORIENTED_EDGE('',*,*,#2834,.F.);
#3304 = ORIENTED_EDGE('',*,*,#3283,.F.);
#3305 = ORIENTED_EDGE('',*,*,#1839,.T.);
#3306 = ORIENTED_EDGE('',*,*,#1486,.T.);
#3307 = ORIENTED_EDGE('',*,*,#3308,.F.);
#3308 = EDGE_CURVE('',#3309,#1489,#3311,.T.);
#3309 = VERTEX_POINT('',#3310);
#3310 = CARTESIAN_POINT('',(-9.30731567352E-15,38.,19.6));
#3311 = SURFACE_CURVE('',#3312,(#3327,#3345),.PCURVE_S1.);
#3312 = B_SPLINE_CURVE_WITH_KNOTS('',7,(#3313,#3314,#3315,#3316,#3317,
    #3318,#3319,#3320,#3321,#3322,#3323,#3324,#3325,#3326),
  .UNSPECIFIED.,.F.,.F.,(8,6,8),(0.,0.555904365342,1.),.UNSPECIFIED.);
#3313 = CARTESIAN_POINT('',(-9.30731567352E-15,38.,19.6));
#3314 = CARTESIAN_POINT('',(0.441364591139,37.999999955864,
    19.60000014896));
#3315 = CARTESIAN_POINT('',(0.872211735878,37.994017289068,
    19.634393795239));
#3316 = CARTESIAN_POINT('',(1.286423749018,37.982575214834,
    19.700210754616));
#3317 = CARTESIAN_POINT('',(1.682372828622,37.966633384414,
    19.790888568584));
#3318 = CARTESIAN_POINT('',(2.059304064046,37.947035416192,
    19.900427845408));
#3319 = CARTESIAN_POINT('',(2.41726648552,37.924569051582,
    20.023616438379));
#3320 = CARTESIAN_POINT('',(3.028627775724,37.88009395078,
    20.262715006235));
#3321 = CARTESIAN_POINT('',(3.289665925819,37.858822934279,
    20.375530909652));
#3322 = CARTESIAN_POINT('',(3.541661473929,37.83623994614,20.49351692687
    ));
#3323 = CARTESIAN_POINT('',(3.785636454265,37.812493900602,
    20.615621686349));
#3324 = CARTESIAN_POINT('',(4.022487439715,37.787697453006,
    20.741062483581));
#3325 = CARTESIAN_POINT('',(4.25303720459,37.761925805973,
    20.869299247365));
#3326 = CARTESIAN_POINT('',(4.478098751814,37.735217391304,21.));
#3327 = PCURVE('',#1509,#3328);
#3328 = DEFINITIONAL_REPRESENTATION('',(#3329),#3344);
#3329 = B_SPLINE_CURVE_WITH_KNOTS('',7,(#3330,#3331,#3332,#3333,#3334,
    #3335,#3336,#3337,#3338,#3339,#3340,#3341,#3342,#3343),
  .UNSPECIFIED.,.F.,.F.,(8,6,8),(0.,0.555904365342,1.),.UNSPECIFIED.);
#3330 = CARTESIAN_POINT('',(-3.14159265359,-1.5));
#3331 = CARTESIAN_POINT('',(-3.086422079697,-1.499999890143));
#3332 = CARTESIAN_POINT('',(-3.032564465732,-1.46560616595));
#3333 = CARTESIAN_POINT('',(-2.981515394317,-1.399789268176));
#3334 = CARTESIAN_POINT('',(-2.934022464738,-1.309111423007));
#3335 = CARTESIAN_POINT('',(-2.890270372311,-1.199572156172));
#3336 = CARTESIAN_POINT('',(-2.850183829175,-1.076383561621));
#3337 = CARTESIAN_POINT('',(-2.784219922464,-0.837284993765));
#3338 = CARTESIAN_POINT('',(-2.756988889322,-0.724469090349));
#3339 = CARTESIAN_POINT('',(-2.73160269712,-0.606483073128));
#3340 = CARTESIAN_POINT('',(-2.707875764399,-0.484378313653));
#3341 = CARTESIAN_POINT('',(-2.685639534166,-0.358937516418));
#3342 = CARTESIAN_POINT('',(-2.664742035069,-0.230700752635));
#3343 = CARTESIAN_POINT('',(-2.645044413487,-9.999999999999E-02));
#3344 = ( GEOMETRIC_REPRESENTATION_CONTEXT(2) 
PARAMETRIC_REPRESENTATION_CONTEXT() REPRESENTATION_CONTEXT('2D SPACE',''
  ) );
#3345 = PCURVE('',#1542,#3346);
#3346 = DEFINITIONAL_REPRESENTATION('',(#3347),#3362);
#3347 = B_SPLINE_CURVE_WITH_KNOTS('',7,(#3348,#3349,#3350,#3351,#3352,
    #3353,#3354,#3355,#3356,#3357,#3358,#3359,#3360,#3361),
  .UNSPECIFIED.,.F.,.F.,(8,6,8),(0.,0.555904365342,1.),.UNSPECIFIED.);
#3348 = CARTESIAN_POINT('',(0.,130.23333333333));
#3349 = CARTESIAN_POINT('',(1.161485766155E-02,130.23333318437));
#3350 = CARTESIAN_POINT('',(2.295293482396E-02,130.19893953809));
#3351 = CARTESIAN_POINT('',(3.38558303853E-02,130.13312257871));
#3352 = CARTESIAN_POINT('',(4.428262815924E-02,130.04244476475));
#3353 = CARTESIAN_POINT('',(5.421431969876E-02,129.93290548792));
#3354 = CARTESIAN_POINT('',(6.365245267257E-02,129.80971689495));
#3355 = CARTESIAN_POINT('',(7.978342333492E-02,129.57061832709));
#3356 = CARTESIAN_POINT('',(8.667535713594E-02,129.45780242368));
#3357 = CARTESIAN_POINT('',(9.333305997277E-02,129.33981640646));
#3358 = CARTESIAN_POINT('',(9.978346974338E-02,129.21771164698));
#3359 = CARTESIAN_POINT('',(0.106050204766,129.09227084975));
#3360 = CARTESIAN_POINT('',(0.112154950858,128.96403408596));
#3361 = CARTESIAN_POINT('',(0.118119181696,128.83333333333));
#3362 = ( GEOMETRIC_REPRESENTATION_CONTEXT(2) 
PARAMETRIC_REPRESENTATION_CONTEXT() REPRESENTATION_CONTEXT('2D SPACE',''
  ) );
#3363 = ORIENTED_EDGE('',*,*,#3364,.F.);
#3364 = EDGE_CURVE('',#1756,#3309,#3365,.T.);
#3365 = SURFACE_CURVE('',#3366,(#3399,#3435),.PCURVE_S1.);
#3366 = B_SPLINE_CURVE_WITH_KNOTS('',6,(#3367,#3368,#3369,#3370,#3371,
    #3372,#3373,#3374,#3375,#3376,#3377,#3378,#3379,#3380,#3381,#3382,
    #3383,#3384,#3385,#3386,#3387,#3388,#3389,#3390,#3391,#3392,#3393,
    #3394,#3395,#3396,#3397,#3398),.UNSPECIFIED.,.F.,.F.,(7,5,5,5,5,5,7)
  ,(0.,0.306287744664,0.57512624935,0.699326398511,0.803127772097,
    0.902585432843,1.),.UNSPECIFIED.);
#3367 = CARTESIAN_POINT('',(-4.478098751814,37.735217391304,21.));
#3368 = CARTESIAN_POINT('',(-4.296553693506,37.75676163446,
    20.894570724983));
#3369 = CARTESIAN_POINT('',(-4.111284080345,37.777684994098,
    20.790760841241));
#3370 = CARTESIAN_POINT('',(-3.921872336807,37.79795812529,
    20.688795657688));
#3371 = CARTESIAN_POINT('',(-3.727865003671,37.817536551501,
    20.588992789413));
#3372 = CARTESIAN_POINT('',(-3.52875027475,37.836361146088,
    20.491772773317));
#3373 = CARTESIAN_POINT('',(-3.144023155009,37.870142716976,
    20.315141251484));
#3374 = CARTESIAN_POINT('',(-2.959783112338,37.88528710213,
    20.235027239037));
#3375 = CARTESIAN_POINT('',(-2.770657080421,37.899734282737,
    20.157731284651));
#3376 = CARTESIAN_POINT('',(-2.576202151942,37.913408543814,
    20.08377760894));
#3377 = CARTESIAN_POINT('',(-2.376001006409,37.926209151743,
    20.013856778932));
#3378 = CARTESIAN_POINT('',(-2.07431337409,37.943462443189,
    19.918795441056));
#3379 = CARTESIAN_POINT('',(-1.977677229387,37.948700573865,
    19.889804961114));
#3380 = CARTESIAN_POINT('',(-1.879705604627,37.953712096477,
    19.861950265995));
#3381 = CARTESIAN_POINT('',(-1.780379119201,37.958482482832,
    19.835330026446));
#3382 = CARTESIAN_POINT('',(-1.679694618005,37.962995842713,
    19.81005176582));
#3383 = CARTESIAN_POINT('',(-1.492398719591,37.970778626474,
    19.766318802127));
#3384 = CARTESIAN_POINT('',(-1.406193168037,37.974130555276,
    19.747425564062));
#3385 = CARTESIAN_POINT('',(-1.319062713668,37.977281351152,
    19.729615527867));
#3386 = CARTESIAN_POINT('',(-1.231031694606,37.98022061113,
    19.712958681497));
#3387 = CARTESIAN_POINT('',(-1.142140070455,37.982937844304,
    19.697525444299));
#3388 = CARTESIAN_POINT('',(-0.966505054664,37.987804088594,
    19.669833174133));
#3389 = CARTESIAN_POINT('',(-0.879826775251,37.989972138848,
    19.657468223182));
#3390 = CARTESIAN_POINT('',(-0.792464459953,37.991918198072,
    19.646348235124));
#3391 = CARTESIAN_POINT('',(-0.704485158515,37.993633790787,
    19.63652988857));
#3392 = CARTESIAN_POINT('',(-0.615971266815,37.995111433559,
    19.628063164647));
#3393 = CARTESIAN_POINT('',(-0.439900450806,37.997553595741,
    19.614057475406));
#3394 = CARTESIAN_POINT('',(-0.352358536491,37.99852806702,
    19.608461722485));
#3395 = CARTESIAN_POINT('',(-0.264492148971,37.999262990896,
    19.604237825014));
#3396 = CARTESIAN_POINT('',(-0.176403321896,37.999754343159,
    19.601412536525));
#3397 = CARTESIAN_POINT('',(-8.820073994007E-02,37.99999999118,
    19.600000029768));
#3398 = CARTESIAN_POINT('',(-8.881784197001E-15,38.,19.6));
#3399 = PCURVE('',#1509,#3400);
#3400 = DEFINITIONAL_REPRESENTATION('',(#3401),#3434);
#3401 = B_SPLINE_CURVE_WITH_KNOTS('',6,(#3402,#3403,#3404,#3405,#3406,
    #3407,#3408,#3409,#3410,#3411,#3412,#3413,#3414,#3415,#3416,#3417,
    #3418,#3419,#3420,#3421,#3422,#3423,#3424,#3425,#3426,#3427,#3428,
    #3429,#3430,#3431,#3432,#3433),.UNSPECIFIED.,.F.,.F.,(7,5,5,5,5,5,7)
  ,(0.,0.306287744664,0.57512624935,0.699326398511,0.803127772097,
    0.902585432843,1.),.UNSPECIFIED.);
#3402 = CARTESIAN_POINT('',(-3.638140893692,-0.1));
#3403 = CARTESIAN_POINT('',(-3.622251880652,-0.205429275017));
#3404 = CARTESIAN_POINT('',(-3.605555322245,-0.309239158759));
#3405 = CARTESIAN_POINT('',(-3.587975006771,-0.411204342312));
#3406 = CARTESIAN_POINT('',(-3.569425898093,-0.511007210587));
#3407 = CARTESIAN_POINT('',(-3.549812690133,-0.608227226683));
#3408 = CARTESIAN_POINT('',(-3.510774179708,-0.784858748515));
#3409 = CARTESIAN_POINT('',(-3.49162374011,-0.864972760963));
#3410 = CARTESIAN_POINT('',(-3.471492350463,-0.942268715349));
#3411 = CARTESIAN_POINT('',(-3.450302427901,-1.016222391059));
#3412 = CARTESIAN_POINT('',(-3.427984572399,-1.086143221068));
#3413 = CARTESIAN_POINT('',(-3.393627836797,-1.181204558944));
#3414 = CARTESIAN_POINT('',(-3.382520008716,-1.210195038886));
#3415 = CARTESIAN_POINT('',(-3.371156680894,-1.238049734004));
#3416 = CARTESIAN_POINT('',(-3.359535711414,-1.264669973554));
#3417 = CARTESIAN_POINT('',(-3.347657999466,-1.289948234179));
#3418 = CARTESIAN_POINT('',(-3.325390748614,-1.333681197873));
#3419 = CARTESIAN_POINT('',(-3.315077343701,-1.352574435938));
#3420 = CARTESIAN_POINT('',(-3.304591023608,-1.370384472133));
#3421 = CARTESIAN_POINT('',(-3.293937098783,-1.387041318503));
#3422 = CARTESIAN_POINT('',(-3.283123661106,-1.402474555701));
#3423 = CARTESIAN_POINT('',(-3.261659082514,-1.430166825867));
#3424 = CARTESIAN_POINT('',(-3.251020007322,-1.442531776818));
#3425 = CARTESIAN_POINT('',(-3.240255004642,-1.453651764876));
#3426 = CARTESIAN_POINT('',(-3.229376825817,-1.463470111429));
#3427 = CARTESIAN_POINT('',(-3.218400892849,-1.471936835353));
#3428 = CARTESIAN_POINT('',(-3.196517069696,-1.485942524594));
#3429 = CARTESIAN_POINT('',(-3.185612078481,-1.491538282212));
#3430 = CARTESIAN_POINT('',(-3.174647821195,-1.495762171471));
#3431 = CARTESIAN_POINT('',(-3.163643070605,-1.498587457215));
#3432 = CARTESIAN_POINT('',(-3.152617746082,-1.499999978047));
#3433 = CARTESIAN_POINT('',(-3.14159265359,-1.5));
#3434 = ( GEOMETRIC_REPRESENTATION_CONTEXT(2) 
PARAMETRIC_REPRESENTATION_CONTEXT() REPRESENTATION_CONTEXT('2D SPACE',''
  ) );
#3435 = PCURVE('',#1542,#3436);
#3436 = DEFINITIONAL_REPRESENTATION('',(#3437),#3470);
#3437 = B_SPLINE_CURVE_WITH_KNOTS('',6,(#3438,#3439,#3440,#3441,#3442,
    #3443,#3444,#3445,#3446,#3447,#3448,#3449,#3450,#3451,#3452,#3453,
    #3454,#3455,#3456,#3457,#3458,#3459,#3460,#3461,#3462,#3463,#3464,
    #3465,#3466,#3467,#3468,#3469),.UNSPECIFIED.,.F.,.F.,(7,5,5,5,5,5,7)
  ,(0.,0.306287744664,0.57512624935,0.699326398511,0.803127772097,
    0.902585432843,1.),.UNSPECIFIED.);
#3438 = CARTESIAN_POINT('',(6.165066125484,128.83333333333));
#3439 = CARTESIAN_POINT('',(6.169877150062,128.93876260835));
#3440 = CARTESIAN_POINT('',(6.174783580862,129.04257249209));
#3441 = CARTESIAN_POINT('',(6.179796439227,129.14453767564));
#3442 = CARTESIAN_POINT('',(6.18492767857,129.24434054392));
#3443 = CARTESIAN_POINT('',(6.190190787567,129.34156056001));
#3444 = CARTESIAN_POINT('',(6.200354140042,129.51819208184));
#3445 = CARTESIAN_POINT('',(6.205218838765,129.59830609429));
#3446 = CARTESIAN_POINT('',(6.210210212138,129.67560204868));
#3447 = CARTESIAN_POINT('',(6.215339934427,129.74955572439));
#3448 = CARTESIAN_POINT('',(6.220619024574,129.8194765544));
#3449 = CARTESIAN_POINT('',(6.228571145128,129.91453789227));
#3450 = CARTESIAN_POINT('',(6.231117923503,129.94352837221));
#3451 = CARTESIAN_POINT('',(6.233699476793,129.97138306733));
#3452 = CARTESIAN_POINT('',(6.236316324867,129.99800330688));
#3453 = CARTESIAN_POINT('',(6.238968563598,130.02328156751));
#3454 = CARTESIAN_POINT('',(6.243901656474,130.0670145312));
#3455 = CARTESIAN_POINT('',(6.246171929822,130.08590776927));
#3456 = CARTESIAN_POINT('',(6.248466322332,130.10371780546));
#3457 = CARTESIAN_POINT('',(6.25078420541,130.12037465183));
#3458 = CARTESIAN_POINT('',(6.253124541745,130.13580788903));
#3459 = CARTESIAN_POINT('',(6.257748289544,130.1635001592));
#3460 = CARTESIAN_POINT('',(6.260030002062,130.17586511015));
#3461 = CARTESIAN_POINT('',(6.262329567628,130.1869850982));
#3462 = CARTESIAN_POINT('',(6.264645238993,130.19680344476));
#3463 = CARTESIAN_POINT('',(6.266974867191,130.20527016868));
#3464 = CARTESIAN_POINT('',(6.271608755402,130.21927585792));
#3465 = CARTESIAN_POINT('',(6.273912624081,130.22487161084));
#3466 = CARTESIAN_POINT('',(6.276224964953,130.22909550832));
#3467 = CARTESIAN_POINT('',(6.278543114503,130.2319207968));
#3468 = CARTESIAN_POINT('',(6.280864235076,130.23333330356));
#3469 = CARTESIAN_POINT('',(6.28318530718,130.23333333333));
#3470 = ( GEOMETRIC_REPRESENTATION_CONTEXT(2) 
PARAMETRIC_REPRESENTATION_CONTEXT() REPRESENTATION_CONTEXT('2D SPACE',''
  ) );
#3471 = ORIENTED_EDGE('',*,*,#1783,.T.);
#3472 = ADVANCED_FACE('',(#3473),#1542,.T.);
#3473 = FACE_BOUND('',#3474,.T.);
#3474 = EDGE_LOOP('',(#3475,#3504,#3525,#3526,#3527,#3528,#3529,#3591,
    #3645,#3646,#3647,#3648,#3649));
#3475 = ORIENTED_EDGE('',*,*,#3476,.T.);
#3476 = EDGE_CURVE('',#3477,#3477,#3479,.T.);
#3477 = VERTEX_POINT('',#3478);
#3478 = CARTESIAN_POINT('',(-9.30731567352E-15,38.,21.833333333333));
#3479 = SURFACE_CURVE('',#3480,(#3485,#3492),.PCURVE_S1.);
#3480 = CIRCLE('',#3481,38.);
#3481 = AXIS2_PLACEMENT_3D('',#3482,#3483,#3484);
#3482 = CARTESIAN_POINT('',(0.,0.,21.833333333333));
#3483 = DIRECTION('',(0.,1.110223024625E-16,-1.));
#3484 = DIRECTION('',(0.,1.,1.110223024625E-16));
#3485 = PCURVE('',#1542,#3486);
#3486 = DEFINITIONAL_REPRESENTATION('',(#3487),#3491);
#3487 = LINE('',#3488,#3489);
#3488 = CARTESIAN_POINT('',(0.,128.));
#3489 = VECTOR('',#3490,1.);
#3490 = DIRECTION('',(1.,0.));
#3491 = ( GEOMETRIC_REPRESENTATION_CONTEXT(2) 
PARAMETRIC_REPRESENTATION_CONTEXT() REPRESENTATION_CONTEXT('2D SPACE',''
  ) );
#3492 = PCURVE('',#3493,#3498);
#3493 = PLANE('',#3494);
#3494 = AXIS2_PLACEMENT_3D('',#3495,#3496,#3497);
#3495 = CARTESIAN_POINT('',(-80.,-80.,21.833333333333));
#3496 = DIRECTION('',(0.,1.110223024625E-16,-1.));
#3497 = DIRECTION('',(0.,1.,1.110223024625E-16));
#3498 = DEFINITIONAL_REPRESENTATION('',(#3499),#3503);
#3499 = CIRCLE('',#3500,38.);
#3500 = AXIS2_PLACEMENT_2D('',#3501,#3502);
#3501 = CARTESIAN_POINT('',(80.,80.));
#3502 = DIRECTION('',(1.,0.));
#3503 = ( GEOMETRIC_REPRESENTATION_CONTEXT(2) 
PARAMETRIC_REPRESENTATION_CONTEXT() REPRESENTATION_CONTEXT('2D SPACE',''
  ) );
#3504 = ORIENTED_EDGE('',*,*,#3505,.T.);
#3505 = EDGE_CURVE('',#3477,#3309,#3506,.T.);
#3506 = SEAM_CURVE('',#3507,(#3511,#3518),.PCURVE_S1.);
#3507 = LINE('',#3508,#3509);
#3508 = CARTESIAN_POINT('',(-9.30731567352E-15,38.,149.83333333333));
#3509 = VECTOR('',#3510,1.);
#3510 = DIRECTION('',(0.,1.110223024625E-16,-1.));
#3511 = PCURVE('',#1542,#3512);
#3512 = DEFINITIONAL_REPRESENTATION('',(#3513),#3517);
#3513 = LINE('',#3514,#3515);
#3514 = CARTESIAN_POINT('',(0.,-0.));
#3515 = VECTOR('',#3516,1.);
#3516 = DIRECTION('',(0.,1.));
#3517 = ( GEOMETRIC_REPRESENTATION_CONTEXT(2) 
PARAMETRIC_REPRESENTATION_CONTEXT() REPRESENTATION_CONTEXT('2D SPACE',''
  ) );
#3518 = PCURVE('',#1542,#3519);
#3519 = DEFINITIONAL_REPRESENTATION('',(#3520),#3524);
#3520 = LINE('',#3521,#3522);
#3521 = CARTESIAN_POINT('',(6.28318530718,-0.));
#3522 = VECTOR('',#3523,1.);
#3523 = DIRECTION('',(0.,1.));
#3524 = ( GEOMETRIC_REPRESENTATION_CONTEXT(2) 
PARAMETRIC_REPRESENTATION_CONTEXT() REPRESENTATION_CONTEXT('2D SPACE',''
  ) );
#3525 = ORIENTED_EDGE('',*,*,#3364,.F.);
#3526 = ORIENTED_EDGE('',*,*,#1755,.F.);
#3527 = ORIENTED_EDGE('',*,*,#1727,.F.);
#3528 = ORIENTED_EDGE('',*,*,#1699,.F.);
#3529 = ORIENTED_EDGE('',*,*,#3530,.F.);
#3530 = EDGE_CURVE('',#3531,#1672,#3533,.T.);
#3531 = VERTEX_POINT('',#3532);
#3532 = CARTESIAN_POINT('',(-1.959434878636E-15,-38.,19.6));
#3533 = SURFACE_CURVE('',#3534,(#3551,#3571),.PCURVE_S1.);
#3534 = B_SPLINE_CURVE_WITH_KNOTS('',8,(#3535,#3536,#3537,#3538,#3539,
    #3540,#3541,#3542,#3543,#3544,#3545,#3546,#3547,#3548,#3549,#3550),
  .UNSPECIFIED.,.F.,.F.,(9,7,9),(0.,0.383481823371,1.),.UNSPECIFIED.);
#3535 = CARTESIAN_POINT('',(4.440892098501E-15,-38.,19.6));
#3536 = CARTESIAN_POINT('',(-0.260814001462,-38.,19.6));
#3537 = CARTESIAN_POINT('',(-0.521621379789,-37.99795419807,
    19.611763103493));
#3538 = CARTESIAN_POINT('',(-0.779561048231,-37.9938625695,
    19.635291037187));
#3539 = CARTESIAN_POINT('',(-1.032689147744,-37.98785100157,
    19.669758832005));
#3540 = CARTESIAN_POINT('',(-1.279736502293,-37.98010551657,
    19.713909261545));
#3541 = CARTESIAN_POINT('',(-1.519942906896,-37.9708299529,
    19.766361227836));
#3542 = CARTESIAN_POINT('',(-1.752955891316,-37.96021972481,
    19.825816280453));
#3543 = CARTESIAN_POINT('',(-2.341838329191,-37.92951307119,
    19.996179438777));
#3544 = CARTESIAN_POINT('',(-2.68635242883,-37.90756838857,
    20.116409833415));
#3545 = CARTESIAN_POINT('',(-3.014921791658,-37.88317804675,
    20.24791801303));
#3546 = CARTESIAN_POINT('',(-3.329360476026,-37.85674297659,
    20.387872274367));
#3547 = CARTESIAN_POINT('',(-3.631295387936,-37.82857049784,
    20.534181113082));
#3548 = CARTESIAN_POINT('',(-3.922281176984,-37.79886893467,
    20.68543216751));
#3549 = CARTESIAN_POINT('',(-4.20395666284,-37.76775027255,
    20.840796538548));
#3550 = CARTESIAN_POINT('',(-4.478098751814,-37.7352173913,21.));
#3551 = PCURVE('',#1542,#3552);
#3552 = DEFINITIONAL_REPRESENTATION('',(#3553),#3570);
#3553 = B_SPLINE_CURVE_WITH_KNOTS('',8,(#3554,#3555,#3556,#3557,#3558,
    #3559,#3560,#3561,#3562,#3563,#3564,#3565,#3566,#3567,#3568,#3569),
  .UNSPECIFIED.,.F.,.F.,(9,7,9),(0.,0.383481823371,1.),.UNSPECIFIED.);
#3554 = CARTESIAN_POINT('',(3.14159265359,130.23333333333));
#3555 = CARTESIAN_POINT('',(3.148456179944,130.23333333333));
#3556 = CARTESIAN_POINT('',(3.155319531976,130.22157022984));
#3557 = CARTESIAN_POINT('',(3.162107910764,130.19804229614));
#3558 = CARTESIAN_POINT('',(3.168770654514,130.16357450132));
#3559 = CARTESIAN_POINT('',(3.175274742906,130.11942407178));
#3560 = CARTESIAN_POINT('',(3.181600419603,130.06697210549));
#3561 = CARTESIAN_POINT('',(3.187738560617,130.00751705288));
#3562 = CARTESIAN_POINT('',(3.20325652055,129.83715389455));
#3563 = CARTESIAN_POINT('',(3.212340452678,129.71692349991));
#3564 = CARTESIAN_POINT('',(3.221010040766,129.5854153203));
#3565 = CARTESIAN_POINT('',(3.229313180933,129.44546105896));
#3566 = CARTESIAN_POINT('',(3.237292724318,129.29915222025));
#3567 = CARTESIAN_POINT('',(3.244989581055,129.14790116582));
#3568 = CARTESIAN_POINT('',(3.25244694832,128.99253679478));
#3569 = CARTESIAN_POINT('',(3.259711835285,128.83333333333));
#3570 = ( GEOMETRIC_REPRESENTATION_CONTEXT(2) 
PARAMETRIC_REPRESENTATION_CONTEXT() REPRESENTATION_CONTEXT('2D SPACE',''
  ) );
#3571 = PCURVE('',#1631,#3572);
#3572 = DEFINITIONAL_REPRESENTATION('',(#3573),#3590);
#3573 = B_SPLINE_CURVE_WITH_KNOTS('',8,(#3574,#3575,#3576,#3577,#3578,
    #3579,#3580,#3581,#3582,#3583,#3584,#3585,#3586,#3587,#3588,#3589),
  .UNSPECIFIED.,.F.,.F.,(9,7,9),(0.,0.383481823371,1.),.UNSPECIFIED.);
#3574 = CARTESIAN_POINT('',(-6.28318530718,-1.5));
#3575 = CARTESIAN_POINT('',(-6.250583556997,-1.5));
#3576 = CARTESIAN_POINT('',(-6.217982668666,-1.488236896507));
#3577 = CARTESIAN_POINT('',(-6.185878994222,-1.464708962813));
#3578 = CARTESIAN_POINT('',(-6.154655240025,-1.430241167995));
#3579 = CARTESIAN_POINT('',(-6.124568312985,-1.386090738455));
#3580 = CARTESIAN_POINT('',(-6.095765037172,-1.333638772164));
#3581 = CARTESIAN_POINT('',(-6.068308468342,-1.274183719547));
#3582 = CARTESIAN_POINT('',(-6.000219362374,-1.103820561223));
#3583 = CARTESIAN_POINT('',(-5.961715240762,-0.983590166585));
#3584 = CARTESIAN_POINT('',(-5.926383555361,-0.85208198697));
#3585 = CARTESIAN_POINT('',(-5.893914778406,-0.712127725633));
#3586 = CARTESIAN_POINT('',(-5.863995804047,-0.565818886918));
#3587 = CARTESIAN_POINT('',(-5.8363286096,-0.414567832489));
#3588 = CARTESIAN_POINT('',(-5.810630268914,-0.259203461452));
#3589 = CARTESIAN_POINT('',(-5.786637067077,-9.999999999999E-02));
#3590 = ( GEOMETRIC_REPRESENTATION_CONTEXT(2) 
PARAMETRIC_REPRESENTATION_CONTEXT() REPRESENTATION_CONTEXT('2D SPACE',''
  ) );
#3591 = ORIENTED_EDGE('',*,*,#3592,.F.);
#3592 = EDGE_CURVE('',#1583,#3531,#3593,.T.);
#3593 = SURFACE_CURVE('',#3594,(#3609,#3627),.PCURVE_S1.);
#3594 = B_SPLINE_CURVE_WITH_KNOTS('',7,(#3595,#3596,#3597,#3598,#3599,
    #3600,#3601,#3602,#3603,#3604,#3605,#3606,#3607,#3608),
  .UNSPECIFIED.,.F.,.F.,(8,6,8),(0.,0.599216961584,1.),.UNSPECIFIED.);
#3595 = CARTESIAN_POINT('',(4.478098751814,-37.7352173913,21.));
#3596 = CARTESIAN_POINT('',(4.173637653147,-37.77134827805,
    20.823189277624));
#3597 = CARTESIAN_POINT('',(3.859606811023,-37.80570880286,
    20.651162122294));
#3598 = CARTESIAN_POINT('',(3.533471496068,-37.83828073154,
    20.484384745933));
#3599 = CARTESIAN_POINT('',(3.192940832901,-37.86886648793,
    20.324250934002));
#3600 = CARTESIAN_POINT('',(2.835702663234,-37.89709173146,
    20.173252074118));
#3601 = CARTESIAN_POINT('',(2.459315973834,-37.92244376056,
    20.035019932769));
#3602 = CARTESIAN_POINT('',(1.792810002954,-37.95862745122,
    19.834847336958));
#3603 = CARTESIAN_POINT('',(1.515293433351,-37.97149304771,
    19.762769752538));
#3604 = CARTESIAN_POINT('',(1.22722729628,-37.98242610528,
    19.700813455015));
#3605 = CARTESIAN_POINT('',(0.929271668609,-37.99106146942,
    19.651398695268));
#3606 = CARTESIAN_POINT('',(0.623052338324,-37.99701983109,
    19.617135485453));
#3607 = CARTESIAN_POINT('',(0.31156039958,-38.,19.6));
#3608 = CARTESIAN_POINT('',(-1.959434878636E-15,-38.,19.6));
#3609 = PCURVE('',#1542,#3610);
#3610 = DEFINITIONAL_REPRESENTATION('',(#3611),#3626);
#3611 = B_SPLINE_CURVE_WITH_KNOTS('',7,(#3612,#3613,#3614,#3615,#3616,
    #3617,#3618,#3619,#3620,#3621,#3622,#3623,#3624,#3625),
  .UNSPECIFIED.,.F.,.F.,(8,6,8),(0.,0.599216961584,1.),.UNSPECIFIED.);
#3612 = CARTESIAN_POINT('',(3.023473471894,128.83333333333));
#3613 = CARTESIAN_POINT('',(3.031541826066,129.01014405571));
#3614 = CARTESIAN_POINT('',(3.039854769756,129.18217121103));
#3615 = CARTESIAN_POINT('',(3.048479348947,129.3489485874));
#3616 = CARTESIAN_POINT('',(3.057475888554,129.50908239933));
#3617 = CARTESIAN_POINT('',(3.066905235493,129.66008125921));
#3618 = CARTESIAN_POINT('',(3.076831750906,129.79831340056));
#3619 = CARTESIAN_POINT('',(3.09439720958,129.99848599637));
#3620 = CARTESIAN_POINT('',(3.101707892404,130.07056358079));
#3621 = CARTESIAN_POINT('',(3.109293599604,130.13251987831));
#3622 = CARTESIAN_POINT('',(3.117137235487,130.18193463806));
#3623 = CARTESIAN_POINT('',(3.125196539503,130.21619784788));
#3624 = CARTESIAN_POINT('',(3.133393695706,130.23333333333));
#3625 = CARTESIAN_POINT('',(3.14159265359,130.23333333333));
#3626 = ( GEOMETRIC_REPRESENTATION_CONTEXT(2) 
PARAMETRIC_REPRESENTATION_CONTEXT() REPRESENTATION_CONTEXT('2D SPACE',''
  ) );
#3627 = PCURVE('',#1631,#3628);
#3628 = DEFINITIONAL_REPRESENTATION('',(#3629),#3644);
#3629 = B_SPLINE_CURVE_WITH_KNOTS('',7,(#3630,#3631,#3632,#3633,#3634,
    #3635,#3636,#3637,#3638,#3639,#3640,#3641,#3642,#3643),
  .UNSPECIFIED.,.F.,.F.,(8,6,8),(0.,0.599216961584,1.),.UNSPECIFIED.);
#3630 = CARTESIAN_POINT('',(-0.496548240102,-0.1));
#3631 = CARTESIAN_POINT('',(-0.469901486883,-0.276810722376));
#3632 = CARTESIAN_POINT('',(-0.441100375653,-0.448837877706));
#3633 = CARTESIAN_POINT('',(-0.409762914367,-0.615615254068));
#3634 = CARTESIAN_POINT('',(-0.375474412716,-0.775749065998));
#3635 = CARTESIAN_POINT('',(-0.337784131466,-0.926747925882));
#3636 = CARTESIAN_POINT('',(-0.296229472692,-1.06498006723));
#3637 = CARTESIAN_POINT('',(-0.219649800046,-1.265152663041));
#3638 = CARTESIAN_POINT('',(-0.187007410499,-1.337230247462));
#3639 = CARTESIAN_POINT('',(-0.152387357103,-1.399186544985));
#3640 = CARTESIAN_POINT('',(-0.115905341785,-1.448601304732));
#3641 = CARTESIAN_POINT('',(-7.788149389328E-02,-1.482864514546));
#3642 = CARTESIAN_POINT('',(-3.894504994753E-02,-1.5));
#3643 = CARTESIAN_POINT('',(0.,-1.5));
#3644 = ( GEOMETRIC_REPRESENTATION_CONTEXT(2) 
PARAMETRIC_REPRESENTATION_CONTEXT() REPRESENTATION_CONTEXT('2D SPACE',''
  ) );
#3645 = ORIENTED_EDGE('',*,*,#1582,.F.);
#3646 = ORIENTED_EDGE('',*,*,#1554,.F.);
#3647 = ORIENTED_EDGE('',*,*,#1521,.F.);
#3648 = ORIENTED_EDGE('',*,*,#3308,.F.);
#3649 = ORIENTED_EDGE('',*,*,#3505,.F.);
#3650 = ADVANCED_FACE('',(#3651),#1631,.F.);
#3651 = FACE_BOUND('',#3652,.F.);
#3652 = EDGE_LOOP('',(#3653,#3654,#3675,#3676,#3677,#3678,#3679,#3680));
#3653 = ORIENTED_EDGE('',*,*,#3530,.F.);
#3654 = ORIENTED_EDGE('',*,*,#3655,.T.);
#3655 = EDGE_CURVE('',#3531,#3059,#3656,.T.);
#3656 = SEAM_CURVE('',#3657,(#3661,#3668),.PCURVE_S1.);
#3657 = LINE('',#3658,#3659);
#3658 = CARTESIAN_POINT('',(-2.32682891838E-15,-36.5,21.1));
#3659 = VECTOR('',#3660,1.);
#3660 = DIRECTION('',(1.731912112471E-16,-0.707106781187,-0.707106781187
    ));
#3661 = PCURVE('',#1631,#3662);
#3662 = DEFINITIONAL_REPRESENTATION('',(#3663),#3667);
#3663 = LINE('',#3664,#3665);
#3664 = CARTESIAN_POINT('',(0.,-0.));
#3665 = VECTOR('',#3666,1.);
#3666 = DIRECTION('',(-0.,-1.));
#3667 = ( GEOMETRIC_REPRESENTATION_CONTEXT(2) 
PARAMETRIC_REPRESENTATION_CONTEXT() REPRESENTATION_CONTEXT('2D SPACE',''
  ) );
#3668 = PCURVE('',#1631,#3669);
#3669 = DEFINITIONAL_REPRESENTATION('',(#3670),#3674);
#3670 = LINE('',#3671,#3672);
#3671 = CARTESIAN_POINT('',(-6.28318530718,0.));
#3672 = VECTOR('',#3673,1.);
#3673 = DIRECTION('',(-0.,-1.));
#3674 = ( GEOMETRIC_REPRESENTATION_CONTEXT(2) 
PARAMETRIC_REPRESENTATION_CONTEXT() REPRESENTATION_CONTEXT('2D SPACE',''
  ) );
#3675 = ORIENTED_EDGE('',*,*,#3058,.F.);
#3676 = ORIENTED_EDGE('',*,*,#3655,.F.);
#3677 = ORIENTED_EDGE('',*,*,#3592,.F.);
#3678 = ORIENTED_EDGE('',*,*,#1610,.T.);
#3679 = ORIENTED_EDGE('',*,*,#1643,.T.);
#3680 = ORIENTED_EDGE('',*,*,#1671,.T.);
#3681 = ADVANCED_FACE('',(#3682),#2205,.F.);
#3682 = FACE_BOUND('',#3683,.F.);
#3683 = EDGE_LOOP('',(#3684,#3685,#3706,#3707,#3708,#3709));
#3684 = ORIENTED_EDGE('',*,*,#3112,.F.);
#3685 = ORIENTED_EDGE('',*,*,#3686,.F.);
#3686 = EDGE_CURVE('',#2242,#3113,#3687,.T.);
#3687 = SEAM_CURVE('',#3688,(#3692,#3699),.PCURVE_S1.);
#3688 = LINE('',#3689,#3690);
#3689 = CARTESIAN_POINT('',(-14.,-43.9,11.));
#3690 = VECTOR('',#3691,1.);
#3691 = DIRECTION('',(1.,0.,0.));
#3692 = PCURVE('',#2205,#3693);
#3693 = DEFINITIONAL_REPRESENTATION('',(#3694),#3698);
#3694 = LINE('',#3695,#3696);
#3695 = CARTESIAN_POINT('',(6.28318530718,-0.));
#3696 = VECTOR('',#3697,1.);
#3697 = DIRECTION('',(0.,1.));
#3698 = ( GEOMETRIC_REPRESENTATION_CONTEXT(2) 
PARAMETRIC_REPRESENTATION_CONTEXT() REPRESENTATION_CONTEXT('2D SPACE',''
  ) );
#3699 = PCURVE('',#2205,#3700);
#3700 = DEFINITIONAL_REPRESENTATION('',(#3701),#3705);
#3701 = LINE('',#3702,#3703);
#3702 = CARTESIAN_POINT('',(0.,-0.));
#3703 = VECTOR('',#3704,1.);
#3704 = DIRECTION('',(0.,1.));
#3705 = ( GEOMETRIC_REPRESENTATION_CONTEXT(2) 
PARAMETRIC_REPRESENTATION_CONTEXT() REPRESENTATION_CONTEXT('2D SPACE',''
  ) );
#3706 = ORIENTED_EDGE('',*,*,#2333,.T.);
#3707 = ORIENTED_EDGE('',*,*,#2188,.T.);
#3708 = ORIENTED_EDGE('',*,*,#2241,.T.);
#3709 = ORIENTED_EDGE('',*,*,#3686,.T.);
#3710 = ADVANCED_FACE('',(#3711),#2595,.F.);
#3711 = FACE_BOUND('',#3712,.F.);
#3712 = EDGE_LOOP('',(#3713,#3714,#3735,#3736,#3737,#3738));
#3713 = ORIENTED_EDGE('',*,*,#2888,.F.);
#3714 = ORIENTED_EDGE('',*,*,#3715,.F.);
#3715 = EDGE_CURVE('',#2697,#2889,#3716,.T.);
#3716 = SEAM_CURVE('',#3717,(#3721,#3728),.PCURVE_S1.);
#3717 = LINE('',#3718,#3719);
#3718 = CARTESIAN_POINT('',(-14.,48.1,11.));
#3719 = VECTOR('',#3720,1.);
#3720 = DIRECTION('',(1.,0.,0.));
#3721 = PCURVE('',#2595,#3722);
#3722 = DEFINITIONAL_REPRESENTATION('',(#3723),#3727);
#3723 = LINE('',#3724,#3725);
#3724 = CARTESIAN_POINT('',(6.28318530718,-0.));
#3725 = VECTOR('',#3726,1.);
#3726 = DIRECTION('',(0.,1.));
#3727 = ( GEOMETRIC_REPRESENTATION_CONTEXT(2) 
PARAMETRIC_REPRESENTATION_CONTEXT() REPRESENTATION_CONTEXT('2D SPACE',''
  ) );
#3728 = PCURVE('',#2595,#3729);
#3729 = DEFINITIONAL_REPRESENTATION('',(#3730),#3734);
#3730 = LINE('',#3731,#3732);
#3731 = CARTESIAN_POINT('',(0.,-0.));
#3732 = VECTOR('',#3733,1.);
#3733 = DIRECTION('',(0.,1.));
#3734 = ( GEOMETRIC_REPRESENTATION_CONTEXT(2) 
PARAMETRIC_REPRESENTATION_CONTEXT() REPRESENTATION_CONTEXT('2D SPACE',''
  ) );
#3735 = ORIENTED_EDGE('',*,*,#2696,.T.);
#3736 = ORIENTED_EDGE('',*,*,#2449,.T.);
#3737 = ORIENTED_EDGE('',*,*,#2720,.T.);
#3738 = ORIENTED_EDGE('',*,*,#3715,.T.);
#3739 = ADVANCED_FACE('',(#3740,#3743),#2813,.T.);
#3740 = FACE_BOUND('',#3741,.T.);
#3741 = EDGE_LOOP('',(#3742));
#3742 = ORIENTED_EDGE('',*,*,#2798,.T.);
#3743 = FACE_BOUND('',#3744,.T.);
#3744 = EDGE_LOOP('',(#3745));
#3745 = ORIENTED_EDGE('',*,*,#3746,.F.);
#3746 = EDGE_CURVE('',#3747,#3747,#3749,.T.);
#3747 = VERTEX_POINT('',#3748);
#3748 = CARTESIAN_POINT('',(-9.085206889593E-15,37.09317207181,0.));
#3749 = SURFACE_CURVE('',#3750,(#3755,#3762),.PCURVE_S1.);
#3750 = CIRCLE('',#3751,37.09317207181);
#3751 = AXIS2_PLACEMENT_3D('',#3752,#3753,#3754);
#3752 = CARTESIAN_POINT('',(0.,2.423986937098E-15,0.));
#3753 = DIRECTION('',(0.,1.110223024625E-16,-1.));
#3754 = DIRECTION('',(0.,1.,1.110223024625E-16));
#3755 = PCURVE('',#2813,#3756);
#3756 = DEFINITIONAL_REPRESENTATION('',(#3757),#3761);
#3757 = CIRCLE('',#3758,37.09317207181);
#3758 = AXIS2_PLACEMENT_2D('',#3759,#3760);
#3759 = CARTESIAN_POINT('',(0.,0.));
#3760 = DIRECTION('',(1.,0.));
#3761 = ( GEOMETRIC_REPRESENTATION_CONTEXT(2) 
PARAMETRIC_REPRESENTATION_CONTEXT() REPRESENTATION_CONTEXT('2D SPACE',''
  ) );
#3762 = PCURVE('',#3763,#3768);
#3763 = CONICAL_SURFACE('',#3764,30.078199262355,0.671162366832);
#3764 = AXIS2_PLACEMENT_3D('',#3765,#3766,#3767);
#3765 = CARTESIAN_POINT('',(0.,1.443289932013E-15,8.833333333333));
#3766 = DIRECTION('',(0.,1.110223024625E-16,-1.));
#3767 = DIRECTION('',(0.,1.,1.110223024625E-16));
#3768 = DEFINITIONAL_REPRESENTATION('',(#3769),#3773);
#3769 = LINE('',#3770,#3771);
#3770 = CARTESIAN_POINT('',(0.,8.833333333333));
#3771 = VECTOR('',#3772,1.);
#3772 = DIRECTION('',(1.,0.));
#3773 = ( GEOMETRIC_REPRESENTATION_CONTEXT(2) 
PARAMETRIC_REPRESENTATION_CONTEXT() REPRESENTATION_CONTEXT('2D SPACE',''
  ) );
#3774 = ADVANCED_FACE('',(#3775,#3778),#3493,.F.);
#3775 = FACE_BOUND('',#3776,.F.);
#3776 = EDGE_LOOP('',(#3777));
#3777 = ORIENTED_EDGE('',*,*,#3476,.T.);
#3778 = FACE_BOUND('',#3779,.F.);
#3779 = EDGE_LOOP('',(#3780));
#3780 = ORIENTED_EDGE('',*,*,#3781,.F.);
#3781 = EDGE_CURVE('',#3782,#3782,#3784,.T.);
#3782 = VERTEX_POINT('',#3783);
#3783 = CARTESIAN_POINT('',(-8.633759933989E-15,35.25,21.833333333333));
#3784 = SURFACE_CURVE('',#3785,(#3790,#3797),.PCURVE_S1.);
#3785 = CIRCLE('',#3786,35.25);
#3786 = AXIS2_PLACEMENT_3D('',#3787,#3788,#3789);
#3787 = CARTESIAN_POINT('',(0.,0.,21.833333333333));
#3788 = DIRECTION('',(0.,1.110223024625E-16,-1.));
#3789 = DIRECTION('',(0.,1.,1.110223024625E-16));
#3790 = PCURVE('',#3493,#3791);
#3791 = DEFINITIONAL_REPRESENTATION('',(#3792),#3796);
#3792 = CIRCLE('',#3793,35.25);
#3793 = AXIS2_PLACEMENT_2D('',#3794,#3795);
#3794 = CARTESIAN_POINT('',(80.,80.));
#3795 = DIRECTION('',(1.,0.));
#3796 = ( GEOMETRIC_REPRESENTATION_CONTEXT(2) 
PARAMETRIC_REPRESENTATION_CONTEXT() REPRESENTATION_CONTEXT('2D SPACE',''
  ) );
#3797 = PCURVE('',#3798,#3803);
#3798 = CYLINDRICAL_SURFACE('',#3799,35.25);
#3799 = AXIS2_PLACEMENT_3D('',#3800,#3801,#3802);
#3800 = CARTESIAN_POINT('',(0.,-1.110223024625E-17,21.933333333333));
#3801 = DIRECTION('',(0.,1.110223024625E-16,-1.));
#3802 = DIRECTION('',(0.,1.,1.110223024625E-16));
#3803 = DEFINITIONAL_REPRESENTATION('',(#3804),#3808);
#3804 = LINE('',#3805,#3806);
#3805 = CARTESIAN_POINT('',(0.,9.999999999999E-02));
#3806 = VECTOR('',#3807,1.);
#3807 = DIRECTION('',(1.,0.));
#3808 = ( GEOMETRIC_REPRESENTATION_CONTEXT(2) 
PARAMETRIC_REPRESENTATION_CONTEXT() REPRESENTATION_CONTEXT('2D SPACE',''
  ) );
#3809 = ADVANCED_FACE('',(#3810),#3763,.F.);
#3810 = FACE_BOUND('',#3811,.F.);
#3811 = EDGE_LOOP('',(#3812,#3835,#3836,#3837));
#3812 = ORIENTED_EDGE('',*,*,#3813,.T.);
#3813 = EDGE_CURVE('',#3814,#3747,#3816,.T.);
#3814 = VERTEX_POINT('',#3815);
#3815 = CARTESIAN_POINT('',(-7.580995231214E-15,30.951761914098,
    7.733333333333));
#3816 = SEAM_CURVE('',#3817,(#3821,#3828),.PCURVE_S1.);
#3817 = LINE('',#3818,#3819);
#3818 = CARTESIAN_POINT('',(-7.367034090152E-15,30.078199262355,
    8.833333333333));
#3819 = VECTOR('',#3820,1.);
#3820 = DIRECTION('',(-1.523207497441E-16,0.621896655632,-0.783099323019
    ));
#3821 = PCURVE('',#3763,#3822);
#3822 = DEFINITIONAL_REPRESENTATION('',(#3823),#3827);
#3823 = LINE('',#3824,#3825);
#3824 = CARTESIAN_POINT('',(6.28318530718,-0.));
#3825 = VECTOR('',#3826,1.);
#3826 = DIRECTION('',(0.,1.));
#3827 = ( GEOMETRIC_REPRESENTATION_CONTEXT(2) 
PARAMETRIC_REPRESENTATION_CONTEXT() REPRESENTATION_CONTEXT('2D SPACE',''
  ) );
#3828 = PCURVE('',#3763,#3829);
#3829 = DEFINITIONAL_REPRESENTATION('',(#3830),#3834);
#3830 = LINE('',#3831,#3832);
#3831 = CARTESIAN_POINT('',(0.,-0.));
#3832 = VECTOR('',#3833,1.);
#3833 = DIRECTION('',(0.,1.));
#3834 = ( GEOMETRIC_REPRESENTATION_CONTEXT(2) 
PARAMETRIC_REPRESENTATION_CONTEXT() REPRESENTATION_CONTEXT('2D SPACE',''
  ) );
#3835 = ORIENTED_EDGE('',*,*,#3746,.F.);
#3836 = ORIENTED_EDGE('',*,*,#3813,.F.);
#3837 = ORIENTED_EDGE('',*,*,#3838,.T.);
#3838 = EDGE_CURVE('',#3814,#3814,#3839,.T.);
#3839 = SURFACE_CURVE('',#3840,(#3845,#3852),.PCURVE_S1.);
#3840 = CIRCLE('',#3841,30.951761914098);
#3841 = AXIS2_PLACEMENT_3D('',#3842,#3843,#3844);
#3842 = CARTESIAN_POINT('',(0.,1.565414464721E-15,7.733333333333));
#3843 = DIRECTION('',(0.,1.110223024625E-16,-1.));
#3844 = DIRECTION('',(0.,1.,1.110223024625E-16));
#3845 = PCURVE('',#3763,#3846);
#3846 = DEFINITIONAL_REPRESENTATION('',(#3847),#3851);
#3847 = LINE('',#3848,#3849);
#3848 = CARTESIAN_POINT('',(0.,1.1));
#3849 = VECTOR('',#3850,1.);
#3850 = DIRECTION('',(1.,0.));
#3851 = ( GEOMETRIC_REPRESENTATION_CONTEXT(2) 
PARAMETRIC_REPRESENTATION_CONTEXT() REPRESENTATION_CONTEXT('2D SPACE',''
  ) );
#3852 = PCURVE('',#3853,#3858);
#3853 = PLANE('',#3854);
#3854 = AXIS2_PLACEMENT_3D('',#3855,#3856,#3857);
#3855 = CARTESIAN_POINT('',(0.,1.565414464721E-15,7.733333333333));
#3856 = DIRECTION('',(0.,1.110223024625E-16,-1.));
#3857 = DIRECTION('',(0.,1.,1.110223024625E-16));
#3858 = DEFINITIONAL_REPRESENTATION('',(#3859),#3863);
#3859 = CIRCLE('',#3860,30.951761914098);
#3860 = AXIS2_PLACEMENT_2D('',#3861,#3862);
#3861 = CARTESIAN_POINT('',(0.,0.));
#3862 = DIRECTION('',(1.,0.));
#3863 = ( GEOMETRIC_REPRESENTATION_CONTEXT(2) 
PARAMETRIC_REPRESENTATION_CONTEXT() REPRESENTATION_CONTEXT('2D SPACE',''
  ) );
#3864 = ADVANCED_FACE('',(#3865),#3798,.F.);
#3865 = FACE_BOUND('',#3866,.F.);
#3866 = EDGE_LOOP('',(#3867,#3890,#3912,#3913));
#3867 = ORIENTED_EDGE('',*,*,#3868,.T.);
#3868 = EDGE_CURVE('',#3782,#3869,#3871,.T.);
#3869 = VERTEX_POINT('',#3870);
#3870 = CARTESIAN_POINT('',(-8.633759933989E-15,35.25,7.733333333333));
#3871 = SEAM_CURVE('',#3872,(#3876,#3883),.PCURVE_S1.);
#3872 = LINE('',#3873,#3874);
#3873 = CARTESIAN_POINT('',(-8.633759933989E-15,35.25,21.933333333333));
#3874 = VECTOR('',#3875,1.);
#3875 = DIRECTION('',(0.,1.110223024625E-16,-1.));
#3876 = PCURVE('',#3798,#3877);
#3877 = DEFINITIONAL_REPRESENTATION('',(#3878),#3882);
#3878 = LINE('',#3879,#3880);
#3879 = CARTESIAN_POINT('',(6.28318530718,-0.));
#3880 = VECTOR('',#3881,1.);
#3881 = DIRECTION('',(0.,1.));
#3882 = ( GEOMETRIC_REPRESENTATION_CONTEXT(2) 
PARAMETRIC_REPRESENTATION_CONTEXT() REPRESENTATION_CONTEXT('2D SPACE',''
  ) );
#3883 = PCURVE('',#3798,#3884);
#3884 = DEFINITIONAL_REPRESENTATION('',(#3885),#3889);
#3885 = LINE('',#3886,#3887);
#3886 = CARTESIAN_POINT('',(0.,-0.));
#3887 = VECTOR('',#3888,1.);
#3888 = DIRECTION('',(0.,1.));
#3889 = ( GEOMETRIC_REPRESENTATION_CONTEXT(2) 
PARAMETRIC_REPRESENTATION_CONTEXT() REPRESENTATION_CONTEXT('2D SPACE',''
  ) );
#3890 = ORIENTED_EDGE('',*,*,#3891,.F.);
#3891 = EDGE_CURVE('',#3869,#3869,#3892,.T.);
#3892 = SURFACE_CURVE('',#3893,(#3898,#3905),.PCURVE_S1.);
#3893 = CIRCLE('',#3894,35.25);
#3894 = AXIS2_PLACEMENT_3D('',#3895,#3896,#3897);
#3895 = CARTESIAN_POINT('',(0.,1.565414464721E-15,7.733333333333));
#3896 = DIRECTION('',(0.,1.110223024625E-16,-1.));
#3897 = DIRECTION('',(0.,1.,1.110223024625E-16));
#3898 = PCURVE('',#3798,#3899);
#3899 = DEFINITIONAL_REPRESENTATION('',(#3900),#3904);
#3900 = LINE('',#3901,#3902);
#3901 = CARTESIAN_POINT('',(0.,14.2));
#3902 = VECTOR('',#3903,1.);
#3903 = DIRECTION('',(1.,0.));
#3904 = ( GEOMETRIC_REPRESENTATION_CONTEXT(2) 
PARAMETRIC_REPRESENTATION_CONTEXT() REPRESENTATION_CONTEXT('2D SPACE',''
  ) );
#3905 = PCURVE('',#3853,#3906);
#3906 = DEFINITIONAL_REPRESENTATION('',(#3907),#3911);
#3907 = CIRCLE('',#3908,35.25);
#3908 = AXIS2_PLACEMENT_2D('',#3909,#3910);
#3909 = CARTESIAN_POINT('',(0.,0.));
#3910 = DIRECTION('',(1.,0.));
#3911 = ( GEOMETRIC_REPRESENTATION_CONTEXT(2) 
PARAMETRIC_REPRESENTATION_CONTEXT() REPRESENTATION_CONTEXT('2D SPACE',''
  ) );
#3912 = ORIENTED_EDGE('',*,*,#3868,.F.);
#3913 = ORIENTED_EDGE('',*,*,#3781,.T.);
#3914 = ADVANCED_FACE('',(#3915,#3918),#3853,.F.);
#3915 = FACE_BOUND('',#3916,.F.);
#3916 = EDGE_LOOP('',(#3917));
#3917 = ORIENTED_EDGE('',*,*,#3891,.T.);
#3918 = FACE_BOUND('',#3919,.F.);
#3919 = EDGE_LOOP('',(#3920));
#3920 = ORIENTED_EDGE('',*,*,#3838,.F.);
#3921 = ( GEOMETRIC_REPRESENTATION_CONTEXT(3) 
GLOBAL_UNCERTAINTY_ASSIGNED_CONTEXT((#3925)) 
GLOBAL_UNIT_ASSIGNED_CONTEXT((#3922,#3923,#3924)) REPRESENTATION_CONTEXT
('Context #1','3D Context with UNIT and UNCERTAINTY') );
#3922 = ( LENGTH_UNIT() NAMED_UNIT(*) SI_UNIT(.MILLI.,.METRE.) );
#3923 = ( NAMED_UNIT(*) PLANE_ANGLE_UNIT() SI_UNIT($,.RADIAN.) );
#3924 = ( NAMED_UNIT(*) SI_UNIT($,.STERADIAN.) SOLID_ANGLE_UNIT() );
#3925 = UNCERTAINTY_MEASURE_WITH_UNIT(LENGTH_MEASURE(2.E-07),#3922,
  'distance_accuracy_value','confusion accuracy');
#3926 = PRODUCT_RELATED_PRODUCT_CATEGORY('part',$,(#7));
ENDSEC;
END-ISO-10303-21;
