ISO-10303-21;
HEADER;
FILE_DESCRIPTION(('FreeCAD Model'),'2;1');
FILE_NAME('Open CASCADE Shape Model','2026-10-04T13:02:16',('FreeCAD'),(
    'FreeCAD'),'Open CASCADE STEP processor 7.5','FreeCAD','Unknown');
FILE_SCHEMA(('AUTOMOTIVE_DESIGN { 1 0 10303 214 1 1 1 1 }'));
ENDSEC;
DATA;
#1 = APPLICATION_PROTOCOL_DEFINITION('international standard',
  'automotive_design',2000,#2);
#2 = APPLICATION_CONTEXT(
  'core data for automotive mechanical design processes');
#3 = SHAPE_DEFINITION_REPRESENTATION(#4,#10);
#4 = PRODUCT_DEFINITION_SHAPE('','',#5);
#5 = PRODUCT_DEFINITION('design','',#6,#9);
#6 = PRODUCT_DEFINITION_FORMATION('','',#7);
#7 = PRODUCT('Open CASCADE STEP translator 7.5 3',
  'Open CASCADE STEP translator 7.5 3','',(#8));
#8 = PRODUCT_CONTEXT('',#2,'mechanical');
#9 = PRODUCT_DEFINITION_CONTEXT('part definition',#2,'design');
#10 = SHAPE_REPRESENTATION('',(#11,#15,#19,#23,#27,#31,#35),#39);
#11 = AXIS2_PLACEMENT_3D('',#12,#13,#14);
#12 = CARTESIAN_POINT('',(0.,0.,0.));
#13 = DIRECTION('',(0.,0.,1.));
#14 = DIRECTION('',(1.,0.,-0.));
#15 = AXIS2_PLACEMENT_3D('',#16,#17,#18);
#16 = CARTESIAN_POINT('',(0.,0.,0.));
#17 = DIRECTION('',(0.,0.,1.));
#18 = DIRECTION('',(1.,0.,-0.));
#19 = AXIS2_PLACEMENT_3D('',#20,#21,#22);
#20 = CARTESIAN_POINT('',(0.,0.,0.));
#21 = DIRECTION('',(0.,0.,1.));
#22 = DIRECTION('',(1.,0.,-0.));
#23 = AXIS2_PLACEMENT_3D('',#24,#25,#26);
#24 = CARTESIAN_POINT('',(0.,0.,0.));
#25 = DIRECTION('',(0.,0.,1.));
#26 = DIRECTION('',(1.,0.,-0.));
#27 = AXIS2_PLACEMENT_3D('',#28,#29,#30);
#28 = CARTESIAN_POINT('',(0.,0.,0.));
#29 = DIRECTION('',(0.,0.,1.));
#30 = DIRECTION('',(1.,0.,-0.));
#31 = AXIS2_PLACEMENT_3D('',#32,#33,#34);
#32 = CARTESIAN_POINT('',(0.,0.,0.));
#33 = DIRECTION('',(0.,0.,1.));
#34 = DIRECTION('',(1.,0.,-0.));
#35 = AXIS2_PLACEMENT_3D('',#36,#37,#38);
#36 = CARTESIAN_POINT('',(0.,0.,0.));
#37 = DIRECTION('',(0.,0.,1.));
#38 = DIRECTION('',(1.,0.,-0.));
#39 = ( GEOMETRIC_REPRESENTATION_CONTEXT(3) 
GLOBAL_UNCERTAINTY_ASSIGNED_CONTEXT((#43)) GLOBAL_UNIT_ASSIGNED_CONTEXT(
(#40,#41,#42)) REPRESENTATION_CONTEXT('Context #1',
  '3D Context with UNIT and UNCERTAINTY') );
#40 = ( LENGTH_UNIT() NAMED_UNIT(*) SI_UNIT(.MILLI.,.METRE.) );
#41 = ( NAMED_UNIT(*) PLANE_ANGLE_UNIT() SI_UNIT($,.RADIAN.) );
#42 = ( NAMED_UNIT(*) SI_UNIT($,.STERADIAN.) SOLID_ANGLE_UNIT() );
#43 = UNCERTAINTY_MEASURE_WITH_UNIT(LENGTH_MEASURE(2.E-07),#40,
  'distance_accuracy_value','confusion accuracy');
#44 = PRODUCT_RELATED_PRODUCT_CATEGORY('part',$,(#7));
#45 = ADVANCED_BREP_SHAPE_REPRESENTATION('',(#11,#46),#224);
#46 = MANIFOLD_SOLID_BREP('',#47);
#47 = CLOSED_SHELL('',(#48,#197));
#48 = ADVANCED_FACE('',(#49,#53,#130),#66,.T.);
#49 = FACE_BOUND('',#50,.T.);
#50 = VERTEX_LOOP('',#51);
#51 = VERTEX_POINT('',#52);
#52 = CARTESIAN_POINT('',(12.91890603642,71.3138158007,4.5));
#53 = FACE_BOUND('',#54,.T.);
#54 = EDGE_LOOP('',(#55));
#55 = ORIENTED_EDGE('',*,*,#56,.F.);
#56 = EDGE_CURVE('',#57,#57,#59,.T.);
#57 = VERTEX_POINT('',#58);
#58 = CARTESIAN_POINT('',(16.254614481923,74.334254372596,
    2.449293598295E-16));
#59 = SURFACE_CURVE('',#60,(#65,#118),.PCURVE_S1.);
#60 = CIRCLE('',#61,1.);
#61 = AXIS2_PLACEMENT_3D('',#62,#63,#64);
#62 = CARTESIAN_POINT('',(15.435462437634,74.907830808947,0.));
#63 = DIRECTION('',(0.573576436351,0.819152044289,0.));
#64 = DIRECTION('',(-0.819152044289,0.573576436351,0.));
#65 = PCURVE('',#66,#71);
#66 = SPHERICAL_SURFACE('',#67,4.5);
#67 = AXIS2_PLACEMENT_3D('',#68,#69,#70);
#68 = CARTESIAN_POINT('',(12.91890603642,71.3138158007,0.));
#69 = DIRECTION('',(0.,0.,1.));
#70 = DIRECTION('',(1.,0.,-0.));
#71 = DEFINITIONAL_REPRESENTATION('',(#72),#117);
#72 = B_SPLINE_CURVE_WITH_KNOTS('',8,(#73,#74,#75,#76,#77,#78,#79,#80,
    #81,#82,#83,#84,#85,#86,#87,#88,#89,#90,#91,#92,#93,#94,#95,#96,#97,
    #98,#99,#100,#101,#102,#103,#104,#105,#106,#107,#108,#109,#110,#111,
    #112,#113,#114,#115,#116),.UNSPECIFIED.,.F.,.F.,(9,7,7,7,7,7,9),(
    3.14159265359,3.926990816987,5.301437602933,6.332272692392,
    7.105399009486,8.265088485128,9.424777960769),.UNSPECIFIED.);
#73 = CARTESIAN_POINT('',(0.735837996296,1.259008643922E-16));
#74 = CARTESIAN_POINT('',(0.735837996296,-2.181661564993E-02));
#75 = CARTESIAN_POINT('',(0.738224745642,-4.363326379735E-02));
#76 = CARTESIAN_POINT('',(0.742997605986,-6.51451782606E-02));
#77 = CARTESIAN_POINT('',(0.750123070895,-8.604811224883E-02));
#78 = CARTESIAN_POINT('',(0.7595318028,-0.106042384084));
#79 = CARTESIAN_POINT('',(0.771114811943,-0.124839027612));
#80 = CARTESIAN_POINT('',(0.78471877734,-0.142168047306));
#81 = CARTESIAN_POINT('',(0.827128541497,-0.185125056859));
#82 = CARTESIAN_POINT('',(0.859684412434,-0.207229873332));
#83 = CARTESIAN_POINT('',(0.89671954592,-0.222812637647));
#84 = CARTESIAN_POINT('',(0.936717892398,-0.230865576609));
#85 = CARTESIAN_POINT('',(0.977651132931,-0.230804071606));
#86 = CARTESIAN_POINT('',(1.017294968806,-0.222762204018));
#87 = CARTESIAN_POINT('',(1.053841924496,-0.207421650436));
#88 = CARTESIAN_POINT('',(1.109920720557,-0.169651785589));
#89 = CARTESIAN_POINT('',(1.13142250949,-0.149953554429));
#90 = CARTESIAN_POINT('',(1.149801169102,-0.127189441241));
#91 = CARTESIAN_POINT('',(1.164602085675,-0.101925803025));
#92 = CARTESIAN_POINT('',(1.175525080425,-7.48021007813E-02));
#93 = CARTESIAN_POINT('',(1.182395542995,-4.6495684379E-02));
#94 = CARTESIAN_POINT('',(1.185133232712,-1.769737339937E-02));
#95 = CARTESIAN_POINT('',(1.182735643877,3.235528154456E-02));
#96 = CARTESIAN_POINT('',(1.179397318725,5.369578376748E-02));
#97 = CARTESIAN_POINT('',(1.173759144247,7.463518889408E-02));
#98 = CARTESIAN_POINT('',(1.165862904088,9.488463323385E-02));
#99 = CARTESIAN_POINT('',(1.155784986506,0.114160825407));
#100 = CARTESIAN_POINT('',(1.143640314592,0.132192022686));
#101 = CARTESIAN_POINT('',(1.129586448018,0.148726009163));
#102 = CARTESIAN_POINT('',(1.09018996866,0.185761175604));
#103 = CARTESIAN_POINT('',(1.06271602553,0.204112508819));
#104 = CARTESIAN_POINT('',(1.032094268915,0.217842147589));
#105 = CARTESIAN_POINT('',(0.999236168517,0.22634937952));
#106 = CARTESIAN_POINT('',(0.965288012445,0.229250273106));
#107 = CARTESIAN_POINT('',(0.931531528807,0.226484520489));
#108 = CARTESIAN_POINT('',(0.89913653581,0.218291320803));
#109 = CARTESIAN_POINT('',(0.839061285302,0.191993237399));
#110 = CARTESIAN_POINT('',(0.811380906093,0.173888606278));
#111 = CARTESIAN_POINT('',(0.787052614868,0.151298653866));
#112 = CARTESIAN_POINT('',(0.766893002166,0.124933110262));
#113 = CARTESIAN_POINT('',(0.751448695859,9.565944659923E-02));
#114 = CARTESIAN_POINT('',(0.741041258016,6.442740444244E-02));
#115 = CARTESIAN_POINT('',(0.735837996296,3.22135965456E-02));
#116 = CARTESIAN_POINT('',(0.735837996296,8.164311994316E-17));
#117 = ( GEOMETRIC_REPRESENTATION_CONTEXT(2) 
PARAMETRIC_REPRESENTATION_CONTEXT() REPRESENTATION_CONTEXT('2D SPACE',''
  ) );
#118 = PCURVE('',#119,#124);
#119 = CYLINDRICAL_SURFACE('',#120,1.);
#120 = AXIS2_PLACEMENT_3D('',#121,#122,#123);
#121 = CARTESIAN_POINT('',(9.76423563649,66.80847955711,0.));
#122 = DIRECTION('',(0.573576436351,0.819152044289,0.));
#123 = DIRECTION('',(0.819152044289,-0.573576436351,0.));
#124 = DEFINITIONAL_REPRESENTATION('',(#125),#129);
#125 = LINE('',#126,#127);
#126 = CARTESIAN_POINT('',(-3.14159265359,9.887482193696));
#127 = VECTOR('',#128,1.);
#128 = DIRECTION('',(1.,0.));
#129 = ( GEOMETRIC_REPRESENTATION_CONTEXT(2) 
PARAMETRIC_REPRESENTATION_CONTEXT() REPRESENTATION_CONTEXT('2D SPACE',''
  ) );
#130 = FACE_BOUND('',#131,.T.);
#131 = EDGE_LOOP('',(#132));
#132 = ORIENTED_EDGE('',*,*,#133,.T.);
#133 = EDGE_CURVE('',#134,#134,#136,.T.);
#134 = VERTEX_POINT('',#135);
#135 = CARTESIAN_POINT('',(11.221501679495,67.146224356101,
    2.449293598295E-16));
#136 = SURFACE_CURVE('',#137,(#142,#190),.PCURVE_S1.);
#137 = CIRCLE('',#138,1.);
#138 = AXIS2_PLACEMENT_3D('',#139,#140,#141);
#139 = CARTESIAN_POINT('',(10.402349635206,67.719800792452,0.));
#140 = DIRECTION('',(0.573576436351,0.819152044289,0.));
#141 = DIRECTION('',(-0.819152044289,0.573576436351,0.));
#142 = PCURVE('',#66,#143);
#143 = DEFINITIONAL_REPRESENTATION('',(#144),#189);
#144 = B_SPLINE_CURVE_WITH_KNOTS('',8,(#145,#146,#147,#148,#149,#150,
    #151,#152,#153,#154,#155,#156,#157,#158,#159,#160,#161,#162,#163,
    #164,#165,#166,#167,#168,#169,#170,#171,#172,#173,#174,#175,#176,
    #177,#178,#179,#180,#181,#182,#183,#184,#185,#186,#187,#188),
  .UNSPECIFIED.,.F.,.F.,(9,7,7,7,7,7,9),(3.14159265359,3.926990816987,
    5.301437602933,6.332272692392,7.105399009486,8.265088485128,
    9.424777960769),.UNSPECIFIED.);
#145 = CARTESIAN_POINT('',(4.325616834488,1.259008643922E-16));
#146 = CARTESIAN_POINT('',(4.325616834488,-2.181661564993E-02));
#147 = CARTESIAN_POINT('',(4.323230085141,-4.363326379735E-02));
#148 = CARTESIAN_POINT('',(4.318457224798,-6.51451782606E-02));
#149 = CARTESIAN_POINT('',(4.311331759888,-8.604811224883E-02));
#150 = CARTESIAN_POINT('',(4.301923027983,-0.106042384084));
#151 = CARTESIAN_POINT('',(4.290340018841,-0.124839027612));
#152 = CARTESIAN_POINT('',(4.276736053443,-0.142168047306));
#153 = CARTESIAN_POINT('',(4.234326289286,-0.185125056859));
#154 = CARTESIAN_POINT('',(4.201770418353,-0.207229873333));
#155 = CARTESIAN_POINT('',(4.164735284847,-0.222812637646));
#156 = CARTESIAN_POINT('',(4.124736938396,-0.23086557661));
#157 = CARTESIAN_POINT('',(4.083803697831,-0.230804071605));
#158 = CARTESIAN_POINT('',(4.044159861978,-0.222762204019));
#159 = CARTESIAN_POINT('',(4.007612906288,-0.207421650436));
#160 = CARTESIAN_POINT('',(3.951534110227,-0.169651785589));
#161 = CARTESIAN_POINT('',(3.930032321294,-0.149953554429));
#162 = CARTESIAN_POINT('',(3.911653661682,-0.127189441241));
#163 = CARTESIAN_POINT('',(3.896852745109,-0.101925803025));
#164 = CARTESIAN_POINT('',(3.885929750359,-7.480210078133E-02));
#165 = CARTESIAN_POINT('',(3.879059287788,-4.649568437899E-02));
#166 = CARTESIAN_POINT('',(3.876321598072,-1.769737339937E-02));
#167 = CARTESIAN_POINT('',(3.878719186906,3.235528154456E-02));
#168 = CARTESIAN_POINT('',(3.882057512059,5.369578376748E-02));
#169 = CARTESIAN_POINT('',(3.887695686537,7.463518889408E-02));
#170 = CARTESIAN_POINT('',(3.895591926695,9.488463323385E-02));
#171 = CARTESIAN_POINT('',(3.905669844278,0.114160825407));
#172 = CARTESIAN_POINT('',(3.917814516191,0.132192022686));
#173 = CARTESIAN_POINT('',(3.931868382766,0.148726009163));
#174 = CARTESIAN_POINT('',(3.971264862123,0.185761175604));
#175 = CARTESIAN_POINT('',(3.998738805252,0.204112508819));
#176 = CARTESIAN_POINT('',(4.029360561864,0.217842147589));
#177 = CARTESIAN_POINT('',(4.062218662246,0.226349379521));
#178 = CARTESIAN_POINT('',(4.096166818335,0.229250273107));
#179 = CARTESIAN_POINT('',(4.129923301976,0.226484520489));
#180 = CARTESIAN_POINT('',(4.162318294974,0.218291320803));
#181 = CARTESIAN_POINT('',(4.222393545481,0.191993237399));
#182 = CARTESIAN_POINT('',(4.250073924691,0.173888606278));
#183 = CARTESIAN_POINT('',(4.274402215916,0.151298653866));
#184 = CARTESIAN_POINT('',(4.294561828618,0.124933110262));
#185 = CARTESIAN_POINT('',(4.310006134925,9.565944659919E-02));
#186 = CARTESIAN_POINT('',(4.320413572768,6.442740444246E-02));
#187 = CARTESIAN_POINT('',(4.325616834488,3.22135965456E-02));
#188 = CARTESIAN_POINT('',(4.325616834488,8.164311994316E-17));
#189 = ( GEOMETRIC_REPRESENTATION_CONTEXT(2) 
PARAMETRIC_REPRESENTATION_CONTEXT() REPRESENTATION_CONTEXT('2D SPACE',''
  ) );
#190 = PCURVE('',#119,#191);
#191 = DEFINITIONAL_REPRESENTATION('',(#192),#196);
#192 = LINE('',#193,#194);
#193 = CARTESIAN_POINT('',(-3.14159265359,1.112517806304));
#194 = VECTOR('',#195,1.);
#195 = DIRECTION('',(1.,0.));
#196 = ( GEOMETRIC_REPRESENTATION_CONTEXT(2) 
PARAMETRIC_REPRESENTATION_CONTEXT() REPRESENTATION_CONTEXT('2D SPACE',''
  ) );
#197 = ADVANCED_FACE('',(#198),#119,.F.);
#198 = FACE_BOUND('',#199,.F.);
#199 = EDGE_LOOP('',(#200,#201,#222,#223));
#200 = ORIENTED_EDGE('',*,*,#56,.F.);
#201 = ORIENTED_EDGE('',*,*,#202,.F.);
#202 = EDGE_CURVE('',#134,#57,#203,.T.);
#203 = SEAM_CURVE('',#204,(#208,#215),.PCURVE_S1.);
#204 = LINE('',#205,#206);
#205 = CARTESIAN_POINT('',(10.583387680779,66.234903120759,
    2.449293598295E-16));
#206 = VECTOR('',#207,1.);
#207 = DIRECTION('',(0.573576436351,0.819152044289,0.));
#208 = PCURVE('',#119,#209);
#209 = DEFINITIONAL_REPRESENTATION('',(#210),#214);
#210 = LINE('',#211,#212);
#211 = CARTESIAN_POINT('',(6.28318530718,-0.));
#212 = VECTOR('',#213,1.);
#213 = DIRECTION('',(0.,1.));
#214 = ( GEOMETRIC_REPRESENTATION_CONTEXT(2) 
PARAMETRIC_REPRESENTATION_CONTEXT() REPRESENTATION_CONTEXT('2D SPACE',''
  ) );
#215 = PCURVE('',#119,#216);
#216 = DEFINITIONAL_REPRESENTATION('',(#217),#221);
#217 = LINE('',#218,#219);
#218 = CARTESIAN_POINT('',(0.,-0.));
#219 = VECTOR('',#220,1.);
#220 = DIRECTION('',(0.,1.));
#221 = ( GEOMETRIC_REPRESENTATION_CONTEXT(2) 
PARAMETRIC_REPRESENTATION_CONTEXT() REPRESENTATION_CONTEXT('2D SPACE',''
  ) );
#222 = ORIENTED_EDGE('',*,*,#133,.T.);
#223 = ORIENTED_EDGE('',*,*,#202,.T.);
#224 = ( GEOMETRIC_REPRESENTATION_CONTEXT(3) 
GLOBAL_UNCERTAINTY_ASSIGNED_CONTEXT((#228)) GLOBAL_UNIT_ASSIGNED_CONTEXT
((#225,#226,#227)) REPRESENTATION_CONTEXT('Context #1',
  '3D Context with UNIT and UNCERTAINTY') );
#225 = ( LENGTH_UNIT() NAMED_UNIT(*) SI_UNIT(.MILLI.,.METRE.) );
#226 = ( NAMED_UNIT(*) PLANE_ANGLE_UNIT() SI_UNIT($,.RADIAN.) );
#227 = ( NAMED_UNIT(*) SI_UNIT($,.STERADIAN.) SOLID_ANGLE_UNIT() );
#228 = UNCERTAINTY_MEASURE_WITH_UNIT(LENGTH_MEASURE(1.E-07),#225,
  'distance_accuracy_value','confusion accuracy');
#229 = SHAPE_DEFINITION_REPRESENTATION(#230,#45);
#230 = PRODUCT_DEFINITION_SHAPE('','',#231);
#231 = PRODUCT_DEFINITION('design','',#232,#235);
#232 = PRODUCT_DEFINITION_FORMATION('','',#233);
#233 = PRODUCT('Open CASCADE STEP translator 7.5 3.1',
  'Open CASCADE STEP translator 7.5 3.1','',(#234));
#234 = PRODUCT_CONTEXT('',#2,'mechanical');
#235 = PRODUCT_DEFINITION_CONTEXT('part definition',#2,'design');
#236 = CONTEXT_DEPENDENT_SHAPE_REPRESENTATION(#237,#239);
#237 = ( REPRESENTATION_RELATIONSHIP('','',#45,#10) 
REPRESENTATION_RELATIONSHIP_WITH_TRANSFORMATION(#238) 
SHAPE_REPRESENTATION_RELATIONSHIP() );
#238 = ITEM_DEFINED_TRANSFORMATION('','',#11,#15);
#239 = PRODUCT_DEFINITION_SHAPE('Placement','Placement of an item',#240
  );
#240 = NEXT_ASSEMBLY_USAGE_OCCURRENCE('1','','',#5,#231,$);
#241 = PRODUCT_RELATED_PRODUCT_CATEGORY('part',$,(#233));
#242 = ADVANCED_BREP_SHAPE_REPRESENTATION('',(#11,#243),#1126);
#243 = MANIFOLD_SOLID_BREP('',#244);
#244 = CLOSED_SHELL('',(#245,#1099));
#245 = ADVANCED_FACE('',(#246,#250,#627),#376,.T.);
#246 = FACE_BOUND('',#247,.T.);
#247 = VERTEX_LOOP('',#248);
#248 = VERTEX_POINT('',#249);
#249 = CARTESIAN_POINT('',(6.45945301821,71.3138158007,15.688100816644)
  );
#250 = FACE_BOUND('',#251,.T.);
#251 = EDGE_LOOP('',(#252));
#252 = ORIENTED_EDGE('',*,*,#253,.T.);
#253 = EDGE_CURVE('',#254,#254,#256,.T.);
#254 = VERTEX_POINT('',#255);
#255 = CARTESIAN_POINT('',(5.201174817603,67.201288399748,9.863769156409
    ));
#256 = SURFACE_CURVE('',#257,(#375,#501),.PCURVE_S1.);
#257 = B_SPLINE_CURVE_WITH_KNOTS('',6,(#258,#259,#260,#261,#262,#263,
    #264,#265,#266,#267,#268,#269,#270,#271,#272,#273,#274,#275,#276,
    #277,#278,#279,#280,#281,#282,#283,#284,#285,#286,#287,#288,#289,
    #290,#291,#292,#293,#294,#295,#296,#297,#298,#299,#300,#301,#302,
    #303,#304,#305,#306,#307,#308,#309,#310,#311,#312,#313,#314,#315,
    #316,#317,#318,#319,#320,#321,#322,#323,#324,#325,#326,#327,#328,
    #329,#330,#331,#332,#333,#334,#335,#336,#337,#338,#339,#340,#341,
    #342,#343,#344,#345,#346,#347,#348,#349,#350,#351,#352,#353,#354,
    #355,#356,#357,#358,#359,#360,#361,#362,#363,#364,#365,#366,#367,
    #368,#369,#370,#371,#372,#373,#374),.UNSPECIFIED.,.T.,.F.,(7,5,5,5,5
    ,5,5,5,5,5,5,5,5,5,5,5,5,5,5,5,5,5,5,7),(0.,3.262161635966E-02,
    0.125454247021,0.151541562187,0.184143143342,0.228266736635,
    0.264863818961,0.325565578,0.379889441872,0.404606926835,
    0.472394077601,0.54068751713,0.564900965811,0.619728647677,
    0.680430339225,0.717027412779,0.761151008649,0.793752593253,
    0.819839909889,0.840411760548,0.856971045316,0.870018445235,
    0.912675976229,1.),.UNSPECIFIED.);
#258 = CARTESIAN_POINT('',(5.201174817603,67.201288399748,9.863769156409
    ));
#259 = CARTESIAN_POINT('',(5.233943482214,67.192900390319,9.858682684327
    ));
#260 = CARTESIAN_POINT('',(5.266711309518,67.18524057329,9.852395847083)
  );
#261 = CARTESIAN_POINT('',(5.299409884223,67.178326450038,9.844919281756
    ));
#262 = CARTESIAN_POINT('',(5.331970818245,67.17217297776,9.836267805977)
  );
#263 = CARTESIAN_POINT('',(5.364325750706,67.166792569474,9.826460417931
    ));
#264 = CARTESIAN_POINT('',(5.487699378941,67.149111875331,9.784387557413
    ));
#265 = CARTESIAN_POINT('',(5.576786906189,67.142366509392,9.74407651971)
  );
#266 = CARTESIAN_POINT('',(5.662082853765,67.142189595923,9.695122626459
    ));
#267 = CARTESIAN_POINT('',(5.742116673337,67.148613078189,9.63832222203)
  );
#268 = CARTESIAN_POINT('',(5.815551144158,67.161501495751,9.574670736726
    ));
#269 = CARTESIAN_POINT('',(5.899708642798,67.185870202868,9.485896354959
    ));
#270 = CARTESIAN_POINT('',(5.917559815026,67.191700591858,9.465975178913
    ));
#271 = CARTESIAN_POINT('',(5.934775666826,67.1980084849,9.445633361343)
  );
#272 = CARTESIAN_POINT('',(5.951332685548,67.20478567903,9.424898004654)
  );
#273 = CARTESIAN_POINT('',(5.967208816593,67.212022921409,9.403797100777
    ));
#274 = CARTESIAN_POINT('',(6.001347372753,67.229316415721,9.355568783999
    ));
#275 = CARTESIAN_POINT('',(6.019215823994,67.239625373927,9.328252098334
    ));
#276 = CARTESIAN_POINT('',(6.035948569099,67.250616635083,9.300465938529
    ));
#277 = CARTESIAN_POINT('',(6.051509420355,67.262267720297,9.272268267137
    ));
#278 = CARTESIAN_POINT('',(6.06586625037,67.274553820634,9.243718544917)
  );
#279 = CARTESIAN_POINT('',(6.096754264424,67.304898747471,9.175844030443
    ));
#280 = CARTESIAN_POINT('',(6.112260879718,67.323463369228,9.136276674732
    ));
#281 = CARTESIAN_POINT('',(6.125441377182,67.343074354998,9.096326762387
    ));
#282 = CARTESIAN_POINT('',(6.136241089957,67.363657488532,9.056148244108
    ));
#283 = CARTESIAN_POINT('',(6.144620677412,67.385132084328,9.01589689033)
  );
#284 = CARTESIAN_POINT('',(6.155480090336,67.42589040608,8.942413338748)
  );
#285 = CARTESIAN_POINT('',(6.158722542428,67.444923220851,8.909154611697
    ));
#286 = CARTESIAN_POINT('',(6.160270570749,67.464460285381,8.876042610823
    ));
#287 = CARTESIAN_POINT('',(6.16011849876,67.484449845059,8.843165961141)
  );
#288 = CARTESIAN_POINT('',(6.158268416362,67.504837976833,8.81061237965)
  );
#289 = CARTESIAN_POINT('',(6.148861483174,67.559953424212,8.725153512743
    ));
#290 = CARTESIAN_POINT('',(6.138348198227,67.595282005612,8.672963588016
    ));
#291 = CARTESIAN_POINT('',(6.123235928272,67.631297226455,8.622296562905
    ));
#292 = CARTESIAN_POINT('',(6.103629631832,67.66773273013,8.573531083805)
  );
#293 = CARTESIAN_POINT('',(6.079692110512,67.704316890893,8.527021090638
    ));
#294 = CARTESIAN_POINT('',(6.026540038066,67.773405879027,8.443774959344
    ));
#295 = CARTESIAN_POINT('',(5.998142863973,67.805937221932,8.406523182041
    ));
#296 = CARTESIAN_POINT('',(5.966607962118,67.838175276567,8.371566629487
    ));
#297 = CARTESIAN_POINT('',(5.932124109031,67.869929444704,8.339110623849
    ));
#298 = CARTESIAN_POINT('',(5.894908069162,67.901016010897,8.309332978186
    ));
#299 = CARTESIAN_POINT('',(5.837133890915,67.945021197653,8.270120698175
    ));
#300 = CARTESIAN_POINT('',(5.818550999083,67.958608075263,8.258443643188
    ));
#301 = CARTESIAN_POINT('',(5.79947469413,67.972004353827,8.247365774098)
  );
#302 = CARTESIAN_POINT('',(5.779928296778,67.985194207835,8.236899724261
    ));
#303 = CARTESIAN_POINT('',(5.759935872761,67.998162342217,8.227056822167
    ));
#304 = CARTESIAN_POINT('',(5.683538280962,68.045810258602,8.192589610489
    ));
#305 = CARTESIAN_POINT('',(5.624384717372,68.078948583427,8.172094079211
    ));
#306 = CARTESIAN_POINT('',(5.562575414017,68.110003379931,8.156567751704
    ));
#307 = CARTESIAN_POINT('',(5.498649872242,68.138705170677,8.146143537453
    ));
#308 = CARTESIAN_POINT('',(5.433167389058,68.164819143081,8.140885751682
    ));
#309 = CARTESIAN_POINT('',(5.29973863522,68.211642473079,8.140705308375)
  );
#310 = CARTESIAN_POINT('',(5.231774294945,68.232311168395,8.145860138823
    ));
#311 = CARTESIAN_POINT('',(5.163394731344,68.249944522518,8.156260228957
    ));
#312 = CARTESIAN_POINT('',(5.095196630993,68.264372946971,8.171840747143
    ));
#313 = CARTESIAN_POINT('',(5.027783061938,68.27546745326,8.192466224648)
  );
#314 = CARTESIAN_POINT('',(4.93835110402,68.285866497022,8.22695090051)
  );
#315 = CARTESIAN_POINT('',(4.915117054693,68.288158891112,8.236584736397
    ));
#316 = CARTESIAN_POINT('',(4.892084433069,68.290018060282,8.246816701913
    ));
#317 = CARTESIAN_POINT('',(4.869279893755,68.29144111839,8.257636167503)
  );
#318 = CARTESIAN_POINT('',(4.846729862231,68.292425988236,8.269031301884
    ));
#319 = CARTESIAN_POINT('',(4.7740350208,68.294206407314,8.308065628835)
  );
#320 = CARTESIAN_POINT('',(4.725047276564,68.293188239941,8.33802775894)
  );
#321 = CARTESIAN_POINT('',(4.677803378825,68.289902345729,8.370722749196
    ));
#322 = CARTESIAN_POINT('',(4.632595605061,68.284356953389,8.405968283294
    ));
#323 = CARTESIAN_POINT('',(4.589698054496,68.276583982864,8.44355347133)
  );
#324 = CARTESIAN_POINT('',(4.504705075384,68.255630563538,8.527178124006
    ));
#325 = CARTESIAN_POINT('',(4.46318524066,68.241959299736,8.573694664207)
  );
#326 = CARTESIAN_POINT('',(4.425144205764,68.225702854322,8.622465898144
    ));
#327 = CARTESIAN_POINT('',(4.390878567342,68.206972044762,8.673137838432
    ));
#328 = CARTESIAN_POINT('',(4.360636415548,68.185909644996,8.72533180404)
  );
#329 = CARTESIAN_POINT('',(4.318924549425,68.148688007434,8.810795741045
    ));
#330 = CARTESIAN_POINT('',(4.304768708327,68.133902639737,8.843350922256
    ));
#331 = CARTESIAN_POINT('',(4.292188819231,68.118369817479,8.876228841969
    ));
#332 = CARTESIAN_POINT('',(4.281220129524,68.102130393793,8.909341779876
    ));
#333 = CARTESIAN_POINT('',(4.271890463257,68.085228370405,8.942601109243
    ));
#334 = CARTESIAN_POINT('',(4.254972523711,68.046590796653,9.01608526275)
  );
#335 = CARTESIAN_POINT('',(4.248136878737,68.024575753117,9.056336464249
    ));
#336 = CARTESIAN_POINT('',(4.243748983417,68.00174820588,9.096514343089)
  );
#337 = CARTESIAN_POINT('',(4.241828378492,67.978195770826,9.136463131529
    ));
#338 = CARTESIAN_POINT('',(4.242378590276,67.954010565238,9.176028884577
    ));
#339 = CARTESIAN_POINT('',(4.247610296733,67.911022172925,9.243899796112
    ));
#340 = CARTESIAN_POINT('',(4.251175492085,67.892462587503,9.272447731476
    ));
#341 = CARTESIAN_POINT('',(4.25607783393,67.873648498363,9.300643362775)
  );
#342 = CARTESIAN_POINT('',(4.262307670662,67.854619338825,9.32842723354)
  );
#343 = CARTESIAN_POINT('',(4.269850723886,67.83541525306,9.355741386325)
  );
#344 = CARTESIAN_POINT('',(4.285759619741,67.800602982479,9.403964714107
    ));
#345 = CARTESIAN_POINT('',(4.293659925879,67.785042957301,9.425063247468
    ));
#346 = CARTESIAN_POINT('',(4.302379327128,67.769417921262,9.44579608437)
  );
#347 = CARTESIAN_POINT('',(4.311906349427,67.753748863683,9.466135236228
    ));
#348 = CARTESIAN_POINT('',(4.32222772435,67.738056862499,9.486053604297)
  );
#349 = CARTESIAN_POINT('',(4.342082114952,67.709987336055,9.520879653058
    ));
#350 = CARTESIAN_POINT('',(4.351320459349,67.697610461774,9.535956388773
    ));
#351 = CARTESIAN_POINT('',(4.361036040896,67.685242830558,9.550742348908
    ));
#352 = CARTESIAN_POINT('',(4.371220829678,67.672894782661,9.565225117595
    ));
#353 = CARTESIAN_POINT('',(4.381866147267,67.660576629456,9.579392701015
    ));
#354 = CARTESIAN_POINT('',(4.40189479581,67.638415512404,9.604374682813)
  );
#355 = CARTESIAN_POINT('',(4.411119283758,67.628558397055,9.615304126247
    ));
#356 = CARTESIAN_POINT('',(4.420631268177,67.618732667133,9.626015826336
    ));
#357 = CARTESIAN_POINT('',(4.430425633341,67.608943649153,9.636503952773
    ));
#358 = CARTESIAN_POINT('',(4.440497010194,67.599196636404,9.646762876316
    ));
#359 = CARTESIAN_POINT('',(4.458989053818,67.581854259082,9.664685514294
    ));
#360 = CARTESIAN_POINT('',(4.46730681707,67.574240970254,9.672438198696)
  );
#361 = CARTESIAN_POINT('',(4.475790316841,67.566659594355,9.680042567995
    ));
#362 = CARTESIAN_POINT('',(4.484436712967,67.559112684053,9.6874960524)
  );
#363 = CARTESIAN_POINT('',(4.493243074388,67.551602772785,9.694796166312
    ));
#364 = CARTESIAN_POINT('',(4.531511256187,67.519708448343,9.725298418166
    ));
#365 = CARTESIAN_POINT('',(4.562494073705,67.495706622819,9.746991489108
    ));
#366 = CARTESIAN_POINT('',(4.595048450997,67.472215340707,9.76693529099)
  );
#367 = CARTESIAN_POINT('',(4.629059314447,67.449319504821,9.785056249786
    ));
#368 = CARTESIAN_POINT('',(4.664402897523,67.427100478262,9.801291647607
    ));
#369 = CARTESIAN_POINT('',(4.775755464181,67.361696428415,9.844858937813
    ));
#370 = CARTESIAN_POINT('',(4.855604103675,67.320913098546,9.866013412853
    ));
#371 = CARTESIAN_POINT('',(4.939346989786,67.283961134516,9.878601295332
    ));
#372 = CARTESIAN_POINT('',(5.025735324819,67.251413104325,9.882399387361
    ));
#373 = CARTESIAN_POINT('',(5.113459856975,67.223741379619,9.877384576922
    ));
#374 = CARTESIAN_POINT('',(5.201174817603,67.201288399748,9.863769156409
    ));
#375 = PCURVE('',#376,#381);
#376 = SPHERICAL_SURFACE('',#377,4.5);
#377 = AXIS2_PLACEMENT_3D('',#378,#379,#380);
#378 = CARTESIAN_POINT('',(6.45945301821,71.3138158007,11.188100816644)
  );
#379 = DIRECTION('',(0.,0.,1.));
#380 = DIRECTION('',(1.,0.,-0.));
#381 = DEFINITIONAL_REPRESENTATION('',(#382),#500);
#382 = B_SPLINE_CURVE_WITH_KNOTS('',6,(#383,#384,#385,#386,#387,#388,
    #389,#390,#391,#392,#393,#394,#395,#396,#397,#398,#399,#400,#401,
    #402,#403,#404,#405,#406,#407,#408,#409,#410,#411,#412,#413,#414,
    #415,#416,#417,#418,#419,#420,#421,#422,#423,#424,#425,#426,#427,
    #428,#429,#430,#431,#432,#433,#434,#435,#436,#437,#438,#439,#440,
    #441,#442,#443,#444,#445,#446,#447,#448,#449,#450,#451,#452,#453,
    #454,#455,#456,#457,#458,#459,#460,#461,#462,#463,#464,#465,#466,
    #467,#468,#469,#470,#471,#472,#473,#474,#475,#476,#477,#478,#479,
    #480,#481,#482,#483,#484,#485,#486,#487,#488,#489,#490,#491,#492,
    #493,#494,#495,#496,#497,#498,#499),.UNSPECIFIED.,.F.,.F.,(7,5,5,5,5
    ,5,5,5,5,5,5,5,5,5,5,5,5,5,5,5,5,5,5,7),(0.,3.262161635966E-02,
    0.125454247021,0.151541562187,0.184143143342,0.228266736635,
    0.264863818961,0.325565578,0.379889441872,0.404606926835,
    0.472394077601,0.54068751713,0.564900965811,0.619728647677,
    0.680430339225,0.717027412779,0.761151008649,0.793752593253,
    0.819839909889,0.840411760548,0.856971045316,0.870018445235,
    0.912675976229,1.),.UNSPECIFIED.);
#383 = CARTESIAN_POINT('',(4.415471233287,-0.298718734242));
#384 = CARTESIAN_POINT('',(4.423327815044,-0.299901438217));
#385 = CARTESIAN_POINT('',(4.431141524827,-0.301363766301));
#386 = CARTESIAN_POINT('',(4.438899909781,-0.30310370938));
#387 = CARTESIAN_POINT('',(4.446590537065,-0.305118463708));
#388 = CARTESIAN_POINT('',(4.454200993859,-0.307404430907));
#389 = CARTESIAN_POINT('',(4.483112855774,-0.3172217856));
#390 = CARTESIAN_POINT('',(4.503760898616,-0.326648303594));
#391 = CARTESIAN_POINT('',(4.523373698073,-0.338135244093));
#392 = CARTESIAN_POINT('',(4.541685749283,-0.351531204361));
#393 = CARTESIAN_POINT('',(4.558443169304,-0.366648997683));
#394 = CARTESIAN_POINT('',(4.577604341395,-0.387919771347));
#395 = CARTESIAN_POINT('',(4.581665756403,-0.392703512229));
#396 = CARTESIAN_POINT('',(4.585579875008,-0.397599761779));
#397 = CARTESIAN_POINT('',(4.589341429684,-0.402603207597));
#398 = CARTESIAN_POINT('',(4.592945235178,-0.407708314901));
#399 = CARTESIAN_POINT('',(4.60068638264,-0.419409083283));
#400 = CARTESIAN_POINT('',(4.604732245688,-0.426058632634));
#401 = CARTESIAN_POINT('',(4.608513805839,-0.432846737188));
#402 = CARTESIAN_POINT('',(4.612021301826,-0.439761646873));
#403 = CARTESIAN_POINT('',(4.615245182932,-0.446791098952));
#404 = CARTESIAN_POINT('',(4.622142879467,-0.463573844059));
#405 = CARTESIAN_POINT('',(4.625573057573,-0.473411861974));
#406 = CARTESIAN_POINT('',(4.628443512973,-0.483404577401));
#407 = CARTESIAN_POINT('',(4.630731877414,-0.493518729622));
#408 = CARTESIAN_POINT('',(4.632416904956,-0.50371941797));
#409 = CARTESIAN_POINT('',(4.634359618099,-0.522471927736));
#410 = CARTESIAN_POINT('',(4.634811838278,-0.531008275516));
#411 = CARTESIAN_POINT('',(4.634824034642,-0.539558058947));
#412 = CARTESIAN_POINT('',(4.634385875515,-0.548099683336));
#413 = CARTESIAN_POINT('',(4.63348815564,-0.556610871926));
#414 = CARTESIAN_POINT('',(4.629858142403,-0.579097187812));
#415 = CARTESIAN_POINT('',(4.626306986237,-0.59297931773));
#416 = CARTESIAN_POINT('',(4.621434124273,-0.606609754661));
#417 = CARTESIAN_POINT('',(4.61521497408,-0.619879557706));
#418 = CARTESIAN_POINT('',(4.607644355721,-0.632677878734));
#419 = CARTESIAN_POINT('',(4.590781211725,-0.655826003352));
#420 = CARTESIAN_POINT('',(4.581752862703,-0.666292395616));
#421 = CARTESIAN_POINT('',(4.571676661788,-0.676213657436));
#422 = CARTESIAN_POINT('',(4.560586893332,-0.68551249207));
#423 = CARTESIAN_POINT('',(4.548539489617,-0.694116204469));
#424 = CARTESIAN_POINT('',(4.529735534731,-0.705528050902));
#425 = CARTESIAN_POINT('',(4.523673741576,-0.708939329788));
#426 = CARTESIAN_POINT('',(4.517438037314,-0.712187071317));
#427 = CARTESIAN_POINT('',(4.511036975582,-0.715265541461));
#428 = CARTESIAN_POINT('',(4.504480076904,-0.718169422802));
#429 = CARTESIAN_POINT('',(4.479397062595,-0.728365398058));
#430 = CARTESIAN_POINT('',(4.459923020183,-0.734487324156));
#431 = CARTESIAN_POINT('',(4.439570415327,-0.739158482827));
#432 = CARTESIAN_POINT('',(4.418609088485,-0.742306981114));
#433 = CARTESIAN_POINT('',(4.397339088575,-0.743894698978));
#434 = CARTESIAN_POINT('',(4.354633534795,-0.743949194096));
#435 = CARTESIAN_POINT('',(4.333196125454,-0.742392577731));
#436 = CARTESIAN_POINT('',(4.312065789092,-0.739250986264));
#437 = CARTESIAN_POINT('',(4.291549785903,-0.734562931702));
#438 = CARTESIAN_POINT('',(4.271924440112,-0.728401746119));
#439 = CARTESIAN_POINT('',(4.246844627241,-0.718200810229));
#440 = CARTESIAN_POINT('',(4.240419587436,-0.715358523521));
#441 = CARTESIAN_POINT('',(4.234143940864,-0.712348627241));
#442 = CARTESIAN_POINT('',(4.228026651967,-0.709176113565));
#443 = CARTESIAN_POINT('',(4.222075795446,-0.70584635939));
#444 = CARTESIAN_POINT('',(4.203216874396,-0.694482402118));
#445 = CARTESIAN_POINT('',(4.191024926242,-0.685822687621));
#446 = CARTESIAN_POINT('',(4.17980702304,-0.676453018996));
#447 = CARTESIAN_POINT('',(4.169621036346,-0.666448052086));
#448 = CARTESIAN_POINT('',(4.160502354462,-0.655887247208));
#449 = CARTESIAN_POINT('',(4.143572538686,-0.632634596017));
#450 = CARTESIAN_POINT('',(4.136005751814,-0.619834884125));
#451 = CARTESIAN_POINT('',(4.129790434213,-0.606563944042));
#452 = CARTESIAN_POINT('',(4.124921369005,-0.592932621446));
#453 = CARTESIAN_POINT('',(4.121373946148,-0.579049851118));
#454 = CARTESIAN_POINT('',(4.117749781899,-0.556562881789));
#455 = CARTESIAN_POINT('',(4.116854231701,-0.548051529028));
#456 = CARTESIAN_POINT('',(4.116418208401,-0.539509824963));
#457 = CARTESIAN_POINT('',(4.116432503193,-0.530960044489));
#458 = CARTESIAN_POINT('',(4.116886781587,-0.522423780295));
#459 = CARTESIAN_POINT('',(4.118833941481,-0.503671624928));
#460 = CARTESIAN_POINT('',(4.1205213387,-0.493471243055));
#461 = CARTESIAN_POINT('',(4.122812007763,-0.483357507771));
#462 = CARTESIAN_POINT('',(4.125684699933,-0.473365315962));
#463 = CARTESIAN_POINT('',(4.129117044813,-0.463527924478));
#464 = CARTESIAN_POINT('',(4.136018384141,-0.446746440259));
#465 = CARTESIAN_POINT('',(4.139243773959,-0.43971757775));
#466 = CARTESIAN_POINT('',(4.14275273868,-0.432803310054));
#467 = CARTESIAN_POINT('',(4.146535726894,-0.426015898308));
#468 = CARTESIAN_POINT('',(4.150582976676,-0.419367090954));
#469 = CARTESIAN_POINT('',(4.158326544843,-0.407667744134));
#470 = CARTESIAN_POINT('',(4.161931399374,-0.402563299285));
#471 = CARTESIAN_POINT('',(4.165693975885,-0.3975605455));
#472 = CARTESIAN_POINT('',(4.169609088798,-0.392665016692));
#473 = CARTESIAN_POINT('',(4.173671470256,-0.387882024375));
#474 = CARTESIAN_POINT('',(4.181191183134,-0.37953765808));
#475 = CARTESIAN_POINT('',(4.184594849272,-0.375931801665));
#476 = CARTESIAN_POINT('',(4.188084145123,-0.37240158352));
#477 = CARTESIAN_POINT('',(4.191656413755,-0.368949406998));
#478 = CARTESIAN_POINT('',(4.195308964714,-0.365577583716));
#479 = CARTESIAN_POINT('',(4.20204162073,-0.359640655846));
#480 = CARTESIAN_POINT('',(4.205094421047,-0.357046479805));
#481 = CARTESIAN_POINT('',(4.208196054169,-0.354506962963));
#482 = CARTESIAN_POINT('',(4.211345084702,-0.35202322196));
#483 = CARTESIAN_POINT('',(4.21454006267,-0.349596332531));
#484 = CARTESIAN_POINT('',(4.220331961122,-0.345360743473));
#485 = CARTESIAN_POINT('',(4.22291201466,-0.343530094084));
#486 = CARTESIAN_POINT('',(4.225518967706,-0.341735887421));
#487 = CARTESIAN_POINT('',(4.228152098195,-0.33997861299));
#488 = CARTESIAN_POINT('',(4.230810678416,-0.338258743722));
#489 = CARTESIAN_POINT('',(4.242266819298,-0.331077533224));
#490 = CARTESIAN_POINT('',(4.251303893686,-0.325982998056));
#491 = CARTESIAN_POINT('',(4.260579526033,-0.321309161785));
#492 = CARTESIAN_POINT('',(4.270067454637,-0.317069981178));
#493 = CARTESIAN_POINT('',(4.279740828232,-0.313277338452));
#494 = CARTESIAN_POINT('',(4.309697971489,-0.303111323597));
#495 = CARTESIAN_POINT('',(4.330488314471,-0.298193056732));
#496 = CARTESIAN_POINT('',(4.35170356822,-0.295272240229));
#497 = CARTESIAN_POINT('',(4.37310239892,-0.294390544251));
#498 = CARTESIAN_POINT('',(4.394440782865,-0.295552883533));
#499 = CARTESIAN_POINT('',(4.415471233287,-0.298718734242));
#500 = ( GEOMETRIC_REPRESENTATION_CONTEXT(2) 
PARAMETRIC_REPRESENTATION_CONTEXT() REPRESENTATION_CONTEXT('2D SPACE',''
  ) );
#501 = PCURVE('',#502,#507);
#502 = CYLINDRICAL_SURFACE('',#503,1.);
#503 = AXIS2_PLACEMENT_3D('',#504,#505,#506);
#504 = CARTESIAN_POINT('',(4.882117818245,66.80847955711,8.456076109737)
  );
#505 = DIRECTION('',(0.286788218176,0.819152044289,0.496731764892));
#506 = DIRECTION('',(1.387778780781E-17,-0.518512392704,0.855070113273)
  );
#507 = DEFINITIONAL_REPRESENTATION('',(#508),#626);
#508 = B_SPLINE_CURVE_WITH_KNOTS('',6,(#509,#510,#511,#512,#513,#514,
    #515,#516,#517,#518,#519,#520,#521,#522,#523,#524,#525,#526,#527,
    #528,#529,#530,#531,#532,#533,#534,#535,#536,#537,#538,#539,#540,
    #541,#542,#543,#544,#545,#546,#547,#548,#549,#550,#551,#552,#553,
    #554,#555,#556,#557,#558,#559,#560,#561,#562,#563,#564,#565,#566,
    #567,#568,#569,#570,#571,#572,#573,#574,#575,#576,#577,#578,#579,
    #580,#581,#582,#583,#584,#585,#586,#587,#588,#589,#590,#591,#592,
    #593,#594,#595,#596,#597,#598,#599,#600,#601,#602,#603,#604,#605,
    #606,#607,#608,#609,#610,#611,#612,#613,#614,#615,#616,#617,#618,
    #619,#620,#621,#622,#623,#624,#625),.UNSPECIFIED.,.F.,.F.,(7,5,5,5,5
    ,5,5,5,5,5,5,5,5,5,5,5,5,5,5,5,5,5,5,7),(0.,3.262161635966E-02,
    0.125454247021,0.151541562187,0.184143143342,0.228266736635,
    0.264863818961,0.325565578,0.379889441872,0.404606926835,
    0.472394077601,0.54068751713,0.564900965811,0.619728647677,
    0.680430339225,0.717027412779,0.761151008649,0.793752593253,
    0.819839909889,0.840411760548,0.856971045316,0.870018445235,
    0.912675976229,1.),.UNSPECIFIED.);
#509 = CARTESIAN_POINT('',(0.,1.112517806304));
#510 = CARTESIAN_POINT('',(3.420550073915E-02,1.112517805914));
#511 = CARTESIAN_POINT('',(6.841002633353E-02,1.112517806182));
#512 = CARTESIAN_POINT('',(0.102614497856,1.112517806472));
#513 = CARTESIAN_POINT('',(0.136819361188,1.112517806494));
#514 = CARTESIAN_POINT('',(0.171024587017,1.112517806304));
#515 = CARTESIAN_POINT('',(0.30256843781,1.112517806304));
#516 = CARTESIAN_POINT('',(0.399922138081,1.112517806304));
#517 = CARTESIAN_POINT('',(0.497262844113,1.112517806304));
#518 = CARTESIAN_POINT('',(0.594608639141,1.112517806304));
#519 = CARTESIAN_POINT('',(0.69197788484,1.112517806304));
#520 = CARTESIAN_POINT('',(0.816706427371,1.112517806304));
#521 = CARTESIAN_POINT('',(0.844068849796,1.112517806304));
#522 = CARTESIAN_POINT('',(0.871432221934,1.112517806304));
#523 = CARTESIAN_POINT('',(0.898796605252,1.112517806304));
#524 = CARTESIAN_POINT('',(0.926162055858,1.112517806304));
#525 = CARTESIAN_POINT('',(0.987728901655,1.112517806304));
#526 = CARTESIAN_POINT('',(1.021930956145,1.112517806304));
#527 = CARTESIAN_POINT('',(1.056134885923,1.112517806304));
#528 = CARTESIAN_POINT('',(1.090340748195,1.112517806304));
#529 = CARTESIAN_POINT('',(1.124548559427,1.112517806304));
#530 = CARTESIAN_POINT('',(1.205058395547,1.112517806304));
#531 = CARTESIAN_POINT('',(1.25136237764,1.112517806304));
#532 = CARTESIAN_POINT('',(1.29766947965,1.112517806304));
#533 = CARTESIAN_POINT('',(1.343979786254,1.112517806304));
#534 = CARTESIAN_POINT('',(1.390293080556,1.112517806304));
#535 = CARTESIAN_POINT('',(1.475022060215,1.112517806304));
#536 = CARTESIAN_POINT('',(1.513437598763,1.112517806304));
#537 = CARTESIAN_POINT('',(1.551853711456,1.112517806304));
#538 = CARTESIAN_POINT('',(1.590269592191,1.112517806304));
#539 = CARTESIAN_POINT('',(1.628684228812,1.112517806304));
#540 = CARTESIAN_POINT('',(1.730808764868,1.112517806304));
#541 = CARTESIAN_POINT('',(1.794516690056,1.112517806304));
#542 = CARTESIAN_POINT('',(1.858209909156,1.112517806304));
#543 = CARTESIAN_POINT('',(1.921883330331,1.112517806304));
#544 = CARTESIAN_POINT('',(1.98553087757,1.112517806304));
#545 = CARTESIAN_POINT('',(2.106064480612,1.112517806304));
#546 = CARTESIAN_POINT('',(2.162961393313,1.112517806304));
#547 = CARTESIAN_POINT('',(2.219820793875,1.112517806304));
#548 = CARTESIAN_POINT('',(2.276638462876,1.112517806304));
#549 = CARTESIAN_POINT('',(2.333411788474,1.112517806304));
#550 = CARTESIAN_POINT('',(2.415946114892,1.112517806304));
#551 = CARTESIAN_POINT('',(2.441746124687,1.112517806304));
#552 = CARTESIAN_POINT('',(2.467536221891,1.112517806304));
#553 = CARTESIAN_POINT('',(2.493316422576,1.112517806304));
#554 = CARTESIAN_POINT('',(2.519086886757,1.112517806304));
#555 = CARTESIAN_POINT('',(2.615496972585,1.112517806304));
#556 = CARTESIAN_POINT('',(2.686076482989,1.112517806304));
#557 = CARTESIAN_POINT('',(2.756589383443,1.112517806304));
#558 = CARTESIAN_POINT('',(2.827054546468,1.112517806304));
#559 = CARTESIAN_POINT('',(2.897496772354,1.112517806304));
#560 = CARTESIAN_POINT('',(3.038902886588,1.112517806304));
#561 = CARTESIAN_POINT('',(3.109870600278,1.112517806304));
#562 = CARTESIAN_POINT('',(3.180861072305,1.112517806304));
#563 = CARTESIAN_POINT('',(3.251899773192,1.112517806304));
#564 = CARTESIAN_POINT('',(3.323006105398,1.112517806304));
#565 = CARTESIAN_POINT('',(3.41941880206,1.112517806304));
#566 = CARTESIAN_POINT('',(3.444663639063,1.112517806304));
#567 = CARTESIAN_POINT('',(3.469917814501,1.112517806304));
#568 = CARTESIAN_POINT('',(3.495181481288,1.112517806304));
#569 = CARTESIAN_POINT('',(3.520454659458,1.112517806304));
#570 = CARTESIAN_POINT('',(3.602985796269,1.112517806304));
#571 = CARTESIAN_POINT('',(3.660284144442,1.112517806304));
#572 = CARTESIAN_POINT('',(3.717627726509,1.112517806304));
#573 = CARTESIAN_POINT('',(3.775013915781,1.112517806304));
#574 = CARTESIAN_POINT('',(3.832438406494,1.112517806304));
#575 = CARTESIAN_POINT('',(3.953500104875,1.112517806304));
#576 = CARTESIAN_POINT('',(4.01714767851,1.112517806304));
#577 = CARTESIAN_POINT('',(4.08082110637,1.112517806304));
#578 = CARTESIAN_POINT('',(4.144514313743,1.112517806304));
#579 = CARTESIAN_POINT('',(4.20822221123,1.112517806304));
#580 = CARTESIAN_POINT('',(4.310346716647,1.112517806304));
#581 = CARTESIAN_POINT('',(4.348761358039,1.112517806304));
#582 = CARTESIAN_POINT('',(4.387177239603,1.112517806304));
#583 = CARTESIAN_POINT('',(4.425593349816,1.112517806304));
#584 = CARTESIAN_POINT('',(4.46400888318,1.112517806304));
#585 = CARTESIAN_POINT('',(4.548737860517,1.112517806304));
#586 = CARTESIAN_POINT('',(4.595051156675,1.112517806304));
#587 = CARTESIAN_POINT('',(4.641361462991,1.112517806304));
#588 = CARTESIAN_POINT('',(4.687668563358,1.112517806304));
#589 = CARTESIAN_POINT('',(4.733972543088,1.112517806304));
#590 = CARTESIAN_POINT('',(4.814482376391,1.112517806304));
#591 = CARTESIAN_POINT('',(4.848690187247,1.112517806304));
#592 = CARTESIAN_POINT('',(4.882896049223,1.112517806304));
#593 = CARTESIAN_POINT('',(4.917099978939,1.112517806304));
#594 = CARTESIAN_POINT('',(4.951302033715,1.112517806304));
#595 = CARTESIAN_POINT('',(5.012868879441,1.112517806304));
#596 = CARTESIAN_POINT('',(5.040234329538,1.112517806304));
#597 = CARTESIAN_POINT('',(5.067598712657,1.112517806304));
#598 = CARTESIAN_POINT('',(5.094962084935,1.112517806304));
#599 = CARTESIAN_POINT('',(5.122324507856,1.112517806304));
#600 = CARTESIAN_POINT('',(5.171262722099,1.112517806304));
#601 = CARTESIAN_POINT('',(5.19283885362,1.112517806304));
#602 = CARTESIAN_POINT('',(5.214414475681,1.112517806304));
#603 = CARTESIAN_POINT('',(5.235989620889,1.112517806304));
#604 = CARTESIAN_POINT('',(5.257564321587,1.112517806304));
#605 = CARTESIAN_POINT('',(5.296504805482,1.112517806304));
#606 = CARTESIAN_POINT('',(5.313870736077,1.112517806304));
#607 = CARTESIAN_POINT('',(5.331236418427,1.112517806304));
#608 = CARTESIAN_POINT('',(5.348601868732,1.112517806304));
#609 = CARTESIAN_POINT('',(5.3659671026,1.112517806304));
#610 = CARTESIAN_POINT('',(5.397014400077,1.112517806304));
#611 = CARTESIAN_POINT('',(5.410696540784,1.112517806304));
#612 = CARTESIAN_POINT('',(5.424378564552,1.112517806304));
#613 = CARTESIAN_POINT('',(5.438060478453,1.112517806304));
#614 = CARTESIAN_POINT('',(5.451742289246,1.112517806304));
#615 = CARTESIAN_POINT('',(5.510155378857,1.112517806304));
#616 = CARTESIAN_POINT('',(5.554885821166,1.112517806304));
#617 = CARTESIAN_POINT('',(5.599615508315,1.112517806304));
#618 = CARTESIAN_POINT('',(5.644344581404,1.112517806304));
#619 = CARTESIAN_POINT('',(5.689073144621,1.112517806304));
#620 = CARTESIAN_POINT('',(5.825363982955,1.112517806304));
#621 = CARTESIAN_POINT('',(5.916935544016,1.112517807034));
#622 = CARTESIAN_POINT('',(6.008494532648,1.112517804332));
#623 = CARTESIAN_POINT('',(6.100053340818,1.112517808495));
#624 = CARTESIAN_POINT('',(6.191624233033,1.11251780526));
#625 = CARTESIAN_POINT('',(6.28318530718,1.112517806304));
#626 = ( GEOMETRIC_REPRESENTATION_CONTEXT(2) 
PARAMETRIC_REPRESENTATION_CONTEXT() REPRESENTATION_CONTEXT('2D SPACE',''
  ) );
#627 = FACE_BOUND('',#628,.T.);
#628 = EDGE_LOOP('',(#629));
#629 = ORIENTED_EDGE('',*,*,#630,.F.);
#630 = EDGE_CURVE('',#631,#631,#633,.T.);
#631 = VERTEX_POINT('',#632);
#632 = CARTESIAN_POINT('',(7.717731218817,74.389318416243,
    14.222572703425));
#633 = SURFACE_CURVE('',#634,(#787,#943),.PCURVE_S1.);
#634 = B_SPLINE_CURVE_WITH_KNOTS('',6,(#635,#636,#637,#638,#639,#640,
    #641,#642,#643,#644,#645,#646,#647,#648,#649,#650,#651,#652,#653,
    #654,#655,#656,#657,#658,#659,#660,#661,#662,#663,#664,#665,#666,
    #667,#668,#669,#670,#671,#672,#673,#674,#675,#676,#677,#678,#679,
    #680,#681,#682,#683,#684,#685,#686,#687,#688,#689,#690,#691,#692,
    #693,#694,#695,#696,#697,#698,#699,#700,#701,#702,#703,#704,#705,
    #706,#707,#708,#709,#710,#711,#712,#713,#714,#715,#716,#717,#718,
    #719,#720,#721,#722,#723,#724,#725,#726,#727,#728,#729,#730,#731,
    #732,#733,#734,#735,#736,#737,#738,#739,#740,#741,#742,#743,#744,
    #745,#746,#747,#748,#749,#750,#751,#752,#753,#754,#755,#756,#757,
    #758,#759,#760,#761,#762,#763,#764,#765,#766,#767,#768,#769,#770,
    #771,#772,#773,#774,#775,#776,#777,#778,#779,#780,#781,#782,#783,
    #784,#785,#786),.UNSPECIFIED.,.T.,.F.,(7,5,5,5,5,5,5,5,5,5,5,5,5,5,5
    ,5,5,5,5,5,5,5,5,5,5,5,5,5,5,5,7),(0.,4.54944914321E-02,
    6.818727644526E-02,0.119488024521,0.180190094784,0.216787396666,
    0.26091126782,0.293513055824,0.319600535217,0.340172514224,
    0.356731902304,0.369779383625,0.380318076472,0.394370028984,
    0.41243725551,0.532373713296,0.550440939088,0.564492890729,
    0.575031582708,0.588079062652,0.604638448439,0.625210423653,
    0.651297896739,0.683899675249,0.728023535645,0.764620839513,
    0.825322966011,0.879647158733,0.904364793325,0.972152354442,1.),
  .UNSPECIFIED.);
#635 = CARTESIAN_POINT('',(7.717731218817,74.389318416243,
    14.222572703425));
#636 = CARTESIAN_POINT('',(7.763046444822,74.377718782387,
    14.215538708735));
#637 = CARTESIAN_POINT('',(7.808376917491,74.367507456012,
    14.206206473734));
#638 = CARTESIAN_POINT('',(7.853546599016,74.358731205843,14.19460051364
    ));
#639 = CARTESIAN_POINT('',(7.898377717806,74.351429385524,
    14.180758565987));
#640 = CARTESIAN_POINT('',(7.942691657889,74.34563284317,14.164732881165
    ));
#641 = CARTESIAN_POINT('',(8.008066728901,74.339232936352,
    14.137542545595));
#642 = CARTESIAN_POINT('',(8.029650693555,74.337482821701,
    14.127967122587));
#643 = CARTESIAN_POINT('',(8.051039684983,74.336115127414,
    14.117873624398));
#644 = CARTESIAN_POINT('',(8.072211858078,74.335131858042,
    14.107271357636));
#645 = CARTESIAN_POINT('',(8.093145579908,74.334534382238,
    14.096170555056));
#646 = CARTESIAN_POINT('',(8.160556044905,74.333846546996,
    14.058385402536));
#647 = CARTESIAN_POINT('',(8.205965617425,74.335345027401,
    14.029697054648));
#648 = CARTESIAN_POINT('',(8.249799306174,74.338827197415,
    13.998647274328));
#649 = CARTESIAN_POINT('',(8.291819497805,74.344283790161,
    13.965388529558));
#650 = CARTESIAN_POINT('',(8.331802922103,74.351687352196,
    13.930094998468));
#651 = CARTESIAN_POINT('',(8.414200961036,74.372001037861,
    13.849023509282));
#652 = CARTESIAN_POINT('',(8.455720795761,74.385672301663,
    13.802506969081));
#653 = CARTESIAN_POINT('',(8.493761830656,74.401928747077,
    13.753735735144));
#654 = CARTESIAN_POINT('',(8.528027469078,74.420659556637,
    13.703063794856));
#655 = CARTESIAN_POINT('',(8.558269620872,74.441721956403,
    13.650869829248));
#656 = CARTESIAN_POINT('',(8.599981486996,74.478943593965,
    13.565405892243));
#657 = CARTESIAN_POINT('',(8.614137328093,74.493728961662,
    13.532850711032));
#658 = CARTESIAN_POINT('',(8.62671721719,74.50926178392,13.499972791319)
  );
#659 = CARTESIAN_POINT('',(8.637685906897,74.525501207606,
    13.466859853412));
#660 = CARTESIAN_POINT('',(8.647015573164,74.542403230994,
    13.433600524045));
#661 = CARTESIAN_POINT('',(8.663933512709,74.581040804746,
    13.360116370538));
#662 = CARTESIAN_POINT('',(8.670769157683,74.603055848282,13.31986516904
    ));
#663 = CARTESIAN_POINT('',(8.675157053003,74.625883395519,
    13.279687290199));
#664 = CARTESIAN_POINT('',(8.677077657929,74.649435830573,
    13.239738501759));
#665 = CARTESIAN_POINT('',(8.676527446144,74.673621036161,
    13.200172748711));
#666 = CARTESIAN_POINT('',(8.671295739688,74.716609428474,
    13.132301837177));
#667 = CARTESIAN_POINT('',(8.667730544336,74.735169013896,
    13.103753901813));
#668 = CARTESIAN_POINT('',(8.66282820249,74.753983103036,13.075558270513
    ));
#669 = CARTESIAN_POINT('',(8.656598365758,74.773012262574,
    13.047774399748));
#670 = CARTESIAN_POINT('',(8.649055312534,74.792216348339,
    13.020460246963));
#671 = CARTESIAN_POINT('',(8.633146416679,74.82702861892,12.972236919182
    ));
#672 = CARTESIAN_POINT('',(8.625246110541,74.842588644098,12.95113838582
    ));
#673 = CARTESIAN_POINT('',(8.616526709292,74.858213680137,
    12.930405548918));
#674 = CARTESIAN_POINT('',(8.606999686994,74.873882737716,
    12.910066397061));
#675 = CARTESIAN_POINT('',(8.59667831207,74.8895747389,12.890148028991)
  );
#676 = CARTESIAN_POINT('',(8.576823921468,74.917644265344,12.85532198023
    ));
#677 = CARTESIAN_POINT('',(8.567585577072,74.930021139625,
    12.840245244515));
#678 = CARTESIAN_POINT('',(8.557869995524,74.942388770841,
    12.825459284381));
#679 = CARTESIAN_POINT('',(8.547685206742,74.954736818738,
    12.810976515693));
#680 = CARTESIAN_POINT('',(8.537039889154,74.967054971943,
    12.796808932273));
#681 = CARTESIAN_POINT('',(8.517011240611,74.989216088995,
    12.771826950475));
#682 = CARTESIAN_POINT('',(8.507786752662,74.999073204344,
    12.760897507041));
#683 = CARTESIAN_POINT('',(8.498274768243,75.008898934266,
    12.750185806953));
#684 = CARTESIAN_POINT('',(8.488480403079,75.018687952246,
    12.739697680515));
#685 = CARTESIAN_POINT('',(8.478409026226,75.028434964995,
    12.729438756972));
#686 = CARTESIAN_POINT('',(8.459916982603,75.045777342317,
    12.711516118994));
#687 = CARTESIAN_POINT('',(8.451599219351,75.053390631145,
    12.703763434593));
#688 = CARTESIAN_POINT('',(8.44311571958,75.060972007044,12.696159065293
    ));
#689 = CARTESIAN_POINT('',(8.434469323453,75.068518917346,
    12.688705580888));
#690 = CARTESIAN_POINT('',(8.425662962033,75.076028828614,
    12.681405466976));
#691 = CARTESIAN_POINT('',(8.409459829653,75.089533205796,
    12.668490507304));
#692 = CARTESIAN_POINT('',(8.402117609931,75.095541406836,
    12.662821516005));
#693 = CARTESIAN_POINT('',(8.394674590243,75.101522505195,
    12.657255416172));
#694 = CARTESIAN_POINT('',(8.387132398882,75.107475186634,12.651793435)
  );
#695 = CARTESIAN_POINT('',(8.379492700304,75.113398147243,
    12.646436761767));
#696 = CARTESIAN_POINT('',(8.361442922473,75.127146224125,
    12.634186082244));
#697 = CARTESIAN_POINT('',(8.35095831635,75.134947216639,12.62737488615)
  );
#698 = CARTESIAN_POINT('',(8.340307409688,75.142690003429,
    12.620755689803));
#699 = CARTESIAN_POINT('',(8.329494340695,75.150371556512,
    12.614331097403));
#700 = CARTESIAN_POINT('',(8.318523352855,75.157988887481,
    12.608103587104));
#701 = CARTESIAN_POINT('',(8.293095451108,75.175246627382,
    12.594324942835));
#702 = CARTESIAN_POINT('',(8.278538227139,75.184843169189,
    12.586904063446));
#703 = CARTESIAN_POINT('',(8.263736371751,75.194322401969,
    12.579817874428));
#704 = CARTESIAN_POINT('',(8.248699386427,75.203678186791,
    12.573071013703));
#705 = CARTESIAN_POINT('',(8.233437025397,75.212904516753,
    12.566667755548));
#706 = CARTESIAN_POINT('',(8.115212807201,75.282344700236,
    12.520411894743));
#707 = CARTESIAN_POINT('',(8.002933351019,75.336754786221,
    12.495509706354));
#708 = CARTESIAN_POINT('',(7.884128801428,75.383444344154,
    12.487106576063));
#709 = CARTESIAN_POINT('',(7.762143279543,75.421041742873,
    12.495533708653));
#710 = CARTESIAN_POINT('',(7.640446231964,75.448533569609,
    12.520459220238));
#711 = CARTESIAN_POINT('',(7.504732223349,75.467982765613,
    12.566740395854));
#712 = CARTESIAN_POINT('',(7.487048770368,75.470288897824,
    12.573146938142));
#713 = CARTESIAN_POINT('',(7.469460815164,75.472353255541,
    12.579897051034));
#714 = CARTESIAN_POINT('',(7.451979728065,75.474174451153,
    12.586986458156));
#715 = CARTESIAN_POINT('',(7.434616764104,75.475751357907,
    12.594410519524));
#716 = CARTESIAN_POINT('',(7.403979392909,75.478118892317,
    12.608194752639));
#717 = CARTESIAN_POINT('',(7.390653909832,75.479006378738,
    12.614424684868));
#718 = CARTESIAN_POINT('',(7.377411851836,75.479745162202,
    12.620851675165));
#719 = CARTESIAN_POINT('',(7.364258399338,75.480334932338,
    12.627473244439));
#720 = CARTESIAN_POINT('',(7.351198675123,75.480775475379,
    12.634286787571));
#721 = CARTESIAN_POINT('',(7.32851729691,75.481285067603,12.646541527376
    ));
#722 = CARTESIAN_POINT('',(7.318852416614,75.481419459268,
    12.651899925569));
#723 = CARTESIAN_POINT('',(7.309245239368,75.481469799775,12.65736361625
    ));
#724 = CARTESIAN_POINT('',(7.299697879254,75.48143607038,12.662931409763
    ));
#725 = CARTESIAN_POINT('',(7.290212428521,75.481318282969,
    12.668602078546));
#726 = CARTESIAN_POINT('',(7.269126658708,75.480866636965,
    12.681520755295));
#727 = CARTESIAN_POINT('',(7.25756042516,75.480488016532,12.68882289997)
  );
#728 = CARTESIAN_POINT('',(7.24609618678,75.479980699533,12.696278389062
    ));
#729 = CARTESIAN_POINT('',(7.234737814331,75.479344838469,
    12.703884736297));
#730 = CARTESIAN_POINT('',(7.223489119498,75.478580657569,
    12.711639371225));
#731 = CARTESIAN_POINT('',(7.198221383084,75.476556099021,
    12.729566371281));
#732 = CARTESIAN_POINT('',(7.184271617017,75.475217526987,
    12.739827689224));
#733 = CARTESIAN_POINT('',(7.170512231217,75.473673342246,
    12.750318163546));
#734 = CARTESIAN_POINT('',(7.156950722875,75.471924334335,
    12.761032163727));
#735 = CARTESIAN_POINT('',(7.143594411844,75.469971476774,
    12.771963858232));
#736 = CARTESIAN_POINT('',(7.11412148658,75.465138055088,12.796950774418
    ));
#737 = CARTESIAN_POINT('',(7.098120232688,75.462147356396,
    12.811121013845));
#738 = CARTESIAN_POINT('',(7.082460380549,75.45884605249,12.825606358741
    ));
#739 = CARTESIAN_POINT('',(7.067155142751,75.455236791931,
    12.840394813117));
#740 = CARTESIAN_POINT('',(7.052217242892,75.451322650338,
    12.855473959049));
#741 = CARTESIAN_POINT('',(7.019197393622,75.441761398531,
    12.890305278329));
#742 = CARTESIAN_POINT('',(7.001346221394,75.435931009541,
    12.910226454376));
#743 = CARTESIAN_POINT('',(6.984130369594,75.429623116499,
    12.930568271945));
#744 = CARTESIAN_POINT('',(6.967573350872,75.422845922369,
    12.951303628635));
#745 = CARTESIAN_POINT('',(6.951697219828,75.41560867999,12.972404532511
    ));
#746 = CARTESIAN_POINT('',(6.917558663668,75.398315185678,
    13.020632849289));
#747 = CARTESIAN_POINT('',(6.899690212427,75.388006227472,
    13.047949534954));
#748 = CARTESIAN_POINT('',(6.882957467321,75.377014966316,13.07573569476
    ));
#749 = CARTESIAN_POINT('',(6.867396616065,75.365363881102,
    13.103933366151));
#750 = CARTESIAN_POINT('',(6.85303978605,75.353077780765,13.132483088371
    ));
#751 = CARTESIAN_POINT('',(6.822151771996,75.322732853928,
    13.200357602845));
#752 = CARTESIAN_POINT('',(6.806645156702,75.304168232171,
    13.239924958556));
#753 = CARTESIAN_POINT('',(6.793464659238,75.284557246401,
    13.279874870901));
#754 = CARTESIAN_POINT('',(6.782664946463,75.263974112867,13.32005338918
    ));
#755 = CARTESIAN_POINT('',(6.774285359009,75.242499517071,
    13.360304742958));
#756 = CARTESIAN_POINT('',(6.763425946085,75.201741195319,13.43378829454
    ));
#757 = CARTESIAN_POINT('',(6.760183493992,75.182708380548,
    13.467047021591));
#758 = CARTESIAN_POINT('',(6.758635465671,75.163171316018,
    13.500159022466));
#759 = CARTESIAN_POINT('',(6.75878753766,75.14318175634,13.533035672147)
  );
#760 = CARTESIAN_POINT('',(6.760637620059,75.122793624566,
    13.565589253638));
#761 = CARTESIAN_POINT('',(6.770044553246,75.067678177187,
    13.651048120545));
#762 = CARTESIAN_POINT('',(6.780557838193,75.032349595787,
    13.703238045272));
#763 = CARTESIAN_POINT('',(6.795670108149,74.996334374944,
    13.753905070383));
#764 = CARTESIAN_POINT('',(6.815276404588,74.959898871269,
    13.802670549483));
#765 = CARTESIAN_POINT('',(6.839213925908,74.923314710506,13.84918054265
    ));
#766 = CARTESIAN_POINT('',(6.892365998354,74.854225722372,
    13.932426673945));
#767 = CARTESIAN_POINT('',(6.920763172448,74.821694379467,
    13.969678451247));
#768 = CARTESIAN_POINT('',(6.952298074302,74.789456324832,
    14.004635003801));
#769 = CARTESIAN_POINT('',(6.98678192739,74.757702156695,14.037091009439
    ));
#770 = CARTESIAN_POINT('',(7.023997967259,74.726615590502,
    14.066868655103));
#771 = CARTESIAN_POINT('',(7.081772145505,74.682610403746,
    14.106080935114));
#772 = CARTESIAN_POINT('',(7.100355037337,74.669023526136,14.1177579901)
  );
#773 = CARTESIAN_POINT('',(7.119431342291,74.655627247572,
    14.128835859191));
#774 = CARTESIAN_POINT('',(7.138977739642,74.642437393563,
    14.139301909028));
#775 = CARTESIAN_POINT('',(7.15897016366,74.629469259182,14.149144811121
    ));
#776 = CARTESIAN_POINT('',(7.235367755459,74.581821342797,
    14.183612022799));
#777 = CARTESIAN_POINT('',(7.294521319048,74.548683017972,
    14.204107554077));
#778 = CARTESIAN_POINT('',(7.356330622403,74.517628221468,
    14.219633881585));
#779 = CARTESIAN_POINT('',(7.420256164179,74.488926430722,
    14.230058095836));
#780 = CARTESIAN_POINT('',(7.485738647362,74.462812458318,
    14.235315881607));
#781 = CARTESIAN_POINT('',(7.57950961923,74.429905989257,14.235442693435
    ));
#782 = CARTESIAN_POINT('',(7.606980716629,74.420794700256,
    14.234607521905));
#783 = CARTESIAN_POINT('',(7.634578491815,74.412167938153,
    14.232900188084));
#784 = CARTESIAN_POINT('',(7.662263029312,74.404038579342,
    14.230322503035));
#785 = CARTESIAN_POINT('',(7.68999411154,74.396418468031,14.226878153806
    ));
#786 = CARTESIAN_POINT('',(7.717731218817,74.389318416243,
    14.222572703425));
#787 = PCURVE('',#376,#788);
#788 = DEFINITIONAL_REPRESENTATION('',(#789),#942);
#789 = B_SPLINE_CURVE_WITH_KNOTS('',6,(#790,#791,#792,#793,#794,#795,
    #796,#797,#798,#799,#800,#801,#802,#803,#804,#805,#806,#807,#808,
    #809,#810,#811,#812,#813,#814,#815,#816,#817,#818,#819,#820,#821,
    #822,#823,#824,#825,#826,#827,#828,#829,#830,#831,#832,#833,#834,
    #835,#836,#837,#838,#839,#840,#841,#842,#843,#844,#845,#846,#847,
    #848,#849,#850,#851,#852,#853,#854,#855,#856,#857,#858,#859,#860,
    #861,#862,#863,#864,#865,#866,#867,#868,#869,#870,#871,#872,#873,
    #874,#875,#876,#877,#878,#879,#880,#881,#882,#883,#884,#885,#886,
    #887,#888,#889,#890,#891,#892,#893,#894,#895,#896,#897,#898,#899,
    #900,#901,#902,#903,#904,#905,#906,#907,#908,#909,#910,#911,#912,
    #913,#914,#915,#916,#917,#918,#919,#920,#921,#922,#923,#924,#925,
    #926,#927,#928,#929,#930,#931,#932,#933,#934,#935,#936,#937,#938,
    #939,#940,#941),.UNSPECIFIED.,.T.,.F.,(7,5,5,5,5,5,5,5,5,5,5,5,5,5,5
    ,5,5,5,5,5,5,5,5,5,5,5,5,5,5,5,7),(0.,4.54944914321E-02,
    6.818727644526E-02,0.119488024521,0.180190094784,0.216787396666,
    0.26091126782,0.293513055824,0.319600535217,0.340172514224,
    0.356731902304,0.369779383625,0.380318076472,0.394370028984,
    0.41243725551,0.532373713296,0.550440939088,0.564492890729,
    0.575031582708,0.588079062652,0.604638448439,0.625210423653,
    0.651297896739,0.683899675249,0.728023535645,0.764620839513,
    0.825322966011,0.879647158733,0.904364793325,0.972152354442,1.),
  .UNSPECIFIED.);
#790 = CARTESIAN_POINT('',(1.182444730798,0.740053049343));
#791 = CARTESIAN_POINT('',(1.168501338636,0.737936255669));
#792 = CARTESIAN_POINT('',(1.154776544723,0.735132755982));
#793 = CARTESIAN_POINT('',(1.14135715342,0.731655829928));
#794 = CARTESIAN_POINT('',(1.128324212517,0.727525873807));
#795 = CARTESIAN_POINT('',(1.115750424486,0.722769629098));
#796 = CARTESIAN_POINT('',(1.097685552646,0.714750706598));
#797 = CARTESIAN_POINT('',(1.091803114083,0.711934189329));
#798 = CARTESIAN_POINT('',(1.086057908351,0.708973870448));
#799 = CARTESIAN_POINT('',(1.080456905649,0.705874041879));
#800 = CARTESIAN_POINT('',(1.075006380071,0.702639276214));
#801 = CARTESIAN_POINT('',(1.057742894091,0.691667634658));
#802 = CARTESIAN_POINT('',(1.046571110033,0.683395803662));
#803 = CARTESIAN_POINT('',(1.036261656217,0.674515111007));
#804 = CARTESIAN_POINT('',(1.026859574678,0.665087225568));
#805 = CARTESIAN_POINT('',(1.018392812776,0.655177315171));
#806 = CARTESIAN_POINT('',(1.001979885096,0.632634596017));
#807 = CARTESIAN_POINT('',(0.994413098225,0.619834884125));
#808 = CARTESIAN_POINT('',(0.988197780623,0.606563944042));
#809 = CARTESIAN_POINT('',(0.983328715415,0.592932621446));
#810 = CARTESIAN_POINT('',(0.979781292558,0.579049851118));
#811 = CARTESIAN_POINT('',(0.97615712831,0.556562881789));
#812 = CARTESIAN_POINT('',(0.975261578112,0.548051529028));
#813 = CARTESIAN_POINT('',(0.974825554811,0.539509824963));
#814 = CARTESIAN_POINT('',(0.974839849603,0.530960044489));
#815 = CARTESIAN_POINT('',(0.975294127997,0.522423780295));
#816 = CARTESIAN_POINT('',(0.977241287891,0.503671624928));
#817 = CARTESIAN_POINT('',(0.97892868511,0.493471243055));
#818 = CARTESIAN_POINT('',(0.981219354174,0.483357507771));
#819 = CARTESIAN_POINT('',(0.984092046344,0.473365315962));
#820 = CARTESIAN_POINT('',(0.987524391223,0.463527924478));
#821 = CARTESIAN_POINT('',(0.994425730551,0.446746440259));
#822 = CARTESIAN_POINT('',(0.997651120369,0.43971757775));
#823 = CARTESIAN_POINT('',(1.001160085091,0.432803310054));
#824 = CARTESIAN_POINT('',(1.004943073304,0.426015898308));
#825 = CARTESIAN_POINT('',(1.008990323087,0.419367090954));
#826 = CARTESIAN_POINT('',(1.016733891254,0.407667744134));
#827 = CARTESIAN_POINT('',(1.020338745784,0.402563299285));
#828 = CARTESIAN_POINT('',(1.024101322295,0.3975605455));
#829 = CARTESIAN_POINT('',(1.028016435208,0.392665016692));
#830 = CARTESIAN_POINT('',(1.032078816666,0.387882024375));
#831 = CARTESIAN_POINT('',(1.039598529544,0.37953765808));
#832 = CARTESIAN_POINT('',(1.043002195682,0.375931801665));
#833 = CARTESIAN_POINT('',(1.046491491533,0.37240158352));
#834 = CARTESIAN_POINT('',(1.050063760165,0.368949406998));
#835 = CARTESIAN_POINT('',(1.053716311124,0.365577583716));
#836 = CARTESIAN_POINT('',(1.06044896714,0.359640655846));
#837 = CARTESIAN_POINT('',(1.063501767457,0.357046479805));
#838 = CARTESIAN_POINT('',(1.066603400579,0.354506962963));
#839 = CARTESIAN_POINT('',(1.069752431112,0.35202322196));
#840 = CARTESIAN_POINT('',(1.07294740908,0.349596332531));
#841 = CARTESIAN_POINT('',(1.078739307532,0.345360743473));
#842 = CARTESIAN_POINT('',(1.08131936107,0.343530094084));
#843 = CARTESIAN_POINT('',(1.083926314116,0.341735887421));
#844 = CARTESIAN_POINT('',(1.086559444605,0.33997861299));
#845 = CARTESIAN_POINT('',(1.089218024826,0.338258743722));
#846 = CARTESIAN_POINT('',(1.094068669893,0.335218147099));
#847 = CARTESIAN_POINT('',(1.096252143615,0.333884259327));
#848 = CARTESIAN_POINT('',(1.098451356137,0.332575313104));
#849 = CARTESIAN_POINT('',(1.10066591865,0.331291541537));
#850 = CARTESIAN_POINT('',(1.102895439988,0.330033170399));
#851 = CARTESIAN_POINT('',(1.108131719239,0.327156706067));
#852 = CARTESIAN_POINT('',(1.11114980722,0.325558540793));
#853 = CARTESIAN_POINT('',(1.114192857597,0.324006440258));
#854 = CARTESIAN_POINT('',(1.117259930286,0.322500898302));
#855 = CARTESIAN_POINT('',(1.120350078091,0.321042384643));
#856 = CARTESIAN_POINT('',(1.127463930254,0.317817107674));
#857 = CARTESIAN_POINT('',(1.131502083363,0.316081350768));
#858 = CARTESIAN_POINT('',(1.13557477712,0.31442502171));
#859 = CARTESIAN_POINT('',(1.139679965232,0.312848998992));
#860 = CARTESIAN_POINT('',(1.143815584015,0.311354092054));
#861 = CARTESIAN_POINT('',(1.175621405356,0.300560724694));
#862 = CARTESIAN_POINT('',(1.204523693679,0.294783863024));
#863 = CARTESIAN_POINT('',(1.234054523675,0.29284041444));
#864 = CARTESIAN_POINT('',(1.263584984708,0.294789424323));
#865 = CARTESIAN_POINT('',(1.292486176264,0.300571719067));
#866 = CARTESIAN_POINT('',(1.324289931517,0.311371049349));
#867 = CARTESIAN_POINT('',(1.328425263797,0.312866731244));
#868 = CARTESIAN_POINT('',(1.332530149628,0.314443522865));
#869 = CARTESIAN_POINT('',(1.336602525426,0.316100614374));
#870 = CARTESIAN_POINT('',(1.340640344997,0.317837126886));
#871 = CARTESIAN_POINT('',(1.347753576646,0.321063734261));
#872 = CARTESIAN_POINT('',(1.350843443584,0.322522825572));
#873 = CARTESIAN_POINT('',(1.353910226101,0.324028940625));
#874 = CARTESIAN_POINT('',(1.356952977053,0.325581609521));
#875 = CARTESIAN_POINT('',(1.359970756407,0.327180338245));
#876 = CARTESIAN_POINT('',(1.365206479513,0.330057779683));
#877 = CARTESIAN_POINT('',(1.367435757336,0.331316566699));
#878 = CARTESIAN_POINT('',(1.369650071213,0.33260075121));
#879 = CARTESIAN_POINT('',(1.37184903,0.333910107371));
#880 = CARTESIAN_POINT('',(1.374032244913,0.335244402003));
#881 = CARTESIAN_POINT('',(1.378882299383,0.338285902117));
#882 = CARTESIAN_POINT('',(1.381540545126,0.340006266335));
#883 = CARTESIAN_POINT('',(1.38417333344,0.341764030756));
#884 = CARTESIAN_POINT('',(1.38677993666,0.343558722314));
#885 = CARTESIAN_POINT('',(1.389359632763,0.345389851375));
#886 = CARTESIAN_POINT('',(1.395150702873,0.349626516664));
#887 = CARTESIAN_POINT('',(1.398345205317,0.352053999378));
#888 = CARTESIAN_POINT('',(1.401493748241,0.354538324781));
#889 = CARTESIAN_POINT('',(1.404594881759,0.357078416878));
#890 = CARTESIAN_POINT('',(1.407647170571,0.359673158778));
#891 = CARTESIAN_POINT('',(1.414378652975,0.365611333706));
#892 = CARTESIAN_POINT('',(1.418030535417,0.36898383294));
#893 = CARTESIAN_POINT('',(1.421602117483,0.372436670046));
#894 = CARTESIAN_POINT('',(1.425090708891,0.375967532946));
#895 = CARTESIAN_POINT('',(1.428493652877,0.37957401783));
#896 = CARTESIAN_POINT('',(1.436011687805,0.387919771347));
#897 = CARTESIAN_POINT('',(1.440073102814,0.392703512229));
#898 = CARTESIAN_POINT('',(1.443987221418,0.397599761779));
#899 = CARTESIAN_POINT('',(1.447748776094,0.402603207597));
#900 = CARTESIAN_POINT('',(1.451352581588,0.407708314901));
#901 = CARTESIAN_POINT('',(1.45909372905,0.419409083283));
#902 = CARTESIAN_POINT('',(1.463139592098,0.426058632634));
#903 = CARTESIAN_POINT('',(1.466921152249,0.432846737188));
#904 = CARTESIAN_POINT('',(1.470428648236,0.439761646873));
#905 = CARTESIAN_POINT('',(1.473652529342,0.446791098952));
#906 = CARTESIAN_POINT('',(1.480550225877,0.463573844059));
#907 = CARTESIAN_POINT('',(1.483980403983,0.473411861974));
#908 = CARTESIAN_POINT('',(1.486850859383,0.483404577401));
#909 = CARTESIAN_POINT('',(1.489139223824,0.493518729622));
#910 = CARTESIAN_POINT('',(1.490824251366,0.50371941797));
#911 = CARTESIAN_POINT('',(1.492766964509,0.522471927736));
#912 = CARTESIAN_POINT('',(1.493219184689,0.531008275516));
#913 = CARTESIAN_POINT('',(1.493231381053,0.539558058947));
#914 = CARTESIAN_POINT('',(1.492793221925,0.548099683336));
#915 = CARTESIAN_POINT('',(1.49189550205,0.556610871926));
#916 = CARTESIAN_POINT('',(1.488265488813,0.579097187812));
#917 = CARTESIAN_POINT('',(1.484714332647,0.59297931773));
#918 = CARTESIAN_POINT('',(1.479841470683,0.606609754661));
#919 = CARTESIAN_POINT('',(1.47362232049,0.619879557706));
#920 = CARTESIAN_POINT('',(1.466051702131,0.632677878734));
#921 = CARTESIAN_POINT('',(1.449188558135,0.655826003352));
#922 = CARTESIAN_POINT('',(1.440160209113,0.666292395616));
#923 = CARTESIAN_POINT('',(1.430084008198,0.676213657436));
#924 = CARTESIAN_POINT('',(1.418994239742,0.68551249207));
#925 = CARTESIAN_POINT('',(1.406946836027,0.694116204469));
#926 = CARTESIAN_POINT('',(1.388142881141,0.705528050902));
#927 = CARTESIAN_POINT('',(1.382081087986,0.708939329788));
#928 = CARTESIAN_POINT('',(1.375845383725,0.712187071317));
#929 = CARTESIAN_POINT('',(1.369444321992,0.715265541461));
#930 = CARTESIAN_POINT('',(1.362887423314,0.718169422802));
#931 = CARTESIAN_POINT('',(1.337804409005,0.728365398058));
#932 = CARTESIAN_POINT('',(1.318330366594,0.734487324156));
#933 = CARTESIAN_POINT('',(1.297977761737,0.739158482827));
#934 = CARTESIAN_POINT('',(1.277016434895,0.742306981114));
#935 = CARTESIAN_POINT('',(1.255746434985,0.743894698978));
#936 = CARTESIAN_POINT('',(1.225733853986,0.743932997021));
#937 = CARTESIAN_POINT('',(1.216993818824,0.743680764098));
#938 = CARTESIAN_POINT('',(1.20827421966,0.743165129375));
#939 = CARTESIAN_POINT('',(1.199595910639,0.742387102842));
#940 = CARTESIAN_POINT('',(1.190979376144,0.741348721497));
#941 = CARTESIAN_POINT('',(1.182444730798,0.740053049343));
#942 = ( GEOMETRIC_REPRESENTATION_CONTEXT(2) 
PARAMETRIC_REPRESENTATION_CONTEXT() REPRESENTATION_CONTEXT('2D SPACE',''
  ) );
#943 = PCURVE('',#502,#944);
#944 = DEFINITIONAL_REPRESENTATION('',(#945),#1098);
#945 = B_SPLINE_CURVE_WITH_KNOTS('',6,(#946,#947,#948,#949,#950,#951,
    #952,#953,#954,#955,#956,#957,#958,#959,#960,#961,#962,#963,#964,
    #965,#966,#967,#968,#969,#970,#971,#972,#973,#974,#975,#976,#977,
    #978,#979,#980,#981,#982,#983,#984,#985,#986,#987,#988,#989,#990,
    #991,#992,#993,#994,#995,#996,#997,#998,#999,#1000,#1001,#1002,#1003
    ,#1004,#1005,#1006,#1007,#1008,#1009,#1010,#1011,#1012,#1013,#1014,
    #1015,#1016,#1017,#1018,#1019,#1020,#1021,#1022,#1023,#1024,#1025,
    #1026,#1027,#1028,#1029,#1030,#1031,#1032,#1033,#1034,#1035,#1036,
    #1037,#1038,#1039,#1040,#1041,#1042,#1043,#1044,#1045,#1046,#1047,
    #1048,#1049,#1050,#1051,#1052,#1053,#1054,#1055,#1056,#1057,#1058,
    #1059,#1060,#1061,#1062,#1063,#1064,#1065,#1066,#1067,#1068,#1069,
    #1070,#1071,#1072,#1073,#1074,#1075,#1076,#1077,#1078,#1079,#1080,
    #1081,#1082,#1083,#1084,#1085,#1086,#1087,#1088,#1089,#1090,#1091,
    #1092,#1093,#1094,#1095,#1096,#1097),.UNSPECIFIED.,.F.,.F.,(7,5,5,5,
    5,5,5,5,5,5,5,5,5,5,5,5,5,5,5,5,5,5,5,5,5,5,5,5,5,5,7),(0.,
    4.54944914321E-02,6.818727644526E-02,0.119488024521,0.180190094784,
    0.216787396666,0.26091126782,0.293513055824,0.319600535217,
    0.340172514224,0.356731902304,0.369779383625,0.380318076472,
    0.394370028984,0.41243725551,0.532373713296,0.550440939088,
    0.564492890729,0.575031582708,0.588079062652,0.604638448439,
    0.625210423653,0.651297896739,0.683899675249,0.728023535645,
    0.764620839513,0.825322966011,0.879647158733,0.904364793325,
    0.972152354442,1.),.UNSPECIFIED.);
#946 = CARTESIAN_POINT('',(0.,9.887482193696));
#947 = CARTESIAN_POINT('',(4.730220179587E-02,9.887482194235));
#948 = CARTESIAN_POINT('',(9.462034295653E-02,9.887482193284));
#949 = CARTESIAN_POINT('',(0.141961066151,9.887482193456));
#950 = CARTESIAN_POINT('',(0.189330148826,9.887482194004));
#951 = CARTESIAN_POINT('',(0.236731167093,9.887482193696));
#952 = CARTESIAN_POINT('',(0.307823874635,9.887482193696));
#953 = CARTESIAN_POINT('',(0.331491725475,9.887482193696));
#954 = CARTESIAN_POINT('',(0.355167874089,9.887482193696));
#955 = CARTESIAN_POINT('',(0.378852383316,9.887482193696));
#956 = CARTESIAN_POINT('',(0.40254521689,9.887482193696));
#957 = CARTESIAN_POINT('',(0.479826273168,9.887482193696));
#958 = CARTESIAN_POINT('',(0.533449309728,9.887482193696));
#959 = CARTESIAN_POINT('',(0.587111466339,9.887482193696));
#960 = CARTESIAN_POINT('',(0.640810241294,9.887482193696));
#961 = CARTESIAN_POINT('',(0.694541915441,9.887482193696));
#962 = CARTESIAN_POINT('',(0.811907451286,9.887482193696));
#963 = CARTESIAN_POINT('',(0.87555502492,9.887482193696));
#964 = CARTESIAN_POINT('',(0.93922845278,9.887482193696));
#965 = CARTESIAN_POINT('',(1.002921660153,9.887482193696));
#966 = CARTESIAN_POINT('',(1.06662955764,9.887482193696));
#967 = CARTESIAN_POINT('',(1.168754063057,9.887482193696));
#968 = CARTESIAN_POINT('',(1.207168704449,9.887482193696));
#969 = CARTESIAN_POINT('',(1.245584586013,9.887482193696));
#970 = CARTESIAN_POINT('',(1.284000696226,9.887482193696));
#971 = CARTESIAN_POINT('',(1.32241622959,9.887482193696));
#972 = CARTESIAN_POINT('',(1.407145206927,9.887482193696));
#973 = CARTESIAN_POINT('',(1.453458503085,9.887482193696));
#974 = CARTESIAN_POINT('',(1.499768809402,9.887482193696));
#975 = CARTESIAN_POINT('',(1.546075909769,9.887482193696));
#976 = CARTESIAN_POINT('',(1.592379889498,9.887482193696));
#977 = CARTESIAN_POINT('',(1.672889722802,9.887482193696));
#978 = CARTESIAN_POINT('',(1.707097533657,9.887482193696));
#979 = CARTESIAN_POINT('',(1.741303395633,9.887482193696));
#980 = CARTESIAN_POINT('',(1.775507325349,9.887482193696));
#981 = CARTESIAN_POINT('',(1.809709380125,9.887482193696));
#982 = CARTESIAN_POINT('',(1.871276225851,9.887482193696));
#983 = CARTESIAN_POINT('',(1.898641675948,9.887482193696));
#984 = CARTESIAN_POINT('',(1.926006059067,9.887482193696));
#985 = CARTESIAN_POINT('',(1.953369431346,9.887482193696));
#986 = CARTESIAN_POINT('',(1.980731854266,9.887482193696));
#987 = CARTESIAN_POINT('',(2.029670068509,9.887482193696));
#988 = CARTESIAN_POINT('',(2.05124620003,9.887482193696));
#989 = CARTESIAN_POINT('',(2.072821822091,9.887482193696));
#990 = CARTESIAN_POINT('',(2.094396967299,9.887482193696));
#991 = CARTESIAN_POINT('',(2.115971667997,9.887482193696));
#992 = CARTESIAN_POINT('',(2.154912151892,9.887482193696));
#993 = CARTESIAN_POINT('',(2.172278082487,9.887482193696));
#994 = CARTESIAN_POINT('',(2.189643764837,9.887482193696));
#995 = CARTESIAN_POINT('',(2.207009215142,9.887482193696));
#996 = CARTESIAN_POINT('',(2.22437444901,9.887482193696));
#997 = CARTESIAN_POINT('',(2.255421746487,9.887482193696));
#998 = CARTESIAN_POINT('',(2.269103887194,9.887482193696));
#999 = CARTESIAN_POINT('',(2.282785910962,9.887482193696));
#1000 = CARTESIAN_POINT('',(2.296467824863,9.887482193696));
#1001 = CARTESIAN_POINT('',(2.310149635656,9.887482193696));
#1002 = CARTESIAN_POINT('',(2.334882324255,9.887482193696));
#1003 = CARTESIAN_POINT('',(2.345933235901,9.887482193696));
#1004 = CARTESIAN_POINT('',(2.356984088142,9.887482193696));
#1005 = CARTESIAN_POINT('',(2.368034884245,9.887482193696));
#1006 = CARTESIAN_POINT('',(2.37908562733,9.887482193696));
#1007 = CARTESIAN_POINT('',(2.404870957393,9.887482193696));
#1008 = CARTESIAN_POINT('',(2.419605505966,9.887482193696));
#1009 = CARTESIAN_POINT('',(2.434339973042,9.887482193696));
#1010 = CARTESIAN_POINT('',(2.449074365108,9.887482193696));
#1011 = CARTESIAN_POINT('',(2.463808688181,9.887482193696));
#1012 = CARTESIAN_POINT('',(2.497487447238,9.887482193696));
#1013 = CARTESIAN_POINT('',(2.51643184372,9.887482193696));
#1014 = CARTESIAN_POINT('',(2.535376148713,9.887482193696));
#1015 = CARTESIAN_POINT('',(2.5543203725,9.887482193696));
#1016 = CARTESIAN_POINT('',(2.573264524176,9.887482193696));
#1017 = CARTESIAN_POINT('',(2.717965973751,9.887482193696));
#1018 = CARTESIAN_POINT('',(2.843770130588,9.887482193696));
#1019 = CARTESIAN_POINT('',(2.969515465335,9.887482193696));
#1020 = CARTESIAN_POINT('',(3.095260800485,9.887482193696));
#1021 = CARTESIAN_POINT('',(3.22106495846,9.887482193696));
#1022 = CARTESIAN_POINT('',(3.365766411721,9.887482193696));
#1023 = CARTESIAN_POINT('',(3.384710563277,9.887482193696));
#1024 = CARTESIAN_POINT('',(3.403654787015,9.887482193696));
#1025 = CARTESIAN_POINT('',(3.422599092039,9.887482193696));
#1026 = CARTESIAN_POINT('',(3.441543488636,9.887482193696));
#1027 = CARTESIAN_POINT('',(3.47522224775,9.887482193696));
#1028 = CARTESIAN_POINT('',(3.489956570727,9.887482193696));
#1029 = CARTESIAN_POINT('',(3.504690962756,9.887482193696));
#1030 = CARTESIAN_POINT('',(3.51942542986,9.887482193696));
#1031 = CARTESIAN_POINT('',(3.534159978526,9.887482193696));
#1032 = CARTESIAN_POINT('',(3.55994530865,9.887482193696));
#1033 = CARTESIAN_POINT('',(3.57099605167,9.887482193696));
#1034 = CARTESIAN_POINT('',(3.58204684775,9.887482193696));
#1035 = CARTESIAN_POINT('',(3.593097700011,9.887482193696));
#1036 = CARTESIAN_POINT('',(3.60414861172,9.887482193696));
#1037 = CARTESIAN_POINT('',(3.628881300245,9.887482193696));
#1038 = CARTESIAN_POINT('',(3.642563110926,9.887482193696));
#1039 = CARTESIAN_POINT('',(3.656245024786,9.887482193696));
#1040 = CARTESIAN_POINT('',(3.669927048588,9.887482193696));
#1041 = CARTESIAN_POINT('',(3.683609189406,9.887482193696));
#1042 = CARTESIAN_POINT('',(3.71465648674,9.887482193696));
#1043 = CARTESIAN_POINT('',(3.732021720403,9.887482193696));
#1044 = CARTESIAN_POINT('',(3.749387170635,9.887482193696));
#1045 = CARTESIAN_POINT('',(3.766752853048,9.887482193696));
#1046 = CARTESIAN_POINT('',(3.784118783846,9.887482193696));
#1047 = CARTESIAN_POINT('',(3.823059267526,9.887482193696));
#1048 = CARTESIAN_POINT('',(3.844633967884,9.887482193696));
#1049 = CARTESIAN_POINT('',(3.866209112977,9.887482193696));
#1050 = CARTESIAN_POINT('',(3.88778473515,9.887482193696));
#1051 = CARTESIAN_POINT('',(3.90936086701,9.887482193696));
#1052 = CARTESIAN_POINT('',(3.958299080961,9.887482193696));
#1053 = CARTESIAN_POINT('',(3.985661503386,9.887482193696));
#1054 = CARTESIAN_POINT('',(4.013024875524,9.887482193696));
#1055 = CARTESIAN_POINT('',(4.040389258841,9.887482193696));
#1056 = CARTESIAN_POINT('',(4.067754709448,9.887482193696));
#1057 = CARTESIAN_POINT('',(4.129321555245,9.887482193696));
#1058 = CARTESIAN_POINT('',(4.163523609735,9.887482193696));
#1059 = CARTESIAN_POINT('',(4.197727539513,9.887482193696));
#1060 = CARTESIAN_POINT('',(4.231933401785,9.887482193696));
#1061 = CARTESIAN_POINT('',(4.266141213017,9.887482193696));
#1062 = CARTESIAN_POINT('',(4.346651049137,9.887482193696));
#1063 = CARTESIAN_POINT('',(4.39295503123,9.887482193696));
#1064 = CARTESIAN_POINT('',(4.43926213324,9.887482193696));
#1065 = CARTESIAN_POINT('',(4.485572439844,9.887482193696));
#1066 = CARTESIAN_POINT('',(4.531885734146,9.887482193696));
#1067 = CARTESIAN_POINT('',(4.616614713805,9.887482193696));
#1068 = CARTESIAN_POINT('',(4.655030252353,9.887482193696));
#1069 = CARTESIAN_POINT('',(4.693446365046,9.887482193696));
#1070 = CARTESIAN_POINT('',(4.73186224578,9.887482193696));
#1071 = CARTESIAN_POINT('',(4.770276882401,9.887482193696));
#1072 = CARTESIAN_POINT('',(4.872401418458,9.887482193696));
#1073 = CARTESIAN_POINT('',(4.936109343646,9.887482193696));
#1074 = CARTESIAN_POINT('',(4.999802562746,9.887482193696));
#1075 = CARTESIAN_POINT('',(5.063475983921,9.887482193696));
#1076 = CARTESIAN_POINT('',(5.12712353116,9.887482193696));
#1077 = CARTESIAN_POINT('',(5.247657134201,9.887482193696));
#1078 = CARTESIAN_POINT('',(5.304554046902,9.887482193696));
#1079 = CARTESIAN_POINT('',(5.361413447465,9.887482193696));
#1080 = CARTESIAN_POINT('',(5.418231116466,9.887482193696));
#1081 = CARTESIAN_POINT('',(5.475004442064,9.887482193696));
#1082 = CARTESIAN_POINT('',(5.557538768482,9.887482193696));
#1083 = CARTESIAN_POINT('',(5.583338778277,9.887482193696));
#1084 = CARTESIAN_POINT('',(5.609128875481,9.887482193696));
#1085 = CARTESIAN_POINT('',(5.634909076166,9.887482193696));
#1086 = CARTESIAN_POINT('',(5.660679540347,9.887482193696));
#1087 = CARTESIAN_POINT('',(5.757089626175,9.887482193696));
#1088 = CARTESIAN_POINT('',(5.827669136579,9.887482193696));
#1089 = CARTESIAN_POINT('',(5.898182037033,9.887482193696));
#1090 = CARTESIAN_POINT('',(5.968647200058,9.887482193696));
#1091 = CARTESIAN_POINT('',(6.039089425944,9.887482193696));
#1092 = CARTESIAN_POINT('',(6.138466721904,9.887482193696));
#1093 = CARTESIAN_POINT('',(6.167403946342,9.887482193531));
#1094 = CARTESIAN_POINT('',(6.196342821506,9.887482193548));
#1095 = CARTESIAN_POINT('',(6.225284983229,9.887482193795));
#1096 = CARTESIAN_POINT('',(6.254231986844,9.887482194026));
#1097 = CARTESIAN_POINT('',(6.28318530718,9.887482193696));
#1098 = ( GEOMETRIC_REPRESENTATION_CONTEXT(2) 
PARAMETRIC_REPRESENTATION_CONTEXT() REPRESENTATION_CONTEXT('2D SPACE',''
  ) );
#1099 = ADVANCED_FACE('',(#1100),#502,.F.);
#1100 = FACE_BOUND('',#1101,.F.);
#1101 = EDGE_LOOP('',(#1102,#1103,#1124,#1125));
#1102 = ORIENTED_EDGE('',*,*,#630,.F.);
#1103 = ORIENTED_EDGE('',*,*,#1104,.F.);
#1104 = EDGE_CURVE('',#254,#631,#1105,.T.);
#1105 = SEAM_CURVE('',#1106,(#1110,#1117),.PCURVE_S1.);
#1106 = LINE('',#1107,#1108);
#1107 = CARTESIAN_POINT('',(4.882117818245,66.289967164406,9.31114622301
    ));
#1108 = VECTOR('',#1109,1.);
#1109 = DIRECTION('',(0.286788218176,0.819152044289,0.496731764892));
#1110 = PCURVE('',#502,#1111);
#1111 = DEFINITIONAL_REPRESENTATION('',(#1112),#1116);
#1112 = LINE('',#1113,#1114);
#1113 = CARTESIAN_POINT('',(6.28318530718,-0.));
#1114 = VECTOR('',#1115,1.);
#1115 = DIRECTION('',(0.,1.));
#1116 = ( GEOMETRIC_REPRESENTATION_CONTEXT(2) 
PARAMETRIC_REPRESENTATION_CONTEXT() REPRESENTATION_CONTEXT('2D SPACE',''
  ) );
#1117 = PCURVE('',#502,#1118);
#1118 = DEFINITIONAL_REPRESENTATION('',(#1119),#1123);
#1119 = LINE('',#1120,#1121);
#1120 = CARTESIAN_POINT('',(0.,-0.));
#1121 = VECTOR('',#1122,1.);
#1122 = DIRECTION('',(0.,1.));
#1123 = ( GEOMETRIC_REPRESENTATION_CONTEXT(2) 
PARAMETRIC_REPRESENTATION_CONTEXT() REPRESENTATION_CONTEXT('2D SPACE',''
  ) );
#1124 = ORIENTED_EDGE('',*,*,#253,.T.);
#1125 = ORIENTED_EDGE('',*,*,#1104,.T.);
#1126 = ( GEOMETRIC_REPRESENTATION_CONTEXT(3) 
GLOBAL_UNCERTAINTY_ASSIGNED_CONTEXT((#1130)) 
GLOBAL_UNIT_ASSIGNED_CONTEXT((#1127,#1128,#1129)) REPRESENTATION_CONTEXT
('Context #1','3D Context with UNIT and UNCERTAINTY') );
#1127 = ( LENGTH_UNIT() NAMED_UNIT(*) SI_UNIT(.MILLI.,.METRE.) );
#1128 = ( NAMED_UNIT(*) PLANE_ANGLE_UNIT() SI_UNIT($,.RADIAN.) );
#1129 = ( NAMED_UNIT(*) SI_UNIT($,.STERADIAN.) SOLID_ANGLE_UNIT() );
#1130 = UNCERTAINTY_MEASURE_WITH_UNIT(LENGTH_MEASURE(2.E-07),#1127,
  'distance_accuracy_value','confusion accuracy');
#1131 = SHAPE_DEFINITION_REPRESENTATION(#1132,#242);
#1132 = PRODUCT_DEFINITION_SHAPE('','',#1133);
#1133 = PRODUCT_DEFINITION('design','',#1134,#1137);
#1134 = PRODUCT_DEFINITION_FORMATION('','',#1135);
#1135 = PRODUCT('Open CASCADE STEP translator 7.5 3.2',
  'Open CASCADE STEP translator 7.5 3.2','',(#1136));
#1136 = PRODUCT_CONTEXT('',#2,'mechanical');
#1137 = PRODUCT_DEFINITION_CONTEXT('part definition',#2,'design');
#1138 = CONTEXT_DEPENDENT_SHAPE_REPRESENTATION(#1139,#1141);
#1139 = ( REPRESENTATION_RELATIONSHIP('','',#242,#10) 
REPRESENTATION_RELATIONSHIP_WITH_TRANSFORMATION(#1140) 
SHAPE_REPRESENTATION_RELATIONSHIP() );
#1140 = ITEM_DEFINED_TRANSFORMATION('','',#11,#19);
#1141 = PRODUCT_DEFINITION_SHAPE('Placement','Placement of an item',
  #1142);
#1142 = NEXT_ASSEMBLY_USAGE_OCCURRENCE('2','','',#5,#1133,$);
#1143 = PRODUCT_RELATED_PRODUCT_CATEGORY('part',$,(#1135));
#1144 = ADVANCED_BREP_SHAPE_REPRESENTATION('',(#11,#1145),#2013);
#1145 = MANIFOLD_SOLID_BREP('',#1146);
#1146 = CLOSED_SHELL('',(#1147,#1986));
#1147 = ADVANCED_FACE('',(#1148,#1152,#1514),#1273,.T.);
#1148 = FACE_BOUND('',#1149,.T.);
#1149 = VERTEX_LOOP('',#1150);
#1150 = VERTEX_POINT('',#1151);
#1151 = CARTESIAN_POINT('',(-6.45945301821,71.3138158007,15.688100816644
    ));
#1152 = FACE_BOUND('',#1153,.T.);
#1153 = EDGE_LOOP('',(#1154));
#1154 = ORIENTED_EDGE('',*,*,#1155,.T.);
#1155 = EDGE_CURVE('',#1156,#1156,#1158,.T.);
#1156 = VERTEX_POINT('',#1157);
#1157 = CARTESIAN_POINT('',(-5.201174817603,67.201288399748,
    9.863769156409));
#1158 = SURFACE_CURVE('',#1159,(#1272,#1393),.PCURVE_S1.);
#1159 = B_SPLINE_CURVE_WITH_KNOTS('',6,(#1160,#1161,#1162,#1163,#1164,
    #1165,#1166,#1167,#1168,#1169,#1170,#1171,#1172,#1173,#1174,#1175,
    #1176,#1177,#1178,#1179,#1180,#1181,#1182,#1183,#1184,#1185,#1186,
    #1187,#1188,#1189,#1190,#1191,#1192,#1193,#1194,#1195,#1196,#1197,
    #1198,#1199,#1200,#1201,#1202,#1203,#1204,#1205,#1206,#1207,#1208,
    #1209,#1210,#1211,#1212,#1213,#1214,#1215,#1216,#1217,#1218,#1219,
    #1220,#1221,#1222,#1223,#1224,#1225,#1226,#1227,#1228,#1229,#1230,
    #1231,#1232,#1233,#1234,#1235,#1236,#1237,#1238,#1239,#1240,#1241,
    #1242,#1243,#1244,#1245,#1246,#1247,#1248,#1249,#1250,#1251,#1252,
    #1253,#1254,#1255,#1256,#1257,#1258,#1259,#1260,#1261,#1262,#1263,
    #1264,#1265,#1266,#1267,#1268,#1269,#1270,#1271),.UNSPECIFIED.,.T.,
  .F.,(7,5,5,5,5,5,5,5,5,5,5,5,5,5,5,5,5,5,5,5,5,5,7),(0.,
    8.732381343118E-02,0.143028556208,0.159587844795,0.1801597002,
    0.206247022852,0.238848614975,0.282972221021,0.319569303015,
    0.380271008563,0.435098703074,0.45931215734,0.527605612619,
    0.595392779019,0.620110269684,0.674434146085,0.735135919123,
    0.77173300989,0.815856613359,0.848458202033,0.874545523216,
    0.967378175287,1.),.UNSPECIFIED.);
#1160 = CARTESIAN_POINT('',(-5.201174817603,67.201288399748,
    9.863769156409));
#1161 = CARTESIAN_POINT('',(-5.113458952796,67.223741611067,
    9.877384717272));
#1162 = CARTESIAN_POINT('',(-5.025734748935,67.251413359965,
    9.882399298233));
#1163 = CARTESIAN_POINT('',(-4.939346873485,67.283961209757,
    9.878601238463));
#1164 = CARTESIAN_POINT('',(-4.855604011445,67.320913120009,
    9.866013430678));
#1165 = CARTESIAN_POINT('',(-4.775755268579,67.361696543304,
    9.844858861283));
#1166 = CARTESIAN_POINT('',(-4.653225625141,67.4336655616,9.796918479711
    ));
#1167 = CARTESIAN_POINT('',(-4.607551086081,67.462981998324,
    9.77494344173));
#1168 = CARTESIAN_POINT('',(-4.564217852318,67.493412332354,
    9.749779741088));
#1169 = CARTESIAN_POINT('',(-4.523496826707,67.524772078248,
    9.72157520381));
#1170 = CARTESIAN_POINT('',(-4.485632401959,67.556867350876,
    9.690508462422));
#1171 = CARTESIAN_POINT('',(-4.440497010194,67.599196636404,
    9.646762876316));
#1172 = CARTESIAN_POINT('',(-4.430425633341,67.608943649153,
    9.636503952773));
#1173 = CARTESIAN_POINT('',(-4.420631268177,67.618732667133,
    9.626015826336));
#1174 = CARTESIAN_POINT('',(-4.411119283758,67.628558397055,
    9.615304126247));
#1175 = CARTESIAN_POINT('',(-4.401894795809,67.638415512404,
    9.604374682813));
#1176 = CARTESIAN_POINT('',(-4.381866147267,67.660576629456,
    9.579392701015));
#1177 = CARTESIAN_POINT('',(-4.371220829678,67.672894782661,
    9.565225117595));
#1178 = CARTESIAN_POINT('',(-4.361036040896,67.685242830558,
    9.550742348908));
#1179 = CARTESIAN_POINT('',(-4.351320459349,67.697610461774,
    9.535956388773));
#1180 = CARTESIAN_POINT('',(-4.342082114952,67.709987336055,
    9.520879653058));
#1181 = CARTESIAN_POINT('',(-4.32222772435,67.738056862499,
    9.486053604297));
#1182 = CARTESIAN_POINT('',(-4.311906349427,67.753748863683,
    9.466135236228));
#1183 = CARTESIAN_POINT('',(-4.302379327128,67.769417921262,
    9.44579608437));
#1184 = CARTESIAN_POINT('',(-4.293659925879,67.785042957301,
    9.425063247468));
#1185 = CARTESIAN_POINT('',(-4.285759619741,67.800602982479,
    9.403964714106));
#1186 = CARTESIAN_POINT('',(-4.269850723886,67.83541525306,
    9.355741386325));
#1187 = CARTESIAN_POINT('',(-4.262307670662,67.854619338825,
    9.32842723354));
#1188 = CARTESIAN_POINT('',(-4.25607783393,67.873648498363,
    9.300643362775));
#1189 = CARTESIAN_POINT('',(-4.251175492085,67.892462587503,
    9.272447731475));
#1190 = CARTESIAN_POINT('',(-4.247610296733,67.911022172925,
    9.243899796112));
#1191 = CARTESIAN_POINT('',(-4.242378590276,67.954010565238,
    9.176028884577));
#1192 = CARTESIAN_POINT('',(-4.241828378492,67.978195770826,
    9.136463131529));
#1193 = CARTESIAN_POINT('',(-4.243748983417,68.00174820588,
    9.096514343089));
#1194 = CARTESIAN_POINT('',(-4.248136878737,68.024575753117,
    9.056336464249));
#1195 = CARTESIAN_POINT('',(-4.254972523711,68.046590796653,
    9.01608526275));
#1196 = CARTESIAN_POINT('',(-4.271890463257,68.085228370405,
    8.942601109243));
#1197 = CARTESIAN_POINT('',(-4.281220129524,68.102130393793,
    8.909341779876));
#1198 = CARTESIAN_POINT('',(-4.292188819231,68.118369817479,
    8.876228841969));
#1199 = CARTESIAN_POINT('',(-4.304768708327,68.133902639737,
    8.843350922256));
#1200 = CARTESIAN_POINT('',(-4.318924549425,68.148688007434,
    8.810795741045));
#1201 = CARTESIAN_POINT('',(-4.360636415548,68.185909644996,
    8.72533180404));
#1202 = CARTESIAN_POINT('',(-4.390878567342,68.206972044762,
    8.673137838432));
#1203 = CARTESIAN_POINT('',(-4.425144205764,68.225702854322,
    8.622465898144));
#1204 = CARTESIAN_POINT('',(-4.46318524066,68.241959299736,
    8.573694664207));
#1205 = CARTESIAN_POINT('',(-4.504705075384,68.255630563538,
    8.527178124006));
#1206 = CARTESIAN_POINT('',(-4.589698054496,68.276583982864,
    8.44355347133));
#1207 = CARTESIAN_POINT('',(-4.632595605061,68.284356953389,
    8.405968283294));
#1208 = CARTESIAN_POINT('',(-4.677803378825,68.289902345729,
    8.370722749196));
#1209 = CARTESIAN_POINT('',(-4.725047276564,68.293188239941,
    8.33802775894));
#1210 = CARTESIAN_POINT('',(-4.7740350208,68.294206407314,8.308065628835
    ));
#1211 = CARTESIAN_POINT('',(-4.846729862232,68.292425988236,
    8.269031301884));
#1212 = CARTESIAN_POINT('',(-4.869279893755,68.29144111839,
    8.257636167503));
#1213 = CARTESIAN_POINT('',(-4.892084433069,68.290018060282,
    8.246816701913));
#1214 = CARTESIAN_POINT('',(-4.915117054693,68.288158891112,
    8.236584736397));
#1215 = CARTESIAN_POINT('',(-4.93835110402,68.285866497022,8.22695090051
    ));
#1216 = CARTESIAN_POINT('',(-5.027783061938,68.27546745326,
    8.192466224648));
#1217 = CARTESIAN_POINT('',(-5.095196630993,68.264372946971,
    8.171840747143));
#1218 = CARTESIAN_POINT('',(-5.163394731344,68.249944522518,
    8.156260228957));
#1219 = CARTESIAN_POINT('',(-5.231774294945,68.232311168395,
    8.145860138823));
#1220 = CARTESIAN_POINT('',(-5.299738635221,68.211642473079,
    8.140705308375));
#1221 = CARTESIAN_POINT('',(-5.433167389058,68.164819143081,
    8.140885751682));
#1222 = CARTESIAN_POINT('',(-5.498649872242,68.138705170677,
    8.146143537453));
#1223 = CARTESIAN_POINT('',(-5.562575414017,68.110003379931,
    8.156567751704));
#1224 = CARTESIAN_POINT('',(-5.624384717372,68.078948583427,
    8.172094079211));
#1225 = CARTESIAN_POINT('',(-5.683538280962,68.045810258602,
    8.192589610489));
#1226 = CARTESIAN_POINT('',(-5.759935872761,67.998162342217,
    8.227056822167));
#1227 = CARTESIAN_POINT('',(-5.779928296778,67.985194207835,
    8.236899724261));
#1228 = CARTESIAN_POINT('',(-5.79947469413,67.972004353827,
    8.247365774098));
#1229 = CARTESIAN_POINT('',(-5.818550999083,67.958608075263,
    8.258443643188));
#1230 = CARTESIAN_POINT('',(-5.837133890915,67.945021197653,
    8.270120698175));
#1231 = CARTESIAN_POINT('',(-5.894908069162,67.901016010897,
    8.309332978186));
#1232 = CARTESIAN_POINT('',(-5.932124109031,67.869929444704,
    8.339110623849));
#1233 = CARTESIAN_POINT('',(-5.966607962118,67.838175276567,
    8.371566629487));
#1234 = CARTESIAN_POINT('',(-5.998142863973,67.805937221932,
    8.406523182041));
#1235 = CARTESIAN_POINT('',(-6.026540038066,67.773405879027,
    8.443774959344));
#1236 = CARTESIAN_POINT('',(-6.079692110512,67.704316890893,
    8.527021090638));
#1237 = CARTESIAN_POINT('',(-6.103629631832,67.66773273013,
    8.573531083805));
#1238 = CARTESIAN_POINT('',(-6.123235928272,67.631297226455,
    8.622296562905));
#1239 = CARTESIAN_POINT('',(-6.138348198227,67.595282005612,
    8.672963588017));
#1240 = CARTESIAN_POINT('',(-6.148861483174,67.559953424212,
    8.725153512743));
#1241 = CARTESIAN_POINT('',(-6.158268416362,67.504837976833,
    8.81061237965));
#1242 = CARTESIAN_POINT('',(-6.16011849876,67.484449845059,
    8.843165961141));
#1243 = CARTESIAN_POINT('',(-6.160270570749,67.464460285381,
    8.876042610823));
#1244 = CARTESIAN_POINT('',(-6.158722542428,67.44492322085,
    8.909154611697));
#1245 = CARTESIAN_POINT('',(-6.155480090336,67.42589040608,
    8.942413338748));
#1246 = CARTESIAN_POINT('',(-6.144620677412,67.385132084328,
    9.01589689033));
#1247 = CARTESIAN_POINT('',(-6.136241089957,67.363657488532,
    9.056148244109));
#1248 = CARTESIAN_POINT('',(-6.125441377182,67.343074354998,
    9.096326762387));
#1249 = CARTESIAN_POINT('',(-6.112260879718,67.323463369228,
    9.136276674733));
#1250 = CARTESIAN_POINT('',(-6.096754264424,67.304898747471,
    9.175844030443));
#1251 = CARTESIAN_POINT('',(-6.06586625037,67.274553820634,
    9.243718544917));
#1252 = CARTESIAN_POINT('',(-6.051509420355,67.262267720297,
    9.272268267137));
#1253 = CARTESIAN_POINT('',(-6.035948569099,67.250616635083,
    9.300465938529));
#1254 = CARTESIAN_POINT('',(-6.019215823994,67.239625373927,
    9.328252098334));
#1255 = CARTESIAN_POINT('',(-6.001347372752,67.229316415721,
    9.355568783999));
#1256 = CARTESIAN_POINT('',(-5.967208816593,67.212022921409,
    9.403797100777));
#1257 = CARTESIAN_POINT('',(-5.951332685548,67.20478567903,
    9.424898004654));
#1258 = CARTESIAN_POINT('',(-5.934775666826,67.1980084849,9.445633361343
    ));
#1259 = CARTESIAN_POINT('',(-5.917559815026,67.191700591858,
    9.465975178913));
#1260 = CARTESIAN_POINT('',(-5.899708642798,67.185870202868,
    9.485896354959));
#1261 = CARTESIAN_POINT('',(-5.815551144158,67.161501495751,
    9.574670736726));
#1262 = CARTESIAN_POINT('',(-5.742116673337,67.148613078189,
    9.63832222203));
#1263 = CARTESIAN_POINT('',(-5.662082853765,67.142189595923,
    9.695122626459));
#1264 = CARTESIAN_POINT('',(-5.576786906189,67.142366509392,
    9.74407651971));
#1265 = CARTESIAN_POINT('',(-5.487699378941,67.149111875331,
    9.784387557413));
#1266 = CARTESIAN_POINT('',(-5.364325553207,67.166792597778,
    9.826460485282));
#1267 = CARTESIAN_POINT('',(-5.331970724052,67.172172974492,
    9.83626786576));
#1268 = CARTESIAN_POINT('',(-5.299409682437,67.178326480648,
    9.844919347794));
#1269 = CARTESIAN_POINT('',(-5.266710738004,67.185240710006,
    9.852395951601));
#1270 = CARTESIAN_POINT('',(-5.233942688064,67.192900593603,
    9.858682807598));
#1271 = CARTESIAN_POINT('',(-5.201174817603,67.201288399748,
    9.863769156409));
#1272 = PCURVE('',#1273,#1278);
#1273 = SPHERICAL_SURFACE('',#1274,4.5);
#1274 = AXIS2_PLACEMENT_3D('',#1275,#1276,#1277);
#1275 = CARTESIAN_POINT('',(-6.45945301821,71.3138158007,11.188100816644
    ));
#1276 = DIRECTION('',(0.,0.,1.));
#1277 = DIRECTION('',(1.,0.,-0.));
#1278 = DEFINITIONAL_REPRESENTATION('',(#1279),#1392);
#1279 = B_SPLINE_CURVE_WITH_KNOTS('',6,(#1280,#1281,#1282,#1283,#1284,
    #1285,#1286,#1287,#1288,#1289,#1290,#1291,#1292,#1293,#1294,#1295,
    #1296,#1297,#1298,#1299,#1300,#1301,#1302,#1303,#1304,#1305,#1306,
    #1307,#1308,#1309,#1310,#1311,#1312,#1313,#1314,#1315,#1316,#1317,
    #1318,#1319,#1320,#1321,#1322,#1323,#1324,#1325,#1326,#1327,#1328,
    #1329,#1330,#1331,#1332,#1333,#1334,#1335,#1336,#1337,#1338,#1339,
    #1340,#1341,#1342,#1343,#1344,#1345,#1346,#1347,#1348,#1349,#1350,
    #1351,#1352,#1353,#1354,#1355,#1356,#1357,#1358,#1359,#1360,#1361,
    #1362,#1363,#1364,#1365,#1366,#1367,#1368,#1369,#1370,#1371,#1372,
    #1373,#1374,#1375,#1376,#1377,#1378,#1379,#1380,#1381,#1382,#1383,
    #1384,#1385,#1386,#1387,#1388,#1389,#1390,#1391),.UNSPECIFIED.,.T.,
  .F.,(7,5,5,5,5,5,5,5,5,5,5,5,5,5,5,5,5,5,5,5,5,5,7),(0.,
    8.732381343118E-02,0.143028556208,0.159587844795,0.1801597002,
    0.206247022852,0.238848614975,0.282972221021,0.319569303015,
    0.380271008563,0.435098703074,0.45931215734,0.527605612619,
    0.595392779019,0.620110269684,0.674434146085,0.735135919123,
    0.77173300989,0.815856613359,0.848458202033,0.874545523216,
    0.967378175287,1.),.UNSPECIFIED.);
#1280 = CARTESIAN_POINT('',(5.009306727483,-0.298718734242));
#1281 = CARTESIAN_POINT('',(5.03033739469,-0.295552850899));
#1282 = CARTESIAN_POINT('',(5.051675706268,-0.294390564991));
#1283 = CARTESIAN_POINT('',(5.073074425334,-0.29527225345));
#1284 = CARTESIAN_POINT('',(5.094289667362,-0.298193052533));
#1285 = CARTESIAN_POINT('',(5.115080041903,-0.303111341455));
#1286 = CARTESIAN_POINT('',(5.148044150337,-0.314297775793));
#1287 = CARTESIAN_POINT('',(5.160613270288,-0.319432742878));
#1288 = CARTESIAN_POINT('',(5.172851639431,-0.325324065051));
#1289 = CARTESIAN_POINT('',(5.184700041098,-0.331943804421));
#1290 = CARTESIAN_POINT('',(5.196101028696,-0.339258104082));
#1291 = CARTESIAN_POINT('',(5.210237898099,-0.349596332531));
#1292 = CARTESIAN_POINT('',(5.213432876068,-0.35202322196));
#1293 = CARTESIAN_POINT('',(5.216581906601,-0.354506962963));
#1294 = CARTESIAN_POINT('',(5.219683539722,-0.357046479805));
#1295 = CARTESIAN_POINT('',(5.222736340039,-0.359640655846));
#1296 = CARTESIAN_POINT('',(5.229468996055,-0.365577583716));
#1297 = CARTESIAN_POINT('',(5.233121547015,-0.368949406998));
#1298 = CARTESIAN_POINT('',(5.236693815646,-0.37240158352));
#1299 = CARTESIAN_POINT('',(5.240183111497,-0.375931801665));
#1300 = CARTESIAN_POINT('',(5.243586777635,-0.37953765808));
#1301 = CARTESIAN_POINT('',(5.251106490513,-0.387882024375));
#1302 = CARTESIAN_POINT('',(5.255168871971,-0.392665016692));
#1303 = CARTESIAN_POINT('',(5.259083984884,-0.3975605455));
#1304 = CARTESIAN_POINT('',(5.262846561396,-0.402563299285));
#1305 = CARTESIAN_POINT('',(5.266451415926,-0.407667744134));
#1306 = CARTESIAN_POINT('',(5.274194984093,-0.419367090954));
#1307 = CARTESIAN_POINT('',(5.278242233876,-0.426015898308));
#1308 = CARTESIAN_POINT('',(5.282025222089,-0.432803310054));
#1309 = CARTESIAN_POINT('',(5.285534186811,-0.43971757775));
#1310 = CARTESIAN_POINT('',(5.288759576629,-0.446746440259));
#1311 = CARTESIAN_POINT('',(5.295660915956,-0.463527924478));
#1312 = CARTESIAN_POINT('',(5.299093260836,-0.473365315962));
#1313 = CARTESIAN_POINT('',(5.301965953006,-0.483357507771));
#1314 = CARTESIAN_POINT('',(5.30425662207,-0.493471243055));
#1315 = CARTESIAN_POINT('',(5.305944019289,-0.503671624928));
#1316 = CARTESIAN_POINT('',(5.307891179183,-0.522423780295));
#1317 = CARTESIAN_POINT('',(5.308345457577,-0.530960044489));
#1318 = CARTESIAN_POINT('',(5.308359752368,-0.539509824963));
#1319 = CARTESIAN_POINT('',(5.307923729068,-0.548051529028));
#1320 = CARTESIAN_POINT('',(5.30702817887,-0.556562881789));
#1321 = CARTESIAN_POINT('',(5.303404014621,-0.579049851118));
#1322 = CARTESIAN_POINT('',(5.299856591765,-0.592932621446));
#1323 = CARTESIAN_POINT('',(5.294987526556,-0.606563944042));
#1324 = CARTESIAN_POINT('',(5.288772208955,-0.619834884125));
#1325 = CARTESIAN_POINT('',(5.281205422084,-0.632634596017));
#1326 = CARTESIAN_POINT('',(5.264275606307,-0.655887247208));
#1327 = CARTESIAN_POINT('',(5.255156924423,-0.666448052086));
#1328 = CARTESIAN_POINT('',(5.24497093773,-0.676453018996));
#1329 = CARTESIAN_POINT('',(5.233753034527,-0.685822687621));
#1330 = CARTESIAN_POINT('',(5.221561086373,-0.694482402118));
#1331 = CARTESIAN_POINT('',(5.202702165323,-0.70584635939));
#1332 = CARTESIAN_POINT('',(5.196751308802,-0.709176113565));
#1333 = CARTESIAN_POINT('',(5.190634019906,-0.712348627241));
#1334 = CARTESIAN_POINT('',(5.184358373333,-0.715358523521));
#1335 = CARTESIAN_POINT('',(5.177933333528,-0.718200810229));
#1336 = CARTESIAN_POINT('',(5.152853520657,-0.728401746119));
#1337 = CARTESIAN_POINT('',(5.133228174866,-0.734562931702));
#1338 = CARTESIAN_POINT('',(5.112712171677,-0.739250986264));
#1339 = CARTESIAN_POINT('',(5.091581835315,-0.742392577731));
#1340 = CARTESIAN_POINT('',(5.070144425975,-0.743949194096));
#1341 = CARTESIAN_POINT('',(5.027438872195,-0.743894698978));
#1342 = CARTESIAN_POINT('',(5.006168872284,-0.742306981114));
#1343 = CARTESIAN_POINT('',(4.985207545442,-0.739158482827));
#1344 = CARTESIAN_POINT('',(4.964854940586,-0.734487324156));
#1345 = CARTESIAN_POINT('',(4.945380898175,-0.728365398058));
#1346 = CARTESIAN_POINT('',(4.920297883865,-0.718169422802));
#1347 = CARTESIAN_POINT('',(4.913740985187,-0.715265541461));
#1348 = CARTESIAN_POINT('',(4.907339923455,-0.712187071317));
#1349 = CARTESIAN_POINT('',(4.901104219193,-0.708939329788));
#1350 = CARTESIAN_POINT('',(4.895042426038,-0.705528050902));
#1351 = CARTESIAN_POINT('',(4.876238471152,-0.694116204469));
#1352 = CARTESIAN_POINT('',(4.864191067438,-0.68551249207));
#1353 = CARTESIAN_POINT('',(4.853101298981,-0.676213657436));
#1354 = CARTESIAN_POINT('',(4.843025098066,-0.666292395616));
#1355 = CARTESIAN_POINT('',(4.833996749045,-0.655826003352));
#1356 = CARTESIAN_POINT('',(4.817133605049,-0.632677878734));
#1357 = CARTESIAN_POINT('',(4.809562986689,-0.619879557706));
#1358 = CARTESIAN_POINT('',(4.803343836496,-0.606609754661));
#1359 = CARTESIAN_POINT('',(4.798470974532,-0.59297931773));
#1360 = CARTESIAN_POINT('',(4.794919818367,-0.579097187812));
#1361 = CARTESIAN_POINT('',(4.79128980513,-0.556610871926));
#1362 = CARTESIAN_POINT('',(4.790392085255,-0.548099683336));
#1363 = CARTESIAN_POINT('',(4.789953926127,-0.539558058947));
#1364 = CARTESIAN_POINT('',(4.789966122491,-0.531008275516));
#1365 = CARTESIAN_POINT('',(4.790418342671,-0.522471927736));
#1366 = CARTESIAN_POINT('',(4.792361055813,-0.50371941797));
#1367 = CARTESIAN_POINT('',(4.794046083356,-0.493518729622));
#1368 = CARTESIAN_POINT('',(4.796334447797,-0.483404577401));
#1369 = CARTESIAN_POINT('',(4.799204903197,-0.473411861974));
#1370 = CARTESIAN_POINT('',(4.802635081303,-0.463573844059));
#1371 = CARTESIAN_POINT('',(4.809532777837,-0.446791098952));
#1372 = CARTESIAN_POINT('',(4.812756658944,-0.439761646873));
#1373 = CARTESIAN_POINT('',(4.81626415493,-0.432846737188));
#1374 = CARTESIAN_POINT('',(4.820045715081,-0.426058632634));
#1375 = CARTESIAN_POINT('',(4.824091578129,-0.419409083283));
#1376 = CARTESIAN_POINT('',(4.831832725591,-0.407708314901));
#1377 = CARTESIAN_POINT('',(4.835436531086,-0.402603207597));
#1378 = CARTESIAN_POINT('',(4.839198085761,-0.397599761779));
#1379 = CARTESIAN_POINT('',(4.843112204366,-0.392703512229));
#1380 = CARTESIAN_POINT('',(4.847173619375,-0.387919771347));
#1381 = CARTESIAN_POINT('',(4.866334791465,-0.366648997683));
#1382 = CARTESIAN_POINT('',(4.883092211486,-0.351531204361));
#1383 = CARTESIAN_POINT('',(4.901404262696,-0.338135244093));
#1384 = CARTESIAN_POINT('',(4.921017062153,-0.326648303594));
#1385 = CARTESIAN_POINT('',(4.941665104996,-0.3172217856));
#1386 = CARTESIAN_POINT('',(4.970577013193,-0.307404415191));
#1387 = CARTESIAN_POINT('',(4.978187444808,-0.305118449764));
#1388 = CARTESIAN_POINT('',(4.985878098112,-0.303103694009));
#1389 = CARTESIAN_POINT('',(4.993636572344,-0.301363741999));
#1390 = CARTESIAN_POINT('',(5.00145033613,-0.299901409554));
#1391 = CARTESIAN_POINT('',(5.009306727483,-0.298718734242));
#1392 = ( GEOMETRIC_REPRESENTATION_CONTEXT(2) 
PARAMETRIC_REPRESENTATION_CONTEXT() REPRESENTATION_CONTEXT('2D SPACE',''
  ) );
#1393 = PCURVE('',#1394,#1399);
#1394 = CYLINDRICAL_SURFACE('',#1395,1.);
#1395 = AXIS2_PLACEMENT_3D('',#1396,#1397,#1398);
#1396 = CARTESIAN_POINT('',(-4.882117818245,66.80847955711,
    8.456076109737));
#1397 = DIRECTION('',(-0.286788218176,0.819152044289,0.496731764892));
#1398 = DIRECTION('',(0.,-0.518512392704,0.855070113273));
#1399 = DEFINITIONAL_REPRESENTATION('',(#1400),#1513);
#1400 = B_SPLINE_CURVE_WITH_KNOTS('',6,(#1401,#1402,#1403,#1404,#1405,
    #1406,#1407,#1408,#1409,#1410,#1411,#1412,#1413,#1414,#1415,#1416,
    #1417,#1418,#1419,#1420,#1421,#1422,#1423,#1424,#1425,#1426,#1427,
    #1428,#1429,#1430,#1431,#1432,#1433,#1434,#1435,#1436,#1437,#1438,
    #1439,#1440,#1441,#1442,#1443,#1444,#1445,#1446,#1447,#1448,#1449,
    #1450,#1451,#1452,#1453,#1454,#1455,#1456,#1457,#1458,#1459,#1460,
    #1461,#1462,#1463,#1464,#1465,#1466,#1467,#1468,#1469,#1470,#1471,
    #1472,#1473,#1474,#1475,#1476,#1477,#1478,#1479,#1480,#1481,#1482,
    #1483,#1484,#1485,#1486,#1487,#1488,#1489,#1490,#1491,#1492,#1493,
    #1494,#1495,#1496,#1497,#1498,#1499,#1500,#1501,#1502,#1503,#1504,
    #1505,#1506,#1507,#1508,#1509,#1510,#1511,#1512),.UNSPECIFIED.,.F.,
  .F.,(7,5,5,5,5,5,5,5,5,5,5,5,5,5,5,5,5,5,5,5,5,5,7),(0.,
    8.732381343118E-02,0.143028556208,0.159587844795,0.1801597002,
    0.206247022852,0.238848614975,0.282972221021,0.319569303015,
    0.380271008563,0.435098703074,0.45931215734,0.527605612619,
    0.595392779019,0.620110269684,0.674434146085,0.735135919123,
    0.77173300989,0.815856613359,0.848458202033,0.874545523216,
    0.967378175287,1.),.UNSPECIFIED.);
#1401 = CARTESIAN_POINT('',(1.7763568394E-15,1.112517806304));
#1402 = CARTESIAN_POINT('',(9.156201797159E-02,1.11251780526));
#1403 = CARTESIAN_POINT('',(0.183132567869,1.112517808474));
#1404 = CARTESIAN_POINT('',(0.274690936334,1.112517804363));
#1405 = CARTESIAN_POINT('',(0.366249842567,1.11251780702));
#1406 = CARTESIAN_POINT('',(0.457821563633,1.112517806304));
#1407 = CARTESIAN_POINT('',(0.607792671853,1.112517806304));
#1408 = CARTESIAN_POINT('',(0.666202938709,1.112517806304));
#1409 = CARTESIAN_POINT('',(0.724612830672,1.112517806304));
#1410 = CARTESIAN_POINT('',(0.783023933166,1.112517806304));
#1411 = CARTESIAN_POINT('',(0.841437941273,1.112517806304));
#1412 = CARTESIAN_POINT('',(0.91721820458,1.112517806304));
#1413 = CARTESIAN_POINT('',(0.934583438447,1.112517806304));
#1414 = CARTESIAN_POINT('',(0.951948888752,1.112517806304));
#1415 = CARTESIAN_POINT('',(0.969314571103,1.112517806304));
#1416 = CARTESIAN_POINT('',(0.986680501698,1.112517806304));
#1417 = CARTESIAN_POINT('',(1.025620985593,1.112517806304));
#1418 = CARTESIAN_POINT('',(1.04719568629,1.112517806304));
#1419 = CARTESIAN_POINT('',(1.068770831499,1.112517806304));
#1420 = CARTESIAN_POINT('',(1.09034645356,1.112517806304));
#1421 = CARTESIAN_POINT('',(1.111922585081,1.112517806304));
#1422 = CARTESIAN_POINT('',(1.160860799324,1.112517806304));
#1423 = CARTESIAN_POINT('',(1.188223222244,1.112517806304));
#1424 = CARTESIAN_POINT('',(1.215586594523,1.112517806304));
#1425 = CARTESIAN_POINT('',(1.242950977642,1.112517806304));
#1426 = CARTESIAN_POINT('',(1.270316427738,1.112517806304));
#1427 = CARTESIAN_POINT('',(1.331883273464,1.112517806304));
#1428 = CARTESIAN_POINT('',(1.366085328241,1.112517806304));
#1429 = CARTESIAN_POINT('',(1.400289257956,1.112517806304));
#1430 = CARTESIAN_POINT('',(1.434495119932,1.112517806304));
#1431 = CARTESIAN_POINT('',(1.468702930788,1.112517806304));
#1432 = CARTESIAN_POINT('',(1.549212764092,1.112517806304));
#1433 = CARTESIAN_POINT('',(1.595516743821,1.112517806304));
#1434 = CARTESIAN_POINT('',(1.641823844188,1.112517806304));
#1435 = CARTESIAN_POINT('',(1.688134150505,1.112517806304));
#1436 = CARTESIAN_POINT('',(1.734447446663,1.112517806304));
#1437 = CARTESIAN_POINT('',(1.819176423999,1.112517806304));
#1438 = CARTESIAN_POINT('',(1.857591957363,1.112517806304));
#1439 = CARTESIAN_POINT('',(1.896008067577,1.112517806304));
#1440 = CARTESIAN_POINT('',(1.934423949141,1.112517806304));
#1441 = CARTESIAN_POINT('',(1.972838590533,1.112517806304));
#1442 = CARTESIAN_POINT('',(2.07496309595,1.112517806304));
#1443 = CARTESIAN_POINT('',(2.138670993437,1.112517806304));
#1444 = CARTESIAN_POINT('',(2.20236420081,1.112517806304));
#1445 = CARTESIAN_POINT('',(2.266037628669,1.112517806304));
#1446 = CARTESIAN_POINT('',(2.329685202304,1.112517806304));
#1447 = CARTESIAN_POINT('',(2.450746900685,1.112517806304));
#1448 = CARTESIAN_POINT('',(2.508171391399,1.112517806304));
#1449 = CARTESIAN_POINT('',(2.565557580671,1.112517806304));
#1450 = CARTESIAN_POINT('',(2.622901162738,1.112517806304));
#1451 = CARTESIAN_POINT('',(2.68019951091,1.112517806304));
#1452 = CARTESIAN_POINT('',(2.762730647721,1.112517806304));
#1453 = CARTESIAN_POINT('',(2.788003825891,1.112517806304));
#1454 = CARTESIAN_POINT('',(2.813267492679,1.112517806304));
#1455 = CARTESIAN_POINT('',(2.838521668117,1.112517806304));
#1456 = CARTESIAN_POINT('',(2.86376650512,1.112517806304));
#1457 = CARTESIAN_POINT('',(2.960179201782,1.112517806304));
#1458 = CARTESIAN_POINT('',(3.031285533988,1.112517806304));
#1459 = CARTESIAN_POINT('',(3.102324234875,1.112517806304));
#1460 = CARTESIAN_POINT('',(3.173314706902,1.112517806304));
#1461 = CARTESIAN_POINT('',(3.244282420592,1.112517806304));
#1462 = CARTESIAN_POINT('',(3.385688534825,1.112517806304));
#1463 = CARTESIAN_POINT('',(3.456130760712,1.112517806304));
#1464 = CARTESIAN_POINT('',(3.526595923736,1.112517806304));
#1465 = CARTESIAN_POINT('',(3.597108824191,1.112517806304));
#1466 = CARTESIAN_POINT('',(3.667688334595,1.112517806304));
#1467 = CARTESIAN_POINT('',(3.764098420423,1.112517806304));
#1468 = CARTESIAN_POINT('',(3.789868884604,1.112517806304));
#1469 = CARTESIAN_POINT('',(3.815649085289,1.112517806304));
#1470 = CARTESIAN_POINT('',(3.841439182492,1.112517806304));
#1471 = CARTESIAN_POINT('',(3.867239192288,1.112517806304));
#1472 = CARTESIAN_POINT('',(3.949773518706,1.112517806304));
#1473 = CARTESIAN_POINT('',(4.006546844304,1.112517806304));
#1474 = CARTESIAN_POINT('',(4.063364513304,1.112517806304));
#1475 = CARTESIAN_POINT('',(4.120223913867,1.112517806304));
#1476 = CARTESIAN_POINT('',(4.177120826568,1.112517806304));
#1477 = CARTESIAN_POINT('',(4.29765442961,1.112517806304));
#1478 = CARTESIAN_POINT('',(4.361301976848,1.112517806304));
#1479 = CARTESIAN_POINT('',(4.424975398024,1.112517806304));
#1480 = CARTESIAN_POINT('',(4.488668617123,1.112517806304));
#1481 = CARTESIAN_POINT('',(4.552376542311,1.112517806304));
#1482 = CARTESIAN_POINT('',(4.654501078368,1.112517806304));
#1483 = CARTESIAN_POINT('',(4.692915714989,1.112517806304));
#1484 = CARTESIAN_POINT('',(4.731331595724,1.112517806304));
#1485 = CARTESIAN_POINT('',(4.769747708416,1.112517806304));
#1486 = CARTESIAN_POINT('',(4.808163246964,1.112517806304));
#1487 = CARTESIAN_POINT('',(4.892892226624,1.112517806304));
#1488 = CARTESIAN_POINT('',(4.939205520926,1.112517806304));
#1489 = CARTESIAN_POINT('',(4.98551582753,1.112517806304));
#1490 = CARTESIAN_POINT('',(5.03182292954,1.112517806304));
#1491 = CARTESIAN_POINT('',(5.078126911633,1.112517806304));
#1492 = CARTESIAN_POINT('',(5.158636747752,1.112517806304));
#1493 = CARTESIAN_POINT('',(5.192844558984,1.112517806304));
#1494 = CARTESIAN_POINT('',(5.227050421257,1.112517806304));
#1495 = CARTESIAN_POINT('',(5.261254351035,1.112517806304));
#1496 = CARTESIAN_POINT('',(5.295456405524,1.112517806304));
#1497 = CARTESIAN_POINT('',(5.357023251322,1.112517806304));
#1498 = CARTESIAN_POINT('',(5.384388701928,1.112517806304));
#1499 = CARTESIAN_POINT('',(5.411753085246,1.112517806304));
#1500 = CARTESIAN_POINT('',(5.439116457384,1.112517806304));
#1501 = CARTESIAN_POINT('',(5.466478879809,1.112517806304));
#1502 = CARTESIAN_POINT('',(5.59120742234,1.112517806304));
#1503 = CARTESIAN_POINT('',(5.688576668039,1.112517806304));
#1504 = CARTESIAN_POINT('',(5.785922463067,1.112517806304));
#1505 = CARTESIAN_POINT('',(5.883263169098,1.112517806304));
#1506 = CARTESIAN_POINT('',(5.98061686937,1.112517806304));
#1507 = CARTESIAN_POINT('',(6.112160930741,1.112517806304));
#1508 = CARTESIAN_POINT('',(6.146366047305,1.112517806499));
#1509 = CARTESIAN_POINT('',(6.180571020465,1.112517806479));
#1510 = CARTESIAN_POINT('',(6.214775876875,1.112517806187));
#1511 = CARTESIAN_POINT('',(6.248980635413,1.112517805914));
#1512 = CARTESIAN_POINT('',(6.28318530718,1.112517806304));
#1513 = ( GEOMETRIC_REPRESENTATION_CONTEXT(2) 
PARAMETRIC_REPRESENTATION_CONTEXT() REPRESENTATION_CONTEXT('2D SPACE',''
  ) );
#1514 = FACE_BOUND('',#1515,.T.);
#1515 = EDGE_LOOP('',(#1516));
#1516 = ORIENTED_EDGE('',*,*,#1517,.F.);
#1517 = EDGE_CURVE('',#1518,#1518,#1520,.T.);
#1518 = VERTEX_POINT('',#1519);
#1519 = CARTESIAN_POINT('',(-7.717731218817,74.389318416243,
    14.222572703425));
#1520 = SURFACE_CURVE('',#1521,(#1674,#1830),.PCURVE_S1.);
#1521 = B_SPLINE_CURVE_WITH_KNOTS('',6,(#1522,#1523,#1524,#1525,#1526,
    #1527,#1528,#1529,#1530,#1531,#1532,#1533,#1534,#1535,#1536,#1537,
    #1538,#1539,#1540,#1541,#1542,#1543,#1544,#1545,#1546,#1547,#1548,
    #1549,#1550,#1551,#1552,#1553,#1554,#1555,#1556,#1557,#1558,#1559,
    #1560,#1561,#1562,#1563,#1564,#1565,#1566,#1567,#1568,#1569,#1570,
    #1571,#1572,#1573,#1574,#1575,#1576,#1577,#1578,#1579,#1580,#1581,
    #1582,#1583,#1584,#1585,#1586,#1587,#1588,#1589,#1590,#1591,#1592,
    #1593,#1594,#1595,#1596,#1597,#1598,#1599,#1600,#1601,#1602,#1603,
    #1604,#1605,#1606,#1607,#1608,#1609,#1610,#1611,#1612,#1613,#1614,
    #1615,#1616,#1617,#1618,#1619,#1620,#1621,#1622,#1623,#1624,#1625,
    #1626,#1627,#1628,#1629,#1630,#1631,#1632,#1633,#1634,#1635,#1636,
    #1637,#1638,#1639,#1640,#1641,#1642,#1643,#1644,#1645,#1646,#1647,
    #1648,#1649,#1650,#1651,#1652,#1653,#1654,#1655,#1656,#1657,#1658,
    #1659,#1660,#1661,#1662,#1663,#1664,#1665,#1666,#1667,#1668,#1669,
    #1670,#1671,#1672,#1673),.UNSPECIFIED.,.T.,.F.,(7,5,5,5,5,5,5,5,5,5,
    5,5,5,5,5,5,5,5,5,5,5,5,5,5,5,5,5,5,5,5,7),(0.,2.784745392176E-02,
    9.563501189429E-02,0.120352645339,0.174676835542,0.235378959224,
    0.271976261394,0.316100119744,0.348701896741,0.374789368617,
    0.395361342877,0.411920727895,0.424968207234,0.435506898724,
    0.449558849713,0.467626074668,0.58756252689,0.605629752578,
    0.619681704437,0.630220396796,0.643267877511,0.659827264824,
    0.680399242876,0.706486721059,0.73908850755,0.783212376658,
    0.819809676842,0.880511744289,0.931812489985,0.954505273945,1.),
  .UNSPECIFIED.);
#1522 = CARTESIAN_POINT('',(-7.717731218817,74.389318416243,
    14.222572703425));
#1523 = CARTESIAN_POINT('',(-7.689993346097,74.396418663967,
    14.226878272621));
#1524 = CARTESIAN_POINT('',(-7.662262457987,74.40403873444,
    14.230322577135));
#1525 = CARTESIAN_POINT('',(-7.634578267736,74.412168014106,
    14.232900192225));
#1526 = CARTESIAN_POINT('',(-7.606980608352,74.420794751001,
    14.234607500751));
#1527 = CARTESIAN_POINT('',(-7.579509432596,74.429906054751,
    14.235442693182));
#1528 = CARTESIAN_POINT('',(-7.485738647362,74.462812458318,
    14.235315881607));
#1529 = CARTESIAN_POINT('',(-7.420256164179,74.488926430722,
    14.230058095836));
#1530 = CARTESIAN_POINT('',(-7.356330622403,74.517628221468,
    14.219633881585));
#1531 = CARTESIAN_POINT('',(-7.294521319048,74.548683017972,
    14.204107554077));
#1532 = CARTESIAN_POINT('',(-7.235367755459,74.581821342797,
    14.183612022799));
#1533 = CARTESIAN_POINT('',(-7.15897016366,74.629469259182,
    14.149144811121));
#1534 = CARTESIAN_POINT('',(-7.138977739642,74.642437393564,
    14.139301909027));
#1535 = CARTESIAN_POINT('',(-7.11943134229,74.655627247572,
    14.128835859191));
#1536 = CARTESIAN_POINT('',(-7.100355037337,74.669023526136,
    14.1177579901));
#1537 = CARTESIAN_POINT('',(-7.081772145505,74.682610403746,
    14.106080935114));
#1538 = CARTESIAN_POINT('',(-7.023997967259,74.726615590502,
    14.066868655103));
#1539 = CARTESIAN_POINT('',(-6.986781927389,74.757702156695,
    14.037091009439));
#1540 = CARTESIAN_POINT('',(-6.952298074302,74.789456324832,
    14.004635003801));
#1541 = CARTESIAN_POINT('',(-6.920763172448,74.821694379467,
    13.969678451247));
#1542 = CARTESIAN_POINT('',(-6.892365998354,74.854225722373,
    13.932426673945));
#1543 = CARTESIAN_POINT('',(-6.839213925908,74.923314710506,
    13.84918054265));
#1544 = CARTESIAN_POINT('',(-6.815276404588,74.959898871269,
    13.802670549483));
#1545 = CARTESIAN_POINT('',(-6.795670108149,74.996334374944,
    13.753905070383));
#1546 = CARTESIAN_POINT('',(-6.780557838193,75.032349595787,
    13.703238045272));
#1547 = CARTESIAN_POINT('',(-6.770044553246,75.067678177187,
    13.651048120545));
#1548 = CARTESIAN_POINT('',(-6.760637620058,75.122793624566,
    13.565589253638));
#1549 = CARTESIAN_POINT('',(-6.75878753766,75.14318175634,
    13.533035672147));
#1550 = CARTESIAN_POINT('',(-6.758635465671,75.163171316018,
    13.500159022466));
#1551 = CARTESIAN_POINT('',(-6.760183493992,75.182708380549,
    13.467047021591));
#1552 = CARTESIAN_POINT('',(-6.763425946085,75.201741195319,
    13.43378829454));
#1553 = CARTESIAN_POINT('',(-6.774285359009,75.242499517071,
    13.360304742958));
#1554 = CARTESIAN_POINT('',(-6.782664946463,75.263974112867,
    13.32005338918));
#1555 = CARTESIAN_POINT('',(-6.793464659238,75.284557246401,
    13.279874870901));
#1556 = CARTESIAN_POINT('',(-6.806645156702,75.304168232171,
    13.239924958556));
#1557 = CARTESIAN_POINT('',(-6.822151771996,75.322732853928,
    13.200357602845));
#1558 = CARTESIAN_POINT('',(-6.85303978605,75.353077780765,
    13.132483088371));
#1559 = CARTESIAN_POINT('',(-6.867396616065,75.365363881102,
    13.103933366151));
#1560 = CARTESIAN_POINT('',(-6.882957467321,75.377014966316,
    13.07573569476));
#1561 = CARTESIAN_POINT('',(-6.899690212427,75.388006227472,
    13.047949534954));
#1562 = CARTESIAN_POINT('',(-6.917558663668,75.398315185678,
    13.020632849289));
#1563 = CARTESIAN_POINT('',(-6.951697219828,75.41560867999,
    12.972404532511));
#1564 = CARTESIAN_POINT('',(-6.967573350872,75.422845922369,
    12.951303628635));
#1565 = CARTESIAN_POINT('',(-6.984130369594,75.429623116499,
    12.930568271945));
#1566 = CARTESIAN_POINT('',(-7.001346221394,75.435931009541,
    12.910226454376));
#1567 = CARTESIAN_POINT('',(-7.019197393622,75.441761398531,
    12.890305278329));
#1568 = CARTESIAN_POINT('',(-7.052217242892,75.451322650338,
    12.855473959049));
#1569 = CARTESIAN_POINT('',(-7.067155142751,75.455236791931,
    12.840394813117));
#1570 = CARTESIAN_POINT('',(-7.082460380549,75.45884605249,
    12.825606358741));
#1571 = CARTESIAN_POINT('',(-7.098120232688,75.462147356396,
    12.811121013845));
#1572 = CARTESIAN_POINT('',(-7.11412148658,75.465138055088,
    12.796950774418));
#1573 = CARTESIAN_POINT('',(-7.143594411844,75.469971476774,
    12.771963858232));
#1574 = CARTESIAN_POINT('',(-7.156950722875,75.471924334335,
    12.761032163727));
#1575 = CARTESIAN_POINT('',(-7.170512231217,75.473673342246,
    12.750318163546));
#1576 = CARTESIAN_POINT('',(-7.184271617017,75.475217526987,
    12.739827689224));
#1577 = CARTESIAN_POINT('',(-7.198221383084,75.476556099021,
    12.729566371281));
#1578 = CARTESIAN_POINT('',(-7.223489119498,75.478580657569,
    12.711639371225));
#1579 = CARTESIAN_POINT('',(-7.234737814331,75.479344838469,
    12.703884736297));
#1580 = CARTESIAN_POINT('',(-7.24609618678,75.479980699533,
    12.696278389062));
#1581 = CARTESIAN_POINT('',(-7.25756042516,75.480488016532,
    12.68882289997));
#1582 = CARTESIAN_POINT('',(-7.269126658708,75.480866636965,
    12.681520755295));
#1583 = CARTESIAN_POINT('',(-7.290212428521,75.481318282969,
    12.668602078546));
#1584 = CARTESIAN_POINT('',(-7.299697879254,75.48143607038,
    12.662931409763));
#1585 = CARTESIAN_POINT('',(-7.309245239368,75.481469799775,
    12.65736361625));
#1586 = CARTESIAN_POINT('',(-7.318852416614,75.481419459268,
    12.651899925569));
#1587 = CARTESIAN_POINT('',(-7.32851729691,75.481285067603,
    12.646541527376));
#1588 = CARTESIAN_POINT('',(-7.351198675123,75.480775475379,
    12.634286787571));
#1589 = CARTESIAN_POINT('',(-7.364258399338,75.480334932338,
    12.627473244439));
#1590 = CARTESIAN_POINT('',(-7.377411851836,75.479745162202,
    12.620851675165));
#1591 = CARTESIAN_POINT('',(-7.390653909832,75.479006378738,
    12.614424684868));
#1592 = CARTESIAN_POINT('',(-7.403979392909,75.478118892317,
    12.608194752639));
#1593 = CARTESIAN_POINT('',(-7.434616764104,75.475751357907,
    12.594410519524));
#1594 = CARTESIAN_POINT('',(-7.451979728065,75.474174451153,
    12.586986458156));
#1595 = CARTESIAN_POINT('',(-7.469460815164,75.472353255541,
    12.579897051034));
#1596 = CARTESIAN_POINT('',(-7.487048770368,75.470288897824,
    12.573146938142));
#1597 = CARTESIAN_POINT('',(-7.504732223349,75.467982765613,
    12.566740395854));
#1598 = CARTESIAN_POINT('',(-7.640446231964,75.448533569609,
    12.520459220238));
#1599 = CARTESIAN_POINT('',(-7.762143279543,75.421041742873,
    12.495533708653));
#1600 = CARTESIAN_POINT('',(-7.884128801427,75.383444344154,
    12.487106576063));
#1601 = CARTESIAN_POINT('',(-8.002933351019,75.336754786221,
    12.495509706354));
#1602 = CARTESIAN_POINT('',(-8.115212807201,75.282344700236,
    12.520411894743));
#1603 = CARTESIAN_POINT('',(-8.233437025397,75.212904516753,
    12.566667755548));
#1604 = CARTESIAN_POINT('',(-8.248699386427,75.203678186791,
    12.573071013703));
#1605 = CARTESIAN_POINT('',(-8.263736371751,75.194322401969,
    12.579817874428));
#1606 = CARTESIAN_POINT('',(-8.278538227139,75.184843169189,
    12.586904063446));
#1607 = CARTESIAN_POINT('',(-8.293095451108,75.175246627382,
    12.594324942835));
#1608 = CARTESIAN_POINT('',(-8.318523352855,75.157988887481,
    12.608103587104));
#1609 = CARTESIAN_POINT('',(-8.329494340695,75.150371556512,
    12.614331097403));
#1610 = CARTESIAN_POINT('',(-8.340307409688,75.142690003429,
    12.620755689803));
#1611 = CARTESIAN_POINT('',(-8.35095831635,75.134947216639,
    12.62737488615));
#1612 = CARTESIAN_POINT('',(-8.361442922473,75.127146224125,
    12.634186082244));
#1613 = CARTESIAN_POINT('',(-8.379492700304,75.113398147243,
    12.646436761767));
#1614 = CARTESIAN_POINT('',(-8.387132398882,75.107475186634,12.651793435
    ));
#1615 = CARTESIAN_POINT('',(-8.394674590243,75.101522505195,
    12.657255416172));
#1616 = CARTESIAN_POINT('',(-8.402117609931,75.095541406836,
    12.662821516005));
#1617 = CARTESIAN_POINT('',(-8.409459829653,75.089533205796,
    12.668490507304));
#1618 = CARTESIAN_POINT('',(-8.425662962033,75.076028828614,
    12.681405466976));
#1619 = CARTESIAN_POINT('',(-8.434469323453,75.068518917346,
    12.688705580888));
#1620 = CARTESIAN_POINT('',(-8.44311571958,75.060972007044,
    12.696159065293));
#1621 = CARTESIAN_POINT('',(-8.451599219351,75.053390631145,
    12.703763434593));
#1622 = CARTESIAN_POINT('',(-8.459916982603,75.045777342317,
    12.711516118994));
#1623 = CARTESIAN_POINT('',(-8.478409026226,75.028434964995,
    12.729438756973));
#1624 = CARTESIAN_POINT('',(-8.488480403079,75.018687952246,
    12.739697680515));
#1625 = CARTESIAN_POINT('',(-8.498274768243,75.008898934266,
    12.750185806953));
#1626 = CARTESIAN_POINT('',(-8.507786752662,74.999073204344,
    12.760897507041));
#1627 = CARTESIAN_POINT('',(-8.517011240611,74.989216088995,
    12.771826950475));
#1628 = CARTESIAN_POINT('',(-8.537039889154,74.967054971943,
    12.796808932273));
#1629 = CARTESIAN_POINT('',(-8.547685206742,74.954736818738,
    12.810976515693));
#1630 = CARTESIAN_POINT('',(-8.557869995524,74.942388770841,
    12.825459284381));
#1631 = CARTESIAN_POINT('',(-8.567585577072,74.930021139625,
    12.840245244515));
#1632 = CARTESIAN_POINT('',(-8.576823921468,74.917644265344,
    12.85532198023));
#1633 = CARTESIAN_POINT('',(-8.59667831207,74.8895747389,12.890148028991
    ));
#1634 = CARTESIAN_POINT('',(-8.606999686994,74.873882737716,
    12.910066397061));
#1635 = CARTESIAN_POINT('',(-8.616526709292,74.858213680137,
    12.930405548918));
#1636 = CARTESIAN_POINT('',(-8.625246110541,74.842588644098,
    12.95113838582));
#1637 = CARTESIAN_POINT('',(-8.633146416679,74.82702861892,
    12.972236919182));
#1638 = CARTESIAN_POINT('',(-8.649055312534,74.792216348339,
    13.020460246963));
#1639 = CARTESIAN_POINT('',(-8.656598365758,74.773012262574,
    13.047774399749));
#1640 = CARTESIAN_POINT('',(-8.66282820249,74.753983103036,
    13.075558270513));
#1641 = CARTESIAN_POINT('',(-8.667730544336,74.735169013896,
    13.103753901813));
#1642 = CARTESIAN_POINT('',(-8.671295739688,74.716609428474,
    13.132301837177));
#1643 = CARTESIAN_POINT('',(-8.676527446144,74.67362103616,
    13.200172748711));
#1644 = CARTESIAN_POINT('',(-8.677077657929,74.649435830573,
    13.239738501759));
#1645 = CARTESIAN_POINT('',(-8.675157053003,74.625883395519,
    13.279687290199));
#1646 = CARTESIAN_POINT('',(-8.670769157683,74.603055848282,
    13.31986516904));
#1647 = CARTESIAN_POINT('',(-8.663933512709,74.581040804746,
    13.360116370538));
#1648 = CARTESIAN_POINT('',(-8.647015573164,74.542403230994,
    13.433600524045));
#1649 = CARTESIAN_POINT('',(-8.637685906897,74.525501207606,
    13.466859853412));
#1650 = CARTESIAN_POINT('',(-8.62671721719,74.50926178392,13.49997279132
    ));
#1651 = CARTESIAN_POINT('',(-8.614137328093,74.493728961662,
    13.532850711032));
#1652 = CARTESIAN_POINT('',(-8.599981486996,74.478943593965,
    13.565405892243));
#1653 = CARTESIAN_POINT('',(-8.558269620872,74.441721956403,
    13.650869829248));
#1654 = CARTESIAN_POINT('',(-8.528027469078,74.420659556637,
    13.703063794856));
#1655 = CARTESIAN_POINT('',(-8.493761830656,74.401928747077,
    13.753735735144));
#1656 = CARTESIAN_POINT('',(-8.455720795761,74.385672301663,
    13.802506969081));
#1657 = CARTESIAN_POINT('',(-8.414200961036,74.372001037861,
    13.849023509282));
#1658 = CARTESIAN_POINT('',(-8.331802922103,74.351687352196,
    13.930094998468));
#1659 = CARTESIAN_POINT('',(-8.291819497804,74.344283790161,
    13.965388529558));
#1660 = CARTESIAN_POINT('',(-8.249799306174,74.338827197415,
    13.998647274328));
#1661 = CARTESIAN_POINT('',(-8.205965617425,74.335345027401,
    14.029697054648));
#1662 = CARTESIAN_POINT('',(-8.160556044905,74.333846546996,
    14.058385402536));
#1663 = CARTESIAN_POINT('',(-8.093145579908,74.334534382238,
    14.096170555056));
#1664 = CARTESIAN_POINT('',(-8.072211858078,74.335131858042,
    14.107271357636));
#1665 = CARTESIAN_POINT('',(-8.051039684983,74.336115127414,
    14.117873624398));
#1666 = CARTESIAN_POINT('',(-8.029650693555,74.337482821701,
    14.127967122587));
#1667 = CARTESIAN_POINT('',(-8.008066728901,74.339232936352,
    14.137542545595));
#1668 = CARTESIAN_POINT('',(-7.942691430919,74.345632865389,
    14.164732975564));
#1669 = CARTESIAN_POINT('',(-7.898377636848,74.351429408926,
    14.180758574168));
#1670 = CARTESIAN_POINT('',(-7.853546437579,74.358731219632,
    14.194600584101));
#1671 = CARTESIAN_POINT('',(-7.808376339915,74.367507550114,
    14.206206651977));
#1672 = CARTESIAN_POINT('',(-7.763045563578,74.377719007964,
    14.215538845525));
#1673 = CARTESIAN_POINT('',(-7.717731218817,74.389318416243,
    14.222572703425));
#1674 = PCURVE('',#1273,#1675);
#1675 = DEFINITIONAL_REPRESENTATION('',(#1676),#1829);
#1676 = B_SPLINE_CURVE_WITH_KNOTS('',6,(#1677,#1678,#1679,#1680,#1681,
    #1682,#1683,#1684,#1685,#1686,#1687,#1688,#1689,#1690,#1691,#1692,
    #1693,#1694,#1695,#1696,#1697,#1698,#1699,#1700,#1701,#1702,#1703,
    #1704,#1705,#1706,#1707,#1708,#1709,#1710,#1711,#1712,#1713,#1714,
    #1715,#1716,#1717,#1718,#1719,#1720,#1721,#1722,#1723,#1724,#1725,
    #1726,#1727,#1728,#1729,#1730,#1731,#1732,#1733,#1734,#1735,#1736,
    #1737,#1738,#1739,#1740,#1741,#1742,#1743,#1744,#1745,#1746,#1747,
    #1748,#1749,#1750,#1751,#1752,#1753,#1754,#1755,#1756,#1757,#1758,
    #1759,#1760,#1761,#1762,#1763,#1764,#1765,#1766,#1767,#1768,#1769,
    #1770,#1771,#1772,#1773,#1774,#1775,#1776,#1777,#1778,#1779,#1780,
    #1781,#1782,#1783,#1784,#1785,#1786,#1787,#1788,#1789,#1790,#1791,
    #1792,#1793,#1794,#1795,#1796,#1797,#1798,#1799,#1800,#1801,#1802,
    #1803,#1804,#1805,#1806,#1807,#1808,#1809,#1810,#1811,#1812,#1813,
    #1814,#1815,#1816,#1817,#1818,#1819,#1820,#1821,#1822,#1823,#1824,
    #1825,#1826,#1827,#1828),.UNSPECIFIED.,.T.,.F.,(7,5,5,5,5,5,5,5,5,5,
    5,5,5,5,5,5,5,5,5,5,5,5,5,5,5,5,5,5,5,5,7),(0.,2.784745392176E-02,
    9.563501189429E-02,0.120352645339,0.174676835542,0.235378959224,
    0.271976261394,0.316100119744,0.348701896741,0.374789368617,
    0.395361342877,0.411920727895,0.424968207234,0.435506898724,
    0.449558849713,0.467626074668,0.58756252689,0.605629752578,
    0.619681704437,0.630220396796,0.643267877511,0.659827264824,
    0.680399242876,0.706486721059,0.73908850755,0.783212376658,
    0.819809676842,0.880511744289,0.931812489985,0.954505273945,1.),
  .UNSPECIFIED.);
#1677 = CARTESIAN_POINT('',(1.959147922792,0.740053049343));
#1678 = CARTESIAN_POINT('',(1.950613041921,0.741348757253));
#1679 = CARTESIAN_POINT('',(1.941996565209,0.742387125221));
#1680 = CARTESIAN_POINT('',(1.93331836137,0.743165130739));
#1681 = CARTESIAN_POINT('',(1.924598797657,0.743680757811));
#1682 = CARTESIAN_POINT('',(1.915858739869,0.743932996945));
#1683 = CARTESIAN_POINT('',(1.885846218605,0.743894698978));
#1684 = CARTESIAN_POINT('',(1.864576218694,0.742306981114));
#1685 = CARTESIAN_POINT('',(1.843614891852,0.739158482827));
#1686 = CARTESIAN_POINT('',(1.823262286996,0.734487324156));
#1687 = CARTESIAN_POINT('',(1.803788244585,0.728365398058));
#1688 = CARTESIAN_POINT('',(1.778705230275,0.718169422802));
#1689 = CARTESIAN_POINT('',(1.772148331598,0.715265541461));
#1690 = CARTESIAN_POINT('',(1.765747269865,0.712187071317));
#1691 = CARTESIAN_POINT('',(1.759511565603,0.708939329788));
#1692 = CARTESIAN_POINT('',(1.753449772448,0.705528050902));
#1693 = CARTESIAN_POINT('',(1.734645817562,0.694116204469));
#1694 = CARTESIAN_POINT('',(1.722598413848,0.68551249207));
#1695 = CARTESIAN_POINT('',(1.711508645392,0.676213657436));
#1696 = CARTESIAN_POINT('',(1.701432444476,0.666292395616));
#1697 = CARTESIAN_POINT('',(1.692404095455,0.655826003352));
#1698 = CARTESIAN_POINT('',(1.675540951459,0.632677878734));
#1699 = CARTESIAN_POINT('',(1.6679703331,0.619879557706));
#1700 = CARTESIAN_POINT('',(1.661751182907,0.606609754661));
#1701 = CARTESIAN_POINT('',(1.656878320942,0.59297931773));
#1702 = CARTESIAN_POINT('',(1.653327164777,0.579097187812));
#1703 = CARTESIAN_POINT('',(1.64969715154,0.556610871926));
#1704 = CARTESIAN_POINT('',(1.648799431665,0.548099683336));
#1705 = CARTESIAN_POINT('',(1.648361272537,0.539558058947));
#1706 = CARTESIAN_POINT('',(1.648373468901,0.531008275516));
#1707 = CARTESIAN_POINT('',(1.648825689081,0.522471927736));
#1708 = CARTESIAN_POINT('',(1.650768402224,0.50371941797));
#1709 = CARTESIAN_POINT('',(1.652453429766,0.493518729622));
#1710 = CARTESIAN_POINT('',(1.654741794207,0.483404577401));
#1711 = CARTESIAN_POINT('',(1.657612249607,0.473411861974));
#1712 = CARTESIAN_POINT('',(1.661042427713,0.463573844059));
#1713 = CARTESIAN_POINT('',(1.667940124248,0.446791098952));
#1714 = CARTESIAN_POINT('',(1.671164005354,0.439761646873));
#1715 = CARTESIAN_POINT('',(1.674671501341,0.432846737188));
#1716 = CARTESIAN_POINT('',(1.678453061492,0.426058632634));
#1717 = CARTESIAN_POINT('',(1.68249892454,0.419409083283));
#1718 = CARTESIAN_POINT('',(1.690240072001,0.407708314901));
#1719 = CARTESIAN_POINT('',(1.693843877496,0.402603207597));
#1720 = CARTESIAN_POINT('',(1.697605432171,0.397599761779));
#1721 = CARTESIAN_POINT('',(1.701519550776,0.392703512229));
#1722 = CARTESIAN_POINT('',(1.705580965785,0.387919771347));
#1723 = CARTESIAN_POINT('',(1.713099000713,0.37957401783));
#1724 = CARTESIAN_POINT('',(1.716501944699,0.375967532946));
#1725 = CARTESIAN_POINT('',(1.719990536107,0.372436670046));
#1726 = CARTESIAN_POINT('',(1.723562118173,0.36898383294));
#1727 = CARTESIAN_POINT('',(1.727214000614,0.365611333706));
#1728 = CARTESIAN_POINT('',(1.733945483019,0.359673158778));
#1729 = CARTESIAN_POINT('',(1.736997771831,0.357078416878));
#1730 = CARTESIAN_POINT('',(1.740098905349,0.354538324781));
#1731 = CARTESIAN_POINT('',(1.743247448273,0.352053999378));
#1732 = CARTESIAN_POINT('',(1.746441950717,0.349626516664));
#1733 = CARTESIAN_POINT('',(1.752233020827,0.345389851375));
#1734 = CARTESIAN_POINT('',(1.75481271693,0.343558722314));
#1735 = CARTESIAN_POINT('',(1.75741932015,0.341764030756));
#1736 = CARTESIAN_POINT('',(1.760052108464,0.340006266335));
#1737 = CARTESIAN_POINT('',(1.762710354207,0.338285902117));
#1738 = CARTESIAN_POINT('',(1.767560408677,0.335244402003));
#1739 = CARTESIAN_POINT('',(1.76974362359,0.333910107371));
#1740 = CARTESIAN_POINT('',(1.771942582377,0.33260075121));
#1741 = CARTESIAN_POINT('',(1.774156896254,0.331316566699));
#1742 = CARTESIAN_POINT('',(1.776386174077,0.330057779683));
#1743 = CARTESIAN_POINT('',(1.781621897183,0.327180338245));
#1744 = CARTESIAN_POINT('',(1.784639676537,0.325581609521));
#1745 = CARTESIAN_POINT('',(1.787682427488,0.324028940625));
#1746 = CARTESIAN_POINT('',(1.790749210005,0.322522825572));
#1747 = CARTESIAN_POINT('',(1.793839076944,0.321063734261));
#1748 = CARTESIAN_POINT('',(1.800952308592,0.317837126886));
#1749 = CARTESIAN_POINT('',(1.804990128164,0.316100614374));
#1750 = CARTESIAN_POINT('',(1.809062503962,0.314443522865));
#1751 = CARTESIAN_POINT('',(1.813167389793,0.312866731244));
#1752 = CARTESIAN_POINT('',(1.817302722073,0.311371049349));
#1753 = CARTESIAN_POINT('',(1.849106477326,0.300571719067));
#1754 = CARTESIAN_POINT('',(1.878007668881,0.294789424323));
#1755 = CARTESIAN_POINT('',(1.907538129915,0.29284041444));
#1756 = CARTESIAN_POINT('',(1.937068959911,0.294783863024));
#1757 = CARTESIAN_POINT('',(1.965971248234,0.300560724694));
#1758 = CARTESIAN_POINT('',(1.997777069574,0.311354092054));
#1759 = CARTESIAN_POINT('',(2.001912688358,0.312848998992));
#1760 = CARTESIAN_POINT('',(2.00601787647,0.31442502171));
#1761 = CARTESIAN_POINT('',(2.010090570227,0.316081350768));
#1762 = CARTESIAN_POINT('',(2.014128723336,0.317817107674));
#1763 = CARTESIAN_POINT('',(2.021242575499,0.321042384643));
#1764 = CARTESIAN_POINT('',(2.024332723303,0.322500898302));
#1765 = CARTESIAN_POINT('',(2.027399795992,0.324006440259));
#1766 = CARTESIAN_POINT('',(2.03044284637,0.325558540793));
#1767 = CARTESIAN_POINT('',(2.033460934351,0.327156706067));
#1768 = CARTESIAN_POINT('',(2.038697213602,0.330033170399));
#1769 = CARTESIAN_POINT('',(2.04092673494,0.331291541537));
#1770 = CARTESIAN_POINT('',(2.043141297453,0.332575313104));
#1771 = CARTESIAN_POINT('',(2.045340509975,0.333884259327));
#1772 = CARTESIAN_POINT('',(2.047523983697,0.335218147099));
#1773 = CARTESIAN_POINT('',(2.052374628764,0.338258743722));
#1774 = CARTESIAN_POINT('',(2.055033208985,0.33997861299));
#1775 = CARTESIAN_POINT('',(2.057666339474,0.341735887421));
#1776 = CARTESIAN_POINT('',(2.06027329252,0.343530094084));
#1777 = CARTESIAN_POINT('',(2.062853346057,0.345360743473));
#1778 = CARTESIAN_POINT('',(2.068645244509,0.349596332531));
#1779 = CARTESIAN_POINT('',(2.071840222478,0.35202322196));
#1780 = CARTESIAN_POINT('',(2.074989253011,0.354506962963));
#1781 = CARTESIAN_POINT('',(2.078090886133,0.357046479805));
#1782 = CARTESIAN_POINT('',(2.08114368645,0.359640655846));
#1783 = CARTESIAN_POINT('',(2.087876342466,0.365577583716));
#1784 = CARTESIAN_POINT('',(2.091528893425,0.368949406998));
#1785 = CARTESIAN_POINT('',(2.095101162056,0.37240158352));
#1786 = CARTESIAN_POINT('',(2.098590457908,0.375931801665));
#1787 = CARTESIAN_POINT('',(2.101994124045,0.37953765808));
#1788 = CARTESIAN_POINT('',(2.109513836924,0.387882024375));
#1789 = CARTESIAN_POINT('',(2.113576218382,0.392665016692));
#1790 = CARTESIAN_POINT('',(2.117491331295,0.3975605455));
#1791 = CARTESIAN_POINT('',(2.121253907806,0.402563299285));
#1792 = CARTESIAN_POINT('',(2.124858762336,0.407667744134));
#1793 = CARTESIAN_POINT('',(2.132602330503,0.419367090954));
#1794 = CARTESIAN_POINT('',(2.136649580286,0.426015898308));
#1795 = CARTESIAN_POINT('',(2.140432568499,0.432803310054));
#1796 = CARTESIAN_POINT('',(2.143941533221,0.43971757775));
#1797 = CARTESIAN_POINT('',(2.147166923039,0.446746440259));
#1798 = CARTESIAN_POINT('',(2.154068262367,0.463527924478));
#1799 = CARTESIAN_POINT('',(2.157500607246,0.473365315962));
#1800 = CARTESIAN_POINT('',(2.160373299416,0.483357507771));
#1801 = CARTESIAN_POINT('',(2.16266396848,0.493471243055));
#1802 = CARTESIAN_POINT('',(2.164351365699,0.503671624928));
#1803 = CARTESIAN_POINT('',(2.166298525593,0.522423780295));
#1804 = CARTESIAN_POINT('',(2.166752803987,0.530960044489));
#1805 = CARTESIAN_POINT('',(2.166767098779,0.539509824963));
#1806 = CARTESIAN_POINT('',(2.166331075478,0.548051529028));
#1807 = CARTESIAN_POINT('',(2.16543552528,0.556562881789));
#1808 = CARTESIAN_POINT('',(2.161811361032,0.579049851118));
#1809 = CARTESIAN_POINT('',(2.158263938175,0.592932621446));
#1810 = CARTESIAN_POINT('',(2.153394872967,0.606563944042));
#1811 = CARTESIAN_POINT('',(2.147179555365,0.619834884125));
#1812 = CARTESIAN_POINT('',(2.139612768494,0.632634596017));
#1813 = CARTESIAN_POINT('',(2.123199840814,0.655177315171));
#1814 = CARTESIAN_POINT('',(2.114733078911,0.665087225568));
#1815 = CARTESIAN_POINT('',(2.105330997373,0.674515111007));
#1816 = CARTESIAN_POINT('',(2.095021543557,0.683395803662));
#1817 = CARTESIAN_POINT('',(2.083849759499,0.691667634658));
#1818 = CARTESIAN_POINT('',(2.066586273519,0.702639276214));
#1819 = CARTESIAN_POINT('',(2.06113574794,0.705874041879));
#1820 = CARTESIAN_POINT('',(2.055534745239,0.708973870448));
#1821 = CARTESIAN_POINT('',(2.049789539507,0.71193418933));
#1822 = CARTESIAN_POINT('',(2.043907100944,0.714750706598));
#1823 = CARTESIAN_POINT('',(2.025842166386,0.722769656938));
#1824 = CARTESIAN_POINT('',(2.013268416164,0.727525876334));
#1825 = CARTESIAN_POINT('',(2.000235455155,0.731655850989));
#1826 = CARTESIAN_POINT('',(1.986815940207,0.735132809138));
#1827 = CARTESIAN_POINT('',(1.973091043797,0.737936296835));
#1828 = CARTESIAN_POINT('',(1.959147922792,0.740053049343));
#1829 = ( GEOMETRIC_REPRESENTATION_CONTEXT(2) 
PARAMETRIC_REPRESENTATION_CONTEXT() REPRESENTATION_CONTEXT('2D SPACE',''
  ) );
#1830 = PCURVE('',#1394,#1831);
#1831 = DEFINITIONAL_REPRESENTATION('',(#1832),#1985);
#1832 = B_SPLINE_CURVE_WITH_KNOTS('',6,(#1833,#1834,#1835,#1836,#1837,
    #1838,#1839,#1840,#1841,#1842,#1843,#1844,#1845,#1846,#1847,#1848,
    #1849,#1850,#1851,#1852,#1853,#1854,#1855,#1856,#1857,#1858,#1859,
    #1860,#1861,#1862,#1863,#1864,#1865,#1866,#1867,#1868,#1869,#1870,
    #1871,#1872,#1873,#1874,#1875,#1876,#1877,#1878,#1879,#1880,#1881,
    #1882,#1883,#1884,#1885,#1886,#1887,#1888,#1889,#1890,#1891,#1892,
    #1893,#1894,#1895,#1896,#1897,#1898,#1899,#1900,#1901,#1902,#1903,
    #1904,#1905,#1906,#1907,#1908,#1909,#1910,#1911,#1912,#1913,#1914,
    #1915,#1916,#1917,#1918,#1919,#1920,#1921,#1922,#1923,#1924,#1925,
    #1926,#1927,#1928,#1929,#1930,#1931,#1932,#1933,#1934,#1935,#1936,
    #1937,#1938,#1939,#1940,#1941,#1942,#1943,#1944,#1945,#1946,#1947,
    #1948,#1949,#1950,#1951,#1952,#1953,#1954,#1955,#1956,#1957,#1958,
    #1959,#1960,#1961,#1962,#1963,#1964,#1965,#1966,#1967,#1968,#1969,
    #1970,#1971,#1972,#1973,#1974,#1975,#1976,#1977,#1978,#1979,#1980,
    #1981,#1982,#1983,#1984),.UNSPECIFIED.,.F.,.F.,(7,5,5,5,5,5,5,5,5,5,
    5,5,5,5,5,5,5,5,5,5,5,5,5,5,5,5,5,5,5,5,7),(0.,2.784745392176E-02,
    9.563501189429E-02,0.120352645339,0.174676835542,0.235378959224,
    0.271976261394,0.316100119744,0.348701896741,0.374789368617,
    0.395361342877,0.411920727895,0.424968207234,0.435506898724,
    0.449558849713,0.467626074668,0.58756252689,0.605629752578,
    0.619681704437,0.630220396796,0.643267877511,0.659827264824,
    0.680399242876,0.706486721059,0.73908850755,0.783212376658,
    0.819809676842,0.880511744289,0.931812489985,0.954505273945,1.),
  .UNSPECIFIED.);
#1833 = CARTESIAN_POINT('',(3.552713678801E-15,9.887482193696));
#1834 = CARTESIAN_POINT('',(2.895411934215E-02,9.887482194026));
#1835 = CARTESIAN_POINT('',(5.790092012097E-02,9.887482193802));
#1836 = CARTESIAN_POINT('',(8.684272016149E-02,9.887482193558));
#1837 = CARTESIAN_POINT('',(0.115781476037,9.887482193538));
#1838 = CARTESIAN_POINT('',(0.144718783068,9.887482193696));
#1839 = CARTESIAN_POINT('',(0.244095881236,9.887482193696));
#1840 = CARTESIAN_POINT('',(0.314538107122,9.887482193696));
#1841 = CARTESIAN_POINT('',(0.385003270146,9.887482193696));
#1842 = CARTESIAN_POINT('',(0.455516170601,9.887482193696));
#1843 = CARTESIAN_POINT('',(0.526095681005,9.887482193696));
#1844 = CARTESIAN_POINT('',(0.622505766833,9.887482193696));
#1845 = CARTESIAN_POINT('',(0.648276231014,9.887482193696));
#1846 = CARTESIAN_POINT('',(0.674056431699,9.887482193696));
#1847 = CARTESIAN_POINT('',(0.699846528902,9.887482193696));
#1848 = CARTESIAN_POINT('',(0.725646538698,9.887482193696));
#1849 = CARTESIAN_POINT('',(0.808180865116,9.887482193696));
#1850 = CARTESIAN_POINT('',(0.864954190714,9.887482193696));
#1851 = CARTESIAN_POINT('',(0.921771859714,9.887482193696));
#1852 = CARTESIAN_POINT('',(0.978631260277,9.887482193696));
#1853 = CARTESIAN_POINT('',(1.035528172978,9.887482193696));
#1854 = CARTESIAN_POINT('',(1.15606177602,9.887482193696));
#1855 = CARTESIAN_POINT('',(1.219709323259,9.887482193696));
#1856 = CARTESIAN_POINT('',(1.283382744434,9.887482193696));
#1857 = CARTESIAN_POINT('',(1.347075963533,9.887482193696));
#1858 = CARTESIAN_POINT('',(1.410783888722,9.887482193696));
#1859 = CARTESIAN_POINT('',(1.512908424778,9.887482193696));
#1860 = CARTESIAN_POINT('',(1.551323061399,9.887482193696));
#1861 = CARTESIAN_POINT('',(1.589738942134,9.887482193696));
#1862 = CARTESIAN_POINT('',(1.628155054827,9.887482193696));
#1863 = CARTESIAN_POINT('',(1.666570593374,9.887482193696));
#1864 = CARTESIAN_POINT('',(1.751299573034,9.887482193696));
#1865 = CARTESIAN_POINT('',(1.797612867336,9.887482193696));
#1866 = CARTESIAN_POINT('',(1.84392317394,9.887482193696));
#1867 = CARTESIAN_POINT('',(1.89023027595,9.887482193696));
#1868 = CARTESIAN_POINT('',(1.936534258043,9.887482193696));
#1869 = CARTESIAN_POINT('',(2.017044094162,9.887482193696));
#1870 = CARTESIAN_POINT('',(2.051251905394,9.887482193696));
#1871 = CARTESIAN_POINT('',(2.085457767667,9.887482193696));
#1872 = CARTESIAN_POINT('',(2.119661697445,9.887482193696));
#1873 = CARTESIAN_POINT('',(2.153863751935,9.887482193696));
#1874 = CARTESIAN_POINT('',(2.215430597732,9.887482193696));
#1875 = CARTESIAN_POINT('',(2.242796048338,9.887482193696));
#1876 = CARTESIAN_POINT('',(2.270160431656,9.887482193696));
#1877 = CARTESIAN_POINT('',(2.297523803794,9.887482193696));
#1878 = CARTESIAN_POINT('',(2.324886226219,9.887482193696));
#1879 = CARTESIAN_POINT('',(2.37382444017,9.887482193696));
#1880 = CARTESIAN_POINT('',(2.39540057203,9.887482193696));
#1881 = CARTESIAN_POINT('',(2.416976194203,9.887482193696));
#1882 = CARTESIAN_POINT('',(2.438551339296,9.887482193696));
#1883 = CARTESIAN_POINT('',(2.460126039654,9.887482193696));
#1884 = CARTESIAN_POINT('',(2.499066523334,9.887482193696));
#1885 = CARTESIAN_POINT('',(2.516432454132,9.887482193696));
#1886 = CARTESIAN_POINT('',(2.533798136545,9.887482193696));
#1887 = CARTESIAN_POINT('',(2.551163586777,9.887482193696));
#1888 = CARTESIAN_POINT('',(2.568528820439,9.887482193696));
#1889 = CARTESIAN_POINT('',(2.599576117774,9.887482193696));
#1890 = CARTESIAN_POINT('',(2.613258258592,9.887482193696));
#1891 = CARTESIAN_POINT('',(2.626940282394,9.887482193696));
#1892 = CARTESIAN_POINT('',(2.640622196254,9.887482193696));
#1893 = CARTESIAN_POINT('',(2.654304006935,9.887482193696));
#1894 = CARTESIAN_POINT('',(2.67903669546,9.887482193696));
#1895 = CARTESIAN_POINT('',(2.690087607169,9.887482193696));
#1896 = CARTESIAN_POINT('',(2.701138459429,9.887482193696));
#1897 = CARTESIAN_POINT('',(2.712189255509,9.887482193696));
#1898 = CARTESIAN_POINT('',(2.72323999853,9.887482193696));
#1899 = CARTESIAN_POINT('',(2.749025328654,9.887482193696));
#1900 = CARTESIAN_POINT('',(2.76375987732,9.887482193696));
#1901 = CARTESIAN_POINT('',(2.778494344423,9.887482193696));
#1902 = CARTESIAN_POINT('',(2.793228736453,9.887482193696));
#1903 = CARTESIAN_POINT('',(2.80796305943,9.887482193696));
#1904 = CARTESIAN_POINT('',(2.841641818544,9.887482193696));
#1905 = CARTESIAN_POINT('',(2.860586215141,9.887482193696));
#1906 = CARTESIAN_POINT('',(2.879530520165,9.887482193696));
#1907 = CARTESIAN_POINT('',(2.898474743903,9.887482193696));
#1908 = CARTESIAN_POINT('',(2.917418895458,9.887482193696));
#1909 = CARTESIAN_POINT('',(3.06212034872,9.887482193696));
#1910 = CARTESIAN_POINT('',(3.187924506695,9.887482193696));
#1911 = CARTESIAN_POINT('',(3.313669841844,9.887482193696));
#1912 = CARTESIAN_POINT('',(3.439415176591,9.887482193696));
#1913 = CARTESIAN_POINT('',(3.565219333429,9.887482193696));
#1914 = CARTESIAN_POINT('',(3.709920783004,9.887482193696));
#1915 = CARTESIAN_POINT('',(3.72886493468,9.887482193696));
#1916 = CARTESIAN_POINT('',(3.747809158466,9.887482193696));
#1917 = CARTESIAN_POINT('',(3.76675346346,9.887482193696));
#1918 = CARTESIAN_POINT('',(3.785697859941,9.887482193696));
#1919 = CARTESIAN_POINT('',(3.819376618999,9.887482193696));
#1920 = CARTESIAN_POINT('',(3.834110942071,9.887482193696));
#1921 = CARTESIAN_POINT('',(3.848845334137,9.887482193696));
#1922 = CARTESIAN_POINT('',(3.863579801214,9.887482193696));
#1923 = CARTESIAN_POINT('',(3.878314349786,9.887482193696));
#1924 = CARTESIAN_POINT('',(3.90409967985,9.887482193696));
#1925 = CARTESIAN_POINT('',(3.915150422935,9.887482193696));
#1926 = CARTESIAN_POINT('',(3.926201219038,9.887482193696));
#1927 = CARTESIAN_POINT('',(3.937252071279,9.887482193696));
#1928 = CARTESIAN_POINT('',(3.948302982925,9.887482193696));
#1929 = CARTESIAN_POINT('',(3.973035671523,9.887482193696));
#1930 = CARTESIAN_POINT('',(3.986717482317,9.887482193696));
#1931 = CARTESIAN_POINT('',(4.000399396217,9.887482193696));
#1932 = CARTESIAN_POINT('',(4.014081419985,9.887482193696));
#1933 = CARTESIAN_POINT('',(4.027763560693,9.887482193696));
#1934 = CARTESIAN_POINT('',(4.05881085817,9.887482193696));
#1935 = CARTESIAN_POINT('',(4.076176092037,9.887482193696));
#1936 = CARTESIAN_POINT('',(4.093541542342,9.887482193696));
#1937 = CARTESIAN_POINT('',(4.110907224693,9.887482193696));
#1938 = CARTESIAN_POINT('',(4.128273155287,9.887482193696));
#1939 = CARTESIAN_POINT('',(4.167213639182,9.887482193696));
#1940 = CARTESIAN_POINT('',(4.18878833988,9.887482193696));
#1941 = CARTESIAN_POINT('',(4.210363485089,9.887482193696));
#1942 = CARTESIAN_POINT('',(4.23193910715,9.887482193696));
#1943 = CARTESIAN_POINT('',(4.253515238671,9.887482193696));
#1944 = CARTESIAN_POINT('',(4.302453452914,9.887482193696));
#1945 = CARTESIAN_POINT('',(4.329815875834,9.887482193696));
#1946 = CARTESIAN_POINT('',(4.357179248113,9.887482193696));
#1947 = CARTESIAN_POINT('',(4.384543631232,9.887482193696));
#1948 = CARTESIAN_POINT('',(4.411909081328,9.887482193696));
#1949 = CARTESIAN_POINT('',(4.473475927054,9.887482193696));
#1950 = CARTESIAN_POINT('',(4.507677981831,9.887482193696));
#1951 = CARTESIAN_POINT('',(4.541881911546,9.887482193696));
#1952 = CARTESIAN_POINT('',(4.576087773522,9.887482193696));
#1953 = CARTESIAN_POINT('',(4.610295584378,9.887482193696));
#1954 = CARTESIAN_POINT('',(4.690805417682,9.887482193696));
#1955 = CARTESIAN_POINT('',(4.737109397411,9.887482193696));
#1956 = CARTESIAN_POINT('',(4.783416497778,9.887482193696));
#1957 = CARTESIAN_POINT('',(4.829726804095,9.887482193696));
#1958 = CARTESIAN_POINT('',(4.876040100253,9.887482193696));
#1959 = CARTESIAN_POINT('',(4.960769077589,9.887482193696));
#1960 = CARTESIAN_POINT('',(4.999184610953,9.887482193696));
#1961 = CARTESIAN_POINT('',(5.037600721166,9.887482193696));
#1962 = CARTESIAN_POINT('',(5.07601660273,9.887482193696));
#1963 = CARTESIAN_POINT('',(5.114431244123,9.887482193696));
#1964 = CARTESIAN_POINT('',(5.21655574954,9.887482193696));
#1965 = CARTESIAN_POINT('',(5.280263647027,9.887482193696));
#1966 = CARTESIAN_POINT('',(5.3439568544,9.887482193696));
#1967 = CARTESIAN_POINT('',(5.407630282259,9.887482193696));
#1968 = CARTESIAN_POINT('',(5.471277855894,9.887482193696));
#1969 = CARTESIAN_POINT('',(5.588643391739,9.887482193696));
#1970 = CARTESIAN_POINT('',(5.642375065886,9.887482193696));
#1971 = CARTESIAN_POINT('',(5.69607384084,9.887482193696));
#1972 = CARTESIAN_POINT('',(5.749735997451,9.887482193696));
#1973 = CARTESIAN_POINT('',(5.803359034012,9.887482193696));
#1974 = CARTESIAN_POINT('',(5.88064009029,9.887482193696));
#1975 = CARTESIAN_POINT('',(5.904332923863,9.887482193696));
#1976 = CARTESIAN_POINT('',(5.928017433091,9.887482193696));
#1977 = CARTESIAN_POINT('',(5.951693581705,9.887482193696));
#1978 = CARTESIAN_POINT('',(5.975361432545,9.887482193696));
#1979 = CARTESIAN_POINT('',(6.046454386907,9.887482193696));
#1980 = CARTESIAN_POINT('',(6.093855243367,9.887482194019));
#1981 = CARTESIAN_POINT('',(6.141224411051,9.887482193453));
#1982 = CARTESIAN_POINT('',(6.188565572588,9.887482193265));
#1983 = CARTESIAN_POINT('',(6.235884025268,9.887482194235));
#1984 = CARTESIAN_POINT('',(6.28318530718,9.887482193696));
#1985 = ( GEOMETRIC_REPRESENTATION_CONTEXT(2) 
PARAMETRIC_REPRESENTATION_CONTEXT() REPRESENTATION_CONTEXT('2D SPACE',''
  ) );
#1986 = ADVANCED_FACE('',(#1987),#1394,.F.);
#1987 = FACE_BOUND('',#1988,.F.);
#1988 = EDGE_LOOP('',(#1989,#1990,#2011,#2012));
#1989 = ORIENTED_EDGE('',*,*,#1517,.F.);
#1990 = ORIENTED_EDGE('',*,*,#1991,.F.);
#1991 = EDGE_CURVE('',#1156,#1518,#1992,.T.);
#1992 = SEAM_CURVE('',#1993,(#1997,#2004),.PCURVE_S1.);
#1993 = LINE('',#1994,#1995);
#1994 = CARTESIAN_POINT('',(-4.882117818245,66.289967164406,
    9.31114622301));
#1995 = VECTOR('',#1996,1.);
#1996 = DIRECTION('',(-0.286788218176,0.819152044289,0.496731764892));
#1997 = PCURVE('',#1394,#1998);
#1998 = DEFINITIONAL_REPRESENTATION('',(#1999),#2003);
#1999 = LINE('',#2000,#2001);
#2000 = CARTESIAN_POINT('',(6.28318530718,-0.));
#2001 = VECTOR('',#2002,1.);
#2002 = DIRECTION('',(0.,1.));
#2003 = ( GEOMETRIC_REPRESENTATION_CONTEXT(2) 
PARAMETRIC_REPRESENTATION_CONTEXT() REPRESENTATION_CONTEXT('2D SPACE',''
  ) );
#2004 = PCURVE('',#1394,#2005);
#2005 = DEFINITIONAL_REPRESENTATION('',(#2006),#2010);
#2006 = LINE('',#2007,#2008);
#2007 = CARTESIAN_POINT('',(0.,-0.));
#2008 = VECTOR('',#2009,1.);
#2009 = DIRECTION('',(0.,1.));
#2010 = ( GEOMETRIC_REPRESENTATION_CONTEXT(2) 
PARAMETRIC_REPRESENTATION_CONTEXT() REPRESENTATION_CONTEXT('2D SPACE',''
  ) );
#2011 = ORIENTED_EDGE('',*,*,#1155,.T.);
#2012 = ORIENTED_EDGE('',*,*,#1991,.T.);
#2013 = ( GEOMETRIC_REPRESENTATION_CONTEXT(3) 
GLOBAL_UNCERTAINTY_ASSIGNED_CONTEXT((#2017)) 
GLOBAL_UNIT_ASSIGNED_CONTEXT((#2014,#2015,#2016)) REPRESENTATION_CONTEXT
('Context #1','3D Context with UNIT and UNCERTAINTY') );
#2014 = ( LENGTH_UNIT() NAMED_UNIT(*) SI_UNIT(.MILLI.,.METRE.) );
#2015 = ( NAMED_UNIT(*) PLANE_ANGLE_UNIT() SI_UNIT($,.RADIAN.) );
#2016 = ( NAMED_UNIT(*) SI_UNIT($,.STERADIAN.) SOLID_ANGLE_UNIT() );
#2017 = UNCERTAINTY_MEASURE_WITH_UNIT(LENGTH_MEASURE(2.E-07),#2014,
  'distance_accuracy_value','confusion accuracy');
#2018 = SHAPE_DEFINITION_REPRESENTATION(#2019,#1144);
#2019 = PRODUCT_DEFINITION_SHAPE('','',#2020);
#2020 = PRODUCT_DEFINITION('design','',#2021,#2024);
#2021 = PRODUCT_DEFINITION_FORMATION('','',#2022);
#2022 = PRODUCT('Open CASCADE STEP translator 7.5 3.3',
  'Open CASCADE STEP translator 7.5 3.3','',(#2023));
#2023 = PRODUCT_CONTEXT('',#2,'mechanical');
#2024 = PRODUCT_DEFINITION_CONTEXT('part definition',#2,'design');
#2025 = CONTEXT_DEPENDENT_SHAPE_REPRESENTATION(#2026,#2028);
#2026 = ( REPRESENTATION_RELATIONSHIP('','',#1144,#10) 
REPRESENTATION_RELATIONSHIP_WITH_TRANSFORMATION(#2027) 
SHAPE_REPRESENTATION_RELATIONSHIP() );
#2027 = ITEM_DEFINED_TRANSFORMATION('','',#11,#23);
#2028 = PRODUCT_DEFINITION_SHAPE('Placement','Placement of an item',
  #2029);
#2029 = NEXT_ASSEMBLY_USAGE_OCCURRENCE('3','','',#5,#2020,$);
#2030 = PRODUCT_RELATED_PRODUCT_CATEGORY('part',$,(#2022));
#2031 = ADVANCED_BREP_SHAPE_REPRESENTATION('',(#11,#2032),#2210);
#2032 = MANIFOLD_SOLID_BREP('',#2033);
#2033 = CLOSED_SHELL('',(#2034,#2183));
#2034 = ADVANCED_FACE('',(#2035,#2039,#2116),#2052,.T.);
#2035 = FACE_BOUND('',#2036,.T.);
#2036 = VERTEX_LOOP('',#2037);
#2037 = VERTEX_POINT('',#2038);
#2038 = CARTESIAN_POINT('',(-12.91890603642,71.3138158007,4.5));
#2039 = FACE_BOUND('',#2040,.T.);
#2040 = EDGE_LOOP('',(#2041));
#2041 = ORIENTED_EDGE('',*,*,#2042,.F.);
#2042 = EDGE_CURVE('',#2043,#2043,#2045,.T.);
#2043 = VERTEX_POINT('',#2044);
#2044 = CARTESIAN_POINT('',(-14.61631039334,75.481407245298,
    2.13522832659E-15));
#2045 = SURFACE_CURVE('',#2046,(#2051,#2104),.PCURVE_S1.);
#2046 = CIRCLE('',#2047,1.);
#2047 = AXIS2_PLACEMENT_3D('',#2048,#2049,#2050);
#2048 = CARTESIAN_POINT('',(-15.43546243763,74.907830808947,
    1.890298966761E-15));
#2049 = DIRECTION('',(-0.573576436351,0.819152044289,7.024285468437E-17)
  );
#2050 = DIRECTION('',(-0.819152044289,-0.573576436351,0.));
#2051 = PCURVE('',#2052,#2057);
#2052 = SPHERICAL_SURFACE('',#2053,4.5);
#2053 = AXIS2_PLACEMENT_3D('',#2054,#2055,#2056);
#2054 = CARTESIAN_POINT('',(-12.91890603642,71.3138158007,
    1.582109692599E-15));
#2055 = DIRECTION('',(0.,0.,1.));
#2056 = DIRECTION('',(1.,0.,-0.));
#2057 = DEFINITIONAL_REPRESENTATION('',(#2058),#2103);
#2058 = B_SPLINE_CURVE_WITH_KNOTS('',8,(#2059,#2060,#2061,#2062,#2063,
    #2064,#2065,#2066,#2067,#2068,#2069,#2070,#2071,#2072,#2073,#2074,
    #2075,#2076,#2077,#2078,#2079,#2080,#2081,#2082,#2083,#2084,#2085,
    #2086,#2087,#2088,#2089,#2090,#2091,#2092,#2093,#2094,#2095,#2096,
    #2097,#2098,#2099,#2100,#2101,#2102),.UNSPECIFIED.,.F.,.F.,(9,7,7,7,
    7,7,9),(3.14159265359,3.926990816987,5.301437602933,6.332272692392,
    7.105399009486,8.265088485128,9.424777960769),.UNSPECIFIED.);
#2059 = CARTESIAN_POINT('',(1.957568472692,1.943873697615E-16));
#2060 = CARTESIAN_POINT('',(1.957568472692,-2.181661564993E-02));
#2061 = CARTESIAN_POINT('',(1.959955222038,-4.363326379735E-02));
#2062 = CARTESIAN_POINT('',(1.964728082382,-6.51451782606E-02));
#2063 = CARTESIAN_POINT('',(1.971853547291,-8.604811224883E-02));
#2064 = CARTESIAN_POINT('',(1.981262279196,-0.106042384084));
#2065 = CARTESIAN_POINT('',(1.992845288339,-0.124839027612));
#2066 = CARTESIAN_POINT('',(2.006449253736,-0.142168047306));
#2067 = CARTESIAN_POINT('',(2.048859017893,-0.185125056859));
#2068 = CARTESIAN_POINT('',(2.081414888829,-0.207229873332));
#2069 = CARTESIAN_POINT('',(2.118450022316,-0.222812637646));
#2070 = CARTESIAN_POINT('',(2.158448368784,-0.230865576609));
#2071 = CARTESIAN_POINT('',(2.19938160933,-0.230804071605));
#2072 = CARTESIAN_POINT('',(2.239025445203,-0.222762204018));
#2073 = CARTESIAN_POINT('',(2.275572400892,-0.207421650436));
#2074 = CARTESIAN_POINT('',(2.331651196953,-0.169651785589));
#2075 = CARTESIAN_POINT('',(2.353152985887,-0.149953554429));
#2076 = CARTESIAN_POINT('',(2.371531645497,-0.127189441241));
#2077 = CARTESIAN_POINT('',(2.386332562071,-0.101925803025));
#2078 = CARTESIAN_POINT('',(2.397255556822,-7.480210078131E-02));
#2079 = CARTESIAN_POINT('',(2.404126019391,-4.649568437898E-02));
#2080 = CARTESIAN_POINT('',(2.406863709108,-1.769737339937E-02));
#2081 = CARTESIAN_POINT('',(2.404466120274,3.235528154456E-02));
#2082 = CARTESIAN_POINT('',(2.401127795121,5.369578376748E-02));
#2083 = CARTESIAN_POINT('',(2.395489620643,7.463518889408E-02));
#2084 = CARTESIAN_POINT('',(2.387593380484,9.488463323385E-02));
#2085 = CARTESIAN_POINT('',(2.377515462902,0.114160825407));
#2086 = CARTESIAN_POINT('',(2.365370790988,0.132192022686));
#2087 = CARTESIAN_POINT('',(2.351316924414,0.148726009163));
#2088 = CARTESIAN_POINT('',(2.311920445056,0.185761175604));
#2089 = CARTESIAN_POINT('',(2.284446501924,0.204112508819));
#2090 = CARTESIAN_POINT('',(2.253824745318,0.217842147589));
#2091 = CARTESIAN_POINT('',(2.220966644903,0.22634937952));
#2092 = CARTESIAN_POINT('',(2.187018488844,0.229250273107));
#2093 = CARTESIAN_POINT('',(2.153262005201,0.226484520489));
#2094 = CARTESIAN_POINT('',(2.120867012206,0.218291320803));
#2095 = CARTESIAN_POINT('',(2.060791761698,0.191993237399));
#2096 = CARTESIAN_POINT('',(2.033111382489,0.173888606278));
#2097 = CARTESIAN_POINT('',(2.008783091265,0.151298653866));
#2098 = CARTESIAN_POINT('',(1.988623478562,0.124933110262));
#2099 = CARTESIAN_POINT('',(1.973179172255,9.565944659919E-02));
#2100 = CARTESIAN_POINT('',(1.962771734412,6.442740444247E-02));
#2101 = CARTESIAN_POINT('',(1.957568472692,3.22135965456E-02));
#2102 = CARTESIAN_POINT('',(1.957568472692,1.501296253125E-16));
#2103 = ( GEOMETRIC_REPRESENTATION_CONTEXT(2) 
PARAMETRIC_REPRESENTATION_CONTEXT() REPRESENTATION_CONTEXT('2D SPACE',''
  ) );
#2104 = PCURVE('',#2105,#2110);
#2105 = CYLINDRICAL_SURFACE('',#2106,1.);
#2106 = AXIS2_PLACEMENT_3D('',#2107,#2108,#2109);
#2107 = CARTESIAN_POINT('',(-9.76423563649,66.80847955711,
    1.195773991835E-15));
#2108 = DIRECTION('',(-0.573576436351,0.819152044289,7.024285468437E-17)
  );
#2109 = DIRECTION('',(0.819152044289,0.573576436351,0.));
#2110 = DEFINITIONAL_REPRESENTATION('',(#2111),#2115);
#2111 = LINE('',#2112,#2113);
#2112 = CARTESIAN_POINT('',(-3.14159265359,9.887482193696));
#2113 = VECTOR('',#2114,1.);
#2114 = DIRECTION('',(1.,0.));
#2115 = ( GEOMETRIC_REPRESENTATION_CONTEXT(2) 
PARAMETRIC_REPRESENTATION_CONTEXT() REPRESENTATION_CONTEXT('2D SPACE',''
  ) );
#2116 = FACE_BOUND('',#2117,.T.);
#2117 = EDGE_LOOP('',(#2118));
#2118 = ORIENTED_EDGE('',*,*,#2119,.T.);
#2119 = EDGE_CURVE('',#2120,#2120,#2122,.T.);
#2120 = VERTEX_POINT('',#2121);
#2121 = CARTESIAN_POINT('',(-9.583197590917,68.293377228803,
    1.518849778266E-15));
#2122 = SURFACE_CURVE('',#2123,(#2128,#2176),.PCURVE_S1.);
#2123 = CIRCLE('',#2124,1.);
#2124 = AXIS2_PLACEMENT_3D('',#2125,#2126,#2127);
#2125 = CARTESIAN_POINT('',(-10.4023496352,67.719800792452,
    1.273920418437E-15));
#2126 = DIRECTION('',(-0.573576436351,0.819152044289,7.024285468437E-17)
  );
#2127 = DIRECTION('',(-0.819152044289,-0.573576436351,0.));
#2128 = PCURVE('',#2052,#2129);
#2129 = DEFINITIONAL_REPRESENTATION('',(#2130),#2175);
#2130 = B_SPLINE_CURVE_WITH_KNOTS('',8,(#2131,#2132,#2133,#2134,#2135,
    #2136,#2137,#2138,#2139,#2140,#2141,#2142,#2143,#2144,#2145,#2146,
    #2147,#2148,#2149,#2150,#2151,#2152,#2153,#2154,#2155,#2156,#2157,
    #2158,#2159,#2160,#2161,#2162,#2163,#2164,#2165,#2166,#2167,#2168,
    #2169,#2170,#2171,#2172,#2173,#2174),.UNSPECIFIED.,.F.,.F.,(9,7,7,7,
    7,7,9),(3.14159265359,3.926990816987,5.301437602933,6.332272692392,
    7.105399009486,8.265088485128,9.424777960769),.UNSPECIFIED.);
#2131 = CARTESIAN_POINT('',(5.547347310884,5.741435902284E-17));
#2132 = CARTESIAN_POINT('',(5.547347310884,-2.181661564993E-02));
#2133 = CARTESIAN_POINT('',(5.544960561537,-4.363326379735E-02));
#2134 = CARTESIAN_POINT('',(5.540187701194,-6.51451782606E-02));
#2135 = CARTESIAN_POINT('',(5.533062236284,-8.604811224883E-02));
#2136 = CARTESIAN_POINT('',(5.523653504379,-0.106042384084));
#2137 = CARTESIAN_POINT('',(5.512070495237,-0.124839027612));
#2138 = CARTESIAN_POINT('',(5.498466529839,-0.142168047306));
#2139 = CARTESIAN_POINT('',(5.456056765682,-0.185125056859));
#2140 = CARTESIAN_POINT('',(5.423500894756,-0.207229873333));
#2141 = CARTESIAN_POINT('',(5.386465761227,-0.222812637647));
#2142 = CARTESIAN_POINT('',(5.346467414838,-0.230865576611));
#2143 = CARTESIAN_POINT('',(5.305534174207,-0.230804071606));
#2144 = CARTESIAN_POINT('',(5.265890338382,-0.222762204019));
#2145 = CARTESIAN_POINT('',(5.229343382684,-0.207421650436));
#2146 = CARTESIAN_POINT('',(5.173264586623,-0.169651785589));
#2147 = CARTESIAN_POINT('',(5.15176279769,-0.149953554429));
#2148 = CARTESIAN_POINT('',(5.133384138077,-0.127189441241));
#2149 = CARTESIAN_POINT('',(5.118583221505,-0.101925803025));
#2150 = CARTESIAN_POINT('',(5.107660226756,-7.480210078128E-02));
#2151 = CARTESIAN_POINT('',(5.100789764183,-4.649568437899E-02));
#2152 = CARTESIAN_POINT('',(5.098052074468,-1.769737339937E-02));
#2153 = CARTESIAN_POINT('',(5.100449663302,3.235528154456E-02));
#2154 = CARTESIAN_POINT('',(5.103787988455,5.369578376748E-02));
#2155 = CARTESIAN_POINT('',(5.109426162933,7.463518889408E-02));
#2156 = CARTESIAN_POINT('',(5.117322403091,9.488463323384E-02));
#2157 = CARTESIAN_POINT('',(5.127400320674,0.114160825407));
#2158 = CARTESIAN_POINT('',(5.139544992587,0.132192022686));
#2159 = CARTESIAN_POINT('',(5.153598859162,0.148726009163));
#2160 = CARTESIAN_POINT('',(5.19299533852,0.185761175604));
#2161 = CARTESIAN_POINT('',(5.220469281641,0.204112508819));
#2162 = CARTESIAN_POINT('',(5.251091038263,0.217842147589));
#2163 = CARTESIAN_POINT('',(5.283949138637,0.226349379521));
#2164 = CARTESIAN_POINT('',(5.317897294735,0.229250273107));
#2165 = CARTESIAN_POINT('',(5.351653778365,0.226484520489));
#2166 = CARTESIAN_POINT('',(5.38404877137,0.218291320803));
#2167 = CARTESIAN_POINT('',(5.444124021877,0.191993237399));
#2168 = CARTESIAN_POINT('',(5.471804401086,0.173888606278));
#2169 = CARTESIAN_POINT('',(5.496132692312,0.151298653866));
#2170 = CARTESIAN_POINT('',(5.516292305013,0.124933110262));
#2171 = CARTESIAN_POINT('',(5.53173661132,9.565944659921E-02));
#2172 = CARTESIAN_POINT('',(5.542144049164,6.442740444246E-02));
#2173 = CARTESIAN_POINT('',(5.547347310884,3.22135965456E-02));
#2174 = CARTESIAN_POINT('',(5.547347310884,1.315661457382E-17));
#2175 = ( GEOMETRIC_REPRESENTATION_CONTEXT(2) 
PARAMETRIC_REPRESENTATION_CONTEXT() REPRESENTATION_CONTEXT('2D SPACE',''
  ) );
#2176 = PCURVE('',#2105,#2177);
#2177 = DEFINITIONAL_REPRESENTATION('',(#2178),#2182);
#2178 = LINE('',#2179,#2180);
#2179 = CARTESIAN_POINT('',(-3.14159265359,1.112517806304));
#2180 = VECTOR('',#2181,1.);
#2181 = DIRECTION('',(1.,0.));
#2182 = ( GEOMETRIC_REPRESENTATION_CONTEXT(2) 
PARAMETRIC_REPRESENTATION_CONTEXT() REPRESENTATION_CONTEXT('2D SPACE',''
  ) );
#2183 = ADVANCED_FACE('',(#2184),#2105,.F.);
#2184 = FACE_BOUND('',#2185,.F.);
#2185 = EDGE_LOOP('',(#2186,#2187,#2208,#2209));
#2186 = ORIENTED_EDGE('',*,*,#2042,.F.);
#2187 = ORIENTED_EDGE('',*,*,#2188,.F.);
#2188 = EDGE_CURVE('',#2120,#2043,#2189,.T.);
#2189 = SEAM_CURVE('',#2190,(#2194,#2201),.PCURVE_S1.);
#2190 = LINE('',#2191,#2192);
#2191 = CARTESIAN_POINT('',(-8.945083592201,67.382055993461,
    1.440703351664E-15));
#2192 = VECTOR('',#2193,1.);
#2193 = DIRECTION('',(-0.573576436351,0.819152044289,7.024285468437E-17)
  );
#2194 = PCURVE('',#2105,#2195);
#2195 = DEFINITIONAL_REPRESENTATION('',(#2196),#2200);
#2196 = LINE('',#2197,#2198);
#2197 = CARTESIAN_POINT('',(6.28318530718,-0.));
#2198 = VECTOR('',#2199,1.);
#2199 = DIRECTION('',(0.,1.));
#2200 = ( GEOMETRIC_REPRESENTATION_CONTEXT(2) 
PARAMETRIC_REPRESENTATION_CONTEXT() REPRESENTATION_CONTEXT('2D SPACE',''
  ) );
#2201 = PCURVE('',#2105,#2202);
#2202 = DEFINITIONAL_REPRESENTATION('',(#2203),#2207);
#2203 = LINE('',#2204,#2205);
#2204 = CARTESIAN_POINT('',(0.,-0.));
#2205 = VECTOR('',#2206,1.);
#2206 = DIRECTION('',(0.,1.));
#2207 = ( GEOMETRIC_REPRESENTATION_CONTEXT(2) 
PARAMETRIC_REPRESENTATION_CONTEXT() REPRESENTATION_CONTEXT('2D SPACE',''
  ) );
#2208 = ORIENTED_EDGE('',*,*,#2119,.T.);
#2209 = ORIENTED_EDGE('',*,*,#2188,.T.);
#2210 = ( GEOMETRIC_REPRESENTATION_CONTEXT(3) 
GLOBAL_UNCERTAINTY_ASSIGNED_CONTEXT((#2214)) 
GLOBAL_UNIT_ASSIGNED_CONTEXT((#2211,#2212,#2213)) REPRESENTATION_CONTEXT
('Context #1','3D Context with UNIT and UNCERTAINTY') );
#2211 = ( LENGTH_UNIT() NAMED_UNIT(*) SI_UNIT(.MILLI.,.METRE.) );
#2212 = ( NAMED_UNIT(*) PLANE_ANGLE_UNIT() SI_UNIT($,.RADIAN.) );
#2213 = ( NAMED_UNIT(*) SI_UNIT($,.STERADIAN.) SOLID_ANGLE_UNIT() );
#2214 = UNCERTAINTY_MEASURE_WITH_UNIT(LENGTH_MEASURE(1.E-07),#2211,
  'distance_accuracy_value','confusion accuracy');
#2215 = SHAPE_DEFINITION_REPRESENTATION(#2216,#2031);
#2216 = PRODUCT_DEFINITION_SHAPE('','',#2217);
#2217 = PRODUCT_DEFINITION('design','',#2218,#2221);
#2218 = PRODUCT_DEFINITION_FORMATION('','',#2219);
#2219 = PRODUCT('Open CASCADE STEP translator 7.5 3.4',
  'Open CASCADE STEP translator 7.5 3.4','',(#2220));
#2220 = PRODUCT_CONTEXT('',#2,'mechanical');
#2221 = PRODUCT_DEFINITION_CONTEXT('part definition',#2,'design');
#2222 = CONTEXT_DEPENDENT_SHAPE_REPRESENTATION(#2223,#2225);
#2223 = ( REPRESENTATION_RELATIONSHIP('','',#2031,#10) 
REPRESENTATION_RELATIONSHIP_WITH_TRANSFORMATION(#2224) 
SHAPE_REPRESENTATION_RELATIONSHIP() );
#2224 = ITEM_DEFINED_TRANSFORMATION('','',#11,#27);
#2225 = PRODUCT_DEFINITION_SHAPE('Placement','Placement of an item',
  #2226);
#2226 = NEXT_ASSEMBLY_USAGE_OCCURRENCE('4','','',#5,#2217,$);
#2227 = PRODUCT_RELATED_PRODUCT_CATEGORY('part',$,(#2219));
#2228 = ADVANCED_BREP_SHAPE_REPRESENTATION('',(#11,#2229),#3112);
#2229 = MANIFOLD_SOLID_BREP('',#2230);
#2230 = CLOSED_SHELL('',(#2231,#3085));
#2231 = ADVANCED_FACE('',(#2232,#2236,#2613),#2362,.T.);
#2232 = FACE_BOUND('',#2233,.T.);
#2233 = VERTEX_LOOP('',#2234);
#2234 = VERTEX_POINT('',#2235);
#2235 = CARTESIAN_POINT('',(-6.45945301821,71.3138158007,-6.688100816644
    ));
#2236 = FACE_BOUND('',#2237,.T.);
#2237 = EDGE_LOOP('',(#2238));
#2238 = ORIENTED_EDGE('',*,*,#2239,.F.);
#2239 = EDGE_CURVE('',#2240,#2240,#2242,.T.);
#2240 = VERTEX_POINT('',#2241);
#2241 = CARTESIAN_POINT('',(-7.717731218817,75.426343201651,
    -12.51243247687));
#2242 = SURFACE_CURVE('',#2243,(#2361,#2487),.PCURVE_S1.);
#2243 = B_SPLINE_CURVE_WITH_KNOTS('',6,(#2244,#2245,#2246,#2247,#2248,
    #2249,#2250,#2251,#2252,#2253,#2254,#2255,#2256,#2257,#2258,#2259,
    #2260,#2261,#2262,#2263,#2264,#2265,#2266,#2267,#2268,#2269,#2270,
    #2271,#2272,#2273,#2274,#2275,#2276,#2277,#2278,#2279,#2280,#2281,
    #2282,#2283,#2284,#2285,#2286,#2287,#2288,#2289,#2290,#2291,#2292,
    #2293,#2294,#2295,#2296,#2297,#2298,#2299,#2300,#2301,#2302,#2303,
    #2304,#2305,#2306,#2307,#2308,#2309,#2310,#2311,#2312,#2313,#2314,
    #2315,#2316,#2317,#2318,#2319,#2320,#2321,#2322,#2323,#2324,#2325,
    #2326,#2327,#2328,#2329,#2330,#2331,#2332,#2333,#2334,#2335,#2336,
    #2337,#2338,#2339,#2340,#2341,#2342,#2343,#2344,#2345,#2346,#2347,
    #2348,#2349,#2350,#2351,#2352,#2353,#2354,#2355,#2356,#2357,#2358,
    #2359,#2360),.UNSPECIFIED.,.T.,.F.,(7,5,5,5,5,5,5,5,5,5,5,5,5,5,5,5,
    5,5,5,5,5,5,5,7),(0.,3.262161751829E-02,0.125454248068,
    0.151541563203,0.184143144319,0.228266737559,0.264863819842,
    0.325565578807,0.379889442614,0.404606927548,0.472394078233,
    0.54068751768,0.564900966332,0.619728648132,0.680430339608,
    0.717027413118,0.761151008935,0.7937525935,0.819839910104,
    0.840411760739,0.856971045488,0.87001844539,0.912675976334,1.),
  .UNSPECIFIED.);
#2244 = CARTESIAN_POINT('',(-7.717731218817,75.426343201651,
    -12.51243247687));
#2245 = CARTESIAN_POINT('',(-7.684962555127,75.434731213696,
    -12.51751894254));
#2246 = CARTESIAN_POINT('',(-7.652194726569,75.442391029018,
    -12.5238057844));
#2247 = CARTESIAN_POINT('',(-7.619496151222,75.44930515032,
    -12.53128235448));
#2248 = CARTESIAN_POINT('',(-7.586935218047,75.455458622321,
    -12.53993383032));
#2249 = CARTESIAN_POINT('',(-7.554580286893,75.460839031756,
    -12.54974121495));
#2250 = CARTESIAN_POINT('',(-7.431206657479,75.478519726068,
    -12.59181407587));
#2251 = CARTESIAN_POINT('',(-7.342119130231,75.485265092007,
    -12.63212511357));
#2252 = CARTESIAN_POINT('',(-7.256823182655,75.485442005476,
    -12.68107900683));
#2253 = CARTESIAN_POINT('',(-7.176789363083,75.47901852321,
    -12.73787941125));
#2254 = CARTESIAN_POINT('',(-7.103354892262,75.466130105648,
    -12.80153089656));
#2255 = CARTESIAN_POINT('',(-7.019197393622,75.441761398531,
    -12.89030527832));
#2256 = CARTESIAN_POINT('',(-7.001346221394,75.435931009541,
    -12.91022645437));
#2257 = CARTESIAN_POINT('',(-6.984130369594,75.429623116499,
    -12.93056827194));
#2258 = CARTESIAN_POINT('',(-6.967573350872,75.422845922369,
    -12.95130362863));
#2259 = CARTESIAN_POINT('',(-6.951697219828,75.41560867999,
    -12.97240453251));
#2260 = CARTESIAN_POINT('',(-6.917558663668,75.398315185678,
    -13.02063284928));
#2261 = CARTESIAN_POINT('',(-6.899690212427,75.388006227472,
    -13.04794953495));
#2262 = CARTESIAN_POINT('',(-6.882957467321,75.377014966316,
    -13.07573569476));
#2263 = CARTESIAN_POINT('',(-6.867396616065,75.365363881102,
    -13.10393336615));
#2264 = CARTESIAN_POINT('',(-6.85303978605,75.353077780765,
    -13.13248308837));
#2265 = CARTESIAN_POINT('',(-6.822151771996,75.322732853928,
    -13.20035760284));
#2266 = CARTESIAN_POINT('',(-6.806645156702,75.304168232171,
    -13.23992495855));
#2267 = CARTESIAN_POINT('',(-6.793464659238,75.284557246401,
    -13.2798748709));
#2268 = CARTESIAN_POINT('',(-6.782664946463,75.263974112867,
    -13.32005338918));
#2269 = CARTESIAN_POINT('',(-6.774285359009,75.242499517071,
    -13.36030474295));
#2270 = CARTESIAN_POINT('',(-6.763425946085,75.201741195319,
    -13.43378829454));
#2271 = CARTESIAN_POINT('',(-6.760183493992,75.182708380549,
    -13.46704702159));
#2272 = CARTESIAN_POINT('',(-6.758635465671,75.163171316018,
    -13.50015902246));
#2273 = CARTESIAN_POINT('',(-6.75878753766,75.14318175634,
    -13.53303567214));
#2274 = CARTESIAN_POINT('',(-6.760637620059,75.122793624566,
    -13.56558925363));
#2275 = CARTESIAN_POINT('',(-6.770044553246,75.067678177187,
    -13.65104812054));
#2276 = CARTESIAN_POINT('',(-6.780557838193,75.032349595787,
    -13.70323804527));
#2277 = CARTESIAN_POINT('',(-6.795670108149,74.996334374944,
    -13.75390507038));
#2278 = CARTESIAN_POINT('',(-6.815276404588,74.959898871269,
    -13.80267054948));
#2279 = CARTESIAN_POINT('',(-6.839213925908,74.923314710506,
    -13.84918054265));
#2280 = CARTESIAN_POINT('',(-6.892365998354,74.854225722372,
    -13.93242667394));
#2281 = CARTESIAN_POINT('',(-6.920763172448,74.821694379467,
    -13.96967845124));
#2282 = CARTESIAN_POINT('',(-6.952298074302,74.789456324832,
    -14.0046350038));
#2283 = CARTESIAN_POINT('',(-6.986781927389,74.757702156695,
    -14.03709100943));
#2284 = CARTESIAN_POINT('',(-7.023997967259,74.726615590502,
    -14.0668686551));
#2285 = CARTESIAN_POINT('',(-7.081772145505,74.682610403746,
    -14.10608093511));
#2286 = CARTESIAN_POINT('',(-7.100355037337,74.669023526136,
    -14.1177579901));
#2287 = CARTESIAN_POINT('',(-7.11943134229,74.655627247572,
    -14.12883585919));
#2288 = CARTESIAN_POINT('',(-7.138977739642,74.642437393564,
    -14.13930190902));
#2289 = CARTESIAN_POINT('',(-7.15897016366,74.629469259182,
    -14.14914481112));
#2290 = CARTESIAN_POINT('',(-7.235367755459,74.581821342797,
    -14.18361202279));
#2291 = CARTESIAN_POINT('',(-7.294521319048,74.548683017972,
    -14.20410755407));
#2292 = CARTESIAN_POINT('',(-7.356330622403,74.517628221468,
    -14.21963388158));
#2293 = CARTESIAN_POINT('',(-7.420256164179,74.488926430722,
    -14.23005809583));
#2294 = CARTESIAN_POINT('',(-7.485738647362,74.462812458318,
    -14.2353158816));
#2295 = CARTESIAN_POINT('',(-7.6191674012,74.41598912832,-14.23549632491
    ));
#2296 = CARTESIAN_POINT('',(-7.687131741475,74.395320433004,
    -14.23034149446));
#2297 = CARTESIAN_POINT('',(-7.755511305076,74.377687078881,
    -14.21994140433));
#2298 = CARTESIAN_POINT('',(-7.823709405427,74.363258654428,
    -14.20436088614));
#2299 = CARTESIAN_POINT('',(-7.891122974482,74.352164148139,
    -14.18373540864));
#2300 = CARTESIAN_POINT('',(-7.980554932401,74.341765104377,
    -14.14925073277));
#2301 = CARTESIAN_POINT('',(-8.003788981728,74.339472710287,
    -14.13961689689));
#2302 = CARTESIAN_POINT('',(-8.026821603351,74.337613541117,
    -14.12938493137));
#2303 = CARTESIAN_POINT('',(-8.049626142665,74.336190483009,
    -14.11856546578));
#2304 = CARTESIAN_POINT('',(-8.072176174189,74.335205613163,
    -14.1071703314));
#2305 = CARTESIAN_POINT('',(-8.14487101562,74.333425194085,
    -14.06813600445));
#2306 = CARTESIAN_POINT('',(-8.193858759856,74.334443361458,
    -14.03817387434));
#2307 = CARTESIAN_POINT('',(-8.241102657595,74.33772925567,
    -14.00547888409));
#2308 = CARTESIAN_POINT('',(-8.286310431359,74.34327464801,
    -13.97023334999));
#2309 = CARTESIAN_POINT('',(-8.329207981925,74.351047618535,
    -13.93264816195));
#2310 = CARTESIAN_POINT('',(-8.414200961036,74.372001037861,
    -13.84902350928));
#2311 = CARTESIAN_POINT('',(-8.455720795761,74.385672301663,
    -13.80250696908));
#2312 = CARTESIAN_POINT('',(-8.493761830656,74.401928747077,
    -13.75373573514));
#2313 = CARTESIAN_POINT('',(-8.528027469078,74.420659556637,
    -13.70306379485));
#2314 = CARTESIAN_POINT('',(-8.558269620872,74.441721956403,
    -13.65086982924));
#2315 = CARTESIAN_POINT('',(-8.599981486996,74.478943593965,
    -13.56540589224));
#2316 = CARTESIAN_POINT('',(-8.614137328093,74.493728961662,
    -13.53285071103));
#2317 = CARTESIAN_POINT('',(-8.62671721719,74.50926178392,
    -13.49997279131));
#2318 = CARTESIAN_POINT('',(-8.637685906897,74.525501207606,
    -13.46685985341));
#2319 = CARTESIAN_POINT('',(-8.647015573164,74.542403230994,
    -13.43360052404));
#2320 = CARTESIAN_POINT('',(-8.663933512709,74.581040804746,
    -13.36011637053));
#2321 = CARTESIAN_POINT('',(-8.670769157683,74.603055848282,
    -13.31986516903));
#2322 = CARTESIAN_POINT('',(-8.675157053003,74.62588339552,
    -13.27968729019));
#2323 = CARTESIAN_POINT('',(-8.677077657929,74.649435830573,
    -13.23973850175));
#2324 = CARTESIAN_POINT('',(-8.676527446144,74.673621036161,
    -13.20017274871));
#2325 = CARTESIAN_POINT('',(-8.671295739688,74.716609428474,
    -13.13230183717));
#2326 = CARTESIAN_POINT('',(-8.667730544336,74.735169013896,
    -13.10375390181));
#2327 = CARTESIAN_POINT('',(-8.66282820249,74.753983103036,
    -13.07555827051));
#2328 = CARTESIAN_POINT('',(-8.656598365758,74.773012262574,
    -13.04777439974));
#2329 = CARTESIAN_POINT('',(-8.649055312534,74.792216348339,
    -13.02046024696));
#2330 = CARTESIAN_POINT('',(-8.633146416679,74.82702861892,
    -12.97223691918));
#2331 = CARTESIAN_POINT('',(-8.625246110541,74.842588644098,
    -12.95113838582));
#2332 = CARTESIAN_POINT('',(-8.616526709292,74.858213680137,
    -12.93040554891));
#2333 = CARTESIAN_POINT('',(-8.606999686993,74.873882737717,
    -12.91006639706));
#2334 = CARTESIAN_POINT('',(-8.59667831207,74.8895747389,-12.89014802899
    ));
#2335 = CARTESIAN_POINT('',(-8.576823921468,74.917644265344,
    -12.85532198023));
#2336 = CARTESIAN_POINT('',(-8.567585577072,74.930021139625,
    -12.84024524451));
#2337 = CARTESIAN_POINT('',(-8.557869995524,74.942388770841,
    -12.82545928438));
#2338 = CARTESIAN_POINT('',(-8.547685206742,74.954736818738,
    -12.81097651569));
#2339 = CARTESIAN_POINT('',(-8.537039889154,74.967054971943,
    -12.79680893227));
#2340 = CARTESIAN_POINT('',(-8.517011240611,74.989216088995,
    -12.77182695047));
#2341 = CARTESIAN_POINT('',(-8.507786752662,74.999073204344,
    -12.76089750704));
#2342 = CARTESIAN_POINT('',(-8.498274768243,75.008898934267,
    -12.75018580695));
#2343 = CARTESIAN_POINT('',(-8.488480403079,75.018687952246,
    -12.73969768051));
#2344 = CARTESIAN_POINT('',(-8.478409026226,75.028434964995,
    -12.72943875697));
#2345 = CARTESIAN_POINT('',(-8.459916982603,75.045777342317,
    -12.71151611899));
#2346 = CARTESIAN_POINT('',(-8.45159921935,75.053390631145,
    -12.70376343459));
#2347 = CARTESIAN_POINT('',(-8.44311571958,75.060972007044,
    -12.69615906529));
#2348 = CARTESIAN_POINT('',(-8.434469323453,75.068518917346,
    -12.68870558088));
#2349 = CARTESIAN_POINT('',(-8.425662962032,75.076028828614,
    -12.68140546697));
#2350 = CARTESIAN_POINT('',(-8.387394780234,75.107923153056,
    -12.65090321512));
#2351 = CARTESIAN_POINT('',(-8.356411962715,75.13192497858,
    -12.62921014418));
#2352 = CARTESIAN_POINT('',(-8.323857585423,75.155416260692,
    -12.60926634229));
#2353 = CARTESIAN_POINT('',(-8.289846721974,75.178312096578,
    -12.5911453835));
#2354 = CARTESIAN_POINT('',(-8.254503138898,75.200531123137,
    -12.57490998568));
#2355 = CARTESIAN_POINT('',(-8.14315057224,75.265935172984,
    -12.53134269547));
#2356 = CARTESIAN_POINT('',(-8.063301932745,75.306718502853,
    -12.51018822043));
#2357 = CARTESIAN_POINT('',(-7.979559046634,75.343670466883,
    -12.49760033795));
#2358 = CARTESIAN_POINT('',(-7.893170711602,75.376218497074,
    -12.49380224592));
#2359 = CARTESIAN_POINT('',(-7.805446179445,75.40389022178,
    -12.49881705636));
#2360 = CARTESIAN_POINT('',(-7.717731218817,75.426343201651,
    -12.51243247687));
#2361 = PCURVE('',#2362,#2367);
#2362 = SPHERICAL_SURFACE('',#2363,4.5);
#2363 = AXIS2_PLACEMENT_3D('',#2364,#2365,#2366);
#2364 = CARTESIAN_POINT('',(-6.45945301821,71.3138158007,-11.18810081664
    ));
#2365 = DIRECTION('',(0.,0.,1.));
#2366 = DIRECTION('',(1.,0.,-0.));
#2367 = DEFINITIONAL_REPRESENTATION('',(#2368),#2486);
#2368 = B_SPLINE_CURVE_WITH_KNOTS('',6,(#2369,#2370,#2371,#2372,#2373,
    #2374,#2375,#2376,#2377,#2378,#2379,#2380,#2381,#2382,#2383,#2384,
    #2385,#2386,#2387,#2388,#2389,#2390,#2391,#2392,#2393,#2394,#2395,
    #2396,#2397,#2398,#2399,#2400,#2401,#2402,#2403,#2404,#2405,#2406,
    #2407,#2408,#2409,#2410,#2411,#2412,#2413,#2414,#2415,#2416,#2417,
    #2418,#2419,#2420,#2421,#2422,#2423,#2424,#2425,#2426,#2427,#2428,
    #2429,#2430,#2431,#2432,#2433,#2434,#2435,#2436,#2437,#2438,#2439,
    #2440,#2441,#2442,#2443,#2444,#2445,#2446,#2447,#2448,#2449,#2450,
    #2451,#2452,#2453,#2454,#2455,#2456,#2457,#2458,#2459,#2460,#2461,
    #2462,#2463,#2464,#2465,#2466,#2467,#2468,#2469,#2470,#2471,#2472,
    #2473,#2474,#2475,#2476,#2477,#2478,#2479,#2480,#2481,#2482,#2483,
    #2484,#2485),.UNSPECIFIED.,.T.,.F.,(7,5,5,5,5,5,5,5,5,5,5,5,5,5,5,5,
    5,5,5,5,5,5,5,7),(0.,3.262161751829E-02,0.125454248068,
    0.151541563203,0.184143144319,0.228266737559,0.264863819842,
    0.325565578807,0.379889442614,0.404606927548,0.472394078233,
    0.54068751768,0.564900966332,0.619728648132,0.680430339608,
    0.717027413118,0.761151008935,0.7937525935,0.819839910104,
    0.840411760739,0.856971045488,0.87001844539,0.912675976334,1.),
  .UNSPECIFIED.);
#2369 = CARTESIAN_POINT('',(1.867714073893,-0.298718734242));
#2370 = CARTESIAN_POINT('',(1.859857492163,-0.299901436674));
#2371 = CARTESIAN_POINT('',(1.852043782215,-0.301363765867));
#2372 = CARTESIAN_POINT('',(1.844285397252,-0.303103710089));
#2373 = CARTESIAN_POINT('',(1.836594770176,-0.305118464433));
#2374 = CARTESIAN_POINT('',(1.828984313597,-0.307404430813));
#2375 = CARTESIAN_POINT('',(1.800072451406,-0.3172217856));
#2376 = CARTESIAN_POINT('',(1.779424408563,-0.326648303594));
#2377 = CARTESIAN_POINT('',(1.759811609106,-0.338135244093));
#2378 = CARTESIAN_POINT('',(1.741499557896,-0.351531204361));
#2379 = CARTESIAN_POINT('',(1.724742137875,-0.366648997683));
#2380 = CARTESIAN_POINT('',(1.705580965785,-0.387919771347));
#2381 = CARTESIAN_POINT('',(1.701519550776,-0.392703512229));
#2382 = CARTESIAN_POINT('',(1.697605432171,-0.397599761779));
#2383 = CARTESIAN_POINT('',(1.693843877496,-0.402603207597));
#2384 = CARTESIAN_POINT('',(1.690240072001,-0.407708314901));
#2385 = CARTESIAN_POINT('',(1.68249892454,-0.419409083283));
#2386 = CARTESIAN_POINT('',(1.678453061492,-0.426058632634));
#2387 = CARTESIAN_POINT('',(1.674671501341,-0.432846737188));
#2388 = CARTESIAN_POINT('',(1.671164005354,-0.439761646873));
#2389 = CARTESIAN_POINT('',(1.667940124248,-0.446791098952));
#2390 = CARTESIAN_POINT('',(1.661042427713,-0.463573844059));
#2391 = CARTESIAN_POINT('',(1.657612249607,-0.473411861974));
#2392 = CARTESIAN_POINT('',(1.654741794207,-0.483404577401));
#2393 = CARTESIAN_POINT('',(1.652453429766,-0.493518729622));
#2394 = CARTESIAN_POINT('',(1.650768402224,-0.50371941797));
#2395 = CARTESIAN_POINT('',(1.648825689081,-0.522471927736));
#2396 = CARTESIAN_POINT('',(1.648373468901,-0.531008275516));
#2397 = CARTESIAN_POINT('',(1.648361272537,-0.539558058947));
#2398 = CARTESIAN_POINT('',(1.648799431665,-0.548099683336));
#2399 = CARTESIAN_POINT('',(1.64969715154,-0.556610871926));
#2400 = CARTESIAN_POINT('',(1.653327164777,-0.579097187812));
#2401 = CARTESIAN_POINT('',(1.656878320942,-0.59297931773));
#2402 = CARTESIAN_POINT('',(1.661751182907,-0.606609754661));
#2403 = CARTESIAN_POINT('',(1.6679703331,-0.619879557706));
#2404 = CARTESIAN_POINT('',(1.675540951459,-0.632677878734));
#2405 = CARTESIAN_POINT('',(1.692404095455,-0.655826003352));
#2406 = CARTESIAN_POINT('',(1.701432444476,-0.666292395616));
#2407 = CARTESIAN_POINT('',(1.711508645392,-0.676213657436));
#2408 = CARTESIAN_POINT('',(1.722598413848,-0.68551249207));
#2409 = CARTESIAN_POINT('',(1.734645817562,-0.694116204469));
#2410 = CARTESIAN_POINT('',(1.753449772448,-0.705528050902));
#2411 = CARTESIAN_POINT('',(1.759511565603,-0.708939329788));
#2412 = CARTESIAN_POINT('',(1.765747269865,-0.712187071317));
#2413 = CARTESIAN_POINT('',(1.772148331598,-0.715265541461));
#2414 = CARTESIAN_POINT('',(1.778705230275,-0.718169422802));
#2415 = CARTESIAN_POINT('',(1.803788244585,-0.728365398058));
#2416 = CARTESIAN_POINT('',(1.823262286996,-0.734487324156));
#2417 = CARTESIAN_POINT('',(1.843614891852,-0.739158482827));
#2418 = CARTESIAN_POINT('',(1.864576218694,-0.742306981114));
#2419 = CARTESIAN_POINT('',(1.885846218605,-0.743894698978));
#2420 = CARTESIAN_POINT('',(1.928551772385,-0.743949194096));
#2421 = CARTESIAN_POINT('',(1.949989181725,-0.742392577731));
#2422 = CARTESIAN_POINT('',(1.971119518087,-0.739250986264));
#2423 = CARTESIAN_POINT('',(1.991635521276,-0.734562931702));
#2424 = CARTESIAN_POINT('',(2.011260867068,-0.728401746119));
#2425 = CARTESIAN_POINT('',(2.036340679938,-0.718200810229));
#2426 = CARTESIAN_POINT('',(2.042765719744,-0.715358523521));
#2427 = CARTESIAN_POINT('',(2.049041366316,-0.712348627241));
#2428 = CARTESIAN_POINT('',(2.055158655212,-0.709176113565));
#2429 = CARTESIAN_POINT('',(2.061109511733,-0.70584635939));
#2430 = CARTESIAN_POINT('',(2.079968432783,-0.694482402118));
#2431 = CARTESIAN_POINT('',(2.092160380937,-0.685822687621));
#2432 = CARTESIAN_POINT('',(2.10337828414,-0.676453018996));
#2433 = CARTESIAN_POINT('',(2.113564270834,-0.666448052086));
#2434 = CARTESIAN_POINT('',(2.122682952718,-0.655887247208));
#2435 = CARTESIAN_POINT('',(2.139612768494,-0.632634596017));
#2436 = CARTESIAN_POINT('',(2.147179555365,-0.619834884125));
#2437 = CARTESIAN_POINT('',(2.153394872967,-0.606563944042));
#2438 = CARTESIAN_POINT('',(2.158263938175,-0.592932621446));
#2439 = CARTESIAN_POINT('',(2.161811361032,-0.579049851118));
#2440 = CARTESIAN_POINT('',(2.16543552528,-0.556562881789));
#2441 = CARTESIAN_POINT('',(2.166331075478,-0.548051529028));
#2442 = CARTESIAN_POINT('',(2.166767098779,-0.539509824963));
#2443 = CARTESIAN_POINT('',(2.166752803987,-0.530960044489));
#2444 = CARTESIAN_POINT('',(2.166298525593,-0.522423780295));
#2445 = CARTESIAN_POINT('',(2.164351365699,-0.503671624928));
#2446 = CARTESIAN_POINT('',(2.16266396848,-0.493471243055));
#2447 = CARTESIAN_POINT('',(2.160373299416,-0.483357507771));
#2448 = CARTESIAN_POINT('',(2.157500607246,-0.473365315962));
#2449 = CARTESIAN_POINT('',(2.154068262367,-0.463527924478));
#2450 = CARTESIAN_POINT('',(2.147166923039,-0.446746440259));
#2451 = CARTESIAN_POINT('',(2.143941533221,-0.43971757775));
#2452 = CARTESIAN_POINT('',(2.140432568499,-0.432803310054));
#2453 = CARTESIAN_POINT('',(2.136649580286,-0.426015898308));
#2454 = CARTESIAN_POINT('',(2.132602330503,-0.419367090954));
#2455 = CARTESIAN_POINT('',(2.124858762336,-0.407667744134));
#2456 = CARTESIAN_POINT('',(2.121253907806,-0.402563299285));
#2457 = CARTESIAN_POINT('',(2.117491331295,-0.3975605455));
#2458 = CARTESIAN_POINT('',(2.113576218381,-0.392665016692));
#2459 = CARTESIAN_POINT('',(2.109513836924,-0.387882024375));
#2460 = CARTESIAN_POINT('',(2.101994124045,-0.37953765808));
#2461 = CARTESIAN_POINT('',(2.098590457908,-0.375931801665));
#2462 = CARTESIAN_POINT('',(2.095101162056,-0.37240158352));
#2463 = CARTESIAN_POINT('',(2.091528893425,-0.368949406998));
#2464 = CARTESIAN_POINT('',(2.087876342466,-0.365577583716));
#2465 = CARTESIAN_POINT('',(2.08114368645,-0.359640655846));
#2466 = CARTESIAN_POINT('',(2.078090886133,-0.357046479805));
#2467 = CARTESIAN_POINT('',(2.074989253011,-0.354506962963));
#2468 = CARTESIAN_POINT('',(2.071840222478,-0.35202322196));
#2469 = CARTESIAN_POINT('',(2.068645244509,-0.349596332531));
#2470 = CARTESIAN_POINT('',(2.062853346057,-0.345360743473));
#2471 = CARTESIAN_POINT('',(2.06027329252,-0.343530094084));
#2472 = CARTESIAN_POINT('',(2.057666339474,-0.341735887421));
#2473 = CARTESIAN_POINT('',(2.055033208985,-0.33997861299));
#2474 = CARTESIAN_POINT('',(2.052374628764,-0.338258743722));
#2475 = CARTESIAN_POINT('',(2.040918487881,-0.331077533224));
#2476 = CARTESIAN_POINT('',(2.031881413494,-0.325982998056));
#2477 = CARTESIAN_POINT('',(2.022605781147,-0.321309161785));
#2478 = CARTESIAN_POINT('',(2.013117852543,-0.317069981178));
#2479 = CARTESIAN_POINT('',(2.003444478947,-0.313277338452));
#2480 = CARTESIAN_POINT('',(1.973487335691,-0.303111323597));
#2481 = CARTESIAN_POINT('',(1.952696992708,-0.298193056732));
#2482 = CARTESIAN_POINT('',(1.93148173896,-0.295272240229));
#2483 = CARTESIAN_POINT('',(1.91008290826,-0.294390544251));
#2484 = CARTESIAN_POINT('',(1.888744524315,-0.295552883533));
#2485 = CARTESIAN_POINT('',(1.867714073893,-0.298718734242));
#2486 = ( GEOMETRIC_REPRESENTATION_CONTEXT(2) 
PARAMETRIC_REPRESENTATION_CONTEXT() REPRESENTATION_CONTEXT('2D SPACE',''
  ) );
#2487 = PCURVE('',#2488,#2493);
#2488 = CYLINDRICAL_SURFACE('',#2489,1.);
#2489 = AXIS2_PLACEMENT_3D('',#2490,#2491,#2492);
#2490 = CARTESIAN_POINT('',(-4.882117818245,66.80847955711,
    -8.456076109737));
#2491 = DIRECTION('',(-0.286788218176,0.819152044289,-0.496731764892));
#2492 = DIRECTION('',(1.387778780781E-17,0.518512392704,0.855070113273)
  );
#2493 = DEFINITIONAL_REPRESENTATION('',(#2494),#2612);
#2494 = B_SPLINE_CURVE_WITH_KNOTS('',6,(#2495,#2496,#2497,#2498,#2499,
    #2500,#2501,#2502,#2503,#2504,#2505,#2506,#2507,#2508,#2509,#2510,
    #2511,#2512,#2513,#2514,#2515,#2516,#2517,#2518,#2519,#2520,#2521,
    #2522,#2523,#2524,#2525,#2526,#2527,#2528,#2529,#2530,#2531,#2532,
    #2533,#2534,#2535,#2536,#2537,#2538,#2539,#2540,#2541,#2542,#2543,
    #2544,#2545,#2546,#2547,#2548,#2549,#2550,#2551,#2552,#2553,#2554,
    #2555,#2556,#2557,#2558,#2559,#2560,#2561,#2562,#2563,#2564,#2565,
    #2566,#2567,#2568,#2569,#2570,#2571,#2572,#2573,#2574,#2575,#2576,
    #2577,#2578,#2579,#2580,#2581,#2582,#2583,#2584,#2585,#2586,#2587,
    #2588,#2589,#2590,#2591,#2592,#2593,#2594,#2595,#2596,#2597,#2598,
    #2599,#2600,#2601,#2602,#2603,#2604,#2605,#2606,#2607,#2608,#2609,
    #2610,#2611),.UNSPECIFIED.,.F.,.F.,(7,5,5,5,5,5,5,5,5,5,5,5,5,5,5,5,
    5,5,5,5,5,5,5,7),(0.,3.262161751829E-02,0.125454248068,
    0.151541563203,0.184143144319,0.228266737559,0.264863819842,
    0.325565578807,0.379889442614,0.404606927548,0.472394078233,
    0.54068751768,0.564900966332,0.619728648132,0.680430339608,
    0.717027413118,0.761151008935,0.7937525935,0.819839910104,
    0.840411760739,0.856971045488,0.87001844539,0.912675976334,1.),
  .UNSPECIFIED.);
#2495 = CARTESIAN_POINT('',(-3.552713678801E-15,9.887482193696));
#2496 = CARTESIAN_POINT('',(3.420549954444E-02,9.887482193306));
#2497 = CARTESIAN_POINT('',(6.841002662177E-02,9.887482193574));
#2498 = CARTESIAN_POINT('',(0.102614498987,9.887482193864));
#2499 = CARTESIAN_POINT('',(0.136819361427,9.887482193886));
#2500 = CARTESIAN_POINT('',(0.171024585761,9.887482193696));
#2501 = CARTESIAN_POINT('',(0.30256843781,9.887482193696));
#2502 = CARTESIAN_POINT('',(0.399922138081,9.887482193696));
#2503 = CARTESIAN_POINT('',(0.497262844113,9.887482193696));
#2504 = CARTESIAN_POINT('',(0.594608639141,9.887482193696));
#2505 = CARTESIAN_POINT('',(0.69197788484,9.887482193696));
#2506 = CARTESIAN_POINT('',(0.816706427371,9.887482193696));
#2507 = CARTESIAN_POINT('',(0.844068849796,9.887482193696));
#2508 = CARTESIAN_POINT('',(0.871432221934,9.887482193696));
#2509 = CARTESIAN_POINT('',(0.898796605252,9.887482193696));
#2510 = CARTESIAN_POINT('',(0.926162055858,9.887482193696));
#2511 = CARTESIAN_POINT('',(0.987728901655,9.887482193696));
#2512 = CARTESIAN_POINT('',(1.021930956145,9.887482193696));
#2513 = CARTESIAN_POINT('',(1.056134885923,9.887482193696));
#2514 = CARTESIAN_POINT('',(1.090340748195,9.887482193696));
#2515 = CARTESIAN_POINT('',(1.124548559427,9.887482193696));
#2516 = CARTESIAN_POINT('',(1.205058395547,9.887482193696));
#2517 = CARTESIAN_POINT('',(1.25136237764,9.887482193696));
#2518 = CARTESIAN_POINT('',(1.29766947965,9.887482193696));
#2519 = CARTESIAN_POINT('',(1.343979786254,9.887482193696));
#2520 = CARTESIAN_POINT('',(1.390293080556,9.887482193696));
#2521 = CARTESIAN_POINT('',(1.475022060215,9.887482193696));
#2522 = CARTESIAN_POINT('',(1.513437598763,9.887482193696));
#2523 = CARTESIAN_POINT('',(1.551853711456,9.887482193696));
#2524 = CARTESIAN_POINT('',(1.590269592191,9.887482193696));
#2525 = CARTESIAN_POINT('',(1.628684228812,9.887482193696));
#2526 = CARTESIAN_POINT('',(1.730808764868,9.887482193696));
#2527 = CARTESIAN_POINT('',(1.794516690056,9.887482193696));
#2528 = CARTESIAN_POINT('',(1.858209909156,9.887482193696));
#2529 = CARTESIAN_POINT('',(1.921883330331,9.887482193696));
#2530 = CARTESIAN_POINT('',(1.98553087757,9.887482193696));
#2531 = CARTESIAN_POINT('',(2.106064480612,9.887482193696));
#2532 = CARTESIAN_POINT('',(2.162961393313,9.887482193696));
#2533 = CARTESIAN_POINT('',(2.219820793875,9.887482193696));
#2534 = CARTESIAN_POINT('',(2.276638462876,9.887482193696));
#2535 = CARTESIAN_POINT('',(2.333411788474,9.887482193696));
#2536 = CARTESIAN_POINT('',(2.415946114892,9.887482193696));
#2537 = CARTESIAN_POINT('',(2.441746124687,9.887482193696));
#2538 = CARTESIAN_POINT('',(2.467536221891,9.887482193696));
#2539 = CARTESIAN_POINT('',(2.493316422576,9.887482193696));
#2540 = CARTESIAN_POINT('',(2.519086886757,9.887482193696));
#2541 = CARTESIAN_POINT('',(2.615496972585,9.887482193696));
#2542 = CARTESIAN_POINT('',(2.686076482989,9.887482193696));
#2543 = CARTESIAN_POINT('',(2.756589383443,9.887482193696));
#2544 = CARTESIAN_POINT('',(2.827054546468,9.887482193696));
#2545 = CARTESIAN_POINT('',(2.897496772354,9.887482193696));
#2546 = CARTESIAN_POINT('',(3.038902886588,9.887482193696));
#2547 = CARTESIAN_POINT('',(3.109870600278,9.887482193696));
#2548 = CARTESIAN_POINT('',(3.180861072305,9.887482193696));
#2549 = CARTESIAN_POINT('',(3.251899773192,9.887482193696));
#2550 = CARTESIAN_POINT('',(3.323006105398,9.887482193696));
#2551 = CARTESIAN_POINT('',(3.41941880206,9.887482193696));
#2552 = CARTESIAN_POINT('',(3.444663639063,9.887482193696));
#2553 = CARTESIAN_POINT('',(3.469917814501,9.887482193696));
#2554 = CARTESIAN_POINT('',(3.495181481288,9.887482193696));
#2555 = CARTESIAN_POINT('',(3.520454659458,9.887482193696));
#2556 = CARTESIAN_POINT('',(3.602985796269,9.887482193696));
#2557 = CARTESIAN_POINT('',(3.660284144442,9.887482193696));
#2558 = CARTESIAN_POINT('',(3.717627726509,9.887482193696));
#2559 = CARTESIAN_POINT('',(3.775013915781,9.887482193696));
#2560 = CARTESIAN_POINT('',(3.832438406494,9.887482193696));
#2561 = CARTESIAN_POINT('',(3.953500104875,9.887482193696));
#2562 = CARTESIAN_POINT('',(4.01714767851,9.887482193696));
#2563 = CARTESIAN_POINT('',(4.08082110637,9.887482193696));
#2564 = CARTESIAN_POINT('',(4.144514313743,9.887482193696));
#2565 = CARTESIAN_POINT('',(4.20822221123,9.887482193696));
#2566 = CARTESIAN_POINT('',(4.310346716647,9.887482193696));
#2567 = CARTESIAN_POINT('',(4.348761358039,9.887482193696));
#2568 = CARTESIAN_POINT('',(4.387177239603,9.887482193696));
#2569 = CARTESIAN_POINT('',(4.425593349816,9.887482193696));
#2570 = CARTESIAN_POINT('',(4.46400888318,9.887482193696));
#2571 = CARTESIAN_POINT('',(4.548737860517,9.887482193696));
#2572 = CARTESIAN_POINT('',(4.595051156675,9.887482193696));
#2573 = CARTESIAN_POINT('',(4.641361462991,9.887482193696));
#2574 = CARTESIAN_POINT('',(4.687668563358,9.887482193696));
#2575 = CARTESIAN_POINT('',(4.733972543088,9.887482193696));
#2576 = CARTESIAN_POINT('',(4.814482376391,9.887482193696));
#2577 = CARTESIAN_POINT('',(4.848690187247,9.887482193696));
#2578 = CARTESIAN_POINT('',(4.882896049223,9.887482193696));
#2579 = CARTESIAN_POINT('',(4.917099978939,9.887482193696));
#2580 = CARTESIAN_POINT('',(4.951302033715,9.887482193696));
#2581 = CARTESIAN_POINT('',(5.012868879441,9.887482193696));
#2582 = CARTESIAN_POINT('',(5.040234329538,9.887482193696));
#2583 = CARTESIAN_POINT('',(5.067598712657,9.887482193696));
#2584 = CARTESIAN_POINT('',(5.094962084935,9.887482193696));
#2585 = CARTESIAN_POINT('',(5.122324507856,9.887482193696));
#2586 = CARTESIAN_POINT('',(5.171262722099,9.887482193696));
#2587 = CARTESIAN_POINT('',(5.19283885362,9.887482193696));
#2588 = CARTESIAN_POINT('',(5.214414475681,9.887482193696));
#2589 = CARTESIAN_POINT('',(5.235989620889,9.887482193696));
#2590 = CARTESIAN_POINT('',(5.257564321587,9.887482193696));
#2591 = CARTESIAN_POINT('',(5.296504805482,9.887482193696));
#2592 = CARTESIAN_POINT('',(5.313870736077,9.887482193696));
#2593 = CARTESIAN_POINT('',(5.331236418427,9.887482193696));
#2594 = CARTESIAN_POINT('',(5.348601868732,9.887482193696));
#2595 = CARTESIAN_POINT('',(5.3659671026,9.887482193696));
#2596 = CARTESIAN_POINT('',(5.397014400077,9.887482193696));
#2597 = CARTESIAN_POINT('',(5.410696540784,9.887482193696));
#2598 = CARTESIAN_POINT('',(5.424378564552,9.887482193696));
#2599 = CARTESIAN_POINT('',(5.438060478453,9.887482193696));
#2600 = CARTESIAN_POINT('',(5.451742289246,9.887482193696));
#2601 = CARTESIAN_POINT('',(5.510155378857,9.887482193696));
#2602 = CARTESIAN_POINT('',(5.554885821166,9.887482193696));
#2603 = CARTESIAN_POINT('',(5.599615508315,9.887482193696));
#2604 = CARTESIAN_POINT('',(5.644344581404,9.887482193696));
#2605 = CARTESIAN_POINT('',(5.689073144621,9.887482193696));
#2606 = CARTESIAN_POINT('',(5.825363982955,9.887482193696));
#2607 = CARTESIAN_POINT('',(5.916935544016,9.887482192966));
#2608 = CARTESIAN_POINT('',(6.008494532648,9.887482195668));
#2609 = CARTESIAN_POINT('',(6.100053340818,9.887482191505));
#2610 = CARTESIAN_POINT('',(6.191624233033,9.887482194739));
#2611 = CARTESIAN_POINT('',(6.28318530718,9.887482193696));
#2612 = ( GEOMETRIC_REPRESENTATION_CONTEXT(2) 
PARAMETRIC_REPRESENTATION_CONTEXT() REPRESENTATION_CONTEXT('2D SPACE',''
  ) );
#2613 = FACE_BOUND('',#2614,.T.);
#2614 = EDGE_LOOP('',(#2615));
#2615 = ORIENTED_EDGE('',*,*,#2616,.T.);
#2616 = EDGE_CURVE('',#2617,#2617,#2619,.T.);
#2617 = VERTEX_POINT('',#2618);
#2618 = CARTESIAN_POINT('',(-5.201174817603,68.238313185156,
    -8.153628929864));
#2619 = SURFACE_CURVE('',#2620,(#2773,#2929),.PCURVE_S1.);
#2620 = B_SPLINE_CURVE_WITH_KNOTS('',6,(#2621,#2622,#2623,#2624,#2625,
    #2626,#2627,#2628,#2629,#2630,#2631,#2632,#2633,#2634,#2635,#2636,
    #2637,#2638,#2639,#2640,#2641,#2642,#2643,#2644,#2645,#2646,#2647,
    #2648,#2649,#2650,#2651,#2652,#2653,#2654,#2655,#2656,#2657,#2658,
    #2659,#2660,#2661,#2662,#2663,#2664,#2665,#2666,#2667,#2668,#2669,
    #2670,#2671,#2672,#2673,#2674,#2675,#2676,#2677,#2678,#2679,#2680,
    #2681,#2682,#2683,#2684,#2685,#2686,#2687,#2688,#2689,#2690,#2691,
    #2692,#2693,#2694,#2695,#2696,#2697,#2698,#2699,#2700,#2701,#2702,
    #2703,#2704,#2705,#2706,#2707,#2708,#2709,#2710,#2711,#2712,#2713,
    #2714,#2715,#2716,#2717,#2718,#2719,#2720,#2721,#2722,#2723,#2724,
    #2725,#2726,#2727,#2728,#2729,#2730,#2731,#2732,#2733,#2734,#2735,
    #2736,#2737,#2738,#2739,#2740,#2741,#2742,#2743,#2744,#2745,#2746,
    #2747,#2748,#2749,#2750,#2751,#2752,#2753,#2754,#2755,#2756,#2757,
    #2758,#2759,#2760,#2761,#2762,#2763,#2764,#2765,#2766,#2767,#2768,
    #2769,#2770,#2771,#2772),.UNSPECIFIED.,.T.,.F.,(7,5,5,5,5,5,5,5,5,5,
    5,5,5,5,5,5,5,5,5,5,5,5,5,5,5,5,5,5,5,5,7),(0.,4.549449143208E-02,
    6.818727644521E-02,0.119488024521,0.180190094784,0.216787396665,
    0.26091126782,0.293513055824,0.319600535217,0.340172514223,
    0.356731902304,0.369779383625,0.380318076472,0.394370028984,
    0.41243725551,0.532373713295,0.550440939088,0.564492890729,
    0.575031582708,0.588079062652,0.604638448439,0.625210423653,
    0.651297896739,0.683899675248,0.728023535645,0.764620839513,
    0.82532296601,0.879647158733,0.904364793325,0.972152354442,1.),
  .UNSPECIFIED.);
#2621 = CARTESIAN_POINT('',(-5.201174817603,68.238313185156,
    -8.153628929864));
#2622 = CARTESIAN_POINT('',(-5.155859591599,68.249912819012,
    -8.160662924553));
#2623 = CARTESIAN_POINT('',(-5.110529118929,68.260124145387,
    -8.169995159554));
#2624 = CARTESIAN_POINT('',(-5.065359437405,68.268900395556,
    -8.181601119648));
#2625 = CARTESIAN_POINT('',(-5.020528318615,68.276202215875,
    -8.195443067301));
#2626 = CARTESIAN_POINT('',(-4.976214378532,68.281998758229,
    -8.211468752124));
#2627 = CARTESIAN_POINT('',(-4.910839307519,68.288398665047,
    -8.238659087694));
#2628 = CARTESIAN_POINT('',(-4.889255342866,68.290148779698,
    -8.248234510702));
#2629 = CARTESIAN_POINT('',(-4.867866351437,68.291516473985,
    -8.25832800889));
#2630 = CARTESIAN_POINT('',(-4.846694178342,68.292499743357,
    -8.268930275652));
#2631 = CARTESIAN_POINT('',(-4.825760456512,68.293097219161,
    -8.280031078232));
#2632 = CARTESIAN_POINT('',(-4.758349991515,68.293785054403,
    -8.317816230753));
#2633 = CARTESIAN_POINT('',(-4.712940418995,68.292286573998,
    -8.34650457864));
#2634 = CARTESIAN_POINT('',(-4.669106730246,68.288804403984,
    -8.37755435896));
#2635 = CARTESIAN_POINT('',(-4.627086538616,68.283347811238,
    -8.41081310373));
#2636 = CARTESIAN_POINT('',(-4.587103114317,68.275944249203,
    -8.44610663482));
#2637 = CARTESIAN_POINT('',(-4.504705075384,68.255630563538,
    -8.527178124006));
#2638 = CARTESIAN_POINT('',(-4.46318524066,68.241959299736,
    -8.573694664207));
#2639 = CARTESIAN_POINT('',(-4.425144205764,68.225702854322,
    -8.622465898144));
#2640 = CARTESIAN_POINT('',(-4.390878567342,68.206972044762,
    -8.673137838432));
#2641 = CARTESIAN_POINT('',(-4.360636415548,68.185909644996,
    -8.72533180404));
#2642 = CARTESIAN_POINT('',(-4.318924549425,68.148688007434,
    -8.810795741045));
#2643 = CARTESIAN_POINT('',(-4.304768708327,68.133902639737,
    -8.843350922256));
#2644 = CARTESIAN_POINT('',(-4.292188819231,68.118369817479,
    -8.876228841969));
#2645 = CARTESIAN_POINT('',(-4.281220129524,68.102130393793,
    -8.909341779876));
#2646 = CARTESIAN_POINT('',(-4.271890463257,68.085228370405,
    -8.942601109243));
#2647 = CARTESIAN_POINT('',(-4.254972523711,68.046590796653,
    -9.01608526275));
#2648 = CARTESIAN_POINT('',(-4.248136878737,68.024575753117,
    -9.056336464249));
#2649 = CARTESIAN_POINT('',(-4.243748983417,68.00174820588,
    -9.096514343089));
#2650 = CARTESIAN_POINT('',(-4.241828378492,67.978195770826,
    -9.136463131529));
#2651 = CARTESIAN_POINT('',(-4.242378590276,67.954010565239,
    -9.176028884577));
#2652 = CARTESIAN_POINT('',(-4.247610296733,67.911022172925,
    -9.243899796112));
#2653 = CARTESIAN_POINT('',(-4.251175492085,67.892462587503,
    -9.272447731475));
#2654 = CARTESIAN_POINT('',(-4.25607783393,67.873648498363,
    -9.300643362775));
#2655 = CARTESIAN_POINT('',(-4.262307670662,67.854619338825,
    -9.32842723354));
#2656 = CARTESIAN_POINT('',(-4.269850723886,67.83541525306,
    -9.355741386325));
#2657 = CARTESIAN_POINT('',(-4.285759619741,67.800602982479,
    -9.403964714106));
#2658 = CARTESIAN_POINT('',(-4.293659925879,67.785042957301,
    -9.425063247468));
#2659 = CARTESIAN_POINT('',(-4.302379327128,67.769417921262,
    -9.44579608437));
#2660 = CARTESIAN_POINT('',(-4.311906349427,67.753748863683,
    -9.466135236228));
#2661 = CARTESIAN_POINT('',(-4.32222772435,67.738056862499,
    -9.486053604297));
#2662 = CARTESIAN_POINT('',(-4.342082114952,67.709987336055,
    -9.520879653058));
#2663 = CARTESIAN_POINT('',(-4.351320459349,67.697610461774,
    -9.535956388773));
#2664 = CARTESIAN_POINT('',(-4.361036040896,67.685242830558,
    -9.550742348908));
#2665 = CARTESIAN_POINT('',(-4.371220829678,67.672894782661,
    -9.565225117595));
#2666 = CARTESIAN_POINT('',(-4.381866147267,67.660576629456,
    -9.579392701015));
#2667 = CARTESIAN_POINT('',(-4.401894795809,67.638415512404,
    -9.604374682813));
#2668 = CARTESIAN_POINT('',(-4.411119283758,67.628558397055,
    -9.615304126247));
#2669 = CARTESIAN_POINT('',(-4.420631268177,67.618732667133,
    -9.626015826336));
#2670 = CARTESIAN_POINT('',(-4.430425633341,67.608943649153,
    -9.636503952773));
#2671 = CARTESIAN_POINT('',(-4.440497010194,67.599196636404,
    -9.646762876316));
#2672 = CARTESIAN_POINT('',(-4.458989053818,67.581854259083,
    -9.664685514294));
#2673 = CARTESIAN_POINT('',(-4.46730681707,67.574240970254,
    -9.672438198696));
#2674 = CARTESIAN_POINT('',(-4.475790316841,67.566659594355,
    -9.680042567995));
#2675 = CARTESIAN_POINT('',(-4.484436712967,67.559112684053,
    -9.6874960524));
#2676 = CARTESIAN_POINT('',(-4.493243074388,67.551602772785,
    -9.694796166312));
#2677 = CARTESIAN_POINT('',(-4.509446206767,67.538098395603,
    -9.707711125984));
#2678 = CARTESIAN_POINT('',(-4.516788426489,67.532090194563,
    -9.713380117283));
#2679 = CARTESIAN_POINT('',(-4.524231446177,67.526109096204,
    -9.718946217116));
#2680 = CARTESIAN_POINT('',(-4.531773637538,67.520156414765,
    -9.724408198289));
#2681 = CARTESIAN_POINT('',(-4.539413336117,67.514233454156,
    -9.729764871521));
#2682 = CARTESIAN_POINT('',(-4.557463113947,67.500485377274,
    -9.742015551044));
#2683 = CARTESIAN_POINT('',(-4.567947720071,67.49268438476,
    -9.748826747138));
#2684 = CARTESIAN_POINT('',(-4.578598626733,67.48494159797,
    -9.755445943485));
#2685 = CARTESIAN_POINT('',(-4.589411695725,67.477260044887,
    -9.761870535886));
#2686 = CARTESIAN_POINT('',(-4.600382683565,67.469642713918,
    -9.768098046184));
#2687 = CARTESIAN_POINT('',(-4.625810585312,67.452384974017,
    -9.781876690453));
#2688 = CARTESIAN_POINT('',(-4.640367809282,67.44278843221,
    -9.789297569842));
#2689 = CARTESIAN_POINT('',(-4.655169664669,67.43330919943,
    -9.796383758861));
#2690 = CARTESIAN_POINT('',(-4.670206649993,67.423953414608,
    -9.803130619585));
#2691 = CARTESIAN_POINT('',(-4.685469011023,67.414727084646,
    -9.809533877741));
#2692 = CARTESIAN_POINT('',(-4.803693229219,67.345286901163,
    -9.855789738546));
#2693 = CARTESIAN_POINT('',(-4.915972685401,67.290876815178,
    -9.880691926934));
#2694 = CARTESIAN_POINT('',(-5.034777234993,67.244187257245,
    -9.889095057225));
#2695 = CARTESIAN_POINT('',(-5.156762756877,67.206589858526,
    -9.880667924635));
#2696 = CARTESIAN_POINT('',(-5.278459804456,67.17909803179,
    -9.85574241305));
#2697 = CARTESIAN_POINT('',(-5.414173813071,67.159648835786,
    -9.809461237434));
#2698 = CARTESIAN_POINT('',(-5.431857266053,67.157342703575,
    -9.803054695147));
#2699 = CARTESIAN_POINT('',(-5.449445221256,67.155278345858,
    -9.796304582255));
#2700 = CARTESIAN_POINT('',(-5.466926308355,67.153457150246,
    -9.789215175132));
#2701 = CARTESIAN_POINT('',(-5.484289272317,67.151880243492,
    -9.781791113765));
#2702 = CARTESIAN_POINT('',(-5.514926643512,67.149512709082,
    -9.768006880649));
#2703 = CARTESIAN_POINT('',(-5.528252126589,67.148625222661,
    -9.76177694842));
#2704 = CARTESIAN_POINT('',(-5.541494184585,67.147886439197,
    -9.755349958123));
#2705 = CARTESIAN_POINT('',(-5.554647637082,67.147296669061,
    -9.74872838885));
#2706 = CARTESIAN_POINT('',(-5.567707361297,67.14685612602,
    -9.741914845717));
#2707 = CARTESIAN_POINT('',(-5.59038873951,67.146346533797,
    -9.729660105912));
#2708 = CARTESIAN_POINT('',(-5.600053619806,67.146212142131,
    -9.724301707719));
#2709 = CARTESIAN_POINT('',(-5.609660797052,67.146161801624,
    -9.718838017038));
#2710 = CARTESIAN_POINT('',(-5.619208157166,67.146195531019,
    -9.713270223525));
#2711 = CARTESIAN_POINT('',(-5.628693607899,67.14631331843,
    -9.707599554742));
#2712 = CARTESIAN_POINT('',(-5.649779377713,67.146764964434,
    -9.694680877993));
#2713 = CARTESIAN_POINT('',(-5.661345611261,67.147143584867,
    -9.687378733318));
#2714 = CARTESIAN_POINT('',(-5.67280984964,67.147650901866,
    -9.679923244227));
#2715 = CARTESIAN_POINT('',(-5.684168222089,67.148286762931,
    -9.672316896991));
#2716 = CARTESIAN_POINT('',(-5.695416916922,67.14905094383,
    -9.664562262063));
#2717 = CARTESIAN_POINT('',(-5.720684653336,67.151075502378,
    -9.646635262008));
#2718 = CARTESIAN_POINT('',(-5.734634419403,67.152414074412,
    -9.636373944064));
#2719 = CARTESIAN_POINT('',(-5.748393805203,67.153958259153,
    -9.625883469742));
#2720 = CARTESIAN_POINT('',(-5.761955313545,67.155707267064,
    -9.615169469561));
#2721 = CARTESIAN_POINT('',(-5.775311624576,67.157660124625,
    -9.604237775056));
#2722 = CARTESIAN_POINT('',(-5.80478454984,67.162493546311,
    -9.57925085887));
#2723 = CARTESIAN_POINT('',(-5.820785803732,67.165484245003,
    -9.565080619443));
#2724 = CARTESIAN_POINT('',(-5.836445655871,67.168785548909,
    -9.550595274547));
#2725 = CARTESIAN_POINT('',(-5.851750893669,67.172394809468,
    -9.535806820172));
#2726 = CARTESIAN_POINT('',(-5.866688793528,67.176308951061,
    -9.520727674239));
#2727 = CARTESIAN_POINT('',(-5.899708642798,67.185870202868,
    -9.485896354959));
#2728 = CARTESIAN_POINT('',(-5.917559815026,67.191700591858,
    -9.465975178913));
#2729 = CARTESIAN_POINT('',(-5.934775666826,67.1980084849,
    -9.445633361343));
#2730 = CARTESIAN_POINT('',(-5.951332685548,67.20478567903,
    -9.424898004654));
#2731 = CARTESIAN_POINT('',(-5.967208816593,67.212022921409,
    -9.403797100777));
#2732 = CARTESIAN_POINT('',(-6.001347372753,67.229316415721,
    -9.355568783999));
#2733 = CARTESIAN_POINT('',(-6.019215823994,67.239625373927,
    -9.328252098334));
#2734 = CARTESIAN_POINT('',(-6.035948569099,67.250616635083,
    -9.300465938529));
#2735 = CARTESIAN_POINT('',(-6.051509420355,67.262267720297,
    -9.272268267137));
#2736 = CARTESIAN_POINT('',(-6.065866250371,67.274553820634,
    -9.243718544917));
#2737 = CARTESIAN_POINT('',(-6.096754264424,67.304898747471,
    -9.175844030443));
#2738 = CARTESIAN_POINT('',(-6.112260879718,67.323463369228,
    -9.136276674732));
#2739 = CARTESIAN_POINT('',(-6.125441377182,67.343074354998,
    -9.096326762387));
#2740 = CARTESIAN_POINT('',(-6.136241089957,67.363657488532,
    -9.056148244108));
#2741 = CARTESIAN_POINT('',(-6.144620677412,67.385132084328,
    -9.01589689033));
#2742 = CARTESIAN_POINT('',(-6.155480090336,67.42589040608,
    -8.942413338748));
#2743 = CARTESIAN_POINT('',(-6.158722542428,67.444923220851,
    -8.909154611697));
#2744 = CARTESIAN_POINT('',(-6.160270570749,67.464460285381,
    -8.876042610822));
#2745 = CARTESIAN_POINT('',(-6.16011849876,67.484449845059,
    -8.843165961141));
#2746 = CARTESIAN_POINT('',(-6.158268416362,67.504837976833,
    -8.81061237965));
#2747 = CARTESIAN_POINT('',(-6.148861483174,67.559953424212,
    -8.725153512743));
#2748 = CARTESIAN_POINT('',(-6.138348198227,67.595282005612,
    -8.672963588016));
#2749 = CARTESIAN_POINT('',(-6.123235928272,67.631297226455,
    -8.622296562905));
#2750 = CARTESIAN_POINT('',(-6.103629631832,67.66773273013,
    -8.573531083805));
#2751 = CARTESIAN_POINT('',(-6.079692110512,67.704316890893,
    -8.527021090638));
#2752 = CARTESIAN_POINT('',(-6.026540038066,67.773405879027,
    -8.443774959343));
#2753 = CARTESIAN_POINT('',(-5.998142863973,67.805937221932,
    -8.406523182041));
#2754 = CARTESIAN_POINT('',(-5.966607962118,67.838175276567,
    -8.371566629487));
#2755 = CARTESIAN_POINT('',(-5.932124109031,67.869929444704,
    -8.339110623849));
#2756 = CARTESIAN_POINT('',(-5.894908069162,67.901016010897,
    -8.309332978186));
#2757 = CARTESIAN_POINT('',(-5.837133890915,67.945021197653,
    -8.270120698175));
#2758 = CARTESIAN_POINT('',(-5.818550999083,67.958608075263,
    -8.258443643188));
#2759 = CARTESIAN_POINT('',(-5.79947469413,67.972004353827,
    -8.247365774097));
#2760 = CARTESIAN_POINT('',(-5.779928296778,67.985194207836,
    -8.236899724261));
#2761 = CARTESIAN_POINT('',(-5.759935872761,67.998162342217,
    -8.227056822167));
#2762 = CARTESIAN_POINT('',(-5.683538280962,68.045810258602,
    -8.192589610489));
#2763 = CARTESIAN_POINT('',(-5.624384717372,68.078948583427,
    -8.172094079211));
#2764 = CARTESIAN_POINT('',(-5.562575414017,68.110003379931,
    -8.156567751704));
#2765 = CARTESIAN_POINT('',(-5.498649872241,68.138705170677,
    -8.146143537453));
#2766 = CARTESIAN_POINT('',(-5.433167389058,68.164819143081,
    -8.140885751682));
#2767 = CARTESIAN_POINT('',(-5.339396417191,68.197725612142,
    -8.140758939853));
#2768 = CARTESIAN_POINT('',(-5.311925319791,68.206836901143,
    -8.141594111383));
#2769 = CARTESIAN_POINT('',(-5.284327544605,68.215463663246,
    -8.143301445204));
#2770 = CARTESIAN_POINT('',(-5.256643007108,68.223593022057,
    -8.145879130253));
#2771 = CARTESIAN_POINT('',(-5.22891192488,68.231213133368,
    -8.149323479482));
#2772 = CARTESIAN_POINT('',(-5.201174817603,68.238313185156,
    -8.153628929864));
#2773 = PCURVE('',#2362,#2774);
#2774 = DEFINITIONAL_REPRESENTATION('',(#2775),#2928);
#2775 = B_SPLINE_CURVE_WITH_KNOTS('',6,(#2776,#2777,#2778,#2779,#2780,
    #2781,#2782,#2783,#2784,#2785,#2786,#2787,#2788,#2789,#2790,#2791,
    #2792,#2793,#2794,#2795,#2796,#2797,#2798,#2799,#2800,#2801,#2802,
    #2803,#2804,#2805,#2806,#2807,#2808,#2809,#2810,#2811,#2812,#2813,
    #2814,#2815,#2816,#2817,#2818,#2819,#2820,#2821,#2822,#2823,#2824,
    #2825,#2826,#2827,#2828,#2829,#2830,#2831,#2832,#2833,#2834,#2835,
    #2836,#2837,#2838,#2839,#2840,#2841,#2842,#2843,#2844,#2845,#2846,
    #2847,#2848,#2849,#2850,#2851,#2852,#2853,#2854,#2855,#2856,#2857,
    #2858,#2859,#2860,#2861,#2862,#2863,#2864,#2865,#2866,#2867,#2868,
    #2869,#2870,#2871,#2872,#2873,#2874,#2875,#2876,#2877,#2878,#2879,
    #2880,#2881,#2882,#2883,#2884,#2885,#2886,#2887,#2888,#2889,#2890,
    #2891,#2892,#2893,#2894,#2895,#2896,#2897,#2898,#2899,#2900,#2901,
    #2902,#2903,#2904,#2905,#2906,#2907,#2908,#2909,#2910,#2911,#2912,
    #2913,#2914,#2915,#2916,#2917,#2918,#2919,#2920,#2921,#2922,#2923,
    #2924,#2925,#2926,#2927),.UNSPECIFIED.,.T.,.F.,(7,5,5,5,5,5,5,5,5,5,
    5,5,5,5,5,5,5,5,5,5,5,5,5,5,5,5,5,5,5,5,7),(0.,4.549449143208E-02,
    6.818727644521E-02,0.119488024521,0.180190094784,0.216787396665,
    0.26091126782,0.293513055824,0.319600535217,0.340172514223,
    0.356731902304,0.369779383625,0.380318076472,0.394370028984,
    0.41243725551,0.532373713295,0.550440939088,0.564492890729,
    0.575031582708,0.588079062652,0.604638448439,0.625210423653,
    0.651297896739,0.683899675248,0.728023535645,0.764620839513,
    0.82532296601,0.879647158733,0.904364793325,0.972152354442,1.),
  .UNSPECIFIED.);
#2776 = CARTESIAN_POINT('',(5.100740576382,0.740053049343));
#2777 = CARTESIAN_POINT('',(5.114683968544,0.737936255669));
#2778 = CARTESIAN_POINT('',(5.128408762456,0.735132755982));
#2779 = CARTESIAN_POINT('',(5.141828153759,0.731655829928));
#2780 = CARTESIAN_POINT('',(5.154861094663,0.727525873807));
#2781 = CARTESIAN_POINT('',(5.167434882694,0.722769629098));
#2782 = CARTESIAN_POINT('',(5.185499754534,0.714750706598));
#2783 = CARTESIAN_POINT('',(5.191382193097,0.711934189329));
#2784 = CARTESIAN_POINT('',(5.197127398829,0.708973870448));
#2785 = CARTESIAN_POINT('',(5.20272840153,0.705874041879));
#2786 = CARTESIAN_POINT('',(5.208178927109,0.702639276214));
#2787 = CARTESIAN_POINT('',(5.225442413088,0.691667634658));
#2788 = CARTESIAN_POINT('',(5.236614197146,0.683395803662));
#2789 = CARTESIAN_POINT('',(5.246923650963,0.674515111007));
#2790 = CARTESIAN_POINT('',(5.256325732501,0.665087225568));
#2791 = CARTESIAN_POINT('',(5.264792494404,0.655177315171));
#2792 = CARTESIAN_POINT('',(5.281205422084,0.632634596017));
#2793 = CARTESIAN_POINT('',(5.288772208955,0.619834884125));
#2794 = CARTESIAN_POINT('',(5.294987526556,0.606563944042));
#2795 = CARTESIAN_POINT('',(5.299856591765,0.592932621446));
#2796 = CARTESIAN_POINT('',(5.303404014621,0.579049851118));
#2797 = CARTESIAN_POINT('',(5.30702817887,0.556562881789));
#2798 = CARTESIAN_POINT('',(5.307923729068,0.548051529028));
#2799 = CARTESIAN_POINT('',(5.308359752368,0.539509824963));
#2800 = CARTESIAN_POINT('',(5.308345457577,0.530960044489));
#2801 = CARTESIAN_POINT('',(5.307891179183,0.522423780295));
#2802 = CARTESIAN_POINT('',(5.305944019289,0.503671624928));
#2803 = CARTESIAN_POINT('',(5.30425662207,0.493471243055));
#2804 = CARTESIAN_POINT('',(5.301965953006,0.483357507771));
#2805 = CARTESIAN_POINT('',(5.299093260836,0.473365315962));
#2806 = CARTESIAN_POINT('',(5.295660915956,0.463527924478));
#2807 = CARTESIAN_POINT('',(5.288759576629,0.446746440259));
#2808 = CARTESIAN_POINT('',(5.285534186811,0.43971757775));
#2809 = CARTESIAN_POINT('',(5.282025222089,0.432803310054));
#2810 = CARTESIAN_POINT('',(5.278242233876,0.426015898308));
#2811 = CARTESIAN_POINT('',(5.274194984093,0.419367090954));
#2812 = CARTESIAN_POINT('',(5.266451415926,0.407667744134));
#2813 = CARTESIAN_POINT('',(5.262846561396,0.402563299285));
#2814 = CARTESIAN_POINT('',(5.259083984884,0.3975605455));
#2815 = CARTESIAN_POINT('',(5.255168871971,0.392665016692));
#2816 = CARTESIAN_POINT('',(5.251106490513,0.387882024375));
#2817 = CARTESIAN_POINT('',(5.243586777635,0.37953765808));
#2818 = CARTESIAN_POINT('',(5.240183111497,0.375931801665));
#2819 = CARTESIAN_POINT('',(5.236693815646,0.37240158352));
#2820 = CARTESIAN_POINT('',(5.233121547015,0.368949406998));
#2821 = CARTESIAN_POINT('',(5.229468996055,0.365577583716));
#2822 = CARTESIAN_POINT('',(5.222736340039,0.359640655846));
#2823 = CARTESIAN_POINT('',(5.219683539722,0.357046479805));
#2824 = CARTESIAN_POINT('',(5.216581906601,0.354506962963));
#2825 = CARTESIAN_POINT('',(5.213432876068,0.35202322196));
#2826 = CARTESIAN_POINT('',(5.210237898099,0.349596332531));
#2827 = CARTESIAN_POINT('',(5.204445999647,0.345360743473));
#2828 = CARTESIAN_POINT('',(5.20186594611,0.343530094084));
#2829 = CARTESIAN_POINT('',(5.199258993064,0.341735887421));
#2830 = CARTESIAN_POINT('',(5.196625862575,0.33997861299));
#2831 = CARTESIAN_POINT('',(5.193967282354,0.338258743722));
#2832 = CARTESIAN_POINT('',(5.189116637286,0.335218147099));
#2833 = CARTESIAN_POINT('',(5.186933163565,0.333884259327));
#2834 = CARTESIAN_POINT('',(5.184733951043,0.332575313104));
#2835 = CARTESIAN_POINT('',(5.18251938853,0.331291541537));
#2836 = CARTESIAN_POINT('',(5.180289867192,0.330033170399));
#2837 = CARTESIAN_POINT('',(5.175053587941,0.327156706067));
#2838 = CARTESIAN_POINT('',(5.17203549996,0.325558540793));
#2839 = CARTESIAN_POINT('',(5.168992449582,0.324006440258));
#2840 = CARTESIAN_POINT('',(5.165925376893,0.322500898302));
#2841 = CARTESIAN_POINT('',(5.162835229089,0.321042384643));
#2842 = CARTESIAN_POINT('',(5.155721376925,0.317817107674));
#2843 = CARTESIAN_POINT('',(5.151683223817,0.316081350768));
#2844 = CARTESIAN_POINT('',(5.147610530059,0.31442502171));
#2845 = CARTESIAN_POINT('',(5.143505341948,0.312848998992));
#2846 = CARTESIAN_POINT('',(5.139369723164,0.311354092054));
#2847 = CARTESIAN_POINT('',(5.107563901824,0.300560724694));
#2848 = CARTESIAN_POINT('',(5.0786616135,0.294783863024));
#2849 = CARTESIAN_POINT('',(5.049130783505,0.29284041444));
#2850 = CARTESIAN_POINT('',(5.019600322471,0.294789424323));
#2851 = CARTESIAN_POINT('',(4.990699130915,0.300571719067));
#2852 = CARTESIAN_POINT('',(4.958895375663,0.311371049349));
#2853 = CARTESIAN_POINT('',(4.954760043383,0.312866731244));
#2854 = CARTESIAN_POINT('',(4.950655157552,0.314443522865));
#2855 = CARTESIAN_POINT('',(4.946582781754,0.316100614374));
#2856 = CARTESIAN_POINT('',(4.942544962182,0.317837126886));
#2857 = CARTESIAN_POINT('',(4.935431730534,0.321063734261));
#2858 = CARTESIAN_POINT('',(4.932341863595,0.322522825572));
#2859 = CARTESIAN_POINT('',(4.929275081078,0.324028940625));
#2860 = CARTESIAN_POINT('',(4.926232330127,0.325581609521));
#2861 = CARTESIAN_POINT('',(4.923214550773,0.327180338245));
#2862 = CARTESIAN_POINT('',(4.917978827667,0.330057779683));
#2863 = CARTESIAN_POINT('',(4.915749549844,0.331316566699));
#2864 = CARTESIAN_POINT('',(4.913535235967,0.33260075121));
#2865 = CARTESIAN_POINT('',(4.911336277179,0.333910107371));
#2866 = CARTESIAN_POINT('',(4.909153062267,0.335244402003));
#2867 = CARTESIAN_POINT('',(4.904303007797,0.338285902117));
#2868 = CARTESIAN_POINT('',(4.901644762054,0.340006266335));
#2869 = CARTESIAN_POINT('',(4.899011973739,0.341764030756));
#2870 = CARTESIAN_POINT('',(4.89640537052,0.343558722314));
#2871 = CARTESIAN_POINT('',(4.893825674417,0.345389851375));
#2872 = CARTESIAN_POINT('',(4.888034604307,0.349626516664));
#2873 = CARTESIAN_POINT('',(4.884840101862,0.352053999378));
#2874 = CARTESIAN_POINT('',(4.881691558939,0.354538324781));
#2875 = CARTESIAN_POINT('',(4.87859042542,0.357078416878));
#2876 = CARTESIAN_POINT('',(4.875538136609,0.359673158778));
#2877 = CARTESIAN_POINT('',(4.868806654204,0.365611333706));
#2878 = CARTESIAN_POINT('',(4.865154771763,0.36898383294));
#2879 = CARTESIAN_POINT('',(4.861583189697,0.372436670046));
#2880 = CARTESIAN_POINT('',(4.858094598289,0.375967532946));
#2881 = CARTESIAN_POINT('',(4.854691654303,0.37957401783));
#2882 = CARTESIAN_POINT('',(4.847173619375,0.387919771347));
#2883 = CARTESIAN_POINT('',(4.843112204366,0.392703512229));
#2884 = CARTESIAN_POINT('',(4.839198085761,0.397599761779));
#2885 = CARTESIAN_POINT('',(4.835436531086,0.402603207597));
#2886 = CARTESIAN_POINT('',(4.831832725591,0.407708314901));
#2887 = CARTESIAN_POINT('',(4.824091578129,0.419409083283));
#2888 = CARTESIAN_POINT('',(4.820045715081,0.426058632634));
#2889 = CARTESIAN_POINT('',(4.81626415493,0.432846737188));
#2890 = CARTESIAN_POINT('',(4.812756658944,0.439761646873));
#2891 = CARTESIAN_POINT('',(4.809532777837,0.446791098952));
#2892 = CARTESIAN_POINT('',(4.802635081303,0.463573844059));
#2893 = CARTESIAN_POINT('',(4.799204903197,0.473411861974));
#2894 = CARTESIAN_POINT('',(4.796334447797,0.483404577401));
#2895 = CARTESIAN_POINT('',(4.794046083356,0.493518729622));
#2896 = CARTESIAN_POINT('',(4.792361055813,0.50371941797));
#2897 = CARTESIAN_POINT('',(4.790418342671,0.522471927736));
#2898 = CARTESIAN_POINT('',(4.789966122491,0.531008275516));
#2899 = CARTESIAN_POINT('',(4.789953926127,0.539558058947));
#2900 = CARTESIAN_POINT('',(4.790392085255,0.548099683336));
#2901 = CARTESIAN_POINT('',(4.79128980513,0.556610871926));
#2902 = CARTESIAN_POINT('',(4.794919818367,0.579097187812));
#2903 = CARTESIAN_POINT('',(4.798470974532,0.59297931773));
#2904 = CARTESIAN_POINT('',(4.803343836496,0.606609754661));
#2905 = CARTESIAN_POINT('',(4.809562986689,0.619879557706));
#2906 = CARTESIAN_POINT('',(4.817133605049,0.632677878734));
#2907 = CARTESIAN_POINT('',(4.833996749045,0.655826003352));
#2908 = CARTESIAN_POINT('',(4.843025098066,0.666292395616));
#2909 = CARTESIAN_POINT('',(4.853101298981,0.676213657436));
#2910 = CARTESIAN_POINT('',(4.864191067438,0.68551249207));
#2911 = CARTESIAN_POINT('',(4.876238471152,0.694116204469));
#2912 = CARTESIAN_POINT('',(4.895042426038,0.705528050902));
#2913 = CARTESIAN_POINT('',(4.901104219193,0.708939329788));
#2914 = CARTESIAN_POINT('',(4.907339923455,0.712187071317));
#2915 = CARTESIAN_POINT('',(4.913740985188,0.715265541461));
#2916 = CARTESIAN_POINT('',(4.920297883865,0.718169422802));
#2917 = CARTESIAN_POINT('',(4.945380898175,0.728365398058));
#2918 = CARTESIAN_POINT('',(4.964854940586,0.734487324156));
#2919 = CARTESIAN_POINT('',(4.985207545442,0.739158482827));
#2920 = CARTESIAN_POINT('',(5.006168872284,0.742306981114));
#2921 = CARTESIAN_POINT('',(5.027438872195,0.743894698978));
#2922 = CARTESIAN_POINT('',(5.057451453193,0.743932997021));
#2923 = CARTESIAN_POINT('',(5.066191488356,0.743680764098));
#2924 = CARTESIAN_POINT('',(5.074911087519,0.743165129375));
#2925 = CARTESIAN_POINT('',(5.08358939654,0.742387102842));
#2926 = CARTESIAN_POINT('',(5.092205931036,0.741348721497));
#2927 = CARTESIAN_POINT('',(5.100740576382,0.740053049343));
#2928 = ( GEOMETRIC_REPRESENTATION_CONTEXT(2) 
PARAMETRIC_REPRESENTATION_CONTEXT() REPRESENTATION_CONTEXT('2D SPACE',''
  ) );
#2929 = PCURVE('',#2488,#2930);
#2930 = DEFINITIONAL_REPRESENTATION('',(#2931),#3084);
#2931 = B_SPLINE_CURVE_WITH_KNOTS('',6,(#2932,#2933,#2934,#2935,#2936,
    #2937,#2938,#2939,#2940,#2941,#2942,#2943,#2944,#2945,#2946,#2947,
    #2948,#2949,#2950,#2951,#2952,#2953,#2954,#2955,#2956,#2957,#2958,
    #2959,#2960,#2961,#2962,#2963,#2964,#2965,#2966,#2967,#2968,#2969,
    #2970,#2971,#2972,#2973,#2974,#2975,#2976,#2977,#2978,#2979,#2980,
    #2981,#2982,#2983,#2984,#2985,#2986,#2987,#2988,#2989,#2990,#2991,
    #2992,#2993,#2994,#2995,#2996,#2997,#2998,#2999,#3000,#3001,#3002,
    #3003,#3004,#3005,#3006,#3007,#3008,#3009,#3010,#3011,#3012,#3013,
    #3014,#3015,#3016,#3017,#3018,#3019,#3020,#3021,#3022,#3023,#3024,
    #3025,#3026,#3027,#3028,#3029,#3030,#3031,#3032,#3033,#3034,#3035,
    #3036,#3037,#3038,#3039,#3040,#3041,#3042,#3043,#3044,#3045,#3046,
    #3047,#3048,#3049,#3050,#3051,#3052,#3053,#3054,#3055,#3056,#3057,
    #3058,#3059,#3060,#3061,#3062,#3063,#3064,#3065,#3066,#3067,#3068,
    #3069,#3070,#3071,#3072,#3073,#3074,#3075,#3076,#3077,#3078,#3079,
    #3080,#3081,#3082,#3083),.UNSPECIFIED.,.F.,.F.,(7,5,5,5,5,5,5,5,5,5,
    5,5,5,5,5,5,5,5,5,5,5,5,5,5,5,5,5,5,5,5,7),(0.,4.549449143208E-02,
    6.818727644521E-02,0.119488024521,0.180190094784,0.216787396665,
    0.26091126782,0.293513055824,0.319600535217,0.340172514223,
    0.356731902304,0.369779383625,0.380318076472,0.394370028984,
    0.41243725551,0.532373713295,0.550440939088,0.564492890729,
    0.575031582708,0.588079062652,0.604638448439,0.625210423653,
    0.651297896739,0.683899675248,0.728023535645,0.764620839513,
    0.82532296601,0.879647158733,0.904364793325,0.972152354442,1.),
  .UNSPECIFIED.);
#2932 = CARTESIAN_POINT('',(0.,1.112517806304));
#2933 = CARTESIAN_POINT('',(4.730220179587E-02,1.112517805765));
#2934 = CARTESIAN_POINT('',(9.462034295653E-02,1.112517806716));
#2935 = CARTESIAN_POINT('',(0.141961066151,1.112517806544));
#2936 = CARTESIAN_POINT('',(0.189330148826,1.112517805996));
#2937 = CARTESIAN_POINT('',(0.236731167093,1.112517806304));
#2938 = CARTESIAN_POINT('',(0.307823874635,1.112517806304));
#2939 = CARTESIAN_POINT('',(0.331491725475,1.112517806304));
#2940 = CARTESIAN_POINT('',(0.355167874089,1.112517806304));
#2941 = CARTESIAN_POINT('',(0.378852383316,1.112517806304));
#2942 = CARTESIAN_POINT('',(0.40254521689,1.112517806304));
#2943 = CARTESIAN_POINT('',(0.479826273168,1.112517806304));
#2944 = CARTESIAN_POINT('',(0.533449309728,1.112517806304));
#2945 = CARTESIAN_POINT('',(0.587111466339,1.112517806304));
#2946 = CARTESIAN_POINT('',(0.640810241294,1.112517806304));
#2947 = CARTESIAN_POINT('',(0.694541915441,1.112517806304));
#2948 = CARTESIAN_POINT('',(0.811907451286,1.112517806304));
#2949 = CARTESIAN_POINT('',(0.87555502492,1.112517806304));
#2950 = CARTESIAN_POINT('',(0.93922845278,1.112517806304));
#2951 = CARTESIAN_POINT('',(1.002921660153,1.112517806304));
#2952 = CARTESIAN_POINT('',(1.06662955764,1.112517806304));
#2953 = CARTESIAN_POINT('',(1.168754063057,1.112517806304));
#2954 = CARTESIAN_POINT('',(1.207168704449,1.112517806304));
#2955 = CARTESIAN_POINT('',(1.245584586013,1.112517806304));
#2956 = CARTESIAN_POINT('',(1.284000696226,1.112517806304));
#2957 = CARTESIAN_POINT('',(1.32241622959,1.112517806304));
#2958 = CARTESIAN_POINT('',(1.407145206927,1.112517806304));
#2959 = CARTESIAN_POINT('',(1.453458503085,1.112517806304));
#2960 = CARTESIAN_POINT('',(1.499768809402,1.112517806304));
#2961 = CARTESIAN_POINT('',(1.546075909769,1.112517806304));
#2962 = CARTESIAN_POINT('',(1.592379889498,1.112517806304));
#2963 = CARTESIAN_POINT('',(1.672889722802,1.112517806304));
#2964 = CARTESIAN_POINT('',(1.707097533657,1.112517806304));
#2965 = CARTESIAN_POINT('',(1.741303395633,1.112517806304));
#2966 = CARTESIAN_POINT('',(1.775507325349,1.112517806304));
#2967 = CARTESIAN_POINT('',(1.809709380125,1.112517806304));
#2968 = CARTESIAN_POINT('',(1.871276225851,1.112517806304));
#2969 = CARTESIAN_POINT('',(1.898641675948,1.112517806304));
#2970 = CARTESIAN_POINT('',(1.926006059067,1.112517806304));
#2971 = CARTESIAN_POINT('',(1.953369431346,1.112517806304));
#2972 = CARTESIAN_POINT('',(1.980731854266,1.112517806304));
#2973 = CARTESIAN_POINT('',(2.029670068509,1.112517806304));
#2974 = CARTESIAN_POINT('',(2.05124620003,1.112517806304));
#2975 = CARTESIAN_POINT('',(2.072821822091,1.112517806304));
#2976 = CARTESIAN_POINT('',(2.094396967299,1.112517806304));
#2977 = CARTESIAN_POINT('',(2.115971667997,1.112517806304));
#2978 = CARTESIAN_POINT('',(2.154912151892,1.112517806304));
#2979 = CARTESIAN_POINT('',(2.172278082487,1.112517806304));
#2980 = CARTESIAN_POINT('',(2.189643764837,1.112517806304));
#2981 = CARTESIAN_POINT('',(2.207009215142,1.112517806304));
#2982 = CARTESIAN_POINT('',(2.22437444901,1.112517806304));
#2983 = CARTESIAN_POINT('',(2.255421746487,1.112517806304));
#2984 = CARTESIAN_POINT('',(2.269103887194,1.112517806304));
#2985 = CARTESIAN_POINT('',(2.282785910962,1.112517806304));
#2986 = CARTESIAN_POINT('',(2.296467824863,1.112517806304));
#2987 = CARTESIAN_POINT('',(2.310149635656,1.112517806304));
#2988 = CARTESIAN_POINT('',(2.334882324255,1.112517806304));
#2989 = CARTESIAN_POINT('',(2.345933235901,1.112517806304));
#2990 = CARTESIAN_POINT('',(2.356984088142,1.112517806304));
#2991 = CARTESIAN_POINT('',(2.368034884245,1.112517806304));
#2992 = CARTESIAN_POINT('',(2.37908562733,1.112517806304));
#2993 = CARTESIAN_POINT('',(2.404870957393,1.112517806304));
#2994 = CARTESIAN_POINT('',(2.419605505966,1.112517806304));
#2995 = CARTESIAN_POINT('',(2.434339973042,1.112517806304));
#2996 = CARTESIAN_POINT('',(2.449074365108,1.112517806304));
#2997 = CARTESIAN_POINT('',(2.463808688181,1.112517806304));
#2998 = CARTESIAN_POINT('',(2.497487447238,1.112517806304));
#2999 = CARTESIAN_POINT('',(2.51643184372,1.112517806304));
#3000 = CARTESIAN_POINT('',(2.535376148713,1.112517806304));
#3001 = CARTESIAN_POINT('',(2.5543203725,1.112517806304));
#3002 = CARTESIAN_POINT('',(2.573264524176,1.112517806304));
#3003 = CARTESIAN_POINT('',(2.717965973751,1.112517806304));
#3004 = CARTESIAN_POINT('',(2.843770130588,1.112517806304));
#3005 = CARTESIAN_POINT('',(2.969515465335,1.112517806304));
#3006 = CARTESIAN_POINT('',(3.095260800485,1.112517806304));
#3007 = CARTESIAN_POINT('',(3.22106495846,1.112517806304));
#3008 = CARTESIAN_POINT('',(3.365766411721,1.112517806304));
#3009 = CARTESIAN_POINT('',(3.384710563277,1.112517806304));
#3010 = CARTESIAN_POINT('',(3.403654787015,1.112517806304));
#3011 = CARTESIAN_POINT('',(3.422599092039,1.112517806304));
#3012 = CARTESIAN_POINT('',(3.441543488636,1.112517806304));
#3013 = CARTESIAN_POINT('',(3.47522224775,1.112517806304));
#3014 = CARTESIAN_POINT('',(3.489956570727,1.112517806304));
#3015 = CARTESIAN_POINT('',(3.504690962756,1.112517806304));
#3016 = CARTESIAN_POINT('',(3.51942542986,1.112517806304));
#3017 = CARTESIAN_POINT('',(3.534159978526,1.112517806304));
#3018 = CARTESIAN_POINT('',(3.55994530865,1.112517806304));
#3019 = CARTESIAN_POINT('',(3.57099605167,1.112517806304));
#3020 = CARTESIAN_POINT('',(3.58204684775,1.112517806304));
#3021 = CARTESIAN_POINT('',(3.593097700011,1.112517806304));
#3022 = CARTESIAN_POINT('',(3.60414861172,1.112517806304));
#3023 = CARTESIAN_POINT('',(3.628881300245,1.112517806304));
#3024 = CARTESIAN_POINT('',(3.642563110926,1.112517806304));
#3025 = CARTESIAN_POINT('',(3.656245024786,1.112517806304));
#3026 = CARTESIAN_POINT('',(3.669927048588,1.112517806304));
#3027 = CARTESIAN_POINT('',(3.683609189406,1.112517806304));
#3028 = CARTESIAN_POINT('',(3.71465648674,1.112517806304));
#3029 = CARTESIAN_POINT('',(3.732021720403,1.112517806304));
#3030 = CARTESIAN_POINT('',(3.749387170635,1.112517806304));
#3031 = CARTESIAN_POINT('',(3.766752853048,1.112517806304));
#3032 = CARTESIAN_POINT('',(3.784118783846,1.112517806304));
#3033 = CARTESIAN_POINT('',(3.823059267526,1.112517806304));
#3034 = CARTESIAN_POINT('',(3.844633967884,1.112517806304));
#3035 = CARTESIAN_POINT('',(3.866209112977,1.112517806304));
#3036 = CARTESIAN_POINT('',(3.88778473515,1.112517806304));
#3037 = CARTESIAN_POINT('',(3.90936086701,1.112517806304));
#3038 = CARTESIAN_POINT('',(3.958299080961,1.112517806304));
#3039 = CARTESIAN_POINT('',(3.985661503386,1.112517806304));
#3040 = CARTESIAN_POINT('',(4.013024875524,1.112517806304));
#3041 = CARTESIAN_POINT('',(4.040389258841,1.112517806304));
#3042 = CARTESIAN_POINT('',(4.067754709448,1.112517806304));
#3043 = CARTESIAN_POINT('',(4.129321555245,1.112517806304));
#3044 = CARTESIAN_POINT('',(4.163523609735,1.112517806304));
#3045 = CARTESIAN_POINT('',(4.197727539513,1.112517806304));
#3046 = CARTESIAN_POINT('',(4.231933401785,1.112517806304));
#3047 = CARTESIAN_POINT('',(4.266141213017,1.112517806304));
#3048 = CARTESIAN_POINT('',(4.346651049137,1.112517806304));
#3049 = CARTESIAN_POINT('',(4.392955031229,1.112517806304));
#3050 = CARTESIAN_POINT('',(4.43926213324,1.112517806304));
#3051 = CARTESIAN_POINT('',(4.485572439844,1.112517806304));
#3052 = CARTESIAN_POINT('',(4.531885734146,1.112517806304));
#3053 = CARTESIAN_POINT('',(4.616614713805,1.112517806304));
#3054 = CARTESIAN_POINT('',(4.655030252353,1.112517806304));
#3055 = CARTESIAN_POINT('',(4.693446365046,1.112517806304));
#3056 = CARTESIAN_POINT('',(4.73186224578,1.112517806304));
#3057 = CARTESIAN_POINT('',(4.770276882401,1.112517806304));
#3058 = CARTESIAN_POINT('',(4.872401418458,1.112517806304));
#3059 = CARTESIAN_POINT('',(4.936109343646,1.112517806304));
#3060 = CARTESIAN_POINT('',(4.999802562746,1.112517806304));
#3061 = CARTESIAN_POINT('',(5.063475983921,1.112517806304));
#3062 = CARTESIAN_POINT('',(5.12712353116,1.112517806304));
#3063 = CARTESIAN_POINT('',(5.247657134201,1.112517806304));
#3064 = CARTESIAN_POINT('',(5.304554046902,1.112517806304));
#3065 = CARTESIAN_POINT('',(5.361413447465,1.112517806304));
#3066 = CARTESIAN_POINT('',(5.418231116466,1.112517806304));
#3067 = CARTESIAN_POINT('',(5.475004442064,1.112517806304));
#3068 = CARTESIAN_POINT('',(5.557538768482,1.112517806304));
#3069 = CARTESIAN_POINT('',(5.583338778277,1.112517806304));
#3070 = CARTESIAN_POINT('',(5.609128875481,1.112517806304));
#3071 = CARTESIAN_POINT('',(5.634909076166,1.112517806304));
#3072 = CARTESIAN_POINT('',(5.660679540347,1.112517806304));
#3073 = CARTESIAN_POINT('',(5.757089626175,1.112517806304));
#3074 = CARTESIAN_POINT('',(5.827669136579,1.112517806304));
#3075 = CARTESIAN_POINT('',(5.898182037033,1.112517806304));
#3076 = CARTESIAN_POINT('',(5.968647200058,1.112517806304));
#3077 = CARTESIAN_POINT('',(6.039089425944,1.112517806304));
#3078 = CARTESIAN_POINT('',(6.138466721904,1.112517806304));
#3079 = CARTESIAN_POINT('',(6.167403946342,1.112517806469));
#3080 = CARTESIAN_POINT('',(6.196342821506,1.112517806452));
#3081 = CARTESIAN_POINT('',(6.225284983229,1.112517806205));
#3082 = CARTESIAN_POINT('',(6.254231986844,1.112517805974));
#3083 = CARTESIAN_POINT('',(6.28318530718,1.112517806304));
#3084 = ( GEOMETRIC_REPRESENTATION_CONTEXT(2) 
PARAMETRIC_REPRESENTATION_CONTEXT() REPRESENTATION_CONTEXT('2D SPACE',''
  ) );
#3085 = ADVANCED_FACE('',(#3086),#2488,.F.);
#3086 = FACE_BOUND('',#3087,.F.);
#3087 = EDGE_LOOP('',(#3088,#3089,#3110,#3111));
#3088 = ORIENTED_EDGE('',*,*,#2239,.F.);
#3089 = ORIENTED_EDGE('',*,*,#3090,.F.);
#3090 = EDGE_CURVE('',#2617,#2240,#3091,.T.);
#3091 = SEAM_CURVE('',#3092,(#3096,#3103),.PCURVE_S1.);
#3092 = LINE('',#3093,#3094);
#3093 = CARTESIAN_POINT('',(-4.882117818245,67.326991949814,
    -7.601005996464));
#3094 = VECTOR('',#3095,1.);
#3095 = DIRECTION('',(-0.286788218176,0.819152044289,-0.496731764892));
#3096 = PCURVE('',#2488,#3097);
#3097 = DEFINITIONAL_REPRESENTATION('',(#3098),#3102);
#3098 = LINE('',#3099,#3100);
#3099 = CARTESIAN_POINT('',(6.28318530718,-0.));
#3100 = VECTOR('',#3101,1.);
#3101 = DIRECTION('',(0.,1.));
#3102 = ( GEOMETRIC_REPRESENTATION_CONTEXT(2) 
PARAMETRIC_REPRESENTATION_CONTEXT() REPRESENTATION_CONTEXT('2D SPACE',''
  ) );
#3103 = PCURVE('',#2488,#3104);
#3104 = DEFINITIONAL_REPRESENTATION('',(#3105),#3109);
#3105 = LINE('',#3106,#3107);
#3106 = CARTESIAN_POINT('',(0.,-0.));
#3107 = VECTOR('',#3108,1.);
#3108 = DIRECTION('',(0.,1.));
#3109 = ( GEOMETRIC_REPRESENTATION_CONTEXT(2) 
PARAMETRIC_REPRESENTATION_CONTEXT() REPRESENTATION_CONTEXT('2D SPACE',''
  ) );
#3110 = ORIENTED_EDGE('',*,*,#2616,.T.);
#3111 = ORIENTED_EDGE('',*,*,#3090,.T.);
#3112 = ( GEOMETRIC_REPRESENTATION_CONTEXT(3) 
GLOBAL_UNCERTAINTY_ASSIGNED_CONTEXT((#3116)) 
GLOBAL_UNIT_ASSIGNED_CONTEXT((#3113,#3114,#3115)) REPRESENTATION_CONTEXT
('Context #1','3D Context with UNIT and UNCERTAINTY') );
#3113 = ( LENGTH_UNIT() NAMED_UNIT(*) SI_UNIT(.MILLI.,.METRE.) );
#3114 = ( NAMED_UNIT(*) PLANE_ANGLE_UNIT() SI_UNIT($,.RADIAN.) );
#3115 = ( NAMED_UNIT(*) SI_UNIT($,.STERADIAN.) SOLID_ANGLE_UNIT() );
#3116 = UNCERTAINTY_MEASURE_WITH_UNIT(LENGTH_MEASURE(2.E-07),#3113,
  'distance_accuracy_value','confusion accuracy');
#3117 = SHAPE_DEFINITION_REPRESENTATION(#3118,#2228);
#3118 = PRODUCT_DEFINITION_SHAPE('','',#3119);
#3119 = PRODUCT_DEFINITION('design','',#3120,#3123);
#3120 = PRODUCT_DEFINITION_FORMATION('','',#3121);
#3121 = PRODUCT('Open CASCADE STEP translator 7.5 3.5',
  'Open CASCADE STEP translator 7.5 3.5','',(#3122));
#3122 = PRODUCT_CONTEXT('',#2,'mechanical');
#3123 = PRODUCT_DEFINITION_CONTEXT('part definition',#2,'design');
#3124 = CONTEXT_DEPENDENT_SHAPE_REPRESENTATION(#3125,#3127);
#3125 = ( REPRESENTATION_RELATIONSHIP('','',#2228,#10) 
REPRESENTATION_RELATIONSHIP_WITH_TRANSFORMATION(#3126) 
SHAPE_REPRESENTATION_RELATIONSHIP() );
#3126 = ITEM_DEFINED_TRANSFORMATION('','',#11,#31);
#3127 = PRODUCT_DEFINITION_SHAPE('Placement','Placement of an item',
  #3128);
#3128 = NEXT_ASSEMBLY_USAGE_OCCURRENCE('5','','',#5,#3119,$);
#3129 = PRODUCT_RELATED_PRODUCT_CATEGORY('part',$,(#3121));
#3130 = ADVANCED_BREP_SHAPE_REPRESENTATION('',(#11,#3131),#3999);
#3131 = MANIFOLD_SOLID_BREP('',#3132);
#3132 = CLOSED_SHELL('',(#3133,#3972));
#3133 = ADVANCED_FACE('',(#3134,#3138,#3500),#3259,.T.);
#3134 = FACE_BOUND('',#3135,.T.);
#3135 = VERTEX_LOOP('',#3136);
#3136 = VERTEX_POINT('',#3137);
#3137 = CARTESIAN_POINT('',(6.45945301821,71.3138158007,-6.688100816644)
  );
#3138 = FACE_BOUND('',#3139,.T.);
#3139 = EDGE_LOOP('',(#3140));
#3140 = ORIENTED_EDGE('',*,*,#3141,.F.);
#3141 = EDGE_CURVE('',#3142,#3142,#3144,.T.);
#3142 = VERTEX_POINT('',#3143);
#3143 = CARTESIAN_POINT('',(7.717731218817,75.426343201651,
    -12.51243247687));
#3144 = SURFACE_CURVE('',#3145,(#3258,#3379),.PCURVE_S1.);
#3145 = B_SPLINE_CURVE_WITH_KNOTS('',6,(#3146,#3147,#3148,#3149,#3150,
    #3151,#3152,#3153,#3154,#3155,#3156,#3157,#3158,#3159,#3160,#3161,
    #3162,#3163,#3164,#3165,#3166,#3167,#3168,#3169,#3170,#3171,#3172,
    #3173,#3174,#3175,#3176,#3177,#3178,#3179,#3180,#3181,#3182,#3183,
    #3184,#3185,#3186,#3187,#3188,#3189,#3190,#3191,#3192,#3193,#3194,
    #3195,#3196,#3197,#3198,#3199,#3200,#3201,#3202,#3203,#3204,#3205,
    #3206,#3207,#3208,#3209,#3210,#3211,#3212,#3213,#3214,#3215,#3216,
    #3217,#3218,#3219,#3220,#3221,#3222,#3223,#3224,#3225,#3226,#3227,
    #3228,#3229,#3230,#3231,#3232,#3233,#3234,#3235,#3236,#3237,#3238,
    #3239,#3240,#3241,#3242,#3243,#3244,#3245,#3246,#3247,#3248,#3249,
    #3250,#3251,#3252,#3253,#3254,#3255,#3256,#3257),.UNSPECIFIED.,.T.,
  .F.,(7,5,5,5,5,5,5,5,5,5,5,5,5,5,5,5,5,5,5,5,5,5,7),(0.,
    8.732381343127E-02,0.143028556208,0.159587844795,0.1801597002,
    0.206247022852,0.238848614975,0.282972221021,0.319569303016,
    0.380271008563,0.435098703074,0.45931215734,0.527605612619,
    0.595392779019,0.620110269684,0.674434146085,0.735135919123,
    0.77173300989,0.815856613359,0.848458202033,0.874545523216,
    0.967378175287,1.),.UNSPECIFIED.);
#3146 = CARTESIAN_POINT('',(7.717731218817,75.426343201651,
    -12.51243247687));
#3147 = CARTESIAN_POINT('',(7.805447083624,75.403889990332,
    -12.49881691601));
#3148 = CARTESIAN_POINT('',(7.893171287486,75.376218241434,
    -12.49380233505));
#3149 = CARTESIAN_POINT('',(7.979559162935,75.343670391642,
    -12.49760039482));
#3150 = CARTESIAN_POINT('',(8.063302024976,75.30671848139,
    -12.51018820261));
#3151 = CARTESIAN_POINT('',(8.143150767841,75.265935058095,-12.531342772
    ));
#3152 = CARTESIAN_POINT('',(8.26568041128,75.193966039799,
    -12.57928315357));
#3153 = CARTESIAN_POINT('',(8.311354950339,75.164649603075,
    -12.60125819155));
#3154 = CARTESIAN_POINT('',(8.354688184103,75.134219269045,
    -12.6264218922));
#3155 = CARTESIAN_POINT('',(8.395409209713,75.102859523151,
    -12.65462642947));
#3156 = CARTESIAN_POINT('',(8.433273634461,75.070764250523,
    -12.68569317086));
#3157 = CARTESIAN_POINT('',(8.478409026226,75.028434964995,
    -12.72943875697));
#3158 = CARTESIAN_POINT('',(8.488480403079,75.018687952246,
    -12.73969768051));
#3159 = CARTESIAN_POINT('',(8.498274768243,75.008898934266,
    -12.75018580695));
#3160 = CARTESIAN_POINT('',(8.507786752662,74.999073204344,
    -12.76089750704));
#3161 = CARTESIAN_POINT('',(8.517011240611,74.989216088995,
    -12.77182695047));
#3162 = CARTESIAN_POINT('',(8.537039889154,74.967054971943,
    -12.79680893227));
#3163 = CARTESIAN_POINT('',(8.547685206742,74.954736818738,
    -12.81097651569));
#3164 = CARTESIAN_POINT('',(8.557869995524,74.942388770841,
    -12.82545928438));
#3165 = CARTESIAN_POINT('',(8.567585577072,74.930021139625,
    -12.84024524451));
#3166 = CARTESIAN_POINT('',(8.576823921468,74.917644265344,
    -12.85532198023));
#3167 = CARTESIAN_POINT('',(8.59667831207,74.8895747389,-12.89014802899)
  );
#3168 = CARTESIAN_POINT('',(8.606999686994,74.873882737716,
    -12.91006639706));
#3169 = CARTESIAN_POINT('',(8.616526709292,74.858213680137,
    -12.93040554891));
#3170 = CARTESIAN_POINT('',(8.625246110541,74.842588644098,
    -12.95113838582));
#3171 = CARTESIAN_POINT('',(8.633146416679,74.82702861892,
    -12.97223691918));
#3172 = CARTESIAN_POINT('',(8.649055312534,74.792216348339,
    -13.02046024696));
#3173 = CARTESIAN_POINT('',(8.656598365758,74.773012262574,
    -13.04777439974));
#3174 = CARTESIAN_POINT('',(8.66282820249,74.753983103036,
    -13.07555827051));
#3175 = CARTESIAN_POINT('',(8.667730544336,74.735169013896,
    -13.10375390181));
#3176 = CARTESIAN_POINT('',(8.671295739688,74.716609428474,
    -13.13230183717));
#3177 = CARTESIAN_POINT('',(8.676527446144,74.673621036161,
    -13.20017274871));
#3178 = CARTESIAN_POINT('',(8.677077657929,74.649435830573,
    -13.23973850175));
#3179 = CARTESIAN_POINT('',(8.675157053003,74.625883395519,
    -13.27968729019));
#3180 = CARTESIAN_POINT('',(8.670769157683,74.603055848282,
    -13.31986516904));
#3181 = CARTESIAN_POINT('',(8.663933512709,74.581040804746,
    -13.36011637053));
#3182 = CARTESIAN_POINT('',(8.647015573164,74.542403230994,
    -13.43360052404));
#3183 = CARTESIAN_POINT('',(8.637685906897,74.525501207606,
    -13.46685985341));
#3184 = CARTESIAN_POINT('',(8.62671721719,74.50926178392,-13.49997279131
    ));
#3185 = CARTESIAN_POINT('',(8.614137328093,74.493728961662,
    -13.53285071103));
#3186 = CARTESIAN_POINT('',(8.599981486996,74.478943593965,
    -13.56540589224));
#3187 = CARTESIAN_POINT('',(8.558269620872,74.441721956403,
    -13.65086982924));
#3188 = CARTESIAN_POINT('',(8.528027469078,74.420659556637,
    -13.70306379485));
#3189 = CARTESIAN_POINT('',(8.493761830656,74.401928747077,
    -13.75373573514));
#3190 = CARTESIAN_POINT('',(8.455720795761,74.385672301663,
    -13.80250696908));
#3191 = CARTESIAN_POINT('',(8.414200961036,74.372001037861,
    -13.84902350928));
#3192 = CARTESIAN_POINT('',(8.329207981925,74.351047618535,
    -13.93264816195));
#3193 = CARTESIAN_POINT('',(8.286310431359,74.34327464801,
    -13.97023334999));
#3194 = CARTESIAN_POINT('',(8.241102657595,74.33772925567,
    -14.00547888409));
#3195 = CARTESIAN_POINT('',(8.193858759856,74.334443361458,
    -14.03817387434));
#3196 = CARTESIAN_POINT('',(8.14487101562,74.333425194085,
    -14.06813600445));
#3197 = CARTESIAN_POINT('',(8.072176174189,74.335205613163,
    -14.1071703314));
#3198 = CARTESIAN_POINT('',(8.049626142665,74.336190483009,
    -14.11856546578));
#3199 = CARTESIAN_POINT('',(8.026821603351,74.337613541117,
    -14.12938493137));
#3200 = CARTESIAN_POINT('',(8.003788981728,74.339472710287,
    -14.13961689689));
#3201 = CARTESIAN_POINT('',(7.980554932401,74.341765104377,
    -14.14925073277));
#3202 = CARTESIAN_POINT('',(7.891122974482,74.352164148139,
    -14.18373540864));
#3203 = CARTESIAN_POINT('',(7.823709405427,74.363258654428,
    -14.20436088614));
#3204 = CARTESIAN_POINT('',(7.755511305076,74.377687078881,
    -14.21994140433));
#3205 = CARTESIAN_POINT('',(7.687131741475,74.395320433004,
    -14.23034149446));
#3206 = CARTESIAN_POINT('',(7.6191674012,74.41598912832,-14.23549632491)
  );
#3207 = CARTESIAN_POINT('',(7.485738647362,74.462812458318,
    -14.2353158816));
#3208 = CARTESIAN_POINT('',(7.420256164179,74.488926430722,
    -14.23005809583));
#3209 = CARTESIAN_POINT('',(7.356330622403,74.517628221468,
    -14.21963388158));
#3210 = CARTESIAN_POINT('',(7.294521319048,74.548683017972,
    -14.20410755407));
#3211 = CARTESIAN_POINT('',(7.235367755459,74.581821342797,
    -14.18361202279));
#3212 = CARTESIAN_POINT('',(7.158970163659,74.629469259182,
    -14.14914481112));
#3213 = CARTESIAN_POINT('',(7.138977739642,74.642437393564,
    -14.13930190902));
#3214 = CARTESIAN_POINT('',(7.11943134229,74.655627247572,
    -14.12883585919));
#3215 = CARTESIAN_POINT('',(7.100355037337,74.669023526137,
    -14.1177579901));
#3216 = CARTESIAN_POINT('',(7.081772145505,74.682610403746,
    -14.10608093511));
#3217 = CARTESIAN_POINT('',(7.023997967259,74.726615590502,
    -14.0668686551));
#3218 = CARTESIAN_POINT('',(6.986781927389,74.757702156695,
    -14.03709100943));
#3219 = CARTESIAN_POINT('',(6.952298074302,74.789456324832,
    -14.0046350038));
#3220 = CARTESIAN_POINT('',(6.920763172448,74.821694379467,
    -13.96967845124));
#3221 = CARTESIAN_POINT('',(6.892365998354,74.854225722373,
    -13.93242667394));
#3222 = CARTESIAN_POINT('',(6.839213925908,74.923314710506,
    -13.84918054265));
#3223 = CARTESIAN_POINT('',(6.815276404588,74.959898871269,
    -13.80267054948));
#3224 = CARTESIAN_POINT('',(6.795670108149,74.996334374944,
    -13.75390507038));
#3225 = CARTESIAN_POINT('',(6.780557838193,75.032349595787,
    -13.70323804527));
#3226 = CARTESIAN_POINT('',(6.770044553246,75.067678177187,
    -13.65104812054));
#3227 = CARTESIAN_POINT('',(6.760637620058,75.122793624566,
    -13.56558925363));
#3228 = CARTESIAN_POINT('',(6.75878753766,75.14318175634,-13.53303567214
    ));
#3229 = CARTESIAN_POINT('',(6.758635465671,75.163171316018,
    -13.50015902246));
#3230 = CARTESIAN_POINT('',(6.760183493992,75.182708380549,
    -13.46704702159));
#3231 = CARTESIAN_POINT('',(6.763425946085,75.201741195319,
    -13.43378829454));
#3232 = CARTESIAN_POINT('',(6.774285359009,75.242499517071,
    -13.36030474295));
#3233 = CARTESIAN_POINT('',(6.782664946463,75.263974112867,
    -13.32005338918));
#3234 = CARTESIAN_POINT('',(6.793464659238,75.284557246401,
    -13.2798748709));
#3235 = CARTESIAN_POINT('',(6.806645156702,75.304168232171,
    -13.23992495855));
#3236 = CARTESIAN_POINT('',(6.822151771996,75.322732853928,
    -13.20035760284));
#3237 = CARTESIAN_POINT('',(6.85303978605,75.353077780765,
    -13.13248308837));
#3238 = CARTESIAN_POINT('',(6.867396616065,75.365363881102,
    -13.10393336615));
#3239 = CARTESIAN_POINT('',(6.882957467321,75.377014966316,
    -13.07573569476));
#3240 = CARTESIAN_POINT('',(6.899690212427,75.388006227472,
    -13.04794953495));
#3241 = CARTESIAN_POINT('',(6.917558663668,75.398315185678,
    -13.02063284928));
#3242 = CARTESIAN_POINT('',(6.951697219828,75.41560867999,
    -12.97240453251));
#3243 = CARTESIAN_POINT('',(6.967573350872,75.422845922369,
    -12.95130362863));
#3244 = CARTESIAN_POINT('',(6.984130369594,75.429623116499,
    -12.93056827194));
#3245 = CARTESIAN_POINT('',(7.001346221395,75.435931009541,
    -12.91022645437));
#3246 = CARTESIAN_POINT('',(7.019197393622,75.441761398531,
    -12.89030527832));
#3247 = CARTESIAN_POINT('',(7.103354892262,75.466130105648,
    -12.80153089656));
#3248 = CARTESIAN_POINT('',(7.176789363083,75.47901852321,
    -12.73787941125));
#3249 = CARTESIAN_POINT('',(7.256823182655,75.485442005476,
    -12.68107900683));
#3250 = CARTESIAN_POINT('',(7.342119130231,75.485265092007,
    -12.63212511357));
#3251 = CARTESIAN_POINT('',(7.431206657479,75.478519726068,
    -12.59181407587));
#3252 = CARTESIAN_POINT('',(7.554580483213,75.460839003621,-12.549741148
    ));
#3253 = CARTESIAN_POINT('',(7.586935312368,75.455458626907,
    -12.53993376752));
#3254 = CARTESIAN_POINT('',(7.619496353983,75.449305120751,
    -12.53128228549));
#3255 = CARTESIAN_POINT('',(7.652195298417,75.442390891393,
    -12.52380568168));
#3256 = CARTESIAN_POINT('',(7.684963348356,75.434731007796,
    -12.51751882569));
#3257 = CARTESIAN_POINT('',(7.717731218817,75.426343201651,
    -12.51243247687));
#3258 = PCURVE('',#3259,#3264);
#3259 = SPHERICAL_SURFACE('',#3260,4.5);
#3260 = AXIS2_PLACEMENT_3D('',#3261,#3262,#3263);
#3261 = CARTESIAN_POINT('',(6.45945301821,71.3138158007,-11.18810081664)
  );
#3262 = DIRECTION('',(0.,0.,1.));
#3263 = DIRECTION('',(1.,0.,-0.));
#3264 = DEFINITIONAL_REPRESENTATION('',(#3265),#3378);
#3265 = B_SPLINE_CURVE_WITH_KNOTS('',6,(#3266,#3267,#3268,#3269,#3270,
    #3271,#3272,#3273,#3274,#3275,#3276,#3277,#3278,#3279,#3280,#3281,
    #3282,#3283,#3284,#3285,#3286,#3287,#3288,#3289,#3290,#3291,#3292,
    #3293,#3294,#3295,#3296,#3297,#3298,#3299,#3300,#3301,#3302,#3303,
    #3304,#3305,#3306,#3307,#3308,#3309,#3310,#3311,#3312,#3313,#3314,
    #3315,#3316,#3317,#3318,#3319,#3320,#3321,#3322,#3323,#3324,#3325,
    #3326,#3327,#3328,#3329,#3330,#3331,#3332,#3333,#3334,#3335,#3336,
    #3337,#3338,#3339,#3340,#3341,#3342,#3343,#3344,#3345,#3346,#3347,
    #3348,#3349,#3350,#3351,#3352,#3353,#3354,#3355,#3356,#3357,#3358,
    #3359,#3360,#3361,#3362,#3363,#3364,#3365,#3366,#3367,#3368,#3369,
    #3370,#3371,#3372,#3373,#3374,#3375,#3376,#3377),.UNSPECIFIED.,.F.,
  .F.,(7,5,5,5,5,5,5,5,5,5,5,5,5,5,5,5,5,5,5,5,5,5,7),(0.,
    8.732381343127E-02,0.143028556208,0.159587844795,0.1801597002,
    0.206247022852,0.238848614975,0.282972221021,0.319569303016,
    0.380271008563,0.435098703074,0.45931215734,0.527605612619,
    0.595392779019,0.620110269684,0.674434146085,0.735135919123,
    0.77173300989,0.815856613359,0.848458202033,0.874545523216,
    0.967378175287,1.),.UNSPECIFIED.);
#3266 = CARTESIAN_POINT('',(1.273878579697,-0.298718734242));
#3267 = CARTESIAN_POINT('',(1.25284791249,-0.295552850899));
#3268 = CARTESIAN_POINT('',(1.231509600912,-0.294390564991));
#3269 = CARTESIAN_POINT('',(1.210110881846,-0.29527225345));
#3270 = CARTESIAN_POINT('',(1.188895639818,-0.298193052533));
#3271 = CARTESIAN_POINT('',(1.168105265276,-0.303111341455));
#3272 = CARTESIAN_POINT('',(1.135141156843,-0.314297775793));
#3273 = CARTESIAN_POINT('',(1.122572036892,-0.319432742878));
#3274 = CARTESIAN_POINT('',(1.110333667749,-0.325324065051));
#3275 = CARTESIAN_POINT('',(1.098485266082,-0.331943804421));
#3276 = CARTESIAN_POINT('',(1.087084278483,-0.339258104082));
#3277 = CARTESIAN_POINT('',(1.07294740908,-0.349596332531));
#3278 = CARTESIAN_POINT('',(1.069752431112,-0.35202322196));
#3279 = CARTESIAN_POINT('',(1.066603400579,-0.354506962963));
#3280 = CARTESIAN_POINT('',(1.063501767457,-0.357046479805));
#3281 = CARTESIAN_POINT('',(1.06044896714,-0.359640655846));
#3282 = CARTESIAN_POINT('',(1.053716311124,-0.365577583716));
#3283 = CARTESIAN_POINT('',(1.050063760165,-0.368949406998));
#3284 = CARTESIAN_POINT('',(1.046491491533,-0.37240158352));
#3285 = CARTESIAN_POINT('',(1.043002195682,-0.375931801665));
#3286 = CARTESIAN_POINT('',(1.039598529544,-0.37953765808));
#3287 = CARTESIAN_POINT('',(1.032078816666,-0.387882024375));
#3288 = CARTESIAN_POINT('',(1.028016435208,-0.392665016692));
#3289 = CARTESIAN_POINT('',(1.024101322295,-0.3975605455));
#3290 = CARTESIAN_POINT('',(1.020338745784,-0.402563299285));
#3291 = CARTESIAN_POINT('',(1.016733891254,-0.407667744134));
#3292 = CARTESIAN_POINT('',(1.008990323087,-0.419367090954));
#3293 = CARTESIAN_POINT('',(1.004943073304,-0.426015898308));
#3294 = CARTESIAN_POINT('',(1.001160085091,-0.432803310054));
#3295 = CARTESIAN_POINT('',(0.997651120369,-0.43971757775));
#3296 = CARTESIAN_POINT('',(0.994425730551,-0.446746440259));
#3297 = CARTESIAN_POINT('',(0.987524391223,-0.463527924478));
#3298 = CARTESIAN_POINT('',(0.984092046344,-0.473365315962));
#3299 = CARTESIAN_POINT('',(0.981219354174,-0.483357507771));
#3300 = CARTESIAN_POINT('',(0.97892868511,-0.493471243055));
#3301 = CARTESIAN_POINT('',(0.977241287891,-0.503671624928));
#3302 = CARTESIAN_POINT('',(0.975294127997,-0.522423780295));
#3303 = CARTESIAN_POINT('',(0.974839849603,-0.530960044489));
#3304 = CARTESIAN_POINT('',(0.974825554811,-0.539509824963));
#3305 = CARTESIAN_POINT('',(0.975261578112,-0.548051529028));
#3306 = CARTESIAN_POINT('',(0.97615712831,-0.556562881789));
#3307 = CARTESIAN_POINT('',(0.979781292558,-0.579049851118));
#3308 = CARTESIAN_POINT('',(0.983328715415,-0.592932621446));
#3309 = CARTESIAN_POINT('',(0.988197780623,-0.606563944042));
#3310 = CARTESIAN_POINT('',(0.994413098225,-0.619834884125));
#3311 = CARTESIAN_POINT('',(1.001979885096,-0.632634596017));
#3312 = CARTESIAN_POINT('',(1.018909700872,-0.655887247208));
#3313 = CARTESIAN_POINT('',(1.028028382756,-0.666448052086));
#3314 = CARTESIAN_POINT('',(1.03821436945,-0.676453018996));
#3315 = CARTESIAN_POINT('',(1.049432272653,-0.685822687621));
#3316 = CARTESIAN_POINT('',(1.061624220806,-0.694482402118));
#3317 = CARTESIAN_POINT('',(1.080483141857,-0.70584635939));
#3318 = CARTESIAN_POINT('',(1.086433998377,-0.709176113565));
#3319 = CARTESIAN_POINT('',(1.092551287274,-0.712348627241));
#3320 = CARTESIAN_POINT('',(1.098826933846,-0.715358523521));
#3321 = CARTESIAN_POINT('',(1.105251973651,-0.718200810229));
#3322 = CARTESIAN_POINT('',(1.130331786522,-0.728401746119));
#3323 = CARTESIAN_POINT('',(1.149957132313,-0.734562931702));
#3324 = CARTESIAN_POINT('',(1.170473135503,-0.739250986264));
#3325 = CARTESIAN_POINT('',(1.191603471864,-0.742392577731));
#3326 = CARTESIAN_POINT('',(1.213040881205,-0.743949194096));
#3327 = CARTESIAN_POINT('',(1.255746434985,-0.743894698978));
#3328 = CARTESIAN_POINT('',(1.277016434895,-0.742306981114));
#3329 = CARTESIAN_POINT('',(1.297977761738,-0.739158482827));
#3330 = CARTESIAN_POINT('',(1.318330366594,-0.734487324156));
#3331 = CARTESIAN_POINT('',(1.337804409005,-0.728365398058));
#3332 = CARTESIAN_POINT('',(1.362887423314,-0.718169422802));
#3333 = CARTESIAN_POINT('',(1.369444321992,-0.715265541461));
#3334 = CARTESIAN_POINT('',(1.375845383725,-0.712187071317));
#3335 = CARTESIAN_POINT('',(1.382081087986,-0.708939329788));
#3336 = CARTESIAN_POINT('',(1.388142881141,-0.705528050902));
#3337 = CARTESIAN_POINT('',(1.406946836027,-0.694116204469));
#3338 = CARTESIAN_POINT('',(1.418994239742,-0.68551249207));
#3339 = CARTESIAN_POINT('',(1.430084008198,-0.676213657436));
#3340 = CARTESIAN_POINT('',(1.440160209113,-0.666292395616));
#3341 = CARTESIAN_POINT('',(1.449188558135,-0.655826003352));
#3342 = CARTESIAN_POINT('',(1.466051702131,-0.632677878734));
#3343 = CARTESIAN_POINT('',(1.47362232049,-0.619879557706));
#3344 = CARTESIAN_POINT('',(1.479841470683,-0.606609754661));
#3345 = CARTESIAN_POINT('',(1.484714332647,-0.59297931773));
#3346 = CARTESIAN_POINT('',(1.488265488813,-0.579097187812));
#3347 = CARTESIAN_POINT('',(1.49189550205,-0.556610871926));
#3348 = CARTESIAN_POINT('',(1.492793221925,-0.548099683336));
#3349 = CARTESIAN_POINT('',(1.493231381053,-0.539558058947));
#3350 = CARTESIAN_POINT('',(1.493219184689,-0.531008275516));
#3351 = CARTESIAN_POINT('',(1.492766964509,-0.522471927736));
#3352 = CARTESIAN_POINT('',(1.490824251366,-0.50371941797));
#3353 = CARTESIAN_POINT('',(1.489139223824,-0.493518729622));
#3354 = CARTESIAN_POINT('',(1.486850859383,-0.483404577401));
#3355 = CARTESIAN_POINT('',(1.483980403983,-0.473411861974));
#3356 = CARTESIAN_POINT('',(1.480550225877,-0.463573844059));
#3357 = CARTESIAN_POINT('',(1.473652529342,-0.446791098952));
#3358 = CARTESIAN_POINT('',(1.470428648236,-0.439761646873));
#3359 = CARTESIAN_POINT('',(1.466921152249,-0.432846737188));
#3360 = CARTESIAN_POINT('',(1.463139592098,-0.426058632634));
#3361 = CARTESIAN_POINT('',(1.45909372905,-0.419409083283));
#3362 = CARTESIAN_POINT('',(1.451352581588,-0.407708314901));
#3363 = CARTESIAN_POINT('',(1.447748776094,-0.402603207597));
#3364 = CARTESIAN_POINT('',(1.443987221418,-0.397599761779));
#3365 = CARTESIAN_POINT('',(1.440073102814,-0.392703512229));
#3366 = CARTESIAN_POINT('',(1.436011687805,-0.387919771347));
#3367 = CARTESIAN_POINT('',(1.416850515714,-0.366648997683));
#3368 = CARTESIAN_POINT('',(1.400093095694,-0.351531204361));
#3369 = CARTESIAN_POINT('',(1.381781044483,-0.338135244093));
#3370 = CARTESIAN_POINT('',(1.362168245026,-0.326648303594));
#3371 = CARTESIAN_POINT('',(1.341520202184,-0.3172217856));
#3372 = CARTESIAN_POINT('',(1.312608293986,-0.307404415191));
#3373 = CARTESIAN_POINT('',(1.304997862371,-0.305118449764));
#3374 = CARTESIAN_POINT('',(1.297307209067,-0.303103694009));
#3375 = CARTESIAN_POINT('',(1.289548734835,-0.301363741999));
#3376 = CARTESIAN_POINT('',(1.281734971049,-0.299901409554));
#3377 = CARTESIAN_POINT('',(1.273878579697,-0.298718734242));
#3378 = ( GEOMETRIC_REPRESENTATION_CONTEXT(2) 
PARAMETRIC_REPRESENTATION_CONTEXT() REPRESENTATION_CONTEXT('2D SPACE',''
  ) );
#3379 = PCURVE('',#3380,#3385);
#3380 = CYLINDRICAL_SURFACE('',#3381,1.);
#3381 = AXIS2_PLACEMENT_3D('',#3382,#3383,#3384);
#3382 = CARTESIAN_POINT('',(4.882117818245,66.80847955711,
    -8.456076109737));
#3383 = DIRECTION('',(0.286788218176,0.819152044289,-0.496731764892));
#3384 = DIRECTION('',(-1.387778780781E-17,0.518512392704,0.855070113273)
  );
#3385 = DEFINITIONAL_REPRESENTATION('',(#3386),#3499);
#3386 = B_SPLINE_CURVE_WITH_KNOTS('',6,(#3387,#3388,#3389,#3390,#3391,
    #3392,#3393,#3394,#3395,#3396,#3397,#3398,#3399,#3400,#3401,#3402,
    #3403,#3404,#3405,#3406,#3407,#3408,#3409,#3410,#3411,#3412,#3413,
    #3414,#3415,#3416,#3417,#3418,#3419,#3420,#3421,#3422,#3423,#3424,
    #3425,#3426,#3427,#3428,#3429,#3430,#3431,#3432,#3433,#3434,#3435,
    #3436,#3437,#3438,#3439,#3440,#3441,#3442,#3443,#3444,#3445,#3446,
    #3447,#3448,#3449,#3450,#3451,#3452,#3453,#3454,#3455,#3456,#3457,
    #3458,#3459,#3460,#3461,#3462,#3463,#3464,#3465,#3466,#3467,#3468,
    #3469,#3470,#3471,#3472,#3473,#3474,#3475,#3476,#3477,#3478,#3479,
    #3480,#3481,#3482,#3483,#3484,#3485,#3486,#3487,#3488,#3489,#3490,
    #3491,#3492,#3493,#3494,#3495,#3496,#3497,#3498),.UNSPECIFIED.,.F.,
  .F.,(7,5,5,5,5,5,5,5,5,5,5,5,5,5,5,5,5,5,5,5,5,5,7),(0.,
    8.732381343127E-02,0.143028556208,0.159587844795,0.1801597002,
    0.206247022852,0.238848614975,0.282972221021,0.319569303016,
    0.380271008563,0.435098703074,0.45931215734,0.527605612619,
    0.595392779019,0.620110269684,0.674434146085,0.735135919123,
    0.77173300989,0.815856613359,0.848458202033,0.874545523216,
    0.967378175287,1.),.UNSPECIFIED.);
#3387 = CARTESIAN_POINT('',(1.7763568394E-15,9.887482193696));
#3388 = CARTESIAN_POINT('',(9.156201797148E-02,9.887482194739));
#3389 = CARTESIAN_POINT('',(0.183132567869,9.887482191526));
#3390 = CARTESIAN_POINT('',(0.274690936333,9.887482195637));
#3391 = CARTESIAN_POINT('',(0.366249842567,9.88748219298));
#3392 = CARTESIAN_POINT('',(0.457821563632,9.887482193696));
#3393 = CARTESIAN_POINT('',(0.607792671853,9.887482193696));
#3394 = CARTESIAN_POINT('',(0.666202938709,9.887482193696));
#3395 = CARTESIAN_POINT('',(0.724612830672,9.887482193696));
#3396 = CARTESIAN_POINT('',(0.783023933166,9.887482193696));
#3397 = CARTESIAN_POINT('',(0.841437941273,9.887482193696));
#3398 = CARTESIAN_POINT('',(0.91721820458,9.887482193696));
#3399 = CARTESIAN_POINT('',(0.934583438447,9.887482193696));
#3400 = CARTESIAN_POINT('',(0.951948888752,9.887482193696));
#3401 = CARTESIAN_POINT('',(0.969314571103,9.887482193696));
#3402 = CARTESIAN_POINT('',(0.986680501698,9.887482193696));
#3403 = CARTESIAN_POINT('',(1.025620985593,9.887482193696));
#3404 = CARTESIAN_POINT('',(1.04719568629,9.887482193696));
#3405 = CARTESIAN_POINT('',(1.068770831499,9.887482193696));
#3406 = CARTESIAN_POINT('',(1.09034645356,9.887482193696));
#3407 = CARTESIAN_POINT('',(1.111922585081,9.887482193696));
#3408 = CARTESIAN_POINT('',(1.160860799324,9.887482193696));
#3409 = CARTESIAN_POINT('',(1.188223222244,9.887482193696));
#3410 = CARTESIAN_POINT('',(1.215586594523,9.887482193696));
#3411 = CARTESIAN_POINT('',(1.242950977642,9.887482193696));
#3412 = CARTESIAN_POINT('',(1.270316427738,9.887482193696));
#3413 = CARTESIAN_POINT('',(1.331883273464,9.887482193696));
#3414 = CARTESIAN_POINT('',(1.366085328241,9.887482193696));
#3415 = CARTESIAN_POINT('',(1.400289257956,9.887482193696));
#3416 = CARTESIAN_POINT('',(1.434495119932,9.887482193696));
#3417 = CARTESIAN_POINT('',(1.468702930788,9.887482193696));
#3418 = CARTESIAN_POINT('',(1.549212764092,9.887482193696));
#3419 = CARTESIAN_POINT('',(1.595516743821,9.887482193696));
#3420 = CARTESIAN_POINT('',(1.641823844188,9.887482193696));
#3421 = CARTESIAN_POINT('',(1.688134150505,9.887482193696));
#3422 = CARTESIAN_POINT('',(1.734447446663,9.887482193696));
#3423 = CARTESIAN_POINT('',(1.819176423999,9.887482193696));
#3424 = CARTESIAN_POINT('',(1.857591957363,9.887482193696));
#3425 = CARTESIAN_POINT('',(1.896008067577,9.887482193696));
#3426 = CARTESIAN_POINT('',(1.934423949141,9.887482193696));
#3427 = CARTESIAN_POINT('',(1.972838590533,9.887482193696));
#3428 = CARTESIAN_POINT('',(2.07496309595,9.887482193696));
#3429 = CARTESIAN_POINT('',(2.138670993437,9.887482193696));
#3430 = CARTESIAN_POINT('',(2.20236420081,9.887482193696));
#3431 = CARTESIAN_POINT('',(2.266037628669,9.887482193696));
#3432 = CARTESIAN_POINT('',(2.329685202304,9.887482193696));
#3433 = CARTESIAN_POINT('',(2.450746900685,9.887482193696));
#3434 = CARTESIAN_POINT('',(2.508171391399,9.887482193696));
#3435 = CARTESIAN_POINT('',(2.565557580671,9.887482193696));
#3436 = CARTESIAN_POINT('',(2.622901162738,9.887482193696));
#3437 = CARTESIAN_POINT('',(2.68019951091,9.887482193696));
#3438 = CARTESIAN_POINT('',(2.762730647721,9.887482193696));
#3439 = CARTESIAN_POINT('',(2.788003825891,9.887482193696));
#3440 = CARTESIAN_POINT('',(2.813267492679,9.887482193696));
#3441 = CARTESIAN_POINT('',(2.838521668117,9.887482193696));
#3442 = CARTESIAN_POINT('',(2.86376650512,9.887482193696));
#3443 = CARTESIAN_POINT('',(2.960179201782,9.887482193696));
#3444 = CARTESIAN_POINT('',(3.031285533988,9.887482193696));
#3445 = CARTESIAN_POINT('',(3.102324234875,9.887482193696));
#3446 = CARTESIAN_POINT('',(3.173314706902,9.887482193696));
#3447 = CARTESIAN_POINT('',(3.244282420592,9.887482193696));
#3448 = CARTESIAN_POINT('',(3.385688534825,9.887482193696));
#3449 = CARTESIAN_POINT('',(3.456130760712,9.887482193696));
#3450 = CARTESIAN_POINT('',(3.526595923736,9.887482193696));
#3451 = CARTESIAN_POINT('',(3.597108824191,9.887482193696));
#3452 = CARTESIAN_POINT('',(3.667688334595,9.887482193696));
#3453 = CARTESIAN_POINT('',(3.764098420423,9.887482193696));
#3454 = CARTESIAN_POINT('',(3.789868884604,9.887482193696));
#3455 = CARTESIAN_POINT('',(3.815649085289,9.887482193696));
#3456 = CARTESIAN_POINT('',(3.841439182492,9.887482193696));
#3457 = CARTESIAN_POINT('',(3.867239192288,9.887482193696));
#3458 = CARTESIAN_POINT('',(3.949773518706,9.887482193696));
#3459 = CARTESIAN_POINT('',(4.006546844304,9.887482193696));
#3460 = CARTESIAN_POINT('',(4.063364513304,9.887482193696));
#3461 = CARTESIAN_POINT('',(4.120223913867,9.887482193696));
#3462 = CARTESIAN_POINT('',(4.177120826568,9.887482193696));
#3463 = CARTESIAN_POINT('',(4.29765442961,9.887482193696));
#3464 = CARTESIAN_POINT('',(4.361301976848,9.887482193696));
#3465 = CARTESIAN_POINT('',(4.424975398024,9.887482193696));
#3466 = CARTESIAN_POINT('',(4.488668617123,9.887482193696));
#3467 = CARTESIAN_POINT('',(4.552376542311,9.887482193696));
#3468 = CARTESIAN_POINT('',(4.654501078368,9.887482193696));
#3469 = CARTESIAN_POINT('',(4.692915714989,9.887482193696));
#3470 = CARTESIAN_POINT('',(4.731331595724,9.887482193696));
#3471 = CARTESIAN_POINT('',(4.769747708416,9.887482193696));
#3472 = CARTESIAN_POINT('',(4.808163246964,9.887482193696));
#3473 = CARTESIAN_POINT('',(4.892892226624,9.887482193696));
#3474 = CARTESIAN_POINT('',(4.939205520926,9.887482193696));
#3475 = CARTESIAN_POINT('',(4.98551582753,9.887482193696));
#3476 = CARTESIAN_POINT('',(5.03182292954,9.887482193696));
#3477 = CARTESIAN_POINT('',(5.078126911633,9.887482193696));
#3478 = CARTESIAN_POINT('',(5.158636747752,9.887482193696));
#3479 = CARTESIAN_POINT('',(5.192844558984,9.887482193696));
#3480 = CARTESIAN_POINT('',(5.227050421257,9.887482193696));
#3481 = CARTESIAN_POINT('',(5.261254351035,9.887482193696));
#3482 = CARTESIAN_POINT('',(5.295456405524,9.887482193696));
#3483 = CARTESIAN_POINT('',(5.357023251322,9.887482193696));
#3484 = CARTESIAN_POINT('',(5.384388701928,9.887482193696));
#3485 = CARTESIAN_POINT('',(5.411753085246,9.887482193696));
#3486 = CARTESIAN_POINT('',(5.439116457384,9.887482193696));
#3487 = CARTESIAN_POINT('',(5.466478879809,9.887482193696));
#3488 = CARTESIAN_POINT('',(5.59120742234,9.887482193696));
#3489 = CARTESIAN_POINT('',(5.688576668039,9.887482193696));
#3490 = CARTESIAN_POINT('',(5.785922463067,9.887482193696));
#3491 = CARTESIAN_POINT('',(5.883263169099,9.887482193696));
#3492 = CARTESIAN_POINT('',(5.98061686937,9.887482193696));
#3493 = CARTESIAN_POINT('',(6.112160930741,9.887482193696));
#3494 = CARTESIAN_POINT('',(6.146366047305,9.887482193501));
#3495 = CARTESIAN_POINT('',(6.180571020465,9.887482193521));
#3496 = CARTESIAN_POINT('',(6.214775876875,9.887482193813));
#3497 = CARTESIAN_POINT('',(6.248980635413,9.887482194086));
#3498 = CARTESIAN_POINT('',(6.28318530718,9.887482193696));
#3499 = ( GEOMETRIC_REPRESENTATION_CONTEXT(2) 
PARAMETRIC_REPRESENTATION_CONTEXT() REPRESENTATION_CONTEXT('2D SPACE',''
  ) );
#3500 = FACE_BOUND('',#3501,.T.);
#3501 = EDGE_LOOP('',(#3502));
#3502 = ORIENTED_EDGE('',*,*,#3503,.T.);
#3503 = EDGE_CURVE('',#3504,#3504,#3506,.T.);
#3504 = VERTEX_POINT('',#3505);
#3505 = CARTESIAN_POINT('',(5.201174817603,68.238313185156,
    -8.153628929864));
#3506 = SURFACE_CURVE('',#3507,(#3660,#3816),.PCURVE_S1.);
#3507 = B_SPLINE_CURVE_WITH_KNOTS('',6,(#3508,#3509,#3510,#3511,#3512,
    #3513,#3514,#3515,#3516,#3517,#3518,#3519,#3520,#3521,#3522,#3523,
    #3524,#3525,#3526,#3527,#3528,#3529,#3530,#3531,#3532,#3533,#3534,
    #3535,#3536,#3537,#3538,#3539,#3540,#3541,#3542,#3543,#3544,#3545,
    #3546,#3547,#3548,#3549,#3550,#3551,#3552,#3553,#3554,#3555,#3556,
    #3557,#3558,#3559,#3560,#3561,#3562,#3563,#3564,#3565,#3566,#3567,
    #3568,#3569,#3570,#3571,#3572,#3573,#3574,#3575,#3576,#3577,#3578,
    #3579,#3580,#3581,#3582,#3583,#3584,#3585,#3586,#3587,#3588,#3589,
    #3590,#3591,#3592,#3593,#3594,#3595,#3596,#3597,#3598,#3599,#3600,
    #3601,#3602,#3603,#3604,#3605,#3606,#3607,#3608,#3609,#3610,#3611,
    #3612,#3613,#3614,#3615,#3616,#3617,#3618,#3619,#3620,#3621,#3622,
    #3623,#3624,#3625,#3626,#3627,#3628,#3629,#3630,#3631,#3632,#3633,
    #3634,#3635,#3636,#3637,#3638,#3639,#3640,#3641,#3642,#3643,#3644,
    #3645,#3646,#3647,#3648,#3649,#3650,#3651,#3652,#3653,#3654,#3655,
    #3656,#3657,#3658,#3659),.UNSPECIFIED.,.T.,.F.,(7,5,5,5,5,5,5,5,5,5,
    5,5,5,5,5,5,5,5,5,5,5,5,5,5,5,5,5,5,5,5,7),(0.,2.784745477359E-02,
    9.563501268675E-02,0.12035264611,0.174676836265,0.235378959894,
    0.271976262032,0.316100120343,0.348701897312,0.374789369165,
    0.395361343406,0.41192072841,0.424968207738,0.435506899219,
    0.449558850196,0.467626075134,0.587562527251,0.605629752923,
    0.619681704771,0.63022039712,0.643267877824,0.659827265122,
    0.680399243156,0.706486721316,0.739088507779,0.783212376848,
    0.819809677,0.880511744394,0.931812490044,0.954505273985,1.),
  .UNSPECIFIED.);
#3508 = CARTESIAN_POINT('',(5.201174817603,68.238313185156,
    -8.153628929864));
#3509 = CARTESIAN_POINT('',(5.228912689632,68.231212941201,
    -8.14932335618));
#3510 = CARTESIAN_POINT('',(5.256643578665,68.223592868014,
    -8.145879054708));
#3511 = CARTESIAN_POINT('',(5.284327769395,68.215463585574,
    -8.143301442934));
#3512 = CARTESIAN_POINT('',(5.311925428166,68.206836848679,
    -8.141594134681));
#3513 = CARTESIAN_POINT('',(5.339396602965,68.197725546949,
    -8.140758940105));
#3514 = CARTESIAN_POINT('',(5.433167389058,68.164819143081,
    -8.140885751682));
#3515 = CARTESIAN_POINT('',(5.498649872242,68.138705170677,
    -8.146143537453));
#3516 = CARTESIAN_POINT('',(5.562575414017,68.110003379931,
    -8.156567751704));
#3517 = CARTESIAN_POINT('',(5.624384717372,68.078948583427,
    -8.172094079211));
#3518 = CARTESIAN_POINT('',(5.683538280962,68.045810258602,
    -8.192589610489));
#3519 = CARTESIAN_POINT('',(5.759935872761,67.998162342217,
    -8.227056822167));
#3520 = CARTESIAN_POINT('',(5.779928296778,67.985194207835,
    -8.236899724261));
#3521 = CARTESIAN_POINT('',(5.79947469413,67.972004353827,
    -8.247365774098));
#3522 = CARTESIAN_POINT('',(5.818550999083,67.958608075263,
    -8.258443643188));
#3523 = CARTESIAN_POINT('',(5.837133890915,67.945021197653,
    -8.270120698175));
#3524 = CARTESIAN_POINT('',(5.894908069162,67.901016010897,
    -8.309332978186));
#3525 = CARTESIAN_POINT('',(5.932124109031,67.869929444704,
    -8.339110623849));
#3526 = CARTESIAN_POINT('',(5.966607962118,67.838175276567,
    -8.371566629487));
#3527 = CARTESIAN_POINT('',(5.998142863973,67.805937221932,
    -8.406523182041));
#3528 = CARTESIAN_POINT('',(6.026540038066,67.773405879027,
    -8.443774959344));
#3529 = CARTESIAN_POINT('',(6.079692110512,67.704316890893,
    -8.527021090638));
#3530 = CARTESIAN_POINT('',(6.103629631832,67.66773273013,
    -8.573531083805));
#3531 = CARTESIAN_POINT('',(6.123235928272,67.631297226455,
    -8.622296562905));
#3532 = CARTESIAN_POINT('',(6.138348198227,67.595282005612,
    -8.672963588016));
#3533 = CARTESIAN_POINT('',(6.148861483174,67.559953424212,
    -8.725153512743));
#3534 = CARTESIAN_POINT('',(6.158268416362,67.504837976833,
    -8.81061237965));
#3535 = CARTESIAN_POINT('',(6.16011849876,67.484449845059,
    -8.843165961141));
#3536 = CARTESIAN_POINT('',(6.160270570749,67.464460285381,
    -8.876042610823));
#3537 = CARTESIAN_POINT('',(6.158722542428,67.444923220851,
    -8.909154611697));
#3538 = CARTESIAN_POINT('',(6.155480090336,67.42589040608,
    -8.942413338748));
#3539 = CARTESIAN_POINT('',(6.144620677412,67.385132084328,
    -9.01589689033));
#3540 = CARTESIAN_POINT('',(6.136241089957,67.363657488532,
    -9.056148244108));
#3541 = CARTESIAN_POINT('',(6.125441377182,67.343074354998,
    -9.096326762387));
#3542 = CARTESIAN_POINT('',(6.112260879718,67.323463369228,
    -9.136276674732));
#3543 = CARTESIAN_POINT('',(6.096754264424,67.304898747471,
    -9.175844030443));
#3544 = CARTESIAN_POINT('',(6.06586625037,67.274553820634,
    -9.243718544917));
#3545 = CARTESIAN_POINT('',(6.051509420355,67.262267720297,
    -9.272268267137));
#3546 = CARTESIAN_POINT('',(6.035948569099,67.250616635083,
    -9.300465938529));
#3547 = CARTESIAN_POINT('',(6.019215823994,67.239625373927,
    -9.328252098334));
#3548 = CARTESIAN_POINT('',(6.001347372753,67.229316415721,
    -9.355568783999));
#3549 = CARTESIAN_POINT('',(5.967208816593,67.212022921409,
    -9.403797100777));
#3550 = CARTESIAN_POINT('',(5.951332685548,67.20478567903,
    -9.424898004654));
#3551 = CARTESIAN_POINT('',(5.934775666826,67.1980084849,-9.445633361343
    ));
#3552 = CARTESIAN_POINT('',(5.917559815026,67.191700591858,
    -9.465975178913));
#3553 = CARTESIAN_POINT('',(5.899708642798,67.185870202868,
    -9.485896354959));
#3554 = CARTESIAN_POINT('',(5.866688793528,67.176308951061,
    -9.520727674239));
#3555 = CARTESIAN_POINT('',(5.851750893669,67.172394809468,
    -9.535806820172));
#3556 = CARTESIAN_POINT('',(5.836445655871,67.168785548909,
    -9.550595274547));
#3557 = CARTESIAN_POINT('',(5.820785803732,67.165484245003,
    -9.565080619443));
#3558 = CARTESIAN_POINT('',(5.80478454984,67.162493546311,-9.57925085887
    ));
#3559 = CARTESIAN_POINT('',(5.775311624576,67.157660124625,
    -9.604237775056));
#3560 = CARTESIAN_POINT('',(5.761955313545,67.155707267064,
    -9.615169469561));
#3561 = CARTESIAN_POINT('',(5.748393805203,67.153958259153,
    -9.625883469742));
#3562 = CARTESIAN_POINT('',(5.734634419403,67.152414074412,
    -9.636373944064));
#3563 = CARTESIAN_POINT('',(5.720684653336,67.151075502378,
    -9.646635262008));
#3564 = CARTESIAN_POINT('',(5.695416916922,67.14905094383,
    -9.664562262063));
#3565 = CARTESIAN_POINT('',(5.684168222089,67.148286762931,
    -9.672316896991));
#3566 = CARTESIAN_POINT('',(5.67280984964,67.147650901866,
    -9.679923244227));
#3567 = CARTESIAN_POINT('',(5.661345611261,67.147143584867,
    -9.687378733318));
#3568 = CARTESIAN_POINT('',(5.649779377713,67.146764964434,
    -9.694680877993));
#3569 = CARTESIAN_POINT('',(5.628693607899,67.14631331843,
    -9.707599554742));
#3570 = CARTESIAN_POINT('',(5.619208157166,67.146195531019,
    -9.713270223525));
#3571 = CARTESIAN_POINT('',(5.609660797052,67.146161801624,
    -9.718838017038));
#3572 = CARTESIAN_POINT('',(5.600053619806,67.146212142131,
    -9.724301707719));
#3573 = CARTESIAN_POINT('',(5.59038873951,67.146346533797,
    -9.729660105912));
#3574 = CARTESIAN_POINT('',(5.567707361297,67.14685612602,
    -9.741914845717));
#3575 = CARTESIAN_POINT('',(5.554647637082,67.147296669061,
    -9.74872838885));
#3576 = CARTESIAN_POINT('',(5.541494184585,67.147886439197,
    -9.755349958123));
#3577 = CARTESIAN_POINT('',(5.528252126588,67.148625222661,
    -9.76177694842));
#3578 = CARTESIAN_POINT('',(5.514926643512,67.149512709082,
    -9.768006880649));
#3579 = CARTESIAN_POINT('',(5.484289272317,67.151880243492,
    -9.781791113765));
#3580 = CARTESIAN_POINT('',(5.466926308355,67.153457150246,
    -9.789215175132));
#3581 = CARTESIAN_POINT('',(5.449445221256,67.155278345858,
    -9.796304582255));
#3582 = CARTESIAN_POINT('',(5.431857266053,67.157342703575,
    -9.803054695147));
#3583 = CARTESIAN_POINT('',(5.414173813071,67.159648835786,
    -9.809461237434));
#3584 = CARTESIAN_POINT('',(5.278459804456,67.17909803179,-9.85574241305
    ));
#3585 = CARTESIAN_POINT('',(5.156762756877,67.206589858526,
    -9.880667924635));
#3586 = CARTESIAN_POINT('',(5.034777234993,67.244187257245,
    -9.889095057225));
#3587 = CARTESIAN_POINT('',(4.915972685401,67.290876815178,
    -9.880691926934));
#3588 = CARTESIAN_POINT('',(4.803693229219,67.345286901163,
    -9.855789738546));
#3589 = CARTESIAN_POINT('',(4.685469011023,67.414727084646,
    -9.809533877741));
#3590 = CARTESIAN_POINT('',(4.670206649993,67.423953414608,
    -9.803130619585));
#3591 = CARTESIAN_POINT('',(4.655169664669,67.43330919943,
    -9.796383758861));
#3592 = CARTESIAN_POINT('',(4.640367809281,67.44278843221,
    -9.789297569842));
#3593 = CARTESIAN_POINT('',(4.625810585312,67.452384974017,
    -9.781876690453));
#3594 = CARTESIAN_POINT('',(4.600382683565,67.469642713918,
    -9.768098046184));
#3595 = CARTESIAN_POINT('',(4.589411695725,67.477260044887,
    -9.761870535886));
#3596 = CARTESIAN_POINT('',(4.578598626733,67.48494159797,
    -9.755445943485));
#3597 = CARTESIAN_POINT('',(4.567947720071,67.49268438476,
    -9.748826747138));
#3598 = CARTESIAN_POINT('',(4.557463113947,67.500485377274,
    -9.742015551044));
#3599 = CARTESIAN_POINT('',(4.539413336117,67.514233454156,
    -9.729764871521));
#3600 = CARTESIAN_POINT('',(4.531773637538,67.520156414765,
    -9.724408198289));
#3601 = CARTESIAN_POINT('',(4.524231446177,67.526109096204,
    -9.718946217116));
#3602 = CARTESIAN_POINT('',(4.516788426489,67.532090194563,
    -9.713380117283));
#3603 = CARTESIAN_POINT('',(4.509446206767,67.538098395603,
    -9.707711125984));
#3604 = CARTESIAN_POINT('',(4.493243074388,67.551602772785,
    -9.694796166312));
#3605 = CARTESIAN_POINT('',(4.484436712967,67.559112684053,-9.6874960524
    ));
#3606 = CARTESIAN_POINT('',(4.475790316841,67.566659594355,
    -9.680042567995));
#3607 = CARTESIAN_POINT('',(4.46730681707,67.574240970254,
    -9.672438198696));
#3608 = CARTESIAN_POINT('',(4.458989053818,67.581854259083,
    -9.664685514294));
#3609 = CARTESIAN_POINT('',(4.440497010194,67.599196636404,
    -9.646762876316));
#3610 = CARTESIAN_POINT('',(4.430425633341,67.608943649153,
    -9.636503952773));
#3611 = CARTESIAN_POINT('',(4.420631268177,67.618732667133,
    -9.626015826336));
#3612 = CARTESIAN_POINT('',(4.411119283758,67.628558397055,
    -9.615304126247));
#3613 = CARTESIAN_POINT('',(4.401894795809,67.638415512404,
    -9.604374682813));
#3614 = CARTESIAN_POINT('',(4.381866147267,67.660576629456,
    -9.579392701015));
#3615 = CARTESIAN_POINT('',(4.371220829678,67.672894782661,
    -9.565225117595));
#3616 = CARTESIAN_POINT('',(4.361036040896,67.685242830558,
    -9.550742348908));
#3617 = CARTESIAN_POINT('',(4.351320459349,67.697610461774,
    -9.535956388773));
#3618 = CARTESIAN_POINT('',(4.342082114952,67.709987336055,
    -9.520879653058));
#3619 = CARTESIAN_POINT('',(4.32222772435,67.738056862499,
    -9.486053604297));
#3620 = CARTESIAN_POINT('',(4.311906349427,67.753748863683,
    -9.466135236228));
#3621 = CARTESIAN_POINT('',(4.302379327128,67.769417921262,
    -9.44579608437));
#3622 = CARTESIAN_POINT('',(4.293659925879,67.785042957301,
    -9.425063247468));
#3623 = CARTESIAN_POINT('',(4.285759619741,67.800602982479,
    -9.403964714106));
#3624 = CARTESIAN_POINT('',(4.269850723886,67.83541525306,
    -9.355741386325));
#3625 = CARTESIAN_POINT('',(4.262307670662,67.854619338825,
    -9.32842723354));
#3626 = CARTESIAN_POINT('',(4.25607783393,67.873648498363,
    -9.300643362775));
#3627 = CARTESIAN_POINT('',(4.251175492085,67.892462587503,
    -9.272447731475));
#3628 = CARTESIAN_POINT('',(4.247610296733,67.911022172925,
    -9.243899796112));
#3629 = CARTESIAN_POINT('',(4.242378590276,67.954010565239,
    -9.176028884577));
#3630 = CARTESIAN_POINT('',(4.241828378492,67.978195770826,
    -9.136463131529));
#3631 = CARTESIAN_POINT('',(4.243748983417,68.00174820588,
    -9.096514343089));
#3632 = CARTESIAN_POINT('',(4.248136878737,68.024575753117,
    -9.056336464249));
#3633 = CARTESIAN_POINT('',(4.254972523711,68.046590796653,
    -9.01608526275));
#3634 = CARTESIAN_POINT('',(4.271890463257,68.085228370405,
    -8.942601109243));
#3635 = CARTESIAN_POINT('',(4.281220129524,68.102130393793,
    -8.909341779876));
#3636 = CARTESIAN_POINT('',(4.292188819231,68.118369817479,
    -8.876228841969));
#3637 = CARTESIAN_POINT('',(4.304768708327,68.133902639737,
    -8.843350922256));
#3638 = CARTESIAN_POINT('',(4.318924549425,68.148688007434,
    -8.810795741045));
#3639 = CARTESIAN_POINT('',(4.360636415548,68.185909644996,
    -8.72533180404));
#3640 = CARTESIAN_POINT('',(4.390878567342,68.206972044762,
    -8.673137838432));
#3641 = CARTESIAN_POINT('',(4.425144205764,68.225702854322,
    -8.622465898144));
#3642 = CARTESIAN_POINT('',(4.46318524066,68.241959299736,
    -8.573694664207));
#3643 = CARTESIAN_POINT('',(4.504705075384,68.255630563538,
    -8.527178124006));
#3644 = CARTESIAN_POINT('',(4.587103114317,68.275944249203,
    -8.44610663482));
#3645 = CARTESIAN_POINT('',(4.627086538616,68.283347811238,
    -8.41081310373));
#3646 = CARTESIAN_POINT('',(4.669106730246,68.288804403984,
    -8.37755435896));
#3647 = CARTESIAN_POINT('',(4.712940418995,68.292286573998,
    -8.34650457864));
#3648 = CARTESIAN_POINT('',(4.758349991515,68.293785054403,
    -8.317816230752));
#3649 = CARTESIAN_POINT('',(4.825760456512,68.293097219161,
    -8.280031078232));
#3650 = CARTESIAN_POINT('',(4.846694178342,68.292499743357,
    -8.268930275652));
#3651 = CARTESIAN_POINT('',(4.867866351437,68.291516473985,
    -8.25832800889));
#3652 = CARTESIAN_POINT('',(4.889255342866,68.290148779698,
    -8.248234510701));
#3653 = CARTESIAN_POINT('',(4.910839307519,68.288398665047,
    -8.238659087694));
#3654 = CARTESIAN_POINT('',(4.976214605502,68.28199873601,
    -8.211468657724));
#3655 = CARTESIAN_POINT('',(5.020528399572,68.276202192473,
    -8.195443059121));
#3656 = CARTESIAN_POINT('',(5.065359598841,68.268900381767,
    -8.181601049187));
#3657 = CARTESIAN_POINT('',(5.110529696505,68.260124051285,
    -8.169994981312));
#3658 = CARTESIAN_POINT('',(5.155860472842,68.249912593435,
    -8.160662787763));
#3659 = CARTESIAN_POINT('',(5.201174817603,68.238313185156,
    -8.153628929864));
#3660 = PCURVE('',#3259,#3661);
#3661 = DEFINITIONAL_REPRESENTATION('',(#3662),#3815);
#3662 = B_SPLINE_CURVE_WITH_KNOTS('',6,(#3663,#3664,#3665,#3666,#3667,
    #3668,#3669,#3670,#3671,#3672,#3673,#3674,#3675,#3676,#3677,#3678,
    #3679,#3680,#3681,#3682,#3683,#3684,#3685,#3686,#3687,#3688,#3689,
    #3690,#3691,#3692,#3693,#3694,#3695,#3696,#3697,#3698,#3699,#3700,
    #3701,#3702,#3703,#3704,#3705,#3706,#3707,#3708,#3709,#3710,#3711,
    #3712,#3713,#3714,#3715,#3716,#3717,#3718,#3719,#3720,#3721,#3722,
    #3723,#3724,#3725,#3726,#3727,#3728,#3729,#3730,#3731,#3732,#3733,
    #3734,#3735,#3736,#3737,#3738,#3739,#3740,#3741,#3742,#3743,#3744,
    #3745,#3746,#3747,#3748,#3749,#3750,#3751,#3752,#3753,#3754,#3755,
    #3756,#3757,#3758,#3759,#3760,#3761,#3762,#3763,#3764,#3765,#3766,
    #3767,#3768,#3769,#3770,#3771,#3772,#3773,#3774,#3775,#3776,#3777,
    #3778,#3779,#3780,#3781,#3782,#3783,#3784,#3785,#3786,#3787,#3788,
    #3789,#3790,#3791,#3792,#3793,#3794,#3795,#3796,#3797,#3798,#3799,
    #3800,#3801,#3802,#3803,#3804,#3805,#3806,#3807,#3808,#3809,#3810,
    #3811,#3812,#3813,#3814),.UNSPECIFIED.,.F.,.F.,(7,5,5,5,5,5,5,5,5,5,
    5,5,5,5,5,5,5,5,5,5,5,5,5,5,5,5,5,5,5,5,7),(0.,2.784745477359E-02,
    9.563501268675E-02,0.12035264611,0.174676836265,0.235378959894,
    0.271976262032,0.316100120343,0.348701897312,0.374789369165,
    0.395361343406,0.41192072841,0.424968207738,0.435506899219,
    0.449558850196,0.467626075134,0.587562527251,0.605629752923,
    0.619681704771,0.63022039712,0.643267877824,0.659827265122,
    0.680399243156,0.706486721316,0.739088507779,0.783212376848,
    0.819809677,0.880511744394,0.931812490044,0.954505273985,1.),
  .UNSPECIFIED.);
#3663 = CARTESIAN_POINT('',(4.324037384387,0.740053049343));
#3664 = CARTESIAN_POINT('',(4.332572264637,0.741348758472));
#3665 = CARTESIAN_POINT('',(4.341188741915,0.742387125613));
#3666 = CARTESIAN_POINT('',(4.349866946204,0.743165130231));
#3667 = CARTESIAN_POINT('',(4.358586509745,0.743680757228));
#3668 = CARTESIAN_POINT('',(4.367326567036,0.743932996945));
#3669 = CARTESIAN_POINT('',(4.397339088575,0.743894698978));
#3670 = CARTESIAN_POINT('',(4.418609088485,0.742306981114));
#3671 = CARTESIAN_POINT('',(4.439570415327,0.739158482827));
#3672 = CARTESIAN_POINT('',(4.459923020183,0.734487324156));
#3673 = CARTESIAN_POINT('',(4.479397062595,0.728365398058));
#3674 = CARTESIAN_POINT('',(4.504480076904,0.718169422802));
#3675 = CARTESIAN_POINT('',(4.511036975582,0.715265541461));
#3676 = CARTESIAN_POINT('',(4.517438037314,0.712187071317));
#3677 = CARTESIAN_POINT('',(4.523673741576,0.708939329788));
#3678 = CARTESIAN_POINT('',(4.529735534731,0.705528050902));
#3679 = CARTESIAN_POINT('',(4.548539489617,0.694116204469));
#3680 = CARTESIAN_POINT('',(4.560586893332,0.68551249207));
#3681 = CARTESIAN_POINT('',(4.571676661788,0.676213657436));
#3682 = CARTESIAN_POINT('',(4.581752862703,0.666292395616));
#3683 = CARTESIAN_POINT('',(4.590781211725,0.655826003352));
#3684 = CARTESIAN_POINT('',(4.607644355721,0.632677878734));
#3685 = CARTESIAN_POINT('',(4.61521497408,0.619879557706));
#3686 = CARTESIAN_POINT('',(4.621434124273,0.606609754661));
#3687 = CARTESIAN_POINT('',(4.626306986237,0.59297931773));
#3688 = CARTESIAN_POINT('',(4.629858142403,0.579097187812));
#3689 = CARTESIAN_POINT('',(4.63348815564,0.556610871926));
#3690 = CARTESIAN_POINT('',(4.634385875515,0.548099683336));
#3691 = CARTESIAN_POINT('',(4.634824034642,0.539558058947));
#3692 = CARTESIAN_POINT('',(4.634811838278,0.531008275516));
#3693 = CARTESIAN_POINT('',(4.634359618099,0.522471927736));
#3694 = CARTESIAN_POINT('',(4.632416904956,0.50371941797));
#3695 = CARTESIAN_POINT('',(4.630731877414,0.493518729622));
#3696 = CARTESIAN_POINT('',(4.628443512973,0.483404577401));
#3697 = CARTESIAN_POINT('',(4.625573057573,0.473411861974));
#3698 = CARTESIAN_POINT('',(4.622142879467,0.463573844059));
#3699 = CARTESIAN_POINT('',(4.615245182932,0.446791098952));
#3700 = CARTESIAN_POINT('',(4.612021301826,0.439761646873));
#3701 = CARTESIAN_POINT('',(4.608513805839,0.432846737188));
#3702 = CARTESIAN_POINT('',(4.604732245688,0.426058632634));
#3703 = CARTESIAN_POINT('',(4.60068638264,0.419409083283));
#3704 = CARTESIAN_POINT('',(4.592945235178,0.407708314901));
#3705 = CARTESIAN_POINT('',(4.589341429684,0.402603207597));
#3706 = CARTESIAN_POINT('',(4.585579875008,0.397599761779));
#3707 = CARTESIAN_POINT('',(4.581665756403,0.392703512229));
#3708 = CARTESIAN_POINT('',(4.577604341395,0.387919771347));
#3709 = CARTESIAN_POINT('',(4.570086306466,0.37957401783));
#3710 = CARTESIAN_POINT('',(4.566683362481,0.375967532946));
#3711 = CARTESIAN_POINT('',(4.563194771072,0.372436670046));
#3712 = CARTESIAN_POINT('',(4.559623189007,0.36898383294));
#3713 = CARTESIAN_POINT('',(4.555971306565,0.365611333706));
#3714 = CARTESIAN_POINT('',(4.549239824161,0.359673158778));
#3715 = CARTESIAN_POINT('',(4.546187535349,0.357078416878));
#3716 = CARTESIAN_POINT('',(4.54308640183,0.354538324781));
#3717 = CARTESIAN_POINT('',(4.539937858907,0.352053999378));
#3718 = CARTESIAN_POINT('',(4.536743356463,0.349626516664));
#3719 = CARTESIAN_POINT('',(4.530952286353,0.345389851375));
#3720 = CARTESIAN_POINT('',(4.528372590249,0.343558722314));
#3721 = CARTESIAN_POINT('',(4.52576598703,0.341764030756));
#3722 = CARTESIAN_POINT('',(4.523133198716,0.340006266335));
#3723 = CARTESIAN_POINT('',(4.520474952973,0.338285902117));
#3724 = CARTESIAN_POINT('',(4.515624898502,0.335244402003));
#3725 = CARTESIAN_POINT('',(4.51344168359,0.333910107371));
#3726 = CARTESIAN_POINT('',(4.511242724802,0.33260075121));
#3727 = CARTESIAN_POINT('',(4.509028410926,0.331316566699));
#3728 = CARTESIAN_POINT('',(4.506799133103,0.330057779683));
#3729 = CARTESIAN_POINT('',(4.501563409996,0.327180338245));
#3730 = CARTESIAN_POINT('',(4.498545630642,0.325581609521));
#3731 = CARTESIAN_POINT('',(4.495502879691,0.324028940625));
#3732 = CARTESIAN_POINT('',(4.492436097174,0.322522825572));
#3733 = CARTESIAN_POINT('',(4.489346230236,0.321063734261));
#3734 = CARTESIAN_POINT('',(4.482232998587,0.317837126886));
#3735 = CARTESIAN_POINT('',(4.478195179015,0.316100614374));
#3736 = CARTESIAN_POINT('',(4.474122803218,0.314443522865));
#3737 = CARTESIAN_POINT('',(4.470017917387,0.312866731244));
#3738 = CARTESIAN_POINT('',(4.465882585107,0.311371049349));
#3739 = CARTESIAN_POINT('',(4.434078829854,0.300571719067));
#3740 = CARTESIAN_POINT('',(4.405177638298,0.294789424323));
#3741 = CARTESIAN_POINT('',(4.375647177265,0.29284041444));
#3742 = CARTESIAN_POINT('',(4.346116347269,0.294783863024));
#3743 = CARTESIAN_POINT('',(4.317214058945,0.300560724694));
#3744 = CARTESIAN_POINT('',(4.285408237605,0.311354092054));
#3745 = CARTESIAN_POINT('',(4.281272618821,0.312848998992));
#3746 = CARTESIAN_POINT('',(4.27716743071,0.31442502171));
#3747 = CARTESIAN_POINT('',(4.273094736953,0.316081350768));
#3748 = CARTESIAN_POINT('',(4.269056583844,0.317817107674));
#3749 = CARTESIAN_POINT('',(4.261942731681,0.321042384643));
#3750 = CARTESIAN_POINT('',(4.258852583876,0.322500898302));
#3751 = CARTESIAN_POINT('',(4.255785511187,0.324006440259));
#3752 = CARTESIAN_POINT('',(4.25274246081,0.325558540793));
#3753 = CARTESIAN_POINT('',(4.249724372828,0.327156706067));
#3754 = CARTESIAN_POINT('',(4.244488093577,0.330033170399));
#3755 = CARTESIAN_POINT('',(4.24225857224,0.331291541537));
#3756 = CARTESIAN_POINT('',(4.240044009727,0.332575313104));
#3757 = CARTESIAN_POINT('',(4.237844797205,0.333884259327));
#3758 = CARTESIAN_POINT('',(4.235661323483,0.335218147099));
#3759 = CARTESIAN_POINT('',(4.230810678416,0.338258743722));
#3760 = CARTESIAN_POINT('',(4.228152098195,0.33997861299));
#3761 = CARTESIAN_POINT('',(4.225518967706,0.341735887421));
#3762 = CARTESIAN_POINT('',(4.22291201466,0.343530094084));
#3763 = CARTESIAN_POINT('',(4.220331961122,0.345360743473));
#3764 = CARTESIAN_POINT('',(4.21454006267,0.349596332531));
#3765 = CARTESIAN_POINT('',(4.211345084702,0.35202322196));
#3766 = CARTESIAN_POINT('',(4.208196054169,0.354506962963));
#3767 = CARTESIAN_POINT('',(4.205094421047,0.357046479805));
#3768 = CARTESIAN_POINT('',(4.20204162073,0.359640655846));
#3769 = CARTESIAN_POINT('',(4.195308964714,0.365577583716));
#3770 = CARTESIAN_POINT('',(4.191656413755,0.368949406998));
#3771 = CARTESIAN_POINT('',(4.188084145123,0.37240158352));
#3772 = CARTESIAN_POINT('',(4.184594849272,0.375931801665));
#3773 = CARTESIAN_POINT('',(4.181191183134,0.37953765808));
#3774 = CARTESIAN_POINT('',(4.173671470256,0.387882024375));
#3775 = CARTESIAN_POINT('',(4.169609088798,0.392665016692));
#3776 = CARTESIAN_POINT('',(4.165693975885,0.3975605455));
#3777 = CARTESIAN_POINT('',(4.161931399374,0.402563299285));
#3778 = CARTESIAN_POINT('',(4.158326544843,0.407667744134));
#3779 = CARTESIAN_POINT('',(4.150582976676,0.419367090954));
#3780 = CARTESIAN_POINT('',(4.146535726894,0.426015898308));
#3781 = CARTESIAN_POINT('',(4.14275273868,0.432803310054));
#3782 = CARTESIAN_POINT('',(4.139243773959,0.43971757775));
#3783 = CARTESIAN_POINT('',(4.136018384141,0.446746440259));
#3784 = CARTESIAN_POINT('',(4.129117044813,0.463527924478));
#3785 = CARTESIAN_POINT('',(4.125684699933,0.473365315962));
#3786 = CARTESIAN_POINT('',(4.122812007763,0.483357507771));
#3787 = CARTESIAN_POINT('',(4.1205213387,0.493471243055));
#3788 = CARTESIAN_POINT('',(4.118833941481,0.503671624928));
#3789 = CARTESIAN_POINT('',(4.116886781587,0.522423780295));
#3790 = CARTESIAN_POINT('',(4.116432503193,0.530960044489));
#3791 = CARTESIAN_POINT('',(4.116418208401,0.539509824963));
#3792 = CARTESIAN_POINT('',(4.116854231701,0.548051529028));
#3793 = CARTESIAN_POINT('',(4.1177497819,0.556562881789));
#3794 = CARTESIAN_POINT('',(4.121373946148,0.579049851118));
#3795 = CARTESIAN_POINT('',(4.124921369005,0.592932621446));
#3796 = CARTESIAN_POINT('',(4.129790434213,0.606563944042));
#3797 = CARTESIAN_POINT('',(4.136005751814,0.619834884125));
#3798 = CARTESIAN_POINT('',(4.143572538686,0.632634596017));
#3799 = CARTESIAN_POINT('',(4.159985466366,0.655177315171));
#3800 = CARTESIAN_POINT('',(4.168452228268,0.665087225568));
#3801 = CARTESIAN_POINT('',(4.177854309807,0.674515111007));
#3802 = CARTESIAN_POINT('',(4.188163763623,0.683395803662));
#3803 = CARTESIAN_POINT('',(4.199335547681,0.691667634658));
#3804 = CARTESIAN_POINT('',(4.216599033661,0.702639276214));
#3805 = CARTESIAN_POINT('',(4.222049559239,0.705874041879));
#3806 = CARTESIAN_POINT('',(4.227650561941,0.708973870448));
#3807 = CARTESIAN_POINT('',(4.233395767672,0.71193418933));
#3808 = CARTESIAN_POINT('',(4.239278206236,0.714750706598));
#3809 = CARTESIAN_POINT('',(4.257343140794,0.722769656938));
#3810 = CARTESIAN_POINT('',(4.269916891016,0.727525876334));
#3811 = CARTESIAN_POINT('',(4.282949852024,0.731655850989));
#3812 = CARTESIAN_POINT('',(4.296369366973,0.735132809138));
#3813 = CARTESIAN_POINT('',(4.310094263382,0.737936296835));
#3814 = CARTESIAN_POINT('',(4.324037384387,0.740053049343));
#3815 = ( GEOMETRIC_REPRESENTATION_CONTEXT(2) 
PARAMETRIC_REPRESENTATION_CONTEXT() REPRESENTATION_CONTEXT('2D SPACE',''
  ) );
#3816 = PCURVE('',#3380,#3817);
#3817 = DEFINITIONAL_REPRESENTATION('',(#3818),#3971);
#3818 = B_SPLINE_CURVE_WITH_KNOTS('',6,(#3819,#3820,#3821,#3822,#3823,
    #3824,#3825,#3826,#3827,#3828,#3829,#3830,#3831,#3832,#3833,#3834,
    #3835,#3836,#3837,#3838,#3839,#3840,#3841,#3842,#3843,#3844,#3845,
    #3846,#3847,#3848,#3849,#3850,#3851,#3852,#3853,#3854,#3855,#3856,
    #3857,#3858,#3859,#3860,#3861,#3862,#3863,#3864,#3865,#3866,#3867,
    #3868,#3869,#3870,#3871,#3872,#3873,#3874,#3875,#3876,#3877,#3878,
    #3879,#3880,#3881,#3882,#3883,#3884,#3885,#3886,#3887,#3888,#3889,
    #3890,#3891,#3892,#3893,#3894,#3895,#3896,#3897,#3898,#3899,#3900,
    #3901,#3902,#3903,#3904,#3905,#3906,#3907,#3908,#3909,#3910,#3911,
    #3912,#3913,#3914,#3915,#3916,#3917,#3918,#3919,#3920,#3921,#3922,
    #3923,#3924,#3925,#3926,#3927,#3928,#3929,#3930,#3931,#3932,#3933,
    #3934,#3935,#3936,#3937,#3938,#3939,#3940,#3941,#3942,#3943,#3944,
    #3945,#3946,#3947,#3948,#3949,#3950,#3951,#3952,#3953,#3954,#3955,
    #3956,#3957,#3958,#3959,#3960,#3961,#3962,#3963,#3964,#3965,#3966,
    #3967,#3968,#3969,#3970),.UNSPECIFIED.,.F.,.F.,(7,5,5,5,5,5,5,5,5,5,
    5,5,5,5,5,5,5,5,5,5,5,5,5,5,5,5,5,5,5,5,7),(0.,2.784745477359E-02,
    9.563501268675E-02,0.12035264611,0.174676836265,0.235378959894,
    0.271976262032,0.316100120343,0.348701897312,0.374789369165,
    0.395361343406,0.41192072841,0.424968207738,0.435506899219,
    0.449558850196,0.467626075134,0.587562527251,0.605629752923,
    0.619681704771,0.63022039712,0.643267877824,0.659827265122,
    0.680399243156,0.706486721316,0.739088507779,0.783212376848,
    0.819809677,0.880511744394,0.931812490044,0.954505273985,1.),
  .UNSPECIFIED.);
#3819 = CARTESIAN_POINT('',(-8.881784197001E-16,1.112517806304));
#3820 = CARTESIAN_POINT('',(2.895411842324E-02,1.112517806634));
#3821 = CARTESIAN_POINT('',(5.790092030579E-02,1.11251780641));
#3822 = CARTESIAN_POINT('',(8.684272099259E-02,1.112517806166));
#3823 = CARTESIAN_POINT('',(0.115781476228,1.112517806146));
#3824 = CARTESIAN_POINT('',(0.144718782157,1.112517806304));
#3825 = CARTESIAN_POINT('',(0.244095881236,1.112517806304));
#3826 = CARTESIAN_POINT('',(0.314538107122,1.112517806304));
#3827 = CARTESIAN_POINT('',(0.385003270146,1.112517806304));
#3828 = CARTESIAN_POINT('',(0.455516170601,1.112517806304));
#3829 = CARTESIAN_POINT('',(0.526095681005,1.112517806304));
#3830 = CARTESIAN_POINT('',(0.622505766833,1.112517806304));
#3831 = CARTESIAN_POINT('',(0.648276231014,1.112517806304));
#3832 = CARTESIAN_POINT('',(0.674056431699,1.112517806304));
#3833 = CARTESIAN_POINT('',(0.699846528902,1.112517806304));
#3834 = CARTESIAN_POINT('',(0.725646538698,1.112517806304));
#3835 = CARTESIAN_POINT('',(0.808180865116,1.112517806304));
#3836 = CARTESIAN_POINT('',(0.864954190714,1.112517806304));
#3837 = CARTESIAN_POINT('',(0.921771859714,1.112517806304));
#3838 = CARTESIAN_POINT('',(0.978631260277,1.112517806304));
#3839 = CARTESIAN_POINT('',(1.035528172978,1.112517806304));
#3840 = CARTESIAN_POINT('',(1.15606177602,1.112517806304));
#3841 = CARTESIAN_POINT('',(1.219709323259,1.112517806304));
#3842 = CARTESIAN_POINT('',(1.283382744434,1.112517806304));
#3843 = CARTESIAN_POINT('',(1.347075963533,1.112517806304));
#3844 = CARTESIAN_POINT('',(1.410783888722,1.112517806304));
#3845 = CARTESIAN_POINT('',(1.512908424778,1.112517806304));
#3846 = CARTESIAN_POINT('',(1.551323061399,1.112517806304));
#3847 = CARTESIAN_POINT('',(1.589738942134,1.112517806304));
#3848 = CARTESIAN_POINT('',(1.628155054827,1.112517806304));
#3849 = CARTESIAN_POINT('',(1.666570593374,1.112517806304));
#3850 = CARTESIAN_POINT('',(1.751299573034,1.112517806304));
#3851 = CARTESIAN_POINT('',(1.797612867336,1.112517806304));
#3852 = CARTESIAN_POINT('',(1.84392317394,1.112517806304));
#3853 = CARTESIAN_POINT('',(1.89023027595,1.112517806304));
#3854 = CARTESIAN_POINT('',(1.936534258043,1.112517806304));
#3855 = CARTESIAN_POINT('',(2.017044094162,1.112517806304));
#3856 = CARTESIAN_POINT('',(2.051251905394,1.112517806304));
#3857 = CARTESIAN_POINT('',(2.085457767667,1.112517806304));
#3858 = CARTESIAN_POINT('',(2.119661697445,1.112517806304));
#3859 = CARTESIAN_POINT('',(2.153863751935,1.112517806304));
#3860 = CARTESIAN_POINT('',(2.215430597732,1.112517806304));
#3861 = CARTESIAN_POINT('',(2.242796048338,1.112517806304));
#3862 = CARTESIAN_POINT('',(2.270160431656,1.112517806304));
#3863 = CARTESIAN_POINT('',(2.297523803794,1.112517806304));
#3864 = CARTESIAN_POINT('',(2.324886226219,1.112517806304));
#3865 = CARTESIAN_POINT('',(2.37382444017,1.112517806304));
#3866 = CARTESIAN_POINT('',(2.39540057203,1.112517806304));
#3867 = CARTESIAN_POINT('',(2.416976194203,1.112517806304));
#3868 = CARTESIAN_POINT('',(2.438551339296,1.112517806304));
#3869 = CARTESIAN_POINT('',(2.460126039654,1.112517806304));
#3870 = CARTESIAN_POINT('',(2.499066523334,1.112517806304));
#3871 = CARTESIAN_POINT('',(2.516432454132,1.112517806304));
#3872 = CARTESIAN_POINT('',(2.533798136545,1.112517806304));
#3873 = CARTESIAN_POINT('',(2.551163586777,1.112517806304));
#3874 = CARTESIAN_POINT('',(2.568528820439,1.112517806304));
#3875 = CARTESIAN_POINT('',(2.599576117774,1.112517806304));
#3876 = CARTESIAN_POINT('',(2.613258258592,1.112517806304));
#3877 = CARTESIAN_POINT('',(2.626940282394,1.112517806304));
#3878 = CARTESIAN_POINT('',(2.640622196254,1.112517806304));
#3879 = CARTESIAN_POINT('',(2.654304006935,1.112517806304));
#3880 = CARTESIAN_POINT('',(2.67903669546,1.112517806304));
#3881 = CARTESIAN_POINT('',(2.690087607169,1.112517806304));
#3882 = CARTESIAN_POINT('',(2.701138459429,1.112517806304));
#3883 = CARTESIAN_POINT('',(2.712189255509,1.112517806304));
#3884 = CARTESIAN_POINT('',(2.72323999853,1.112517806304));
#3885 = CARTESIAN_POINT('',(2.749025328654,1.112517806304));
#3886 = CARTESIAN_POINT('',(2.76375987732,1.112517806304));
#3887 = CARTESIAN_POINT('',(2.778494344423,1.112517806304));
#3888 = CARTESIAN_POINT('',(2.793228736453,1.112517806304));
#3889 = CARTESIAN_POINT('',(2.80796305943,1.112517806304));
#3890 = CARTESIAN_POINT('',(2.841641818544,1.112517806304));
#3891 = CARTESIAN_POINT('',(2.860586215141,1.112517806304));
#3892 = CARTESIAN_POINT('',(2.879530520165,1.112517806304));
#3893 = CARTESIAN_POINT('',(2.898474743903,1.112517806304));
#3894 = CARTESIAN_POINT('',(2.917418895458,1.112517806304));
#3895 = CARTESIAN_POINT('',(3.06212034872,1.112517806304));
#3896 = CARTESIAN_POINT('',(3.187924506694,1.112517806304));
#3897 = CARTESIAN_POINT('',(3.313669841844,1.112517806304));
#3898 = CARTESIAN_POINT('',(3.439415176591,1.112517806304));
#3899 = CARTESIAN_POINT('',(3.565219333429,1.112517806304));
#3900 = CARTESIAN_POINT('',(3.709920783004,1.112517806304));
#3901 = CARTESIAN_POINT('',(3.72886493468,1.112517806304));
#3902 = CARTESIAN_POINT('',(3.747809158466,1.112517806304));
#3903 = CARTESIAN_POINT('',(3.76675346346,1.112517806304));
#3904 = CARTESIAN_POINT('',(3.785697859941,1.112517806304));
#3905 = CARTESIAN_POINT('',(3.819376618999,1.112517806304));
#3906 = CARTESIAN_POINT('',(3.834110942071,1.112517806304));
#3907 = CARTESIAN_POINT('',(3.848845334137,1.112517806304));
#3908 = CARTESIAN_POINT('',(3.863579801214,1.112517806304));
#3909 = CARTESIAN_POINT('',(3.878314349786,1.112517806304));
#3910 = CARTESIAN_POINT('',(3.90409967985,1.112517806304));
#3911 = CARTESIAN_POINT('',(3.915150422935,1.112517806304));
#3912 = CARTESIAN_POINT('',(3.926201219038,1.112517806304));
#3913 = CARTESIAN_POINT('',(3.937252071279,1.112517806304));
#3914 = CARTESIAN_POINT('',(3.948302982925,1.112517806304));
#3915 = CARTESIAN_POINT('',(3.973035671523,1.112517806304));
#3916 = CARTESIAN_POINT('',(3.986717482317,1.112517806304));
#3917 = CARTESIAN_POINT('',(4.000399396217,1.112517806304));
#3918 = CARTESIAN_POINT('',(4.014081419985,1.112517806304));
#3919 = CARTESIAN_POINT('',(4.027763560693,1.112517806304));
#3920 = CARTESIAN_POINT('',(4.05881085817,1.112517806304));
#3921 = CARTESIAN_POINT('',(4.076176092037,1.112517806304));
#3922 = CARTESIAN_POINT('',(4.093541542342,1.112517806304));
#3923 = CARTESIAN_POINT('',(4.110907224693,1.112517806304));
#3924 = CARTESIAN_POINT('',(4.128273155287,1.112517806304));
#3925 = CARTESIAN_POINT('',(4.167213639182,1.112517806304));
#3926 = CARTESIAN_POINT('',(4.18878833988,1.112517806304));
#3927 = CARTESIAN_POINT('',(4.210363485089,1.112517806304));
#3928 = CARTESIAN_POINT('',(4.23193910715,1.112517806304));
#3929 = CARTESIAN_POINT('',(4.253515238671,1.112517806304));
#3930 = CARTESIAN_POINT('',(4.302453452914,1.112517806304));
#3931 = CARTESIAN_POINT('',(4.329815875834,1.112517806304));
#3932 = CARTESIAN_POINT('',(4.357179248113,1.112517806304));
#3933 = CARTESIAN_POINT('',(4.384543631232,1.112517806304));
#3934 = CARTESIAN_POINT('',(4.411909081328,1.112517806304));
#3935 = CARTESIAN_POINT('',(4.473475927054,1.112517806304));
#3936 = CARTESIAN_POINT('',(4.507677981831,1.112517806304));
#3937 = CARTESIAN_POINT('',(4.541881911546,1.112517806304));
#3938 = CARTESIAN_POINT('',(4.576087773522,1.112517806304));
#3939 = CARTESIAN_POINT('',(4.610295584378,1.112517806304));
#3940 = CARTESIAN_POINT('',(4.690805417682,1.112517806304));
#3941 = CARTESIAN_POINT('',(4.737109397411,1.112517806304));
#3942 = CARTESIAN_POINT('',(4.783416497778,1.112517806304));
#3943 = CARTESIAN_POINT('',(4.829726804095,1.112517806304));
#3944 = CARTESIAN_POINT('',(4.876040100253,1.112517806304));
#3945 = CARTESIAN_POINT('',(4.960769077589,1.112517806304));
#3946 = CARTESIAN_POINT('',(4.999184610953,1.112517806304));
#3947 = CARTESIAN_POINT('',(5.037600721166,1.112517806304));
#3948 = CARTESIAN_POINT('',(5.07601660273,1.112517806304));
#3949 = CARTESIAN_POINT('',(5.114431244123,1.112517806304));
#3950 = CARTESIAN_POINT('',(5.21655574954,1.112517806304));
#3951 = CARTESIAN_POINT('',(5.280263647027,1.112517806304));
#3952 = CARTESIAN_POINT('',(5.3439568544,1.112517806304));
#3953 = CARTESIAN_POINT('',(5.407630282259,1.112517806304));
#3954 = CARTESIAN_POINT('',(5.471277855894,1.112517806304));
#3955 = CARTESIAN_POINT('',(5.588643391739,1.112517806304));
#3956 = CARTESIAN_POINT('',(5.642375065886,1.112517806304));
#3957 = CARTESIAN_POINT('',(5.69607384084,1.112517806304));
#3958 = CARTESIAN_POINT('',(5.749735997451,1.112517806304));
#3959 = CARTESIAN_POINT('',(5.803359034012,1.112517806304));
#3960 = CARTESIAN_POINT('',(5.88064009029,1.112517806304));
#3961 = CARTESIAN_POINT('',(5.904332923863,1.112517806304));
#3962 = CARTESIAN_POINT('',(5.928017433091,1.112517806304));
#3963 = CARTESIAN_POINT('',(5.951693581705,1.112517806304));
#3964 = CARTESIAN_POINT('',(5.975361432545,1.112517806304));
#3965 = CARTESIAN_POINT('',(6.046454386907,1.112517806304));
#3966 = CARTESIAN_POINT('',(6.093855243367,1.112517805981));
#3967 = CARTESIAN_POINT('',(6.141224411051,1.112517806547));
#3968 = CARTESIAN_POINT('',(6.188565572588,1.112517806735));
#3969 = CARTESIAN_POINT('',(6.235884025268,1.112517805765));
#3970 = CARTESIAN_POINT('',(6.28318530718,1.112517806304));
#3971 = ( GEOMETRIC_REPRESENTATION_CONTEXT(2) 
PARAMETRIC_REPRESENTATION_CONTEXT() REPRESENTATION_CONTEXT('2D SPACE',''
  ) );
#3972 = ADVANCED_FACE('',(#3973),#3380,.F.);
#3973 = FACE_BOUND('',#3974,.F.);
#3974 = EDGE_LOOP('',(#3975,#3976,#3997,#3998));
#3975 = ORIENTED_EDGE('',*,*,#3141,.F.);
#3976 = ORIENTED_EDGE('',*,*,#3977,.F.);
#3977 = EDGE_CURVE('',#3504,#3142,#3978,.T.);
#3978 = SEAM_CURVE('',#3979,(#3983,#3990),.PCURVE_S1.);
#3979 = LINE('',#3980,#3981);
#3980 = CARTESIAN_POINT('',(4.882117818245,67.326991949814,
    -7.601005996464));
#3981 = VECTOR('',#3982,1.);
#3982 = DIRECTION('',(0.286788218176,0.819152044289,-0.496731764892));
#3983 = PCURVE('',#3380,#3984);
#3984 = DEFINITIONAL_REPRESENTATION('',(#3985),#3989);
#3985 = LINE('',#3986,#3987);
#3986 = CARTESIAN_POINT('',(6.28318530718,-0.));
#3987 = VECTOR('',#3988,1.);
#3988 = DIRECTION('',(0.,1.));
#3989 = ( GEOMETRIC_REPRESENTATION_CONTEXT(2) 
PARAMETRIC_REPRESENTATION_CONTEXT() REPRESENTATION_CONTEXT('2D SPACE',''
  ) );
#3990 = PCURVE('',#3380,#3991);
#3991 = DEFINITIONAL_REPRESENTATION('',(#3992),#3996);
#3992 = LINE('',#3993,#3994);
#3993 = CARTESIAN_POINT('',(0.,-0.));
#3994 = VECTOR('',#3995,1.);
#3995 = DIRECTION('',(0.,1.));
#3996 = ( GEOMETRIC_REPRESENTATION_CONTEXT(2) 
PARAMETRIC_REPRESENTATION_CONTEXT() REPRESENTATION_CONTEXT('2D SPACE',''
  ) );
#3997 = ORIENTED_EDGE('',*,*,#3503,.T.);
#3998 = ORIENTED_EDGE('',*,*,#3977,.T.);
#3999 = ( GEOMETRIC_REPRESENTATION_CONTEXT(3) 
GLOBAL_UNCERTAINTY_ASSIGNED_CONTEXT((#4003)) 
GLOBAL_UNIT_ASSIGNED_CONTEXT((#4000,#4001,#4002)) REPRESENTATION_CONTEXT
('Context #1','3D Context with UNIT and UNCERTAINTY') );
#4000 = ( LENGTH_UNIT() NAMED_UNIT(*) SI_UNIT(.MILLI.,.METRE.) );
#4001 = ( NAMED_UNIT(*) PLANE_ANGLE_UNIT() SI_UNIT($,.RADIAN.) );
#4002 = ( NAMED_UNIT(*) SI_UNIT($,.STERADIAN.) SOLID_ANGLE_UNIT() );
#4003 = UNCERTAINTY_MEASURE_WITH_UNIT(LENGTH_MEASURE(2.E-07),#4000,
  'distance_accuracy_value','confusion accuracy');
#4004 = SHAPE_DEFINITION_REPRESENTATION(#4005,#3130);
#4005 = PRODUCT_DEFINITION_SHAPE('','',#4006);
#4006 = PRODUCT_DEFINITION('design','',#4007,#4010);
#4007 = PRODUCT_DEFINITION_FORMATION('','',#4008);
#4008 = PRODUCT('Open CASCADE STEP translator 7.5 3.6',
  'Open CASCADE STEP translator 7.5 3.6','',(#4009));
#4009 = PRODUCT_CONTEXT('',#2,'mechanical');
#4010 = PRODUCT_DEFINITION_CONTEXT('part definition',#2,'design');
#4011 = CONTEXT_DEPENDENT_SHAPE_REPRESENTATION(#4012,#4014);
#4012 = ( REPRESENTATION_RELATIONSHIP('','',#3130,#10) 
REPRESENTATION_RELATIONSHIP_WITH_TRANSFORMATION(#4013) 
SHAPE_REPRESENTATION_RELATIONSHIP() );
#4013 = ITEM_DEFINED_TRANSFORMATION('','',#11,#35);
#4014 = PRODUCT_DEFINITION_SHAPE('Placement','Placement of an item',
  #4015);
#4015 = NEXT_ASSEMBLY_USAGE_OCCURRENCE('6','','',#5,#4006,$);
#4016 = PRODUCT_RELATED_PRODUCT_CATEGORY('part',$,(#4008));
ENDSEC;
END-ISO-10303-21;
