ISO-10303-21;
HEADER;
FILE_DESCRIPTION(('FreeCAD Model'),'2;1');
FILE_NAME('Open CASCADE Shape Model','2026-10-04T20:06:40',('FreeCAD'),(
    'FreeCAD'),'Open CASCADE STEP processor 7.5','FreeCAD','Unknown');
FILE_SCHEMA(('AUTOMOTIVE_DESIGN { 1 0 10303 214 1 1 1 1 }'));
ENDSEC;
DATA;
#1 = APPLICATION_PROTOCOL_DEFINITION('international standard',
  'automotive_design',2000,#2);
#2 = APPLICATION_CONTEXT(
  'core data for automotive mechanical design processes');
#3 = SHAPE_DEFINITION_REPRESENTATION(#4,#10);
#4 = PRODUCT_DEFINITION_SHAPE('','',#5);
#5 = PRODUCT_DEFINITION('design','',#6,#9);
#6 = PRODUCT_DEFINITION_FORMATION('','',#7);
#7 = PRODUCT('Open CASCADE STEP translator 7.5 2',
  'Open CASCADE STEP translator 7.5 2','',(#8));
#8 = PRODUCT_CONTEXT('',#2,'mechanical');
#9 = PRODUCT_DEFINITION_CONTEXT('part definition',#2,'design');
#10 = ADVANCED_BREP_SHAPE_REPRESENTATION('',(#11,#15),#6040);
#11 = AXIS2_PLACEMENT_3D('',#12,#13,#14);
#12 = CARTESIAN_POINT('',(0.,0.,0.));
#13 = DIRECTION('',(0.,0.,1.));
#14 = DIRECTION('',(1.,0.,-0.));
#15 = MANIFOLD_SOLID_BREP('',#16);
#16 = CLOSED_SHELL('',(#17,#105,#140,#195,#230,#850,#879,#883,#2027,
    #2124,#2181,#2220,#2685,#4829,#4855,#4883,#4911,#4968,#5002,#5029,
    #5055,#5083,#5111,#5168,#5202,#5229,#5255,#5283,#5311,#5368,#5402,
    #5429,#5526,#5583,#5617,#5644,#5741,#5798,#5832,#5859,#5863,#5913,
    #5963,#6013,#6022,#6031));
#17 = ADVANCED_FACE('',(#18),#32,.T.);
#18 = FACE_BOUND('',#19,.T.);
#19 = EDGE_LOOP('',(#20,#50,#77,#78));
#20 = ORIENTED_EDGE('',*,*,#21,.T.);
#21 = EDGE_CURVE('',#22,#24,#26,.T.);
#22 = VERTEX_POINT('',#23);
#23 = CARTESIAN_POINT('',(-6.637585651379E-15,19.4,27.1));
#24 = VERTEX_POINT('',#25);
#25 = CARTESIAN_POINT('',(-6.637585651379E-15,50.,27.1));
#26 = SEAM_CURVE('',#27,(#31,#43),.PCURVE_S1.);
#27 = LINE('',#28,#29);
#28 = CARTESIAN_POINT('',(-6.637585651379E-15,5.,27.1));
#29 = VECTOR('',#30,1.);
#30 = DIRECTION('',(0.,1.,0.));
#31 = PCURVE('',#32,#37);
#32 = CYLINDRICAL_SURFACE('',#33,27.1);
#33 = AXIS2_PLACEMENT_3D('',#34,#35,#36);
#34 = CARTESIAN_POINT('',(0.,5.,0.));
#35 = DIRECTION('',(0.,1.,0.));
#36 = DIRECTION('',(0.,-0.,1.));
#37 = DEFINITIONAL_REPRESENTATION('',(#38),#42);
#38 = LINE('',#39,#40);
#39 = CARTESIAN_POINT('',(6.28318530718,-0.));
#40 = VECTOR('',#41,1.);
#41 = DIRECTION('',(0.,1.));
#42 = ( GEOMETRIC_REPRESENTATION_CONTEXT(2) 
PARAMETRIC_REPRESENTATION_CONTEXT() REPRESENTATION_CONTEXT('2D SPACE',''
  ) );
#43 = PCURVE('',#32,#44);
#44 = DEFINITIONAL_REPRESENTATION('',(#45),#49);
#45 = LINE('',#46,#47);
#46 = CARTESIAN_POINT('',(0.,-0.));
#47 = VECTOR('',#48,1.);
#48 = DIRECTION('',(0.,1.));
#49 = ( GEOMETRIC_REPRESENTATION_CONTEXT(2) 
PARAMETRIC_REPRESENTATION_CONTEXT() REPRESENTATION_CONTEXT('2D SPACE',''
  ) );
#50 = ORIENTED_EDGE('',*,*,#51,.F.);
#51 = EDGE_CURVE('',#24,#24,#52,.T.);
#52 = SURFACE_CURVE('',#53,(#58,#65),.PCURVE_S1.);
#53 = CIRCLE('',#54,27.1);
#54 = AXIS2_PLACEMENT_3D('',#55,#56,#57);
#55 = CARTESIAN_POINT('',(0.,50.,0.));
#56 = DIRECTION('',(0.,1.,0.));
#57 = DIRECTION('',(0.,-0.,1.));
#58 = PCURVE('',#32,#59);
#59 = DEFINITIONAL_REPRESENTATION('',(#60),#64);
#60 = LINE('',#61,#62);
#61 = CARTESIAN_POINT('',(0.,45.));
#62 = VECTOR('',#63,1.);
#63 = DIRECTION('',(1.,0.));
#64 = ( GEOMETRIC_REPRESENTATION_CONTEXT(2) 
PARAMETRIC_REPRESENTATION_CONTEXT() REPRESENTATION_CONTEXT('2D SPACE',''
  ) );
#65 = PCURVE('',#66,#71);
#66 = PLANE('',#67);
#67 = AXIS2_PLACEMENT_3D('',#68,#69,#70);
#68 = CARTESIAN_POINT('',(0.,50.,0.));
#69 = DIRECTION('',(0.,1.,0.));
#70 = DIRECTION('',(0.,-0.,1.));
#71 = DEFINITIONAL_REPRESENTATION('',(#72),#76);
#72 = CIRCLE('',#73,27.1);
#73 = AXIS2_PLACEMENT_2D('',#74,#75);
#74 = CARTESIAN_POINT('',(0.,0.));
#75 = DIRECTION('',(1.,0.));
#76 = ( GEOMETRIC_REPRESENTATION_CONTEXT(2) 
PARAMETRIC_REPRESENTATION_CONTEXT() REPRESENTATION_CONTEXT('2D SPACE',''
  ) );
#77 = ORIENTED_EDGE('',*,*,#21,.F.);
#78 = ORIENTED_EDGE('',*,*,#79,.T.);
#79 = EDGE_CURVE('',#22,#22,#80,.T.);
#80 = SURFACE_CURVE('',#81,(#86,#93),.PCURVE_S1.);
#81 = CIRCLE('',#82,27.1);
#82 = AXIS2_PLACEMENT_3D('',#83,#84,#85);
#83 = CARTESIAN_POINT('',(0.,19.4,0.));
#84 = DIRECTION('',(0.,1.,0.));
#85 = DIRECTION('',(0.,-0.,1.));
#86 = PCURVE('',#32,#87);
#87 = DEFINITIONAL_REPRESENTATION('',(#88),#92);
#88 = LINE('',#89,#90);
#89 = CARTESIAN_POINT('',(0.,14.4));
#90 = VECTOR('',#91,1.);
#91 = DIRECTION('',(1.,0.));
#92 = ( GEOMETRIC_REPRESENTATION_CONTEXT(2) 
PARAMETRIC_REPRESENTATION_CONTEXT() REPRESENTATION_CONTEXT('2D SPACE',''
  ) );
#93 = PCURVE('',#94,#99);
#94 = PLANE('',#95);
#95 = AXIS2_PLACEMENT_3D('',#96,#97,#98);
#96 = CARTESIAN_POINT('',(0.,19.4,0.));
#97 = DIRECTION('',(0.,1.,0.));
#98 = DIRECTION('',(0.,-0.,1.));
#99 = DEFINITIONAL_REPRESENTATION('',(#100),#104);
#100 = CIRCLE('',#101,27.1);
#101 = AXIS2_PLACEMENT_2D('',#102,#103);
#102 = CARTESIAN_POINT('',(0.,0.));
#103 = DIRECTION('',(1.,0.));
#104 = ( GEOMETRIC_REPRESENTATION_CONTEXT(2) 
PARAMETRIC_REPRESENTATION_CONTEXT() REPRESENTATION_CONTEXT('2D SPACE',''
  ) );
#105 = ADVANCED_FACE('',(#106,#109),#94,.F.);
#106 = FACE_BOUND('',#107,.F.);
#107 = EDGE_LOOP('',(#108));
#108 = ORIENTED_EDGE('',*,*,#79,.T.);
#109 = FACE_BOUND('',#110,.F.);
#110 = EDGE_LOOP('',(#111));
#111 = ORIENTED_EDGE('',*,*,#112,.F.);
#112 = EDGE_CURVE('',#113,#113,#115,.T.);
#113 = VERTEX_POINT('',#114);
#114 = CARTESIAN_POINT('',(-5.657868212061E-15,19.4,23.1));
#115 = SURFACE_CURVE('',#116,(#121,#128),.PCURVE_S1.);
#116 = CIRCLE('',#117,23.1);
#117 = AXIS2_PLACEMENT_3D('',#118,#119,#120);
#118 = CARTESIAN_POINT('',(0.,19.4,0.));
#119 = DIRECTION('',(0.,1.,0.));
#120 = DIRECTION('',(0.,-0.,1.));
#121 = PCURVE('',#94,#122);
#122 = DEFINITIONAL_REPRESENTATION('',(#123),#127);
#123 = CIRCLE('',#124,23.1);
#124 = AXIS2_PLACEMENT_2D('',#125,#126);
#125 = CARTESIAN_POINT('',(0.,0.));
#126 = DIRECTION('',(1.,0.));
#127 = ( GEOMETRIC_REPRESENTATION_CONTEXT(2) 
PARAMETRIC_REPRESENTATION_CONTEXT() REPRESENTATION_CONTEXT('2D SPACE',''
  ) );
#128 = PCURVE('',#129,#134);
#129 = CYLINDRICAL_SURFACE('',#130,23.1);
#130 = AXIS2_PLACEMENT_3D('',#131,#132,#133);
#131 = CARTESIAN_POINT('',(0.,13.,0.));
#132 = DIRECTION('',(0.,1.,0.));
#133 = DIRECTION('',(0.,-0.,1.));
#134 = DEFINITIONAL_REPRESENTATION('',(#135),#139);
#135 = LINE('',#136,#137);
#136 = CARTESIAN_POINT('',(0.,6.4));
#137 = VECTOR('',#138,1.);
#138 = DIRECTION('',(1.,0.));
#139 = ( GEOMETRIC_REPRESENTATION_CONTEXT(2) 
PARAMETRIC_REPRESENTATION_CONTEXT() REPRESENTATION_CONTEXT('2D SPACE',''
  ) );
#140 = ADVANCED_FACE('',(#141),#129,.T.);
#141 = FACE_BOUND('',#142,.T.);
#142 = EDGE_LOOP('',(#143,#144,#167,#194));
#143 = ORIENTED_EDGE('',*,*,#112,.F.);
#144 = ORIENTED_EDGE('',*,*,#145,.F.);
#145 = EDGE_CURVE('',#146,#113,#148,.T.);
#146 = VERTEX_POINT('',#147);
#147 = CARTESIAN_POINT('',(-5.657868212061E-15,14.,23.1));
#148 = SEAM_CURVE('',#149,(#153,#160),.PCURVE_S1.);
#149 = LINE('',#150,#151);
#150 = CARTESIAN_POINT('',(-5.657868212061E-15,13.,23.1));
#151 = VECTOR('',#152,1.);
#152 = DIRECTION('',(0.,1.,0.));
#153 = PCURVE('',#129,#154);
#154 = DEFINITIONAL_REPRESENTATION('',(#155),#159);
#155 = LINE('',#156,#157);
#156 = CARTESIAN_POINT('',(6.28318530718,-0.));
#157 = VECTOR('',#158,1.);
#158 = DIRECTION('',(0.,1.));
#159 = ( GEOMETRIC_REPRESENTATION_CONTEXT(2) 
PARAMETRIC_REPRESENTATION_CONTEXT() REPRESENTATION_CONTEXT('2D SPACE',''
  ) );
#160 = PCURVE('',#129,#161);
#161 = DEFINITIONAL_REPRESENTATION('',(#162),#166);
#162 = LINE('',#163,#164);
#163 = CARTESIAN_POINT('',(0.,-0.));
#164 = VECTOR('',#165,1.);
#165 = DIRECTION('',(0.,1.));
#166 = ( GEOMETRIC_REPRESENTATION_CONTEXT(2) 
PARAMETRIC_REPRESENTATION_CONTEXT() REPRESENTATION_CONTEXT('2D SPACE',''
  ) );
#167 = ORIENTED_EDGE('',*,*,#168,.T.);
#168 = EDGE_CURVE('',#146,#146,#169,.T.);
#169 = SURFACE_CURVE('',#170,(#175,#182),.PCURVE_S1.);
#170 = CIRCLE('',#171,23.1);
#171 = AXIS2_PLACEMENT_3D('',#172,#173,#174);
#172 = CARTESIAN_POINT('',(0.,14.,0.));
#173 = DIRECTION('',(0.,1.,0.));
#174 = DIRECTION('',(0.,-0.,1.));
#175 = PCURVE('',#129,#176);
#176 = DEFINITIONAL_REPRESENTATION('',(#177),#181);
#177 = LINE('',#178,#179);
#178 = CARTESIAN_POINT('',(0.,1.));
#179 = VECTOR('',#180,1.);
#180 = DIRECTION('',(1.,0.));
#181 = ( GEOMETRIC_REPRESENTATION_CONTEXT(2) 
PARAMETRIC_REPRESENTATION_CONTEXT() REPRESENTATION_CONTEXT('2D SPACE',''
  ) );
#182 = PCURVE('',#183,#188);
#183 = PLANE('',#184);
#184 = AXIS2_PLACEMENT_3D('',#185,#186,#187);
#185 = CARTESIAN_POINT('',(0.,14.,0.));
#186 = DIRECTION('',(0.,1.,0.));
#187 = DIRECTION('',(0.,-0.,1.));
#188 = DEFINITIONAL_REPRESENTATION('',(#189),#193);
#189 = CIRCLE('',#190,23.1);
#190 = AXIS2_PLACEMENT_2D('',#191,#192);
#191 = CARTESIAN_POINT('',(0.,0.));
#192 = DIRECTION('',(1.,0.));
#193 = ( GEOMETRIC_REPRESENTATION_CONTEXT(2) 
PARAMETRIC_REPRESENTATION_CONTEXT() REPRESENTATION_CONTEXT('2D SPACE',''
  ) );
#194 = ORIENTED_EDGE('',*,*,#145,.T.);
#195 = ADVANCED_FACE('',(#196,#227),#183,.T.);
#196 = FACE_BOUND('',#197,.T.);
#197 = EDGE_LOOP('',(#198));
#198 = ORIENTED_EDGE('',*,*,#199,.T.);
#199 = EDGE_CURVE('',#200,#200,#202,.T.);
#200 = VERTEX_POINT('',#201);
#201 = CARTESIAN_POINT('',(-6.637585651379E-15,14.,27.1));
#202 = SURFACE_CURVE('',#203,(#208,#215),.PCURVE_S1.);
#203 = CIRCLE('',#204,27.1);
#204 = AXIS2_PLACEMENT_3D('',#205,#206,#207);
#205 = CARTESIAN_POINT('',(0.,14.,0.));
#206 = DIRECTION('',(0.,1.,0.));
#207 = DIRECTION('',(0.,-0.,1.));
#208 = PCURVE('',#183,#209);
#209 = DEFINITIONAL_REPRESENTATION('',(#210),#214);
#210 = CIRCLE('',#211,27.1);
#211 = AXIS2_PLACEMENT_2D('',#212,#213);
#212 = CARTESIAN_POINT('',(0.,0.));
#213 = DIRECTION('',(1.,0.));
#214 = ( GEOMETRIC_REPRESENTATION_CONTEXT(2) 
PARAMETRIC_REPRESENTATION_CONTEXT() REPRESENTATION_CONTEXT('2D SPACE',''
  ) );
#215 = PCURVE('',#216,#221);
#216 = CYLINDRICAL_SURFACE('',#217,27.1);
#217 = AXIS2_PLACEMENT_3D('',#218,#219,#220);
#218 = CARTESIAN_POINT('',(0.,5.,0.));
#219 = DIRECTION('',(0.,1.,0.));
#220 = DIRECTION('',(0.,-0.,1.));
#221 = DEFINITIONAL_REPRESENTATION('',(#222),#226);
#222 = LINE('',#223,#224);
#223 = CARTESIAN_POINT('',(0.,9.));
#224 = VECTOR('',#225,1.);
#225 = DIRECTION('',(1.,0.));
#226 = ( GEOMETRIC_REPRESENTATION_CONTEXT(2) 
PARAMETRIC_REPRESENTATION_CONTEXT() REPRESENTATION_CONTEXT('2D SPACE',''
  ) );
#227 = FACE_BOUND('',#228,.T.);
#228 = EDGE_LOOP('',(#229));
#229 = ORIENTED_EDGE('',*,*,#168,.F.);
#230 = ADVANCED_FACE('',(#231,#576),#216,.T.);
#231 = FACE_BOUND('',#232,.T.);
#232 = EDGE_LOOP('',(#233,#256,#257,#258,#337,#399,#422,#449,#450));
#233 = ORIENTED_EDGE('',*,*,#234,.T.);
#234 = EDGE_CURVE('',#235,#200,#237,.T.);
#235 = VERTEX_POINT('',#236);
#236 = CARTESIAN_POINT('',(-6.637585651379E-15,13.55,27.1));
#237 = SEAM_CURVE('',#238,(#242,#249),.PCURVE_S1.);
#238 = LINE('',#239,#240);
#239 = CARTESIAN_POINT('',(-6.637585651379E-15,5.,27.1));
#240 = VECTOR('',#241,1.);
#241 = DIRECTION('',(0.,1.,0.));
#242 = PCURVE('',#216,#243);
#243 = DEFINITIONAL_REPRESENTATION('',(#244),#248);
#244 = LINE('',#245,#246);
#245 = CARTESIAN_POINT('',(6.28318530718,-0.));
#246 = VECTOR('',#247,1.);
#247 = DIRECTION('',(0.,1.));
#248 = ( GEOMETRIC_REPRESENTATION_CONTEXT(2) 
PARAMETRIC_REPRESENTATION_CONTEXT() REPRESENTATION_CONTEXT('2D SPACE',''
  ) );
#249 = PCURVE('',#216,#250);
#250 = DEFINITIONAL_REPRESENTATION('',(#251),#255);
#251 = LINE('',#252,#253);
#252 = CARTESIAN_POINT('',(0.,-0.));
#253 = VECTOR('',#254,1.);
#254 = DIRECTION('',(0.,1.));
#255 = ( GEOMETRIC_REPRESENTATION_CONTEXT(2) 
PARAMETRIC_REPRESENTATION_CONTEXT() REPRESENTATION_CONTEXT('2D SPACE',''
  ) );
#256 = ORIENTED_EDGE('',*,*,#199,.F.);
#257 = ORIENTED_EDGE('',*,*,#234,.F.);
#258 = ORIENTED_EDGE('',*,*,#259,.F.);
#259 = EDGE_CURVE('',#260,#235,#262,.T.);
#260 = VERTEX_POINT('',#261);
#261 = CARTESIAN_POINT('',(4.05,9.5,26.79566196234));
#262 = SURFACE_CURVE('',#263,(#284,#308),.PCURVE_S1.);
#263 = B_SPLINE_CURVE_WITH_KNOTS('',7,(#264,#265,#266,#267,#268,#269,
    #270,#271,#272,#273,#274,#275,#276,#277,#278,#279,#280,#281,#282,
    #283),.UNSPECIFIED.,.F.,.F.,(8,6,6,8),(0.,0.533421171529,
    0.812984926651,1.),.UNSPECIFIED.);
#264 = CARTESIAN_POINT('',(4.05,9.5,26.79566196234));
#265 = CARTESIAN_POINT('',(4.049999958022,9.919783188786,26.795661968685
    ));
#266 = CARTESIAN_POINT('',(3.999237606296,10.338941413888,
    26.803334256064));
#267 = CARTESIAN_POINT('',(3.897985651597,10.754183366964,
    26.818638509924));
#268 = CARTESIAN_POINT('',(3.744890390638,11.161932915382,
    26.841156766675));
#269 = CARTESIAN_POINT('',(3.537445992758,11.557281645134,
    26.870052280251));
#270 = CARTESIAN_POINT('',(3.272249190527,11.933329745683,
    26.903720687842));
#271 = CARTESIAN_POINT('',(2.774805771693,12.460588966148,
    26.958116838551));
#272 = CARTESIAN_POINT('',(2.586421339106,12.634182057041,
    26.977434654013));
#273 = CARTESIAN_POINT('',(2.380501616107,12.797916867147,
    26.996923511373));
#274 = CARTESIAN_POINT('',(2.157036415539,12.9495065056,27.016043963959)
  );
#275 = CARTESIAN_POINT('',(1.916255974242,13.086491769866,
    27.034162276324));
#276 = CARTESIAN_POINT('',(1.658681155956,13.206209409621,
    27.050578085897));
#277 = CARTESIAN_POINT('',(1.202223159595,13.372346533489,
    27.073939885827));
#278 = CARTESIAN_POINT('',(1.012157587255,13.429903925178,
    27.082220798936));
#279 = CARTESIAN_POINT('',(0.816157343809,13.477229077619,27.08915865942
    ));
#280 = CARTESIAN_POINT('',(0.615523674358,13.51340076298,27.094530295593
    ));
#281 = CARTESIAN_POINT('',(0.411650333527,13.537777180769,27.09817337165
    ));
#282 = CARTESIAN_POINT('',(0.20598666274,13.55,27.1));
#283 = CARTESIAN_POINT('',(6.199774420683E-16,13.55,27.1));
#284 = PCURVE('',#216,#285);
#285 = DEFINITIONAL_REPRESENTATION('',(#286),#307);
#286 = B_SPLINE_CURVE_WITH_KNOTS('',7,(#287,#288,#289,#290,#291,#292,
    #293,#294,#295,#296,#297,#298,#299,#300,#301,#302,#303,#304,#305,
    #306),.UNSPECIFIED.,.F.,.F.,(8,6,6,8),(0.,0.533421171529,
    0.812984926651,1.),.UNSPECIFIED.);
#287 = CARTESIAN_POINT('',(0.150008456959,4.5));
#288 = CARTESIAN_POINT('',(0.150008455393,4.919783188786));
#289 = CARTESIAN_POINT('',(0.148114033147,5.338941413888));
#290 = CARTESIAN_POINT('',(0.144335352638,5.754183366964));
#291 = CARTESIAN_POINT('',(0.138625366384,6.161932915382));
#292 = CARTESIAN_POINT('',(0.13089714709,6.557281645134));
#293 = CARTESIAN_POINT('',(0.12103422435,6.933329745683));
#294 = CARTESIAN_POINT('',(0.102568957594,7.460588966148));
#295 = CARTESIAN_POINT('',(9.558120925793E-02,7.634182057041));
#296 = CARTESIAN_POINT('',(8.794912558632E-02,7.797916867147));
#297 = CARTESIAN_POINT('',(7.96737190353E-02,7.9495065056));
#298 = CARTESIAN_POINT('',(7.076458141141E-02,8.086491769866));
#299 = CARTESIAN_POINT('',(6.124143906731E-02,8.206209409621));
#300 = CARTESIAN_POINT('',(4.437592463968E-02,8.372346533489));
#301 = CARTESIAN_POINT('',(3.735598343077E-02,8.429903925178));
#302 = CARTESIAN_POINT('',(3.011936745148E-02,8.477229077619));
#303 = CARTESIAN_POINT('',(2.271376688783E-02,8.51340076298));
#304 = CARTESIAN_POINT('',(1.519004958433E-02,8.537777180769));
#305 = CARTESIAN_POINT('',(7.600983864928E-03,8.55));
#306 = CARTESIAN_POINT('',(0.,8.55));
#307 = ( GEOMETRIC_REPRESENTATION_CONTEXT(2) 
PARAMETRIC_REPRESENTATION_CONTEXT() REPRESENTATION_CONTEXT('2D SPACE',''
  ) );
#308 = PCURVE('',#309,#314);
#309 = CYLINDRICAL_SURFACE('',#310,4.05);
#310 = AXIS2_PLACEMENT_3D('',#311,#312,#313);
#311 = CARTESIAN_POINT('',(0.,9.5,-29.1));
#312 = DIRECTION('',(0.,0.,1.));
#313 = DIRECTION('',(1.,0.,-0.));
#314 = DEFINITIONAL_REPRESENTATION('',(#315),#336);
#315 = B_SPLINE_CURVE_WITH_KNOTS('',7,(#316,#317,#318,#319,#320,#321,
    #322,#323,#324,#325,#326,#327,#328,#329,#330,#331,#332,#333,#334,
    #335),.UNSPECIFIED.,.F.,.F.,(8,6,6,8),(0.,0.533421171529,
    0.812984926651,1.),.UNSPECIFIED.);
#316 = CARTESIAN_POINT('',(0.,55.89566196234));
#317 = CARTESIAN_POINT('',(0.103650170071,55.895661968685));
#318 = CARTESIAN_POINT('',(0.207145815476,55.903334256064));
#319 = CARTESIAN_POINT('',(0.31149452366,55.918638509924));
#320 = CARTESIAN_POINT('',(0.417603106008,55.941156766675));
#321 = CARTESIAN_POINT('',(0.526400295005,55.970052280251));
#322 = CARTESIAN_POINT('',(0.63887385469,56.003720687842));
#323 = CARTESIAN_POINT('',(0.817856779561,56.058116838551));
#324 = CARTESIAN_POINT('',(0.880954234091,56.077434654013));
#325 = CARTESIAN_POINT('',(0.945632761104,56.096923511373));
#326 = CARTESIAN_POINT('',(1.011951567529,56.116043963959));
#327 = CARTESIAN_POINT('',(1.079992321578,56.134162276324));
#328 = CARTESIAN_POINT('',(1.149865743306,56.150578085897));
#329 = CARTESIAN_POINT('',(1.269804620786,56.173939885827));
#330 = CARTESIAN_POINT('',(1.318764863369,56.182220798936));
#331 = CARTESIAN_POINT('',(1.368419469376,56.18915865942));
#332 = CARTESIAN_POINT('',(1.418600264635,56.194530295593));
#333 = CARTESIAN_POINT('',(1.469154272657,56.19817337165));
#334 = CARTESIAN_POINT('',(1.519935422415,56.2));
#335 = CARTESIAN_POINT('',(1.570796326795,56.2));
#336 = ( GEOMETRIC_REPRESENTATION_CONTEXT(2) 
PARAMETRIC_REPRESENTATION_CONTEXT() REPRESENTATION_CONTEXT('2D SPACE',''
  ) );
#337 = ORIENTED_EDGE('',*,*,#338,.F.);
#338 = EDGE_CURVE('',#339,#260,#341,.T.);
#339 = VERTEX_POINT('',#340);
#340 = CARTESIAN_POINT('',(-6.637585651379E-15,5.45,27.1));
#341 = SURFACE_CURVE('',#342,(#359,#379),.PCURVE_S1.);
#342 = B_SPLINE_CURVE_WITH_KNOTS('',8,(#343,#344,#345,#346,#347,#348,
    #349,#350,#351,#352,#353,#354,#355,#356,#357,#358),.UNSPECIFIED.,.F.
  ,.F.,(9,7,9),(0.,0.308994064805,1.),.UNSPECIFIED.);
#343 = CARTESIAN_POINT('',(3.225136134544E-15,5.45,27.1));
#344 = CARTESIAN_POINT('',(0.299499013266,5.45,27.1));
#345 = CARTESIAN_POINT('',(0.596602688975,5.4753120083,27.096217169446)
  );
#346 = CARTESIAN_POINT('',(0.888018943126,5.525227848479,27.088757587134
    ));
#347 = CARTESIAN_POINT('',(1.170581403551,5.598373898042,27.077955310267
    ));
#348 = CARTESIAN_POINT('',(1.441363221075,5.69273730897,27.064352944803)
  );
#349 = CARTESIAN_POINT('',(1.697782362764,5.805684020492,27.048636963675
    ));
#350 = CARTESIAN_POINT('',(1.93769554359,5.933970978367,27.031552632857)
  );
#351 = CARTESIAN_POINT('',(2.655451754852,6.386355061362,26.974175389714
    ));
#352 = CARTESIAN_POINT('',(3.06994468031,6.762244951351,26.930567049));
#353 = CARTESIAN_POINT('',(3.405393640022,7.17889782568,26.88876776815)
  );
#354 = CARTESIAN_POINT('',(3.666800924977,7.62179556321,26.852712762051)
  );
#355 = CARTESIAN_POINT('',(3.859078091214,8.081019261974,26.824516700034
    ));
#356 = CARTESIAN_POINT('',(3.986107380785,8.549932713933,26.805319321288
    ));
#357 = CARTESIAN_POINT('',(4.049999952417,9.024166498698,26.795661969532
    ));
#358 = CARTESIAN_POINT('',(4.05,9.5,26.79566196234));
#359 = PCURVE('',#216,#360);
#360 = DEFINITIONAL_REPRESENTATION('',(#361),#378);
#361 = B_SPLINE_CURVE_WITH_KNOTS('',8,(#362,#363,#364,#365,#366,#367,
    #368,#369,#370,#371,#372,#373,#374,#375,#376,#377),.UNSPECIFIED.,.F.
  ,.F.,(9,7,9),(0.,0.308994064805,1.),.UNSPECIFIED.);
#362 = CARTESIAN_POINT('',(0.,0.45));
#363 = CARTESIAN_POINT('',(1.105162410576E-02,0.45));
#364 = CARTESIAN_POINT('',(2.201486031654E-02,0.4753120083));
#365 = CARTESIAN_POINT('',(3.277028055884E-02,0.525227848479));
#366 = CARTESIAN_POINT('',(4.320297914238E-02,0.598373898042));
#367 = CARTESIAN_POINT('',(5.320624759835E-02,0.69273730897));
#368 = CARTESIAN_POINT('',(6.26851787228E-02,0.805684020492));
#369 = CARTESIAN_POINT('',(7.156014620093E-02,0.933970978367));
#370 = CARTESIAN_POINT('',(9.813010634666E-02,1.386355061362));
#371 = CARTESIAN_POINT('',(0.113504633446,1.762244951351));
#372 = CARTESIAN_POINT('',(0.12597583095,2.17889782568));
#373 = CARTESIAN_POINT('',(0.135712503782,2.62179556321));
#374 = CARTESIAN_POINT('',(0.142883341963,3.081019261974));
#375 = CARTESIAN_POINT('',(0.147624020188,3.549932713933));
#376 = CARTESIAN_POINT('',(0.150008455183,4.024166498698));
#377 = CARTESIAN_POINT('',(0.150008456959,4.5));
#378 = ( GEOMETRIC_REPRESENTATION_CONTEXT(2) 
PARAMETRIC_REPRESENTATION_CONTEXT() REPRESENTATION_CONTEXT('2D SPACE',''
  ) );
#379 = PCURVE('',#309,#380);
#380 = DEFINITIONAL_REPRESENTATION('',(#381),#398);
#381 = B_SPLINE_CURVE_WITH_KNOTS('',8,(#382,#383,#384,#385,#386,#387,
    #388,#389,#390,#391,#392,#393,#394,#395,#396,#397),.UNSPECIFIED.,.F.
  ,.F.,(9,7,9),(0.,0.308994064805,1.),.UNSPECIFIED.);
#382 = CARTESIAN_POINT('',(4.712388980385,56.2));
#383 = CARTESIAN_POINT('',(4.786339354031,56.2));
#384 = CARTESIAN_POINT('',(4.859698259776,56.196217169446));
#385 = CARTESIAN_POINT('',(4.932269237453,56.188757587134));
#386 = CARTESIAN_POINT('',(5.003844911379,56.177955310267));
#387 = CARTESIAN_POINT('',(5.074192823016,56.164352944803));
#388 = CARTESIAN_POINT('',(5.143038302078,56.148636963675));
#389 = CARTESIAN_POINT('',(5.210042392597,56.131552632857));
#390 = CARTESIAN_POINT('',(5.419530098827,56.074175389714));
#391 = CARTESIAN_POINT('',(5.555600207019,56.030567049));
#392 = CARTESIAN_POINT('',(5.685143545008,55.98876776815));
#393 = CARTESIAN_POINT('',(5.809608822994,55.952712762051));
#394 = CARTESIAN_POINT('',(5.930351183049,55.924516700034));
#395 = CARTESIAN_POINT('',(6.048600192374,55.905319321288));
#396 = CARTESIAN_POINT('',(6.165695553772,55.895661969532));
#397 = CARTESIAN_POINT('',(6.28318530718,55.89566196234));
#398 = ( GEOMETRIC_REPRESENTATION_CONTEXT(2) 
PARAMETRIC_REPRESENTATION_CONTEXT() REPRESENTATION_CONTEXT('2D SPACE',''
  ) );
#399 = ORIENTED_EDGE('',*,*,#400,.F.);
#400 = EDGE_CURVE('',#401,#339,#403,.T.);
#401 = VERTEX_POINT('',#402);
#402 = CARTESIAN_POINT('',(-6.637585651379E-15,5.,27.1));
#403 = SEAM_CURVE('',#404,(#408,#415),.PCURVE_S1.);
#404 = LINE('',#405,#406);
#405 = CARTESIAN_POINT('',(-6.637585651379E-15,5.,27.1));
#406 = VECTOR('',#407,1.);
#407 = DIRECTION('',(0.,1.,0.));
#408 = PCURVE('',#216,#409);
#409 = DEFINITIONAL_REPRESENTATION('',(#410),#414);
#410 = LINE('',#411,#412);
#411 = CARTESIAN_POINT('',(6.28318530718,-0.));
#412 = VECTOR('',#413,1.);
#413 = DIRECTION('',(0.,1.));
#414 = ( GEOMETRIC_REPRESENTATION_CONTEXT(2) 
PARAMETRIC_REPRESENTATION_CONTEXT() REPRESENTATION_CONTEXT('2D SPACE',''
  ) );
#415 = PCURVE('',#216,#416);
#416 = DEFINITIONAL_REPRESENTATION('',(#417),#421);
#417 = LINE('',#418,#419);
#418 = CARTESIAN_POINT('',(0.,-0.));
#419 = VECTOR('',#420,1.);
#420 = DIRECTION('',(0.,1.));
#421 = ( GEOMETRIC_REPRESENTATION_CONTEXT(2) 
PARAMETRIC_REPRESENTATION_CONTEXT() REPRESENTATION_CONTEXT('2D SPACE',''
  ) );
#422 = ORIENTED_EDGE('',*,*,#423,.T.);
#423 = EDGE_CURVE('',#401,#401,#424,.T.);
#424 = SURFACE_CURVE('',#425,(#430,#437),.PCURVE_S1.);
#425 = CIRCLE('',#426,27.1);
#426 = AXIS2_PLACEMENT_3D('',#427,#428,#429);
#427 = CARTESIAN_POINT('',(0.,5.,0.));
#428 = DIRECTION('',(0.,1.,0.));
#429 = DIRECTION('',(0.,-0.,1.));
#430 = PCURVE('',#216,#431);
#431 = DEFINITIONAL_REPRESENTATION('',(#432),#436);
#432 = LINE('',#433,#434);
#433 = CARTESIAN_POINT('',(0.,0.));
#434 = VECTOR('',#435,1.);
#435 = DIRECTION('',(1.,0.));
#436 = ( GEOMETRIC_REPRESENTATION_CONTEXT(2) 
PARAMETRIC_REPRESENTATION_CONTEXT() REPRESENTATION_CONTEXT('2D SPACE',''
  ) );
#437 = PCURVE('',#438,#443);
#438 = PLANE('',#439);
#439 = AXIS2_PLACEMENT_3D('',#440,#441,#442);
#440 = CARTESIAN_POINT('',(0.,5.,0.));
#441 = DIRECTION('',(0.,1.,0.));
#442 = DIRECTION('',(0.,-0.,1.));
#443 = DEFINITIONAL_REPRESENTATION('',(#444),#448);
#444 = CIRCLE('',#445,27.1);
#445 = AXIS2_PLACEMENT_2D('',#446,#447);
#446 = CARTESIAN_POINT('',(0.,0.));
#447 = DIRECTION('',(1.,0.));
#448 = ( GEOMETRIC_REPRESENTATION_CONTEXT(2) 
PARAMETRIC_REPRESENTATION_CONTEXT() REPRESENTATION_CONTEXT('2D SPACE',''
  ) );
#449 = ORIENTED_EDGE('',*,*,#400,.T.);
#450 = ORIENTED_EDGE('',*,*,#451,.F.);
#451 = EDGE_CURVE('',#235,#339,#452,.T.);
#452 = SURFACE_CURVE('',#453,(#492,#534),.PCURVE_S1.);
#453 = B_SPLINE_CURVE_WITH_KNOTS('',7,(#454,#455,#456,#457,#458,#459,
    #460,#461,#462,#463,#464,#465,#466,#467,#468,#469,#470,#471,#472,
    #473,#474,#475,#476,#477,#478,#479,#480,#481,#482,#483,#484,#485,
    #486,#487,#488,#489,#490,#491),.UNSPECIFIED.,.F.,.F.,(8,6,6,6,6,6,8)
  ,(0.,0.154505228304,0.297812239316,0.500012281026,0.70221246131,
    0.845519308066,1.),.UNSPECIFIED.);
#454 = CARTESIAN_POINT('',(-2.6645352591E-15,13.55,27.1));
#455 = CARTESIAN_POINT('',(-0.342284583938,13.55,27.1));
#456 = CARTESIAN_POINT('',(-0.681375396225,13.516250656007,
    27.094956225976));
#457 = CARTESIAN_POINT('',(-1.012005070335,13.449885047023,
    27.085038403601));
#458 = CARTESIAN_POINT('',(-1.32915773012,13.35336715876,27.070872217176
    ));
#459 = CARTESIAN_POINT('',(-1.628372374197,13.230421914511,
    27.053487491233));
#460 = CARTESIAN_POINT('',(-1.906012340199,13.085998165317,
    27.03408537982));
#461 = CARTESIAN_POINT('',(-2.394572905566,12.778070459665,
    26.995029976455));
#462 = CARTESIAN_POINT('',(-2.611089157253,12.61531020828,
    26.975319400733));
#463 = CARTESIAN_POINT('',(-2.809207414313,12.440552146407,
    26.955354175525));
#464 = CARTESIAN_POINT('',(-2.989292888813,12.255949800637,
    26.935691735885));
#465 = CARTESIAN_POINT('',(-3.151820511795,12.063289431434,
    26.916780856426));
#466 = CARTESIAN_POINT('',(-3.297306321278,11.864053133384,
    26.89897147243));
#467 = CARTESIAN_POINT('',(-3.608172001762,11.370831153605,
    26.859350883245));
#468 = CARTESIAN_POINT('',(-3.757366672286,11.071224732727,
    26.83887582225));
#469 = CARTESIAN_POINT('',(-3.875193231693,10.763920235013,
    26.82187971477));
#470 = CARTESIAN_POINT('',(-3.962774122277,10.451349536479,
    26.808845313388));
#471 = CARTESIAN_POINT('',(-4.020908204815,10.135425757114,
    26.800059130017));
#472 = CARTESIAN_POINT('',(-4.05,9.817790869027,26.79566196234));
#473 = CARTESIAN_POINT('',(-4.05,9.182208913183,26.79566196234));
#474 = CARTESIAN_POINT('',(-4.020908165148,8.864573580062,
    26.800059135061));
#475 = CARTESIAN_POINT('',(-3.962773926582,8.548649601376,
    26.808845345268));
#476 = CARTESIAN_POINT('',(-3.875192953508,8.236079238058,
    26.821879754327));
#477 = CARTESIAN_POINT('',(-3.757366616147,7.928775427735,
    26.838875824665));
#478 = CARTESIAN_POINT('',(-3.608172364792,7.629169422383,
    26.859350836976));
#479 = CARTESIAN_POINT('',(-3.297306300137,7.135946833073,
    26.898971475125));
#480 = CARTESIAN_POINT('',(-3.151820527397,6.936710605929,
    26.916780853751));
#481 = CARTESIAN_POINT('',(-2.989292919376,6.744050218526,26.93569173343
    ));
#482 = CARTESIAN_POINT('',(-2.809207397024,6.559447826085,
    26.955354177773));
#483 = CARTESIAN_POINT('',(-2.611089113106,6.384689770643,
    26.975319403964));
#484 = CARTESIAN_POINT('',(-2.39457294443,6.22192956483,26.995029973348)
  );
#485 = CARTESIAN_POINT('',(-1.906052259713,5.914026994971,
    27.034082188665));
#486 = CARTESIAN_POINT('',(-1.62840701258,5.769590281588,27.053485600605
    ));
#487 = CARTESIAN_POINT('',(-1.329156314565,5.646623898111,
    27.070873327167));
#488 = CARTESIAN_POINT('',(-1.011957074462,5.550095204278,
    27.085041355011));
#489 = CARTESIAN_POINT('',(-0.681295026318,5.483735120064,
    27.094958353245));
#490 = CARTESIAN_POINT('',(-0.342212437053,5.45,27.1));
#491 = CARTESIAN_POINT('',(0.,5.45,27.1));
#492 = PCURVE('',#216,#493);
#493 = DEFINITIONAL_REPRESENTATION('',(#494),#533);
#494 = B_SPLINE_CURVE_WITH_KNOTS('',7,(#495,#496,#497,#498,#499,#500,
    #501,#502,#503,#504,#505,#506,#507,#508,#509,#510,#511,#512,#513,
    #514,#515,#516,#517,#518,#519,#520,#521,#522,#523,#524,#525,#526,
    #527,#528,#529,#530,#531,#532),.UNSPECIFIED.,.F.,.F.,(8,6,6,6,6,6,8)
  ,(0.,0.154505228304,0.297812239316,0.500012281026,0.70221246131,
    0.845519308066,1.),.UNSPECIFIED.);
#495 = CARTESIAN_POINT('',(6.28318530718,8.55));
#496 = CARTESIAN_POINT('',(6.270554879728,8.55));
#497 = CARTESIAN_POINT('',(6.258042302369,8.516250656007));
#498 = CARTESIAN_POINT('',(6.245838661206,8.449885047023));
#499 = CARTESIAN_POINT('',(6.234125995114,8.35336715876));
#500 = CARTESIAN_POINT('',(6.223067500304,8.230421914511));
#501 = CARTESIAN_POINT('',(6.212798012482,8.085998165317));
#502 = CARTESIAN_POINT('',(6.194712436144,7.778070459665));
#503 = CARTESIAN_POINT('',(6.186690355658,7.61531020828));
#504 = CARTESIAN_POINT('',(6.179343182286,7.440552146407));
#505 = CARTESIAN_POINT('',(6.172658807852,7.255949800637));
#506 = CARTESIAN_POINT('',(6.166621197601,7.063289431434));
#507 = CARTESIAN_POINT('',(6.161212710682,6.864053133384));
#508 = CARTESIAN_POINT('',(6.149648859032,6.370831153605));
#509 = CARTESIAN_POINT('',(6.144092173053,6.071224732727));
#510 = CARTESIAN_POINT('',(6.139699429231,5.763920235013));
#511 = CARTESIAN_POINT('',(6.136432067836,5.451349536479));
#512 = CARTESIAN_POINT('',(6.13426254334,5.135425757114));
#513 = CARTESIAN_POINT('',(6.13317685022,4.817790869027));
#514 = CARTESIAN_POINT('',(6.13317685022,4.182208913183));
#515 = CARTESIAN_POINT('',(6.134262544817,3.864573580062));
#516 = CARTESIAN_POINT('',(6.13643207515,3.548649601376));
#517 = CARTESIAN_POINT('',(6.139699439599,3.236079238058));
#518 = CARTESIAN_POINT('',(6.144092175118,2.928775427735));
#519 = CARTESIAN_POINT('',(6.149648845528,2.629169422383));
#520 = CARTESIAN_POINT('',(6.161212711469,2.135946833073));
#521 = CARTESIAN_POINT('',(6.166621197018,1.936710605929));
#522 = CARTESIAN_POINT('',(6.172658806721,1.744050218526));
#523 = CARTESIAN_POINT('',(6.17934318293,1.559447826085));
#524 = CARTESIAN_POINT('',(6.186690357291,1.384689770643));
#525 = CARTESIAN_POINT('',(6.194712434706,1.22192956483));
#526 = CARTESIAN_POINT('',(6.212796534738,0.914026994971));
#527 = CARTESIAN_POINT('',(6.2230662206,0.769590281588));
#528 = CARTESIAN_POINT('',(6.234126049952,0.646623898111));
#529 = CARTESIAN_POINT('',(6.245840434308,0.550095204278));
#530 = CARTESIAN_POINT('',(6.258045268094,0.483735120064));
#531 = CARTESIAN_POINT('',(6.270557541975,0.45));
#532 = CARTESIAN_POINT('',(6.28318530718,0.45));
#533 = ( GEOMETRIC_REPRESENTATION_CONTEXT(2) 
PARAMETRIC_REPRESENTATION_CONTEXT() REPRESENTATION_CONTEXT('2D SPACE',''
  ) );
#534 = PCURVE('',#309,#535);
#535 = DEFINITIONAL_REPRESENTATION('',(#536),#575);
#536 = B_SPLINE_CURVE_WITH_KNOTS('',7,(#537,#538,#539,#540,#541,#542,
    #543,#544,#545,#546,#547,#548,#549,#550,#551,#552,#553,#554,#555,
    #556,#557,#558,#559,#560,#561,#562,#563,#564,#565,#566,#567,#568,
    #569,#570,#571,#572,#573,#574),.UNSPECIFIED.,.F.,.F.,(8,6,6,6,6,6,8)
  ,(0.,0.154505228304,0.297812239316,0.500012281026,0.70221246131,
    0.845519308066,1.),.UNSPECIFIED.);
#537 = CARTESIAN_POINT('',(1.570796326795,56.2));
#538 = CARTESIAN_POINT('',(1.655311038878,56.2));
#539 = CARTESIAN_POINT('',(1.739037129961,56.194956225976));
#540 = CARTESIAN_POINT('',(1.821660256106,56.185038403601));
#541 = CARTESIAN_POINT('',(1.902844257714,56.170872217176));
#542 = CARTESIAN_POINT('',(1.98219335578,56.153487491233));
#543 = CARTESIAN_POINT('',(2.059202530136,56.13408537982));
#544 = CARTESIAN_POINT('',(2.201796116352,56.095029976455));
#545 = CARTESIAN_POINT('',(2.2684515952,56.075319400733));
#546 = CARTESIAN_POINT('',(2.333370754792,56.055354175525));
#547 = CARTESIAN_POINT('',(2.396739887533,56.035691735885));
#548 = CARTESIAN_POINT('',(2.458728823943,56.016780856426));
#549 = CARTESIAN_POINT('',(2.519500508395,55.99897147243));
#550 = CARTESIAN_POINT('',(2.663454596963,55.959350883245));
#551 = CARTESIAN_POINT('',(2.745680765187,55.93887582225));
#552 = CARTESIAN_POINT('',(2.826359757023,55.92187971477));
#553 = CARTESIAN_POINT('',(2.905903381652,55.908845313388));
#554 = CARTESIAN_POINT('',(2.984697013741,55.900059130017));
#555 = CARTESIAN_POINT('',(3.063125772349,55.89566196234));
#556 = CARTESIAN_POINT('',(3.220059588606,55.89566196234));
#557 = CARTESIAN_POINT('',(3.298488457765,55.900059135061));
#558 = CARTESIAN_POINT('',(3.377282138565,55.908845345268));
#559 = CARTESIAN_POINT('',(3.456825692898,55.921879754327));
#560 = CARTESIAN_POINT('',(3.537504515196,55.938875824666));
#561 = CARTESIAN_POINT('',(3.619730542107,55.959350836976));
#562 = CARTESIAN_POINT('',(3.763684808574,55.998971475125));
#563 = CARTESIAN_POINT('',(3.824456473821,56.016780853751));
#564 = CARTESIAN_POINT('',(3.886445410764,56.03569173343));
#565 = CARTESIAN_POINT('',(3.949814560362,56.055354177773));
#566 = CARTESIAN_POINT('',(4.014733723616,56.075319403964));
#567 = CARTESIAN_POINT('',(4.081389179484,56.095029973348));
#568 = CARTESIAN_POINT('',(4.223971125947,56.134082188665));
#569 = CARTESIAN_POINT('',(4.300983111433,56.153485600605));
#570 = CARTESIAN_POINT('',(4.38034220531,56.170873327167));
#571 = CARTESIAN_POINT('',(4.461537525354,56.185041355011));
#572 = CARTESIAN_POINT('',(4.544168020522,56.194958353245));
#573 = CARTESIAN_POINT('',(4.627892082347,56.2));
#574 = CARTESIAN_POINT('',(4.712388980385,56.2));
#575 = ( GEOMETRIC_REPRESENTATION_CONTEXT(2) 
PARAMETRIC_REPRESENTATION_CONTEXT() REPRESENTATION_CONTEXT('2D SPACE',''
  ) );
#576 = FACE_BOUND('',#577,.T.);
#577 = EDGE_LOOP('',(#578));
#578 = ORIENTED_EDGE('',*,*,#579,.T.);
#579 = EDGE_CURVE('',#580,#580,#582,.T.);
#580 = VERTEX_POINT('',#581);
#581 = CARTESIAN_POINT('',(4.05,9.5,-26.79566196234));
#582 = SURFACE_CURVE('',#583,(#670,#760),.PCURVE_S1.);
#583 = B_SPLINE_CURVE_WITH_KNOTS('',8,(#584,#585,#586,#587,#588,#589,
    #590,#591,#592,#593,#594,#595,#596,#597,#598,#599,#600,#601,#602,
    #603,#604,#605,#606,#607,#608,#609,#610,#611,#612,#613,#614,#615,
    #616,#617,#618,#619,#620,#621,#622,#623,#624,#625,#626,#627,#628,
    #629,#630,#631,#632,#633,#634,#635,#636,#637,#638,#639,#640,#641,
    #642,#643,#644,#645,#646,#647,#648,#649,#650,#651,#652,#653,#654,
    #655,#656,#657,#658,#659,#660,#661,#662,#663,#664,#665,#666,#667,
    #668,#669),.UNSPECIFIED.,.T.,.F.,(9,7,7,7,7,7,7,7,7,7,7,7,9),(0.,
    0.132702235949,0.20225091112,0.24877572115,0.326085218608,
    0.39779148525,0.498965949803,0.600140483693,0.671846656388,
    0.718547559251,0.780413752692,0.827114171601,1.),.UNSPECIFIED.);
#584 = CARTESIAN_POINT('',(4.05,9.5,-26.79566196234));
#585 = CARTESIAN_POINT('',(4.049999963269,9.867310286552,-26.79566196789
    ));
#586 = CARTESIAN_POINT('',(4.011928191961,10.23415186853,-26.80141618448
    ));
#587 = CARTESIAN_POINT('',(3.935955139621,10.598467622936,
    -26.81289941414));
#588 = CARTESIAN_POINT('',(3.821438019074,10.958058140804,
    -26.82989763852));
#589 = CARTESIAN_POINT('',(3.667098736524,11.310188700688,
    -26.85199258484));
#590 = CARTESIAN_POINT('',(3.471146798949,11.65129366017,-26.87846938138
    ));
#591 = CARTESIAN_POINT('',(3.231450944843,11.976573359732,
    -26.90818203447));
#592 = CARTESIAN_POINT('',(2.796187956218,12.437925174614,
    -26.95577866603));
#593 = CARTESIAN_POINT('',(2.633517447227,12.590783784329,
    -26.97260520015));
#594 = CARTESIAN_POINT('',(2.457721512266,12.736516313319,
    -26.98961518985));
#595 = CARTESIAN_POINT('',(2.268769015888,12.87371168633,-27.00648373766
    ));
#596 = CARTESIAN_POINT('',(2.066743750093,13.000875979688,
    -27.02283833109));
#597 = CARTESIAN_POINT('',(1.851862269642,13.116421179828,
    -27.03826622872));
#598 = CARTESIAN_POINT('',(1.624493708939,13.218652622721,
    -27.05232782038));
#599 = CARTESIAN_POINT('',(1.225092962138,13.3640226061,-27.07276939532)
  );
#600 = CARTESIAN_POINT('',(1.059673980312,13.415514577259,
    -27.08015057066));
#601 = CARTESIAN_POINT('',(0.889657435133,13.45948214544,-27.08655696173
    ));
#602 = CARTESIAN_POINT('',(0.715840509145,13.495314920288,-27.0918444775
    ));
#603 = CARTESIAN_POINT('',(0.539071171588,13.522541919651,
    -27.09589644911));
#604 = CARTESIAN_POINT('',(0.360234415816,13.540832885583,
    -27.09863002873));
#605 = CARTESIAN_POINT('',(0.180238329841,13.55,-27.1));
#606 = CARTESIAN_POINT('',(-0.299499013402,13.55,-27.1));
#607 = CARTESIAN_POINT('',(-0.596602689012,13.524687991677,
    -27.09621716944));
#608 = CARTESIAN_POINT('',(-0.888018943051,13.47477215152,
    -27.08875758713));
#609 = CARTESIAN_POINT('',(-1.170581403447,13.401626101993,
    -27.07795531027));
#610 = CARTESIAN_POINT('',(-1.441363221032,13.307262691063,
    -27.0643529448));
#611 = CARTESIAN_POINT('',(-1.697782362813,13.194315979494,
    -27.04863696367));
#612 = CARTESIAN_POINT('',(-1.937695543676,13.066029021579,
    -27.03155263285));
#613 = CARTESIAN_POINT('',(-2.365186036475,12.796592280329,
    -26.99737915505));
#614 = CARTESIAN_POINT('',(-2.556960094332,12.656000271126,
    -26.98024704466));
#615 = CARTESIAN_POINT('',(-2.734913067916,12.506086419609,
    -26.96284113497));
#616 = CARTESIAN_POINT('',(-2.899250151563,12.348250973522,
    -26.9455229557));
#617 = CARTESIAN_POINT('',(-3.050240747431,12.183702162186,
    -26.92860015608));
#618 = CARTESIAN_POINT('',(-3.188191964166,12.013480356921,
    -26.91232851042));
#619 = CARTESIAN_POINT('',(-3.31342365924,11.838481235817,
    -26.89691727839));
#620 = CARTESIAN_POINT('',(-3.585431129663,11.40691200351,
    -26.86224926285));
#621 = CARTESIAN_POINT('',(-3.720068004655,11.146126337947,
    -26.84399458749));
#622 = CARTESIAN_POINT('',(-3.831008271915,10.879159421656,
    -26.82825325507));
#623 = CARTESIAN_POINT('',(-3.918983676985,10.607634885746,
    -26.81536251407));
#624 = CARTESIAN_POINT('',(-3.984574403229,10.332878119217,
    -26.80555049462));
#625 = CARTESIAN_POINT('',(-4.028181153611,10.056017035092,
    -26.79895983809));
#626 = CARTESIAN_POINT('',(-4.05,9.778067010399,-26.79566196234));
#627 = CARTESIAN_POINT('',(-4.05,9.221932799035,-26.79566196234));
#628 = CARTESIAN_POINT('',(-4.028181123861,8.943982413342,
    -26.79895984188));
#629 = CARTESIAN_POINT('',(-3.984574266045,8.667121093383,
    -26.80555051644));
#630 = CARTESIAN_POINT('',(-3.918983440045,8.392364419717,
    -26.81536254979));
#631 = CARTESIAN_POINT('',(-3.831008076998,8.120840309187,-26.8282532807
    ));
#632 = CARTESIAN_POINT('',(-3.720068053308,7.853873926397,
    -26.84399457774));
#633 = CARTESIAN_POINT('',(-3.585431447315,7.593088500479,
    -26.86224922237));
#634 = CARTESIAN_POINT('',(-3.31342365924,7.161518764183,-26.89691727839
    ));
#635 = CARTESIAN_POINT('',(-3.188191964166,6.986519643079,
    -26.91232851042));
#636 = CARTESIAN_POINT('',(-3.050240747431,6.816297837814,
    -26.92860015608));
#637 = CARTESIAN_POINT('',(-2.899250151563,6.651749026478,-26.9455229557
    ));
#638 = CARTESIAN_POINT('',(-2.734913067916,6.493913580391,
    -26.96284113497));
#639 = CARTESIAN_POINT('',(-2.556960094332,6.343999728874,
    -26.98024704466));
#640 = CARTESIAN_POINT('',(-2.365186036475,6.203407719671,
    -26.99737915505));
#641 = CARTESIAN_POINT('',(-2.025504086018,5.98931454255,-27.02453324102
    ));
#642 = CARTESIAN_POINT('',(-1.885490833248,5.909433042597,
    -27.03496162004));
#643 = CARTESIAN_POINT('',(-1.739654654911,5.834742078055,
    -27.04497199714));
#644 = CARTESIAN_POINT('',(-1.588260775888,5.765843814463,
    -27.05442331827));
#645 = CARTESIAN_POINT('',(-1.431620949282,5.703310578246,
    -27.06317432649));
#646 = CARTESIAN_POINT('',(-1.270091220142,5.647684454941,
    -27.07108786792));
#647 = CARTESIAN_POINT('',(-1.104069689184,5.599476887426,
    -27.07803519767));
#648 = CARTESIAN_POINT('',(-0.70868988761,5.505770153059,-27.09166995736
    ));
#649 = CARTESIAN_POINT('',(-0.476434477277,5.46627266432,-27.09753476258
    ));
#650 = CARTESIAN_POINT('',(-0.239425457232,5.442033145943,
    -27.10118995785));
#651 = CARTESIAN_POINT('',(-3.480459901867E-06,5.433863084872,
    -27.10243213316));
#652 = CARTESIAN_POINT('',(0.23941910376,5.442032598918,-27.10119004077)
  );
#653 = CARTESIAN_POINT('',(0.476429804395,5.466271880142,-27.09753488));
#654 = CARTESIAN_POINT('',(0.708687552812,5.505769599702,-27.09167003787
    ));
#655 = CARTESIAN_POINT('',(1.104069689171,5.599476887423,-27.07803519767
    ));
#656 = CARTESIAN_POINT('',(1.270091220138,5.647684454938,-27.07108786792
    ));
#657 = CARTESIAN_POINT('',(1.431620949288,5.703310578248,-27.06317432649
    ));
#658 = CARTESIAN_POINT('',(1.588260775899,5.765843814468,-27.05442331827
    ));
#659 = CARTESIAN_POINT('',(1.739654654918,5.834742078059,-27.04497199714
    ));
#660 = CARTESIAN_POINT('',(1.885490833244,5.909433042596,-27.03496162004
    ));
#661 = CARTESIAN_POINT('',(2.025504086007,5.989314542543,-27.02453324102
    ));
#662 = CARTESIAN_POINT('',(2.655451725536,6.386355042885,-26.97417539205
    ));
#663 = CARTESIAN_POINT('',(3.069944776943,6.76224500472,-26.93056704097)
  );
#664 = CARTESIAN_POINT('',(3.405393496017,7.178897783015,-26.88876778005
    ));
#665 = CARTESIAN_POINT('',(3.666801040133,7.621795518033,-26.85271275308
    ));
#666 = CARTESIAN_POINT('',(3.859078042774,8.081019377253,-26.82451670323
    ));
#667 = CARTESIAN_POINT('',(3.986107389319,8.54993262472,-26.80531932093)
  );
#668 = CARTESIAN_POINT('',(4.049999952417,9.024166525774,-26.79566196953
    ));
#669 = CARTESIAN_POINT('',(4.05,9.5,-26.79566196234));
#670 = PCURVE('',#216,#671);
#671 = DEFINITIONAL_REPRESENTATION('',(#672),#759);
#672 = B_SPLINE_CURVE_WITH_KNOTS('',8,(#673,#674,#675,#676,#677,#678,
    #679,#680,#681,#682,#683,#684,#685,#686,#687,#688,#689,#690,#691,
    #692,#693,#694,#695,#696,#697,#698,#699,#700,#701,#702,#703,#704,
    #705,#706,#707,#708,#709,#710,#711,#712,#713,#714,#715,#716,#717,
    #718,#719,#720,#721,#722,#723,#724,#725,#726,#727,#728,#729,#730,
    #731,#732,#733,#734,#735,#736,#737,#738,#739,#740,#741,#742,#743,
    #744,#745,#746,#747,#748,#749,#750,#751,#752,#753,#754,#755,#756,
    #757,#758),.UNSPECIFIED.,.T.,.F.,(9,7,7,7,7,7,7,7,7,7,7,7,9),(0.,
    0.132702235949,0.20225091112,0.24877572115,0.326085218608,
    0.39779148525,0.498965949803,0.600140483693,0.671846656388,
    0.718547559251,0.780413752692,0.827114171601,1.),.UNSPECIFIED.);
#673 = CARTESIAN_POINT('',(2.991584196631,4.5));
#674 = CARTESIAN_POINT('',(2.991584198001,4.867310286552));
#675 = CARTESIAN_POINT('',(2.993005014966,5.23415186853));
#676 = CARTESIAN_POINT('',(2.995840295574,5.598467622936));
#677 = CARTESIAN_POINT('',(3.000112294155,5.958058140804));
#678 = CARTESIAN_POINT('',(3.005865369623,6.310188700688));
#679 = CARTESIAN_POINT('',(3.013161236934,6.65129366017));
#680 = CARTESIAN_POINT('',(3.02207287382,6.976573359732));
#681 = CARTESIAN_POINT('',(3.038229982126,7.437925174614));
#682 = CARTESIAN_POINT('',(3.044264507249,7.590783784329));
#683 = CARTESIAN_POINT('',(3.050781496625,7.736516313319));
#684 = CARTESIAN_POINT('',(3.057781231277,7.87371168633));
#685 = CARTESIAN_POINT('',(3.065259861162,8.000875979688));
#686 = CARTESIAN_POINT('',(3.073208857765,8.116421179828));
#687 = CARTESIAN_POINT('',(3.081614395112,8.218652622721));
#688 = CARTESIAN_POINT('',(3.096371720236,8.3640226061));
#689 = CARTESIAN_POINT('',(3.102481684858,8.415514577259));
#690 = CARTESIAN_POINT('',(3.108759555145,8.45948214544));
#691 = CARTESIAN_POINT('',(3.115176086418,8.495314920288));
#692 = CARTESIAN_POINT('',(3.121700280689,8.522541919651));
#693 = CARTESIAN_POINT('',(3.128299870436,8.540832885583));
#694 = CARTESIAN_POINT('',(3.13494179271,8.55));
#695 = CARTESIAN_POINT('',(3.152644277701,8.55));
#696 = CARTESIAN_POINT('',(3.163607513908,8.524687991677));
#697 = CARTESIAN_POINT('',(3.174362934146,8.47477215152));
#698 = CARTESIAN_POINT('',(3.184795632728,8.401626101993));
#699 = CARTESIAN_POINT('',(3.194798901187,8.307262691063));
#700 = CARTESIAN_POINT('',(3.204277832314,8.194315979494));
#701 = CARTESIAN_POINT('',(3.213152799794,8.066029021579));
#702 = CARTESIAN_POINT('',(3.228977679019,7.796592280329));
#703 = CARTESIAN_POINT('',(3.23608208499,7.656000271126));
#704 = CARTESIAN_POINT('',(3.242679588468,7.506086419609));
#705 = CARTESIAN_POINT('',(3.2487769657,7.348250973522));
#706 = CARTESIAN_POINT('',(3.254383256761,7.183702162186));
#707 = CARTESIAN_POINT('',(3.259508884898,7.013480356921));
#708 = CARTESIAN_POINT('',(3.264164796827,6.838481235817));
#709 = CARTESIAN_POINT('',(3.274283167021,6.40691200351));
#710 = CARTESIAN_POINT('',(3.279296616222,6.146126337947));
#711 = CARTESIAN_POINT('',(3.283431252605,5.879159421656));
#712 = CARTESIAN_POINT('',(3.286712212236,5.607634885746));
#713 = CARTESIAN_POINT('',(3.289159464619,5.332878119217));
#714 = CARTESIAN_POINT('',(3.290786840709,5.056017035092));
#715 = CARTESIAN_POINT('',(3.291601110549,4.778067010399));
#716 = CARTESIAN_POINT('',(3.291601110549,4.221932799035));
#717 = CARTESIAN_POINT('',(3.290786839602,3.943982413342));
#718 = CARTESIAN_POINT('',(3.289159459494,3.667121093383));
#719 = CARTESIAN_POINT('',(3.286712203395,3.392364419717));
#720 = CARTESIAN_POINT('',(3.28343124535,3.120840309187));
#721 = CARTESIAN_POINT('',(3.279296618049,2.853873926397));
#722 = CARTESIAN_POINT('',(3.274283178837,2.593088500479));
#723 = CARTESIAN_POINT('',(3.264164796827,2.161518764183));
#724 = CARTESIAN_POINT('',(3.259508884898,1.986519643079));
#725 = CARTESIAN_POINT('',(3.254383256761,1.816297837814));
#726 = CARTESIAN_POINT('',(3.2487769657,1.651749026478));
#727 = CARTESIAN_POINT('',(3.242679588468,1.493913580391));
#728 = CARTESIAN_POINT('',(3.23608208499,1.343999728874));
#729 = CARTESIAN_POINT('',(3.228977679019,1.203407719671));
#730 = CARTESIAN_POINT('',(3.216403303842,0.98931454255));
#731 = CARTESIAN_POINT('',(3.211222526597,0.909433042597));
#732 = CARTESIAN_POINT('',(3.205828612048,0.834742078055));
#733 = CARTESIAN_POINT('',(3.20023147062,0.765843814463));
#734 = CARTESIAN_POINT('',(3.194442648881,0.703310578246));
#735 = CARTESIAN_POINT('',(3.188475239257,0.647684454941));
#736 = CARTESIAN_POINT('',(3.182343789751,0.599476887426));
#737 = CARTESIAN_POINT('',(3.16774545652,0.505770153059));
#738 = CARTESIAN_POINT('',(3.159172775122,0.46627266432));
#739 = CARTESIAN_POINT('',(3.150426734748,0.442033145943));
#740 = CARTESIAN_POINT('',(3.14159278198,0.433863084872));
#741 = CARTESIAN_POINT('',(3.132758806825,0.442032598918));
#742 = CARTESIAN_POINT('',(3.1240127045,0.466271880142));
#743 = CARTESIAN_POINT('',(3.115439936866,0.505769599702));
#744 = CARTESIAN_POINT('',(3.100841517429,0.599476887423));
#745 = CARTESIAN_POINT('',(3.094710067922,0.647684454938));
#746 = CARTESIAN_POINT('',(3.088742658298,0.703310578248));
#747 = CARTESIAN_POINT('',(3.082953836559,0.765843814468));
#748 = CARTESIAN_POINT('',(3.077356695132,0.834742078059));
#749 = CARTESIAN_POINT('',(3.071962780582,0.909433042596));
#750 = CARTESIAN_POINT('',(3.066782003338,0.989314542543));
#751 = CARTESIAN_POINT('',(3.043462548328,1.386355042885));
#752 = CARTESIAN_POINT('',(3.028088016565,1.76224500472));
#753 = CARTESIAN_POINT('',(3.015616827972,2.178897783015));
#754 = CARTESIAN_POINT('',(3.005880145546,2.621795518033));
#755 = CARTESIAN_POINT('',(2.998709313418,3.081019377253));
#756 = CARTESIAN_POINT('',(2.993968633087,3.54993262472));
#757 = CARTESIAN_POINT('',(2.991584198406,4.024166525774));
#758 = CARTESIAN_POINT('',(2.991584196631,4.5));
#759 = ( GEOMETRIC_REPRESENTATION_CONTEXT(2) 
PARAMETRIC_REPRESENTATION_CONTEXT() REPRESENTATION_CONTEXT('2D SPACE',''
  ) );
#760 = PCURVE('',#309,#761);
#761 = DEFINITIONAL_REPRESENTATION('',(#762),#849);
#762 = B_SPLINE_CURVE_WITH_KNOTS('',8,(#763,#764,#765,#766,#767,#768,
    #769,#770,#771,#772,#773,#774,#775,#776,#777,#778,#779,#780,#781,
    #782,#783,#784,#785,#786,#787,#788,#789,#790,#791,#792,#793,#794,
    #795,#796,#797,#798,#799,#800,#801,#802,#803,#804,#805,#806,#807,
    #808,#809,#810,#811,#812,#813,#814,#815,#816,#817,#818,#819,#820,
    #821,#822,#823,#824,#825,#826,#827,#828,#829,#830,#831,#832,#833,
    #834,#835,#836,#837,#838,#839,#840,#841,#842,#843,#844,#845,#846,
    #847,#848),.UNSPECIFIED.,.F.,.F.,(9,7,7,7,7,7,7,7,7,7,7,7,9),(0.,
    0.132702235949,0.20225091112,0.24877572115,0.326085218608,
    0.39779148525,0.498965949803,0.600140483693,0.671846656388,
    0.718547559251,0.780413752692,0.827114171601,1.),.UNSPECIFIED.);
#763 = CARTESIAN_POINT('',(0.,2.30433803766));
#764 = CARTESIAN_POINT('',(9.069389791406E-02,2.304338032108));
#765 = CARTESIAN_POINT('',(0.181271907008,2.298583815512));
#766 = CARTESIAN_POINT('',(0.27236375479,2.287100585858));
#767 = CARTESIAN_POINT('',(0.364548814942,2.270102361475));
#768 = CARTESIAN_POINT('',(0.458402055178,2.24800741516));
#769 = CARTESIAN_POINT('',(0.554518681807,2.221530618613));
#770 = CARTESIAN_POINT('',(0.653553291718,2.191817965526));
#771 = CARTESIAN_POINT('',(0.810163349954,2.144221333969));
#772 = CARTESIAN_POINT('',(0.865179870465,2.12739479985));
#773 = CARTESIAN_POINT('',(0.921378313462,2.110384810141));
#774 = CARTESIAN_POINT('',(0.978792164298,2.09351626234));
#775 = CARTESIAN_POINT('',(1.037466850288,2.077161668906));
#776 = CARTESIAN_POINT('',(1.097460677019,2.06173377128));
#777 = CARTESIAN_POINT('',(1.158848834964,2.047672179618));
#778 = CARTESIAN_POINT('',(1.263795352755,2.02723060468));
#779 = CARTESIAN_POINT('',(1.30652480273,2.01984942934));
#780 = CARTESIAN_POINT('',(1.349798992115,2.013443038263));
#781 = CARTESIAN_POINT('',(1.39350986699,2.008155522495));
#782 = CARTESIAN_POINT('',(1.437558017633,2.004103550886));
#783 = CARTESIAN_POINT('',(1.4818495601,2.001369971262));
#784 = CARTESIAN_POINT('',(1.526293035476,2.));
#785 = CARTESIAN_POINT('',(1.644746700474,2.));
#786 = CARTESIAN_POINT('',(1.718105606196,2.003782830557));
#787 = CARTESIAN_POINT('',(1.790676583846,2.011242412866));
#788 = CARTESIAN_POINT('',(1.862252257763,2.022044689728));
#789 = CARTESIAN_POINT('',(1.932600169413,2.035647055192));
#790 = CARTESIAN_POINT('',(2.0014456485,2.051363036328));
#791 = CARTESIAN_POINT('',(2.068449739033,2.06844736715));
#792 = CARTESIAN_POINT('',(2.193219126418,2.102620844943));
#793 = CARTESIAN_POINT('',(2.251787725488,2.119752955336));
#794 = CARTESIAN_POINT('',(2.309026069945,2.137158865022));
#795 = CARTESIAN_POINT('',(2.365055321162,2.154477044295));
#796 = CARTESIAN_POINT('',(2.419985738687,2.171399843912));
#797 = CARTESIAN_POINT('',(2.473921745056,2.187671489573));
#798 = CARTESIAN_POINT('',(2.526964042784,2.203082721604));
#799 = CARTESIAN_POINT('',(2.65292387028,2.237750737141));
#800 = CARTESIAN_POINT('',(2.725124223131,2.256005412502));
#801 = CARTESIAN_POINT('',(2.796105135084,2.271746744925));
#802 = CARTESIAN_POINT('',(2.866131569337,2.284637485921));
#803 = CARTESIAN_POINT('',(2.935450993685,2.294449505376));
#804 = CARTESIAN_POINT('',(3.004304203393,2.301040161902));
#805 = CARTESIAN_POINT('',(3.072934132504,2.30433803766));
#806 = CARTESIAN_POINT('',(3.210251221729,2.30433803766));
#807 = CARTESIAN_POINT('',(3.278881240475,2.301040158119));
#808 = CARTESIAN_POINT('',(3.347734508265,2.294449483559));
#809 = CARTESIAN_POINT('',(3.417053915731,2.284637450202));
#810 = CARTESIAN_POINT('',(3.48708025126,2.271746719296));
#811 = CARTESIAN_POINT('',(3.558061021924,2.256005422257));
#812 = CARTESIAN_POINT('',(3.630261289803,2.237750777626));
#813 = CARTESIAN_POINT('',(3.756221264396,2.203082721604));
#814 = CARTESIAN_POINT('',(3.809263562123,2.187671489573));
#815 = CARTESIAN_POINT('',(3.863199568493,2.171399843912));
#816 = CARTESIAN_POINT('',(3.918129986017,2.154477044295));
#817 = CARTESIAN_POINT('',(3.974159237235,2.137158865022));
#818 = CARTESIAN_POINT('',(4.031397581692,2.119752955336));
#819 = CARTESIAN_POINT('',(4.089966180761,2.102620844943));
#820 = CARTESIAN_POINT('',(4.189107353673,2.075466758978));
#821 = CARTESIAN_POINT('',(4.228870878698,2.065038379952));
#822 = CARTESIAN_POINT('',(4.269258578326,2.055028002853));
#823 = CARTESIAN_POINT('',(4.31023970486,2.045576681724));
#824 = CARTESIAN_POINT('',(4.35178937549,2.036825673503));
#825 = CARTESIAN_POINT('',(4.393888077831,2.028912132073));
#826 = CARTESIAN_POINT('',(4.436521175461,2.021964802322));
#827 = CARTESIAN_POINT('',(4.536850199656,2.008330042638));
#828 = CARTESIAN_POINT('',(4.594900461017,2.002465237418));
#829 = CARTESIAN_POINT('',(4.653508857153,1.998810042142));
#830 = CARTESIAN_POINT('',(4.712388126278,1.997567866839));
#831 = CARTESIAN_POINT('',(4.771267536789,1.998809959227));
#832 = CARTESIAN_POINT('',(4.829876332088,2.002465119996));
#833 = CARTESIAN_POINT('',(4.88792716865,2.008329962122));
#834 = CARTESIAN_POINT('',(4.988256785306,2.021964802322));
#835 = CARTESIAN_POINT('',(5.030889882937,2.028912132072));
#836 = CARTESIAN_POINT('',(5.072988585281,2.036825673503));
#837 = CARTESIAN_POINT('',(5.114538255912,2.045576681725));
#838 = CARTESIAN_POINT('',(5.155519382445,2.055028002854));
#839 = CARTESIAN_POINT('',(5.19590708207,2.065038379952));
#840 = CARTESIAN_POINT('',(5.235670607094,2.075466758977));
#841 = CARTESIAN_POINT('',(5.41953009027,2.125824607942));
#842 = CARTESIAN_POINT('',(5.555600232942,2.169432959026));
#843 = CARTESIAN_POINT('',(5.685143515437,2.211232219944));
#844 = CARTESIAN_POINT('',(5.809608827807,2.247287246915));
#845 = CARTESIAN_POINT('',(5.930351203994,2.275483296762));
#846 = CARTESIAN_POINT('',(6.04860017198,2.294680679067));
#847 = CARTESIAN_POINT('',(6.165695560457,2.304338030468));
#848 = CARTESIAN_POINT('',(6.28318530718,2.30433803766));
#849 = ( GEOMETRIC_REPRESENTATION_CONTEXT(2) 
PARAMETRIC_REPRESENTATION_CONTEXT() REPRESENTATION_CONTEXT('2D SPACE',''
  ) );
#850 = ADVANCED_FACE('',(#851),#309,.F.);
#851 = FACE_BOUND('',#852,.F.);
#852 = EDGE_LOOP('',(#853,#854,#875,#876,#877,#878));
#853 = ORIENTED_EDGE('',*,*,#259,.F.);
#854 = ORIENTED_EDGE('',*,*,#855,.F.);
#855 = EDGE_CURVE('',#580,#260,#856,.T.);
#856 = SEAM_CURVE('',#857,(#861,#868),.PCURVE_S1.);
#857 = LINE('',#858,#859);
#858 = CARTESIAN_POINT('',(4.05,9.5,-29.1));
#859 = VECTOR('',#860,1.);
#860 = DIRECTION('',(0.,0.,1.));
#861 = PCURVE('',#309,#862);
#862 = DEFINITIONAL_REPRESENTATION('',(#863),#867);
#863 = LINE('',#864,#865);
#864 = CARTESIAN_POINT('',(6.28318530718,-0.));
#865 = VECTOR('',#866,1.);
#866 = DIRECTION('',(0.,1.));
#867 = ( GEOMETRIC_REPRESENTATION_CONTEXT(2) 
PARAMETRIC_REPRESENTATION_CONTEXT() REPRESENTATION_CONTEXT('2D SPACE',''
  ) );
#868 = PCURVE('',#309,#869);
#869 = DEFINITIONAL_REPRESENTATION('',(#870),#874);
#870 = LINE('',#871,#872);
#871 = CARTESIAN_POINT('',(0.,-0.));
#872 = VECTOR('',#873,1.);
#873 = DIRECTION('',(0.,1.));
#874 = ( GEOMETRIC_REPRESENTATION_CONTEXT(2) 
PARAMETRIC_REPRESENTATION_CONTEXT() REPRESENTATION_CONTEXT('2D SPACE',''
  ) );
#875 = ORIENTED_EDGE('',*,*,#579,.T.);
#876 = ORIENTED_EDGE('',*,*,#855,.T.);
#877 = ORIENTED_EDGE('',*,*,#338,.F.);
#878 = ORIENTED_EDGE('',*,*,#451,.F.);
#879 = ADVANCED_FACE('',(#880),#438,.F.);
#880 = FACE_BOUND('',#881,.T.);
#881 = EDGE_LOOP('',(#882));
#882 = ORIENTED_EDGE('',*,*,#423,.F.);
#883 = ADVANCED_FACE('',(#884,#887,#1091,#1295,#1471,#1647,#1851),#66,
  .T.);
#884 = FACE_BOUND('',#885,.T.);
#885 = EDGE_LOOP('',(#886));
#886 = ORIENTED_EDGE('',*,*,#51,.T.);
#887 = FACE_BOUND('',#888,.T.);
#888 = EDGE_LOOP('',(#889,#918,#952,#979,#1012,#1042,#1064));
#889 = ORIENTED_EDGE('',*,*,#890,.F.);
#890 = EDGE_CURVE('',#891,#893,#895,.T.);
#891 = VERTEX_POINT('',#892);
#892 = CARTESIAN_POINT('',(13.755186703492,50.,-16.66677933337));
#893 = VERTEX_POINT('',#894);
#894 = CARTESIAN_POINT('',(7.556260950229,50.,-20.24573078571));
#895 = SURFACE_CURVE('',#896,(#900,#906),.PCURVE_S1.);
#896 = LINE('',#897,#898);
#897 = CARTESIAN_POINT('',(10.65572382686,50.,-18.45625505954));
#898 = VECTOR('',#899,1.);
#899 = DIRECTION('',(-0.866025403784,0.,-0.5));
#900 = PCURVE('',#66,#901);
#901 = DEFINITIONAL_REPRESENTATION('',(#902),#905);
#902 = B_SPLINE_CURVE_WITH_KNOTS('',1,(#903,#904),.UNSPECIFIED.,.F.,.F.,
  (2,2),(-5.725151541942,7.833487424895),.PIECEWISE_BEZIER_KNOTS.);
#903 = CARTESIAN_POINT('',(-15.59367928857,15.613850502697));
#904 = CARTESIAN_POINT('',(-22.37299877199,3.871724716676));
#905 = ( GEOMETRIC_REPRESENTATION_CONTEXT(2) 
PARAMETRIC_REPRESENTATION_CONTEXT() REPRESENTATION_CONTEXT('2D SPACE',''
  ) );
#906 = PCURVE('',#907,#912);
#907 = PLANE('',#908);
#908 = AXIS2_PLACEMENT_3D('',#909,#910,#911);
#909 = CARTESIAN_POINT('',(9.742787609687,51.532088886238,
    -16.87500314733));
#910 = DIRECTION('',(0.321393804843,0.766044443119,-0.556670399226));
#911 = DIRECTION('',(-2.775557561563E-17,0.587858883153,0.808963493304)
  );
#912 = DEFINITIONAL_REPRESENTATION('',(#913),#917);
#913 = LINE('',#914,#915);
#914 = CARTESIAN_POINT('',(-2.179827132253,0.964085149423));
#915 = VECTOR('',#916,1.);
#916 = DIRECTION('',(-0.404481746652,-0.914546071352));
#917 = ( GEOMETRIC_REPRESENTATION_CONTEXT(2) 
PARAMETRIC_REPRESENTATION_CONTEXT() REPRESENTATION_CONTEXT('2D SPACE',''
  ) );
#918 = ORIENTED_EDGE('',*,*,#919,.F.);
#919 = EDGE_CURVE('',#920,#891,#922,.T.);
#920 = VERTEX_POINT('',#921);
#921 = CARTESIAN_POINT('',(11.678488431465,50.,-12.11729719033));
#922 = SURFACE_CURVE('',#923,(#928,#935),.PCURVE_S1.);
#923 = ELLIPSE('',#924,5.613251344129,4.3);
#924 = AXIS2_PLACEMENT_3D('',#925,#926,#927);
#925 = CARTESIAN_POINT('',(9.1,50.,-15.76166234887));
#926 = DIRECTION('',(0.,1.,0.));
#927 = DIRECTION('',(0.5,0.,-0.866025403784));
#928 = PCURVE('',#66,#929);
#929 = DEFINITIONAL_REPRESENTATION('',(#930),#934);
#930 = ELLIPSE('',#931,5.613251344129,4.3);
#931 = AXIS2_PLACEMENT_2D('',#932,#933);
#932 = CARTESIAN_POINT('',(-15.76166234887,9.1));
#933 = DIRECTION('',(-0.866025403784,0.5));
#934 = ( GEOMETRIC_REPRESENTATION_CONTEXT(2) 
PARAMETRIC_REPRESENTATION_CONTEXT() REPRESENTATION_CONTEXT('2D SPACE',''
  ) );
#935 = PCURVE('',#936,#941);
#936 = CYLINDRICAL_SURFACE('',#937,4.3);
#937 = AXIS2_PLACEMENT_3D('',#938,#939,#940);
#938 = CARTESIAN_POINT('',(8.714327434188,49.080746668257,-15.0936578698
    ));
#939 = DIRECTION('',(0.321393804843,0.766044443119,-0.556670399226));
#940 = DIRECTION('',(-2.775557561563E-17,0.587858883153,0.808963493304)
  );
#941 = DEFINITIONAL_REPRESENTATION('',(#942),#951);
#942 = B_SPLINE_CURVE_WITH_KNOTS('',7,(#943,#944,#945,#946,#947,#948,
    #949,#950),.UNSPECIFIED.,.F.,.F.,(8,8),(4.373348269842,
    5.299915686523),.PIECEWISE_BEZIER_KNOTS.);
#943 = CARTESIAN_POINT('',(0.815343534923,-5.999999999062E-07));
#944 = CARTESIAN_POINT('',(0.947710308734,0.450408137675));
#945 = CARTESIAN_POINT('',(1.080077082545,0.925346229001));
#946 = CARTESIAN_POINT('',(1.212443856357,1.411924115336));
#947 = CARTESIAN_POINT('',(1.344810630169,1.896199104437));
#948 = CARTESIAN_POINT('',(1.47717740398,2.364097953989));
#949 = CARTESIAN_POINT('',(1.609544177792,2.802490412254));
#950 = CARTESIAN_POINT('',(1.741910951603,3.2000006));
#951 = ( GEOMETRIC_REPRESENTATION_CONTEXT(2) 
PARAMETRIC_REPRESENTATION_CONTEXT() REPRESENTATION_CONTEXT('2D SPACE',''
  ) );
#952 = ORIENTED_EDGE('',*,*,#953,.F.);
#953 = EDGE_CURVE('',#954,#920,#956,.T.);
#954 = VERTEX_POINT('',#955);
#955 = CARTESIAN_POINT('',(12.134701443057,50.,-11.85390248528));
#956 = SURFACE_CURVE('',#957,(#961,#968),.PCURVE_S1.);
#957 = LINE('',#958,#959);
#958 = CARTESIAN_POINT('',(8.166565703884,50.,-14.14490672247));
#959 = VECTOR('',#960,1.);
#960 = DIRECTION('',(-0.866025403784,0.,-0.5));
#961 = PCURVE('',#66,#962);
#962 = DEFINITIONAL_REPRESENTATION('',(#963),#967);
#963 = LINE('',#964,#965);
#964 = CARTESIAN_POINT('',(-14.14490672247,8.166565703884));
#965 = VECTOR('',#966,1.);
#966 = DIRECTION('',(-0.5,-0.866025403784));
#967 = ( GEOMETRIC_REPRESENTATION_CONTEXT(2) 
PARAMETRIC_REPRESENTATION_CONTEXT() REPRESENTATION_CONTEXT('2D SPACE',''
  ) );
#968 = PCURVE('',#969,#974);
#969 = PLANE('',#970);
#970 = AXIS2_PLACEMENT_3D('',#971,#972,#973);
#971 = CARTESIAN_POINT('',(8.714327434188,49.080746668257,-15.0936578698
    ));
#972 = DIRECTION('',(0.321393804843,0.766044443119,-0.556670399226));
#973 = DIRECTION('',(-2.775557561563E-17,0.587858883153,0.808963493304)
  );
#974 = DEFINITIONAL_REPRESENTATION('',(#975),#978);
#975 = B_SPLINE_CURVE_WITH_KNOTS('',1,(#976,#977),.UNSPECIFIED.,.F.,.F.,
  (2,2),(-5.881006171403,4.616004641631),.PIECEWISE_BEZIER_KNOTS.);
#976 = CARTESIAN_POINT('',(3.686655927632,4.8));
#977 = CARTESIAN_POINT('',(-0.559193340649,-4.8));
#978 = ( GEOMETRIC_REPRESENTATION_CONTEXT(2) 
PARAMETRIC_REPRESENTATION_CONTEXT() REPRESENTATION_CONTEXT('2D SPACE',''
  ) );
#979 = ORIENTED_EDGE('',*,*,#980,.F.);
#980 = EDGE_CURVE('',#981,#954,#983,.T.);
#981 = VERTEX_POINT('',#982);
#982 = CARTESIAN_POINT('',(7.91614678711,50.,-9.828143667588));
#983 = SURFACE_CURVE('',#984,(#989,#996),.PCURVE_S1.);
#984 = ELLIPSE('',#985,6.265954988795,4.8);
#985 = AXIS2_PLACEMENT_3D('',#986,#987,#988);
#986 = CARTESIAN_POINT('',(9.1,50.,-15.76166234887));
#987 = DIRECTION('',(0.,1.,0.));
#988 = DIRECTION('',(0.5,0.,-0.866025403784));
#989 = PCURVE('',#66,#990);
#990 = DEFINITIONAL_REPRESENTATION('',(#991),#995);
#991 = ELLIPSE('',#992,6.265954988795,4.8);
#992 = AXIS2_PLACEMENT_2D('',#993,#994);
#993 = CARTESIAN_POINT('',(-15.76166234887,9.1));
#994 = DIRECTION('',(-0.866025403784,0.5));
#995 = ( GEOMETRIC_REPRESENTATION_CONTEXT(2) 
PARAMETRIC_REPRESENTATION_CONTEXT() REPRESENTATION_CONTEXT('2D SPACE',''
  ) );
#996 = PCURVE('',#997,#1002);
#997 = CYLINDRICAL_SURFACE('',#998,4.8);
#998 = AXIS2_PLACEMENT_3D('',#999,#1000,#1001);
#999 = CARTESIAN_POINT('',(6.689546463675,44.254666676608,
    -11.58663435467));
#1000 = DIRECTION('',(0.321393804843,0.766044443119,-0.556670399226));
#1001 = DIRECTION('',(-2.775557561563E-17,0.587858883153,0.808963493304)
  );
#1002 = DEFINITIONAL_REPRESENTATION('',(#1003),#1011);
#1003 = B_SPLINE_CURVE_WITH_KNOTS('',6,(#1004,#1005,#1006,#1007,#1008,
    #1009,#1010),.UNSPECIFIED.,.F.,.F.,(7,7),(3.55800473492,
    4.409856896154),.PIECEWISE_BEZIER_KNOTS.);
#1004 = CARTESIAN_POINT('',(-8.881784197001E-16,3.816502698403));
#1005 = CARTESIAN_POINT('',(0.141975360206,4.047797927354));
#1006 = CARTESIAN_POINT('',(0.283950720411,4.368189998041));
#1007 = CARTESIAN_POINT('',(0.425926080617,4.769294672268));
#1008 = CARTESIAN_POINT('',(0.567901440823,5.237304938852));
#1009 = CARTESIAN_POINT('',(0.709876801029,5.754139157379));
#1010 = CARTESIAN_POINT('',(0.851852161235,6.3000006));
#1011 = ( GEOMETRIC_REPRESENTATION_CONTEXT(2) 
PARAMETRIC_REPRESENTATION_CONTEXT() REPRESENTATION_CONTEXT('2D SPACE',''
  ) );
#1012 = ORIENTED_EDGE('',*,*,#1013,.F.);
#1013 = EDGE_CURVE('',#1014,#981,#1016,.T.);
#1014 = VERTEX_POINT('',#1015);
#1015 = CARTESIAN_POINT('',(4.198429964711,50.,-16.43591095966));
#1016 = SURFACE_CURVE('',#1017,(#1022,#1029),.PCURVE_S1.);
#1017 = ELLIPSE('',#1018,6.265954988795,4.8);
#1018 = AXIS2_PLACEMENT_3D('',#1019,#1020,#1021);
#1019 = CARTESIAN_POINT('',(9.1,50.,-15.76166234887));
#1020 = DIRECTION('',(0.,1.,0.));
#1021 = DIRECTION('',(0.5,0.,-0.866025403784));
#1022 = PCURVE('',#66,#1023);
#1023 = DEFINITIONAL_REPRESENTATION('',(#1024),#1028);
#1024 = ELLIPSE('',#1025,6.265954988795,4.8);
#1025 = AXIS2_PLACEMENT_2D('',#1026,#1027);
#1026 = CARTESIAN_POINT('',(-15.76166234887,9.1));
#1027 = DIRECTION('',(-0.866025403784,0.5));
#1028 = ( GEOMETRIC_REPRESENTATION_CONTEXT(2) 
PARAMETRIC_REPRESENTATION_CONTEXT() REPRESENTATION_CONTEXT('2D SPACE',''
  ) );
#1029 = PCURVE('',#997,#1030);
#1030 = DEFINITIONAL_REPRESENTATION('',(#1031),#1041);
#1031 = B_SPLINE_CURVE_WITH_KNOTS('',8,(#1032,#1033,#1034,#1035,#1036,
    #1037,#1038,#1039,#1040),.UNSPECIFIED.,.F.,.F.,(9,9),(1.873328411025
    ,3.55800473492),.PIECEWISE_BEZIER_KNOTS.);
#1032 = CARTESIAN_POINT('',(4.598508983285,6.3000006));
#1033 = CARTESIAN_POINT('',(4.809093523772,5.490353201344));
#1034 = CARTESIAN_POINT('',(5.019678064261,4.741522717128));
#1035 = CARTESIAN_POINT('',(5.230262604717,4.108222814362));
#1036 = CARTESIAN_POINT('',(5.44084714523,3.639402292021));
#1037 = CARTESIAN_POINT('',(5.651431685692,3.370530135617));
#1038 = CARTESIAN_POINT('',(5.86201622621,3.317050133376));
#1039 = CARTESIAN_POINT('',(6.072600766693,3.473434722137));
#1040 = CARTESIAN_POINT('',(6.28318530718,3.816502698403));
#1041 = ( GEOMETRIC_REPRESENTATION_CONTEXT(2) 
PARAMETRIC_REPRESENTATION_CONTEXT() REPRESENTATION_CONTEXT('2D SPACE',''
  ) );
#1042 = ORIENTED_EDGE('',*,*,#1043,.F.);
#1043 = EDGE_CURVE('',#1044,#1014,#1046,.T.);
#1044 = VERTEX_POINT('',#1045);
#1045 = CARTESIAN_POINT('',(4.654642976302,50.,-16.17251625461));
#1046 = SURFACE_CURVE('',#1047,(#1051,#1058),.PCURVE_S1.);
#1047 = LINE('',#1048,#1049);
#1048 = CARTESIAN_POINT('',(8.166565703884,50.,-14.14490672247));
#1049 = VECTOR('',#1050,1.);
#1050 = DIRECTION('',(-0.866025403784,0.,-0.5));
#1051 = PCURVE('',#66,#1052);
#1052 = DEFINITIONAL_REPRESENTATION('',(#1053),#1057);
#1053 = LINE('',#1054,#1055);
#1054 = CARTESIAN_POINT('',(-14.14490672247,8.166565703884));
#1055 = VECTOR('',#1056,1.);
#1056 = DIRECTION('',(-0.5,-0.866025403784));
#1057 = ( GEOMETRIC_REPRESENTATION_CONTEXT(2) 
PARAMETRIC_REPRESENTATION_CONTEXT() REPRESENTATION_CONTEXT('2D SPACE',''
  ) );
#1058 = PCURVE('',#969,#1059);
#1059 = DEFINITIONAL_REPRESENTATION('',(#1060),#1063);
#1060 = B_SPLINE_CURVE_WITH_KNOTS('',1,(#1061,#1062),.UNSPECIFIED.,.F.,
  .F.,(2,2),(-5.881006171403,4.616004641631),.PIECEWISE_BEZIER_KNOTS.);
#1061 = CARTESIAN_POINT('',(3.686655927632,4.8));
#1062 = CARTESIAN_POINT('',(-0.559193340649,-4.8));
#1063 = ( GEOMETRIC_REPRESENTATION_CONTEXT(2) 
PARAMETRIC_REPRESENTATION_CONTEXT() REPRESENTATION_CONTEXT('2D SPACE',''
  ) );
#1064 = ORIENTED_EDGE('',*,*,#1065,.F.);
#1065 = EDGE_CURVE('',#893,#1044,#1066,.T.);
#1066 = SURFACE_CURVE('',#1067,(#1072,#1079),.PCURVE_S1.);
#1067 = ELLIPSE('',#1068,5.613251344129,4.3);
#1068 = AXIS2_PLACEMENT_3D('',#1069,#1070,#1071);
#1069 = CARTESIAN_POINT('',(9.1,50.,-15.76166234887));
#1070 = DIRECTION('',(0.,1.,0.));
#1071 = DIRECTION('',(0.5,0.,-0.866025403784));
#1072 = PCURVE('',#66,#1073);
#1073 = DEFINITIONAL_REPRESENTATION('',(#1074),#1078);
#1074 = ELLIPSE('',#1075,5.613251344129,4.3);
#1075 = AXIS2_PLACEMENT_2D('',#1076,#1077);
#1076 = CARTESIAN_POINT('',(-15.76166234887,9.1));
#1077 = DIRECTION('',(-0.866025403784,0.5));
#1078 = ( GEOMETRIC_REPRESENTATION_CONTEXT(2) 
PARAMETRIC_REPRESENTATION_CONTEXT() REPRESENTATION_CONTEXT('2D SPACE',''
  ) );
#1079 = PCURVE('',#936,#1080);
#1080 = DEFINITIONAL_REPRESENTATION('',(#1081),#1090);
#1081 = B_SPLINE_CURVE_WITH_KNOTS('',7,(#1082,#1083,#1084,#1085,#1086,
    #1087,#1088,#1089),.UNSPECIFIED.,.F.,.F.,(8,8),(0.983269620657,
    1.909837037337),.PIECEWISE_BEZIER_KNOTS.);
#1082 = CARTESIAN_POINT('',(3.708450192917,3.2000006));
#1083 = CARTESIAN_POINT('',(3.840816966728,2.802490412254));
#1084 = CARTESIAN_POINT('',(3.97318374054,2.364097953989));
#1085 = CARTESIAN_POINT('',(4.105550514353,1.896199104436));
#1086 = CARTESIAN_POINT('',(4.237917288163,1.411924115336));
#1087 = CARTESIAN_POINT('',(4.370284061974,0.925346229));
#1088 = CARTESIAN_POINT('',(4.502650835786,0.450408137675));
#1089 = CARTESIAN_POINT('',(4.635017609597,-5.999999999062E-07));
#1090 = ( GEOMETRIC_REPRESENTATION_CONTEXT(2) 
PARAMETRIC_REPRESENTATION_CONTEXT() REPRESENTATION_CONTEXT('2D SPACE',''
  ) );
#1091 = FACE_BOUND('',#1092,.T.);
#1092 = EDGE_LOOP('',(#1093,#1122,#1156,#1183,#1218,#1246,#1268));
#1093 = ORIENTED_EDGE('',*,*,#1094,.F.);
#1094 = EDGE_CURVE('',#1095,#1097,#1099,.T.);
#1095 = VERTEX_POINT('',#1096);
#1096 = CARTESIAN_POINT('',(-7.556260950229,50.,-20.24573078571));
#1097 = VERTEX_POINT('',#1098);
#1098 = CARTESIAN_POINT('',(-13.75518670349,50.,-16.66677933337));
#1099 = SURFACE_CURVE('',#1100,(#1104,#1110),.PCURVE_S1.);
#1100 = LINE('',#1101,#1102);
#1101 = CARTESIAN_POINT('',(-10.65572382686,50.,-18.45625505954));
#1102 = VECTOR('',#1103,1.);
#1103 = DIRECTION('',(-0.866025403784,0.,0.5));
#1104 = PCURVE('',#66,#1105);
#1105 = DEFINITIONAL_REPRESENTATION('',(#1106),#1109);
#1106 = B_SPLINE_CURVE_WITH_KNOTS('',1,(#1107,#1108),.UNSPECIFIED.,.F.,
  .F.,(2,2),(-7.833487424895,5.725151541942),.PIECEWISE_BEZIER_KNOTS.);
#1107 = CARTESIAN_POINT('',(-22.37299877199,-3.871724716676));
#1108 = CARTESIAN_POINT('',(-15.59367928857,-15.61385050269));
#1109 = ( GEOMETRIC_REPRESENTATION_CONTEXT(2) 
PARAMETRIC_REPRESENTATION_CONTEXT() REPRESENTATION_CONTEXT('2D SPACE',''
  ) );
#1110 = PCURVE('',#1111,#1116);
#1111 = PLANE('',#1112);
#1112 = AXIS2_PLACEMENT_3D('',#1113,#1114,#1115);
#1113 = CARTESIAN_POINT('',(-9.742787609687,51.532088886238,
    -16.87500314733));
#1114 = DIRECTION('',(-0.321393804843,0.766044443119,-0.556670399226));
#1115 = DIRECTION('',(0.,0.587858883153,0.808963493304));
#1116 = DEFINITIONAL_REPRESENTATION('',(#1117),#1121);
#1117 = LINE('',#1118,#1119);
#1118 = CARTESIAN_POINT('',(-2.179827132253,-0.964085149423));
#1119 = VECTOR('',#1120,1.);
#1120 = DIRECTION('',(0.404481746652,-0.914546071352));
#1121 = ( GEOMETRIC_REPRESENTATION_CONTEXT(2) 
PARAMETRIC_REPRESENTATION_CONTEXT() REPRESENTATION_CONTEXT('2D SPACE',''
  ) );
#1122 = ORIENTED_EDGE('',*,*,#1123,.F.);
#1123 = EDGE_CURVE('',#1124,#1095,#1126,.T.);
#1124 = VERTEX_POINT('',#1125);
#1125 = CARTESIAN_POINT('',(-4.654642976302,50.,-16.17251625461));
#1126 = SURFACE_CURVE('',#1127,(#1132,#1139),.PCURVE_S1.);
#1127 = ELLIPSE('',#1128,5.613251344129,4.3);
#1128 = AXIS2_PLACEMENT_3D('',#1129,#1130,#1131);
#1129 = CARTESIAN_POINT('',(-9.1,50.,-15.76166234887));
#1130 = DIRECTION('',(0.,1.,0.));
#1131 = DIRECTION('',(-0.5,0.,-0.866025403784));
#1132 = PCURVE('',#66,#1133);
#1133 = DEFINITIONAL_REPRESENTATION('',(#1134),#1138);
#1134 = ELLIPSE('',#1135,5.613251344129,4.3);
#1135 = AXIS2_PLACEMENT_2D('',#1136,#1137);
#1136 = CARTESIAN_POINT('',(-15.76166234887,-9.1));
#1137 = DIRECTION('',(-0.866025403784,-0.5));
#1138 = ( GEOMETRIC_REPRESENTATION_CONTEXT(2) 
PARAMETRIC_REPRESENTATION_CONTEXT() REPRESENTATION_CONTEXT('2D SPACE',''
  ) );
#1139 = PCURVE('',#1140,#1145);
#1140 = CYLINDRICAL_SURFACE('',#1141,4.3);
#1141 = AXIS2_PLACEMENT_3D('',#1142,#1143,#1144);
#1142 = CARTESIAN_POINT('',(-8.714327434188,49.080746668257,
    -15.0936578698));
#1143 = DIRECTION('',(-0.321393804843,0.766044443119,-0.556670399226));
#1144 = DIRECTION('',(0.,0.587858883153,0.808963493304));
#1145 = DEFINITIONAL_REPRESENTATION('',(#1146),#1155);
#1146 = B_SPLINE_CURVE_WITH_KNOTS('',7,(#1147,#1148,#1149,#1150,#1151,
    #1152,#1153,#1154),.UNSPECIFIED.,.F.,.F.,(8,8),(4.373348269842,
    5.299915686523),.PIECEWISE_BEZIER_KNOTS.);
#1147 = CARTESIAN_POINT('',(1.648167697582,-6.000000070117E-07));
#1148 = CARTESIAN_POINT('',(1.780534471394,0.450408137675));
#1149 = CARTESIAN_POINT('',(1.912901245205,0.925346229001));
#1150 = CARTESIAN_POINT('',(2.045268019016,1.411924115336));
#1151 = CARTESIAN_POINT('',(2.177634792829,1.896199104437));
#1152 = CARTESIAN_POINT('',(2.310001566639,2.364097953989));
#1153 = CARTESIAN_POINT('',(2.442368340451,2.802490412254));
#1154 = CARTESIAN_POINT('',(2.574735114263,3.2000006));
#1155 = ( GEOMETRIC_REPRESENTATION_CONTEXT(2) 
PARAMETRIC_REPRESENTATION_CONTEXT() REPRESENTATION_CONTEXT('2D SPACE',''
  ) );
#1156 = ORIENTED_EDGE('',*,*,#1157,.F.);
#1157 = EDGE_CURVE('',#1158,#1124,#1160,.T.);
#1158 = VERTEX_POINT('',#1159);
#1159 = CARTESIAN_POINT('',(-4.198429964711,50.,-16.43591095966));
#1160 = SURFACE_CURVE('',#1161,(#1165,#1172),.PCURVE_S1.);
#1161 = LINE('',#1162,#1163);
#1162 = CARTESIAN_POINT('',(-8.166565703884,50.,-14.14490672247));
#1163 = VECTOR('',#1164,1.);
#1164 = DIRECTION('',(-0.866025403784,0.,0.5));
#1165 = PCURVE('',#66,#1166);
#1166 = DEFINITIONAL_REPRESENTATION('',(#1167),#1171);
#1167 = LINE('',#1168,#1169);
#1168 = CARTESIAN_POINT('',(-14.14490672247,-8.166565703884));
#1169 = VECTOR('',#1170,1.);
#1170 = DIRECTION('',(0.5,-0.866025403784));
#1171 = ( GEOMETRIC_REPRESENTATION_CONTEXT(2) 
PARAMETRIC_REPRESENTATION_CONTEXT() REPRESENTATION_CONTEXT('2D SPACE',''
  ) );
#1172 = PCURVE('',#1173,#1178);
#1173 = PLANE('',#1174);
#1174 = AXIS2_PLACEMENT_3D('',#1175,#1176,#1177);
#1175 = CARTESIAN_POINT('',(-8.714327434188,49.080746668257,
    -15.0936578698));
#1176 = DIRECTION('',(-0.321393804843,0.766044443119,-0.556670399226));
#1177 = DIRECTION('',(0.,0.587858883153,0.808963493304));
#1178 = DEFINITIONAL_REPRESENTATION('',(#1179),#1182);
#1179 = B_SPLINE_CURVE_WITH_KNOTS('',1,(#1180,#1181),.UNSPECIFIED.,.F.,
  .F.,(2,2),(-4.616004641631,5.881006171403),.PIECEWISE_BEZIER_KNOTS.);
#1180 = CARTESIAN_POINT('',(-0.559193340649,4.8));
#1181 = CARTESIAN_POINT('',(3.686655927632,-4.8));
#1182 = ( GEOMETRIC_REPRESENTATION_CONTEXT(2) 
PARAMETRIC_REPRESENTATION_CONTEXT() REPRESENTATION_CONTEXT('2D SPACE',''
  ) );
#1183 = ORIENTED_EDGE('',*,*,#1184,.F.);
#1184 = EDGE_CURVE('',#1185,#1158,#1187,.T.);
#1185 = VERTEX_POINT('',#1186);
#1186 = CARTESIAN_POINT('',(-7.91614678711,50.,-9.828143667588));
#1187 = SURFACE_CURVE('',#1188,(#1193,#1200),.PCURVE_S1.);
#1188 = ELLIPSE('',#1189,6.265954988795,4.8);
#1189 = AXIS2_PLACEMENT_3D('',#1190,#1191,#1192);
#1190 = CARTESIAN_POINT('',(-9.1,50.,-15.76166234887));
#1191 = DIRECTION('',(0.,1.,0.));
#1192 = DIRECTION('',(-0.5,0.,-0.866025403784));
#1193 = PCURVE('',#66,#1194);
#1194 = DEFINITIONAL_REPRESENTATION('',(#1195),#1199);
#1195 = ELLIPSE('',#1196,6.265954988795,4.8);
#1196 = AXIS2_PLACEMENT_2D('',#1197,#1198);
#1197 = CARTESIAN_POINT('',(-15.76166234887,-9.1));
#1198 = DIRECTION('',(-0.866025403784,-0.5));
#1199 = ( GEOMETRIC_REPRESENTATION_CONTEXT(2) 
PARAMETRIC_REPRESENTATION_CONTEXT() REPRESENTATION_CONTEXT('2D SPACE',''
  ) );
#1200 = PCURVE('',#1201,#1206);
#1201 = CYLINDRICAL_SURFACE('',#1202,4.8);
#1202 = AXIS2_PLACEMENT_3D('',#1203,#1204,#1205);
#1203 = CARTESIAN_POINT('',(-6.689546463675,44.254666676608,
    -11.58663435467));
#1204 = DIRECTION('',(-0.321393804843,0.766044443119,-0.556670399226));
#1205 = DIRECTION('',(0.,0.587858883153,0.808963493304));
#1206 = DEFINITIONAL_REPRESENTATION('',(#1207),#1217);
#1207 = B_SPLINE_CURVE_WITH_KNOTS('',8,(#1208,#1209,#1210,#1211,#1212,
    #1213,#1214,#1215,#1216),.UNSPECIFIED.,.F.,.F.,(9,9),(2.72518057226,
    4.409856896154),.PIECEWISE_BEZIER_KNOTS.);
#1208 = CARTESIAN_POINT('',(0.,3.816502698403));
#1209 = CARTESIAN_POINT('',(0.210584540487,3.473434722137));
#1210 = CARTESIAN_POINT('',(0.421169080974,3.317050133371));
#1211 = CARTESIAN_POINT('',(0.631753621459,3.370530135611));
#1212 = CARTESIAN_POINT('',(0.842338161948,3.63940229201));
#1213 = CARTESIAN_POINT('',(1.052922702433,4.108222814353));
#1214 = CARTESIAN_POINT('',(1.26350724292,4.741522717124));
#1215 = CARTESIAN_POINT('',(1.474091783407,5.490353201344));
#1216 = CARTESIAN_POINT('',(1.684676323894,6.3000006));
#1217 = ( GEOMETRIC_REPRESENTATION_CONTEXT(2) 
PARAMETRIC_REPRESENTATION_CONTEXT() REPRESENTATION_CONTEXT('2D SPACE',''
  ) );
#1218 = ORIENTED_EDGE('',*,*,#1219,.F.);
#1219 = EDGE_CURVE('',#1220,#1185,#1222,.T.);
#1220 = VERTEX_POINT('',#1221);
#1221 = CARTESIAN_POINT('',(-12.13470144305,50.,-11.85390248528));
#1222 = SURFACE_CURVE('',#1223,(#1228,#1235),.PCURVE_S1.);
#1223 = ELLIPSE('',#1224,6.265954988795,4.8);
#1224 = AXIS2_PLACEMENT_3D('',#1225,#1226,#1227);
#1225 = CARTESIAN_POINT('',(-9.1,50.,-15.76166234887));
#1226 = DIRECTION('',(0.,1.,0.));
#1227 = DIRECTION('',(-0.5,0.,-0.866025403784));
#1228 = PCURVE('',#66,#1229);
#1229 = DEFINITIONAL_REPRESENTATION('',(#1230),#1234);
#1230 = ELLIPSE('',#1231,6.265954988795,4.8);
#1231 = AXIS2_PLACEMENT_2D('',#1232,#1233);
#1232 = CARTESIAN_POINT('',(-15.76166234887,-9.1));
#1233 = DIRECTION('',(-0.866025403784,-0.5));
#1234 = ( GEOMETRIC_REPRESENTATION_CONTEXT(2) 
PARAMETRIC_REPRESENTATION_CONTEXT() REPRESENTATION_CONTEXT('2D SPACE',''
  ) );
#1235 = PCURVE('',#1201,#1236);
#1236 = DEFINITIONAL_REPRESENTATION('',(#1237),#1245);
#1237 = B_SPLINE_CURVE_WITH_KNOTS('',6,(#1238,#1239,#1240,#1241,#1242,
    #1243,#1244),.UNSPECIFIED.,.F.,.F.,(7,7),(1.873328411025,
    2.72518057226),.PIECEWISE_BEZIER_KNOTS.);
#1238 = CARTESIAN_POINT('',(5.431333145945,6.3000006));
#1239 = CARTESIAN_POINT('',(5.573308506151,5.754139157379));
#1240 = CARTESIAN_POINT('',(5.715283866357,5.237304938852));
#1241 = CARTESIAN_POINT('',(5.857259226562,4.769294672267));
#1242 = CARTESIAN_POINT('',(5.999234586768,4.368189998041));
#1243 = CARTESIAN_POINT('',(6.141209946974,4.047797927354));
#1244 = CARTESIAN_POINT('',(6.28318530718,3.816502698403));
#1245 = ( GEOMETRIC_REPRESENTATION_CONTEXT(2) 
PARAMETRIC_REPRESENTATION_CONTEXT() REPRESENTATION_CONTEXT('2D SPACE',''
  ) );
#1246 = ORIENTED_EDGE('',*,*,#1247,.F.);
#1247 = EDGE_CURVE('',#1248,#1220,#1250,.T.);
#1248 = VERTEX_POINT('',#1249);
#1249 = CARTESIAN_POINT('',(-11.67848843146,50.,-12.11729719033));
#1250 = SURFACE_CURVE('',#1251,(#1255,#1262),.PCURVE_S1.);
#1251 = LINE('',#1252,#1253);
#1252 = CARTESIAN_POINT('',(-8.166565703884,50.,-14.14490672247));
#1253 = VECTOR('',#1254,1.);
#1254 = DIRECTION('',(-0.866025403784,0.,0.5));
#1255 = PCURVE('',#66,#1256);
#1256 = DEFINITIONAL_REPRESENTATION('',(#1257),#1261);
#1257 = LINE('',#1258,#1259);
#1258 = CARTESIAN_POINT('',(-14.14490672247,-8.166565703884));
#1259 = VECTOR('',#1260,1.);
#1260 = DIRECTION('',(0.5,-0.866025403784));
#1261 = ( GEOMETRIC_REPRESENTATION_CONTEXT(2) 
PARAMETRIC_REPRESENTATION_CONTEXT() REPRESENTATION_CONTEXT('2D SPACE',''
  ) );
#1262 = PCURVE('',#1173,#1263);
#1263 = DEFINITIONAL_REPRESENTATION('',(#1264),#1267);
#1264 = B_SPLINE_CURVE_WITH_KNOTS('',1,(#1265,#1266),.UNSPECIFIED.,.F.,
  .F.,(2,2),(-4.616004641631,5.881006171403),.PIECEWISE_BEZIER_KNOTS.);
#1265 = CARTESIAN_POINT('',(-0.559193340649,4.8));
#1266 = CARTESIAN_POINT('',(3.686655927632,-4.8));
#1267 = ( GEOMETRIC_REPRESENTATION_CONTEXT(2) 
PARAMETRIC_REPRESENTATION_CONTEXT() REPRESENTATION_CONTEXT('2D SPACE',''
  ) );
#1268 = ORIENTED_EDGE('',*,*,#1269,.F.);
#1269 = EDGE_CURVE('',#1097,#1248,#1270,.T.);
#1270 = SURFACE_CURVE('',#1271,(#1276,#1283),.PCURVE_S1.);
#1271 = ELLIPSE('',#1272,5.613251344129,4.3);
#1272 = AXIS2_PLACEMENT_3D('',#1273,#1274,#1275);
#1273 = CARTESIAN_POINT('',(-9.1,50.,-15.76166234887));
#1274 = DIRECTION('',(0.,1.,0.));
#1275 = DIRECTION('',(-0.5,0.,-0.866025403784));
#1276 = PCURVE('',#66,#1277);
#1277 = DEFINITIONAL_REPRESENTATION('',(#1278),#1282);
#1278 = ELLIPSE('',#1279,5.613251344129,4.3);
#1279 = AXIS2_PLACEMENT_2D('',#1280,#1281);
#1280 = CARTESIAN_POINT('',(-15.76166234887,-9.1));
#1281 = DIRECTION('',(-0.866025403784,-0.5));
#1282 = ( GEOMETRIC_REPRESENTATION_CONTEXT(2) 
PARAMETRIC_REPRESENTATION_CONTEXT() REPRESENTATION_CONTEXT('2D SPACE',''
  ) );
#1283 = PCURVE('',#1140,#1284);
#1284 = DEFINITIONAL_REPRESENTATION('',(#1285),#1294);
#1285 = B_SPLINE_CURVE_WITH_KNOTS('',7,(#1286,#1287,#1288,#1289,#1290,
    #1291,#1292,#1293),.UNSPECIFIED.,.F.,.F.,(8,8),(0.983269620657,
    1.909837037337),.PIECEWISE_BEZIER_KNOTS.);
#1286 = CARTESIAN_POINT('',(4.541274355577,3.2000006));
#1287 = CARTESIAN_POINT('',(4.673641129388,2.802490412254));
#1288 = CARTESIAN_POINT('',(4.8060079032,2.364097953989));
#1289 = CARTESIAN_POINT('',(4.93837467701,1.896199104437));
#1290 = CARTESIAN_POINT('',(5.070741450822,1.411924115335));
#1291 = CARTESIAN_POINT('',(5.203108224634,0.925346229001));
#1292 = CARTESIAN_POINT('',(5.335474998446,0.450408137675));
#1293 = CARTESIAN_POINT('',(5.467841772257,-6.000000070117E-07));
#1294 = ( GEOMETRIC_REPRESENTATION_CONTEXT(2) 
PARAMETRIC_REPRESENTATION_CONTEXT() REPRESENTATION_CONTEXT('2D SPACE',''
  ) );
#1295 = FACE_BOUND('',#1296,.T.);
#1296 = EDGE_LOOP('',(#1297,#1326,#1360,#1387,#1422,#1444));
#1297 = ORIENTED_EDGE('',*,*,#1298,.F.);
#1298 = EDGE_CURVE('',#1299,#1301,#1303,.T.);
#1299 = VERTEX_POINT('',#1300);
#1300 = CARTESIAN_POINT('',(7.556260950229,50.,20.245730785711));
#1301 = VERTEX_POINT('',#1302);
#1302 = CARTESIAN_POINT('',(13.755186703492,50.,16.666779333378));
#1303 = SURFACE_CURVE('',#1304,(#1308,#1314),.PCURVE_S1.);
#1304 = LINE('',#1305,#1306);
#1305 = CARTESIAN_POINT('',(10.65572382686,50.,18.456255059545));
#1306 = VECTOR('',#1307,1.);
#1307 = DIRECTION('',(0.866025403784,0.,-0.5));
#1308 = PCURVE('',#66,#1309);
#1309 = DEFINITIONAL_REPRESENTATION('',(#1310),#1313);
#1310 = B_SPLINE_CURVE_WITH_KNOTS('',1,(#1311,#1312),.UNSPECIFIED.,.F.,
  .F.,(2,2),(-7.833487424895,5.725151541942),.PIECEWISE_BEZIER_KNOTS.);
#1311 = CARTESIAN_POINT('',(22.372998771992,3.871724716676));
#1312 = CARTESIAN_POINT('',(15.593679288574,15.613850502697));
#1313 = ( GEOMETRIC_REPRESENTATION_CONTEXT(2) 
PARAMETRIC_REPRESENTATION_CONTEXT() REPRESENTATION_CONTEXT('2D SPACE',''
  ) );
#1314 = PCURVE('',#1315,#1320);
#1315 = PLANE('',#1316);
#1316 = AXIS2_PLACEMENT_3D('',#1317,#1318,#1319);
#1317 = CARTESIAN_POINT('',(9.742787609687,51.532088886238,
    16.87500314733));
#1318 = DIRECTION('',(0.321393804843,0.766044443119,0.556670399226));
#1319 = DIRECTION('',(2.775557561563E-17,-0.587858883153,0.808963493304)
  );
#1320 = DEFINITIONAL_REPRESENTATION('',(#1321),#1325);
#1321 = LINE('',#1322,#1323);
#1322 = CARTESIAN_POINT('',(2.179827132253,0.964085149423));
#1323 = VECTOR('',#1324,1.);
#1324 = DIRECTION('',(-0.404481746652,0.914546071352));
#1325 = ( GEOMETRIC_REPRESENTATION_CONTEXT(2) 
PARAMETRIC_REPRESENTATION_CONTEXT() REPRESENTATION_CONTEXT('2D SPACE',''
  ) );
#1326 = ORIENTED_EDGE('',*,*,#1327,.F.);
#1327 = EDGE_CURVE('',#1328,#1299,#1330,.T.);
#1328 = VERTEX_POINT('',#1329);
#1329 = CARTESIAN_POINT('',(4.654642976302,50.,16.172516254618));
#1330 = SURFACE_CURVE('',#1331,(#1336,#1343),.PCURVE_S1.);
#1331 = ELLIPSE('',#1332,5.613251344129,4.3);
#1332 = AXIS2_PLACEMENT_3D('',#1333,#1334,#1335);
#1333 = CARTESIAN_POINT('',(9.1,50.,15.761662348877));
#1334 = DIRECTION('',(0.,1.,0.));
#1335 = DIRECTION('',(0.5,-0.,0.866025403784));
#1336 = PCURVE('',#66,#1337);
#1337 = DEFINITIONAL_REPRESENTATION('',(#1338),#1342);
#1338 = ELLIPSE('',#1339,5.613251344129,4.3);
#1339 = AXIS2_PLACEMENT_2D('',#1340,#1341);
#1340 = CARTESIAN_POINT('',(15.761662348877,9.1));
#1341 = DIRECTION('',(0.866025403784,0.5));
#1342 = ( GEOMETRIC_REPRESENTATION_CONTEXT(2) 
PARAMETRIC_REPRESENTATION_CONTEXT() REPRESENTATION_CONTEXT('2D SPACE',''
  ) );
#1343 = PCURVE('',#1344,#1349);
#1344 = CYLINDRICAL_SURFACE('',#1345,4.3);
#1345 = AXIS2_PLACEMENT_3D('',#1346,#1347,#1348);
#1346 = CARTESIAN_POINT('',(8.714327434188,49.080746668257,
    15.093657869805));
#1347 = DIRECTION('',(0.321393804843,0.766044443119,0.556670399226));
#1348 = DIRECTION('',(2.775557561563E-17,-0.587858883153,0.808963493304)
  );
#1349 = DEFINITIONAL_REPRESENTATION('',(#1350),#1359);
#1350 = B_SPLINE_CURVE_WITH_KNOTS('',7,(#1351,#1352,#1353,#1354,#1355,
    #1356,#1357,#1358),.UNSPECIFIED.,.F.,.F.,(8,8),(4.373348269842,
    5.299915686523),.PIECEWISE_BEZIER_KNOTS.);
#1351 = CARTESIAN_POINT('',(-1.493424956008,-5.999999999062E-07));
#1352 = CARTESIAN_POINT('',(-1.361058182196,0.450408137675));
#1353 = CARTESIAN_POINT('',(-1.228691408384,0.925346229));
#1354 = CARTESIAN_POINT('',(-1.096324634574,1.411924115336));
#1355 = CARTESIAN_POINT('',(-0.963957860759,1.896199104437));
#1356 = CARTESIAN_POINT('',(-0.831591086951,2.364097953989));
#1357 = CARTESIAN_POINT('',(-0.699224313139,2.802490412254));
#1358 = CARTESIAN_POINT('',(-0.566857539327,3.2000006));
#1359 = ( GEOMETRIC_REPRESENTATION_CONTEXT(2) 
PARAMETRIC_REPRESENTATION_CONTEXT() REPRESENTATION_CONTEXT('2D SPACE',''
  ) );
#1360 = ORIENTED_EDGE('',*,*,#1361,.F.);
#1361 = EDGE_CURVE('',#1362,#1328,#1364,.T.);
#1362 = VERTEX_POINT('',#1363);
#1363 = CARTESIAN_POINT('',(4.198429964711,50.,16.435910959669));
#1364 = SURFACE_CURVE('',#1365,(#1369,#1376),.PCURVE_S1.);
#1365 = LINE('',#1366,#1367);
#1366 = CARTESIAN_POINT('',(8.166565703884,50.,14.144906722476));
#1367 = VECTOR('',#1368,1.);
#1368 = DIRECTION('',(0.866025403784,0.,-0.5));
#1369 = PCURVE('',#66,#1370);
#1370 = DEFINITIONAL_REPRESENTATION('',(#1371),#1375);
#1371 = LINE('',#1372,#1373);
#1372 = CARTESIAN_POINT('',(14.144906722476,8.166565703884));
#1373 = VECTOR('',#1374,1.);
#1374 = DIRECTION('',(-0.5,0.866025403784));
#1375 = ( GEOMETRIC_REPRESENTATION_CONTEXT(2) 
PARAMETRIC_REPRESENTATION_CONTEXT() REPRESENTATION_CONTEXT('2D SPACE',''
  ) );
#1376 = PCURVE('',#1377,#1382);
#1377 = PLANE('',#1378);
#1378 = AXIS2_PLACEMENT_3D('',#1379,#1380,#1381);
#1379 = CARTESIAN_POINT('',(8.714327434188,49.080746668257,
    15.093657869805));
#1380 = DIRECTION('',(0.321393804843,0.766044443119,0.556670399226));
#1381 = DIRECTION('',(2.775557561563E-17,-0.587858883153,0.808963493304)
  );
#1382 = DEFINITIONAL_REPRESENTATION('',(#1383),#1386);
#1383 = B_SPLINE_CURVE_WITH_KNOTS('',1,(#1384,#1385),.UNSPECIFIED.,.F.,
  .F.,(2,2),(-4.616004641631,5.881006171403),.PIECEWISE_BEZIER_KNOTS.);
#1384 = CARTESIAN_POINT('',(0.559193340649,-4.8));
#1385 = CARTESIAN_POINT('',(-3.686655927632,4.8));
#1386 = ( GEOMETRIC_REPRESENTATION_CONTEXT(2) 
PARAMETRIC_REPRESENTATION_CONTEXT() REPRESENTATION_CONTEXT('2D SPACE',''
  ) );
#1387 = ORIENTED_EDGE('',*,*,#1388,.F.);
#1388 = EDGE_CURVE('',#1389,#1362,#1391,.T.);
#1389 = VERTEX_POINT('',#1390);
#1390 = CARTESIAN_POINT('',(12.134701443057,50.,11.853902485284));
#1391 = SURFACE_CURVE('',#1392,(#1397,#1404),.PCURVE_S1.);
#1392 = ELLIPSE('',#1393,6.265954988795,4.8);
#1393 = AXIS2_PLACEMENT_3D('',#1394,#1395,#1396);
#1394 = CARTESIAN_POINT('',(9.1,50.,15.761662348877));
#1395 = DIRECTION('',(0.,1.,0.));
#1396 = DIRECTION('',(0.5,-0.,0.866025403784));
#1397 = PCURVE('',#66,#1398);
#1398 = DEFINITIONAL_REPRESENTATION('',(#1399),#1403);
#1399 = ELLIPSE('',#1400,6.265954988795,4.8);
#1400 = AXIS2_PLACEMENT_2D('',#1401,#1402);
#1401 = CARTESIAN_POINT('',(15.761662348877,9.1));
#1402 = DIRECTION('',(0.866025403784,0.5));
#1403 = ( GEOMETRIC_REPRESENTATION_CONTEXT(2) 
PARAMETRIC_REPRESENTATION_CONTEXT() REPRESENTATION_CONTEXT('2D SPACE',''
  ) );
#1404 = PCURVE('',#1405,#1410);
#1405 = CYLINDRICAL_SURFACE('',#1406,4.8);
#1406 = AXIS2_PLACEMENT_3D('',#1407,#1408,#1409);
#1407 = CARTESIAN_POINT('',(6.689546463675,44.254666676608,
    11.586634354679));
#1408 = DIRECTION('',(0.321393804843,0.766044443119,0.556670399226));
#1409 = DIRECTION('',(2.775557561563E-17,-0.587858883153,0.808963493304)
  );
#1410 = DEFINITIONAL_REPRESENTATION('',(#1411),#1421);
#1411 = B_SPLINE_CURVE_WITH_KNOTS('',8,(#1412,#1413,#1414,#1415,#1416,
    #1417,#1418,#1419,#1420),.UNSPECIFIED.,.F.,.F.,(9,9),(1.873328411025
    ,4.409856896154),.PIECEWISE_BEZIER_KNOTS.);
#1412 = CARTESIAN_POINT('',(2.289740492355,6.3000006));
#1413 = CARTESIAN_POINT('',(2.606806552996,5.080957119379));
#1414 = CARTESIAN_POINT('',(2.923872613636,3.999782977467));
#1415 = CARTESIAN_POINT('',(3.240938674271,3.243241238328));
#1416 = CARTESIAN_POINT('',(3.558004734918,2.968403024573));
#1417 = CARTESIAN_POINT('',(3.875070795557,3.243241238328));
#1418 = CARTESIAN_POINT('',(4.192136856199,3.999782977466));
#1419 = CARTESIAN_POINT('',(4.509202916843,5.080957119379));
#1420 = CARTESIAN_POINT('',(4.826268977484,6.3000006));
#1421 = ( GEOMETRIC_REPRESENTATION_CONTEXT(2) 
PARAMETRIC_REPRESENTATION_CONTEXT() REPRESENTATION_CONTEXT('2D SPACE',''
  ) );
#1422 = ORIENTED_EDGE('',*,*,#1423,.F.);
#1423 = EDGE_CURVE('',#1424,#1389,#1426,.T.);
#1424 = VERTEX_POINT('',#1425);
#1425 = CARTESIAN_POINT('',(11.678488431465,50.,12.117297190334));
#1426 = SURFACE_CURVE('',#1427,(#1431,#1438),.PCURVE_S1.);
#1427 = LINE('',#1428,#1429);
#1428 = CARTESIAN_POINT('',(8.166565703884,50.,14.144906722476));
#1429 = VECTOR('',#1430,1.);
#1430 = DIRECTION('',(0.866025403784,0.,-0.5));
#1431 = PCURVE('',#66,#1432);
#1432 = DEFINITIONAL_REPRESENTATION('',(#1433),#1437);
#1433 = LINE('',#1434,#1435);
#1434 = CARTESIAN_POINT('',(14.144906722476,8.166565703884));
#1435 = VECTOR('',#1436,1.);
#1436 = DIRECTION('',(-0.5,0.866025403784));
#1437 = ( GEOMETRIC_REPRESENTATION_CONTEXT(2) 
PARAMETRIC_REPRESENTATION_CONTEXT() REPRESENTATION_CONTEXT('2D SPACE',''
  ) );
#1438 = PCURVE('',#1377,#1439);
#1439 = DEFINITIONAL_REPRESENTATION('',(#1440),#1443);
#1440 = B_SPLINE_CURVE_WITH_KNOTS('',1,(#1441,#1442),.UNSPECIFIED.,.F.,
  .F.,(2,2),(-4.616004641631,5.881006171403),.PIECEWISE_BEZIER_KNOTS.);
#1441 = CARTESIAN_POINT('',(0.559193340649,-4.8));
#1442 = CARTESIAN_POINT('',(-3.686655927632,4.8));
#1443 = ( GEOMETRIC_REPRESENTATION_CONTEXT(2) 
PARAMETRIC_REPRESENTATION_CONTEXT() REPRESENTATION_CONTEXT('2D SPACE',''
  ) );
#1444 = ORIENTED_EDGE('',*,*,#1445,.F.);
#1445 = EDGE_CURVE('',#1301,#1424,#1446,.T.);
#1446 = SURFACE_CURVE('',#1447,(#1452,#1459),.PCURVE_S1.);
#1447 = ELLIPSE('',#1448,5.613251344129,4.3);
#1448 = AXIS2_PLACEMENT_3D('',#1449,#1450,#1451);
#1449 = CARTESIAN_POINT('',(9.1,50.,15.761662348877));
#1450 = DIRECTION('',(0.,1.,0.));
#1451 = DIRECTION('',(0.5,-0.,0.866025403784));
#1452 = PCURVE('',#66,#1453);
#1453 = DEFINITIONAL_REPRESENTATION('',(#1454),#1458);
#1454 = ELLIPSE('',#1455,5.613251344129,4.3);
#1455 = AXIS2_PLACEMENT_2D('',#1456,#1457);
#1456 = CARTESIAN_POINT('',(15.761662348877,9.1));
#1457 = DIRECTION('',(0.866025403784,0.5));
#1458 = ( GEOMETRIC_REPRESENTATION_CONTEXT(2) 
PARAMETRIC_REPRESENTATION_CONTEXT() REPRESENTATION_CONTEXT('2D SPACE',''
  ) );
#1459 = PCURVE('',#1344,#1460);
#1460 = DEFINITIONAL_REPRESENTATION('',(#1461),#1470);
#1461 = B_SPLINE_CURVE_WITH_KNOTS('',7,(#1462,#1463,#1464,#1465,#1466,
    #1467,#1468,#1469),.UNSPECIFIED.,.F.,.F.,(8,8),(0.983269620657,
    1.909837037337),.PIECEWISE_BEZIER_KNOTS.);
#1462 = CARTESIAN_POINT('',(1.399681701987,3.2000006));
#1463 = CARTESIAN_POINT('',(1.532048475798,2.802490412254));
#1464 = CARTESIAN_POINT('',(1.66441524961,2.364097953989));
#1465 = CARTESIAN_POINT('',(1.796782023422,1.896199104437));
#1466 = CARTESIAN_POINT('',(1.929148797233,1.411924115335));
#1467 = CARTESIAN_POINT('',(2.061515571044,0.925346229001));
#1468 = CARTESIAN_POINT('',(2.193882344856,0.450408137675));
#1469 = CARTESIAN_POINT('',(2.326249118667,-5.999999999062E-07));
#1470 = ( GEOMETRIC_REPRESENTATION_CONTEXT(2) 
PARAMETRIC_REPRESENTATION_CONTEXT() REPRESENTATION_CONTEXT('2D SPACE',''
  ) );
#1471 = FACE_BOUND('',#1472,.T.);
#1472 = EDGE_LOOP('',(#1473,#1502,#1536,#1563,#1598,#1620));
#1473 = ORIENTED_EDGE('',*,*,#1474,.F.);
#1474 = EDGE_CURVE('',#1475,#1477,#1479,.T.);
#1475 = VERTEX_POINT('',#1476);
#1476 = CARTESIAN_POINT('',(-13.75518670349,50.,16.666779333378));
#1477 = VERTEX_POINT('',#1478);
#1478 = CARTESIAN_POINT('',(-7.556260950229,50.,20.245730785711));
#1479 = SURFACE_CURVE('',#1480,(#1484,#1490),.PCURVE_S1.);
#1480 = LINE('',#1481,#1482);
#1481 = CARTESIAN_POINT('',(-10.65572382686,50.,18.456255059545));
#1482 = VECTOR('',#1483,1.);
#1483 = DIRECTION('',(0.866025403784,-0.,0.5));
#1484 = PCURVE('',#66,#1485);
#1485 = DEFINITIONAL_REPRESENTATION('',(#1486),#1489);
#1486 = B_SPLINE_CURVE_WITH_KNOTS('',1,(#1487,#1488),.UNSPECIFIED.,.F.,
  .F.,(2,2),(-5.725151541942,7.833487424895),.PIECEWISE_BEZIER_KNOTS.);
#1487 = CARTESIAN_POINT('',(15.593679288574,-15.61385050269));
#1488 = CARTESIAN_POINT('',(22.372998771992,-3.871724716676));
#1489 = ( GEOMETRIC_REPRESENTATION_CONTEXT(2) 
PARAMETRIC_REPRESENTATION_CONTEXT() REPRESENTATION_CONTEXT('2D SPACE',''
  ) );
#1490 = PCURVE('',#1491,#1496);
#1491 = PLANE('',#1492);
#1492 = AXIS2_PLACEMENT_3D('',#1493,#1494,#1495);
#1493 = CARTESIAN_POINT('',(-9.742787609687,51.532088886238,
    16.87500314733));
#1494 = DIRECTION('',(-0.321393804843,0.766044443119,0.556670399226));
#1495 = DIRECTION('',(0.,-0.587858883153,0.808963493304));
#1496 = DEFINITIONAL_REPRESENTATION('',(#1497),#1501);
#1497 = LINE('',#1498,#1499);
#1498 = CARTESIAN_POINT('',(2.179827132253,-0.964085149423));
#1499 = VECTOR('',#1500,1.);
#1500 = DIRECTION('',(0.404481746652,0.914546071352));
#1501 = ( GEOMETRIC_REPRESENTATION_CONTEXT(2) 
PARAMETRIC_REPRESENTATION_CONTEXT() REPRESENTATION_CONTEXT('2D SPACE',''
  ) );
#1502 = ORIENTED_EDGE('',*,*,#1503,.F.);
#1503 = EDGE_CURVE('',#1504,#1475,#1506,.T.);
#1504 = VERTEX_POINT('',#1505);
#1505 = CARTESIAN_POINT('',(-11.67848843146,50.,12.117297190334));
#1506 = SURFACE_CURVE('',#1507,(#1512,#1519),.PCURVE_S1.);
#1507 = ELLIPSE('',#1508,5.613251344129,4.3);
#1508 = AXIS2_PLACEMENT_3D('',#1509,#1510,#1511);
#1509 = CARTESIAN_POINT('',(-9.1,50.,15.761662348877));
#1510 = DIRECTION('',(0.,1.,0.));
#1511 = DIRECTION('',(-0.5,0.,0.866025403784));
#1512 = PCURVE('',#66,#1513);
#1513 = DEFINITIONAL_REPRESENTATION('',(#1514),#1518);
#1514 = ELLIPSE('',#1515,5.613251344129,4.3);
#1515 = AXIS2_PLACEMENT_2D('',#1516,#1517);
#1516 = CARTESIAN_POINT('',(15.761662348877,-9.1));
#1517 = DIRECTION('',(0.866025403784,-0.5));
#1518 = ( GEOMETRIC_REPRESENTATION_CONTEXT(2) 
PARAMETRIC_REPRESENTATION_CONTEXT() REPRESENTATION_CONTEXT('2D SPACE',''
  ) );
#1519 = PCURVE('',#1520,#1525);
#1520 = CYLINDRICAL_SURFACE('',#1521,4.3);
#1521 = AXIS2_PLACEMENT_3D('',#1522,#1523,#1524);
#1522 = CARTESIAN_POINT('',(-8.714327434188,49.080746668257,
    15.093657869805));
#1523 = DIRECTION('',(-0.321393804843,0.766044443119,0.556670399226));
#1524 = DIRECTION('',(0.,-0.587858883153,0.808963493304));
#1525 = DEFINITIONAL_REPRESENTATION('',(#1526),#1535);
#1526 = B_SPLINE_CURVE_WITH_KNOTS('',7,(#1527,#1528,#1529,#1530,#1531,
    #1532,#1533,#1534),.UNSPECIFIED.,.F.,.F.,(8,8),(4.373348269842,
    5.299915686523),.PIECEWISE_BEZIER_KNOTS.);
#1527 = CARTESIAN_POINT('',(3.956936188512,-5.999999999062E-07));
#1528 = CARTESIAN_POINT('',(4.089302962324,0.450408137675));
#1529 = CARTESIAN_POINT('',(4.221669736135,0.925346229001));
#1530 = CARTESIAN_POINT('',(4.354036509948,1.411924115336));
#1531 = CARTESIAN_POINT('',(4.486403283759,1.896199104437));
#1532 = CARTESIAN_POINT('',(4.61877005757,2.364097953989));
#1533 = CARTESIAN_POINT('',(4.751136831381,2.802490412254));
#1534 = CARTESIAN_POINT('',(4.883503605193,3.2000006));
#1535 = ( GEOMETRIC_REPRESENTATION_CONTEXT(2) 
PARAMETRIC_REPRESENTATION_CONTEXT() REPRESENTATION_CONTEXT('2D SPACE',''
  ) );
#1536 = ORIENTED_EDGE('',*,*,#1537,.F.);
#1537 = EDGE_CURVE('',#1538,#1504,#1540,.T.);
#1538 = VERTEX_POINT('',#1539);
#1539 = CARTESIAN_POINT('',(-12.13470144305,50.,11.853902485284));
#1540 = SURFACE_CURVE('',#1541,(#1545,#1552),.PCURVE_S1.);
#1541 = LINE('',#1542,#1543);
#1542 = CARTESIAN_POINT('',(-8.166565703884,50.,14.144906722476));
#1543 = VECTOR('',#1544,1.);
#1544 = DIRECTION('',(0.866025403784,-0.,0.5));
#1545 = PCURVE('',#66,#1546);
#1546 = DEFINITIONAL_REPRESENTATION('',(#1547),#1551);
#1547 = LINE('',#1548,#1549);
#1548 = CARTESIAN_POINT('',(14.144906722476,-8.166565703884));
#1549 = VECTOR('',#1550,1.);
#1550 = DIRECTION('',(0.5,0.866025403784));
#1551 = ( GEOMETRIC_REPRESENTATION_CONTEXT(2) 
PARAMETRIC_REPRESENTATION_CONTEXT() REPRESENTATION_CONTEXT('2D SPACE',''
  ) );
#1552 = PCURVE('',#1553,#1558);
#1553 = PLANE('',#1554);
#1554 = AXIS2_PLACEMENT_3D('',#1555,#1556,#1557);
#1555 = CARTESIAN_POINT('',(-8.714327434188,49.080746668257,
    15.093657869805));
#1556 = DIRECTION('',(-0.321393804843,0.766044443119,0.556670399226));
#1557 = DIRECTION('',(0.,-0.587858883153,0.808963493304));
#1558 = DEFINITIONAL_REPRESENTATION('',(#1559),#1562);
#1559 = B_SPLINE_CURVE_WITH_KNOTS('',1,(#1560,#1561),.UNSPECIFIED.,.F.,
  .F.,(2,2),(-5.881006171403,4.616004641631),.PIECEWISE_BEZIER_KNOTS.);
#1560 = CARTESIAN_POINT('',(-3.686655927632,-4.8));
#1561 = CARTESIAN_POINT('',(0.559193340649,4.8));
#1562 = ( GEOMETRIC_REPRESENTATION_CONTEXT(2) 
PARAMETRIC_REPRESENTATION_CONTEXT() REPRESENTATION_CONTEXT('2D SPACE',''
  ) );
#1563 = ORIENTED_EDGE('',*,*,#1564,.F.);
#1564 = EDGE_CURVE('',#1565,#1538,#1567,.T.);
#1565 = VERTEX_POINT('',#1566);
#1566 = CARTESIAN_POINT('',(-4.198429964711,50.,16.435910959669));
#1567 = SURFACE_CURVE('',#1568,(#1573,#1580),.PCURVE_S1.);
#1568 = ELLIPSE('',#1569,6.265954988795,4.8);
#1569 = AXIS2_PLACEMENT_3D('',#1570,#1571,#1572);
#1570 = CARTESIAN_POINT('',(-9.1,50.,15.761662348877));
#1571 = DIRECTION('',(0.,1.,0.));
#1572 = DIRECTION('',(-0.5,0.,0.866025403784));
#1573 = PCURVE('',#66,#1574);
#1574 = DEFINITIONAL_REPRESENTATION('',(#1575),#1579);
#1575 = ELLIPSE('',#1576,6.265954988795,4.8);
#1576 = AXIS2_PLACEMENT_2D('',#1577,#1578);
#1577 = CARTESIAN_POINT('',(15.761662348877,-9.1));
#1578 = DIRECTION('',(0.866025403784,-0.5));
#1579 = ( GEOMETRIC_REPRESENTATION_CONTEXT(2) 
PARAMETRIC_REPRESENTATION_CONTEXT() REPRESENTATION_CONTEXT('2D SPACE',''
  ) );
#1580 = PCURVE('',#1581,#1586);
#1581 = CYLINDRICAL_SURFACE('',#1582,4.8);
#1582 = AXIS2_PLACEMENT_3D('',#1583,#1584,#1585);
#1583 = CARTESIAN_POINT('',(-6.689546463675,44.254666676608,
    11.586634354679));
#1584 = DIRECTION('',(-0.321393804843,0.766044443119,0.556670399226));
#1585 = DIRECTION('',(0.,-0.587858883153,0.808963493304));
#1586 = DEFINITIONAL_REPRESENTATION('',(#1587),#1597);
#1587 = B_SPLINE_CURVE_WITH_KNOTS('',8,(#1588,#1589,#1590,#1591,#1592,
    #1593,#1594,#1595,#1596),.UNSPECIFIED.,.F.,.F.,(9,9),(1.873328411025
    ,4.409856896154),.PIECEWISE_BEZIER_KNOTS.);
#1588 = CARTESIAN_POINT('',(1.456916329696,6.3000006));
#1589 = CARTESIAN_POINT('',(1.773982390337,5.080957119379));
#1590 = CARTESIAN_POINT('',(2.091048450977,3.999782977467));
#1591 = CARTESIAN_POINT('',(2.408114511612,3.243241238328));
#1592 = CARTESIAN_POINT('',(2.725180572254,2.968403024603));
#1593 = CARTESIAN_POINT('',(3.042246632889,3.243241238324));
#1594 = CARTESIAN_POINT('',(3.359312693541,3.999782977467));
#1595 = CARTESIAN_POINT('',(3.676378754183,5.080957119379));
#1596 = CARTESIAN_POINT('',(3.993444814824,6.3000006));
#1597 = ( GEOMETRIC_REPRESENTATION_CONTEXT(2) 
PARAMETRIC_REPRESENTATION_CONTEXT() REPRESENTATION_CONTEXT('2D SPACE',''
  ) );
#1598 = ORIENTED_EDGE('',*,*,#1599,.F.);
#1599 = EDGE_CURVE('',#1600,#1565,#1602,.T.);
#1600 = VERTEX_POINT('',#1601);
#1601 = CARTESIAN_POINT('',(-4.654642976302,50.,16.172516254618));
#1602 = SURFACE_CURVE('',#1603,(#1607,#1614),.PCURVE_S1.);
#1603 = LINE('',#1604,#1605);
#1604 = CARTESIAN_POINT('',(-8.166565703884,50.,14.144906722476));
#1605 = VECTOR('',#1606,1.);
#1606 = DIRECTION('',(0.866025403784,-0.,0.5));
#1607 = PCURVE('',#66,#1608);
#1608 = DEFINITIONAL_REPRESENTATION('',(#1609),#1613);
#1609 = LINE('',#1610,#1611);
#1610 = CARTESIAN_POINT('',(14.144906722476,-8.166565703884));
#1611 = VECTOR('',#1612,1.);
#1612 = DIRECTION('',(0.5,0.866025403784));
#1613 = ( GEOMETRIC_REPRESENTATION_CONTEXT(2) 
PARAMETRIC_REPRESENTATION_CONTEXT() REPRESENTATION_CONTEXT('2D SPACE',''
  ) );
#1614 = PCURVE('',#1553,#1615);
#1615 = DEFINITIONAL_REPRESENTATION('',(#1616),#1619);
#1616 = B_SPLINE_CURVE_WITH_KNOTS('',1,(#1617,#1618),.UNSPECIFIED.,.F.,
  .F.,(2,2),(-5.881006171403,4.616004641631),.PIECEWISE_BEZIER_KNOTS.);
#1617 = CARTESIAN_POINT('',(-3.686655927632,-4.8));
#1618 = CARTESIAN_POINT('',(0.559193340649,4.8));
#1619 = ( GEOMETRIC_REPRESENTATION_CONTEXT(2) 
PARAMETRIC_REPRESENTATION_CONTEXT() REPRESENTATION_CONTEXT('2D SPACE',''
  ) );
#1620 = ORIENTED_EDGE('',*,*,#1621,.F.);
#1621 = EDGE_CURVE('',#1477,#1600,#1622,.T.);
#1622 = SURFACE_CURVE('',#1623,(#1628,#1635),.PCURVE_S1.);
#1623 = ELLIPSE('',#1624,5.613251344129,4.3);
#1624 = AXIS2_PLACEMENT_3D('',#1625,#1626,#1627);
#1625 = CARTESIAN_POINT('',(-9.1,50.,15.761662348877));
#1626 = DIRECTION('',(0.,1.,0.));
#1627 = DIRECTION('',(-0.5,0.,0.866025403784));
#1628 = PCURVE('',#66,#1629);
#1629 = DEFINITIONAL_REPRESENTATION('',(#1630),#1634);
#1630 = ELLIPSE('',#1631,5.613251344129,4.3);
#1631 = AXIS2_PLACEMENT_2D('',#1632,#1633);
#1632 = CARTESIAN_POINT('',(15.761662348877,-9.1));
#1633 = DIRECTION('',(0.866025403784,-0.5));
#1634 = ( GEOMETRIC_REPRESENTATION_CONTEXT(2) 
PARAMETRIC_REPRESENTATION_CONTEXT() REPRESENTATION_CONTEXT('2D SPACE',''
  ) );
#1635 = PCURVE('',#1520,#1636);
#1636 = DEFINITIONAL_REPRESENTATION('',(#1637),#1646);
#1637 = B_SPLINE_CURVE_WITH_KNOTS('',7,(#1638,#1639,#1640,#1641,#1642,
    #1643,#1644,#1645),.UNSPECIFIED.,.F.,.F.,(8,8),(0.983269620657,
    1.909837037337),.PIECEWISE_BEZIER_KNOTS.);
#1638 = CARTESIAN_POINT('',(6.850042846507,3.2000006));
#1639 = CARTESIAN_POINT('',(6.982409620318,2.802490412254));
#1640 = CARTESIAN_POINT('',(7.11477639413,2.364097953989));
#1641 = CARTESIAN_POINT('',(7.247143167942,1.896199104438));
#1642 = CARTESIAN_POINT('',(7.379509941752,1.411924115334));
#1643 = CARTESIAN_POINT('',(7.511876715564,0.925346229001));
#1644 = CARTESIAN_POINT('',(7.644243489376,0.450408137675));
#1645 = CARTESIAN_POINT('',(7.776610263187,-5.999999999062E-07));
#1646 = ( GEOMETRIC_REPRESENTATION_CONTEXT(2) 
PARAMETRIC_REPRESENTATION_CONTEXT() REPRESENTATION_CONTEXT('2D SPACE',''
  ) );
#1647 = FACE_BOUND('',#1648,.T.);
#1648 = EDGE_LOOP('',(#1649,#1678,#1712,#1739,#1773,#1802,#1824));
#1649 = ORIENTED_EDGE('',*,*,#1650,.F.);
#1650 = EDGE_CURVE('',#1651,#1653,#1655,.T.);
#1651 = VERTEX_POINT('',#1652);
#1652 = CARTESIAN_POINT('',(-21.31144765372,50.,-3.578951452333));
#1653 = VERTEX_POINT('',#1654);
#1654 = CARTESIAN_POINT('',(-21.31144765372,50.,3.578951452333));
#1655 = SURFACE_CURVE('',#1656,(#1660,#1666),.PCURVE_S1.);
#1656 = LINE('',#1657,#1658);
#1657 = CARTESIAN_POINT('',(-21.31144765372,50.,2.609899615433E-15));
#1658 = VECTOR('',#1659,1.);
#1659 = DIRECTION('',(1.224646799147E-16,-0.,1.));
#1660 = PCURVE('',#66,#1661);
#1661 = DEFINITIONAL_REPRESENTATION('',(#1662),#1665);
#1662 = B_SPLINE_CURVE_WITH_KNOTS('',1,(#1663,#1664),.UNSPECIFIED.,.F.,
  .F.,(2,2),(-6.2,6.2),.PIECEWISE_BEZIER_KNOTS.);
#1663 = CARTESIAN_POINT('',(-6.2,-21.31144765372));
#1664 = CARTESIAN_POINT('',(6.2,-21.31144765372));
#1665 = ( GEOMETRIC_REPRESENTATION_CONTEXT(2) 
PARAMETRIC_REPRESENTATION_CONTEXT() REPRESENTATION_CONTEXT('2D SPACE',''
  ) );
#1666 = PCURVE('',#1667,#1672);
#1667 = PLANE('',#1668);
#1668 = AXIS2_PLACEMENT_3D('',#1669,#1670,#1671);
#1669 = CARTESIAN_POINT('',(-19.48557521937,51.532088886238,
    2.386294732195E-15));
#1670 = DIRECTION('',(-0.642787609687,0.766044443119,7.871877887342E-17)
  );
#1671 = DIRECTION('',(0.766044443119,0.642787609687,-6.162975822039E-33)
  );
#1672 = DEFINITIONAL_REPRESENTATION('',(#1673),#1677);
#1673 = LINE('',#1674,#1675);
#1674 = CARTESIAN_POINT('',(-2.383507185188,-2.236048832375E-16));
#1675 = VECTOR('',#1676,1.);
#1676 = DIRECTION('',(9.381338752703E-17,-1.));
#1677 = ( GEOMETRIC_REPRESENTATION_CONTEXT(2) 
PARAMETRIC_REPRESENTATION_CONTEXT() REPRESENTATION_CONTEXT('2D SPACE',''
  ) );
#1678 = ORIENTED_EDGE('',*,*,#1679,.F.);
#1679 = EDGE_CURVE('',#1680,#1651,#1682,.T.);
#1680 = VERTEX_POINT('',#1681);
#1681 = CARTESIAN_POINT('',(-16.33313140776,50.,-4.055219064284));
#1682 = SURFACE_CURVE('',#1683,(#1688,#1695),.PCURVE_S1.);
#1683 = ELLIPSE('',#1684,5.613251344129,4.3);
#1684 = AXIS2_PLACEMENT_3D('',#1685,#1686,#1687);
#1685 = CARTESIAN_POINT('',(-18.2,50.,2.228857174448E-15));
#1686 = DIRECTION('',(0.,1.,0.));
#1687 = DIRECTION('',(-1.,0.,1.224646799147E-16));
#1688 = PCURVE('',#66,#1689);
#1689 = DEFINITIONAL_REPRESENTATION('',(#1690),#1694);
#1690 = ELLIPSE('',#1691,5.613251344129,4.3);
#1691 = AXIS2_PLACEMENT_2D('',#1692,#1693);
#1692 = CARTESIAN_POINT('',(2.228857174448E-15,-18.2));
#1693 = DIRECTION('',(1.224646799147E-16,-1.));
#1694 = ( GEOMETRIC_REPRESENTATION_CONTEXT(2) 
PARAMETRIC_REPRESENTATION_CONTEXT() REPRESENTATION_CONTEXT('2D SPACE',''
  ) );
#1695 = PCURVE('',#1696,#1701);
#1696 = CYLINDRICAL_SURFACE('',#1697,4.3);
#1697 = AXIS2_PLACEMENT_3D('',#1698,#1699,#1700);
#1698 = CARTESIAN_POINT('',(-17.42865486837,49.080746668257,
    2.1343946398E-15));
#1699 = DIRECTION('',(-0.642787609687,0.766044443119,7.871877887342E-17)
  );
#1700 = DIRECTION('',(0.766044443119,0.642787609687,-6.162975822039E-33)
  );
#1701 = DEFINITIONAL_REPRESENTATION('',(#1702),#1711);
#1702 = B_SPLINE_CURVE_WITH_KNOTS('',7,(#1703,#1704,#1705,#1706,#1707,
    #1708,#1709,#1710),.UNSPECIFIED.,.F.,.F.,(8,8),(4.373348269842,
    5.299915686523),.PIECEWISE_BEZIER_KNOTS.);
#1703 = CARTESIAN_POINT('',(1.231755616252,-5.999999999062E-07));
#1704 = CARTESIAN_POINT('',(1.364122390064,0.450408137675));
#1705 = CARTESIAN_POINT('',(1.496489163876,0.925346229001));
#1706 = CARTESIAN_POINT('',(1.628855937687,1.411924115335));
#1707 = CARTESIAN_POINT('',(1.761222711499,1.896199104437));
#1708 = CARTESIAN_POINT('',(1.89358948531,2.364097953989));
#1709 = CARTESIAN_POINT('',(2.025956259121,2.802490412254));
#1710 = CARTESIAN_POINT('',(2.158323032933,3.2000006));
#1711 = ( GEOMETRIC_REPRESENTATION_CONTEXT(2) 
PARAMETRIC_REPRESENTATION_CONTEXT() REPRESENTATION_CONTEXT('2D SPACE',''
  ) );
#1712 = ORIENTED_EDGE('',*,*,#1713,.F.);
#1713 = EDGE_CURVE('',#1714,#1680,#1716,.T.);
#1714 = VERTEX_POINT('',#1715);
#1715 = CARTESIAN_POINT('',(-16.33313140776,50.,-4.582008474385));
#1716 = SURFACE_CURVE('',#1717,(#1721,#1728),.PCURVE_S1.);
#1717 = LINE('',#1718,#1719);
#1718 = CARTESIAN_POINT('',(-16.33313140776,50.,2.000231709858E-15));
#1719 = VECTOR('',#1720,1.);
#1720 = DIRECTION('',(1.224646799147E-16,-0.,1.));
#1721 = PCURVE('',#66,#1722);
#1722 = DEFINITIONAL_REPRESENTATION('',(#1723),#1727);
#1723 = LINE('',#1724,#1725);
#1724 = CARTESIAN_POINT('',(2.000231709858E-15,-16.33313140776));
#1725 = VECTOR('',#1726,1.);
#1726 = DIRECTION('',(1.,1.224646799147E-16));
#1727 = ( GEOMETRIC_REPRESENTATION_CONTEXT(2) 
PARAMETRIC_REPRESENTATION_CONTEXT() REPRESENTATION_CONTEXT('2D SPACE',''
  ) );
#1728 = PCURVE('',#1729,#1734);
#1729 = PLANE('',#1730);
#1730 = AXIS2_PLACEMENT_3D('',#1731,#1732,#1733);
#1731 = CARTESIAN_POINT('',(-17.42865486837,49.080746668257,
    2.1343946398E-15));
#1732 = DIRECTION('',(-0.642787609687,0.766044443119,7.871877887342E-17)
  );
#1733 = DIRECTION('',(0.766044443119,0.642787609687,-6.162975822039E-33)
  );
#1734 = DEFINITIONAL_REPRESENTATION('',(#1735),#1738);
#1735 = B_SPLINE_CURVE_WITH_KNOTS('',1,(#1736,#1737),.UNSPECIFIED.,.F.,
  .F.,(2,2),(-4.8,4.8),.PIECEWISE_BEZIER_KNOTS.);
#1736 = CARTESIAN_POINT('',(1.430104311113,4.8));
#1737 = CARTESIAN_POINT('',(1.430104311113,-4.8));
#1738 = ( GEOMETRIC_REPRESENTATION_CONTEXT(2) 
PARAMETRIC_REPRESENTATION_CONTEXT() REPRESENTATION_CONTEXT('2D SPACE',''
  ) );
#1739 = ORIENTED_EDGE('',*,*,#1740,.F.);
#1740 = EDGE_CURVE('',#1741,#1714,#1743,.T.);
#1741 = VERTEX_POINT('',#1742);
#1742 = CARTESIAN_POINT('',(-11.9340450112,50.,3.087464189696E-15));
#1743 = SURFACE_CURVE('',#1744,(#1749,#1756),.PCURVE_S1.);
#1744 = ELLIPSE('',#1745,6.265954988795,4.8);
#1745 = AXIS2_PLACEMENT_3D('',#1746,#1747,#1748);
#1746 = CARTESIAN_POINT('',(-18.2,50.,2.228857174448E-15));
#1747 = DIRECTION('',(0.,1.,0.));
#1748 = DIRECTION('',(-1.,0.,1.224646799147E-16));
#1749 = PCURVE('',#66,#1750);
#1750 = DEFINITIONAL_REPRESENTATION('',(#1751),#1755);
#1751 = ELLIPSE('',#1752,6.265954988795,4.8);
#1752 = AXIS2_PLACEMENT_2D('',#1753,#1754);
#1753 = CARTESIAN_POINT('',(2.228857174448E-15,-18.2));
#1754 = DIRECTION('',(1.224646799147E-16,-1.));
#1755 = ( GEOMETRIC_REPRESENTATION_CONTEXT(2) 
PARAMETRIC_REPRESENTATION_CONTEXT() REPRESENTATION_CONTEXT('2D SPACE',''
  ) );
#1756 = PCURVE('',#1757,#1762);
#1757 = CYLINDRICAL_SURFACE('',#1758,4.8);
#1758 = AXIS2_PLACEMENT_3D('',#1759,#1760,#1761);
#1759 = CARTESIAN_POINT('',(-13.37909292735,44.254666676608,
    1.638466332898E-15));
#1760 = DIRECTION('',(-0.642787609687,0.766044443119,7.871877887342E-17)
  );
#1761 = DIRECTION('',(0.766044443119,0.642787609687,-6.162975822039E-33)
  );
#1762 = DEFINITIONAL_REPRESENTATION('',(#1763),#1772);
#1763 = B_SPLINE_CURVE_WITH_KNOTS('',7,(#1764,#1765,#1766,#1767,#1768,
    #1769,#1770,#1771),.UNSPECIFIED.,.F.,.F.,(8,8),(3.14159265359,
    4.409856896154),.PIECEWISE_BEZIER_KNOTS.);
#1764 = CARTESIAN_POINT('',(-8.881784197001E-16,3.472321770349));
#1765 = CARTESIAN_POINT('',(0.181180606081,3.472321770349));
#1766 = CARTESIAN_POINT('',(0.362361212161,3.62657253824));
#1767 = CARTESIAN_POINT('',(0.543541818242,3.935067163819));
#1768 = CARTESIAN_POINT('',(0.724722424322,4.385427736678));
#1769 = CARTESIAN_POINT('',(0.905903030403,4.952765785657));
#1770 = CARTESIAN_POINT('',(1.087083636484,5.603404325359));
#1771 = CARTESIAN_POINT('',(1.268264242564,6.3000006));
#1772 = ( GEOMETRIC_REPRESENTATION_CONTEXT(2) 
PARAMETRIC_REPRESENTATION_CONTEXT() REPRESENTATION_CONTEXT('2D SPACE',''
  ) );
#1773 = ORIENTED_EDGE('',*,*,#1774,.F.);
#1774 = EDGE_CURVE('',#1775,#1741,#1777,.T.);
#1775 = VERTEX_POINT('',#1776);
#1776 = CARTESIAN_POINT('',(-16.33313140776,50.,4.582008474385));
#1777 = SURFACE_CURVE('',#1778,(#1783,#1790),.PCURVE_S1.);
#1778 = ELLIPSE('',#1779,6.265954988795,4.8);
#1779 = AXIS2_PLACEMENT_3D('',#1780,#1781,#1782);
#1780 = CARTESIAN_POINT('',(-18.2,50.,2.228857174448E-15));
#1781 = DIRECTION('',(0.,1.,0.));
#1782 = DIRECTION('',(-1.,0.,1.224646799147E-16));
#1783 = PCURVE('',#66,#1784);
#1784 = DEFINITIONAL_REPRESENTATION('',(#1785),#1789);
#1785 = ELLIPSE('',#1786,6.265954988795,4.8);
#1786 = AXIS2_PLACEMENT_2D('',#1787,#1788);
#1787 = CARTESIAN_POINT('',(2.228857174448E-15,-18.2));
#1788 = DIRECTION('',(1.224646799147E-16,-1.));
#1789 = ( GEOMETRIC_REPRESENTATION_CONTEXT(2) 
PARAMETRIC_REPRESENTATION_CONTEXT() REPRESENTATION_CONTEXT('2D SPACE',''
  ) );
#1790 = PCURVE('',#1757,#1791);
#1791 = DEFINITIONAL_REPRESENTATION('',(#1792),#1801);
#1792 = B_SPLINE_CURVE_WITH_KNOTS('',7,(#1793,#1794,#1795,#1796,#1797,
    #1798,#1799,#1800),.UNSPECIFIED.,.F.,.F.,(8,8),(1.873328411025,
    3.14159265359),.PIECEWISE_BEZIER_KNOTS.);
#1793 = CARTESIAN_POINT('',(5.014921064615,6.3000006));
#1794 = CARTESIAN_POINT('',(5.196101670696,5.603404325359));
#1795 = CARTESIAN_POINT('',(5.377282276776,4.952765785656));
#1796 = CARTESIAN_POINT('',(5.558462882858,4.385427736679));
#1797 = CARTESIAN_POINT('',(5.739643488938,3.935067163819));
#1798 = CARTESIAN_POINT('',(5.920824095018,3.62657253824));
#1799 = CARTESIAN_POINT('',(6.102004701099,3.472321770349));
#1800 = CARTESIAN_POINT('',(6.28318530718,3.472321770349));
#1801 = ( GEOMETRIC_REPRESENTATION_CONTEXT(2) 
PARAMETRIC_REPRESENTATION_CONTEXT() REPRESENTATION_CONTEXT('2D SPACE',''
  ) );
#1802 = ORIENTED_EDGE('',*,*,#1803,.F.);
#1803 = EDGE_CURVE('',#1804,#1775,#1806,.T.);
#1804 = VERTEX_POINT('',#1805);
#1805 = CARTESIAN_POINT('',(-16.33313140776,50.,4.055219064284));
#1806 = SURFACE_CURVE('',#1807,(#1811,#1818),.PCURVE_S1.);
#1807 = LINE('',#1808,#1809);
#1808 = CARTESIAN_POINT('',(-16.33313140776,50.,2.000231709858E-15));
#1809 = VECTOR('',#1810,1.);
#1810 = DIRECTION('',(1.224646799147E-16,-0.,1.));
#1811 = PCURVE('',#66,#1812);
#1812 = DEFINITIONAL_REPRESENTATION('',(#1813),#1817);
#1813 = LINE('',#1814,#1815);
#1814 = CARTESIAN_POINT('',(2.000231709858E-15,-16.33313140776));
#1815 = VECTOR('',#1816,1.);
#1816 = DIRECTION('',(1.,1.224646799147E-16));
#1817 = ( GEOMETRIC_REPRESENTATION_CONTEXT(2) 
PARAMETRIC_REPRESENTATION_CONTEXT() REPRESENTATION_CONTEXT('2D SPACE',''
  ) );
#1818 = PCURVE('',#1729,#1819);
#1819 = DEFINITIONAL_REPRESENTATION('',(#1820),#1823);
#1820 = B_SPLINE_CURVE_WITH_KNOTS('',1,(#1821,#1822),.UNSPECIFIED.,.F.,
  .F.,(2,2),(-4.8,4.8),.PIECEWISE_BEZIER_KNOTS.);
#1821 = CARTESIAN_POINT('',(1.430104311113,4.8));
#1822 = CARTESIAN_POINT('',(1.430104311113,-4.8));
#1823 = ( GEOMETRIC_REPRESENTATION_CONTEXT(2) 
PARAMETRIC_REPRESENTATION_CONTEXT() REPRESENTATION_CONTEXT('2D SPACE',''
  ) );
#1824 = ORIENTED_EDGE('',*,*,#1825,.F.);
#1825 = EDGE_CURVE('',#1653,#1804,#1826,.T.);
#1826 = SURFACE_CURVE('',#1827,(#1832,#1839),.PCURVE_S1.);
#1827 = ELLIPSE('',#1828,5.613251344129,4.3);
#1828 = AXIS2_PLACEMENT_3D('',#1829,#1830,#1831);
#1829 = CARTESIAN_POINT('',(-18.2,50.,2.228857174448E-15));
#1830 = DIRECTION('',(0.,1.,0.));
#1831 = DIRECTION('',(-1.,0.,1.224646799147E-16));
#1832 = PCURVE('',#66,#1833);
#1833 = DEFINITIONAL_REPRESENTATION('',(#1834),#1838);
#1834 = ELLIPSE('',#1835,5.613251344129,4.3);
#1835 = AXIS2_PLACEMENT_2D('',#1836,#1837);
#1836 = CARTESIAN_POINT('',(2.228857174448E-15,-18.2));
#1837 = DIRECTION('',(1.224646799147E-16,-1.));
#1838 = ( GEOMETRIC_REPRESENTATION_CONTEXT(2) 
PARAMETRIC_REPRESENTATION_CONTEXT() REPRESENTATION_CONTEXT('2D SPACE',''
  ) );
#1839 = PCURVE('',#1696,#1840);
#1840 = DEFINITIONAL_REPRESENTATION('',(#1841),#1850);
#1841 = B_SPLINE_CURVE_WITH_KNOTS('',7,(#1842,#1843,#1844,#1845,#1846,
    #1847,#1848,#1849),.UNSPECIFIED.,.F.,.F.,(8,8),(0.983269620657,
    1.909837037337),.PIECEWISE_BEZIER_KNOTS.);
#1842 = CARTESIAN_POINT('',(4.124862274247,3.2000006));
#1843 = CARTESIAN_POINT('',(4.257229048058,2.802490412254));
#1844 = CARTESIAN_POINT('',(4.389595821869,2.364097953989));
#1845 = CARTESIAN_POINT('',(4.521962595682,1.896199104437));
#1846 = CARTESIAN_POINT('',(4.654329369491,1.411924115336));
#1847 = CARTESIAN_POINT('',(4.786696143304,0.925346229001));
#1848 = CARTESIAN_POINT('',(4.919062917116,0.450408137675));
#1849 = CARTESIAN_POINT('',(5.051429690927,-5.999999999062E-07));
#1850 = ( GEOMETRIC_REPRESENTATION_CONTEXT(2) 
PARAMETRIC_REPRESENTATION_CONTEXT() REPRESENTATION_CONTEXT('2D SPACE',''
  ) );
#1851 = FACE_BOUND('',#1852,.T.);
#1852 = EDGE_LOOP('',(#1853,#1882,#1916,#1943,#1978,#2000));
#1853 = ORIENTED_EDGE('',*,*,#1854,.F.);
#1854 = EDGE_CURVE('',#1855,#1857,#1859,.T.);
#1855 = VERTEX_POINT('',#1856);
#1856 = CARTESIAN_POINT('',(21.311447653721,50.,3.578951452333));
#1857 = VERTEX_POINT('',#1858);
#1858 = CARTESIAN_POINT('',(21.311447653721,50.,-3.578951452333));
#1859 = SURFACE_CURVE('',#1860,(#1864,#1870),.PCURVE_S1.);
#1860 = LINE('',#1861,#1862);
#1861 = CARTESIAN_POINT('',(21.311447653721,50.,0.));
#1862 = VECTOR('',#1863,1.);
#1863 = DIRECTION('',(0.,0.,-1.));
#1864 = PCURVE('',#66,#1865);
#1865 = DEFINITIONAL_REPRESENTATION('',(#1866),#1869);
#1866 = B_SPLINE_CURVE_WITH_KNOTS('',1,(#1867,#1868),.UNSPECIFIED.,.F.,
  .F.,(2,2),(-6.2,6.2),.PIECEWISE_BEZIER_KNOTS.);
#1867 = CARTESIAN_POINT('',(6.2,21.311447653721));
#1868 = CARTESIAN_POINT('',(-6.2,21.311447653721));
#1869 = ( GEOMETRIC_REPRESENTATION_CONTEXT(2) 
PARAMETRIC_REPRESENTATION_CONTEXT() REPRESENTATION_CONTEXT('2D SPACE',''
  ) );
#1870 = PCURVE('',#1871,#1876);
#1871 = PLANE('',#1872);
#1872 = AXIS2_PLACEMENT_3D('',#1873,#1874,#1875);
#1873 = CARTESIAN_POINT('',(19.485575219373,51.532088886238,0.));
#1874 = DIRECTION('',(0.642787609687,0.766044443119,0.));
#1875 = DIRECTION('',(0.766044443119,-0.642787609687,0.));
#1876 = DEFINITIONAL_REPRESENTATION('',(#1877),#1881);
#1877 = LINE('',#1878,#1879);
#1878 = CARTESIAN_POINT('',(2.383507185188,0.));
#1879 = VECTOR('',#1880,1.);
#1880 = DIRECTION('',(0.,1.));
#1881 = ( GEOMETRIC_REPRESENTATION_CONTEXT(2) 
PARAMETRIC_REPRESENTATION_CONTEXT() REPRESENTATION_CONTEXT('2D SPACE',''
  ) );
#1882 = ORIENTED_EDGE('',*,*,#1883,.F.);
#1883 = EDGE_CURVE('',#1884,#1855,#1886,.T.);
#1884 = VERTEX_POINT('',#1885);
#1885 = CARTESIAN_POINT('',(16.333131407768,50.,4.055219064284));
#1886 = SURFACE_CURVE('',#1887,(#1892,#1899),.PCURVE_S1.);
#1887 = ELLIPSE('',#1888,5.613251344129,4.3);
#1888 = AXIS2_PLACEMENT_3D('',#1889,#1890,#1891);
#1889 = CARTESIAN_POINT('',(18.2,50.,0.));
#1890 = DIRECTION('',(0.,1.,0.));
#1891 = DIRECTION('',(1.,-0.,0.));
#1892 = PCURVE('',#66,#1893);
#1893 = DEFINITIONAL_REPRESENTATION('',(#1894),#1898);
#1894 = ELLIPSE('',#1895,5.613251344129,4.3);
#1895 = AXIS2_PLACEMENT_2D('',#1896,#1897);
#1896 = CARTESIAN_POINT('',(0.,18.2));
#1897 = DIRECTION('',(0.,1.));
#1898 = ( GEOMETRIC_REPRESENTATION_CONTEXT(2) 
PARAMETRIC_REPRESENTATION_CONTEXT() REPRESENTATION_CONTEXT('2D SPACE',''
  ) );
#1899 = PCURVE('',#1900,#1905);
#1900 = CYLINDRICAL_SURFACE('',#1901,4.3);
#1901 = AXIS2_PLACEMENT_3D('',#1902,#1903,#1904);
#1902 = CARTESIAN_POINT('',(17.428654868376,49.080746668257,0.));
#1903 = DIRECTION('',(0.642787609687,0.766044443119,0.));
#1904 = DIRECTION('',(0.766044443119,-0.642787609687,0.));
#1905 = DEFINITIONAL_REPRESENTATION('',(#1906),#1915);
#1906 = B_SPLINE_CURVE_WITH_KNOTS('',7,(#1907,#1908,#1909,#1910,#1911,
    #1912,#1913,#1914),.UNSPECIFIED.,.F.,.F.,(8,8),(4.373348269842,
    5.299915686523),.PIECEWISE_BEZIER_KNOTS.);
#1907 = CARTESIAN_POINT('',(4.373348269842,-5.999999999062E-07));
#1908 = CARTESIAN_POINT('',(4.505715043654,0.450408137675));
#1909 = CARTESIAN_POINT('',(4.638081817464,0.925346229001));
#1910 = CARTESIAN_POINT('',(4.770448591279,1.411924115336));
#1911 = CARTESIAN_POINT('',(4.902815365086,1.896199104438));
#1912 = CARTESIAN_POINT('',(5.0351821389,2.364097953989));
#1913 = CARTESIAN_POINT('',(5.167548912711,2.802490412254));
#1914 = CARTESIAN_POINT('',(5.299915686523,3.2000006));
#1915 = ( GEOMETRIC_REPRESENTATION_CONTEXT(2) 
PARAMETRIC_REPRESENTATION_CONTEXT() REPRESENTATION_CONTEXT('2D SPACE',''
  ) );
#1916 = ORIENTED_EDGE('',*,*,#1917,.F.);
#1917 = EDGE_CURVE('',#1918,#1884,#1920,.T.);
#1918 = VERTEX_POINT('',#1919);
#1919 = CARTESIAN_POINT('',(16.333131407768,50.,4.582008474385));
#1920 = SURFACE_CURVE('',#1921,(#1925,#1932),.PCURVE_S1.);
#1921 = LINE('',#1922,#1923);
#1922 = CARTESIAN_POINT('',(16.333131407768,50.,0.));
#1923 = VECTOR('',#1924,1.);
#1924 = DIRECTION('',(0.,0.,-1.));
#1925 = PCURVE('',#66,#1926);
#1926 = DEFINITIONAL_REPRESENTATION('',(#1927),#1931);
#1927 = LINE('',#1928,#1929);
#1928 = CARTESIAN_POINT('',(0.,16.333131407768));
#1929 = VECTOR('',#1930,1.);
#1930 = DIRECTION('',(-1.,0.));
#1931 = ( GEOMETRIC_REPRESENTATION_CONTEXT(2) 
PARAMETRIC_REPRESENTATION_CONTEXT() REPRESENTATION_CONTEXT('2D SPACE',''
  ) );
#1932 = PCURVE('',#1933,#1938);
#1933 = PLANE('',#1934);
#1934 = AXIS2_PLACEMENT_3D('',#1935,#1936,#1937);
#1935 = CARTESIAN_POINT('',(17.428654868376,49.080746668257,0.));
#1936 = DIRECTION('',(0.642787609687,0.766044443119,0.));
#1937 = DIRECTION('',(0.766044443119,-0.642787609687,0.));
#1938 = DEFINITIONAL_REPRESENTATION('',(#1939),#1942);
#1939 = B_SPLINE_CURVE_WITH_KNOTS('',1,(#1940,#1941),.UNSPECIFIED.,.F.,
  .F.,(2,2),(-4.8,4.8),.PIECEWISE_BEZIER_KNOTS.);
#1940 = CARTESIAN_POINT('',(-1.430104311113,-4.8));
#1941 = CARTESIAN_POINT('',(-1.430104311113,4.8));
#1942 = ( GEOMETRIC_REPRESENTATION_CONTEXT(2) 
PARAMETRIC_REPRESENTATION_CONTEXT() REPRESENTATION_CONTEXT('2D SPACE',''
  ) );
#1943 = ORIENTED_EDGE('',*,*,#1944,.F.);
#1944 = EDGE_CURVE('',#1945,#1918,#1947,.T.);
#1945 = VERTEX_POINT('',#1946);
#1946 = CARTESIAN_POINT('',(16.333131407768,50.,-4.582008474385));
#1947 = SURFACE_CURVE('',#1948,(#1953,#1960),.PCURVE_S1.);
#1948 = ELLIPSE('',#1949,6.265954988795,4.8);
#1949 = AXIS2_PLACEMENT_3D('',#1950,#1951,#1952);
#1950 = CARTESIAN_POINT('',(18.2,50.,0.));
#1951 = DIRECTION('',(0.,1.,0.));
#1952 = DIRECTION('',(1.,-0.,0.));
#1953 = PCURVE('',#66,#1954);
#1954 = DEFINITIONAL_REPRESENTATION('',(#1955),#1959);
#1955 = ELLIPSE('',#1956,6.265954988795,4.8);
#1956 = AXIS2_PLACEMENT_2D('',#1957,#1958);
#1957 = CARTESIAN_POINT('',(0.,18.2));
#1958 = DIRECTION('',(0.,1.));
#1959 = ( GEOMETRIC_REPRESENTATION_CONTEXT(2) 
PARAMETRIC_REPRESENTATION_CONTEXT() REPRESENTATION_CONTEXT('2D SPACE',''
  ) );
#1960 = PCURVE('',#1961,#1966);
#1961 = CYLINDRICAL_SURFACE('',#1962,4.8);
#1962 = AXIS2_PLACEMENT_3D('',#1963,#1964,#1965);
#1963 = CARTESIAN_POINT('',(13.379092927351,44.254666676608,0.));
#1964 = DIRECTION('',(0.642787609687,0.766044443119,0.));
#1965 = DIRECTION('',(0.766044443119,-0.642787609687,0.));
#1966 = DEFINITIONAL_REPRESENTATION('',(#1967),#1977);
#1967 = B_SPLINE_CURVE_WITH_KNOTS('',8,(#1968,#1969,#1970,#1971,#1972,
    #1973,#1974,#1975,#1976),.UNSPECIFIED.,.F.,.F.,(9,9),(1.873328411025
    ,4.409856896154),.PIECEWISE_BEZIER_KNOTS.);
#1968 = CARTESIAN_POINT('',(1.873328411025,6.3000006));
#1969 = CARTESIAN_POINT('',(2.190394471667,5.080957119379));
#1970 = CARTESIAN_POINT('',(2.507460532303,3.999782977468));
#1971 = CARTESIAN_POINT('',(2.824526592958,3.243241238326));
#1972 = CARTESIAN_POINT('',(3.141592653576,2.968403024588));
#1973 = CARTESIAN_POINT('',(3.458658714238,3.243241238319));
#1974 = CARTESIAN_POINT('',(3.775724774865,3.999782977467));
#1975 = CARTESIAN_POINT('',(4.092790835513,5.080957119379));
#1976 = CARTESIAN_POINT('',(4.409856896154,6.3000006));
#1977 = ( GEOMETRIC_REPRESENTATION_CONTEXT(2) 
PARAMETRIC_REPRESENTATION_CONTEXT() REPRESENTATION_CONTEXT('2D SPACE',''
  ) );
#1978 = ORIENTED_EDGE('',*,*,#1979,.F.);
#1979 = EDGE_CURVE('',#1980,#1945,#1982,.T.);
#1980 = VERTEX_POINT('',#1981);
#1981 = CARTESIAN_POINT('',(16.333131407768,50.,-4.055219064284));
#1982 = SURFACE_CURVE('',#1983,(#1987,#1994),.PCURVE_S1.);
#1983 = LINE('',#1984,#1985);
#1984 = CARTESIAN_POINT('',(16.333131407768,50.,0.));
#1985 = VECTOR('',#1986,1.);
#1986 = DIRECTION('',(0.,0.,-1.));
#1987 = PCURVE('',#66,#1988);
#1988 = DEFINITIONAL_REPRESENTATION('',(#1989),#1993);
#1989 = LINE('',#1990,#1991);
#1990 = CARTESIAN_POINT('',(0.,16.333131407768));
#1991 = VECTOR('',#1992,1.);
#1992 = DIRECTION('',(-1.,0.));
#1993 = ( GEOMETRIC_REPRESENTATION_CONTEXT(2) 
PARAMETRIC_REPRESENTATION_CONTEXT() REPRESENTATION_CONTEXT('2D SPACE',''
  ) );
#1994 = PCURVE('',#1933,#1995);
#1995 = DEFINITIONAL_REPRESENTATION('',(#1996),#1999);
#1996 = B_SPLINE_CURVE_WITH_KNOTS('',1,(#1997,#1998),.UNSPECIFIED.,.F.,
  .F.,(2,2),(-4.8,4.8),.PIECEWISE_BEZIER_KNOTS.);
#1997 = CARTESIAN_POINT('',(-1.430104311113,-4.8));
#1998 = CARTESIAN_POINT('',(-1.430104311113,4.8));
#1999 = ( GEOMETRIC_REPRESENTATION_CONTEXT(2) 
PARAMETRIC_REPRESENTATION_CONTEXT() REPRESENTATION_CONTEXT('2D SPACE',''
  ) );
#2000 = ORIENTED_EDGE('',*,*,#2001,.F.);
#2001 = EDGE_CURVE('',#1857,#1980,#2002,.T.);
#2002 = SURFACE_CURVE('',#2003,(#2008,#2015),.PCURVE_S1.);
#2003 = ELLIPSE('',#2004,5.613251344129,4.3);
#2004 = AXIS2_PLACEMENT_3D('',#2005,#2006,#2007);
#2005 = CARTESIAN_POINT('',(18.2,50.,0.));
#2006 = DIRECTION('',(0.,1.,0.));
#2007 = DIRECTION('',(1.,-0.,0.));
#2008 = PCURVE('',#66,#2009);
#2009 = DEFINITIONAL_REPRESENTATION('',(#2010),#2014);
#2010 = ELLIPSE('',#2011,5.613251344129,4.3);
#2011 = AXIS2_PLACEMENT_2D('',#2012,#2013);
#2012 = CARTESIAN_POINT('',(0.,18.2));
#2013 = DIRECTION('',(0.,1.));
#2014 = ( GEOMETRIC_REPRESENTATION_CONTEXT(2) 
PARAMETRIC_REPRESENTATION_CONTEXT() REPRESENTATION_CONTEXT('2D SPACE',''
  ) );
#2015 = PCURVE('',#1900,#2016);
#2016 = DEFINITIONAL_REPRESENTATION('',(#2017),#2026);
#2017 = B_SPLINE_CURVE_WITH_KNOTS('',7,(#2018,#2019,#2020,#2021,#2022,
    #2023,#2024,#2025),.UNSPECIFIED.,.F.,.F.,(8,8),(0.983269620657,
    1.909837037337),.PIECEWISE_BEZIER_KNOTS.);
#2018 = CARTESIAN_POINT('',(7.266454927837,3.2000006));
#2019 = CARTESIAN_POINT('',(7.398821701648,2.802490412254));
#2020 = CARTESIAN_POINT('',(7.53118847546,2.364097953988));
#2021 = CARTESIAN_POINT('',(7.663555249271,1.896199104437));
#2022 = CARTESIAN_POINT('',(7.795922023083,1.411924115336));
#2023 = CARTESIAN_POINT('',(7.928288796894,0.925346229001));
#2024 = CARTESIAN_POINT('',(8.060655570706,0.450408137675));
#2025 = CARTESIAN_POINT('',(8.193022344517,-5.999999999062E-07));
#2026 = ( GEOMETRIC_REPRESENTATION_CONTEXT(2) 
PARAMETRIC_REPRESENTATION_CONTEXT() REPRESENTATION_CONTEXT('2D SPACE',''
  ) );
#2027 = ADVANCED_FACE('',(#2028),#1933,.F.);
#2028 = FACE_BOUND('',#2029,.F.);
#2029 = EDGE_LOOP('',(#2030,#2031,#2055,#2077,#2078,#2102));
#2030 = ORIENTED_EDGE('',*,*,#1917,.F.);
#2031 = ORIENTED_EDGE('',*,*,#2032,.T.);
#2032 = EDGE_CURVE('',#1918,#2033,#2035,.T.);
#2033 = VERTEX_POINT('',#2034);
#2034 = CARTESIAN_POINT('',(21.105668195347,45.995366141762,
    1.175660927181E-15));
#2035 = SURFACE_CURVE('',#2036,(#2041,#2048),.PCURVE_S1.);
#2036 = CIRCLE('',#2037,4.8);
#2037 = AXIS2_PLACEMENT_3D('',#2038,#2039,#2040);
#2038 = CARTESIAN_POINT('',(17.428654868376,49.080746668257,0.));
#2039 = DIRECTION('',(0.642787609687,0.766044443119,0.));
#2040 = DIRECTION('',(0.766044443119,-0.642787609687,0.));
#2041 = PCURVE('',#1933,#2042);
#2042 = DEFINITIONAL_REPRESENTATION('',(#2043),#2047);
#2043 = CIRCLE('',#2044,4.8);
#2044 = AXIS2_PLACEMENT_2D('',#2045,#2046);
#2045 = CARTESIAN_POINT('',(0.,0.));
#2046 = DIRECTION('',(1.,0.));
#2047 = ( GEOMETRIC_REPRESENTATION_CONTEXT(2) 
PARAMETRIC_REPRESENTATION_CONTEXT() REPRESENTATION_CONTEXT('2D SPACE',''
  ) );
#2048 = PCURVE('',#1961,#2049);
#2049 = DEFINITIONAL_REPRESENTATION('',(#2050),#2054);
#2050 = LINE('',#2051,#2052);
#2051 = CARTESIAN_POINT('',(0.,6.3));
#2052 = VECTOR('',#2053,1.);
#2053 = DIRECTION('',(1.,0.));
#2054 = ( GEOMETRIC_REPRESENTATION_CONTEXT(2) 
PARAMETRIC_REPRESENTATION_CONTEXT() REPRESENTATION_CONTEXT('2D SPACE',''
  ) );
#2055 = ORIENTED_EDGE('',*,*,#2056,.T.);
#2056 = EDGE_CURVE('',#2033,#1945,#2057,.T.);
#2057 = SURFACE_CURVE('',#2058,(#2063,#2070),.PCURVE_S1.);
#2058 = CIRCLE('',#2059,4.8);
#2059 = AXIS2_PLACEMENT_3D('',#2060,#2061,#2062);
#2060 = CARTESIAN_POINT('',(17.428654868376,49.080746668257,0.));
#2061 = DIRECTION('',(0.642787609687,0.766044443119,0.));
#2062 = DIRECTION('',(0.766044443119,-0.642787609687,0.));
#2063 = PCURVE('',#1933,#2064);
#2064 = DEFINITIONAL_REPRESENTATION('',(#2065),#2069);
#2065 = CIRCLE('',#2066,4.8);
#2066 = AXIS2_PLACEMENT_2D('',#2067,#2068);
#2067 = CARTESIAN_POINT('',(0.,0.));
#2068 = DIRECTION('',(1.,0.));
#2069 = ( GEOMETRIC_REPRESENTATION_CONTEXT(2) 
PARAMETRIC_REPRESENTATION_CONTEXT() REPRESENTATION_CONTEXT('2D SPACE',''
  ) );
#2070 = PCURVE('',#1961,#2071);
#2071 = DEFINITIONAL_REPRESENTATION('',(#2072),#2076);
#2072 = LINE('',#2073,#2074);
#2073 = CARTESIAN_POINT('',(0.,6.3));
#2074 = VECTOR('',#2075,1.);
#2075 = DIRECTION('',(1.,0.));
#2076 = ( GEOMETRIC_REPRESENTATION_CONTEXT(2) 
PARAMETRIC_REPRESENTATION_CONTEXT() REPRESENTATION_CONTEXT('2D SPACE',''
  ) );
#2077 = ORIENTED_EDGE('',*,*,#1979,.F.);
#2078 = ORIENTED_EDGE('',*,*,#2079,.F.);
#2079 = EDGE_CURVE('',#2080,#1980,#2082,.T.);
#2080 = VERTEX_POINT('',#2081);
#2081 = CARTESIAN_POINT('',(20.722645973788,46.316759946605,
    1.053196247267E-15));
#2082 = SURFACE_CURVE('',#2083,(#2088,#2095),.PCURVE_S1.);
#2083 = CIRCLE('',#2084,4.3);
#2084 = AXIS2_PLACEMENT_3D('',#2085,#2086,#2087);
#2085 = CARTESIAN_POINT('',(17.428654868376,49.080746668257,0.));
#2086 = DIRECTION('',(0.642787609687,0.766044443119,0.));
#2087 = DIRECTION('',(0.766044443119,-0.642787609687,0.));
#2088 = PCURVE('',#1933,#2089);
#2089 = DEFINITIONAL_REPRESENTATION('',(#2090),#2094);
#2090 = CIRCLE('',#2091,4.3);
#2091 = AXIS2_PLACEMENT_2D('',#2092,#2093);
#2092 = CARTESIAN_POINT('',(0.,0.));
#2093 = DIRECTION('',(1.,0.));
#2094 = ( GEOMETRIC_REPRESENTATION_CONTEXT(2) 
PARAMETRIC_REPRESENTATION_CONTEXT() REPRESENTATION_CONTEXT('2D SPACE',''
  ) );
#2095 = PCURVE('',#1900,#2096);
#2096 = DEFINITIONAL_REPRESENTATION('',(#2097),#2101);
#2097 = LINE('',#2098,#2099);
#2098 = CARTESIAN_POINT('',(6.28318530718,0.));
#2099 = VECTOR('',#2100,1.);
#2100 = DIRECTION('',(1.,0.));
#2101 = ( GEOMETRIC_REPRESENTATION_CONTEXT(2) 
PARAMETRIC_REPRESENTATION_CONTEXT() REPRESENTATION_CONTEXT('2D SPACE',''
  ) );
#2102 = ORIENTED_EDGE('',*,*,#2103,.F.);
#2103 = EDGE_CURVE('',#1884,#2080,#2104,.T.);
#2104 = SURFACE_CURVE('',#2105,(#2110,#2117),.PCURVE_S1.);
#2105 = CIRCLE('',#2106,4.3);
#2106 = AXIS2_PLACEMENT_3D('',#2107,#2108,#2109);
#2107 = CARTESIAN_POINT('',(17.428654868376,49.080746668257,0.));
#2108 = DIRECTION('',(0.642787609687,0.766044443119,0.));
#2109 = DIRECTION('',(0.766044443119,-0.642787609687,0.));
#2110 = PCURVE('',#1933,#2111);
#2111 = DEFINITIONAL_REPRESENTATION('',(#2112),#2116);
#2112 = CIRCLE('',#2113,4.3);
#2113 = AXIS2_PLACEMENT_2D('',#2114,#2115);
#2114 = CARTESIAN_POINT('',(0.,0.));
#2115 = DIRECTION('',(1.,0.));
#2116 = ( GEOMETRIC_REPRESENTATION_CONTEXT(2) 
PARAMETRIC_REPRESENTATION_CONTEXT() REPRESENTATION_CONTEXT('2D SPACE',''
  ) );
#2117 = PCURVE('',#1900,#2118);
#2118 = DEFINITIONAL_REPRESENTATION('',(#2119),#2123);
#2119 = LINE('',#2120,#2121);
#2120 = CARTESIAN_POINT('',(0.,0.));
#2121 = VECTOR('',#2122,1.);
#2122 = DIRECTION('',(1.,0.));
#2123 = ( GEOMETRIC_REPRESENTATION_CONTEXT(2) 
PARAMETRIC_REPRESENTATION_CONTEXT() REPRESENTATION_CONTEXT('2D SPACE',''
  ) );
#2124 = ADVANCED_FACE('',(#2125),#1961,.F.);
#2125 = FACE_BOUND('',#2126,.F.);
#2126 = EDGE_LOOP('',(#2127,#2150,#2151,#2152,#2153,#2154));
#2127 = ORIENTED_EDGE('',*,*,#2128,.T.);
#2128 = EDGE_CURVE('',#2129,#2033,#2131,.T.);
#2129 = VERTEX_POINT('',#2130);
#2130 = CARTESIAN_POINT('',(17.056106254322,41.169286150112,
    1.175660927181E-15));
#2131 = SEAM_CURVE('',#2132,(#2136,#2143),.PCURVE_S1.);
#2132 = LINE('',#2133,#2134);
#2133 = CARTESIAN_POINT('',(17.056106254322,41.169286150112,
    1.175660927181E-15));
#2134 = VECTOR('',#2135,1.);
#2135 = DIRECTION('',(0.642787609687,0.766044443119,0.));
#2136 = PCURVE('',#1961,#2137);
#2137 = DEFINITIONAL_REPRESENTATION('',(#2138),#2142);
#2138 = LINE('',#2139,#2140);
#2139 = CARTESIAN_POINT('',(6.28318530718,-0.));
#2140 = VECTOR('',#2141,1.);
#2141 = DIRECTION('',(0.,1.));
#2142 = ( GEOMETRIC_REPRESENTATION_CONTEXT(2) 
PARAMETRIC_REPRESENTATION_CONTEXT() REPRESENTATION_CONTEXT('2D SPACE',''
  ) );
#2143 = PCURVE('',#1961,#2144);
#2144 = DEFINITIONAL_REPRESENTATION('',(#2145),#2149);
#2145 = LINE('',#2146,#2147);
#2146 = CARTESIAN_POINT('',(0.,-0.));
#2147 = VECTOR('',#2148,1.);
#2148 = DIRECTION('',(0.,1.));
#2149 = ( GEOMETRIC_REPRESENTATION_CONTEXT(2) 
PARAMETRIC_REPRESENTATION_CONTEXT() REPRESENTATION_CONTEXT('2D SPACE',''
  ) );
#2150 = ORIENTED_EDGE('',*,*,#2032,.F.);
#2151 = ORIENTED_EDGE('',*,*,#1944,.F.);
#2152 = ORIENTED_EDGE('',*,*,#2056,.F.);
#2153 = ORIENTED_EDGE('',*,*,#2128,.F.);
#2154 = ORIENTED_EDGE('',*,*,#2155,.T.);
#2155 = EDGE_CURVE('',#2129,#2129,#2156,.T.);
#2156 = SURFACE_CURVE('',#2157,(#2162,#2169),.PCURVE_S1.);
#2157 = CIRCLE('',#2158,4.8);
#2158 = AXIS2_PLACEMENT_3D('',#2159,#2160,#2161);
#2159 = CARTESIAN_POINT('',(13.379092927351,44.254666676608,0.));
#2160 = DIRECTION('',(0.642787609687,0.766044443119,0.));
#2161 = DIRECTION('',(0.766044443119,-0.642787609687,0.));
#2162 = PCURVE('',#1961,#2163);
#2163 = DEFINITIONAL_REPRESENTATION('',(#2164),#2168);
#2164 = LINE('',#2165,#2166);
#2165 = CARTESIAN_POINT('',(0.,0.));
#2166 = VECTOR('',#2167,1.);
#2167 = DIRECTION('',(1.,0.));
#2168 = ( GEOMETRIC_REPRESENTATION_CONTEXT(2) 
PARAMETRIC_REPRESENTATION_CONTEXT() REPRESENTATION_CONTEXT('2D SPACE',''
  ) );
#2169 = PCURVE('',#2170,#2175);
#2170 = PLANE('',#2171);
#2171 = AXIS2_PLACEMENT_3D('',#2172,#2173,#2174);
#2172 = CARTESIAN_POINT('',(13.379092927351,44.254666676608,0.));
#2173 = DIRECTION('',(0.642787609687,0.766044443119,0.));
#2174 = DIRECTION('',(0.766044443119,-0.642787609687,0.));
#2175 = DEFINITIONAL_REPRESENTATION('',(#2176),#2180);
#2176 = CIRCLE('',#2177,4.8);
#2177 = AXIS2_PLACEMENT_2D('',#2178,#2179);
#2178 = CARTESIAN_POINT('',(0.,0.));
#2179 = DIRECTION('',(1.,0.));
#2180 = ( GEOMETRIC_REPRESENTATION_CONTEXT(2) 
PARAMETRIC_REPRESENTATION_CONTEXT() REPRESENTATION_CONTEXT('2D SPACE',''
  ) );
#2181 = ADVANCED_FACE('',(#2182,#2185),#2170,.T.);
#2182 = FACE_BOUND('',#2183,.T.);
#2183 = EDGE_LOOP('',(#2184));
#2184 = ORIENTED_EDGE('',*,*,#2155,.T.);
#2185 = FACE_BOUND('',#2186,.T.);
#2186 = EDGE_LOOP('',(#2187));
#2187 = ORIENTED_EDGE('',*,*,#2188,.T.);
#2188 = EDGE_CURVE('',#2189,#2189,#2191,.T.);
#2189 = VERTEX_POINT('',#2190);
#2190 = CARTESIAN_POINT('',(12.230026262672,45.218848091137,
    3.673940397442E-16));
#2191 = SURFACE_CURVE('',#2192,(#2197,#2208),.PCURVE_S1.);
#2192 = CIRCLE('',#2193,1.5);
#2193 = AXIS2_PLACEMENT_3D('',#2194,#2195,#2196);
#2194 = CARTESIAN_POINT('',(13.379092927351,44.254666676608,0.));
#2195 = DIRECTION('',(-0.642787609687,-0.766044443119,-0.));
#2196 = DIRECTION('',(-0.766044443119,0.642787609687,0.));
#2197 = PCURVE('',#2170,#2198);
#2198 = DEFINITIONAL_REPRESENTATION('',(#2199),#2207);
#2199 = ( BOUNDED_CURVE() B_SPLINE_CURVE(2,(#2200,#2201,#2202,#2203,
#2204,#2205,#2206),.UNSPECIFIED.,.T.,.F.) B_SPLINE_CURVE_WITH_KNOTS((1,2
    ,2,2,2,1),(-2.094395102393,0.,2.094395102393,4.188790204786,
6.28318530718,8.377580409573),.UNSPECIFIED.) CURVE() 
GEOMETRIC_REPRESENTATION_ITEM() RATIONAL_B_SPLINE_CURVE((1.,0.5,1.,0.5,
1.,0.5,1.)) REPRESENTATION_ITEM('') );
#2200 = CARTESIAN_POINT('',(-1.5,0.));
#2201 = CARTESIAN_POINT('',(-1.5,2.598076211353));
#2202 = CARTESIAN_POINT('',(0.75,1.299038105677));
#2203 = CARTESIAN_POINT('',(3.,3.673940397442E-16));
#2204 = CARTESIAN_POINT('',(0.75,-1.299038105677));
#2205 = CARTESIAN_POINT('',(-1.5,-2.598076211353));
#2206 = CARTESIAN_POINT('',(-1.5,0.));
#2207 = ( GEOMETRIC_REPRESENTATION_CONTEXT(2) 
PARAMETRIC_REPRESENTATION_CONTEXT() REPRESENTATION_CONTEXT('2D SPACE',''
  ) );
#2208 = PCURVE('',#2209,#2214);
#2209 = CYLINDRICAL_SURFACE('',#2210,1.5);
#2210 = AXIS2_PLACEMENT_3D('',#2211,#2212,#2213);
#2211 = CARTESIAN_POINT('',(13.379092927351,44.254666676608,0.));
#2212 = DIRECTION('',(-0.642787609687,-0.766044443119,-0.));
#2213 = DIRECTION('',(-0.766044443119,0.642787609687,0.));
#2214 = DEFINITIONAL_REPRESENTATION('',(#2215),#2219);
#2215 = LINE('',#2216,#2217);
#2216 = CARTESIAN_POINT('',(0.,0.));
#2217 = VECTOR('',#2218,1.);
#2218 = DIRECTION('',(1.,0.));
#2219 = ( GEOMETRIC_REPRESENTATION_CONTEXT(2) 
PARAMETRIC_REPRESENTATION_CONTEXT() REPRESENTATION_CONTEXT('2D SPACE',''
  ) );
#2220 = ADVANCED_FACE('',(#2221),#2209,.F.);
#2221 = FACE_BOUND('',#2222,.F.);
#2222 = EDGE_LOOP('',(#2223,#2662,#2683,#2684));
#2223 = ORIENTED_EDGE('',*,*,#2224,.F.);
#2224 = EDGE_CURVE('',#2225,#2225,#2227,.T.);
#2225 = VERTEX_POINT('',#2226);
#2226 = CARTESIAN_POINT('',(5.122764401842,36.748743234985,
    3.673940397442E-16));
#2227 = SURFACE_CURVE('',#2228,(#2369,#2513),.PCURVE_S1.);
#2228 = B_SPLINE_CURVE_WITH_KNOTS('',7,(#2229,#2230,#2231,#2232,#2233,
    #2234,#2235,#2236,#2237,#2238,#2239,#2240,#2241,#2242,#2243,#2244,
    #2245,#2246,#2247,#2248,#2249,#2250,#2251,#2252,#2253,#2254,#2255,
    #2256,#2257,#2258,#2259,#2260,#2261,#2262,#2263,#2264,#2265,#2266,
    #2267,#2268,#2269,#2270,#2271,#2272,#2273,#2274,#2275,#2276,#2277,
    #2278,#2279,#2280,#2281,#2282,#2283,#2284,#2285,#2286,#2287,#2288,
    #2289,#2290,#2291,#2292,#2293,#2294,#2295,#2296,#2297,#2298,#2299,
    #2300,#2301,#2302,#2303,#2304,#2305,#2306,#2307,#2308,#2309,#2310,
    #2311,#2312,#2313,#2314,#2315,#2316,#2317,#2318,#2319,#2320,#2321,
    #2322,#2323,#2324,#2325,#2326,#2327,#2328,#2329,#2330,#2331,#2332,
    #2333,#2334,#2335,#2336,#2337,#2338,#2339,#2340,#2341,#2342,#2343,
    #2344,#2345,#2346,#2347,#2348,#2349,#2350,#2351,#2352,#2353,#2354,
    #2355,#2356,#2357,#2358,#2359,#2360,#2361,#2362,#2363,#2364,#2365,
    #2366,#2367,#2368),.UNSPECIFIED.,.T.,.F.,(8,6,6,6,6,6,6,6,6,6,6,6,6,
    6,6,6,6,6,6,6,6,6,6,8),(0.,7.127205430036E-02,0.106704288833,
    0.1351032374,0.157894339458,0.223226759478,0.31405645123,
    0.349880403884,0.397802176054,0.436714192196,0.457440845463,
    0.500002231371,0.52928390385,0.54256479499,0.563291018021,
    0.602202226441,0.650123003867,0.685946212901,0.776774019241,
    0.842653679936,0.865431673449,0.89380894508,0.929208214536,1.),
  .UNSPECIFIED.);
#2229 = CARTESIAN_POINT('',(5.122764401842,36.748743234986,
    4.440892098501E-16));
#2230 = CARTESIAN_POINT('',(5.122764409657,36.748743227163,
    -0.110143624327));
#2231 = CARTESIAN_POINT('',(5.128891534356,36.741365765361,
    -0.220318343072));
#2232 = CARTESIAN_POINT('',(5.141150921854,36.72660329065,
    -0.328295534036));
#2233 = CARTESIAN_POINT('',(5.159117870044,36.70513012773,
    -0.432495355365));
#2234 = CARTESIAN_POINT('',(5.182278972042,36.677867794772,
    -0.531833215549));
#2235 = CARTESIAN_POINT('',(5.210048419007,36.645789937794,
    -0.625619048799));
#2236 = CARTESIAN_POINT('',(5.257682927232,36.591897421176,
    -0.757163146236));
#2237 = CARTESIAN_POINT('',(5.274516479498,36.573015419313,
    -0.799423439539));
#2238 = CARTESIAN_POINT('',(5.292310281156,36.553242916583,-0.8402394488
    ));
#2239 = CARTESIAN_POINT('',(5.311012062554,36.532668944855,
    -0.879598833979));
#2240 = CARTESIAN_POINT('',(5.330573912332,36.51137460468,-0.91749881966
    ));
#2241 = CARTESIAN_POINT('',(5.350953121038,36.489432049784,
    -0.953944065706));
#2242 = CARTESIAN_POINT('',(5.389072695085,36.448846808126,
    -1.016997428793));
#2243 = CARTESIAN_POINT('',(5.406533117954,36.43041457834,
    -1.044120852885));
#2244 = CARTESIAN_POINT('',(5.424474883691,36.411639339816,
    -1.070319486849));
#2245 = CARTESIAN_POINT('',(5.442879812655,36.392551142082,
    -1.095598225142));
#2246 = CARTESIAN_POINT('',(5.461730955229,36.373177526587,
    -1.119962180001));
#2247 = CARTESIAN_POINT('',(5.481012591814,36.353543526706,
    -1.143416681438));
#2248 = CARTESIAN_POINT('',(5.516518245788,36.317723839075,
    -1.184064881438));
#2249 = CARTESIAN_POINT('',(5.532594012185,36.301623043117,
    -1.201580069209));
#2250 = CARTESIAN_POINT('',(5.548929955398,36.285381038795,
    -1.218515503739));
#2251 = CARTESIAN_POINT('',(5.565518752707,36.269008912576,
    -1.23487360251));
#2252 = CARTESIAN_POINT('',(5.582353335304,36.25251707846,
    -1.250656537311));
#2253 = CARTESIAN_POINT('',(5.59942688829,36.235915277986,
    -1.265866234236));
#2254 = CARTESIAN_POINT('',(5.666341702445,36.171333032189,
    -1.322465708952));
#2255 = CARTESIAN_POINT('',(5.717855218799,36.12262943465,
    -1.359726209032));
#2256 = CARTESIAN_POINT('',(5.771125304335,36.073309670285,
    -1.392333066561));
#2257 = CARTESIAN_POINT('',(5.826004272646,36.02355631416,
    -1.420298973267));
#2258 = CARTESIAN_POINT('',(5.882342027685,35.973532109956,
    -1.443616512825));
#2259 = CARTESIAN_POINT('',(5.939985543193,35.923383385422,
    -1.462262957008));
#2260 = CARTESIAN_POINT('',(6.080521689055,35.803530527901,
    -1.495565410705));
#2261 = CARTESIAN_POINT('',(6.164460906828,35.733856285852,
    -1.505817613172));
#2262 = CARTESIAN_POINT('',(6.250188436709,35.66456531059,
    -1.506849792722));
#2263 = CARTESIAN_POINT('',(6.33721584084,35.5960124434,-1.498466519679)
  );
#2264 = CARTESIAN_POINT('',(6.424968190979,35.528565288491,
    -1.480437147065));
#2265 = CARTESIAN_POINT('',(6.512776465374,35.462610648227,
    -1.452515702908));
#2266 = CARTESIAN_POINT('',(6.63422073373,35.373301878361,
    -1.399398575744));
#2267 = CARTESIAN_POINT('',(6.668456088137,35.348340463387,
    -1.38279388612));
#2268 = CARTESIAN_POINT('',(6.702527109643,35.32370536844,
    -1.364592990314));
#2269 = CARTESIAN_POINT('',(6.736380296625,35.299425291294,
    -1.344780786671));
#2270 = CARTESIAN_POINT('',(6.769957859908,35.275530825038,
    -1.323343307853));
#2271 = CARTESIAN_POINT('',(6.803197731424,35.252054426699,
    -1.300268273689));
#2272 = CARTESIAN_POINT('',(6.879958142794,35.198231080981,
    -1.242474133545));
#2273 = CARTESIAN_POINT('',(6.923157608402,35.168242683272,
    -1.20645583936));
#2274 = CARTESIAN_POINT('',(6.965474948389,35.139146207444,
    -1.167466211258));
#2275 = CARTESIAN_POINT('',(7.006732769969,35.111032969583,
    -1.125491578954));
#2276 = CARTESIAN_POINT('',(7.046735693562,35.084003242744,
    -1.080534807951));
#2277 = CARTESIAN_POINT('',(7.085272737466,35.058164912562,
    -1.032620955396));
#2278 = CARTESIAN_POINT('',(7.152039082281,35.013711752679,
    -0.940539176831));
#2279 = CARTESIAN_POINT('',(7.180842888275,34.994653004814,
    -0.89736230187));
#2280 = CARTESIAN_POINT('',(7.208410211659,34.976517761316,
    -0.852303263469));
#2281 = CARTESIAN_POINT('',(7.23461232048,34.959371956136,
    -0.805408558719));
#2282 = CARTESIAN_POINT('',(7.259316260932,34.943283758893,
    -0.756743660132));
#2283 = CARTESIAN_POINT('',(7.282388458591,34.928321748654,
    -0.706396456396));
#2284 = CARTESIAN_POINT('',(7.315049109075,34.907219151064,
    -0.626827537855));
#2285 = CARTESIAN_POINT('',(7.325899986961,34.900223751911,
    -0.598729545932));
#2286 = CARTESIAN_POINT('',(7.336230874312,34.893577229565,
    -0.570204094275));
#2287 = CARTESIAN_POINT('',(7.346022458088,34.887289535844,
    -0.541270710248));
#2288 = CARTESIAN_POINT('',(7.355256191206,34.881370235068,
    -0.511951071658));
#2289 = CARTESIAN_POINT('',(7.363914292536,34.875828504067,
    -0.48226900676));
#2290 = CARTESIAN_POINT('',(7.388541847471,34.860086774118,
    -0.390608632501));
#2291 = CARTESIAN_POINT('',(7.402607902115,34.851127805856,
    -0.327538721603));
#2292 = CARTESIAN_POINT('',(7.414028807915,34.843873659132,
    -0.263279847789));
#2293 = CARTESIAN_POINT('',(7.422683113724,34.838387211353,
    -0.198096683489));
#2294 = CARTESIAN_POINT('',(7.428483532388,34.834713560912,
    -0.132277965191));
#2295 = CARTESIAN_POINT('',(7.431383452969,34.832876802516,
    -6.613497130047E-02));
#2296 = CARTESIAN_POINT('',(7.431383452969,34.832876802516,
    4.549998849267E-02));
#2297 = CARTESIAN_POINT('',(7.430010910896,34.833746125829,
    9.100145572838E-02));
#2298 = CARTESIAN_POINT('',(7.4272657332,34.835484803293,0.136398664763)
  );
#2299 = CARTESIAN_POINT('',(7.423158157355,34.838087534014,
    0.181589239512));
#2300 = CARTESIAN_POINT('',(7.417707986694,34.841544066703,
    0.226474517902));
#2301 = CARTESIAN_POINT('',(7.410943825256,34.845839581017,
    0.270959905024));
#2302 = CARTESIAN_POINT('',(7.399255032774,34.853275231375,
    0.334909587594));
#2303 = CARTESIAN_POINT('',(7.395344910854,34.855764117081,
    0.354763478108));
#2304 = CARTESIAN_POINT('',(7.391175349599,34.858419964648,
    0.374508698091));
#2305 = CARTESIAN_POINT('',(7.386750008342,34.861240880879,
    0.394137379699));
#2306 = CARTESIAN_POINT('',(7.382072803019,34.86422484075,0.413641986982
    ));
#2307 = CARTESIAN_POINT('',(7.377147906162,34.867369687408,
    0.433015315886));
#2308 = CARTESIAN_POINT('',(7.363914292536,34.875828504067,0.48226900676
    ));
#2309 = CARTESIAN_POINT('',(7.355256191206,34.881370235068,
    0.511951071658));
#2310 = CARTESIAN_POINT('',(7.346022458088,34.887289535844,
    0.541270710248));
#2311 = CARTESIAN_POINT('',(7.336230874312,34.893577229565,
    0.570204094275));
#2312 = CARTESIAN_POINT('',(7.325899986961,34.900223751911,
    0.598729545932));
#2313 = CARTESIAN_POINT('',(7.315049109075,34.907219151064,
    0.626827537855));
#2314 = CARTESIAN_POINT('',(7.282388458591,34.928321748654,
    0.706396456396));
#2315 = CARTESIAN_POINT('',(7.259316260932,34.943283758893,
    0.756743660132));
#2316 = CARTESIAN_POINT('',(7.23461232048,34.959371956136,0.805408558719
    ));
#2317 = CARTESIAN_POINT('',(7.208410211659,34.976517761316,
    0.852303263469));
#2318 = CARTESIAN_POINT('',(7.180842888275,34.994653004814,0.89736230187
    ));
#2319 = CARTESIAN_POINT('',(7.152039082281,35.013711752679,
    0.940539176831));
#2320 = CARTESIAN_POINT('',(7.085272737466,35.058164912562,
    1.032620955396));
#2321 = CARTESIAN_POINT('',(7.046735693562,35.084003242744,
    1.080534807951));
#2322 = CARTESIAN_POINT('',(7.006732769969,35.111032969583,
    1.125491578954));
#2323 = CARTESIAN_POINT('',(6.965474948389,35.139146207445,
    1.167466211258));
#2324 = CARTESIAN_POINT('',(6.923157608402,35.168242683272,1.20645583936
    ));
#2325 = CARTESIAN_POINT('',(6.879958142794,35.198231080982,
    1.242474133545));
#2326 = CARTESIAN_POINT('',(6.803197731424,35.252054426699,
    1.300268273689));
#2327 = CARTESIAN_POINT('',(6.769957859908,35.275530825038,
    1.323343307853));
#2328 = CARTESIAN_POINT('',(6.736380296625,35.299425291294,
    1.344780786671));
#2329 = CARTESIAN_POINT('',(6.702527109643,35.32370536844,1.364592990314
    ));
#2330 = CARTESIAN_POINT('',(6.668456088137,35.348340463387,1.38279388612
    ));
#2331 = CARTESIAN_POINT('',(6.63422073373,35.373301878361,1.399398575744
    ));
#2332 = CARTESIAN_POINT('',(6.512776465373,35.462610648227,
    1.452515702908));
#2333 = CARTESIAN_POINT('',(6.424968190979,35.528565288491,
    1.480437147065));
#2334 = CARTESIAN_POINT('',(6.33721584084,35.5960124434,1.498466519679)
  );
#2335 = CARTESIAN_POINT('',(6.250188436709,35.66456531059,1.506849792722
    ));
#2336 = CARTESIAN_POINT('',(6.164460906828,35.733856285852,
    1.505817613172));
#2337 = CARTESIAN_POINT('',(6.080521689055,35.803530527901,
    1.495565410705));
#2338 = CARTESIAN_POINT('',(5.939491830073,35.923804436731,
    1.462145963204));
#2339 = CARTESIAN_POINT('',(5.881374191031,35.974374182747,
    1.443303063262));
#2340 = CARTESIAN_POINT('',(5.824585614144,36.024816208482,
    1.419710705228));
#2341 = CARTESIAN_POINT('',(5.769282938799,36.074980402891,
    1.391391950826));
#2342 = CARTESIAN_POINT('',(5.715620057811,36.124699585683,
    1.358354100635));
#2343 = CARTESIAN_POINT('',(5.66374845844,36.173785929636,1.320583692202
    ));
#2344 = CARTESIAN_POINT('',(5.596557427281,36.238704001639,
    1.263318851892));
#2345 = CARTESIAN_POINT('',(5.579527607043,36.255280910059,
    1.248035204612));
#2346 = CARTESIAN_POINT('',(5.562737303763,36.271746819967,1.23217872948
    ));
#2347 = CARTESIAN_POINT('',(5.546193340646,36.288091948304,
    1.215747476923));
#2348 = CARTESIAN_POINT('',(5.529902798925,36.304305834312,
    1.198739255698));
#2349 = CARTESIAN_POINT('',(5.513873017856,36.320377339527,
    1.181151632896));
#2350 = CARTESIAN_POINT('',(5.478475704262,36.356124742999,
    1.140345766167));
#2351 = CARTESIAN_POINT('',(5.459256600158,36.375715159758,
    1.116806567628));
#2352 = CARTESIAN_POINT('',(5.440468804571,36.395043273442,
    1.092358765293));
#2353 = CARTESIAN_POINT('',(5.422128079998,36.41408393889,1.066997031451
    ));
#2354 = CARTESIAN_POINT('',(5.404251429277,36.432809490402,
    1.040716283708));
#2355 = CARTESIAN_POINT('',(5.386857095586,36.451189741739,
    1.013511684992));
#2356 = CARTESIAN_POINT('',(5.348891946991,36.491648912499,
    0.950284039404));
#2357 = CARTESIAN_POINT('',(5.328601392742,36.51351621623,0.913746749798
    ));
#2358 = CARTESIAN_POINT('',(5.30912969072,36.534731451141,0.875756998139
    ));
#2359 = CARTESIAN_POINT('',(5.290519699522,36.555222179032,
    0.836310429941));
#2360 = CARTESIAN_POINT('',(5.272819484072,36.574907018699,
    0.795410276778));
#2361 = CARTESIAN_POINT('',(5.256081454375,36.593696694938,
    0.753069520236));
#2362 = CARTESIAN_POINT('',(5.208924603082,36.647088477232,
    0.621808474948));
#2363 = CARTESIAN_POINT('',(5.181499255982,36.678785792945,
    0.528474774727));
#2364 = CARTESIAN_POINT('',(5.158633752719,36.705708655158,
    0.429678580928));
#2365 = CARTESIAN_POINT('',(5.140902082838,36.726902966877,
    0.326103064412));
#2366 = CARTESIAN_POINT('',(5.128808198321,36.741466098071,
    0.218820797479));
#2367 = CARTESIAN_POINT('',(5.122764409603,36.748743227216,0.10939219338
    ));
#2368 = CARTESIAN_POINT('',(5.122764401842,36.748743234985,
    4.440892098501E-16));
#2369 = PCURVE('',#2209,#2370);
#2370 = DEFINITIONAL_REPRESENTATION('',(#2371),#2512);
#2371 = B_SPLINE_CURVE_WITH_KNOTS('',7,(#2372,#2373,#2374,#2375,#2376,
    #2377,#2378,#2379,#2380,#2381,#2382,#2383,#2384,#2385,#2386,#2387,
    #2388,#2389,#2390,#2391,#2392,#2393,#2394,#2395,#2396,#2397,#2398,
    #2399,#2400,#2401,#2402,#2403,#2404,#2405,#2406,#2407,#2408,#2409,
    #2410,#2411,#2412,#2413,#2414,#2415,#2416,#2417,#2418,#2419,#2420,
    #2421,#2422,#2423,#2424,#2425,#2426,#2427,#2428,#2429,#2430,#2431,
    #2432,#2433,#2434,#2435,#2436,#2437,#2438,#2439,#2440,#2441,#2442,
    #2443,#2444,#2445,#2446,#2447,#2448,#2449,#2450,#2451,#2452,#2453,
    #2454,#2455,#2456,#2457,#2458,#2459,#2460,#2461,#2462,#2463,#2464,
    #2465,#2466,#2467,#2468,#2469,#2470,#2471,#2472,#2473,#2474,#2475,
    #2476,#2477,#2478,#2479,#2480,#2481,#2482,#2483,#2484,#2485,#2486,
    #2487,#2488,#2489,#2490,#2491,#2492,#2493,#2494,#2495,#2496,#2497,
    #2498,#2499,#2500,#2501,#2502,#2503,#2504,#2505,#2506,#2507,#2508,
    #2509,#2510,#2511),.UNSPECIFIED.,.F.,.F.,(8,6,6,6,6,6,6,6,6,6,6,6,6,
    6,6,6,6,6,6,6,6,6,6,8),(0.,7.127205430036E-02,0.106704288833,
    0.1351032374,0.157894339458,0.223226759478,0.31405645123,
    0.349880403884,0.397802176054,0.436714192196,0.457440845463,
    0.500002231371,0.52928390385,0.54256479499,0.563291018021,
    0.602202226441,0.650123003867,0.685946212901,0.776774019241,
    0.842653679936,0.865431673449,0.89380894508,0.929208214536,1.),
  .UNSPECIFIED.);
#2372 = CARTESIAN_POINT('',(0.,11.05693662063));
#2373 = CARTESIAN_POINT('',(7.34290828849E-02,11.056936621599));
#2374 = CARTESIAN_POINT('',(0.146878754248,11.058649645377));
#2375 = CARTESIAN_POINT('',(0.219510992719,11.062078174711));
#2376 = CARTESIAN_POINT('',(0.290916881149,11.06697864016));
#2377 = CARTESIAN_POINT('',(0.360835204737,11.072975129439));
#2378 = CARTESIAN_POINT('',(0.429117435195,11.079698337086));
#2379 = CARTESIAN_POINT('',(0.528813758516,11.090363528287));
#2380 = CARTESIAN_POINT('',(0.561533917822,11.094007582065));
#2381 = CARTESIAN_POINT('',(0.593881214804,11.097716562674));
#2382 = CARTESIAN_POINT('',(0.62587051238,11.101455866027));
#2383 = CARTESIAN_POINT('',(0.657519520777,11.105194162328));
#2384 = CARTESIAN_POINT('',(0.688848929232,11.108903631722));
#2385 = CARTESIAN_POINT('',(0.744755985926,11.115490940684));
#2386 = CARTESIAN_POINT('',(0.769438378642,11.118387504405));
#2387 = CARTESIAN_POINT('',(0.793941135981,11.121237426833));
#2388 = CARTESIAN_POINT('',(0.818275587194,11.124029374341));
#2389 = CARTESIAN_POINT('',(0.842452970658,11.126753143959));
#2390 = CARTESIAN_POINT('',(0.866484433877,11.129399663373));
#2391 = CARTESIAN_POINT('',(0.909558850542,11.134016541589));
#2392 = CARTESIAN_POINT('',(0.928649673984,11.136017163405));
#2393 = CARTESIAN_POINT('',(0.947659132008,11.137958718672));
#2394 = CARTESIAN_POINT('',(0.966592712838,11.139837421615));
#2395 = CARTESIAN_POINT('',(0.985455764712,11.141649838388));
#2396 = CARTESIAN_POINT('',(1.004253495887,11.143392887074));
#2397 = CARTESIAN_POINT('',(1.076703376462,11.149853744148));
#2398 = CARTESIAN_POINT('',(1.129915477002,11.154050614358));
#2399 = CARTESIAN_POINT('',(1.182755847974,11.157590394837));
#2400 = CARTESIAN_POINT('',(1.235330371483,11.16042815596));
#2401 = CARTESIAN_POINT('',(1.287734163534,11.162535708716));
#2402 = CARTESIAN_POINT('',(1.340060162441,11.163899322927));
#2403 = CARTESIAN_POINT('',(1.465176970991,11.16537704515));
#2404 = CARTESIAN_POINT('',(1.537960605968,11.164795521949));
#2405 = CARTESIAN_POINT('',(1.611018685337,11.16277089449));
#2406 = CARTESIAN_POINT('',(1.684567559282,11.159345300382));
#2407 = CARTESIAN_POINT('',(1.758804904599,11.154606695214));
#2408 = CARTESIAN_POINT('',(1.833938389503,11.148688810077));
#2409 = CARTESIAN_POINT('',(1.940298583757,11.139040425988));
#2410 = CARTESIAN_POINT('',(1.970556870432,11.136155917596));
#2411 = CARTESIAN_POINT('',(2.001002920669,11.133127064712));
#2412 = CARTESIAN_POINT('',(2.031649528069,11.129966273748));
#2413 = CARTESIAN_POINT('',(2.062509104228,11.126687255203));
#2414 = CARTESIAN_POINT('',(2.093593935216,11.123305042136));
#2415 = CARTESIAN_POINT('',(2.166816611925,11.115195475691));
#2416 = CARTESIAN_POINT('',(2.209140205131,11.110399839876));
#2417 = CARTESIAN_POINT('',(2.251917925895,11.105487971679));
#2418 = CARTESIAN_POINT('',(2.295175734845,11.100503944807));
#2419 = CARTESIAN_POINT('',(2.338935168435,11.095496533214));
#2420 = CARTESIAN_POINT('',(2.383213662362,11.090518708134));
#2421 = CARTESIAN_POINT('',(2.464411146819,11.081655225051));
#2422 = CARTESIAN_POINT('',(2.501147190535,11.07774034334));
#2423 = CARTESIAN_POINT('',(2.538237967508,11.073912811943));
#2424 = CARTESIAN_POINT('',(2.575684402127,11.070204869826));
#2425 = CARTESIAN_POINT('',(2.613482478788,11.066649757091));
#2426 = CARTESIAN_POINT('',(2.651622338875,11.063280799109));
#2427 = CARTESIAN_POINT('',(2.710575946644,11.058452465273));
#2428 = CARTESIAN_POINT('',(2.731156618302,11.056836442063));
#2429 = CARTESIAN_POINT('',(2.751826714557,11.055287407185));
#2430 = CARTESIAN_POINT('',(2.772582958813,11.05381015129));
#2431 = CARTESIAN_POINT('',(2.793421476037,11.052409269517));
#2432 = CARTESIAN_POINT('',(2.814337792768,11.051089161498));
#2433 = CARTESIAN_POINT('',(2.878427033002,11.047317739081));
#2434 = CARTESIAN_POINT('',(2.921840536435,11.045139221292));
#2435 = CARTESIAN_POINT('',(2.965512570678,11.043355003339));
#2436 = CARTESIAN_POINT('',(3.009388065499,11.041994985628));
#2437 = CARTESIAN_POINT('',(3.053407487877,11.041080727887));
#2438 = CARTESIAN_POINT('',(3.097502672723,11.040623733431));
#2439 = CARTESIAN_POINT('',(3.171925979252,11.040623733431));
#2440 = CARTESIAN_POINT('',(3.202260278917,11.040840046176));
#2441 = CARTESIAN_POINT('',(3.23257069463,11.041272708175));
#2442 = CARTESIAN_POINT('',(3.262834512055,11.041919199629));
#2443 = CARTESIAN_POINT('',(3.293030479428,11.042774644141));
#2444 = CARTESIAN_POINT('',(3.323138126508,11.043832008433));
#2445 = CARTESIAN_POINT('',(3.366743303695,11.045649380775));
#2446 = CARTESIAN_POINT('',(3.380327395898,11.046256161633));
#2447 = CARTESIAN_POINT('',(3.393887622704,11.046901806675));
#2448 = CARTESIAN_POINT('',(3.407422342188,11.047585414));
#2449 = CARTESIAN_POINT('',(3.420930007932,11.048306017752));
#2450 = CARTESIAN_POINT('',(3.434409169027,11.049062588124));
#2451 = CARTESIAN_POINT('',(3.468847514411,11.051089161498));
#2452 = CARTESIAN_POINT('',(3.489763831142,11.052409269517));
#2453 = CARTESIAN_POINT('',(3.510602348367,11.05381015129));
#2454 = CARTESIAN_POINT('',(3.531358592622,11.055287407185));
#2455 = CARTESIAN_POINT('',(3.552028688878,11.056836442063));
#2456 = CARTESIAN_POINT('',(3.572609360536,11.058452465273));
#2457 = CARTESIAN_POINT('',(3.631562968305,11.063280799109));
#2458 = CARTESIAN_POINT('',(3.669702828392,11.066649757091));
#2459 = CARTESIAN_POINT('',(3.707500905053,11.070204869826));
#2460 = CARTESIAN_POINT('',(3.744947339672,11.073912811943));
#2461 = CARTESIAN_POINT('',(3.782038116644,11.07774034334));
#2462 = CARTESIAN_POINT('',(3.81877416036,11.081655225051));
#2463 = CARTESIAN_POINT('',(3.899971644817,11.090518708134));
#2464 = CARTESIAN_POINT('',(3.944250138745,11.095496533214));
#2465 = CARTESIAN_POINT('',(3.988009572335,11.100503944807));
#2466 = CARTESIAN_POINT('',(4.031267381285,11.105487971679));
#2467 = CARTESIAN_POINT('',(4.074045102048,11.110399839876));
#2468 = CARTESIAN_POINT('',(4.116368695255,11.115195475691));
#2469 = CARTESIAN_POINT('',(4.189591371964,11.123305042136));
#2470 = CARTESIAN_POINT('',(4.220676202952,11.126687255203));
#2471 = CARTESIAN_POINT('',(4.251535779111,11.129966273748));
#2472 = CARTESIAN_POINT('',(4.28218238651,11.133127064712));
#2473 = CARTESIAN_POINT('',(4.312628436748,11.136155917596));
#2474 = CARTESIAN_POINT('',(4.342886723422,11.139040425988));
#2475 = CARTESIAN_POINT('',(4.449246917677,11.148688810077));
#2476 = CARTESIAN_POINT('',(4.524380402581,11.154606695214));
#2477 = CARTESIAN_POINT('',(4.598617747898,11.159345300382));
#2478 = CARTESIAN_POINT('',(4.672166621843,11.16277089449));
#2479 = CARTESIAN_POINT('',(4.745224701211,11.164795521949));
#2480 = CARTESIAN_POINT('',(4.818008336188,11.16537704515));
#2481 = CARTESIAN_POINT('',(4.943564688668,11.163894131587));
#2482 = CARTESIAN_POINT('',(4.996329777391,11.162512756943));
#2483 = CARTESIAN_POINT('',(5.049174802738,11.160374917024));
#2484 = CARTESIAN_POINT('',(5.102195117926,11.157494789147));
#2485 = CARTESIAN_POINT('',(5.155488274717,11.153901520452));
#2486 = CARTESIAN_POINT('',(5.20916300286,11.149641620804));
#2487 = CARTESIAN_POINT('',(5.282087541248,11.1431010548));
#2488 = CARTESIAN_POINT('',(5.300884163608,11.141348963664));
#2489 = CARTESIAN_POINT('',(5.319746653895,11.13952794379));
#2490 = CARTESIAN_POINT('',(5.338680225813,11.137641103562));
#2491 = CARTESIAN_POINT('',(5.357690232059,11.135691904658));
#2492 = CARTESIAN_POINT('',(5.376782164315,11.133684162052));
#2493 = CARTESIAN_POINT('',(5.419855837214,11.129053016861));
#2494 = CARTESIAN_POINT('',(5.443885705018,11.126399688951));
#2495 = CARTESIAN_POINT('',(5.468062314399,11.123670057085));
#2496 = CARTESIAN_POINT('',(5.492396803853,11.120873251633));
#2497 = CARTESIAN_POINT('',(5.516900392636,11.118019536539));
#2498 = CARTESIAN_POINT('',(5.541584380767,11.115120309315));
#2499 = CARTESIAN_POINT('',(5.597491462919,11.108530313497));
#2500 = CARTESIAN_POINT('',(5.628819602572,11.104821503853));
#2501 = CARTESIAN_POINT('',(5.660468266123,11.10108585984));
#2502 = CARTESIAN_POINT('',(5.692457997576,11.097351323362));
#2503 = CARTESIAN_POINT('',(5.72480629965,11.0936493405));
#2504 = CARTESIAN_POINT('',(5.75752774662,11.09001461153));
#2505 = CARTESIAN_POINT('',(5.856840482263,11.079425973118));
#2506 = CARTESIAN_POINT('',(5.924712888715,11.072773093862));
#2507 = CARTESIAN_POINT('',(5.994198435747,11.066846647057));
#2508 = CARTESIAN_POINT('',(6.065149167384,11.062008560038));
#2509 = CARTESIAN_POINT('',(6.137304902837,11.058626353433));
#2510 = CARTESIAN_POINT('',(6.21025717826,11.056936621593));
#2511 = CARTESIAN_POINT('',(6.28318530718,11.05693662063));
#2512 = ( GEOMETRIC_REPRESENTATION_CONTEXT(2) 
PARAMETRIC_REPRESENTATION_CONTEXT() REPRESENTATION_CONTEXT('2D SPACE',''
  ) );
#2513 = PCURVE('',#2514,#2519);
#2514 = CONICAL_SURFACE('',#2515,24.1,0.878102201471);
#2515 = AXIS2_PLACEMENT_3D('',#2516,#2517,#2518);
#2516 = CARTESIAN_POINT('',(0.,21.,0.));
#2517 = DIRECTION('',(-0.,-1.,-0.));
#2518 = DIRECTION('',(0.,-0.,1.));
#2519 = DEFINITIONAL_REPRESENTATION('',(#2520),#2661);
#2520 = B_SPLINE_CURVE_WITH_KNOTS('',7,(#2521,#2522,#2523,#2524,#2525,
    #2526,#2527,#2528,#2529,#2530,#2531,#2532,#2533,#2534,#2535,#2536,
    #2537,#2538,#2539,#2540,#2541,#2542,#2543,#2544,#2545,#2546,#2547,
    #2548,#2549,#2550,#2551,#2552,#2553,#2554,#2555,#2556,#2557,#2558,
    #2559,#2560,#2561,#2562,#2563,#2564,#2565,#2566,#2567,#2568,#2569,
    #2570,#2571,#2572,#2573,#2574,#2575,#2576,#2577,#2578,#2579,#2580,
    #2581,#2582,#2583,#2584,#2585,#2586,#2587,#2588,#2589,#2590,#2591,
    #2592,#2593,#2594,#2595,#2596,#2597,#2598,#2599,#2600,#2601,#2602,
    #2603,#2604,#2605,#2606,#2607,#2608,#2609,#2610,#2611,#2612,#2613,
    #2614,#2615,#2616,#2617,#2618,#2619,#2620,#2621,#2622,#2623,#2624,
    #2625,#2626,#2627,#2628,#2629,#2630,#2631,#2632,#2633,#2634,#2635,
    #2636,#2637,#2638,#2639,#2640,#2641,#2642,#2643,#2644,#2645,#2646,
    #2647,#2648,#2649,#2650,#2651,#2652,#2653,#2654,#2655,#2656,#2657,
    #2658,#2659,#2660),.UNSPECIFIED.,.T.,.F.,(8,6,6,6,6,6,6,6,6,6,6,6,6,
    6,6,6,6,6,6,6,6,6,6,8),(0.,7.127205430036E-02,0.106704288833,
    0.1351032374,0.157894339458,0.223226759478,0.31405645123,
    0.349880403884,0.397802176054,0.436714192196,0.457440845463,
    0.500002231371,0.52928390385,0.54256479499,0.563291018021,
    0.602202226441,0.650123003867,0.685946212901,0.776774019241,
    0.842653679936,0.865431673449,0.89380894508,0.929208214536,1.),
  .UNSPECIFIED.);
#2521 = CARTESIAN_POINT('',(-1.570796326795,-15.74874323498));
#2522 = CARTESIAN_POINT('',(-1.592297144652,-15.74874322792));
#2523 = CARTESIAN_POINT('',(-1.61380400933,-15.74136576337));
#2524 = CARTESIAN_POINT('',(-1.634741589298,-15.72660329312));
#2525 = CARTESIAN_POINT('',(-1.654659865472,-15.70513012609));
#2526 = CARTESIAN_POINT('',(-1.673273847479,-15.67786779526));
#2527 = CARTESIAN_POINT('',(-1.690431480222,-15.64578993779));
#2528 = CARTESIAN_POINT('',(-1.71385551842,-15.59189742117));
#2529 = CARTESIAN_POINT('',(-1.721267802287,-15.57301541931));
#2530 = CARTESIAN_POINT('',(-1.728310816557,-15.55324291658));
#2531 = CARTESIAN_POINT('',(-1.734985271398,-15.53266894485));
#2532 = CARTESIAN_POINT('',(-1.741295055166,-15.51137460468));
#2533 = CARTESIAN_POINT('',(-1.747246336924,-15.48943204978));
#2534 = CARTESIAN_POINT('',(-1.757335337085,-15.44884680812));
#2535 = CARTESIAN_POINT('',(-1.761598304656,-15.43041457834));
#2536 = CARTESIAN_POINT('',(-1.765639512278,-15.41163933981));
#2537 = CARTESIAN_POINT('',(-1.769463067121,-15.39255114208));
#2538 = CARTESIAN_POINT('',(-1.773073242924,-15.37317752658));
#2539 = CARTESIAN_POINT('',(-1.776474479996,-15.3535435267));
#2540 = CARTESIAN_POINT('',(-1.782237008129,-15.31772383907));
#2541 = CARTESIAN_POINT('',(-1.784670963967,-15.30162304311));
#2542 = CARTESIAN_POINT('',(-1.786975574111,-15.28538103879));
#2543 = CARTESIAN_POINT('',(-1.78915312131,-15.26900891257));
#2544 = CARTESIAN_POINT('',(-1.791205849688,-15.25251707846));
#2545 = CARTESIAN_POINT('',(-1.793135964741,-15.23591527798));
#2546 = CARTESIAN_POINT('',(-1.800133185408,-15.17133303218));
#2547 = CARTESIAN_POINT('',(-1.804330440046,-15.12262943465));
#2548 = CARTESIAN_POINT('',(-1.807589224576,-15.07330967028));
#2549 = CARTESIAN_POINT('',(-1.809955234743,-15.02355631416));
#2550 = CARTESIAN_POINT('',(-1.811469542388,-14.97353210995));
#2551 = CARTESIAN_POINT('',(-1.812168869571,-14.92338338542));
#2552 = CARTESIAN_POINT('',(-1.81196751223,-14.8035305279));
#2553 = CARTESIAN_POINT('',(-1.810335954128,-14.73385628585));
#2554 = CARTESIAN_POINT('',(-1.807276138813,-14.66456531059));
#2555 = CARTESIAN_POINT('',(-1.802854519389,-14.5960124434));
#2556 = CARTESIAN_POINT('',(-1.797126062348,-14.52856528849));
#2557 = CARTESIAN_POINT('',(-1.79013577818,-14.46261064822));
#2558 = CARTESIAN_POINT('',(-1.778670621583,-14.37330187836));
#2559 = CARTESIAN_POINT('',(-1.775236442043,-14.34834046338));
#2560 = CARTESIAN_POINT('',(-1.771613091627,-14.32370536844));
#2561 = CARTESIAN_POINT('',(-1.767802550538,-14.29942529129));
#2562 = CARTESIAN_POINT('',(-1.763806714012,-14.27553082503));
#2563 = CARTESIAN_POINT('',(-1.759627419044,-14.25205442669));
#2564 = CARTESIAN_POINT('',(-1.749432822465,-14.19823108098));
#2565 = CARTESIAN_POINT('',(-1.743274382653,-14.16824268327));
#2566 = CARTESIAN_POINT('',(-1.736795333967,-14.13914620744));
#2567 = CARTESIAN_POINT('',(-1.730000463266,-14.11103296958));
#2568 = CARTESIAN_POINT('',(-1.722895528767,-14.08400324274));
#2569 = CARTESIAN_POINT('',(-1.71548762683,-14.05816491256));
#2570 = CARTESIAN_POINT('',(-1.701531553843,-14.01371175267));
#2571 = CARTESIAN_POINT('',(-1.695083846273,-13.99465300481));
#2572 = CARTESIAN_POINT('',(-1.688447545468,-13.97651776131));
#2573 = CARTESIAN_POINT('',(-1.681628954896,-13.95937195613));
#2574 = CARTESIAN_POINT('',(-1.674635892394,-13.94328375889));
#2575 = CARTESIAN_POINT('',(-1.667478010499,-13.92832174865));
#2576 = CARTESIAN_POINT('',(-1.656272937714,-13.90721915106));
#2577 = CARTESIAN_POINT('',(-1.652335375386,-13.90022375191));
#2578 = CARTESIAN_POINT('',(-1.648356243022,-13.89357722956));
#2579 = CARTESIAN_POINT('',(-1.644337539182,-13.88728953584));
#2580 = CARTESIAN_POINT('',(-1.64028144777,-13.88137023506));
#2581 = CARTESIAN_POINT('',(-1.636190338038,-13.87582850406));
#2582 = CARTESIAN_POINT('',(-1.623599164955,-13.86008677411));
#2583 = CARTESIAN_POINT('',(-1.614993377947,-13.85112780585));
#2584 = CARTESIAN_POINT('',(-1.606273590399,-13.84387365913));
#2585 = CARTESIAN_POINT('',(-1.597465395933,-13.83838721135));
#2586 = CARTESIAN_POINT('',(-1.588596219612,-13.83471356091));
#2587 = CARTESIAN_POINT('',(-1.579695742593,-13.83287680251));
#2588 = CARTESIAN_POINT('',(-1.564673646034,-13.83287680251));
#2589 = CARTESIAN_POINT('',(-1.558550767777,-13.83374612582));
#2590 = CARTESIAN_POINT('',(-1.552437915038,-13.83548480329));
#2591 = CARTESIAN_POINT('',(-1.54634487035,-13.83808753401));
#2592 = CARTESIAN_POINT('',(-1.54028103934,-13.8415440667));
#2593 = CARTESIAN_POINT('',(-1.534255514299,-13.84583958101));
#2594 = CARTESIAN_POINT('',(-1.525565606577,-13.85327523137));
#2595 = CARTESIAN_POINT('',(-1.522863728221,-13.85576411708));
#2596 = CARTESIAN_POINT('',(-1.520172296523,-13.85841996464));
#2597 = CARTESIAN_POINT('',(-1.517492076059,-13.86124088087));
#2598 = CARTESIAN_POINT('',(-1.514823802151,-13.86422484075));
#2599 = CARTESIAN_POINT('',(-1.512168180865,-13.8673696874));
#2600 = CARTESIAN_POINT('',(-1.505402315552,-13.87582850406));
#2601 = CARTESIAN_POINT('',(-1.501311205819,-13.88137023506));
#2602 = CARTESIAN_POINT('',(-1.497255114408,-13.88728953584));
#2603 = CARTESIAN_POINT('',(-1.493236410568,-13.89357722956));
#2604 = CARTESIAN_POINT('',(-1.489257278204,-13.90022375191));
#2605 = CARTESIAN_POINT('',(-1.485319715876,-13.90721915106));
#2606 = CARTESIAN_POINT('',(-1.47411464309,-13.92832174865));
#2607 = CARTESIAN_POINT('',(-1.466956761196,-13.94328375889));
#2608 = CARTESIAN_POINT('',(-1.459963698693,-13.95937195613));
#2609 = CARTESIAN_POINT('',(-1.453145108122,-13.97651776131));
#2610 = CARTESIAN_POINT('',(-1.446508807317,-13.99465300481));
#2611 = CARTESIAN_POINT('',(-1.440061099747,-14.01371175267));
#2612 = CARTESIAN_POINT('',(-1.42610502676,-14.05816491256));
#2613 = CARTESIAN_POINT('',(-1.418697124823,-14.08400324274));
#2614 = CARTESIAN_POINT('',(-1.411592190324,-14.11103296958));
#2615 = CARTESIAN_POINT('',(-1.404797319623,-14.13914620744));
#2616 = CARTESIAN_POINT('',(-1.398318270937,-14.16824268327));
#2617 = CARTESIAN_POINT('',(-1.392159831125,-14.19823108098));
#2618 = CARTESIAN_POINT('',(-1.381965234545,-14.25205442669));
#2619 = CARTESIAN_POINT('',(-1.377785939578,-14.27553082503));
#2620 = CARTESIAN_POINT('',(-1.373790103052,-14.29942529129));
#2621 = CARTESIAN_POINT('',(-1.369979561963,-14.32370536844));
#2622 = CARTESIAN_POINT('',(-1.366356211547,-14.34834046338));
#2623 = CARTESIAN_POINT('',(-1.362922032007,-14.37330187836));
#2624 = CARTESIAN_POINT('',(-1.35145687541,-14.46261064822));
#2625 = CARTESIAN_POINT('',(-1.344466591242,-14.52856528849));
#2626 = CARTESIAN_POINT('',(-1.3387381342,-14.5960124434));
#2627 = CARTESIAN_POINT('',(-1.334316514777,-14.66456531059));
#2628 = CARTESIAN_POINT('',(-1.331256699461,-14.73385628585));
#2629 = CARTESIAN_POINT('',(-1.32962514136,-14.8035305279));
#2630 = CARTESIAN_POINT('',(-1.329423076637,-14.92380443673));
#2631 = CARTESIAN_POINT('',(-1.330134911765,-14.97437418274));
#2632 = CARTESIAN_POINT('',(-1.331675731008,-15.02481620848));
#2633 = CARTESIAN_POINT('',(-1.334083242817,-15.07498040289));
#2634 = CARTESIAN_POINT('',(-1.337399645948,-15.12469958568));
#2635 = CARTESIAN_POINT('',(-1.341671910305,-15.17378592963));
#2636 = CARTESIAN_POINT('',(-1.348779423406,-15.23870400163));
#2637 = CARTESIAN_POINT('',(-1.350726062452,-15.25528091005));
#2638 = CARTESIAN_POINT('',(-1.352795442081,-15.27174681996));
#2639 = CARTESIAN_POINT('',(-1.354989768939,-15.2880919483));
#2640 = CARTESIAN_POINT('',(-1.357311286985,-15.30430583431));
#2641 = CARTESIAN_POINT('',(-1.359762277491,-15.32037733952));
#2642 = CARTESIAN_POINT('',(-1.365562739019,-15.35612474299));
#2643 = CARTESIAN_POINT('',(-1.368984864608,-15.37571515975));
#2644 = CARTESIAN_POINT('',(-1.372616036469,-15.39504327344));
#2645 = CARTESIAN_POINT('',(-1.376460680563,-15.41408393889));
#2646 = CARTESIAN_POINT('',(-1.380523048153,-15.4328094904));
#2647 = CARTESIAN_POINT('',(-1.384807215801,-15.45118974173));
#2648 = CARTESIAN_POINT('',(-1.39494292883,-15.49164891249));
#2649 = CARTESIAN_POINT('',(-1.400919603463,-15.51351621623));
#2650 = CARTESIAN_POINT('',(-1.407254577774,-15.53473145114));
#2651 = CARTESIAN_POINT('',(-1.413953903944,-15.55522217903));
#2652 = CARTESIAN_POINT('',(-1.421021311324,-15.57490701869));
#2653 = CARTESIAN_POINT('',(-1.428457299927,-15.59369669493));
#2654 = CARTESIAN_POINT('',(-1.451858613653,-15.64708847723));
#2655 = CARTESIAN_POINT('',(-1.468948324282,-15.67878579346));
#2656 = CARTESIAN_POINT('',(-1.487471284442,-15.70570865343));
#2657 = CARTESIAN_POINT('',(-1.507276190574,-15.72690296944));
#2658 = CARTESIAN_POINT('',(-1.528080976607,-15.74146609604));
#2659 = CARTESIAN_POINT('',(-1.549442193597,-15.74874322797));
#2660 = CARTESIAN_POINT('',(-1.570796326795,-15.74874323498));
#2661 = ( GEOMETRIC_REPRESENTATION_CONTEXT(2) 
PARAMETRIC_REPRESENTATION_CONTEXT() REPRESENTATION_CONTEXT('2D SPACE',''
  ) );
#2662 = ORIENTED_EDGE('',*,*,#2663,.F.);
#2663 = EDGE_CURVE('',#2189,#2225,#2664,.T.);
#2664 = SEAM_CURVE('',#2665,(#2669,#2676),.PCURVE_S1.);
#2665 = LINE('',#2666,#2667);
#2666 = CARTESIAN_POINT('',(12.230026262672,45.218848091137,
    3.673940397442E-16));
#2667 = VECTOR('',#2668,1.);
#2668 = DIRECTION('',(-0.642787609687,-0.766044443119,0.));
#2669 = PCURVE('',#2209,#2670);
#2670 = DEFINITIONAL_REPRESENTATION('',(#2671),#2675);
#2671 = LINE('',#2672,#2673);
#2672 = CARTESIAN_POINT('',(6.28318530718,-0.));
#2673 = VECTOR('',#2674,1.);
#2674 = DIRECTION('',(0.,1.));
#2675 = ( GEOMETRIC_REPRESENTATION_CONTEXT(2) 
PARAMETRIC_REPRESENTATION_CONTEXT() REPRESENTATION_CONTEXT('2D SPACE',''
  ) );
#2676 = PCURVE('',#2209,#2677);
#2677 = DEFINITIONAL_REPRESENTATION('',(#2678),#2682);
#2678 = LINE('',#2679,#2680);
#2679 = CARTESIAN_POINT('',(0.,-0.));
#2680 = VECTOR('',#2681,1.);
#2681 = DIRECTION('',(0.,1.));
#2682 = ( GEOMETRIC_REPRESENTATION_CONTEXT(2) 
PARAMETRIC_REPRESENTATION_CONTEXT() REPRESENTATION_CONTEXT('2D SPACE',''
  ) );
#2683 = ORIENTED_EDGE('',*,*,#2188,.T.);
#2684 = ORIENTED_EDGE('',*,*,#2663,.T.);
#2685 = ADVANCED_FACE('',(#2686,#2741,#2744,#3176,#3608,#3995,#4412),
  #2514,.F.);
#2686 = FACE_BOUND('',#2687,.F.);
#2687 = EDGE_LOOP('',(#2688,#2713,#2740));
#2688 = ORIENTED_EDGE('',*,*,#2689,.F.);
#2689 = EDGE_CURVE('',#2690,#2692,#2694,.T.);
#2690 = VERTEX_POINT('',#2691);
#2691 = CARTESIAN_POINT('',(-5.90279757189E-15,21.,24.1));
#2692 = VERTEX_POINT('',#2693);
#2693 = CARTESIAN_POINT('',(0.,41.,0.));
#2694 = SEAM_CURVE('',#2695,(#2699,#2706),.PCURVE_S1.);
#2695 = LINE('',#2696,#2697);
#2696 = CARTESIAN_POINT('',(-5.90279757189E-15,21.,24.1));
#2697 = VECTOR('',#2698,1.);
#2698 = DIRECTION('',(1.884800756432E-16,0.638612703037,-0.76952830716)
  );
#2699 = PCURVE('',#2514,#2700);
#2700 = DEFINITIONAL_REPRESENTATION('',(#2701),#2705);
#2701 = LINE('',#2702,#2703);
#2702 = CARTESIAN_POINT('',(-6.28318530718,0.));
#2703 = VECTOR('',#2704,1.);
#2704 = DIRECTION('',(-0.,-1.));
#2705 = ( GEOMETRIC_REPRESENTATION_CONTEXT(2) 
PARAMETRIC_REPRESENTATION_CONTEXT() REPRESENTATION_CONTEXT('2D SPACE',''
  ) );
#2706 = PCURVE('',#2514,#2707);
#2707 = DEFINITIONAL_REPRESENTATION('',(#2708),#2712);
#2708 = LINE('',#2709,#2710);
#2709 = CARTESIAN_POINT('',(0.,-0.));
#2710 = VECTOR('',#2711,1.);
#2711 = DIRECTION('',(-0.,-1.));
#2712 = ( GEOMETRIC_REPRESENTATION_CONTEXT(2) 
PARAMETRIC_REPRESENTATION_CONTEXT() REPRESENTATION_CONTEXT('2D SPACE',''
  ) );
#2713 = ORIENTED_EDGE('',*,*,#2714,.T.);
#2714 = EDGE_CURVE('',#2690,#2690,#2715,.T.);
#2715 = SURFACE_CURVE('',#2716,(#2721,#2728),.PCURVE_S1.);
#2716 = CIRCLE('',#2717,24.1);
#2717 = AXIS2_PLACEMENT_3D('',#2718,#2719,#2720);
#2718 = CARTESIAN_POINT('',(0.,21.,0.));
#2719 = DIRECTION('',(0.,1.,0.));
#2720 = DIRECTION('',(0.,-0.,1.));
#2721 = PCURVE('',#2514,#2722);
#2722 = DEFINITIONAL_REPRESENTATION('',(#2723),#2727);
#2723 = LINE('',#2724,#2725);
#2724 = CARTESIAN_POINT('',(-0.,-0.));
#2725 = VECTOR('',#2726,1.);
#2726 = DIRECTION('',(-1.,-0.));
#2727 = ( GEOMETRIC_REPRESENTATION_CONTEXT(2) 
PARAMETRIC_REPRESENTATION_CONTEXT() REPRESENTATION_CONTEXT('2D SPACE',''
  ) );
#2728 = PCURVE('',#2729,#2734);
#2729 = PLANE('',#2730);
#2730 = AXIS2_PLACEMENT_3D('',#2731,#2732,#2733);
#2731 = CARTESIAN_POINT('',(0.,21.,0.));
#2732 = DIRECTION('',(0.,1.,0.));
#2733 = DIRECTION('',(0.,-0.,1.));
#2734 = DEFINITIONAL_REPRESENTATION('',(#2735),#2739);
#2735 = CIRCLE('',#2736,24.1);
#2736 = AXIS2_PLACEMENT_2D('',#2737,#2738);
#2737 = CARTESIAN_POINT('',(0.,0.));
#2738 = DIRECTION('',(1.,0.));
#2739 = ( GEOMETRIC_REPRESENTATION_CONTEXT(2) 
PARAMETRIC_REPRESENTATION_CONTEXT() REPRESENTATION_CONTEXT('2D SPACE',''
  ) );
#2740 = ORIENTED_EDGE('',*,*,#2689,.T.);
#2741 = FACE_BOUND('',#2742,.F.);
#2742 = EDGE_LOOP('',(#2743));
#2743 = ORIENTED_EDGE('',*,*,#2224,.T.);
#2744 = FACE_BOUND('',#2745,.F.);
#2745 = EDGE_LOOP('',(#2746));
#2746 = ORIENTED_EDGE('',*,*,#2747,.T.);
#2747 = EDGE_CURVE('',#2748,#2748,#2750,.T.);
#2748 = VERTEX_POINT('',#2749);
#2749 = CARTESIAN_POINT('',(3.13578408431,34.902460186208,
    -6.644782595546));
#2750 = SURFACE_CURVE('',#2751,(#2889,#3030),.PCURVE_S1.);
#2751 = B_SPLINE_CURVE_WITH_KNOTS('',6,(#2752,#2753,#2754,#2755,#2756,
    #2757,#2758,#2759,#2760,#2761,#2762,#2763,#2764,#2765,#2766,#2767,
    #2768,#2769,#2770,#2771,#2772,#2773,#2774,#2775,#2776,#2777,#2778,
    #2779,#2780,#2781,#2782,#2783,#2784,#2785,#2786,#2787,#2788,#2789,
    #2790,#2791,#2792,#2793,#2794,#2795,#2796,#2797,#2798,#2799,#2800,
    #2801,#2802,#2803,#2804,#2805,#2806,#2807,#2808,#2809,#2810,#2811,
    #2812,#2813,#2814,#2815,#2816,#2817,#2818,#2819,#2820,#2821,#2822,
    #2823,#2824,#2825,#2826,#2827,#2828,#2829,#2830,#2831,#2832,#2833,
    #2834,#2835,#2836,#2837,#2838,#2839,#2840,#2841,#2842,#2843,#2844,
    #2845,#2846,#2847,#2848,#2849,#2850,#2851,#2852,#2853,#2854,#2855,
    #2856,#2857,#2858,#2859,#2860,#2861,#2862,#2863,#2864,#2865,#2866,
    #2867,#2868,#2869,#2870,#2871,#2872,#2873,#2874,#2875,#2876,#2877,
    #2878,#2879,#2880,#2881,#2882,#2883,#2884,#2885,#2886,#2887,#2888),
  .UNSPECIFIED.,.T.,.F.,(7,5,5,5,5,5,5,5,5,5,5,5,5,5,5,5,5,5,5,5,5,5,5,5
    ,5,5,5,7),(0.,2.060698934804E-02,5.827522959923E-02,
    8.755358896061E-02,0.10083331396,0.121558045206,0.160467099134,
    0.208385382974,0.244206290409,0.335025048,0.400345829509,
    0.42313200042,0.451524190804,0.486947310628,0.514206330263,
    0.528694607404,0.55827772663,0.58741531411,0.601895633365,
    0.629135800996,0.664534041848,0.692909947821,0.715686354141,
    0.781558890168,0.862116407929,0.894138500657,0.937022847098,1.),
  .UNSPECIFIED.);
#2752 = CARTESIAN_POINT('',(3.13578408431,34.902460186208,
    -6.644782595546));
#2753 = CARTESIAN_POINT('',(3.170356275898,34.894536815232,
    -6.639024823262));
#2754 = CARTESIAN_POINT('',(3.205069805515,34.887099789974,
    -6.63234694764));
#2755 = CARTESIAN_POINT('',(3.239880894664,34.880165665152,
    -6.624736891233));
#2756 = CARTESIAN_POINT('',(3.274741373669,34.873750754056,
    -6.616185866087));
#2757 = CARTESIAN_POINT('',(3.309598880103,34.867870482195,
    -6.606689639488));
#2758 = CARTESIAN_POINT('',(3.40800586847,34.852792663692,
    -6.577166449552));
#2759 = CARTESIAN_POINT('',(3.471426144524,34.844878015692,
    -6.554927165356));
#2760 = CARTESIAN_POINT('',(3.534307706346,34.838881042982,
    -6.529542265128));
#2761 = CARTESIAN_POINT('',(3.596293134891,34.834864803632,
    -6.501077359734));
#2762 = CARTESIAN_POINT('',(3.657026478722,34.832863507436,
    -6.469661490765));
#2763 = CARTESIAN_POINT('',(3.76212614548,34.832887230684,
    -6.408938919334));
#2764 = CARTESIAN_POINT('',(3.807130240134,34.834114704969,
    -6.380717968134));
#2765 = CARTESIAN_POINT('',(3.851013968132,34.836559269496,
    -6.350924901732));
#2766 = CARTESIAN_POINT('',(3.893635923565,34.840208475675,
    -6.319669144665));
#2767 = CARTESIAN_POINT('',(3.934873296403,34.845038774135,
    -6.287074116211));
#2768 = CARTESIAN_POINT('',(3.992650151338,34.853728318731,
    -6.237943769044));
#2769 = CARTESIAN_POINT('',(4.010372731311,34.856675971012,
    -6.222365065314));
#2770 = CARTESIAN_POINT('',(4.027779896865,34.859856723421,
    -6.206550512774));
#2771 = CARTESIAN_POINT('',(4.044863178366,34.863267181774,
    -6.190512578128));
#2772 = CARTESIAN_POINT('',(4.061615076402,34.866903644701,
    -6.174263858365));
#2773 = CARTESIAN_POINT('',(4.103645212398,34.87678372871,
    -6.132149753628));
#2774 = CARTESIAN_POINT('',(4.128438245089,34.883346172962,
    -6.105999809141));
#2775 = CARTESIAN_POINT('',(4.152383714958,34.890434041743,
    -6.07941577368));
#2776 = CARTESIAN_POINT('',(4.175462414738,34.898031038697,
    -6.052445207946));
#2777 = CARTESIAN_POINT('',(4.19766037479,34.906119965775,
    -6.025134706967));
#2778 = CARTESIAN_POINT('',(4.258973875034,34.930758627323,
    -5.945704044944));
#2779 = CARTESIAN_POINT('',(4.295842669576,34.948504844241,
    -5.892840908015));
#2780 = CARTESIAN_POINT('',(4.329517353943,34.9678037964,-5.83923790973)
  );
#2781 = CARTESIAN_POINT('',(4.359995721734,34.988534623935,
    -5.785168296275));
#2782 = CARTESIAN_POINT('',(4.387314525002,35.01057957102,-5.73087625644
    ));
#2783 = CARTESIAN_POINT('',(4.441358596273,35.062464799847,
    -5.609693904261));
#2784 = CARTESIAN_POINT('',(4.466480021792,35.092926353529,
    -5.542801399884));
#2785 = CARTESIAN_POINT('',(4.487013220631,35.12501527982,
    -5.476280450959));
#2786 = CARTESIAN_POINT('',(4.503115168812,35.158546464491,
    -5.410457791362));
#2787 = CARTESIAN_POINT('',(4.514962324052,35.193354129362,
    -5.345603641631));
#2788 = CARTESIAN_POINT('',(4.528535488107,35.256164965889,
    -5.234338975325));
#2789 = CARTESIAN_POINT('',(4.532061395275,35.283666388003,
    -5.187407724392));
#2790 = CARTESIAN_POINT('',(4.53338032779,35.311740803025,
    -5.141232341392));
#2791 = CARTESIAN_POINT('',(4.532565098687,35.340332492818,
    -5.095893297381));
#2792 = CARTESIAN_POINT('',(4.529686368226,35.369390122824,
    -5.051460768863));
#2793 = CARTESIAN_POINT('',(4.512450046782,35.473600855739,
    -4.897795843056));
#2794 = CARTESIAN_POINT('',(4.487258825831,35.5510025048,-4.793853022758
    ));
#2795 = CARTESIAN_POINT('',(4.450334696996,35.630346941421,
    -4.697089676801));
#2796 = CARTESIAN_POINT('',(4.402589062035,35.710973395993,
    -4.60826275334));
#2797 = CARTESIAN_POINT('',(4.344815154235,35.792256078594,
    -4.527953887671));
#2798 = CARTESIAN_POINT('',(4.229129166154,35.932085775293,
    -4.40544215512));
#2799 = CARTESIAN_POINT('',(4.17582391901,35.990591832008,-4.35888609452
    ));
#2800 = CARTESIAN_POINT('',(4.117810173611,36.048876631362,
    -4.317222751431));
#2801 = CARTESIAN_POINT('',(4.055245624143,36.106675239561,
    -4.28066946453));
#2802 = CARTESIAN_POINT('',(3.988257445018,36.163682782916,
    -4.249450954312));
#2803 = CARTESIAN_POINT('',(3.892012865246,36.239018557841,
    -4.214896661081));
#2804 = CARTESIAN_POINT('',(3.866591960005,36.258360438071,
    -4.206642161131));
#2805 = CARTESIAN_POINT('',(3.84064405884,36.277545024291,
    -4.199080990578));
#2806 = CARTESIAN_POINT('',(3.814172152724,36.296554867885,
    -4.192225366866));
#2807 = CARTESIAN_POINT('',(3.787179033854,36.315370949752,
    -4.186088307584));
#2808 = CARTESIAN_POINT('',(3.725386919528,36.357150943879,
    -4.173949255387));
#2809 = CARTESIAN_POINT('',(3.690302003369,36.379995913043,
    -4.168352031493));
#2810 = CARTESIAN_POINT('',(3.654416816384,36.402468148647,
    -4.163918780906));
#2811 = CARTESIAN_POINT('',(3.617737510604,36.42452235602,-4.16067855594
    ));
#2812 = CARTESIAN_POINT('',(3.580272120881,36.446107384958,
    -4.158662639111));
#2813 = CARTESIAN_POINT('',(3.494319021603,36.493440003322,
    -4.156958715276));
#2814 = CARTESIAN_POINT('',(3.445402668557,36.518892767226,
    -4.157970794072));
#2815 = CARTESIAN_POINT('',(3.395298528211,36.543415635412,
    -4.161005068701));
#2816 = CARTESIAN_POINT('',(3.344041427756,36.566876468373,
    -4.166131844138));
#2817 = CARTESIAN_POINT('',(3.291688985534,36.589123440746,
    -4.173421144691));
#2818 = CARTESIAN_POINT('',(3.197262840478,36.626044903005,
    -4.190258669514));
#2819 = CARTESIAN_POINT('',(3.155603457211,36.641281967468,
    -4.198898672292));
#2820 = CARTESIAN_POINT('',(3.113390103678,36.655622876999,
    -4.20888445707));
#2821 = CARTESIAN_POINT('',(3.070680864266,36.668982517501,
    -4.220240395988));
#2822 = CARTESIAN_POINT('',(3.027553031291,36.681272702859,
    -4.232982037023));
#2823 = CARTESIAN_POINT('',(2.961013553614,36.69832536988,
    -4.254620506317));
#2824 = CARTESIAN_POINT('',(2.937831226384,36.703917036143,
    -4.262521841579));
#2825 = CARTESIAN_POINT('',(2.914574125147,36.709169105315,
    -4.270815195184));
#2826 = CARTESIAN_POINT('',(2.891259279312,36.714069017685,
    -4.279499359208));
#2827 = CARTESIAN_POINT('',(2.867905525424,36.71860483902,-4.28857166729
    ));
#2828 = CARTESIAN_POINT('',(2.796810979772,36.731260283486,
    -4.317336547098));
#2829 = CARTESIAN_POINT('',(2.749005984674,36.738191615863,
    -4.338248576204));
#2830 = CARTESIAN_POINT('',(2.701305976382,36.743462218358,
    -4.36072325909));
#2831 = CARTESIAN_POINT('',(2.653912951965,36.746998188853,
    -4.384694990638));
#2832 = CARTESIAN_POINT('',(2.607040684378,36.748758236894,
    -4.410068785388));
#2833 = CARTESIAN_POINT('',(2.515477941395,36.748728306463,
    -4.462961262313));
#2834 = CARTESIAN_POINT('',(2.470755807085,36.746991392173,
    -4.490447329258));
#2835 = CARTESIAN_POINT('',(2.426958271525,36.743532064067,
    -4.519051116079));
#2836 = CARTESIAN_POINT('',(2.384266260236,36.738389502746,
    -4.548641175955));
#2837 = CARTESIAN_POINT('',(2.342831280987,36.731633675764,
    -4.579081729167));
#2838 = CARTESIAN_POINT('',(2.282872678213,36.719243184145,
    -4.62572005354));
#2839 = CARTESIAN_POINT('',(2.263307542717,36.714753737032,
    -4.641380592497));
#2840 = CARTESIAN_POINT('',(2.244096432231,36.70989946729,
    -4.657202793073));
#2841 = CARTESIAN_POINT('',(2.225251216703,36.704692234614,
    -4.67317164332));
#2842 = CARTESIAN_POINT('',(2.2067815965,36.699144542562,-4.689272955952
    ));
#2843 = CARTESIAN_POINT('',(2.154671050705,36.682217565757,
    -4.736006974069));
#2844 = CARTESIAN_POINT('',(2.122003575028,36.670007133163,
    -4.766941661131));
#2845 = CARTESIAN_POINT('',(2.090741857483,36.656724100028,
    -4.798210335535));
#2846 = CARTESIAN_POINT('',(2.060911807467,36.642456553297,
    -4.829737925855));
#2847 = CARTESIAN_POINT('',(2.032521942962,36.627289640046,
    -4.861461578588));
#2848 = CARTESIAN_POINT('',(1.970544628905,36.590522591943,
    -4.934744558607));
#2849 = CARTESIAN_POINT('',(1.937949566919,36.568357762933,
    -4.976400973174));
#2850 = CARTESIAN_POINT('',(1.907772769393,36.54497408916,
    -5.018193709708));
#2851 = CARTESIAN_POINT('',(1.87998296477,36.520523756014,
    -5.060037297988));
#2852 = CARTESIAN_POINT('',(1.85453697713,36.495139300017,-5.10186600946
    ));
#2853 = CARTESIAN_POINT('',(1.812830935858,36.447920035903,
    -5.177113643766));
#2854 = CARTESIAN_POINT('',(1.79575109124,36.42638130351,-5.210552868364
    ));
#2855 = CARTESIAN_POINT('',(1.780124228412,36.404370960559,
    -5.243924866573));
#2856 = CARTESIAN_POINT('',(1.76592728912,36.381940336031,
    -5.277206936049));
#2857 = CARTESIAN_POINT('',(1.753138171499,36.35913488097,
    -5.310379160948));
#2858 = CARTESIAN_POINT('',(1.732583365418,36.317419879766,
    -5.369948747884));
#2859 = CARTESIAN_POINT('',(1.724324580157,36.298629912984,
    -5.396390885808));
#2860 = CARTESIAN_POINT('',(1.716948677249,36.279644934913,
    -5.422741654428));
#2861 = CARTESIAN_POINT('',(1.710445749412,36.260484032427,
    -5.448992120431));
#2862 = CARTESIAN_POINT('',(1.704806679134,36.241164712495,
    -5.475133588456));
#2863 = CARTESIAN_POINT('',(1.68618847407,36.165416638983,-5.57642266647
    ));
#2864 = CARTESIAN_POINT('',(1.679511487734,36.107945897348,
    -5.650695734832));
#2865 = CARTESIAN_POINT('',(1.679784500827,36.0496653761,-5.723789492251
    ));
#2866 = CARTESIAN_POINT('',(1.686872971057,35.990888234431,
    -5.795475874088));
#2867 = CARTESIAN_POINT('',(1.700664474439,35.931886233529,
    -5.865503501735));
#2868 = CARTESIAN_POINT('',(1.746063457336,35.800751988624,
    -6.016864966324));
#2869 = CARTESIAN_POINT('',(1.780949713471,35.728646319244,
    -6.09721441384));
#2870 = CARTESIAN_POINT('',(1.825604099753,35.657008219291,
    -6.174137482977));
#2871 = CARTESIAN_POINT('',(1.879940463284,35.586273927159,
    -6.246971966963));
#2872 = CARTESIAN_POINT('',(1.943831632883,35.516896228595,
    -6.314937281366));
#2873 = CARTESIAN_POINT('',(2.046264308697,35.422512885396,
    -6.40182283507));
#2874 = CARTESIAN_POINT('',(2.076883856333,35.3959595844,-6.425619136322
    ));
#2875 = CARTESIAN_POINT('',(2.108976187503,35.369731082452,
    -6.448438737441));
#2876 = CARTESIAN_POINT('',(2.142526716417,35.34386147784,
    -6.470217884573));
#2877 = CARTESIAN_POINT('',(2.177517132306,35.318387221913,
    -6.490888384375));
#2878 = CARTESIAN_POINT('',(2.262683759917,35.259813131965,
    -6.536477785992));
#2879 = CARTESIAN_POINT('',(2.313982977072,35.227058996173,
    -6.560458518988));
#2880 = CARTESIAN_POINT('',(2.367770314198,35.195176850948,
    -6.582146992031));
#2881 = CARTESIAN_POINT('',(2.423971364966,35.164271795696,
    -6.601352376033));
#2882 = CARTESIAN_POINT('',(2.482483952132,35.134460543083,
    -6.617871744594));
#2883 = CARTESIAN_POINT('',(2.632294571888,35.063883972077,
    -6.651503679608));
#2884 = CARTESIAN_POINT('',(2.726107950645,35.024530876373,
    -6.665267861085));
#2885 = CARTESIAN_POINT('',(2.824174557967,34.988217064801,
    -6.67212382859));
#2886 = CARTESIAN_POINT('',(2.925830138836,34.955423474299,
    -6.67137460714));
#2887 = CARTESIAN_POINT('',(3.030124964792,34.926675510102,
    -6.662379412305));
#2888 = CARTESIAN_POINT('',(3.13578408431,34.902460186208,
    -6.644782595546));
#2889 = PCURVE('',#2514,#2890);
#2890 = DEFINITIONAL_REPRESENTATION('',(#2891),#3029);
#2891 = B_SPLINE_CURVE_WITH_KNOTS('',6,(#2892,#2893,#2894,#2895,#2896,
    #2897,#2898,#2899,#2900,#2901,#2902,#2903,#2904,#2905,#2906,#2907,
    #2908,#2909,#2910,#2911,#2912,#2913,#2914,#2915,#2916,#2917,#2918,
    #2919,#2920,#2921,#2922,#2923,#2924,#2925,#2926,#2927,#2928,#2929,
    #2930,#2931,#2932,#2933,#2934,#2935,#2936,#2937,#2938,#2939,#2940,
    #2941,#2942,#2943,#2944,#2945,#2946,#2947,#2948,#2949,#2950,#2951,
    #2952,#2953,#2954,#2955,#2956,#2957,#2958,#2959,#2960,#2961,#2962,
    #2963,#2964,#2965,#2966,#2967,#2968,#2969,#2970,#2971,#2972,#2973,
    #2974,#2975,#2976,#2977,#2978,#2979,#2980,#2981,#2982,#2983,#2984,
    #2985,#2986,#2987,#2988,#2989,#2990,#2991,#2992,#2993,#2994,#2995,
    #2996,#2997,#2998,#2999,#3000,#3001,#3002,#3003,#3004,#3005,#3006,
    #3007,#3008,#3009,#3010,#3011,#3012,#3013,#3014,#3015,#3016,#3017,
    #3018,#3019,#3020,#3021,#3022,#3023,#3024,#3025,#3026,#3027,#3028),
  .UNSPECIFIED.,.T.,.F.,(7,5,5,5,5,5,5,5,5,5,5,5,5,5,5,5,5,5,5,5,5,5,5,5
    ,5,5,5,7),(0.,2.060698934804E-02,5.827522959923E-02,
    8.755358896061E-02,0.10083331396,0.121558045206,0.160467099134,
    0.208385382974,0.244206290409,0.335025048,0.400345829509,
    0.42313200042,0.451524190804,0.486947310628,0.514206330263,
    0.528694607404,0.55827772663,0.58741531411,0.601895633365,
    0.629135800996,0.664534041848,0.692909947821,0.715686354141,
    0.781558890168,0.862116407929,0.894138500657,0.937022847098,1.),
  .UNSPECIFIED.);
#2892 = CARTESIAN_POINT('',(-2.700662991861,-13.9024601862));
#2893 = CARTESIAN_POINT('',(-2.696073310208,-13.89453681539));
#2894 = CARTESIAN_POINT('',(-2.691427101215,-13.88709978987));
#2895 = CARTESIAN_POINT('',(-2.686727563745,-13.88016566508));
#2896 = CARTESIAN_POINT('',(-2.681978396316,-13.87375075412));
#2897 = CARTESIAN_POINT('',(-2.677183864902,-13.86787048219));
#2898 = CARTESIAN_POINT('',(-2.663510814934,-13.85279266369));
#2899 = CARTESIAN_POINT('',(-2.654536195587,-13.84487801569));
#2900 = CARTESIAN_POINT('',(-2.645455796832,-13.83888104298));
#2901 = CARTESIAN_POINT('',(-2.63630228564,-13.83486480363));
#2902 = CARTESIAN_POINT('',(-2.627111011412,-13.83286350743));
#2903 = CARTESIAN_POINT('',(-2.610777542511,-13.83288723068));
#2904 = CARTESIAN_POINT('',(-2.603634120846,-13.83411470496));
#2905 = CARTESIAN_POINT('',(-2.59650843152,-13.83655926949));
#2906 = CARTESIAN_POINT('',(-2.58941733494,-13.84020847567));
#2907 = CARTESIAN_POINT('',(-2.582376883665,-13.84503877413));
#2908 = CARTESIAN_POINT('',(-2.57223920874,-13.85372831873));
#2909 = CARTESIAN_POINT('',(-2.569089408622,-13.85667597101));
#2910 = CARTESIAN_POINT('',(-2.565954533401,-13.85985672342));
#2911 = CARTESIAN_POINT('',(-2.56283590343,-13.86326718177));
#2912 = CARTESIAN_POINT('',(-2.559734770742,-13.8669036447));
#2913 = CARTESIAN_POINT('',(-2.551841753858,-13.87678372871));
#2914 = CARTESIAN_POINT('',(-2.547076687583,-13.88334617296));
#2915 = CARTESIAN_POINT('',(-2.542361588236,-13.89043404174));
#2916 = CARTESIAN_POINT('',(-2.537700491298,-13.89803103869));
#2917 = CARTESIAN_POINT('',(-2.533096999713,-13.90611996577));
#2918 = CARTESIAN_POINT('',(-2.520025692011,-13.93075862732));
#2919 = CARTESIAN_POINT('',(-2.511711462548,-13.94850484424));
#2920 = CARTESIAN_POINT('',(-2.503632241443,-13.9678037964));
#2921 = CARTESIAN_POINT('',(-2.495803649038,-13.98853462393));
#2922 = CARTESIAN_POINT('',(-2.488237400874,-14.01057957102));
#2923 = CARTESIAN_POINT('',(-2.471958335521,-14.06246479984));
#2924 = CARTESIAN_POINT('',(-2.463386218044,-14.09292635352));
#2925 = CARTESIAN_POINT('',(-2.455241461596,-14.12501527982));
#2926 = CARTESIAN_POINT('',(-2.447535480467,-14.15854646449));
#2927 = CARTESIAN_POINT('',(-2.440277000048,-14.19335412936));
#2928 = CARTESIAN_POINT('',(-2.428387320097,-14.25616496588));
#2929 = CARTESIAN_POINT('',(-2.423555671506,-14.283666388));
#2930 = CARTESIAN_POINT('',(-2.418981552965,-14.31174080302));
#2931 = CARTESIAN_POINT('',(-2.414668198652,-14.34033249281));
#2932 = CARTESIAN_POINT('',(-2.410619010786,-14.36939012282));
#2933 = CARTESIAN_POINT('',(-2.397250564507,-14.47360085573));
#2934 = CARTESIAN_POINT('',(-2.389388489387,-14.5510025048));
#2935 = CARTESIAN_POINT('',(-2.383303747972,-14.63034694142));
#2936 = CARTESIAN_POINT('',(-2.379084002616,-14.71097339599));
#2937 = CARTESIAN_POINT('',(-2.376834114854,-14.79225607859));
#2938 = CARTESIAN_POINT('',(-2.376612150627,-14.93208577529));
#2939 = CARTESIAN_POINT('',(-2.37761645048,-14.990591832));
#2940 = CARTESIAN_POINT('',(-2.379772908774,-15.04887663136));
#2941 = CARTESIAN_POINT('',(-2.383148915726,-15.10667523956));
#2942 = CARTESIAN_POINT('',(-2.387820890128,-15.16368278291));
#2943 = CARTESIAN_POINT('',(-2.395993027224,-15.23901855784));
#2944 = CARTESIAN_POINT('',(-2.398275145899,-15.25836043807));
#2945 = CARTESIAN_POINT('',(-2.400729702231,-15.27754502429));
#2946 = CARTESIAN_POINT('',(-2.403360578526,-15.29655486788));
#2947 = CARTESIAN_POINT('',(-2.40617174687,-15.31537094975));
#2948 = CARTESIAN_POINT('',(-2.412899771573,-15.35715094387));
#2949 = CARTESIAN_POINT('',(-2.416918357038,-15.37999591304));
#2950 = CARTESIAN_POINT('',(-2.421231086354,-15.40246814864));
#2951 = CARTESIAN_POINT('',(-2.425845629522,-15.42452235602));
#2952 = CARTESIAN_POINT('',(-2.430769265716,-15.44610738495));
#2953 = CARTESIAN_POINT('',(-2.442546018976,-15.49344000332));
#2954 = CARTESIAN_POINT('',(-2.44957446574,-15.51889276722));
#2955 = CARTESIAN_POINT('',(-2.457107423419,-15.54341563541));
#2956 = CARTESIAN_POINT('',(-2.465154855509,-15.56687646837));
#2957 = CARTESIAN_POINT('',(-2.47372034435,-15.58912344074));
#2958 = CARTESIAN_POINT('',(-2.489783399084,-15.626044903));
#2959 = CARTESIAN_POINT('',(-2.497071689399,-15.64128196746));
#2960 = CARTESIAN_POINT('',(-2.50465959082,-15.65562287699));
#2961 = CARTESIAN_POINT('',(-2.51253925685,-15.6689825175));
#2962 = CARTESIAN_POINT('',(-2.520696711168,-15.68127270285));
#2963 = CARTESIAN_POINT('',(-2.533582213833,-15.69832536988));
#2964 = CARTESIAN_POINT('',(-2.538126412823,-15.70391703614));
#2965 = CARTESIAN_POINT('',(-2.5427396453,-15.70916910531));
#2966 = CARTESIAN_POINT('',(-2.547417972027,-15.71406901768));
#2967 = CARTESIAN_POINT('',(-2.552156804053,-15.71860483902));
#2968 = CARTESIAN_POINT('',(-2.566739809341,-15.73126028348));
#2969 = CARTESIAN_POINT('',(-2.576760393139,-15.73819161586));
#2970 = CARTESIAN_POINT('',(-2.586965740304,-15.74346221835));
#2971 = CARTESIAN_POINT('',(-2.59730011464,-15.74699818885));
#2972 = CARTESIAN_POINT('',(-2.607700789737,-15.74875823689));
#2973 = CARTESIAN_POINT('',(-2.62834235872,-15.74872830646));
#2974 = CARTESIAN_POINT('',(-2.638585473009,-15.74699139217));
#2975 = CARTESIAN_POINT('',(-2.648764436202,-15.74353206406));
#2976 = CARTESIAN_POINT('',(-2.658819293137,-15.73838950274));
#2977 = CARTESIAN_POINT('',(-2.668696633272,-15.73163367576));
#2978 = CARTESIAN_POINT('',(-2.683149321562,-15.71924318414));
#2979 = CARTESIAN_POINT('',(-2.687892636357,-15.71475373703));
#2980 = CARTESIAN_POINT('',(-2.692575969629,-15.70989946729));
#2981 = CARTESIAN_POINT('',(-2.697194692617,-15.70469223461));
#2982 = CARTESIAN_POINT('',(-2.701744825222,-15.69914454256));
#2983 = CARTESIAN_POINT('',(-2.714647381524,-15.68221756575));
#2984 = CARTESIAN_POINT('',(-2.722817052162,-15.67000713316));
#2985 = CARTESIAN_POINT('',(-2.730710162746,-15.65672410002));
#2986 = CARTESIAN_POINT('',(-2.738312495364,-15.64245655329));
#2987 = CARTESIAN_POINT('',(-2.745615994201,-15.62728964004));
#2988 = CARTESIAN_POINT('',(-2.761715314019,-15.59052259194));
#2989 = CARTESIAN_POINT('',(-2.770302288934,-15.56835776293));
#2990 = CARTESIAN_POINT('',(-2.778371876903,-15.54497408916));
#2991 = CARTESIAN_POINT('',(-2.785927403884,-15.52052375601));
#2992 = CARTESIAN_POINT('',(-2.792978660856,-15.49513930001));
#2993 = CARTESIAN_POINT('',(-2.804797415115,-15.4479200359));
#2994 = CARTESIAN_POINT('',(-2.809740112713,-15.42638130351));
#2995 = CARTESIAN_POINT('',(-2.81437366356,-15.40437096055));
#2996 = CARTESIAN_POINT('',(-2.818705309206,-15.38194033603));
#2997 = CARTESIAN_POINT('',(-2.822742696645,-15.35913488097));
#2998 = CARTESIAN_POINT('',(-2.829504828445,-15.31741987976));
#2999 = CARTESIAN_POINT('',(-2.832331290896,-15.29862991298));
#3000 = CARTESIAN_POINT('',(-2.83497732377,-15.27964493491));
#3001 = CARTESIAN_POINT('',(-2.83744689775,-15.26048403242));
#3002 = CARTESIAN_POINT('',(-2.839743896103,-15.24116471249));
#3003 = CARTESIAN_POINT('',(-2.848027218892,-15.16541663898));
#3004 = CARTESIAN_POINT('',(-2.852769747202,-15.10794589734));
#3005 = CARTESIAN_POINT('',(-2.856192984865,-15.0496653761));
#3006 = CARTESIAN_POINT('',(-2.858375396517,-14.99088823443));
#3007 = CARTESIAN_POINT('',(-2.859386154197,-14.93188623352));
#3008 = CARTESIAN_POINT('',(-2.859153696753,-14.80075198862));
#3009 = CARTESIAN_POINT('',(-2.857357839552,-14.72864631924));
#3010 = CARTESIAN_POINT('',(-2.853998878289,-14.65700821929));
#3011 = CARTESIAN_POINT('',(-2.849154091256,-14.58627392715));
#3012 = CARTESIAN_POINT('',(-2.842887746348,-14.51689622859));
#3013 = CARTESIAN_POINT('',(-2.832203699266,-14.42251288539));
#3014 = CARTESIAN_POINT('',(-2.82894713689,-14.3959595844));
#3015 = CARTESIAN_POINT('',(-2.825475865034,-14.36973108245));
#3016 = CARTESIAN_POINT('',(-2.821792559017,-14.34386147784));
#3017 = CARTESIAN_POINT('',(-2.817899682024,-14.31838722191));
#3018 = CARTESIAN_POINT('',(-2.808308455324,-14.25981313196));
#3019 = CARTESIAN_POINT('',(-2.80244581298,-14.22705899617));
#3020 = CARTESIAN_POINT('',(-2.796216869963,-14.19517685094));
#3021 = CARTESIAN_POINT('',(-2.789627172905,-14.16427179569));
#3022 = CARTESIAN_POINT('',(-2.782682975596,-14.13446054308));
#3023 = CARTESIAN_POINT('',(-2.764684236526,-14.06388397207));
#3024 = CARTESIAN_POINT('',(-2.753228402644,-14.02453087602));
#3025 = CARTESIAN_POINT('',(-2.741048372738,-13.98821706572));
#3026 = CARTESIAN_POINT('',(-2.728182982371,-13.95542347327));
#3027 = CARTESIAN_POINT('',(-2.71468992112,-13.92667551058));
#3028 = CARTESIAN_POINT('',(-2.700662991861,-13.9024601862));
#3029 = ( GEOMETRIC_REPRESENTATION_CONTEXT(2) 
PARAMETRIC_REPRESENTATION_CONTEXT() REPRESENTATION_CONTEXT('2D SPACE',''
  ) );
#3030 = PCURVE('',#3031,#3036);
#3031 = CYLINDRICAL_SURFACE('',#3032,1.5);
#3032 = AXIS2_PLACEMENT_3D('',#3033,#3034,#3035);
#3033 = CARTESIAN_POINT('',(6.689546463675,44.254666676608,
    -11.58663435467));
#3034 = DIRECTION('',(-0.321393804843,-0.766044443119,0.556670399226));
#3035 = DIRECTION('',(2.775557561563E-17,-0.587858883153,-0.808963493304
    ));
#3036 = DEFINITIONAL_REPRESENTATION('',(#3037),#3175);
#3037 = B_SPLINE_CURVE_WITH_KNOTS('',6,(#3038,#3039,#3040,#3041,#3042,
    #3043,#3044,#3045,#3046,#3047,#3048,#3049,#3050,#3051,#3052,#3053,
    #3054,#3055,#3056,#3057,#3058,#3059,#3060,#3061,#3062,#3063,#3064,
    #3065,#3066,#3067,#3068,#3069,#3070,#3071,#3072,#3073,#3074,#3075,
    #3076,#3077,#3078,#3079,#3080,#3081,#3082,#3083,#3084,#3085,#3086,
    #3087,#3088,#3089,#3090,#3091,#3092,#3093,#3094,#3095,#3096,#3097,
    #3098,#3099,#3100,#3101,#3102,#3103,#3104,#3105,#3106,#3107,#3108,
    #3109,#3110,#3111,#3112,#3113,#3114,#3115,#3116,#3117,#3118,#3119,
    #3120,#3121,#3122,#3123,#3124,#3125,#3126,#3127,#3128,#3129,#3130,
    #3131,#3132,#3133,#3134,#3135,#3136,#3137,#3138,#3139,#3140,#3141,
    #3142,#3143,#3144,#3145,#3146,#3147,#3148,#3149,#3150,#3151,#3152,
    #3153,#3154,#3155,#3156,#3157,#3158,#3159,#3160,#3161,#3162,#3163,
    #3164,#3165,#3166,#3167,#3168,#3169,#3170,#3171,#3172,#3173,#3174),
  .UNSPECIFIED.,.F.,.F.,(7,5,5,5,5,5,5,5,5,5,5,5,5,5,5,5,5,5,5,5,5,5,5,5
    ,5,5,5,7),(0.,2.060698934804E-02,5.827522959923E-02,
    8.755358896061E-02,0.10083331396,0.121558045206,0.160467099134,
    0.208385382974,0.244206290409,0.335025048,0.400345829509,
    0.42313200042,0.451524190804,0.486947310628,0.514206330263,
    0.528694607404,0.55827772663,0.58741531411,0.601895633365,
    0.629135800996,0.664534041848,0.692909947821,0.715686354141,
    0.781558890168,0.862116407929,0.894138500657,0.937022847098,1.),
  .UNSPECIFIED.);
#3038 = CARTESIAN_POINT('',(0.,11.057345617159));
#3039 = CARTESIAN_POINT('',(2.392391293475E-02,11.055509164666));
#3040 = CARTESIAN_POINT('',(4.796865295427E-02,11.053766918864));
#3041 = CARTESIAN_POINT('',(7.21298510583E-02,11.052126991397));
#3042 = CARTESIAN_POINT('',(9.640132596724E-02,11.050597258991));
#3043 = CARTESIAN_POINT('',(0.120774774068,11.049185090206));
#3044 = CARTESIAN_POINT('',(0.189959317646,11.045542658799));
#3045 = CARTESIAN_POINT('',(0.234990945308,11.043602698304));
#3046 = CARTESIAN_POINT('',(0.28026411736,11.042117924061));
#3047 = CARTESIAN_POINT('',(0.325708088896,11.041118379421));
#3048 = CARTESIAN_POINT('',(0.371243470023,11.040620425118));
#3049 = CARTESIAN_POINT('',(0.452163653364,11.040626328349));
#3050 = CARTESIAN_POINT('',(0.487554293058,11.04093175945));
#3051 = CARTESIAN_POINT('',(0.522902517817,11.041540074235));
#3052 = CARTESIAN_POINT('',(0.558169835592,11.042445342458));
#3053 = CARTESIAN_POINT('',(0.593320380787,11.043636370508));
#3054 = CARTESIAN_POINT('',(0.644192569315,11.045760079889));
#3055 = CARTESIAN_POINT('',(0.660035579932,11.046478323055));
#3056 = CARTESIAN_POINT('',(0.675844524025,11.047250663454));
#3057 = CARTESIAN_POINT('',(0.691616586086,11.048075483426));
#3058 = CARTESIAN_POINT('',(0.707349173642,11.048951016277));
#3059 = CARTESIAN_POINT('',(0.747527355403,11.051317882995));
#3060 = CARTESIAN_POINT('',(0.771912874341,11.05287933197));
#3061 = CARTESIAN_POINT('',(0.796187607603,11.05455232944));
#3062 = CARTESIAN_POINT('',(0.820344085251,11.0563290566));
#3063 = CARTESIAN_POINT('',(0.84437623388,11.058201239604));
#3064 = CARTESIAN_POINT('',(0.913155648302,11.063837849046));
#3065 = CARTESIAN_POINT('',(0.95757643325,11.067821399571));
#3066 = CARTESIAN_POINT('',(1.001512740719,11.072053912031));
#3067 = CARTESIAN_POINT('',(1.044951308059,11.076476571515));
#3068 = CARTESIAN_POINT('',(1.087891445243,11.081031839665));
#3069 = CARTESIAN_POINT('',(1.18262153532,11.091374647114));
#3070 = CARTESIAN_POINT('',(1.234155342373,11.097202949773));
#3071 = CARTESIAN_POINT('',(1.284967276839,11.103052406397));
#3072 = CARTESIAN_POINT('',(1.335090106361,11.108832488513));
#3073 = CARTESIAN_POINT('',(1.384566529666,11.114463053383));
#3074 = CARTESIAN_POINT('',(1.469992977195,11.123922576468));
#3075 = CARTESIAN_POINT('',(1.5062029891,11.127847298352));
#3076 = CARTESIAN_POINT('',(1.542102092333,11.13162162088));
#3077 = CARTESIAN_POINT('',(1.577711719412,11.135220029108));
#3078 = CARTESIAN_POINT('',(1.613053893331,11.138620072637));
#3079 = CARTESIAN_POINT('',(1.73713864499,11.1498703823));
#3080 = CARTESIAN_POINT('',(1.824526217468,11.156535472771));
#3081 = CARTESIAN_POINT('',(1.910746449712,11.161486584686));
#3082 = CARTESIAN_POINT('',(1.996140094234,11.164515607423));
#3083 = CARTESIAN_POINT('',(2.081058377028,11.165523204457));
#3084 = CARTESIAN_POINT('',(2.227029000599,11.163786857263));
#3085 = CARTESIAN_POINT('',(2.28807072627,11.162016974666));
#3086 = CARTESIAN_POINT('',(2.349255603557,11.1592062362));
#3087 = CARTESIAN_POINT('',(2.410744512567,11.155385924983));
#3088 = CARTESIAN_POINT('',(2.472709548256,11.150623619495));
#3089 = CARTESIAN_POINT('',(2.557235950841,11.143080831642));
#3090 = CARTESIAN_POINT('',(2.579180562178,11.141029249013));
#3091 = CARTESIAN_POINT('',(2.601218484524,11.138881577859));
#3092 = CARTESIAN_POINT('',(2.623358915023,11.136643422226));
#3093 = CARTESIAN_POINT('',(2.645611377186,11.134321207689));
#3094 = CARTESIAN_POINT('',(2.695864763338,11.12893292912));
#3095 = CARTESIAN_POINT('',(2.723932746683,11.125824550995));
#3096 = CARTESIAN_POINT('',(2.752209020289,11.122610955943));
#3097 = CARTESIAN_POINT('',(2.780713142876,11.119308691907));
#3098 = CARTESIAN_POINT('',(2.809464882522,11.115936945813));
#3099 = CARTESIAN_POINT('',(2.874689783631,11.108251374113));
#3100 = CARTESIAN_POINT('',(2.911309635916,11.10391144428));
#3101 = CARTESIAN_POINT('',(2.948385403262,11.099539906812));
#3102 = CARTESIAN_POINT('',(2.985951445482,11.095187656503));
#3103 = CARTESIAN_POINT('',(3.0240353059,11.09091349969));
#3104 = CARTESIAN_POINT('',(3.092379467574,11.083605045065));
#3105 = CARTESIAN_POINT('',(3.122418206663,11.080512210403));
#3106 = CARTESIAN_POINT('',(3.152781903053,11.077534755856));
#3107 = CARTESIAN_POINT('',(3.183471327232,11.074705647394));
#3108 = CARTESIAN_POINT('',(3.214478747584,11.072058943127));
#3109 = CARTESIAN_POINT('',(3.262426202743,11.068335722878));
#3110 = CARTESIAN_POINT('',(3.279150802676,11.067104474908));
#3111 = CARTESIAN_POINT('',(3.295957073202,11.065939180298));
#3112 = CARTESIAN_POINT('',(3.312841140266,11.064844659614));
#3113 = CARTESIAN_POINT('',(3.329798161141,11.063825485343));
#3114 = CARTESIAN_POINT('',(3.38158338313,11.060967641838));
#3115 = CARTESIAN_POINT('',(3.416628983591,11.059381054861));
#3116 = CARTESIAN_POINT('',(3.451900307273,11.05816303557));
#3117 = CARTESIAN_POINT('',(3.487332982164,11.057341796091));
#3118 = CARTESIAN_POINT('',(3.522852020149,11.056933137037));
#3119 = CARTESIAN_POINT('',(3.593346624719,11.056940087181));
#3120 = CARTESIAN_POINT('',(3.6283294587,11.057343377768));
#3121 = CARTESIAN_POINT('',(3.663228849626,11.058146752008));
#3122 = CARTESIAN_POINT('',(3.697973036441,11.059335220031));
#3123 = CARTESIAN_POINT('',(3.732500207567,11.060882074475));
#3124 = CARTESIAN_POINT('',(3.783776594419,11.063681890558));
#3125 = CARTESIAN_POINT('',(3.800732876502,11.064691361437));
#3126 = CARTESIAN_POINT('',(3.817616776173,11.065776528982));
#3127 = CARTESIAN_POINT('',(3.834423386467,11.066932849916));
#3128 = CARTESIAN_POINT('',(3.851148768287,11.068155525965));
#3129 = CARTESIAN_POINT('',(3.899095102056,11.071854904549));
#3130 = CARTESIAN_POINT('',(3.930101674182,11.074487338291));
#3131 = CARTESIAN_POINT('',(3.960791238252,11.077303708896));
#3132 = CARTESIAN_POINT('',(3.991155699723,11.080270000769));
#3133 = CARTESIAN_POINT('',(4.021195524332,11.083353238525));
#3134 = CARTESIAN_POINT('',(4.089541885702,11.09064309045));
#3135 = CARTESIAN_POINT('',(4.127626922978,11.094909292608));
#3136 = CARTESIAN_POINT('',(4.165193732336,11.099256082406));
#3137 = CARTESIAN_POINT('',(4.202269512767,11.103624508296));
#3138 = CARTESIAN_POINT('',(4.238888408689,11.107963507025));
#3139 = CARTESIAN_POINT('',(4.304113332685,11.115651494567));
#3140 = CARTESIAN_POINT('',(4.332866376512,11.119025850569));
#3141 = CARTESIAN_POINT('',(4.361370968375,11.122331924814));
#3142 = CARTESIAN_POINT('',(4.389646841471,11.125550445523));
#3143 = CARTESIAN_POINT('',(4.417713537826,11.128664785141));
#3144 = CARTESIAN_POINT('',(4.467966255233,11.134065891601));
#3145 = CARTESIAN_POINT('',(4.490219613113,11.136394608184));
#3146 = CARTESIAN_POINT('',(4.512360335138,11.13863982175));
#3147 = CARTESIAN_POINT('',(4.534397949933,11.140795067956));
#3148 = CARTESIAN_POINT('',(4.556341661548,11.142854706445));
#3149 = CARTESIAN_POINT('',(4.641418716139,11.150480241505));
#3150 = CARTESIAN_POINT('',(4.70391829772,11.155305707203));
#3151 = CARTESIAN_POINT('',(4.765930740617,11.159174300807));
#3152 = CARTESIAN_POINT('',(4.827632470905,11.162016326351));
#3153 = CARTESIAN_POINT('',(4.889188423063,11.16379967009));
#3154 = CARTESIAN_POINT('',(5.026082500421,11.165404930932));
#3155 = CARTESIAN_POINT('',(5.101411869077,11.164700692655));
#3156 = CARTESIAN_POINT('',(5.177074146824,11.162406222324));
#3157 = CARTESIAN_POINT('',(5.253320678717,11.158583661855));
#3158 = CARTESIAN_POINT('',(5.330395811088,11.15336155752));
#3159 = CARTESIAN_POINT('',(5.439674292564,11.144375549813));
#3160 = CARTESIAN_POINT('',(5.470932011329,11.141628929053));
#3161 = CARTESIAN_POINT('',(5.502380720136,11.138703854335));
#3162 = CARTESIAN_POINT('',(5.534036626962,11.135614382523));
#3163 = CARTESIAN_POINT('',(5.565915755374,11.132376436445));
#3164 = CARTESIAN_POINT('',(5.641046984404,11.124496495669));
#3165 = CARTESIAN_POINT('',(5.684487441408,11.119751004584));
#3166 = CARTESIAN_POINT('',(5.728395285436,11.11481389689));
#3167 = CARTESIAN_POINT('',(5.772805252138,11.109734804407));
#3168 = CARTESIAN_POINT('',(5.817748426571,11.104570122302));
#3169 = CARTESIAN_POINT('',(5.930080088392,11.091764804555));
#3170 = CARTESIAN_POINT('',(5.998118061634,11.084097873697));
#3171 = CARTESIAN_POINT('',(6.067454879265,11.076581353037));
#3172 = CARTESIAN_POINT('',(6.138112545221,11.069448296296));
#3173 = CARTESIAN_POINT('',(6.210069330066,11.06295816228));
#3174 = CARTESIAN_POINT('',(6.28318530718,11.057345617159));
#3175 = ( GEOMETRIC_REPRESENTATION_CONTEXT(2) 
PARAMETRIC_REPRESENTATION_CONTEXT() REPRESENTATION_CONTEXT('2D SPACE',''
  ) );
#3176 = FACE_BOUND('',#3177,.F.);
#3177 = EDGE_LOOP('',(#3178));
#3178 = ORIENTED_EDGE('',*,*,#3179,.T.);
#3179 = EDGE_CURVE('',#3180,#3180,#3182,.T.);
#3180 = VERTEX_POINT('',#3181);
#3181 = CARTESIAN_POINT('',(-3.13578408431,34.902460186208,
    -6.644782595546));
#3182 = SURFACE_CURVE('',#3183,(#3321,#3462),.PCURVE_S1.);
#3183 = B_SPLINE_CURVE_WITH_KNOTS('',6,(#3184,#3185,#3186,#3187,#3188,
    #3189,#3190,#3191,#3192,#3193,#3194,#3195,#3196,#3197,#3198,#3199,
    #3200,#3201,#3202,#3203,#3204,#3205,#3206,#3207,#3208,#3209,#3210,
    #3211,#3212,#3213,#3214,#3215,#3216,#3217,#3218,#3219,#3220,#3221,
    #3222,#3223,#3224,#3225,#3226,#3227,#3228,#3229,#3230,#3231,#3232,
    #3233,#3234,#3235,#3236,#3237,#3238,#3239,#3240,#3241,#3242,#3243,
    #3244,#3245,#3246,#3247,#3248,#3249,#3250,#3251,#3252,#3253,#3254,
    #3255,#3256,#3257,#3258,#3259,#3260,#3261,#3262,#3263,#3264,#3265,
    #3266,#3267,#3268,#3269,#3270,#3271,#3272,#3273,#3274,#3275,#3276,
    #3277,#3278,#3279,#3280,#3281,#3282,#3283,#3284,#3285,#3286,#3287,
    #3288,#3289,#3290,#3291,#3292,#3293,#3294,#3295,#3296,#3297,#3298,
    #3299,#3300,#3301,#3302,#3303,#3304,#3305,#3306,#3307,#3308,#3309,
    #3310,#3311,#3312,#3313,#3314,#3315,#3316,#3317,#3318,#3319,#3320),
  .UNSPECIFIED.,.T.,.F.,(7,5,5,5,5,5,5,5,5,5,5,5,5,5,5,5,5,5,5,5,5,5,5,5
    ,5,5,5,7),(0.,6.446563816215E-02,0.106910648883,0.138967620512,
    0.21844021767,0.284312811525,0.307089237839,0.335465168724,
    0.37086344065,0.398103632195,0.412583964162,0.441721577221,
    0.471304722417,0.485793012278,0.513052055843,0.548475206763,
    0.576867422072,0.599653612987,0.664974451839,0.755793289158,
    0.791614228039,0.839532553945,0.87844164203,0.89916639147,
    0.912446128127,0.941724513191,0.980723204171,1.),.UNSPECIFIED.);
#3184 = CARTESIAN_POINT('',(-3.13578408431,34.902460186208,
    -6.644782595546));
#3185 = CARTESIAN_POINT('',(-3.027621897707,34.927249171708,
    -6.662796281317));
#3186 = CARTESIAN_POINT('',(-2.920896308272,34.956786533677,
    -6.671794794139));
#3187 = CARTESIAN_POINT('',(-2.816968206092,34.990550084005,
    -6.672163060927));
#3188 = CARTESIAN_POINT('',(-2.716844457827,35.027977202245,
    -6.664594180559));
#3189 = CARTESIAN_POINT('',(-2.621224442552,35.068554687017,
    -6.649837385213));
#3190 = CARTESIAN_POINT('',(-2.470874463013,35.140355620045,
    -6.614625005787));
#3191 = CARTESIAN_POINT('',(-2.413333336942,35.17004005069,
    -6.597837594757));
#3192 = CARTESIAN_POINT('',(-2.358070057059,35.200781093696,
    -6.578444656426));
#3193 = CARTESIAN_POINT('',(-2.305180887838,35.232466738504,
    -6.556641830523));
#3194 = CARTESIAN_POINT('',(-2.254736104927,35.264996020734,
    -6.532612920249));
#3195 = CARTESIAN_POINT('',(-2.170570706784,35.323418419837,
    -6.48682098278));
#3196 = CARTESIAN_POINT('',(-2.13577965894,35.348986575628,
    -6.465943150899));
#3197 = CARTESIAN_POINT('',(-2.102434133488,35.374946053195,
    -6.443963418929));
#3198 = CARTESIAN_POINT('',(-2.070552080121,35.401260535845,
    -6.420949755409));
#3199 = CARTESIAN_POINT('',(-2.040147807708,35.427896031478,
    -6.396965679462));
#3200 = CARTESIAN_POINT('',(-1.939546623257,35.521570379576,
    -6.310351905058));
#3201 = CARTESIAN_POINT('',(-1.877024138286,35.590085169764,
    -6.243044096853));
#3202 = CARTESIAN_POINT('',(-1.823805554256,35.659902434985,
    -6.171028151458));
#3203 = CARTESIAN_POINT('',(-1.78001193029,35.73058820731,
    -6.095050005058));
#3204 = CARTESIAN_POINT('',(-1.745727068336,35.801723642934,
    -6.015743436097));
#3205 = CARTESIAN_POINT('',(-1.700664474439,35.931886233529,
    -5.865503501735));
#3206 = CARTESIAN_POINT('',(-1.686872971057,35.990888234431,
    -5.795475874088));
#3207 = CARTESIAN_POINT('',(-1.679784500827,36.0496653761,
    -5.723789492251));
#3208 = CARTESIAN_POINT('',(-1.679511487735,36.107945897348,
    -5.650695734832));
#3209 = CARTESIAN_POINT('',(-1.68618847407,36.165416638983,
    -5.57642266647));
#3210 = CARTESIAN_POINT('',(-1.704806679134,36.241164712495,
    -5.475133588456));
#3211 = CARTESIAN_POINT('',(-1.710445749412,36.260484032427,
    -5.44899212043));
#3212 = CARTESIAN_POINT('',(-1.716948677249,36.279644934913,
    -5.422741654428));
#3213 = CARTESIAN_POINT('',(-1.724324580157,36.298629912984,
    -5.396390885808));
#3214 = CARTESIAN_POINT('',(-1.732583365418,36.317419879766,
    -5.369948747884));
#3215 = CARTESIAN_POINT('',(-1.753138171499,36.35913488097,
    -5.310379160948));
#3216 = CARTESIAN_POINT('',(-1.76592728912,36.381940336032,
    -5.277206936049));
#3217 = CARTESIAN_POINT('',(-1.780124228412,36.404370960559,
    -5.243924866573));
#3218 = CARTESIAN_POINT('',(-1.79575109124,36.42638130351,
    -5.210552868364));
#3219 = CARTESIAN_POINT('',(-1.812830935858,36.447920035903,
    -5.177113643766));
#3220 = CARTESIAN_POINT('',(-1.85453697713,36.495139300017,
    -5.10186600946));
#3221 = CARTESIAN_POINT('',(-1.87998296477,36.520523756014,
    -5.060037297988));
#3222 = CARTESIAN_POINT('',(-1.907772769393,36.54497408916,
    -5.018193709708));
#3223 = CARTESIAN_POINT('',(-1.937949566919,36.568357762933,
    -4.976400973174));
#3224 = CARTESIAN_POINT('',(-1.970544628905,36.590522591943,
    -4.934744558607));
#3225 = CARTESIAN_POINT('',(-2.032521942962,36.627289640046,
    -4.861461578588));
#3226 = CARTESIAN_POINT('',(-2.060911807467,36.642456553297,
    -4.829737925855));
#3227 = CARTESIAN_POINT('',(-2.090741857483,36.656724100028,
    -4.798210335535));
#3228 = CARTESIAN_POINT('',(-2.122003575028,36.670007133163,
    -4.766941661131));
#3229 = CARTESIAN_POINT('',(-2.154671050705,36.682217565757,
    -4.736006974069));
#3230 = CARTESIAN_POINT('',(-2.2067815965,36.699144542562,
    -4.689272955952));
#3231 = CARTESIAN_POINT('',(-2.225251216703,36.704692234614,
    -4.67317164332));
#3232 = CARTESIAN_POINT('',(-2.244096432231,36.70989946729,
    -4.657202793073));
#3233 = CARTESIAN_POINT('',(-2.263307542717,36.714753737032,
    -4.641380592497));
#3234 = CARTESIAN_POINT('',(-2.282872678213,36.719243184145,
    -4.62572005354));
#3235 = CARTESIAN_POINT('',(-2.342831280987,36.731633675764,
    -4.579081729167));
#3236 = CARTESIAN_POINT('',(-2.384266260236,36.738389502746,
    -4.548641175955));
#3237 = CARTESIAN_POINT('',(-2.426958271525,36.743532064067,
    -4.519051116079));
#3238 = CARTESIAN_POINT('',(-2.470755807085,36.746991392173,
    -4.490447329258));
#3239 = CARTESIAN_POINT('',(-2.515477941395,36.748728306463,
    -4.462961262313));
#3240 = CARTESIAN_POINT('',(-2.607040684378,36.748758236894,
    -4.410068785388));
#3241 = CARTESIAN_POINT('',(-2.653912951965,36.746998188853,
    -4.384694990638));
#3242 = CARTESIAN_POINT('',(-2.701305976382,36.743462218358,
    -4.36072325909));
#3243 = CARTESIAN_POINT('',(-2.749005984674,36.738191615863,
    -4.338248576204));
#3244 = CARTESIAN_POINT('',(-2.796810979772,36.731260283486,
    -4.317336547098));
#3245 = CARTESIAN_POINT('',(-2.867905525424,36.71860483902,
    -4.28857166729));
#3246 = CARTESIAN_POINT('',(-2.891259279312,36.714069017685,
    -4.279499359208));
#3247 = CARTESIAN_POINT('',(-2.914574125147,36.709169105315,
    -4.270815195184));
#3248 = CARTESIAN_POINT('',(-2.937831226384,36.703917036143,
    -4.262521841579));
#3249 = CARTESIAN_POINT('',(-2.961013553614,36.69832536988,
    -4.254620506317));
#3250 = CARTESIAN_POINT('',(-3.027553031291,36.681272702859,
    -4.232982037023));
#3251 = CARTESIAN_POINT('',(-3.070680864266,36.668982517501,
    -4.220240395988));
#3252 = CARTESIAN_POINT('',(-3.113390103679,36.655622876999,
    -4.20888445707));
#3253 = CARTESIAN_POINT('',(-3.155603457212,36.641281967468,
    -4.198898672292));
#3254 = CARTESIAN_POINT('',(-3.197262840478,36.626044903005,
    -4.190258669514));
#3255 = CARTESIAN_POINT('',(-3.291688985534,36.589123440746,
    -4.173421144691));
#3256 = CARTESIAN_POINT('',(-3.344041427756,36.566876468373,
    -4.166131844138));
#3257 = CARTESIAN_POINT('',(-3.395298528211,36.543415635412,
    -4.161005068701));
#3258 = CARTESIAN_POINT('',(-3.445402668557,36.518892767226,
    -4.157970794072));
#3259 = CARTESIAN_POINT('',(-3.494319021603,36.493440003322,
    -4.156958715276));
#3260 = CARTESIAN_POINT('',(-3.580272120881,36.446107384958,
    -4.158662639111));
#3261 = CARTESIAN_POINT('',(-3.617737510604,36.424522356019,
    -4.16067855594));
#3262 = CARTESIAN_POINT('',(-3.654416816384,36.402468148647,
    -4.163918780906));
#3263 = CARTESIAN_POINT('',(-3.690302003369,36.379995913043,
    -4.168352031493));
#3264 = CARTESIAN_POINT('',(-3.725386919528,36.357150943879,
    -4.173949255387));
#3265 = CARTESIAN_POINT('',(-3.787179033854,36.315370949752,
    -4.186088307584));
#3266 = CARTESIAN_POINT('',(-3.814172152724,36.296554867885,
    -4.192225366866));
#3267 = CARTESIAN_POINT('',(-3.84064405884,36.277545024291,
    -4.199080990578));
#3268 = CARTESIAN_POINT('',(-3.866591960005,36.258360438071,
    -4.206642161131));
#3269 = CARTESIAN_POINT('',(-3.892012865246,36.239018557841,
    -4.214896661081));
#3270 = CARTESIAN_POINT('',(-3.988257445018,36.163682782916,
    -4.249450954312));
#3271 = CARTESIAN_POINT('',(-4.055245624143,36.106675239561,
    -4.28066946453));
#3272 = CARTESIAN_POINT('',(-4.11781017361,36.048876631362,
    -4.317222751431));
#3273 = CARTESIAN_POINT('',(-4.17582391901,35.990591832007,
    -4.358886094521));
#3274 = CARTESIAN_POINT('',(-4.229129166154,35.932085775293,
    -4.40544215512));
#3275 = CARTESIAN_POINT('',(-4.344815154235,35.792256078594,
    -4.527953887671));
#3276 = CARTESIAN_POINT('',(-4.402589062035,35.710973395993,
    -4.60826275334));
#3277 = CARTESIAN_POINT('',(-4.450334696995,35.630346941422,
    -4.6970896768));
#3278 = CARTESIAN_POINT('',(-4.487258825831,35.551002504799,
    -4.793853022759));
#3279 = CARTESIAN_POINT('',(-4.512450046782,35.473600855739,
    -4.897795843056));
#3280 = CARTESIAN_POINT('',(-4.529686368226,35.369390122824,
    -5.051460768863));
#3281 = CARTESIAN_POINT('',(-4.532565098687,35.340332492818,
    -5.095893297381));
#3282 = CARTESIAN_POINT('',(-4.53338032779,35.311740803025,
    -5.141232341392));
#3283 = CARTESIAN_POINT('',(-4.532061395275,35.283666388003,
    -5.187407724392));
#3284 = CARTESIAN_POINT('',(-4.528535488107,35.256164965889,
    -5.234338975325));
#3285 = CARTESIAN_POINT('',(-4.514962324052,35.193354129362,
    -5.345603641631));
#3286 = CARTESIAN_POINT('',(-4.503115168812,35.158546464491,
    -5.410457791362));
#3287 = CARTESIAN_POINT('',(-4.487013220631,35.12501527982,
    -5.476280450959));
#3288 = CARTESIAN_POINT('',(-4.466480021792,35.092926353529,
    -5.542801399884));
#3289 = CARTESIAN_POINT('',(-4.441358596273,35.062464799847,
    -5.609693904261));
#3290 = CARTESIAN_POINT('',(-4.387314525002,35.01057957102,
    -5.73087625644));
#3291 = CARTESIAN_POINT('',(-4.359995721734,34.988534623935,
    -5.785168296275));
#3292 = CARTESIAN_POINT('',(-4.329517353943,34.9678037964,-5.83923790973
    ));
#3293 = CARTESIAN_POINT('',(-4.295842669576,34.948504844241,
    -5.892840908015));
#3294 = CARTESIAN_POINT('',(-4.258973875034,34.930758627323,
    -5.945704044944));
#3295 = CARTESIAN_POINT('',(-4.19766037479,34.906119965775,
    -6.025134706967));
#3296 = CARTESIAN_POINT('',(-4.175462414738,34.898031038697,
    -6.052445207947));
#3297 = CARTESIAN_POINT('',(-4.152383714958,34.890434041743,
    -6.07941577368));
#3298 = CARTESIAN_POINT('',(-4.128438245089,34.883346172962,
    -6.105999809141));
#3299 = CARTESIAN_POINT('',(-4.103645212398,34.87678372871,
    -6.132149753628));
#3300 = CARTESIAN_POINT('',(-4.061615076402,34.866903644701,
    -6.174263858365));
#3301 = CARTESIAN_POINT('',(-4.044863178366,34.863267181774,
    -6.190512578128));
#3302 = CARTESIAN_POINT('',(-4.027779896865,34.859856723421,
    -6.206550512774));
#3303 = CARTESIAN_POINT('',(-4.010372731311,34.856675971012,
    -6.222365065314));
#3304 = CARTESIAN_POINT('',(-3.992650151338,34.853728318731,
    -6.237943769044));
#3305 = CARTESIAN_POINT('',(-3.934873296403,34.845038774135,
    -6.287074116211));
#3306 = CARTESIAN_POINT('',(-3.893635923565,34.840208475675,
    -6.319669144665));
#3307 = CARTESIAN_POINT('',(-3.851013968132,34.836559269496,
    -6.350924901732));
#3308 = CARTESIAN_POINT('',(-3.807130240134,34.834114704969,
    -6.380717968134));
#3309 = CARTESIAN_POINT('',(-3.76212614548,34.832887230684,
    -6.408938919334));
#3310 = CARTESIAN_POINT('',(-3.654937853893,34.832863035988,
    -6.470868218382));
#3311 = CARTESIAN_POINT('',(-3.592000469953,34.835008703608,
    -6.503293399101));
#3312 = CARTESIAN_POINT('',(-3.527734430779,34.839314193428,
    -6.532547621038));
#3313 = CARTESIAN_POINT('',(-3.462535293504,34.845740123893,
    -6.55849056037));
#3314 = CARTESIAN_POINT('',(-3.396799184792,34.854214288417,
    -6.58105470439));
#3315 = CARTESIAN_POINT('',(-3.298345047785,34.86979118912,
    -6.609716137381));
#3316 = CARTESIAN_POINT('',(-3.26573866473,34.875420668764,
    -6.618370815403));
#3317 = CARTESIAN_POINT('',(-3.233138144803,34.8815152831,
    -6.626199575434));
#3318 = CARTESIAN_POINT('',(-3.200585929295,34.888062481352,
    -6.633205982147));
#3319 = CARTESIAN_POINT('',(-3.168122041018,34.895048864685,
    -6.639396920462));
#3320 = CARTESIAN_POINT('',(-3.13578408431,34.902460186208,
    -6.644782595546));
#3321 = PCURVE('',#2514,#3322);
#3322 = DEFINITIONAL_REPRESENTATION('',(#3323),#3461);
#3323 = B_SPLINE_CURVE_WITH_KNOTS('',6,(#3324,#3325,#3326,#3327,#3328,
    #3329,#3330,#3331,#3332,#3333,#3334,#3335,#3336,#3337,#3338,#3339,
    #3340,#3341,#3342,#3343,#3344,#3345,#3346,#3347,#3348,#3349,#3350,
    #3351,#3352,#3353,#3354,#3355,#3356,#3357,#3358,#3359,#3360,#3361,
    #3362,#3363,#3364,#3365,#3366,#3367,#3368,#3369,#3370,#3371,#3372,
    #3373,#3374,#3375,#3376,#3377,#3378,#3379,#3380,#3381,#3382,#3383,
    #3384,#3385,#3386,#3387,#3388,#3389,#3390,#3391,#3392,#3393,#3394,
    #3395,#3396,#3397,#3398,#3399,#3400,#3401,#3402,#3403,#3404,#3405,
    #3406,#3407,#3408,#3409,#3410,#3411,#3412,#3413,#3414,#3415,#3416,
    #3417,#3418,#3419,#3420,#3421,#3422,#3423,#3424,#3425,#3426,#3427,
    #3428,#3429,#3430,#3431,#3432,#3433,#3434,#3435,#3436,#3437,#3438,
    #3439,#3440,#3441,#3442,#3443,#3444,#3445,#3446,#3447,#3448,#3449,
    #3450,#3451,#3452,#3453,#3454,#3455,#3456,#3457,#3458,#3459,#3460),
  .UNSPECIFIED.,.F.,.F.,(7,5,5,5,5,5,5,5,5,5,5,5,5,5,5,5,5,5,5,5,5,5,5,5
    ,5,5,5,7),(0.,6.446563816215E-02,0.106910648883,0.138967620512,
    0.21844021767,0.284312811525,0.307089237839,0.335465168724,
    0.37086344065,0.398103632195,0.412583964162,0.441721577221,
    0.471304722417,0.485793012278,0.513052055843,0.548475206763,
    0.576867422072,0.599653612987,0.664974451839,0.755793289158,
    0.791614228039,0.839532553945,0.87844164203,0.89916639147,
    0.912446128127,0.941724513191,0.980723204171,1.),.UNSPECIFIED.);
#3324 = CARTESIAN_POINT('',(-3.582522315319,-13.9024601862));
#3325 = CARTESIAN_POINT('',(-3.568163087768,-13.9272491722));
#3326 = CARTESIAN_POINT('',(-3.554364241528,-13.95678653265));
#3327 = CARTESIAN_POINT('',(-3.541225391771,-13.99055008492));
#3328 = CARTESIAN_POINT('',(-3.528807165791,-14.0279772019));
#3329 = CARTESIAN_POINT('',(-3.517150401786,-14.06855468701));
#3330 = CARTESIAN_POINT('',(-3.499123696067,-14.14035562004));
#3331 = CARTESIAN_POINT('',(-3.492307897473,-14.17004005069));
#3332 = CARTESIAN_POINT('',(-3.485840173263,-14.20078109369));
#3333 = CARTESIAN_POINT('',(-3.479726496457,-14.2324667385));
#3334 = CARTESIAN_POINT('',(-3.473972225262,-14.26499602073));
#3335 = CARTESIAN_POINT('',(-3.464511925201,-14.32341841983));
#3336 = CARTESIAN_POINT('',(-3.460649392932,-14.34898657562));
#3337 = CARTESIAN_POINT('',(-3.456997206473,-14.37494605319));
#3338 = CARTESIAN_POINT('',(-3.453557854165,-14.40126053584));
#3339 = CARTESIAN_POINT('',(-3.450334045363,-14.42789603147));
#3340 = CARTESIAN_POINT('',(-3.439878169731,-14.52157037957));
#3341 = CARTESIAN_POINT('',(-3.43377187136,-14.59008516976));
#3342 = CARTESIAN_POINT('',(-3.429051594035,-14.65990243498));
#3343 = CARTESIAN_POINT('',(-3.425779396795,-14.73058820731));
#3344 = CARTESIAN_POINT('',(-3.424029888007,-14.80172364293));
#3345 = CARTESIAN_POINT('',(-3.423799152983,-14.93188623352));
#3346 = CARTESIAN_POINT('',(-3.424809910663,-14.99088823443));
#3347 = CARTESIAN_POINT('',(-3.426992322314,-15.0496653761));
#3348 = CARTESIAN_POINT('',(-3.430415559978,-15.10794589734));
#3349 = CARTESIAN_POINT('',(-3.435158088287,-15.16541663898));
#3350 = CARTESIAN_POINT('',(-3.443441411077,-15.24116471249));
#3351 = CARTESIAN_POINT('',(-3.445738409429,-15.26048403242));
#3352 = CARTESIAN_POINT('',(-3.448207983409,-15.27964493491));
#3353 = CARTESIAN_POINT('',(-3.450854016283,-15.29862991298));
#3354 = CARTESIAN_POINT('',(-3.453680478735,-15.31741987976));
#3355 = CARTESIAN_POINT('',(-3.460442610535,-15.35913488097));
#3356 = CARTESIAN_POINT('',(-3.464479997973,-15.38194033603));
#3357 = CARTESIAN_POINT('',(-3.468811643619,-15.40437096055));
#3358 = CARTESIAN_POINT('',(-3.473445194466,-15.42638130351));
#3359 = CARTESIAN_POINT('',(-3.478387892065,-15.4479200359));
#3360 = CARTESIAN_POINT('',(-3.490206646324,-15.49513930001));
#3361 = CARTESIAN_POINT('',(-3.497257903295,-15.52052375601));
#3362 = CARTESIAN_POINT('',(-3.504813430276,-15.54497408916));
#3363 = CARTESIAN_POINT('',(-3.512883018245,-15.56835776293));
#3364 = CARTESIAN_POINT('',(-3.521469993161,-15.59052259194));
#3365 = CARTESIAN_POINT('',(-3.537569312978,-15.62728964004));
#3366 = CARTESIAN_POINT('',(-3.544872811816,-15.64245655329));
#3367 = CARTESIAN_POINT('',(-3.552475144434,-15.65672410002));
#3368 = CARTESIAN_POINT('',(-3.560368255018,-15.67000713316));
#3369 = CARTESIAN_POINT('',(-3.568537925655,-15.68221756575));
#3370 = CARTESIAN_POINT('',(-3.581440481957,-15.69914454256));
#3371 = CARTESIAN_POINT('',(-3.585990614563,-15.70469223461));
#3372 = CARTESIAN_POINT('',(-3.590609337551,-15.70989946729));
#3373 = CARTESIAN_POINT('',(-3.595292670823,-15.71475373703));
#3374 = CARTESIAN_POINT('',(-3.600035985618,-15.71924318414));
#3375 = CARTESIAN_POINT('',(-3.614488673907,-15.73163367576));
#3376 = CARTESIAN_POINT('',(-3.624366014043,-15.73838950274));
#3377 = CARTESIAN_POINT('',(-3.634420870978,-15.74353206406));
#3378 = CARTESIAN_POINT('',(-3.644599834171,-15.74699139217));
#3379 = CARTESIAN_POINT('',(-3.65484294846,-15.74872830646));
#3380 = CARTESIAN_POINT('',(-3.675484517443,-15.74875823689));
#3381 = CARTESIAN_POINT('',(-3.68588519254,-15.74699818885));
#3382 = CARTESIAN_POINT('',(-3.696219566876,-15.74346221835));
#3383 = CARTESIAN_POINT('',(-3.70642491404,-15.73819161586));
#3384 = CARTESIAN_POINT('',(-3.716445497839,-15.73126028348));
#3385 = CARTESIAN_POINT('',(-3.731028503126,-15.71860483902));
#3386 = CARTESIAN_POINT('',(-3.735767335152,-15.71406901768));
#3387 = CARTESIAN_POINT('',(-3.74044566188,-15.70916910531));
#3388 = CARTESIAN_POINT('',(-3.745058894357,-15.70391703614));
#3389 = CARTESIAN_POINT('',(-3.749603093346,-15.69832536988));
#3390 = CARTESIAN_POINT('',(-3.762488596012,-15.68127270285));
#3391 = CARTESIAN_POINT('',(-3.770646050329,-15.6689825175));
#3392 = CARTESIAN_POINT('',(-3.778525716359,-15.65562287699));
#3393 = CARTESIAN_POINT('',(-3.78611361778,-15.64128196746));
#3394 = CARTESIAN_POINT('',(-3.793401908095,-15.626044903));
#3395 = CARTESIAN_POINT('',(-3.80946496283,-15.58912344074));
#3396 = CARTESIAN_POINT('',(-3.818030451671,-15.56687646837));
#3397 = CARTESIAN_POINT('',(-3.826077883761,-15.54341563541));
#3398 = CARTESIAN_POINT('',(-3.83361084144,-15.51889276722));
#3399 = CARTESIAN_POINT('',(-3.840639288203,-15.49344000332));
#3400 = CARTESIAN_POINT('',(-3.852416041464,-15.44610738495));
#3401 = CARTESIAN_POINT('',(-3.857339677658,-15.42452235601));
#3402 = CARTESIAN_POINT('',(-3.861954220825,-15.40246814864));
#3403 = CARTESIAN_POINT('',(-3.866266950142,-15.37999591304));
#3404 = CARTESIAN_POINT('',(-3.870285535607,-15.35715094387));
#3405 = CARTESIAN_POINT('',(-3.877013560309,-15.31537094975));
#3406 = CARTESIAN_POINT('',(-3.879824728654,-15.29655486788));
#3407 = CARTESIAN_POINT('',(-3.882455604948,-15.27754502429));
#3408 = CARTESIAN_POINT('',(-3.884910161281,-15.25836043807));
#3409 = CARTESIAN_POINT('',(-3.887192279955,-15.23901855784));
#3410 = CARTESIAN_POINT('',(-3.895364417051,-15.16368278291));
#3411 = CARTESIAN_POINT('',(-3.900036391454,-15.10667523956));
#3412 = CARTESIAN_POINT('',(-3.903412398405,-15.04887663136));
#3413 = CARTESIAN_POINT('',(-3.9055688567,-14.990591832));
#3414 = CARTESIAN_POINT('',(-3.906573156553,-14.93208577529));
#3415 = CARTESIAN_POINT('',(-3.906351192326,-14.79225607859));
#3416 = CARTESIAN_POINT('',(-3.904101304563,-14.71097339599));
#3417 = CARTESIAN_POINT('',(-3.899881559208,-14.63034694142));
#3418 = CARTESIAN_POINT('',(-3.893796817792,-14.55100250479));
#3419 = CARTESIAN_POINT('',(-3.885934742673,-14.47360085573));
#3420 = CARTESIAN_POINT('',(-3.872566296394,-14.36939012282));
#3421 = CARTESIAN_POINT('',(-3.868517108528,-14.34033249281));
#3422 = CARTESIAN_POINT('',(-3.864203754215,-14.31174080302));
#3423 = CARTESIAN_POINT('',(-3.859629635674,-14.283666388));
#3424 = CARTESIAN_POINT('',(-3.854797987082,-14.25616496588));
#3425 = CARTESIAN_POINT('',(-3.842908307132,-14.19335412936));
#3426 = CARTESIAN_POINT('',(-3.835649826713,-14.15854646449));
#3427 = CARTESIAN_POINT('',(-3.827943845584,-14.12501527982));
#3428 = CARTESIAN_POINT('',(-3.819799089136,-14.09292635352));
#3429 = CARTESIAN_POINT('',(-3.811226971659,-14.06246479984));
#3430 = CARTESIAN_POINT('',(-3.794947906306,-14.01057957102));
#3431 = CARTESIAN_POINT('',(-3.787381658141,-13.98853462393));
#3432 = CARTESIAN_POINT('',(-3.779553065736,-13.9678037964));
#3433 = CARTESIAN_POINT('',(-3.771473844632,-13.94850484424));
#3434 = CARTESIAN_POINT('',(-3.763159615169,-13.93075862732));
#3435 = CARTESIAN_POINT('',(-3.750088307467,-13.90611996577));
#3436 = CARTESIAN_POINT('',(-3.745484815882,-13.89803103869));
#3437 = CARTESIAN_POINT('',(-3.740823718943,-13.89043404174));
#3438 = CARTESIAN_POINT('',(-3.736108619597,-13.88334617296));
#3439 = CARTESIAN_POINT('',(-3.731343553321,-13.87678372871));
#3440 = CARTESIAN_POINT('',(-3.723450536438,-13.8669036447));
#3441 = CARTESIAN_POINT('',(-3.720349403749,-13.86326718177));
#3442 = CARTESIAN_POINT('',(-3.717230773778,-13.85985672342));
#3443 = CARTESIAN_POINT('',(-3.714095898558,-13.85667597101));
#3444 = CARTESIAN_POINT('',(-3.710946098439,-13.85372831873));
#3445 = CARTESIAN_POINT('',(-3.700808423515,-13.84503877413));
#3446 = CARTESIAN_POINT('',(-3.693767972239,-13.84020847567));
#3447 = CARTESIAN_POINT('',(-3.68667687566,-13.83655926949));
#3448 = CARTESIAN_POINT('',(-3.679551186334,-13.83411470496));
#3449 = CARTESIAN_POINT('',(-3.672407764668,-13.83288723068));
#3450 = CARTESIAN_POINT('',(-3.65574970398,-13.83286303598));
#3451 = CARTESIAN_POINT('',(-3.646233679131,-13.8350087036));
#3452 = CARTESIAN_POINT('',(-3.636759654186,-13.83931419342));
#3453 = CARTESIAN_POINT('',(-3.627366742149,-13.84574012389));
#3454 = CARTESIAN_POINT('',(-3.618090895619,-13.85421428841));
#3455 = CARTESIAN_POINT('',(-3.604455415844,-13.86979118912));
#3456 = CARTESIAN_POINT('',(-3.599981521084,-13.87542066869));
#3457 = CARTESIAN_POINT('',(-3.5955479643,-13.88151528303));
#3458 = CARTESIAN_POINT('',(-3.591158207743,-13.88806248139));
#3459 = CARTESIAN_POINT('',(-3.586815387866,-13.89504886483));
#3460 = CARTESIAN_POINT('',(-3.582522315319,-13.9024601862));
#3461 = ( GEOMETRIC_REPRESENTATION_CONTEXT(2) 
PARAMETRIC_REPRESENTATION_CONTEXT() REPRESENTATION_CONTEXT('2D SPACE',''
  ) );
#3462 = PCURVE('',#3463,#3468);
#3463 = CYLINDRICAL_SURFACE('',#3464,1.5);
#3464 = AXIS2_PLACEMENT_3D('',#3465,#3466,#3467);
#3465 = CARTESIAN_POINT('',(-6.689546463675,44.254666676608,
    -11.58663435467));
#3466 = DIRECTION('',(0.321393804843,-0.766044443119,0.556670399226));
#3467 = DIRECTION('',(0.,-0.587858883153,-0.808963493304));
#3468 = DEFINITIONAL_REPRESENTATION('',(#3469),#3607);
#3469 = B_SPLINE_CURVE_WITH_KNOTS('',6,(#3470,#3471,#3472,#3473,#3474,
    #3475,#3476,#3477,#3478,#3479,#3480,#3481,#3482,#3483,#3484,#3485,
    #3486,#3487,#3488,#3489,#3490,#3491,#3492,#3493,#3494,#3495,#3496,
    #3497,#3498,#3499,#3500,#3501,#3502,#3503,#3504,#3505,#3506,#3507,
    #3508,#3509,#3510,#3511,#3512,#3513,#3514,#3515,#3516,#3517,#3518,
    #3519,#3520,#3521,#3522,#3523,#3524,#3525,#3526,#3527,#3528,#3529,
    #3530,#3531,#3532,#3533,#3534,#3535,#3536,#3537,#3538,#3539,#3540,
    #3541,#3542,#3543,#3544,#3545,#3546,#3547,#3548,#3549,#3550,#3551,
    #3552,#3553,#3554,#3555,#3556,#3557,#3558,#3559,#3560,#3561,#3562,
    #3563,#3564,#3565,#3566,#3567,#3568,#3569,#3570,#3571,#3572,#3573,
    #3574,#3575,#3576,#3577,#3578,#3579,#3580,#3581,#3582,#3583,#3584,
    #3585,#3586,#3587,#3588,#3589,#3590,#3591,#3592,#3593,#3594,#3595,
    #3596,#3597,#3598,#3599,#3600,#3601,#3602,#3603,#3604,#3605,#3606),
  .UNSPECIFIED.,.F.,.F.,(7,5,5,5,5,5,5,5,5,5,5,5,5,5,5,5,5,5,5,5,5,5,5,5
    ,5,5,5,7),(0.,6.446563816215E-02,0.106910648883,0.138967620512,
    0.21844021767,0.284312811525,0.307089237839,0.335465168724,
    0.37086344065,0.398103632195,0.412583964162,0.441721577221,
    0.471304722417,0.485793012278,0.513052055843,0.548475206763,
    0.576867422072,0.599653612987,0.664974451839,0.755793289158,
    0.791614228039,0.839532553945,0.87844164203,0.89916639147,
    0.912446128127,0.941724513191,0.980723204171,1.),.UNSPECIFIED.);
#3470 = CARTESIAN_POINT('',(5.921189464667E-16,11.057345617159));
#3471 = CARTESIAN_POINT('',(7.484809637167E-02,11.063091123609));
#3472 = CARTESIAN_POINT('',(0.148476639478,11.069755929146));
#3473 = CARTESIAN_POINT('',(0.220740385602,11.077088394007));
#3474 = CARTESIAN_POINT('',(0.291620860448,11.084810082124));
#3475 = CARTESIAN_POINT('',(0.361143906407,11.092672277083));
#3476 = CARTESIAN_POINT('',(0.474346697415,11.105592812621));
#3477 = CARTESIAN_POINT('',(0.518742600605,11.110691635722));
#3478 = CARTESIAN_POINT('',(0.562620104629,11.115699381064));
#3479 = CARTESIAN_POINT('',(0.606009773692,11.120562008063));
#3480 = CARTESIAN_POINT('',(0.648945513018,11.125231955961));
#3481 = CARTESIAN_POINT('',(0.72358018944,11.133019055432));
#3482 = CARTESIAN_POINT('',(0.755456736629,11.136236410017));
#3483 = CARTESIAN_POINT('',(0.787111691634,11.13930280795));
#3484 = CARTESIAN_POINT('',(0.818561156646,11.14220246444));
#3485 = CARTESIAN_POINT('',(0.849821407732,11.144921460948));
#3486 = CARTESIAN_POINT('',(0.95797803807,11.153710668943));
#3487 = CARTESIAN_POINT('',(1.033971190657,11.158787898446));
#3488 = CARTESIAN_POINT('',(1.109167481139,11.162498038672));
#3489 = CARTESIAN_POINT('',(1.18380214702,11.164719380099));
#3490 = CARTESIAN_POINT('',(1.258117139212,11.165393036567));
#3491 = CARTESIAN_POINT('',(1.393996884116,11.16379967009));
#3492 = CARTESIAN_POINT('',(1.455552836275,11.162016326351));
#3493 = CARTESIAN_POINT('',(1.517254566563,11.159174300807));
#3494 = CARTESIAN_POINT('',(1.579267009459,11.155305707203));
#3495 = CARTESIAN_POINT('',(1.64176659104,11.150480241505));
#3496 = CARTESIAN_POINT('',(1.726843645632,11.142854706445));
#3497 = CARTESIAN_POINT('',(1.748787357247,11.140795067956));
#3498 = CARTESIAN_POINT('',(1.770824972042,11.13863982175));
#3499 = CARTESIAN_POINT('',(1.792965694067,11.136394608184));
#3500 = CARTESIAN_POINT('',(1.815219051947,11.134065891601));
#3501 = CARTESIAN_POINT('',(1.865471769354,11.128664785141));
#3502 = CARTESIAN_POINT('',(1.893538465709,11.125550445523));
#3503 = CARTESIAN_POINT('',(1.921814338805,11.122331924814));
#3504 = CARTESIAN_POINT('',(1.950318930667,11.119025850569));
#3505 = CARTESIAN_POINT('',(1.979071974495,11.115651494567));
#3506 = CARTESIAN_POINT('',(2.044296898491,11.107963507025));
#3507 = CARTESIAN_POINT('',(2.080915794413,11.103624508296));
#3508 = CARTESIAN_POINT('',(2.117991574843,11.099256082406));
#3509 = CARTESIAN_POINT('',(2.155558384202,11.094909292608));
#3510 = CARTESIAN_POINT('',(2.193643421478,11.09064309045));
#3511 = CARTESIAN_POINT('',(2.261989782848,11.083353238525));
#3512 = CARTESIAN_POINT('',(2.292029607456,11.080270000769));
#3513 = CARTESIAN_POINT('',(2.322394068928,11.077303708896));
#3514 = CARTESIAN_POINT('',(2.353083632998,11.074487338291));
#3515 = CARTESIAN_POINT('',(2.384090205124,11.071854904549));
#3516 = CARTESIAN_POINT('',(2.432036538893,11.068155525965));
#3517 = CARTESIAN_POINT('',(2.448761920713,11.066932849916));
#3518 = CARTESIAN_POINT('',(2.465568531007,11.065776528982));
#3519 = CARTESIAN_POINT('',(2.482452430678,11.064691361437));
#3520 = CARTESIAN_POINT('',(2.49940871276,11.063681890558));
#3521 = CARTESIAN_POINT('',(2.550685099613,11.060882074475));
#3522 = CARTESIAN_POINT('',(2.585212270739,11.059335220031));
#3523 = CARTESIAN_POINT('',(2.619956457554,11.058146752008));
#3524 = CARTESIAN_POINT('',(2.65485584848,11.057343377768));
#3525 = CARTESIAN_POINT('',(2.689838682461,11.056940087181));
#3526 = CARTESIAN_POINT('',(2.760333287031,11.056933137037));
#3527 = CARTESIAN_POINT('',(2.795852325015,11.057341796091));
#3528 = CARTESIAN_POINT('',(2.831284999907,11.05816303557));
#3529 = CARTESIAN_POINT('',(2.866556323589,11.059381054861));
#3530 = CARTESIAN_POINT('',(2.901601924049,11.060967641838));
#3531 = CARTESIAN_POINT('',(2.953387146038,11.063825485343));
#3532 = CARTESIAN_POINT('',(2.970344166913,11.064844659614));
#3533 = CARTESIAN_POINT('',(2.987228233977,11.065939180298));
#3534 = CARTESIAN_POINT('',(3.004034504503,11.067104474908));
#3535 = CARTESIAN_POINT('',(3.020759104437,11.068335722878));
#3536 = CARTESIAN_POINT('',(3.068706559595,11.072058943127));
#3537 = CARTESIAN_POINT('',(3.099713979947,11.074705647394));
#3538 = CARTESIAN_POINT('',(3.130403404126,11.077534755856));
#3539 = CARTESIAN_POINT('',(3.160767100517,11.080512210403));
#3540 = CARTESIAN_POINT('',(3.190805839605,11.083605045065));
#3541 = CARTESIAN_POINT('',(3.259150001279,11.09091349969));
#3542 = CARTESIAN_POINT('',(3.297233861698,11.095187656503));
#3543 = CARTESIAN_POINT('',(3.334799903917,11.099539906812));
#3544 = CARTESIAN_POINT('',(3.371875671263,11.10391144428));
#3545 = CARTESIAN_POINT('',(3.408495523549,11.108251374113));
#3546 = CARTESIAN_POINT('',(3.473720424658,11.115936945813));
#3547 = CARTESIAN_POINT('',(3.502472164304,11.119308691907));
#3548 = CARTESIAN_POINT('',(3.530976286891,11.122610955943));
#3549 = CARTESIAN_POINT('',(3.559252560496,11.125824550995));
#3550 = CARTESIAN_POINT('',(3.587320543842,11.12893292912));
#3551 = CARTESIAN_POINT('',(3.637573929994,11.134321207689));
#3552 = CARTESIAN_POINT('',(3.659826392156,11.136643422226));
#3553 = CARTESIAN_POINT('',(3.681966822656,11.138881577859));
#3554 = CARTESIAN_POINT('',(3.704004745001,11.141029249013));
#3555 = CARTESIAN_POINT('',(3.725949356339,11.143080831642));
#3556 = CARTESIAN_POINT('',(3.810475758924,11.150623619495));
#3557 = CARTESIAN_POINT('',(3.872440794613,11.155385924983));
#3558 = CARTESIAN_POINT('',(3.933929703622,11.1592062362));
#3559 = CARTESIAN_POINT('',(3.99511458091,11.162016974666));
#3560 = CARTESIAN_POINT('',(4.05615630658,11.163786857263));
#3561 = CARTESIAN_POINT('',(4.202126930152,11.165523204457));
#3562 = CARTESIAN_POINT('',(4.287045212946,11.164515607423));
#3563 = CARTESIAN_POINT('',(4.372438857467,11.161486584686));
#3564 = CARTESIAN_POINT('',(4.458659089712,11.156535472771));
#3565 = CARTESIAN_POINT('',(4.546046662189,11.1498703823));
#3566 = CARTESIAN_POINT('',(4.670131413849,11.138620072637));
#3567 = CARTESIAN_POINT('',(4.705473587767,11.135220029108));
#3568 = CARTESIAN_POINT('',(4.741083214847,11.13162162088));
#3569 = CARTESIAN_POINT('',(4.776982318079,11.127847298352));
#3570 = CARTESIAN_POINT('',(4.813192329985,11.123922576468));
#3571 = CARTESIAN_POINT('',(4.898618777513,11.114463053383));
#3572 = CARTESIAN_POINT('',(4.948095200819,11.108832488513));
#3573 = CARTESIAN_POINT('',(4.99821803034,11.103052406397));
#3574 = CARTESIAN_POINT('',(5.049029964806,11.097202949773));
#3575 = CARTESIAN_POINT('',(5.100563771859,11.091374647114));
#3576 = CARTESIAN_POINT('',(5.195293861937,11.081031839665));
#3577 = CARTESIAN_POINT('',(5.23823399912,11.076476571515));
#3578 = CARTESIAN_POINT('',(5.281672566461,11.072053912031));
#3579 = CARTESIAN_POINT('',(5.32560887393,11.067821399571));
#3580 = CARTESIAN_POINT('',(5.370029658878,11.063837849046));
#3581 = CARTESIAN_POINT('',(5.4388090733,11.058201239604));
#3582 = CARTESIAN_POINT('',(5.462841221929,11.0563290566));
#3583 = CARTESIAN_POINT('',(5.486997699577,11.05455232944));
#3584 = CARTESIAN_POINT('',(5.511272432838,11.05287933197));
#3585 = CARTESIAN_POINT('',(5.535657951776,11.051317882995));
#3586 = CARTESIAN_POINT('',(5.575836133538,11.048951016277));
#3587 = CARTESIAN_POINT('',(5.591568721094,11.048075483426));
#3588 = CARTESIAN_POINT('',(5.607340783155,11.047250663454));
#3589 = CARTESIAN_POINT('',(5.623149727248,11.046478323055));
#3590 = CARTESIAN_POINT('',(5.638992737865,11.045760079889));
#3591 = CARTESIAN_POINT('',(5.689864926393,11.043636370508));
#3592 = CARTESIAN_POINT('',(5.725015471588,11.042445342458));
#3593 = CARTESIAN_POINT('',(5.760282789363,11.041540074235));
#3594 = CARTESIAN_POINT('',(5.795631014122,11.04093175945));
#3595 = CARTESIAN_POINT('',(5.831021653816,11.040626328349));
#3596 = CARTESIAN_POINT('',(5.913549947908,11.040620307804));
#3597 = CARTESIAN_POINT('',(5.96069418143,11.041154178043));
#3598 = CARTESIAN_POINT('',(6.007736555281,11.042225728939));
#3599 = CARTESIAN_POINT('',(6.054589491966,11.04381611302));
#3600 = CARTESIAN_POINT('',(6.101175583457,11.045890913411));
#3601 = CARTESIAN_POINT('',(6.1702753014,11.049645893537));
#3602 = CARTESIAN_POINT('',(6.193050153005,11.05099514838));
#3603 = CARTESIAN_POINT('',(6.215734769412,11.052445969102));
#3604 = CARTESIAN_POINT('',(6.238322433312,11.05399234544));
#3605 = CARTESIAN_POINT('',(6.260807481961,11.05562784578));
#3606 = CARTESIAN_POINT('',(6.28318530718,11.057345617159));
#3607 = ( GEOMETRIC_REPRESENTATION_CONTEXT(2) 
PARAMETRIC_REPRESENTATION_CONTEXT() REPRESENTATION_CONTEXT('2D SPACE',''
  ) );
#3608 = FACE_BOUND('',#3609,.F.);
#3609 = EDGE_LOOP('',(#3610));
#3610 = ORIENTED_EDGE('',*,*,#3611,.T.);
#3611 = EDGE_CURVE('',#3612,#3612,#3614,.T.);
#3612 = VERTEX_POINT('',#3613);
#3613 = CARTESIAN_POINT('',(-7.431383452969,34.832876802516,
    1.136755954345E-15));
#3614 = SURFACE_CURVE('',#3615,(#3738,#3864),.PCURVE_S1.);
#3615 = B_SPLINE_CURVE_WITH_KNOTS('',6,(#3616,#3617,#3618,#3619,#3620,
    #3621,#3622,#3623,#3624,#3625,#3626,#3627,#3628,#3629,#3630,#3631,
    #3632,#3633,#3634,#3635,#3636,#3637,#3638,#3639,#3640,#3641,#3642,
    #3643,#3644,#3645,#3646,#3647,#3648,#3649,#3650,#3651,#3652,#3653,
    #3654,#3655,#3656,#3657,#3658,#3659,#3660,#3661,#3662,#3663,#3664,
    #3665,#3666,#3667,#3668,#3669,#3670,#3671,#3672,#3673,#3674,#3675,
    #3676,#3677,#3678,#3679,#3680,#3681,#3682,#3683,#3684,#3685,#3686,
    #3687,#3688,#3689,#3690,#3691,#3692,#3693,#3694,#3695,#3696,#3697,
    #3698,#3699,#3700,#3701,#3702,#3703,#3704,#3705,#3706,#3707,#3708,
    #3709,#3710,#3711,#3712,#3713,#3714,#3715,#3716,#3717,#3718,#3719,
    #3720,#3721,#3722,#3723,#3724,#3725,#3726,#3727,#3728,#3729,#3730,
    #3731,#3732,#3733,#3734,#3735,#3736,#3737),.UNSPECIFIED.,.T.,.F.,(7,
    5,5,5,5,5,5,5,5,5,5,5,5,5,5,5,5,5,5,5,5,5,5,5,7),(0.,
    6.372056848489E-02,0.10217145437,0.15008735715,0.185906922139,
    0.276725489202,0.342598448418,0.365374124885,0.393748509895,
    0.42914417843,0.456382415739,0.470862018321,0.499999467125,
    0.529136915928,0.543616518511,0.570854755819,0.606250424355,
    0.634624809364,0.657400485831,0.723273445048,0.81409201211,
    0.849911577099,0.89782747988,0.936734730134,1.),.UNSPECIFIED.);
#3616 = CARTESIAN_POINT('',(-7.431383452969,34.832876802516,
    1.110223024625E-15));
#3617 = CARTESIAN_POINT('',(-7.431383443598,34.832876809325,
    -0.115554578462));
#3618 = CARTESIAN_POINT('',(-7.42227765115,34.838644154624,
    -0.23116296106));
#3619 = CARTESIAN_POINT('',(-7.404051965574,34.850187179859,
    -0.344796730481));
#3620 = CARTESIAN_POINT('',(-7.377295752516,34.867194945201,
    -0.454772739237));
#3621 = CARTESIAN_POINT('',(-7.34289705211,34.889218861402,-0.5597540142
    ));
#3622 = CARTESIAN_POINT('',(-7.277230920392,34.931658759157,
    -0.718469320306));
#3623 = CARTESIAN_POINT('',(-7.250119064404,34.949256801269,
    -0.776045868804));
#3624 = CARTESIAN_POINT('',(-7.220828817139,34.968367603636,
    -0.831278460939));
#3625 = CARTESIAN_POINT('',(-7.189587331842,34.988874610006,
    -0.884034308786));
#3626 = CARTESIAN_POINT('',(-7.156616214718,35.010664289161,
    -0.934226557851));
#3627 = CARTESIAN_POINT('',(-7.079131576621,35.062253709181,
    -1.041090626974));
#3628 = CARTESIAN_POINT('',(-7.033777340338,35.09270305617,
    -1.096312480342));
#3629 = CARTESIAN_POINT('',(-6.986449342192,35.124780404643,
    -1.147375902912));
#3630 = CARTESIAN_POINT('',(-6.937509089985,35.15830061118,
    -1.194253289052));
#3631 = CARTESIAN_POINT('',(-6.887278904446,35.193097863502,
    -1.23696221513));
#3632 = CARTESIAN_POINT('',(-6.797725091182,35.25589176684,
    -1.304388711965));
#3633 = CARTESIAN_POINT('',(-6.758850967398,35.283386448317,
    -1.330925146208));
#3634 = CARTESIAN_POINT('',(-6.719527293545,35.311454423526,
    -1.355172517019));
#3635 = CARTESIAN_POINT('',(-6.679860197773,35.340039961659,
    -1.377153621374));
#3636 = CARTESIAN_POINT('',(-6.639945814046,35.369091717706,
    -1.396894547984));
#3637 = CARTESIAN_POINT('',(-6.498260834298,35.473285282549,
    -1.458864529675));
#3638 = CARTESIAN_POINT('',(-6.395651133652,35.550677290867,
    -1.489066194021));
#3639 = CARTESIAN_POINT('',(-6.293389371231,35.6300138078,
    -1.505516763923));
#3640 = CARTESIAN_POINT('',(-6.19258719068,35.710633980976,
    -1.508627164454));
#3641 = CARTESIAN_POINT('',(-6.094145197198,35.79191204804,
    -1.498793734966));
#3642 = CARTESIAN_POINT('',(-5.92961036172,35.932231608342,
    -1.459804379547));
#3643 = CARTESIAN_POINT('',(-5.862079722755,35.991231212508,
    -1.436702536749));
#3644 = CARTESIAN_POINT('',(-5.796465032686,36.050004955461,
    -1.406966831588));
#3645 = CARTESIAN_POINT('',(-5.73304014695,36.108280999464,
    -1.370625443144));
#3646 = CARTESIAN_POINT('',(-5.672069834965,36.165746051232,
    -1.327675744364));
#3647 = CARTESIAN_POINT('',(-5.593680298612,36.241483801902,
    -1.260866764002));
#3648 = CARTESIAN_POINT('',(-5.573866530416,36.260799753322,
    -1.242902580856));
#3649 = CARTESIAN_POINT('',(-5.554390383773,36.27995711995,
    -1.224135840949));
#3650 = CARTESIAN_POINT('',(-5.53526394981,36.298938386109,
    -1.204562991555));
#3651 = CARTESIAN_POINT('',(-5.516499921712,36.317724454817,
    -1.184179916055));
#3652 = CARTESIAN_POINT('',(-5.475203055852,36.359429758867,
    -1.136573071538));
#3653 = CARTESIAN_POINT('',(-5.452878017881,36.382229320114,
    -1.108899966064));
#3654 = CARTESIAN_POINT('',(-5.431161894588,36.404653738438,
    -1.079952864715));
#3655 = CARTESIAN_POINT('',(-5.410082993877,36.426657539493,
    -1.049722587098));
#3656 = CARTESIAN_POINT('',(-5.389672517777,36.448189367675,
    -1.018200525233));
#3657 = CARTESIAN_POINT('',(-5.345379844416,36.495391733562,
    -0.944434938713));
#3658 = CARTESIAN_POINT('',(-5.321890012073,36.520766009298,
    -0.901471474233));
#3659 = CARTESIAN_POINT('',(-5.299559449705,36.545205532522,
    -0.856471141069));
#3660 = CARTESIAN_POINT('',(-5.278466699277,36.568577707712,
    -0.80942948177));
#3661 = CARTESIAN_POINT('',(-5.25870144606,36.590730296168,
    -0.760362264298));
#3662 = CARTESIAN_POINT('',(-5.22624826082,36.627474339792,
    -0.67002885779));
#3663 = CARTESIAN_POINT('',(-5.212979922791,36.642630804087,
    -0.629573253384));
#3664 = CARTESIAN_POINT('',(-5.2006016798,36.656887423969,
    -0.587968956655));
#3665 = CARTESIAN_POINT('',(-5.189163709059,36.670159047804,
    -0.545254873768));
#3666 = CARTESIAN_POINT('',(-5.178718061609,36.682357603877,
    -0.501491099537));
#3667 = CARTESIAN_POINT('',(-5.164317256969,36.69926586587,
    -0.432987343317));
#3668 = CARTESIAN_POINT('',(-5.159613734848,36.704807010593,
    -0.408938760955));
#3669 = CARTESIAN_POINT('',(-5.155212785982,36.710007567955,
    -0.384631391669));
#3670 = CARTESIAN_POINT('',(-5.151121841885,36.714855042845,
    -0.360080751067));
#3671 = CARTESIAN_POINT('',(-5.147347961799,36.719337586749,
    -0.335304645521));
#3672 = CARTESIAN_POINT('',(-5.136955103455,36.731707369582,
    -0.260052704001));
#3673 = CARTESIAN_POINT('',(-5.131322378537,36.738448966371,
    -0.208944399675));
#3674 = CARTESIAN_POINT('',(-5.127054939425,36.743576879515,
    -0.157174128083));
#3675 = CARTESIAN_POINT('',(-5.12419452718,36.747021299293,
    -0.104941131162));
#3676 = CARTESIAN_POINT('',(-5.122764401842,36.748743234985,
    -5.246789151145E-02));
#3677 = CARTESIAN_POINT('',(-5.122764401842,36.748743234985,
    5.246789151157E-02));
#3678 = CARTESIAN_POINT('',(-5.12419452718,36.747021299293,
    0.104941131162));
#3679 = CARTESIAN_POINT('',(-5.127054939425,36.743576879515,
    0.157174128083));
#3680 = CARTESIAN_POINT('',(-5.131322378537,36.738448966371,
    0.208944399675));
#3681 = CARTESIAN_POINT('',(-5.136955103455,36.731707369582,
    0.260052704001));
#3682 = CARTESIAN_POINT('',(-5.147347961799,36.719337586749,
    0.335304645521));
#3683 = CARTESIAN_POINT('',(-5.151121841885,36.714855042845,
    0.360080751067));
#3684 = CARTESIAN_POINT('',(-5.155212785982,36.710007567955,
    0.384631391669));
#3685 = CARTESIAN_POINT('',(-5.159613734848,36.704807010593,
    0.408938760955));
#3686 = CARTESIAN_POINT('',(-5.164317256969,36.69926586587,
    0.432987343317));
#3687 = CARTESIAN_POINT('',(-5.178718061609,36.682357603877,
    0.501491099537));
#3688 = CARTESIAN_POINT('',(-5.189163709059,36.670159047804,
    0.545254873768));
#3689 = CARTESIAN_POINT('',(-5.2006016798,36.656887423969,0.587968956655
    ));
#3690 = CARTESIAN_POINT('',(-5.212979922791,36.642630804087,
    0.629573253384));
#3691 = CARTESIAN_POINT('',(-5.22624826082,36.627474339792,0.67002885779
    ));
#3692 = CARTESIAN_POINT('',(-5.25870144606,36.590730296168,
    0.760362264299));
#3693 = CARTESIAN_POINT('',(-5.278466699277,36.568577707712,
    0.80942948177));
#3694 = CARTESIAN_POINT('',(-5.299559449705,36.545205532522,
    0.856471141069));
#3695 = CARTESIAN_POINT('',(-5.321890012073,36.520766009298,
    0.901471474233));
#3696 = CARTESIAN_POINT('',(-5.345379844416,36.495391733562,
    0.944434938713));
#3697 = CARTESIAN_POINT('',(-5.389672517777,36.448189367675,
    1.018200525233));
#3698 = CARTESIAN_POINT('',(-5.410082993877,36.426657539493,
    1.049722587098));
#3699 = CARTESIAN_POINT('',(-5.431161894588,36.404653738438,
    1.079952864715));
#3700 = CARTESIAN_POINT('',(-5.452878017881,36.382229320114,
    1.108899966064));
#3701 = CARTESIAN_POINT('',(-5.475203055852,36.359429758867,
    1.136573071539));
#3702 = CARTESIAN_POINT('',(-5.516499921712,36.317724454817,
    1.184179916055));
#3703 = CARTESIAN_POINT('',(-5.53526394981,36.298938386109,
    1.204562991555));
#3704 = CARTESIAN_POINT('',(-5.554390383773,36.27995711995,
    1.224135840949));
#3705 = CARTESIAN_POINT('',(-5.573866530416,36.260799753322,
    1.242902580856));
#3706 = CARTESIAN_POINT('',(-5.593680298612,36.241483801902,
    1.260866764003));
#3707 = CARTESIAN_POINT('',(-5.672069834965,36.165746051232,
    1.327675744364));
#3708 = CARTESIAN_POINT('',(-5.73304014695,36.108280999464,
    1.370625443144));
#3709 = CARTESIAN_POINT('',(-5.796465032686,36.050004955461,
    1.406966831589));
#3710 = CARTESIAN_POINT('',(-5.862079722755,35.991231212508,
    1.436702536749));
#3711 = CARTESIAN_POINT('',(-5.92961036172,35.932231608342,
    1.459804379547));
#3712 = CARTESIAN_POINT('',(-6.094145197198,35.79191204804,
    1.498793734966));
#3713 = CARTESIAN_POINT('',(-6.19258719068,35.710633980977,
    1.508627164454));
#3714 = CARTESIAN_POINT('',(-6.293389371231,35.6300138078,1.505516763923
    ));
#3715 = CARTESIAN_POINT('',(-6.395651133652,35.550677290867,
    1.489066194021));
#3716 = CARTESIAN_POINT('',(-6.498260834298,35.473285282549,
    1.458864529675));
#3717 = CARTESIAN_POINT('',(-6.639945814046,35.369091717706,
    1.396894547984));
#3718 = CARTESIAN_POINT('',(-6.679860197773,35.340039961659,
    1.377153621374));
#3719 = CARTESIAN_POINT('',(-6.719527293545,35.311454423526,
    1.355172517019));
#3720 = CARTESIAN_POINT('',(-6.758850967398,35.283386448317,
    1.330925146208));
#3721 = CARTESIAN_POINT('',(-6.797725091182,35.25589176684,
    1.304388711965));
#3722 = CARTESIAN_POINT('',(-6.887278904447,35.193097863502,
    1.23696221513));
#3723 = CARTESIAN_POINT('',(-6.937509089985,35.15830061118,
    1.194253289052));
#3724 = CARTESIAN_POINT('',(-6.986449342192,35.124780404643,
    1.147375902912));
#3725 = CARTESIAN_POINT('',(-7.033777340338,35.092703056169,
    1.096312480342));
#3726 = CARTESIAN_POINT('',(-7.079131576621,35.062253709181,
    1.041090626974));
#3727 = CARTESIAN_POINT('',(-7.157025645572,35.010391689316,
    0.933661885315));
#3728 = CARTESIAN_POINT('',(-7.190369785357,34.988357531013,
    0.882842468492));
#3729 = CARTESIAN_POINT('',(-7.221940531385,34.967637934044,
    0.829398859701));
#3730 = CARTESIAN_POINT('',(-7.251508039273,34.948350652259,
    0.773421490742));
#3731 = CARTESIAN_POINT('',(-7.278836815081,34.930616525478,
    0.715049083607));
#3732 = CARTESIAN_POINT('',(-7.344124455794,34.888433078755,
    0.555993250712));
#3733 = CARTESIAN_POINT('',(-7.378059278961,34.866709609074,
    0.451622442687));
#3734 = CARTESIAN_POINT('',(-7.404442513699,34.849939835142,
    0.342354794534));
#3735 = CARTESIAN_POINT('',(-7.422408060872,34.838561554638,
    0.229504470286));
#3736 = CARTESIAN_POINT('',(-7.431383443665,34.832876809276,
    0.114724262277));
#3737 = CARTESIAN_POINT('',(-7.431383452969,34.832876802515,
    1.110223024625E-15));
#3738 = PCURVE('',#2514,#3739);
#3739 = DEFINITIONAL_REPRESENTATION('',(#3740),#3863);
#3740 = B_SPLINE_CURVE_WITH_KNOTS('',6,(#3741,#3742,#3743,#3744,#3745,
    #3746,#3747,#3748,#3749,#3750,#3751,#3752,#3753,#3754,#3755,#3756,
    #3757,#3758,#3759,#3760,#3761,#3762,#3763,#3764,#3765,#3766,#3767,
    #3768,#3769,#3770,#3771,#3772,#3773,#3774,#3775,#3776,#3777,#3778,
    #3779,#3780,#3781,#3782,#3783,#3784,#3785,#3786,#3787,#3788,#3789,
    #3790,#3791,#3792,#3793,#3794,#3795,#3796,#3797,#3798,#3799,#3800,
    #3801,#3802,#3803,#3804,#3805,#3806,#3807,#3808,#3809,#3810,#3811,
    #3812,#3813,#3814,#3815,#3816,#3817,#3818,#3819,#3820,#3821,#3822,
    #3823,#3824,#3825,#3826,#3827,#3828,#3829,#3830,#3831,#3832,#3833,
    #3834,#3835,#3836,#3837,#3838,#3839,#3840,#3841,#3842,#3843,#3844,
    #3845,#3846,#3847,#3848,#3849,#3850,#3851,#3852,#3853,#3854,#3855,
    #3856,#3857,#3858,#3859,#3860,#3861,#3862),.UNSPECIFIED.,.T.,.F.,(7,
    5,5,5,5,5,5,5,5,5,5,5,5,5,5,5,5,5,5,5,5,5,5,5,7),(0.,
    6.372056848489E-02,0.10217145437,0.15008735715,0.185906922139,
    0.276725489202,0.342598448418,0.365374124885,0.393748509895,
    0.42914417843,0.456382415739,0.470862018321,0.499999467125,
    0.529136915928,0.543616518511,0.570854755819,0.606250424355,
    0.634624809364,0.657400485831,0.723273445048,0.81409201211,
    0.849911577099,0.89782747988,0.936734730134,1.),.UNSPECIFIED.);
#3741 = CARTESIAN_POINT('',(-4.712388980385,-13.83287680251));
#3742 = CARTESIAN_POINT('',(-4.69683944251,-13.83287680991));
#3743 = CARTESIAN_POINT('',(-4.681282682046,-13.8386441534));
#3744 = CARTESIAN_POINT('',(-4.665919326957,-13.85018718094));
#3745 = CARTESIAN_POINT('',(-4.650903775518,-13.86719494479));
#3746 = CARTESIAN_POINT('',(-4.636366761204,-13.8892188614));
#3747 = CARTESIAN_POINT('',(-4.614001454452,-13.93165875915));
#3748 = CARTESIAN_POINT('',(-4.605794733792,-13.94925680126));
#3749 = CARTESIAN_POINT('',(-4.59781795368,-13.96836760363));
#3750 = CARTESIAN_POINT('',(-4.590086115291,-13.98887461));
#3751 = CARTESIAN_POINT('',(-4.582610504744,-14.01066428916));
#3752 = CARTESIAN_POINT('',(-4.566414002335,-14.06225370918));
#3753 = CARTESIAN_POINT('',(-4.557840088844,-14.09270305617));
#3754 = CARTESIAN_POINT('',(-4.549693410217,-14.12478040464));
#3755 = CARTESIAN_POINT('',(-4.541985390541,-14.15830061118));
#3756 = CARTESIAN_POINT('',(-4.534724759489,-14.1930978635));
#3757 = CARTESIAN_POINT('',(-4.52283106348,-14.25589176684));
#3758 = CARTESIAN_POINT('',(-4.517997605042,-14.28338644831));
#3759 = CARTESIAN_POINT('',(-4.513421620341,-14.31145442352));
#3760 = CARTESIAN_POINT('',(-4.509106342502,-14.34003996165));
#3761 = CARTESIAN_POINT('',(-4.505055171725,-14.3690917177));
#3762 = CARTESIAN_POINT('',(-4.491679155695,-14.47328528254));
#3763 = CARTESIAN_POINT('',(-4.483811280486,-14.55067729086));
#3764 = CARTESIAN_POINT('',(-4.477720418268,-14.6300138078));
#3765 = CARTESIAN_POINT('',(-4.473494168497,-14.71063398097));
#3766 = CARTESIAN_POINT('',(-4.471237314436,-14.79191204804));
#3767 = CARTESIAN_POINT('',(-4.471001572259,-14.93223160834));
#3768 = CARTESIAN_POINT('',(-4.472017962593,-14.9912312125));
#3769 = CARTESIAN_POINT('',(-4.474206201101,-15.05000495546));
#3770 = CARTESIAN_POINT('',(-4.477635490149,-15.10828099946));
#3771 = CARTESIAN_POINT('',(-4.482384323011,-15.16574605123));
#3772 = CARTESIAN_POINT('',(-4.490676421628,-15.2414838019));
#3773 = CARTESIAN_POINT('',(-4.492975633807,-15.26079975332));
#3774 = CARTESIAN_POINT('',(-4.495447442068,-15.27995711995));
#3775 = CARTESIAN_POINT('',(-4.498095729809,-15.2989383861));
#3776 = CARTESIAN_POINT('',(-4.500924467489,-15.31772445481));
#3777 = CARTESIAN_POINT('',(-4.507691672605,-15.35942975886));
#3778 = CARTESIAN_POINT('',(-4.511731856435,-15.38222932011));
#3779 = CARTESIAN_POINT('',(-4.516066315277,-15.40465373843));
#3780 = CARTESIAN_POINT('',(-4.520702692655,-15.42665753949));
#3781 = CARTESIAN_POINT('',(-4.525648224462,-15.44818936767));
#3782 = CARTESIAN_POINT('',(-4.537473222996,-15.49539173356));
#3783 = CARTESIAN_POINT('',(-4.544527870675,-15.52076600929));
#3784 = CARTESIAN_POINT('',(-4.55208675188,-15.54520553252));
#3785 = CARTESIAN_POINT('',(-4.560159631739,-15.56857770771));
#3786 = CARTESIAN_POINT('',(-4.568749797851,-15.59073029616));
#3787 = CARTESIAN_POINT('',(-4.584854502648,-15.62747433979));
#3788 = CARTESIAN_POINT('',(-4.592160259822,-15.64263080408));
#3789 = CARTESIAN_POINT('',(-4.599764734382,-15.65688742396));
#3790 = CARTESIAN_POINT('',(-4.607659839267,-15.6701590478));
#3791 = CARTESIAN_POINT('',(-4.615831320555,-15.68235760387));
#3792 = CARTESIAN_POINT('',(-4.6287364031,-15.69926586587));
#3793 = CARTESIAN_POINT('',(-4.633287415073,-15.70480701059));
#3794 = CARTESIAN_POINT('',(-4.637906951248,-15.71000756795));
#3795 = CARTESIAN_POINT('',(-4.642591025451,-15.71485504284));
#3796 = CARTESIAN_POINT('',(-4.647335003011,-15.71933758674));
#3797 = CARTESIAN_POINT('',(-4.661789866898,-15.73170736958));
#3798 = CARTESIAN_POINT('',(-4.67166848542,-15.73844896637));
#3799 = CARTESIAN_POINT('',(-4.681724247942,-15.74357687951));
#3800 = CARTESIAN_POINT('',(-4.691903703292,-15.74702129929));
#3801 = CARTESIAN_POINT('',(-4.702146875264,-15.74874323498));
#3802 = CARTESIAN_POINT('',(-4.722631085505,-15.74874323498));
#3803 = CARTESIAN_POINT('',(-4.732874257477,-15.74702129929));
#3804 = CARTESIAN_POINT('',(-4.743053712827,-15.74357687951));
#3805 = CARTESIAN_POINT('',(-4.75310947535,-15.73844896637));
#3806 = CARTESIAN_POINT('',(-4.762988093871,-15.73170736958));
#3807 = CARTESIAN_POINT('',(-4.777442957758,-15.71933758674));
#3808 = CARTESIAN_POINT('',(-4.782186935318,-15.71485504284));
#3809 = CARTESIAN_POINT('',(-4.786871009522,-15.71000756795));
#3810 = CARTESIAN_POINT('',(-4.791490545697,-15.70480701059));
#3811 = CARTESIAN_POINT('',(-4.79604155767,-15.69926586587));
#3812 = CARTESIAN_POINT('',(-4.808946640214,-15.68235760387));
#3813 = CARTESIAN_POINT('',(-4.817118121502,-15.6701590478));
#3814 = CARTESIAN_POINT('',(-4.825013226387,-15.65688742396));
#3815 = CARTESIAN_POINT('',(-4.832617700947,-15.64263080408));
#3816 = CARTESIAN_POINT('',(-4.839923458122,-15.62747433979));
#3817 = CARTESIAN_POINT('',(-4.856028162918,-15.59073029616));
#3818 = CARTESIAN_POINT('',(-4.86461832903,-15.56857770771));
#3819 = CARTESIAN_POINT('',(-4.87269120889,-15.54520553252));
#3820 = CARTESIAN_POINT('',(-4.880250090094,-15.52076600929));
#3821 = CARTESIAN_POINT('',(-4.887304737773,-15.49539173356));
#3822 = CARTESIAN_POINT('',(-4.899129736307,-15.44818936767));
#3823 = CARTESIAN_POINT('',(-4.904075268114,-15.42665753949));
#3824 = CARTESIAN_POINT('',(-4.908711645493,-15.40465373843));
#3825 = CARTESIAN_POINT('',(-4.913046104335,-15.38222932011));
#3826 = CARTESIAN_POINT('',(-4.917086288165,-15.35942975886));
#3827 = CARTESIAN_POINT('',(-4.923853493281,-15.31772445481));
#3828 = CARTESIAN_POINT('',(-4.926682230961,-15.2989383861));
#3829 = CARTESIAN_POINT('',(-4.929330518701,-15.27995711995));
#3830 = CARTESIAN_POINT('',(-4.931802326962,-15.26079975332));
#3831 = CARTESIAN_POINT('',(-4.934101539141,-15.2414838019));
#3832 = CARTESIAN_POINT('',(-4.942393637758,-15.16574605123));
#3833 = CARTESIAN_POINT('',(-4.94714247062,-15.10828099946));
#3834 = CARTESIAN_POINT('',(-4.950571759668,-15.05000495546));
#3835 = CARTESIAN_POINT('',(-4.952759998177,-14.9912312125));
#3836 = CARTESIAN_POINT('',(-4.95377638851,-14.93223160834));
#3837 = CARTESIAN_POINT('',(-4.953540646334,-14.79191204804));
#3838 = CARTESIAN_POINT('',(-4.951283792272,-14.71063398097));
#3839 = CARTESIAN_POINT('',(-4.947057542501,-14.6300138078));
#3840 = CARTESIAN_POINT('',(-4.940966680283,-14.55067729086));
#3841 = CARTESIAN_POINT('',(-4.933098805074,-14.47328528254));
#3842 = CARTESIAN_POINT('',(-4.919722789045,-14.3690917177));
#3843 = CARTESIAN_POINT('',(-4.915671618268,-14.34003996165));
#3844 = CARTESIAN_POINT('',(-4.911356340428,-14.31145442352));
#3845 = CARTESIAN_POINT('',(-4.906780355727,-14.28338644831));
#3846 = CARTESIAN_POINT('',(-4.901946897289,-14.25589176684));
#3847 = CARTESIAN_POINT('',(-4.89005320128,-14.1930978635));
#3848 = CARTESIAN_POINT('',(-4.882792570228,-14.15830061118));
#3849 = CARTESIAN_POINT('',(-4.875084550553,-14.12478040464));
#3850 = CARTESIAN_POINT('',(-4.866937871926,-14.09270305616));
#3851 = CARTESIAN_POINT('',(-4.858363958435,-14.06225370918));
#3852 = CARTESIAN_POINT('',(-4.842081873283,-14.01039168931));
#3853 = CARTESIAN_POINT('',(-4.834514350495,-13.98835753101));
#3854 = CARTESIAN_POINT('',(-4.82668458548,-13.96763793404));
#3855 = CARTESIAN_POINT('',(-4.818604305827,-13.94835065225));
#3856 = CARTESIAN_POINT('',(-4.810289146374,-13.93061652547));
#3857 = CARTESIAN_POINT('',(-4.787890548815,-13.88843307875));
#3858 = CARTESIAN_POINT('',(-4.773444108,-13.86670960866));
#3859 = CARTESIAN_POINT('',(-4.758528485828,-13.84993983625));
#3860 = CARTESIAN_POINT('',(-4.743272106072,-13.8385615534));
#3861 = CARTESIAN_POINT('',(-4.727826787221,-13.83287680986));
#3862 = CARTESIAN_POINT('',(-4.712388980385,-13.83287680251));
#3863 = ( GEOMETRIC_REPRESENTATION_CONTEXT(2) 
PARAMETRIC_REPRESENTATION_CONTEXT() REPRESENTATION_CONTEXT('2D SPACE',''
  ) );
#3864 = PCURVE('',#3865,#3870);
#3865 = CYLINDRICAL_SURFACE('',#3866,1.5);
#3866 = AXIS2_PLACEMENT_3D('',#3867,#3868,#3869);
#3867 = CARTESIAN_POINT('',(-13.37909292735,44.254666676608,
    1.638466332898E-15));
#3868 = DIRECTION('',(0.642787609687,-0.766044443119,-7.871877887342E-17
    ));
#3869 = DIRECTION('',(-0.766044443119,-0.642787609687,6.162975822039E-33
    ));
#3870 = DEFINITIONAL_REPRESENTATION('',(#3871),#3994);
#3871 = B_SPLINE_CURVE_WITH_KNOTS('',6,(#3872,#3873,#3874,#3875,#3876,
    #3877,#3878,#3879,#3880,#3881,#3882,#3883,#3884,#3885,#3886,#3887,
    #3888,#3889,#3890,#3891,#3892,#3893,#3894,#3895,#3896,#3897,#3898,
    #3899,#3900,#3901,#3902,#3903,#3904,#3905,#3906,#3907,#3908,#3909,
    #3910,#3911,#3912,#3913,#3914,#3915,#3916,#3917,#3918,#3919,#3920,
    #3921,#3922,#3923,#3924,#3925,#3926,#3927,#3928,#3929,#3930,#3931,
    #3932,#3933,#3934,#3935,#3936,#3937,#3938,#3939,#3940,#3941,#3942,
    #3943,#3944,#3945,#3946,#3947,#3948,#3949,#3950,#3951,#3952,#3953,
    #3954,#3955,#3956,#3957,#3958,#3959,#3960,#3961,#3962,#3963,#3964,
    #3965,#3966,#3967,#3968,#3969,#3970,#3971,#3972,#3973,#3974,#3975,
    #3976,#3977,#3978,#3979,#3980,#3981,#3982,#3983,#3984,#3985,#3986,
    #3987,#3988,#3989,#3990,#3991,#3992,#3993),.UNSPECIFIED.,.F.,.F.,(7,
    5,5,5,5,5,5,5,5,5,5,5,5,5,5,5,5,5,5,5,5,5,5,5,7),(0.,
    6.372056848489E-02,0.10217145437,0.15008735715,0.185906922139,
    0.276725489202,0.342598448418,0.365374124885,0.393748509895,
    0.42914417843,0.456382415739,0.470862018321,0.499999467125,
    0.529136915928,0.543616518511,0.570854755819,0.606250424355,
    0.634624809364,0.657400485831,0.723273445048,0.81409201211,
    0.849911577099,0.89782747988,0.936734730134,1.),.UNSPECIFIED.);
#3872 = CARTESIAN_POINT('',(0.,11.040623733431));
#3873 = CARTESIAN_POINT('',(7.703638564154E-02,11.040623734239));
#3874 = CARTESIAN_POINT('',(0.154108340868,11.042058781982));
#3875 = CARTESIAN_POINT('',(0.230688641795,11.044931556511));
#3876 = CARTESIAN_POINT('',(0.30647407196,11.049101414616));
#3877 = CARTESIAN_POINT('',(0.381210691092,11.054341174405));
#3878 = CARTESIAN_POINT('',(0.498985754898,11.064039702407));
#3879 = CARTESIAN_POINT('',(0.542862869525,11.067985985142));
#3880 = CARTESIAN_POINT('',(0.586266506964,11.072173669213));
#3881 = CARTESIAN_POINT('',(0.629184101443,11.076546030595));
#3882 = CARTESIAN_POINT('',(0.671615054976,11.081047593526));
#3883 = CARTESIAN_POINT('',(0.765847526665,11.091333970306));
#3884 = CARTESIAN_POINT('',(0.817381468551,11.097161558378));
#3885 = CARTESIAN_POINT('',(0.86819350639,11.103010734629));
#3886 = CARTESIAN_POINT('',(0.9183163561,11.108790954413));
#3887 = CARTESIAN_POINT('',(0.967792679353,11.114422053532));
#3888 = CARTESIAN_POINT('',(1.053219135514,11.123883214385));
#3889 = CARTESIAN_POINT('',(1.089429314901,11.12780887153));
#3890 = CARTESIAN_POINT('',(1.125328483485,11.131584325412));
#3891 = CARTESIAN_POINT('',(1.160938065501,11.135184050446));
#3892 = CARTESIAN_POINT('',(1.1962800773,11.138585585471));
#3893 = CARTESIAN_POINT('',(1.320366970597,11.149842033575));
#3894 = CARTESIAN_POINT('',(1.407756060348,11.15651255987));
#3895 = CARTESIAN_POINT('',(1.493976869778,11.161469855766));
#3896 = CARTESIAN_POINT('',(1.579370099553,11.164505612788));
#3897 = CARTESIAN_POINT('',(1.66428691779,11.16552029485));
#3898 = CARTESIAN_POINT('',(1.810769329017,11.163790229027));
#3899 = CARTESIAN_POINT('',(1.872324241715,11.16200176811));
#3900 = CARTESIAN_POINT('',(1.934025579722,11.15915477871));
#3901 = CARTESIAN_POINT('',(1.996038310486,11.155281469731));
#3902 = CARTESIAN_POINT('',(2.058538897731,11.150451647253));
#3903 = CARTESIAN_POINT('',(2.14361752585,11.142820986915));
#3904 = CARTESIAN_POINT('',(2.165561103686,11.140760154364));
#3905 = CARTESIAN_POINT('',(2.187598672769,11.13860378586));
#3906 = CARTESIAN_POINT('',(2.209739438163,11.136357527164));
#3907 = CARTESIAN_POINT('',(2.231992929235,11.134027848392));
#3908 = CARTESIAN_POINT('',(2.282245547618,11.128624845669));
#3909 = CARTESIAN_POINT('',(2.310312052953,11.125509626264));
#3910 = CARTESIAN_POINT('',(2.338587866702,11.1222903802));
#3911 = CARTESIAN_POINT('',(2.367092528344,11.118983746877));
#3912 = CARTESIAN_POINT('',(2.395845765801,11.115609010694));
#3913 = CARTESIAN_POINT('',(2.461070694978,11.10792068224));
#3914 = CARTESIAN_POINT('',(2.497689450583,11.103581832498));
#3915 = CARTESIAN_POINT('',(2.534765233995,11.099213880347));
#3916 = CARTESIAN_POINT('',(2.572332157308,11.094867914048));
#3917 = CARTESIAN_POINT('',(2.610417367938,11.090602906631));
#3918 = CARTESIAN_POINT('',(2.678764056026,11.083315841562));
#3919 = CARTESIAN_POINT('',(2.708804044298,11.080234039598));
#3920 = CARTESIAN_POINT('',(2.73916862051,11.077269416384));
#3921 = CARTESIAN_POINT('',(2.769858204876,11.074454948566));
#3922 = CARTESIAN_POINT('',(2.800864648733,11.071824645228));
#3923 = CARTESIAN_POINT('',(2.848810813074,11.068128823879));
#3924 = CARTESIAN_POINT('',(2.865536311879,11.066907426495));
#3925 = CARTESIAN_POINT('',(2.882342972933,11.06575244383));
#3926 = CARTESIAN_POINT('',(2.899226847463,11.064668670804));
#3927 = CARTESIAN_POINT('',(2.916183018965,11.063660646315));
#3928 = CARTESIAN_POINT('',(2.967460319369,11.060865243487));
#3929 = CARTESIAN_POINT('',(3.001988253756,11.059321526515));
#3930 = CARTESIAN_POINT('',(3.036732757916,11.058136374132));
#3931 = CARTESIAN_POINT('',(3.071631957793,11.05733643305));
#3932 = CARTESIAN_POINT('',(3.106614059249,11.05693662063));
#3933 = CARTESIAN_POINT('',(3.176571247931,11.05693662063));
#3934 = CARTESIAN_POINT('',(3.211553349387,11.05733643305));
#3935 = CARTESIAN_POINT('',(3.246452549264,11.058136374132));
#3936 = CARTESIAN_POINT('',(3.281197053424,11.059321526515));
#3937 = CARTESIAN_POINT('',(3.315724987811,11.060865243487));
#3938 = CARTESIAN_POINT('',(3.367002288215,11.063660646315));
#3939 = CARTESIAN_POINT('',(3.383958459717,11.064668670804));
#3940 = CARTESIAN_POINT('',(3.400842334247,11.06575244383));
#3941 = CARTESIAN_POINT('',(3.417648995301,11.066907426495));
#3942 = CARTESIAN_POINT('',(3.434374494105,11.068128823879));
#3943 = CARTESIAN_POINT('',(3.482320658446,11.071824645228));
#3944 = CARTESIAN_POINT('',(3.513327102304,11.074454948566));
#3945 = CARTESIAN_POINT('',(3.54401668667,11.077269416384));
#3946 = CARTESIAN_POINT('',(3.574381262881,11.080234039598));
#3947 = CARTESIAN_POINT('',(3.604421251154,11.083315841562));
#3948 = CARTESIAN_POINT('',(3.672767939241,11.090602906631));
#3949 = CARTESIAN_POINT('',(3.710853149871,11.094867914048));
#3950 = CARTESIAN_POINT('',(3.748420073185,11.099213880347));
#3951 = CARTESIAN_POINT('',(3.785495856596,11.103581832498));
#3952 = CARTESIAN_POINT('',(3.822114612201,11.10792068224));
#3953 = CARTESIAN_POINT('',(3.887339541379,11.115609010694));
#3954 = CARTESIAN_POINT('',(3.916092778835,11.118983746877));
#3955 = CARTESIAN_POINT('',(3.944597440478,11.1222903802));
#3956 = CARTESIAN_POINT('',(3.972873254227,11.125509626264));
#3957 = CARTESIAN_POINT('',(4.000939759562,11.128624845669));
#3958 = CARTESIAN_POINT('',(4.051192377944,11.134027848392));
#3959 = CARTESIAN_POINT('',(4.073445869017,11.136357527164));
#3960 = CARTESIAN_POINT('',(4.095586634411,11.13860378586));
#3961 = CARTESIAN_POINT('',(4.117624203494,11.140760154364));
#3962 = CARTESIAN_POINT('',(4.13956778133,11.142820986915));
#3963 = CARTESIAN_POINT('',(4.224646409449,11.150451647253));
#3964 = CARTESIAN_POINT('',(4.287146996693,11.155281469731));
#3965 = CARTESIAN_POINT('',(4.349159727457,11.15915477871));
#3966 = CARTESIAN_POINT('',(4.410861065465,11.16200176811));
#3967 = CARTESIAN_POINT('',(4.472415978163,11.163790229027));
#3968 = CARTESIAN_POINT('',(4.618898389389,11.16552029485));
#3969 = CARTESIAN_POINT('',(4.703815207626,11.164505612788));
#3970 = CARTESIAN_POINT('',(4.789208437402,11.161469855766));
#3971 = CARTESIAN_POINT('',(4.875429246831,11.15651255987));
#3972 = CARTESIAN_POINT('',(4.962818336583,11.149842033575));
#3973 = CARTESIAN_POINT('',(5.086905229879,11.138585585471));
#3974 = CARTESIAN_POINT('',(5.122247241679,11.135184050446));
#3975 = CARTESIAN_POINT('',(5.157856823694,11.131584325412));
#3976 = CARTESIAN_POINT('',(5.193755992278,11.12780887153));
#3977 = CARTESIAN_POINT('',(5.229966171666,11.123883214385));
#3978 = CARTESIAN_POINT('',(5.315392627826,11.114422053532));
#3979 = CARTESIAN_POINT('',(5.364868951079,11.108790954413));
#3980 = CARTESIAN_POINT('',(5.414991800789,11.103010734629));
#3981 = CARTESIAN_POINT('',(5.465803838628,11.097161558378));
#3982 = CARTESIAN_POINT('',(5.517337780515,11.091333970306));
#3983 = CARTESIAN_POINT('',(5.612068179048,11.080993240042));
#3984 = CARTESIAN_POINT('',(5.655008510156,11.07643918466));
#3985 = CARTESIAN_POINT('',(5.698447204303,11.072018032406));
#3986 = CARTESIAN_POINT('',(5.742383524268,11.067787319721));
#3987 = CARTESIAN_POINT('',(5.786804152653,11.063805850517));
#3988 = CARTESIAN_POINT('',(5.904650610262,11.054154158955));
#3989 = CARTESIAN_POINT('',(5.97888158263,11.048982418321));
#3990 = CARTESIAN_POINT('',(6.054142310025,11.044869994061));
#3991 = CARTESIAN_POINT('',(6.130182608017,11.042038231489));
#3992 = CARTESIAN_POINT('',(6.206702465662,11.040623734233));
#3993 = CARTESIAN_POINT('',(6.28318530718,11.040623733431));
#3994 = ( GEOMETRIC_REPRESENTATION_CONTEXT(2) 
PARAMETRIC_REPRESENTATION_CONTEXT() REPRESENTATION_CONTEXT('2D SPACE',''
  ) );
#3995 = FACE_BOUND('',#3996,.F.);
#3996 = EDGE_LOOP('',(#3997));
#3997 = ORIENTED_EDGE('',*,*,#3998,.T.);
#3998 = EDGE_CURVE('',#3999,#3999,#4001,.T.);
#3999 = VERTEX_POINT('',#4000);
#4000 = CARTESIAN_POINT('',(-3.128908811892,36.649649574457,
    4.20598379449));
#4001 = SURFACE_CURVE('',#4002,(#4135,#4271),.PCURVE_S1.);
#4002 = B_SPLINE_CURVE_WITH_KNOTS('',6,(#4003,#4004,#4005,#4006,#4007,
    #4008,#4009,#4010,#4011,#4012,#4013,#4014,#4015,#4016,#4017,#4018,
    #4019,#4020,#4021,#4022,#4023,#4024,#4025,#4026,#4027,#4028,#4029,
    #4030,#4031,#4032,#4033,#4034,#4035,#4036,#4037,#4038,#4039,#4040,
    #4041,#4042,#4043,#4044,#4045,#4046,#4047,#4048,#4049,#4050,#4051,
    #4052,#4053,#4054,#4055,#4056,#4057,#4058,#4059,#4060,#4061,#4062,
    #4063,#4064,#4065,#4066,#4067,#4068,#4069,#4070,#4071,#4072,#4073,
    #4074,#4075,#4076,#4077,#4078,#4079,#4080,#4081,#4082,#4083,#4084,
    #4085,#4086,#4087,#4088,#4089,#4090,#4091,#4092,#4093,#4094,#4095,
    #4096,#4097,#4098,#4099,#4100,#4101,#4102,#4103,#4104,#4105,#4106,
    #4107,#4108,#4109,#4110,#4111,#4112,#4113,#4114,#4115,#4116,#4117,
    #4118,#4119,#4120,#4121,#4122,#4123,#4124,#4125,#4126,#4127,#4128,
    #4129,#4130,#4131,#4132,#4133,#4134),.UNSPECIFIED.,.T.,.F.,(7,5,5,5,
    5,5,5,5,5,5,5,5,5,5,5,5,5,5,5,5,5,5,5,5,5,5,7),(0.,
    2.307236287206E-02,5.940506962465E-02,8.854285241879E-02,
    0.103023268738,0.130263618965,0.165662097097,0.194038193279,
    0.216814752273,0.282687729855,0.373501055571,0.409317286684,
    0.457228145378,0.496131430651,0.516853777999,0.559407737866,
    0.588685647342,0.601965168288,0.622689581083,0.661598037143,
    0.709515584682,0.745335941701,0.836153303791,0.906946304665,
    0.931197298574,0.961341493354,1.),.UNSPECIFIED.);
#4003 = CARTESIAN_POINT('',(-3.128908811892,36.649649574457,
    4.20598379449));
#4004 = CARTESIAN_POINT('',(-3.09312718547,36.661593956582,
    4.214663561898));
#4005 = CARTESIAN_POINT('',(-3.05698798131,36.672848492404,4.22431769081
    ));
#4006 = CARTESIAN_POINT('',(-3.020527939025,36.683363014996,
    4.234958778332));
#4007 = CARTESIAN_POINT('',(-2.983795333036,36.69308405755,
    4.246595382205));
#4008 = CARTESIAN_POINT('',(-2.946850959332,36.701958289474,
    4.259228976798));
#4009 = CARTESIAN_POINT('',(-2.851375297526,36.722498605634,
    4.294301753752));
#4010 = CARTESIAN_POINT('',(-2.792622924087,36.732841736906,
    4.318210168332));
#4011 = CARTESIAN_POINT('',(-2.733826814085,36.740764117552,
    4.344534422757));
#4012 = CARTESIAN_POINT('',(-2.675343495498,36.74610259221,
    4.373181058971));
#4013 = CARTESIAN_POINT('',(-2.617564884156,36.74876167709,
    4.403989336741));
#4014 = CARTESIAN_POINT('',(-2.515477941395,36.748728306463,
    4.462961262313));
#4015 = CARTESIAN_POINT('',(-2.470755807085,36.746991392173,
    4.490447329258));
#4016 = CARTESIAN_POINT('',(-2.426958271525,36.743532064067,
    4.519051116079));
#4017 = CARTESIAN_POINT('',(-2.384266260236,36.738389502746,
    4.548641175955));
#4018 = CARTESIAN_POINT('',(-2.342831280987,36.731633675764,
    4.579081729167));
#4019 = CARTESIAN_POINT('',(-2.282872678213,36.719243184145,
    4.62572005354));
#4020 = CARTESIAN_POINT('',(-2.263307542717,36.714753737032,
    4.641380592497));
#4021 = CARTESIAN_POINT('',(-2.244096432231,36.70989946729,
    4.657202793073));
#4022 = CARTESIAN_POINT('',(-2.225251216703,36.704692234614,
    4.67317164332));
#4023 = CARTESIAN_POINT('',(-2.2067815965,36.699144542562,4.689272955952
    ));
#4024 = CARTESIAN_POINT('',(-2.154671050705,36.682217565757,
    4.736006974068));
#4025 = CARTESIAN_POINT('',(-2.122003575028,36.670007133163,
    4.766941661131));
#4026 = CARTESIAN_POINT('',(-2.090741857483,36.656724100028,
    4.798210335535));
#4027 = CARTESIAN_POINT('',(-2.060911807467,36.642456553297,
    4.829737925855));
#4028 = CARTESIAN_POINT('',(-2.032521942962,36.627289640046,
    4.861461578588));
#4029 = CARTESIAN_POINT('',(-1.970544628905,36.590522591943,
    4.934744558607));
#4030 = CARTESIAN_POINT('',(-1.937949566919,36.568357762933,
    4.976400973174));
#4031 = CARTESIAN_POINT('',(-1.907772769393,36.54497408916,
    5.018193709708));
#4032 = CARTESIAN_POINT('',(-1.87998296477,36.520523756014,
    5.060037297988));
#4033 = CARTESIAN_POINT('',(-1.85453697713,36.495139300017,5.10186600946
    ));
#4034 = CARTESIAN_POINT('',(-1.812830935858,36.447920035903,
    5.177113643766));
#4035 = CARTESIAN_POINT('',(-1.79575109124,36.42638130351,5.210552868364
    ));
#4036 = CARTESIAN_POINT('',(-1.780124228412,36.404370960559,
    5.243924866573));
#4037 = CARTESIAN_POINT('',(-1.76592728912,36.381940336032,
    5.277206936049));
#4038 = CARTESIAN_POINT('',(-1.753138171499,36.359134880971,
    5.310379160948));
#4039 = CARTESIAN_POINT('',(-1.732583365418,36.317419879766,
    5.369948747884));
#4040 = CARTESIAN_POINT('',(-1.724324580157,36.298629912984,
    5.396390885808));
#4041 = CARTESIAN_POINT('',(-1.716948677249,36.279644934913,
    5.422741654428));
#4042 = CARTESIAN_POINT('',(-1.710445749412,36.260484032427,
    5.44899212043));
#4043 = CARTESIAN_POINT('',(-1.704806679134,36.241164712495,
    5.475133588456));
#4044 = CARTESIAN_POINT('',(-1.68618847407,36.165416638983,5.57642266647
    ));
#4045 = CARTESIAN_POINT('',(-1.679511487734,36.107945897348,
    5.650695734832));
#4046 = CARTESIAN_POINT('',(-1.679784500827,36.0496653761,5.723789492251
    ));
#4047 = CARTESIAN_POINT('',(-1.686872971057,35.990888234431,
    5.795475874088));
#4048 = CARTESIAN_POINT('',(-1.700664474439,35.931886233529,
    5.865503501735));
#4049 = CARTESIAN_POINT('',(-1.749242965927,35.791568028287,
    6.027465535904));
#4050 = CARTESIAN_POINT('',(-1.789990389385,35.71029458597,
    6.117617384004));
#4051 = CARTESIAN_POINT('',(-1.843126379583,35.629680703067,
    6.203339075698));
#4052 = CARTESIAN_POINT('',(-1.908543905232,35.550352114571,
    6.283652155488));
#4053 = CARTESIAN_POINT('',(-1.986042900873,35.472969755777,
    6.357388046236));
#4054 = CARTESIAN_POINT('',(-2.110603452198,35.368793370663,
    6.449064076761));
#4055 = CARTESIAN_POINT('',(-2.147669785369,35.339747491297,
    6.473747569043));
#4056 = CARTESIAN_POINT('',(-2.186552115912,35.311168107553,
    6.497096355141));
#4057 = CARTESIAN_POINT('',(-2.227224941304,35.283106574898,
    6.519014119283));
#4058 = CARTESIAN_POINT('',(-2.269654902341,35.255618636815,
    6.539397538639));
#4059 = CARTESIAN_POINT('',(-2.372850210199,35.192841672294,
    6.583205160817));
#4060 = CARTESIAN_POINT('',(-2.434965498583,35.158054835414,
    6.605330327019));
#4061 = CARTESIAN_POINT('',(-2.500044687084,35.124545609951,
    6.62425330711));
#4062 = CARTESIAN_POINT('',(-2.567941687018,35.092479842276,
    6.639686176078));
#4063 = CARTESIAN_POINT('',(-2.638451647953,35.062042704959,
    6.651329702002));
#4064 = CARTESIAN_POINT('',(-2.770448706209,35.010203898754,
    6.665029804149));
#4065 = CARTESIAN_POINT('',(-2.831136962821,34.988180531045,
    6.668476887894));
#4066 = CARTESIAN_POINT('',(-2.893209903598,34.967472166443,
    6.669075648314));
#4067 = CARTESIAN_POINT('',(-2.956474149333,34.948196556766,
    6.666672337802));
#4068 = CARTESIAN_POINT('',(-3.020691673917,34.930474521713,
    6.661132503336));
#4069 = CARTESIAN_POINT('',(-3.120137008547,34.905873790984,
    6.647684041072));
#4070 = CARTESIAN_POINT('',(-3.154887267622,34.89779810491,
    6.642092615991));
#4071 = CARTESIAN_POINT('',(-3.189782535435,34.89021458124,
    6.635568457747));
#4072 = CARTESIAN_POINT('',(-3.224775436385,34.883140401191,
    6.628100427475));
#4073 = CARTESIAN_POINT('',(-3.259815146298,34.876591839364,
    6.619681446502));
#4074 = CARTESIAN_POINT('',(-3.36678715732,34.858247527587,
    6.591060862969));
#4075 = CARTESIAN_POINT('',(-3.438708869835,34.848189642217,
    6.567787407484));
#4076 = CARTESIAN_POINT('',(-3.5101195529,34.840546009152,6.54047168733)
  );
#4077 = CARTESIAN_POINT('',(-3.5805069119,34.835418016758,6.509183034328
    ));
#4078 = CARTESIAN_POINT('',(-3.649355346364,34.832861775897,
    6.474093577916));
#4079 = CARTESIAN_POINT('',(-3.76212614548,34.832887230684,
    6.408938919334));
#4080 = CARTESIAN_POINT('',(-3.807130240134,34.834114704969,
    6.380717968134));
#4081 = CARTESIAN_POINT('',(-3.851013968132,34.836559269496,
    6.350924901732));
#4082 = CARTESIAN_POINT('',(-3.893635923566,34.840208475675,
    6.319669144665));
#4083 = CARTESIAN_POINT('',(-3.934873296403,34.845038774135,
    6.287074116211));
#4084 = CARTESIAN_POINT('',(-3.992650151338,34.853728318731,
    6.237943769044));
#4085 = CARTESIAN_POINT('',(-4.010372731311,34.856675971012,
    6.222365065314));
#4086 = CARTESIAN_POINT('',(-4.027779896865,34.859856723421,
    6.206550512774));
#4087 = CARTESIAN_POINT('',(-4.044863178366,34.863267181774,
    6.190512578128));
#4088 = CARTESIAN_POINT('',(-4.061615076402,34.866903644701,
    6.174263858365));
#4089 = CARTESIAN_POINT('',(-4.103645212398,34.87678372871,
    6.132149753628));
#4090 = CARTESIAN_POINT('',(-4.128438245089,34.883346172962,
    6.105999809141));
#4091 = CARTESIAN_POINT('',(-4.152383714958,34.890434041743,
    6.07941577368));
#4092 = CARTESIAN_POINT('',(-4.175462414738,34.898031038697,
    6.052445207946));
#4093 = CARTESIAN_POINT('',(-4.19766037479,34.906119965775,
    6.025134706967));
#4094 = CARTESIAN_POINT('',(-4.258973875034,34.930758627323,
    5.945704044944));
#4095 = CARTESIAN_POINT('',(-4.295842669576,34.948504844241,
    5.892840908015));
#4096 = CARTESIAN_POINT('',(-4.329517353943,34.9678037964,5.83923790973)
  );
#4097 = CARTESIAN_POINT('',(-4.359995721734,34.988534623935,
    5.785168296275));
#4098 = CARTESIAN_POINT('',(-4.387314525002,35.01057957102,5.73087625644
    ));
#4099 = CARTESIAN_POINT('',(-4.441358596273,35.062464799847,
    5.609693904261));
#4100 = CARTESIAN_POINT('',(-4.466480021792,35.092926353529,
    5.542801399884));
#4101 = CARTESIAN_POINT('',(-4.487013220631,35.12501527982,
    5.476280450958));
#4102 = CARTESIAN_POINT('',(-4.503115168812,35.158546464491,
    5.410457791362));
#4103 = CARTESIAN_POINT('',(-4.514962324052,35.193354129362,
    5.345603641631));
#4104 = CARTESIAN_POINT('',(-4.528535488107,35.256164965889,
    5.234338975325));
#4105 = CARTESIAN_POINT('',(-4.532061395275,35.283666388004,
    5.187407724392));
#4106 = CARTESIAN_POINT('',(-4.53338032779,35.311740803025,
    5.141232341392));
#4107 = CARTESIAN_POINT('',(-4.532565098687,35.340332492819,
    5.095893297381));
#4108 = CARTESIAN_POINT('',(-4.529686368226,35.369390122824,
    5.051460768863));
#4109 = CARTESIAN_POINT('',(-4.512450046782,35.473600855739,
    4.897795843056));
#4110 = CARTESIAN_POINT('',(-4.487258825831,35.5510025048,4.793853022758
    ));
#4111 = CARTESIAN_POINT('',(-4.450334696996,35.630346941421,
    4.697089676801));
#4112 = CARTESIAN_POINT('',(-4.402589062035,35.710973395994,
    4.608262753339));
#4113 = CARTESIAN_POINT('',(-4.344815154235,35.792256078594,
    4.527953887671));
#4114 = CARTESIAN_POINT('',(-4.225073915626,35.936987358109,
    4.401147635306));
#4115 = CARTESIAN_POINT('',(-4.166858529252,36.00039390997,
    4.351119358648));
#4116 = CARTESIAN_POINT('',(-4.103132154738,36.063519205956,
    4.306855390891));
#4117 = CARTESIAN_POINT('',(-4.034088849523,36.126022786708,
    4.268635704162));
#4118 = CARTESIAN_POINT('',(-3.959885666806,36.187506243726,
    4.236749385734));
#4119 = CARTESIAN_POINT('',(-3.853413977006,36.268027289938,
    4.202917270984));
#4120 = CARTESIAN_POINT('',(-3.825650118412,36.288394442841,
    4.195070035001));
#4121 = CARTESIAN_POINT('',(-3.797292677682,36.308563124913,
    4.188022385896));
#4122 = CARTESIAN_POINT('',(-3.768345050938,36.328510840587,
    4.18178979842));
#4123 = CARTESIAN_POINT('',(-3.738810586619,36.348212838137,
    4.176388847909));
#4124 = CARTESIAN_POINT('',(-3.671255650059,36.39179286192,
    4.166179485412));
#4125 = CARTESIAN_POINT('',(-3.632918201962,36.415521537697,
    4.161834007327));
#4126 = CARTESIAN_POINT('',(-3.593685312189,36.438776759092,
    4.158835016762));
#4127 = CARTESIAN_POINT('',(-3.553566021343,36.461498828558,
    4.157219396488));
#4128 = CARTESIAN_POINT('',(-3.512573339629,36.483619728909,
    4.15702667131));
#4129 = CARTESIAN_POINT('',(-3.417054761133,36.532563264281,
    4.15993071989));
#4130 = CARTESIAN_POINT('',(-3.36198214381,36.558946213515,
    4.163971675477));
#4131 = CARTESIAN_POINT('',(-3.305539430646,36.584054349334,
    4.170509047076));
#4132 = CARTESIAN_POINT('',(-3.247794504794,36.607692078815,
    4.179636829384));
#4133 = CARTESIAN_POINT('',(-3.188860934678,36.629636751727,
    4.191440852437));
#4134 = CARTESIAN_POINT('',(-3.128908811892,36.649649574457,
    4.20598379449));
#4135 = PCURVE('',#2514,#4136);
#4136 = DEFINITIONAL_REPRESENTATION('',(#4137),#4270);
#4137 = B_SPLINE_CURVE_WITH_KNOTS('',6,(#4138,#4139,#4140,#4141,#4142,
    #4143,#4144,#4145,#4146,#4147,#4148,#4149,#4150,#4151,#4152,#4153,
    #4154,#4155,#4156,#4157,#4158,#4159,#4160,#4161,#4162,#4163,#4164,
    #4165,#4166,#4167,#4168,#4169,#4170,#4171,#4172,#4173,#4174,#4175,
    #4176,#4177,#4178,#4179,#4180,#4181,#4182,#4183,#4184,#4185,#4186,
    #4187,#4188,#4189,#4190,#4191,#4192,#4193,#4194,#4195,#4196,#4197,
    #4198,#4199,#4200,#4201,#4202,#4203,#4204,#4205,#4206,#4207,#4208,
    #4209,#4210,#4211,#4212,#4213,#4214,#4215,#4216,#4217,#4218,#4219,
    #4220,#4221,#4222,#4223,#4224,#4225,#4226,#4227,#4228,#4229,#4230,
    #4231,#4232,#4233,#4234,#4235,#4236,#4237,#4238,#4239,#4240,#4241,
    #4242,#4243,#4244,#4245,#4246,#4247,#4248,#4249,#4250,#4251,#4252,
    #4253,#4254,#4255,#4256,#4257,#4258,#4259,#4260,#4261,#4262,#4263,
    #4264,#4265,#4266,#4267,#4268,#4269),.UNSPECIFIED.,.F.,.F.,(7,5,5,5,
    5,5,5,5,5,5,5,5,5,5,5,5,5,5,5,5,5,5,5,5,5,5,7),(0.,
    2.307236287206E-02,5.940506962465E-02,8.854285241879E-02,
    0.103023268738,0.130263618965,0.165662097097,0.194038193279,
    0.216814752273,0.282687729855,0.373501055571,0.409317286684,
    0.457228145378,0.496131430651,0.516853777999,0.559407737866,
    0.588685647342,0.601965168288,0.622689581083,0.661598037143,
    0.709515584682,0.745335941701,0.836153303791,0.906946304665,
    0.931197298574,0.961341493354,1.),.UNSPECIFIED.);
#4138 = CARTESIAN_POINT('',(-5.643587786083,-15.64964957445));
#4139 = CARTESIAN_POINT('',(-5.650052587736,-15.66159395678));
#4140 = CARTESIAN_POINT('',(-5.656725653763,-15.67284849227));
#4141 = CARTESIAN_POINT('',(-5.663601262676,-15.6833630149));
#4142 = CARTESIAN_POINT('',(-5.67067033735,-15.69308405764));
#4143 = CARTESIAN_POINT('',(-5.677919800523,-15.70195828947));
#4144 = CARTESIAN_POINT('',(-5.697004022096,-15.72249860563));
#4145 = CARTESIAN_POINT('',(-5.709082956001,-15.7328417369));
#4146 = CARTESIAN_POINT('',(-5.721495394552,-15.74076411755));
#4147 = CARTESIAN_POINT('',(-5.734145910436,-15.74610259221));
#4148 = CARTESIAN_POINT('',(-5.746920906325,-15.74876167709));
#4149 = CARTESIAN_POINT('',(-5.76993501231,-15.74872830646));
#4150 = CARTESIAN_POINT('',(-5.780178126599,-15.74699139217));
#4151 = CARTESIAN_POINT('',(-5.790357089792,-15.74353206406));
#4152 = CARTESIAN_POINT('',(-5.800411946727,-15.73838950274));
#4153 = CARTESIAN_POINT('',(-5.810289286862,-15.73163367576));
#4154 = CARTESIAN_POINT('',(-5.824741975152,-15.71924318414));
#4155 = CARTESIAN_POINT('',(-5.829485289946,-15.71475373703));
#4156 = CARTESIAN_POINT('',(-5.834168623218,-15.70989946729));
#4157 = CARTESIAN_POINT('',(-5.838787346207,-15.70469223461));
#4158 = CARTESIAN_POINT('',(-5.843337478812,-15.69914454256));
#4159 = CARTESIAN_POINT('',(-5.856240035114,-15.68221756575));
#4160 = CARTESIAN_POINT('',(-5.864409705751,-15.67000713316));
#4161 = CARTESIAN_POINT('',(-5.872302816335,-15.65672410002));
#4162 = CARTESIAN_POINT('',(-5.879905148953,-15.64245655329));
#4163 = CARTESIAN_POINT('',(-5.887208647791,-15.62728964004));
#4164 = CARTESIAN_POINT('',(-5.903307967608,-15.59052259194));
#4165 = CARTESIAN_POINT('',(-5.911894942524,-15.56835776293));
#4166 = CARTESIAN_POINT('',(-5.919964530493,-15.54497408916));
#4167 = CARTESIAN_POINT('',(-5.927520057474,-15.52052375601));
#4168 = CARTESIAN_POINT('',(-5.934571314446,-15.49513930001));
#4169 = CARTESIAN_POINT('',(-5.946390068704,-15.4479200359));
#4170 = CARTESIAN_POINT('',(-5.951332766303,-15.42638130351));
#4171 = CARTESIAN_POINT('',(-5.95596631715,-15.40437096055));
#4172 = CARTESIAN_POINT('',(-5.960297962796,-15.38194033603));
#4173 = CARTESIAN_POINT('',(-5.964335350234,-15.35913488097));
#4174 = CARTESIAN_POINT('',(-5.971097482034,-15.31741987976));
#4175 = CARTESIAN_POINT('',(-5.973923944486,-15.29862991298));
#4176 = CARTESIAN_POINT('',(-5.97656997736,-15.27964493491));
#4177 = CARTESIAN_POINT('',(-5.97903955134,-15.26048403242));
#4178 = CARTESIAN_POINT('',(-5.981336549693,-15.24116471249));
#4179 = CARTESIAN_POINT('',(-5.989619872482,-15.16541663898));
#4180 = CARTESIAN_POINT('',(-5.994362400792,-15.10794589734));
#4181 = CARTESIAN_POINT('',(-5.997785638455,-15.0496653761));
#4182 = CARTESIAN_POINT('',(-5.999968050106,-14.99088823443));
#4183 = CARTESIAN_POINT('',(-6.000978807786,-14.93188623352));
#4184 = CARTESIAN_POINT('',(-6.000730070232,-14.79156802828));
#4185 = CARTESIAN_POINT('',(-5.998466251757,-14.71029458597));
#4186 = CARTESIAN_POINT('',(-5.994233499351,-14.62968070306));
#4187 = CARTESIAN_POINT('',(-5.988136518033,-14.55035211457));
#4188 = CARTESIAN_POINT('',(-5.980262844398,-14.47296975577));
#4189 = CARTESIAN_POINT('',(-5.96687926104,-14.36879337066));
#4190 = CARTESIAN_POINT('',(-5.96282610809,-14.33974749129));
#4191 = CARTESIAN_POINT('',(-5.958508907454,-14.31116810755));
#4192 = CARTESIAN_POINT('',(-5.953931057316,-14.28310657489));
#4193 = CARTESIAN_POINT('',(-5.949095789755,-14.25561863681));
#4194 = CARTESIAN_POINT('',(-5.937198079333,-14.19284167229));
#4195 = CARTESIAN_POINT('',(-5.929935298553,-14.15805483541));
#4196 = CARTESIAN_POINT('',(-5.922225241242,-14.12454560995));
#4197 = CARTESIAN_POINT('',(-5.914076641369,-14.09247984227));
#4198 = CARTESIAN_POINT('',(-5.905500932838,-14.06204270495));
#4199 = CARTESIAN_POINT('',(-5.889215829559,-14.01020389875));
#4200 = CARTESIAN_POINT('',(-5.881647032808,-13.98818053104));
#4201 = CARTESIAN_POINT('',(-5.873816095882,-13.96747216644));
#4202 = CARTESIAN_POINT('',(-5.86573475843,-13.94819655676));
#4203 = CARTESIAN_POINT('',(-5.857418669791,-13.93047452171));
#4204 = CARTESIAN_POINT('',(-5.844344808864,-13.90587379098));
#4205 = CARTESIAN_POINT('',(-5.839740409857,-13.89779810491));
#4206 = CARTESIAN_POINT('',(-5.83507848937,-13.89021458124));
#4207 = CARTESIAN_POINT('',(-5.830362655652,-13.88314040119));
#4208 = CARTESIAN_POINT('',(-5.825596949364,-13.87659183936));
#4209 = CARTESIAN_POINT('',(-5.810906093976,-13.85824752758));
#4210 = CARTESIAN_POINT('',(-5.800833077816,-13.84818964221));
#4211 = CARTESIAN_POINT('',(-5.790609149598,-13.84054600915));
#4212 = CARTESIAN_POINT('',(-5.780279937942,-13.83541801675));
#4213 = CARTESIAN_POINT('',(-5.769895830549,-13.83286177589));
#4214 = CARTESIAN_POINT('',(-5.752370196101,-13.83288723068));
#4215 = CARTESIAN_POINT('',(-5.745226774436,-13.83411470496));
#4216 = CARTESIAN_POINT('',(-5.738101085109,-13.83655926949));
#4217 = CARTESIAN_POINT('',(-5.73100998853,-13.84020847567));
#4218 = CARTESIAN_POINT('',(-5.723969537255,-13.84503877413));
#4219 = CARTESIAN_POINT('',(-5.71383186233,-13.85372831873));
#4220 = CARTESIAN_POINT('',(-5.710682062212,-13.85667597101));
#4221 = CARTESIAN_POINT('',(-5.707547186991,-13.85985672342));
#4222 = CARTESIAN_POINT('',(-5.70442855702,-13.86326718177));
#4223 = CARTESIAN_POINT('',(-5.701327424332,-13.8669036447));
#4224 = CARTESIAN_POINT('',(-5.693434407448,-13.87678372871));
#4225 = CARTESIAN_POINT('',(-5.688669341172,-13.88334617296));
#4226 = CARTESIAN_POINT('',(-5.683954241826,-13.89043404174));
#4227 = CARTESIAN_POINT('',(-5.679293144887,-13.89803103869));
#4228 = CARTESIAN_POINT('',(-5.674689653302,-13.90611996577));
#4229 = CARTESIAN_POINT('',(-5.661618345601,-13.93075862732));
#4230 = CARTESIAN_POINT('',(-5.653304116138,-13.94850484424));
#4231 = CARTESIAN_POINT('',(-5.645224895033,-13.9678037964));
#4232 = CARTESIAN_POINT('',(-5.637396302628,-13.98853462393));
#4233 = CARTESIAN_POINT('',(-5.629830054464,-14.01057957102));
#4234 = CARTESIAN_POINT('',(-5.61355098911,-14.06246479984));
#4235 = CARTESIAN_POINT('',(-5.604978871633,-14.09292635352));
#4236 = CARTESIAN_POINT('',(-5.596834115185,-14.12501527982));
#4237 = CARTESIAN_POINT('',(-5.589128134056,-14.15854646449));
#4238 = CARTESIAN_POINT('',(-5.581869653637,-14.19335412936));
#4239 = CARTESIAN_POINT('',(-5.569979973687,-14.25616496588));
#4240 = CARTESIAN_POINT('',(-5.565148325096,-14.283666388));
#4241 = CARTESIAN_POINT('',(-5.560574206555,-14.31174080302));
#4242 = CARTESIAN_POINT('',(-5.556260852241,-14.34033249281));
#4243 = CARTESIAN_POINT('',(-5.552211664376,-14.36939012282));
#4244 = CARTESIAN_POINT('',(-5.538843218097,-14.47360085573));
#4245 = CARTESIAN_POINT('',(-5.530981142977,-14.5510025048));
#4246 = CARTESIAN_POINT('',(-5.524896401562,-14.63034694142));
#4247 = CARTESIAN_POINT('',(-5.520676656206,-14.71097339599));
#4248 = CARTESIAN_POINT('',(-5.518426768443,-14.79225607859));
#4249 = CARTESIAN_POINT('',(-5.518197023494,-14.9369873581));
#4250 = CARTESIAN_POINT('',(-5.519385120179,-15.00039390997));
#4251 = CARTESIAN_POINT('',(-5.521931737232,-15.06351920595));
#4252 = CARTESIAN_POINT('',(-5.52592433134,-15.1260227867));
#4253 = CARTESIAN_POINT('',(-5.531462157158,-15.18750624372));
#4254 = CARTESIAN_POINT('',(-5.541131689869,-15.26802728993));
#4255 = CARTESIAN_POINT('',(-5.543794087578,-15.28839444284));
#4256 = CARTESIAN_POINT('',(-5.546656351831,-15.30856312491));
#4257 = CARTESIAN_POINT('',(-5.549723251742,-15.32851084058));
#4258 = CARTESIAN_POINT('',(-5.552999622661,-15.34821283813));
#4259 = CARTESIAN_POINT('',(-5.560829390505,-15.39179286192));
#4260 = CARTESIAN_POINT('',(-5.565499384386,-15.41552153769));
#4261 = CARTESIAN_POINT('',(-5.57051012389,-15.43877675909));
#4262 = CARTESIAN_POINT('',(-5.575870445808,-15.46149882855));
#4263 = CARTESIAN_POINT('',(-5.581588247656,-15.4836197289));
#4264 = CARTESIAN_POINT('',(-5.595470673339,-15.53256326428));
#4265 = CARTESIAN_POINT('',(-5.603869303969,-15.55894621372));
#4266 = CARTESIAN_POINT('',(-5.612880566831,-15.58405434917));
#4267 = CARTESIAN_POINT('',(-5.622511573827,-15.60769207853));
#4268 = CARTESIAN_POINT('',(-5.632756010672,-15.62963675207));
#4269 = CARTESIAN_POINT('',(-5.643587786083,-15.64964957445));
#4270 = ( GEOMETRIC_REPRESENTATION_CONTEXT(2) 
PARAMETRIC_REPRESENTATION_CONTEXT() REPRESENTATION_CONTEXT('2D SPACE',''
  ) );
#4271 = PCURVE('',#4272,#4277);
#4272 = CYLINDRICAL_SURFACE('',#4273,1.5);
#4273 = AXIS2_PLACEMENT_3D('',#4274,#4275,#4276);
#4274 = CARTESIAN_POINT('',(-6.689546463675,44.254666676608,
    11.586634354679));
#4275 = DIRECTION('',(0.321393804843,-0.766044443119,-0.556670399226));
#4276 = DIRECTION('',(0.,0.587858883153,-0.808963493304));
#4277 = DEFINITIONAL_REPRESENTATION('',(#4278),#4411);
#4278 = B_SPLINE_CURVE_WITH_KNOTS('',6,(#4279,#4280,#4281,#4282,#4283,
    #4284,#4285,#4286,#4287,#4288,#4289,#4290,#4291,#4292,#4293,#4294,
    #4295,#4296,#4297,#4298,#4299,#4300,#4301,#4302,#4303,#4304,#4305,
    #4306,#4307,#4308,#4309,#4310,#4311,#4312,#4313,#4314,#4315,#4316,
    #4317,#4318,#4319,#4320,#4321,#4322,#4323,#4324,#4325,#4326,#4327,
    #4328,#4329,#4330,#4331,#4332,#4333,#4334,#4335,#4336,#4337,#4338,
    #4339,#4340,#4341,#4342,#4343,#4344,#4345,#4346,#4347,#4348,#4349,
    #4350,#4351,#4352,#4353,#4354,#4355,#4356,#4357,#4358,#4359,#4360,
    #4361,#4362,#4363,#4364,#4365,#4366,#4367,#4368,#4369,#4370,#4371,
    #4372,#4373,#4374,#4375,#4376,#4377,#4378,#4379,#4380,#4381,#4382,
    #4383,#4384,#4385,#4386,#4387,#4388,#4389,#4390,#4391,#4392,#4393,
    #4394,#4395,#4396,#4397,#4398,#4399,#4400,#4401,#4402,#4403,#4404,
    #4405,#4406,#4407,#4408,#4409,#4410),.UNSPECIFIED.,.F.,.F.,(7,5,5,5,
    5,5,5,5,5,5,5,5,5,5,5,5,5,5,5,5,5,5,5,5,5,5,7),(0.,
    2.307236287206E-02,5.940506962465E-02,8.854285241879E-02,
    0.103023268738,0.130263618965,0.165662097097,0.194038193279,
    0.216814752273,0.282687729855,0.373501055571,0.409317286684,
    0.457228145378,0.496131430651,0.516853777999,0.559407737866,
    0.588685647342,0.601965168288,0.622689581083,0.661598037143,
    0.709515584682,0.745335941701,0.836153303791,0.906946304665,
    0.931197298574,0.961341493354,1.),.UNSPECIFIED.);
#4279 = CARTESIAN_POINT('',(1.184237892934E-15,11.078737667393));
#4280 = CARTESIAN_POINT('',(2.575243298785E-02,11.076255963311));
#4281 = CARTESIAN_POINT('',(5.173378175171E-02,11.073875237218));
#4282 = CARTESIAN_POINT('',(7.794438155559E-02,11.071615098889));
#4283 = CARTESIAN_POINT('',(0.104379231387,11.069496227337));
#4284 = CARTESIAN_POINT('',(0.131026990935,11.067539115971));
#4285 = CARTESIAN_POINT('',(0.200137818188,11.062965630385));
#4286 = CARTESIAN_POINT('',(0.242901356212,11.060615874305));
#4287 = CARTESIAN_POINT('',(0.286067214415,11.058789750918));
#4288 = CARTESIAN_POINT('',(0.329529878489,11.057549683934));
#4289 = CARTESIAN_POINT('',(0.373156733571,11.05693233819));
#4290 = CARTESIAN_POINT('',(0.451753971129,11.056940087181));
#4291 = CARTESIAN_POINT('',(0.48673680511,11.057343377768));
#4292 = CARTESIAN_POINT('',(0.521636196036,11.058146752008));
#4293 = CARTESIAN_POINT('',(0.556380382851,11.059335220031));
#4294 = CARTESIAN_POINT('',(0.590907553977,11.060882074475));
#4295 = CARTESIAN_POINT('',(0.64218394083,11.063681890558));
#4296 = CARTESIAN_POINT('',(0.659140222912,11.064691361437));
#4297 = CARTESIAN_POINT('',(0.676024122583,11.065776528982));
#4298 = CARTESIAN_POINT('',(0.692830732877,11.066932849916));
#4299 = CARTESIAN_POINT('',(0.709556114697,11.068155525965));
#4300 = CARTESIAN_POINT('',(0.757502448466,11.071854904549));
#4301 = CARTESIAN_POINT('',(0.788509020592,11.074487338291));
#4302 = CARTESIAN_POINT('',(0.819198584662,11.077303708896));
#4303 = CARTESIAN_POINT('',(0.849563046134,11.080270000769));
#4304 = CARTESIAN_POINT('',(0.879602870742,11.083353238525));
#4305 = CARTESIAN_POINT('',(0.947949232112,11.09064309045));
#4306 = CARTESIAN_POINT('',(0.986034269388,11.094909292608));
#4307 = CARTESIAN_POINT('',(1.023601078746,11.099256082406));
#4308 = CARTESIAN_POINT('',(1.060676859177,11.103624508296));
#4309 = CARTESIAN_POINT('',(1.097295755099,11.107963507025));
#4310 = CARTESIAN_POINT('',(1.162520679095,11.115651494567));
#4311 = CARTESIAN_POINT('',(1.191273722923,11.119025850569));
#4312 = CARTESIAN_POINT('',(1.219778314785,11.122331924814));
#4313 = CARTESIAN_POINT('',(1.248054187881,11.125550445523));
#4314 = CARTESIAN_POINT('',(1.276120884236,11.128664785141));
#4315 = CARTESIAN_POINT('',(1.326373601643,11.134065891601));
#4316 = CARTESIAN_POINT('',(1.348626959523,11.136394608184));
#4317 = CARTESIAN_POINT('',(1.370767681548,11.13863982175));
#4318 = CARTESIAN_POINT('',(1.392805296343,11.140795067956));
#4319 = CARTESIAN_POINT('',(1.414749007958,11.142854706445));
#4320 = CARTESIAN_POINT('',(1.499826062549,11.150480241505));
#4321 = CARTESIAN_POINT('',(1.562325644131,11.155305707203));
#4322 = CARTESIAN_POINT('',(1.624338087027,11.159174300807));
#4323 = CARTESIAN_POINT('',(1.686039817315,11.162016326351));
#4324 = CARTESIAN_POINT('',(1.747595769474,11.16379967009));
#4325 = CARTESIAN_POINT('',(1.89407719587,11.165517355051));
#4326 = CARTESIAN_POINT('',(1.978992549966,11.164495589174));
#4327 = CARTESIAN_POINT('',(2.064385365117,11.161453099809));
#4328 = CARTESIAN_POINT('',(2.150606751576,11.156489622546));
#4329 = CARTESIAN_POINT('',(2.237997358165,11.149813663674));
#4330 = CARTESIAN_POINT('',(2.362086392511,11.138551082559));
#4331 = CARTESIAN_POINT('',(2.397428242315,11.135148057691));
#4332 = CARTESIAN_POINT('',(2.433037779317,11.131547017563));
#4333 = CARTESIAN_POINT('',(2.468937013224,11.127770434097));
#4334 = CARTESIAN_POINT('',(2.505147359976,11.123843843511));
#4335 = CARTESIAN_POINT('',(2.590573825099,11.114381049177));
#4336 = CARTESIAN_POINT('',(2.640050048682,11.108749418287));
#4337 = CARTESIAN_POINT('',(2.690172918761,11.102969063356));
#4338 = CARTESIAN_POINT('',(2.740985059911,11.097120170022));
#4339 = CARTESIAN_POINT('',(2.792519136281,11.091293299079));
#4340 = CARTESIAN_POINT('',(2.887249843163,11.080954650398));
#4341 = CARTESIAN_POINT('',(2.930190368591,11.076401809664));
#4342 = CARTESIAN_POINT('',(2.973629189704,11.071982166478));
#4343 = CARTESIAN_POINT('',(3.017565522062,11.067753255333));
#4344 = CARTESIAN_POINT('',(3.061985993503,11.063773869106));
#4345 = CARTESIAN_POINT('',(3.130764996736,11.058144368565));
#4346 = CARTESIAN_POINT('',(3.154797396713,11.056274765854));
#4347 = CARTESIAN_POINT('',(3.17895398175,11.054500764902));
#4348 = CARTESIAN_POINT('',(3.203228658989,11.052830631032));
#4349 = CARTESIAN_POINT('',(3.227613939422,11.05127217224));
#4350 = CARTESIAN_POINT('',(3.302385721385,11.046876820367));
#4351 = CARTESIAN_POINT('',(3.353108744376,11.044422058484));
#4352 = CARTESIAN_POINT('',(3.40417405036,11.042532322825));
#4353 = CARTESIAN_POINT('',(3.455485030712,11.04125599874));
#4354 = CARTESIAN_POINT('',(3.50692983051,11.040619994246));
#4355 = CARTESIAN_POINT('',(3.593756306954,11.040626328349));
#4356 = CARTESIAN_POINT('',(3.629146946648,11.04093175945));
#4357 = CARTESIAN_POINT('',(3.664495171407,11.041540074235));
#4358 = CARTESIAN_POINT('',(3.699762489182,11.042445342458));
#4359 = CARTESIAN_POINT('',(3.734913034377,11.043636370508));
#4360 = CARTESIAN_POINT('',(3.785785222905,11.045760079889));
#4361 = CARTESIAN_POINT('',(3.801628233522,11.046478323055));
#4362 = CARTESIAN_POINT('',(3.817437177615,11.047250663454));
#4363 = CARTESIAN_POINT('',(3.833209239676,11.048075483426));
#4364 = CARTESIAN_POINT('',(3.848941827232,11.048951016277));
#4365 = CARTESIAN_POINT('',(3.889120008993,11.051317882995));
#4366 = CARTESIAN_POINT('',(3.913505527931,11.052879331971));
#4367 = CARTESIAN_POINT('',(3.937780261193,11.05455232944));
#4368 = CARTESIAN_POINT('',(3.96193673884,11.0563290566));
#4369 = CARTESIAN_POINT('',(3.98596888747,11.058201239604));
#4370 = CARTESIAN_POINT('',(4.054748301892,11.063837849046));
#4371 = CARTESIAN_POINT('',(4.09916908684,11.067821399571));
#4372 = CARTESIAN_POINT('',(4.143105394308,11.072053912031));
#4373 = CARTESIAN_POINT('',(4.186543961649,11.076476571515));
#4374 = CARTESIAN_POINT('',(4.229484098833,11.081031839665));
#4375 = CARTESIAN_POINT('',(4.32421418891,11.091374647114));
#4376 = CARTESIAN_POINT('',(4.375747995963,11.097202949773));
#4377 = CARTESIAN_POINT('',(4.426559930429,11.103052406397));
#4378 = CARTESIAN_POINT('',(4.476682759951,11.108832488513));
#4379 = CARTESIAN_POINT('',(4.526159183256,11.114463053383));
#4380 = CARTESIAN_POINT('',(4.611585630784,11.123922576468));
#4381 = CARTESIAN_POINT('',(4.64779564269,11.127847298352));
#4382 = CARTESIAN_POINT('',(4.683694745923,11.13162162088));
#4383 = CARTESIAN_POINT('',(4.719304373002,11.135220029108));
#4384 = CARTESIAN_POINT('',(4.754646546921,11.138620072637));
#4385 = CARTESIAN_POINT('',(4.87873129858,11.1498703823));
#4386 = CARTESIAN_POINT('',(4.966118871058,11.156535472771));
#4387 = CARTESIAN_POINT('',(5.052339103301,11.161486584686));
#4388 = CARTESIAN_POINT('',(5.137732747824,11.164515607423));
#4389 = CARTESIAN_POINT('',(5.222651030618,11.165523204457));
#4390 = CARTESIAN_POINT('',(5.373738500732,11.16372599144));
#4391 = CARTESIAN_POINT('',(5.439890103338,11.161713079997));
#4392 = CARTESIAN_POINT('',(5.506227421998,11.158478000363));
#4393 = CARTESIAN_POINT('',(5.572955682344,11.154063338485));
#4394 = CARTESIAN_POINT('',(5.640294171297,11.148562890726));
#4395 = CARTESIAN_POINT('',(5.731921421795,11.139932869039));
#4396 = CARTESIAN_POINT('',(5.755405998407,11.137622180873));
#4397 = CARTESIAN_POINT('',(5.779006977741,11.13520919746));
#4398 = CARTESIAN_POINT('',(5.80273576459,11.132701445574));
#4399 = CARTESIAN_POINT('',(5.826604149476,11.130107582971));
#4400 = CARTESIAN_POINT('',(5.880481573851,11.124118335915));
#4401 = CARTESIAN_POINT('',(5.910572849959,11.120681533026));
#4402 = CARTESIAN_POINT('',(5.940922044836,11.117145656897));
#4403 = CARTESIAN_POINT('',(5.971552806473,11.113533001362));
#4404 = CARTESIAN_POINT('',(6.002488522989,11.10986948692));
#4405 = CARTESIAN_POINT('',(6.073846669637,11.101459045115));
#4406 = CARTESIAN_POINT('',(6.114477109432,11.096699051126));
#4407 = CARTESIAN_POINT('',(6.155696189858,11.091966280286));
#4408 = CARTESIAN_POINT('',(6.197542142937,11.087336424177));
#4409 = CARTESIAN_POINT('',(6.240037100057,11.082895763544));
#4410 = CARTESIAN_POINT('',(6.28318530718,11.078737667393));
#4411 = ( GEOMETRIC_REPRESENTATION_CONTEXT(2) 
PARAMETRIC_REPRESENTATION_CONTEXT() REPRESENTATION_CONTEXT('2D SPACE',''
  ) );
#4412 = FACE_BOUND('',#4413,.F.);
#4413 = EDGE_LOOP('',(#4414));
#4414 = ORIENTED_EDGE('',*,*,#4415,.T.);
#4415 = EDGE_CURVE('',#4416,#4416,#4418,.T.);
#4416 = VERTEX_POINT('',#4417);
#4417 = CARTESIAN_POINT('',(3.128908811892,36.649649574457,4.20598379449
    ));
#4418 = SURFACE_CURVE('',#4419,(#4552,#4688),.PCURVE_S1.);
#4419 = B_SPLINE_CURVE_WITH_KNOTS('',6,(#4420,#4421,#4422,#4423,#4424,
    #4425,#4426,#4427,#4428,#4429,#4430,#4431,#4432,#4433,#4434,#4435,
    #4436,#4437,#4438,#4439,#4440,#4441,#4442,#4443,#4444,#4445,#4446,
    #4447,#4448,#4449,#4450,#4451,#4452,#4453,#4454,#4455,#4456,#4457,
    #4458,#4459,#4460,#4461,#4462,#4463,#4464,#4465,#4466,#4467,#4468,
    #4469,#4470,#4471,#4472,#4473,#4474,#4475,#4476,#4477,#4478,#4479,
    #4480,#4481,#4482,#4483,#4484,#4485,#4486,#4487,#4488,#4489,#4490,
    #4491,#4492,#4493,#4494,#4495,#4496,#4497,#4498,#4499,#4500,#4501,
    #4502,#4503,#4504,#4505,#4506,#4507,#4508,#4509,#4510,#4511,#4512,
    #4513,#4514,#4515,#4516,#4517,#4518,#4519,#4520,#4521,#4522,#4523,
    #4524,#4525,#4526,#4527,#4528,#4529,#4530,#4531,#4532,#4533,#4534,
    #4535,#4536,#4537,#4538,#4539,#4540,#4541,#4542,#4543,#4544,#4545,
    #4546,#4547,#4548,#4549,#4550,#4551),.UNSPECIFIED.,.T.,.F.,(7,5,5,5,
    5,5,5,5,5,5,5,5,5,5,5,5,5,5,5,5,5,5,5,5,5,5,7),(0.,
    4.069112469134E-02,7.039769801313E-02,9.414543518581E-02,
    0.163845934931,0.254663343015,0.290483718174,0.33840128998,
    0.377309765745,0.398034189035,0.411313716706,0.44059164101,
    0.483145622428,0.50386798027,0.542771285245,0.590682168202,
    0.626498417454,0.717311789161,0.783184800103,0.805961370632,
    0.834337481185,0.869735977244,0.896976341266,0.911456764919,
    0.94059456247,0.978285489352,1.),.UNSPECIFIED.);
#4420 = CARTESIAN_POINT('',(3.128908811892,36.649649574457,4.20598379449
    ));
#4421 = CARTESIAN_POINT('',(3.192017738757,36.628582976503,
    4.190675077103));
#4422 = CARTESIAN_POINT('',(3.253992127791,36.60537764173,4.178402769035
    ));
#4423 = CARTESIAN_POINT('',(3.314640029742,36.580310955638,
    4.169091200436));
#4424 = CARTESIAN_POINT('',(3.37383445979,36.553640081049,4.162639164056
    ));
#4425 = CARTESIAN_POINT('',(3.431500286581,36.525589688725,
    4.158937024122));
#4426 = CARTESIAN_POINT('',(3.528557560083,36.474985712196,
    4.157114936892));
#4427 = CARTESIAN_POINT('',(3.568677464261,36.4529937604,4.1577579876));
#4428 = CARTESIAN_POINT('',(3.607945909405,36.430435008615,
    4.159773033473));
#4429 = CARTESIAN_POINT('',(3.64635133606,36.407372976883,4.163122684238
    ));
#4430 = CARTESIAN_POINT('',(3.683885549711,36.383863529274,4.16777210321
    ));
#4431 = CARTESIAN_POINT('',(3.749848635976,36.34084205135,4.178419040668
    ));
#4432 = CARTESIAN_POINT('',(3.778593092157,36.321474521554,
    4.183959055839));
#4433 = CARTESIAN_POINT('',(3.806774047089,36.301877155719,
    4.190292677374));
#4434 = CARTESIAN_POINT('',(3.834388369331,36.282072800063,
    4.197404528179));
#4435 = CARTESIAN_POINT('',(3.861432838246,36.262082275806,
    4.205280229509));
#4436 = CARTESIAN_POINT('',(3.965598419724,36.182760196105,
    4.239224537869));
#4437 = CARTESIAN_POINT('',(4.038342449205,36.122164277665,
    4.271003245721));
#4438 = CARTESIAN_POINT('',(4.10607774819,36.060597255584,4.3089082951)
  );
#4439 = CARTESIAN_POINT('',(4.168653572318,35.998437367888,
    4.352664350909));
#4440 = CARTESIAN_POINT('',(4.225883403723,35.936008929547,
    4.402004885097));
#4441 = CARTESIAN_POINT('',(4.344815154235,35.792256078594,
    4.527953887671));
#4442 = CARTESIAN_POINT('',(4.402589062035,35.710973395994,4.60826275334
    ));
#4443 = CARTESIAN_POINT('',(4.450334696996,35.630346941421,
    4.697089676801));
#4444 = CARTESIAN_POINT('',(4.487258825831,35.5510025048,4.793853022758)
  );
#4445 = CARTESIAN_POINT('',(4.512450046782,35.473600855739,
    4.897795843056));
#4446 = CARTESIAN_POINT('',(4.529686368226,35.369390122824,
    5.051460768863));
#4447 = CARTESIAN_POINT('',(4.532565098687,35.340332492818,
    5.095893297381));
#4448 = CARTESIAN_POINT('',(4.53338032779,35.311740803025,5.141232341392
    ));
#4449 = CARTESIAN_POINT('',(4.532061395275,35.283666388003,
    5.187407724392));
#4450 = CARTESIAN_POINT('',(4.528535488107,35.256164965889,
    5.234338975325));
#4451 = CARTESIAN_POINT('',(4.514962324052,35.193354129362,
    5.345603641631));
#4452 = CARTESIAN_POINT('',(4.503115168812,35.158546464491,
    5.410457791362));
#4453 = CARTESIAN_POINT('',(4.487013220631,35.12501527982,5.476280450958
    ));
#4454 = CARTESIAN_POINT('',(4.466480021792,35.092926353529,
    5.542801399884));
#4455 = CARTESIAN_POINT('',(4.441358596273,35.062464799847,
    5.609693904261));
#4456 = CARTESIAN_POINT('',(4.387314525002,35.01057957102,5.73087625644)
  );
#4457 = CARTESIAN_POINT('',(4.359995721734,34.988534623935,
    5.785168296275));
#4458 = CARTESIAN_POINT('',(4.329517353943,34.9678037964,5.83923790973)
  );
#4459 = CARTESIAN_POINT('',(4.295842669576,34.948504844241,
    5.892840908015));
#4460 = CARTESIAN_POINT('',(4.258973875034,34.930758627323,
    5.945704044944));
#4461 = CARTESIAN_POINT('',(4.19766037479,34.906119965775,6.025134706967
    ));
#4462 = CARTESIAN_POINT('',(4.175462414738,34.898031038697,
    6.052445207946));
#4463 = CARTESIAN_POINT('',(4.152383714958,34.890434041743,6.07941577368
    ));
#4464 = CARTESIAN_POINT('',(4.128438245089,34.883346172962,
    6.105999809141));
#4465 = CARTESIAN_POINT('',(4.103645212398,34.87678372871,6.132149753628
    ));
#4466 = CARTESIAN_POINT('',(4.061615076402,34.866903644701,
    6.174263858365));
#4467 = CARTESIAN_POINT('',(4.044863178366,34.863267181774,
    6.190512578128));
#4468 = CARTESIAN_POINT('',(4.027779896865,34.859856723421,
    6.206550512774));
#4469 = CARTESIAN_POINT('',(4.010372731311,34.856675971012,
    6.222365065314));
#4470 = CARTESIAN_POINT('',(3.992650151338,34.853728318731,
    6.237943769044));
#4471 = CARTESIAN_POINT('',(3.934873296403,34.845038774135,
    6.287074116211));
#4472 = CARTESIAN_POINT('',(3.893635923565,34.840208475675,
    6.319669144665));
#4473 = CARTESIAN_POINT('',(3.851013968132,34.836559269496,
    6.350924901732));
#4474 = CARTESIAN_POINT('',(3.807130240134,34.834114704969,
    6.380717968134));
#4475 = CARTESIAN_POINT('',(3.76212614548,34.832887230684,6.408938919334
    ));
#4476 = CARTESIAN_POINT('',(3.649355346364,34.832861775897,
    6.474093577916));
#4477 = CARTESIAN_POINT('',(3.5805069119,34.835418016758,6.509183034328)
  );
#4478 = CARTESIAN_POINT('',(3.5101195529,34.840546009152,6.54047168733)
  );
#4479 = CARTESIAN_POINT('',(3.438708869835,34.848189642217,
    6.567787407484));
#4480 = CARTESIAN_POINT('',(3.36678715732,34.858247527587,6.591060862969
    ));
#4481 = CARTESIAN_POINT('',(3.259815146298,34.876591839364,
    6.619681446502));
#4482 = CARTESIAN_POINT('',(3.224775436384,34.883140401191,
    6.628100427475));
#4483 = CARTESIAN_POINT('',(3.189782535435,34.89021458124,6.635568457747
    ));
#4484 = CARTESIAN_POINT('',(3.154887267622,34.89779810491,6.642092615991
    ));
#4485 = CARTESIAN_POINT('',(3.120137008547,34.905873790984,
    6.647684041072));
#4486 = CARTESIAN_POINT('',(3.020691673917,34.930474521713,
    6.661132503336));
#4487 = CARTESIAN_POINT('',(2.956474149333,34.948196556766,
    6.666672337802));
#4488 = CARTESIAN_POINT('',(2.893209903598,34.967472166443,
    6.669075648314));
#4489 = CARTESIAN_POINT('',(2.831136962821,34.988180531045,
    6.668476887894));
#4490 = CARTESIAN_POINT('',(2.770448706209,35.010203898754,
    6.665029804149));
#4491 = CARTESIAN_POINT('',(2.638451647953,35.062042704959,
    6.651329702002));
#4492 = CARTESIAN_POINT('',(2.567941687017,35.092479842276,
    6.639686176078));
#4493 = CARTESIAN_POINT('',(2.500044687084,35.124545609951,6.62425330711
    ));
#4494 = CARTESIAN_POINT('',(2.434965498583,35.158054835414,
    6.605330327019));
#4495 = CARTESIAN_POINT('',(2.372850210199,35.192841672294,
    6.583205160817));
#4496 = CARTESIAN_POINT('',(2.269654902341,35.255618636815,
    6.539397538639));
#4497 = CARTESIAN_POINT('',(2.227224941304,35.283106574898,
    6.519014119283));
#4498 = CARTESIAN_POINT('',(2.186552115912,35.311168107553,6.49709635514
    ));
#4499 = CARTESIAN_POINT('',(2.147669785369,35.339747491297,
    6.473747569043));
#4500 = CARTESIAN_POINT('',(2.110603452198,35.368793370663,
    6.449064076761));
#4501 = CARTESIAN_POINT('',(1.986042900873,35.472969755777,
    6.357388046236));
#4502 = CARTESIAN_POINT('',(1.908543905232,35.550352114571,
    6.283652155488));
#4503 = CARTESIAN_POINT('',(1.843126379583,35.629680703067,
    6.203339075698));
#4504 = CARTESIAN_POINT('',(1.789990389385,35.71029458597,6.117617384004
    ));
#4505 = CARTESIAN_POINT('',(1.749242965927,35.791568028287,
    6.027465535904));
#4506 = CARTESIAN_POINT('',(1.700664474439,35.931886233529,
    5.865503501734));
#4507 = CARTESIAN_POINT('',(1.686872971057,35.990888234431,
    5.795475874088));
#4508 = CARTESIAN_POINT('',(1.679784500827,36.049665376101,
    5.723789492251));
#4509 = CARTESIAN_POINT('',(1.679511487734,36.107945897348,
    5.650695734832));
#4510 = CARTESIAN_POINT('',(1.68618847407,36.165416638983,5.57642266647)
  );
#4511 = CARTESIAN_POINT('',(1.704806679134,36.241164712495,
    5.475133588456));
#4512 = CARTESIAN_POINT('',(1.710445749412,36.260484032427,5.44899212043
    ));
#4513 = CARTESIAN_POINT('',(1.716948677249,36.279644934913,
    5.422741654428));
#4514 = CARTESIAN_POINT('',(1.724324580157,36.298629912984,
    5.396390885808));
#4515 = CARTESIAN_POINT('',(1.732583365418,36.317419879766,
    5.369948747884));
#4516 = CARTESIAN_POINT('',(1.753138171499,36.359134880971,
    5.310379160948));
#4517 = CARTESIAN_POINT('',(1.76592728912,36.381940336032,5.277206936049
    ));
#4518 = CARTESIAN_POINT('',(1.780124228412,36.404370960559,
    5.243924866573));
#4519 = CARTESIAN_POINT('',(1.79575109124,36.42638130351,5.210552868364)
  );
#4520 = CARTESIAN_POINT('',(1.812830935858,36.447920035903,
    5.177113643766));
#4521 = CARTESIAN_POINT('',(1.85453697713,36.495139300017,5.10186600946)
  );
#4522 = CARTESIAN_POINT('',(1.87998296477,36.520523756014,5.060037297988
    ));
#4523 = CARTESIAN_POINT('',(1.907772769393,36.54497408916,5.018193709708
    ));
#4524 = CARTESIAN_POINT('',(1.937949566919,36.568357762933,
    4.976400973174));
#4525 = CARTESIAN_POINT('',(1.970544628905,36.590522591943,
    4.934744558607));
#4526 = CARTESIAN_POINT('',(2.032521942962,36.627289640046,
    4.861461578588));
#4527 = CARTESIAN_POINT('',(2.060911807467,36.642456553297,
    4.829737925855));
#4528 = CARTESIAN_POINT('',(2.090741857483,36.656724100028,
    4.798210335535));
#4529 = CARTESIAN_POINT('',(2.122003575028,36.670007133163,
    4.766941661131));
#4530 = CARTESIAN_POINT('',(2.154671050705,36.682217565757,
    4.736006974068));
#4531 = CARTESIAN_POINT('',(2.2067815965,36.699144542562,4.689272955952)
  );
#4532 = CARTESIAN_POINT('',(2.225251216703,36.704692234614,4.67317164332
    ));
#4533 = CARTESIAN_POINT('',(2.244096432231,36.70989946729,4.657202793073
    ));
#4534 = CARTESIAN_POINT('',(2.263307542717,36.714753737032,
    4.641380592497));
#4535 = CARTESIAN_POINT('',(2.282872678213,36.719243184145,4.62572005354
    ));
#4536 = CARTESIAN_POINT('',(2.342831280987,36.731633675764,
    4.579081729167));
#4537 = CARTESIAN_POINT('',(2.384266260236,36.738389502746,
    4.548641175955));
#4538 = CARTESIAN_POINT('',(2.426958271525,36.743532064067,
    4.519051116079));
#4539 = CARTESIAN_POINT('',(2.470755807085,36.746991392173,
    4.490447329258));
#4540 = CARTESIAN_POINT('',(2.515477941395,36.748728306463,
    4.462961262313));
#4541 = CARTESIAN_POINT('',(2.619682702321,36.748762369372,
    4.402765949971));
#4542 = CARTESIAN_POINT('',(2.679665770391,36.74590001163,4.370879905454
    ));
#4543 = CARTESIAN_POINT('',(2.740389374092,36.740154064619,
    4.341330449407));
#4544 = CARTESIAN_POINT('',(2.801417223812,36.731635417042,
    4.314293426923));
#4545 = CARTESIAN_POINT('',(2.862355755224,36.72053173237,4.289866861702
    ));
#4546 = CARTESIAN_POINT('',(2.957719868556,36.699316493819,
    4.255544210729));
#4547 = CARTESIAN_POINT('',(2.992441010424,36.690778057884,
    4.243875394257));
#4548 = CARTESIAN_POINT('',(3.026965607705,36.681497874657,
    4.233089151435));
#4549 = CARTESIAN_POINT('',(3.06124418444,36.671520299566,4.223183686566
    ));
#4550 = CARTESIAN_POINT('',(3.095236121284,36.660889965798,
    4.214151984472));
#4551 = CARTESIAN_POINT('',(3.128908811892,36.649649574457,4.20598379449
    ));
#4552 = PCURVE('',#2514,#4553);
#4553 = DEFINITIONAL_REPRESENTATION('',(#4554),#4687);
#4554 = B_SPLINE_CURVE_WITH_KNOTS('',6,(#4555,#4556,#4557,#4558,#4559,
    #4560,#4561,#4562,#4563,#4564,#4565,#4566,#4567,#4568,#4569,#4570,
    #4571,#4572,#4573,#4574,#4575,#4576,#4577,#4578,#4579,#4580,#4581,
    #4582,#4583,#4584,#4585,#4586,#4587,#4588,#4589,#4590,#4591,#4592,
    #4593,#4594,#4595,#4596,#4597,#4598,#4599,#4600,#4601,#4602,#4603,
    #4604,#4605,#4606,#4607,#4608,#4609,#4610,#4611,#4612,#4613,#4614,
    #4615,#4616,#4617,#4618,#4619,#4620,#4621,#4622,#4623,#4624,#4625,
    #4626,#4627,#4628,#4629,#4630,#4631,#4632,#4633,#4634,#4635,#4636,
    #4637,#4638,#4639,#4640,#4641,#4642,#4643,#4644,#4645,#4646,#4647,
    #4648,#4649,#4650,#4651,#4652,#4653,#4654,#4655,#4656,#4657,#4658,
    #4659,#4660,#4661,#4662,#4663,#4664,#4665,#4666,#4667,#4668,#4669,
    #4670,#4671,#4672,#4673,#4674,#4675,#4676,#4677,#4678,#4679,#4680,
    #4681,#4682,#4683,#4684,#4685,#4686),.UNSPECIFIED.,.F.,.F.,(7,5,5,5,
    5,5,5,5,5,5,5,5,5,5,5,5,5,5,5,5,5,5,5,5,5,5,7),(0.,
    4.069112469134E-02,7.039769801313E-02,9.414543518581E-02,
    0.163845934931,0.254663343015,0.290483718174,0.33840128998,
    0.377309765745,0.398034189035,0.411313716706,0.44059164101,
    0.483145622428,0.50386798027,0.542771285245,0.590682168202,
    0.626498417454,0.717311789161,0.783184800103,0.805961370632,
    0.834337481185,0.869735977244,0.896976341266,0.911456764919,
    0.94059456247,0.978285489352,1.),.UNSPECIFIED.);
#4555 = CARTESIAN_POINT('',(-0.639597521096,-15.64964957445));
#4556 = CARTESIAN_POINT('',(-0.650999649381,-15.62858297613));
#4557 = CARTESIAN_POINT('',(-0.661749886336,-15.60537764201));
#4558 = CARTESIAN_POINT('',(-0.671819134409,-15.5803109558));
#4559 = CARTESIAN_POINT('',(-0.681201465807,-15.55364008084));
#4560 = CARTESIAN_POINT('',(-0.689906428163,-15.52558968872));
#4561 = CARTESIAN_POINT('',(-0.703824549032,-15.47498571219));
#4562 = CARTESIAN_POINT('',(-0.709345533435,-15.4529937604));
#4563 = CARTESIAN_POINT('',(-0.714521304472,-15.43043500861));
#4564 = CARTESIAN_POINT('',(-0.719359641158,-15.40737297688));
#4565 = CARTESIAN_POINT('',(-0.723869100455,-15.38386352927));
#4566 = CARTESIAN_POINT('',(-0.731408479428,-15.34084205135));
#4567 = CARTESIAN_POINT('',(-0.734553595814,-15.32147452155));
#4568 = CARTESIAN_POINT('',(-0.737498973174,-15.30187715571));
#4569 = CARTESIAN_POINT('',(-0.740249146423,-15.28207280006));
#4570 = CARTESIAN_POINT('',(-0.742808578632,-15.2620822758));
#4571 = CARTESIAN_POINT('',(-0.752146746946,-15.1827601961));
#4572 = CARTESIAN_POINT('',(-0.757505313496,-15.12216427766));
#4573 = CARTESIAN_POINT('',(-0.761370462386,-15.06059725558));
#4574 = CARTESIAN_POINT('',(-0.763836553609,-14.99843736788));
#4575 = CARTESIAN_POINT('',(-0.764986730538,-14.93600892954));
#4576 = CARTESIAN_POINT('',(-0.764758538736,-14.79225607859));
#4577 = CARTESIAN_POINT('',(-0.762508650973,-14.71097339599));
#4578 = CARTESIAN_POINT('',(-0.758288905618,-14.63034694142));
#4579 = CARTESIAN_POINT('',(-0.752204164202,-14.5510025048));
#4580 = CARTESIAN_POINT('',(-0.744342089083,-14.47360085573));
#4581 = CARTESIAN_POINT('',(-0.730973642804,-14.36939012282));
#4582 = CARTESIAN_POINT('',(-0.726924454938,-14.34033249281));
#4583 = CARTESIAN_POINT('',(-0.722611100625,-14.31174080302));
#4584 = CARTESIAN_POINT('',(-0.718036982084,-14.283666388));
#4585 = CARTESIAN_POINT('',(-0.713205333492,-14.25616496588));
#4586 = CARTESIAN_POINT('',(-0.701315653542,-14.19335412936));
#4587 = CARTESIAN_POINT('',(-0.694057173123,-14.15854646449));
#4588 = CARTESIAN_POINT('',(-0.686351191994,-14.12501527982));
#4589 = CARTESIAN_POINT('',(-0.678206435546,-14.09292635352));
#4590 = CARTESIAN_POINT('',(-0.669634318069,-14.06246479984));
#4591 = CARTESIAN_POINT('',(-0.653355252716,-14.01057957102));
#4592 = CARTESIAN_POINT('',(-0.645789004551,-13.98853462393));
#4593 = CARTESIAN_POINT('',(-0.637960412147,-13.9678037964));
#4594 = CARTESIAN_POINT('',(-0.629881191042,-13.94850484424));
#4595 = CARTESIAN_POINT('',(-0.621566961579,-13.93075862732));
#4596 = CARTESIAN_POINT('',(-0.608495653877,-13.90611996577));
#4597 = CARTESIAN_POINT('',(-0.603892162292,-13.89803103869));
#4598 = CARTESIAN_POINT('',(-0.599231065354,-13.89043404174));
#4599 = CARTESIAN_POINT('',(-0.594515966007,-13.88334617296));
#4600 = CARTESIAN_POINT('',(-0.589750899732,-13.87678372871));
#4601 = CARTESIAN_POINT('',(-0.581857882848,-13.8669036447));
#4602 = CARTESIAN_POINT('',(-0.57875675016,-13.86326718177));
#4603 = CARTESIAN_POINT('',(-0.575638120189,-13.85985672342));
#4604 = CARTESIAN_POINT('',(-0.572503244968,-13.85667597101));
#4605 = CARTESIAN_POINT('',(-0.569353444849,-13.85372831873));
#4606 = CARTESIAN_POINT('',(-0.559215769925,-13.84503877413));
#4607 = CARTESIAN_POINT('',(-0.55217531865,-13.84020847567));
#4608 = CARTESIAN_POINT('',(-0.54508422207,-13.83655926949));
#4609 = CARTESIAN_POINT('',(-0.537958532744,-13.83411470496));
#4610 = CARTESIAN_POINT('',(-0.530815111078,-13.83288723068));
#4611 = CARTESIAN_POINT('',(-0.51328947663,-13.83286177589));
#4612 = CARTESIAN_POINT('',(-0.502905369237,-13.83541801675));
#4613 = CARTESIAN_POINT('',(-0.492576157582,-13.84054600915));
#4614 = CARTESIAN_POINT('',(-0.482352229364,-13.84818964221));
#4615 = CARTESIAN_POINT('',(-0.472279213204,-13.85824752758));
#4616 = CARTESIAN_POINT('',(-0.457588357815,-13.87659183936));
#4617 = CARTESIAN_POINT('',(-0.452822651527,-13.88314040119));
#4618 = CARTESIAN_POINT('',(-0.44810681781,-13.89021458124));
#4619 = CARTESIAN_POINT('',(-0.443444897323,-13.89779810491));
#4620 = CARTESIAN_POINT('',(-0.438840498316,-13.90587379098));
#4621 = CARTESIAN_POINT('',(-0.425766637388,-13.93047452171));
#4622 = CARTESIAN_POINT('',(-0.41745054875,-13.94819655676));
#4623 = CARTESIAN_POINT('',(-0.409369211298,-13.96747216644));
#4624 = CARTESIAN_POINT('',(-0.401538274372,-13.98818053104));
#4625 = CARTESIAN_POINT('',(-0.393969477621,-14.01020389875));
#4626 = CARTESIAN_POINT('',(-0.377684374341,-14.06204270495));
#4627 = CARTESIAN_POINT('',(-0.369108665811,-14.09247984227));
#4628 = CARTESIAN_POINT('',(-0.360960065938,-14.12454560995));
#4629 = CARTESIAN_POINT('',(-0.353250008627,-14.15805483541));
#4630 = CARTESIAN_POINT('',(-0.345987227847,-14.19284167229));
#4631 = CARTESIAN_POINT('',(-0.334089517425,-14.25561863681));
#4632 = CARTESIAN_POINT('',(-0.329254249863,-14.28310657489));
#4633 = CARTESIAN_POINT('',(-0.324676399726,-14.31116810755));
#4634 = CARTESIAN_POINT('',(-0.320359199089,-14.33974749129));
#4635 = CARTESIAN_POINT('',(-0.316306046139,-14.36879337066));
#4636 = CARTESIAN_POINT('',(-0.302922462782,-14.47296975577));
#4637 = CARTESIAN_POINT('',(-0.295048789146,-14.55035211457));
#4638 = CARTESIAN_POINT('',(-0.288951807829,-14.62968070306));
#4639 = CARTESIAN_POINT('',(-0.284719055423,-14.71029458597));
#4640 = CARTESIAN_POINT('',(-0.282455236947,-14.79156802828));
#4641 = CARTESIAN_POINT('',(-0.282206499393,-14.93188623352));
#4642 = CARTESIAN_POINT('',(-0.283217257073,-14.99088823443));
#4643 = CARTESIAN_POINT('',(-0.285399668725,-15.0496653761));
#4644 = CARTESIAN_POINT('',(-0.288822906388,-15.10794589734));
#4645 = CARTESIAN_POINT('',(-0.293565434698,-15.16541663898));
#4646 = CARTESIAN_POINT('',(-0.301848757487,-15.24116471249));
#4647 = CARTESIAN_POINT('',(-0.304145755839,-15.26048403242));
#4648 = CARTESIAN_POINT('',(-0.30661532982,-15.27964493491));
#4649 = CARTESIAN_POINT('',(-0.309261362694,-15.29862991298));
#4650 = CARTESIAN_POINT('',(-0.312087825145,-15.31741987976));
#4651 = CARTESIAN_POINT('',(-0.318849956945,-15.35913488097));
#4652 = CARTESIAN_POINT('',(-0.322887344384,-15.38194033603));
#4653 = CARTESIAN_POINT('',(-0.32721899003,-15.40437096055));
#4654 = CARTESIAN_POINT('',(-0.331852540877,-15.42638130351));
#4655 = CARTESIAN_POINT('',(-0.336795238475,-15.4479200359));
#4656 = CARTESIAN_POINT('',(-0.348613992734,-15.49513930001));
#4657 = CARTESIAN_POINT('',(-0.355665249705,-15.52052375601));
#4658 = CARTESIAN_POINT('',(-0.363220776686,-15.54497408916));
#4659 = CARTESIAN_POINT('',(-0.371290364656,-15.56835776293));
#4660 = CARTESIAN_POINT('',(-0.379877339571,-15.59052259194));
#4661 = CARTESIAN_POINT('',(-0.395976659388,-15.62728964004));
#4662 = CARTESIAN_POINT('',(-0.403280158226,-15.64245655329));
#4663 = CARTESIAN_POINT('',(-0.410882490844,-15.65672410002));
#4664 = CARTESIAN_POINT('',(-0.418775601428,-15.67000713316));
#4665 = CARTESIAN_POINT('',(-0.426945272066,-15.68221756575));
#4666 = CARTESIAN_POINT('',(-0.439847828367,-15.69914454256));
#4667 = CARTESIAN_POINT('',(-0.444397960973,-15.70469223461));
#4668 = CARTESIAN_POINT('',(-0.449016683961,-15.70989946729));
#4669 = CARTESIAN_POINT('',(-0.453700017233,-15.71475373703));
#4670 = CARTESIAN_POINT('',(-0.458443332028,-15.71924318414));
#4671 = CARTESIAN_POINT('',(-0.472896020318,-15.73163367576));
#4672 = CARTESIAN_POINT('',(-0.482773360453,-15.73838950274));
#4673 = CARTESIAN_POINT('',(-0.492828217388,-15.74353206406));
#4674 = CARTESIAN_POINT('',(-0.503007180581,-15.74699139217));
#4675 = CARTESIAN_POINT('',(-0.51325029487,-15.74872830646));
#4676 = CARTESIAN_POINT('',(-0.536741834015,-15.74876236937));
#4677 = CARTESIAN_POINT('',(-0.549994735887,-15.74590001163));
#4678 = CARTESIAN_POINT('',(-0.563108279541,-15.74015406461));
#4679 = CARTESIAN_POINT('',(-0.575956333343,-15.73163541704));
#4680 = CARTESIAN_POINT('',(-0.588434250476,-15.72053173237));
#4681 = CARTESIAN_POINT('',(-0.607393459724,-15.69931649381));
#4682 = CARTESIAN_POINT('',(-0.614175871194,-15.690778058));
#4683 = CARTESIAN_POINT('',(-0.620796585204,-15.68149787456));
#4684 = CARTESIAN_POINT('',(-0.627245071976,-15.67152029941));
#4685 = CARTESIAN_POINT('',(-0.633513748846,-15.66088996599));
#4686 = CARTESIAN_POINT('',(-0.639597521096,-15.64964957445));
#4687 = ( GEOMETRIC_REPRESENTATION_CONTEXT(2) 
PARAMETRIC_REPRESENTATION_CONTEXT() REPRESENTATION_CONTEXT('2D SPACE',''
  ) );
#4688 = PCURVE('',#4689,#4694);
#4689 = CYLINDRICAL_SURFACE('',#4690,1.5);
#4690 = AXIS2_PLACEMENT_3D('',#4691,#4692,#4693);
#4691 = CARTESIAN_POINT('',(6.689546463675,44.254666676608,
    11.586634354679));
#4692 = DIRECTION('',(-0.321393804843,-0.766044443119,-0.556670399226));
#4693 = DIRECTION('',(-2.775557561563E-17,0.587858883153,-0.808963493304
    ));
#4694 = DEFINITIONAL_REPRESENTATION('',(#4695),#4828);
#4695 = B_SPLINE_CURVE_WITH_KNOTS('',6,(#4696,#4697,#4698,#4699,#4700,
    #4701,#4702,#4703,#4704,#4705,#4706,#4707,#4708,#4709,#4710,#4711,
    #4712,#4713,#4714,#4715,#4716,#4717,#4718,#4719,#4720,#4721,#4722,
    #4723,#4724,#4725,#4726,#4727,#4728,#4729,#4730,#4731,#4732,#4733,
    #4734,#4735,#4736,#4737,#4738,#4739,#4740,#4741,#4742,#4743,#4744,
    #4745,#4746,#4747,#4748,#4749,#4750,#4751,#4752,#4753,#4754,#4755,
    #4756,#4757,#4758,#4759,#4760,#4761,#4762,#4763,#4764,#4765,#4766,
    #4767,#4768,#4769,#4770,#4771,#4772,#4773,#4774,#4775,#4776,#4777,
    #4778,#4779,#4780,#4781,#4782,#4783,#4784,#4785,#4786,#4787,#4788,
    #4789,#4790,#4791,#4792,#4793,#4794,#4795,#4796,#4797,#4798,#4799,
    #4800,#4801,#4802,#4803,#4804,#4805,#4806,#4807,#4808,#4809,#4810,
    #4811,#4812,#4813,#4814,#4815,#4816,#4817,#4818,#4819,#4820,#4821,
    #4822,#4823,#4824,#4825,#4826,#4827),.UNSPECIFIED.,.F.,.F.,(7,5,5,5,
    5,5,5,5,5,5,5,5,5,5,5,5,5,5,5,5,5,5,5,5,5,5,7),(0.,
    4.069112469134E-02,7.039769801313E-02,9.414543518581E-02,
    0.163845934931,0.254663343015,0.290483718174,0.33840128998,
    0.377309765745,0.398034189035,0.411313716706,0.44059164101,
    0.483145622428,0.50386798027,0.542771285245,0.590682168202,
    0.626498417454,0.717311789161,0.783184800103,0.805961370632,
    0.834337481185,0.869735977244,0.896976341266,0.911456764919,
    0.94059456247,0.978285489352,1.),.UNSPECIFIED.);
#4696 = CARTESIAN_POINT('',(-8.881784197001E-16,11.078737667393));
#4697 = CARTESIAN_POINT('',(4.542019389799E-02,11.083114709386));
#4698 = CARTESIAN_POINT('',(9.011228895789E-02,11.087804473077));
#4699 = CARTESIAN_POINT('',(0.134085826443,11.092698283311));
#4700 = CARTESIAN_POINT('',(0.177369172301,11.097696293151));
#4701 = CARTESIAN_POINT('',(0.220007788234,11.102711572552));
#4702 = CARTESIAN_POINT('',(0.292764565438,11.111297163179));
#4703 = CARTESIAN_POINT('',(0.323153891334,11.114891719697));
#4704 = CARTESIAN_POINT('',(0.353252860838,11.11843037476));
#4705 = CARTESIAN_POINT('',(0.383083967826,11.121888998388));
#4706 = CARTESIAN_POINT('',(0.412669819659,11.125246822437));
#4707 = CARTESIAN_POINT('',(0.465506472186,11.131076224337));
#4708 = CARTESIAN_POINT('',(0.488837318444,11.133590360316));
#4709 = CARTESIAN_POINT('',(0.512037049218,11.136019889556));
#4710 = CARTESIAN_POINT('',(0.535116674847,11.138356877235));
#4711 = CARTESIAN_POINT('',(0.558086842755,11.140594412689));
#4712 = CARTESIAN_POINT('',(0.648085065115,11.148984686809));
#4713 = CARTESIAN_POINT('',(0.71434744185,11.154334107005));
#4714 = CARTESIAN_POINT('',(0.780028147546,11.158626857716));
#4715 = CARTESIAN_POINT('',(0.845336472462,11.161774911007));
#4716 = CARTESIAN_POINT('',(0.910468204839,11.163738141161));
#4717 = CARTESIAN_POINT('',(1.060534276562,11.165523204457));
#4718 = CARTESIAN_POINT('',(1.145452559356,11.164515607423));
#4719 = CARTESIAN_POINT('',(1.230846203878,11.161486584686));
#4720 = CARTESIAN_POINT('',(1.317066436121,11.156535472771));
#4721 = CARTESIAN_POINT('',(1.4044540086,11.1498703823));
#4722 = CARTESIAN_POINT('',(1.528538760259,11.138620072637));
#4723 = CARTESIAN_POINT('',(1.563880934178,11.135220029108));
#4724 = CARTESIAN_POINT('',(1.599490561257,11.13162162088));
#4725 = CARTESIAN_POINT('',(1.635389664489,11.127847298352));
#4726 = CARTESIAN_POINT('',(1.671599676395,11.123922576468));
#4727 = CARTESIAN_POINT('',(1.757026123924,11.114463053383));
#4728 = CARTESIAN_POINT('',(1.806502547229,11.108832488513));
#4729 = CARTESIAN_POINT('',(1.85662537675,11.103052406397));
#4730 = CARTESIAN_POINT('',(1.907437311216,11.097202949773));
#4731 = CARTESIAN_POINT('',(1.95897111827,11.091374647114));
#4732 = CARTESIAN_POINT('',(2.053701208347,11.081031839665));
#4733 = CARTESIAN_POINT('',(2.09664134553,11.076476571515));
#4734 = CARTESIAN_POINT('',(2.140079912871,11.072053912031));
#4735 = CARTESIAN_POINT('',(2.18401622034,11.067821399571));
#4736 = CARTESIAN_POINT('',(2.228437005288,11.063837849046));
#4737 = CARTESIAN_POINT('',(2.29721641971,11.058201239604));
#4738 = CARTESIAN_POINT('',(2.321248568339,11.0563290566));
#4739 = CARTESIAN_POINT('',(2.345405045987,11.05455232944));
#4740 = CARTESIAN_POINT('',(2.369679779248,11.05287933197));
#4741 = CARTESIAN_POINT('',(2.394065298187,11.051317882995));
#4742 = CARTESIAN_POINT('',(2.434243479948,11.048951016277));
#4743 = CARTESIAN_POINT('',(2.449976067504,11.048075483426));
#4744 = CARTESIAN_POINT('',(2.465748129565,11.047250663454));
#4745 = CARTESIAN_POINT('',(2.481557073658,11.046478323055));
#4746 = CARTESIAN_POINT('',(2.497400084275,11.045760079889));
#4747 = CARTESIAN_POINT('',(2.548272272803,11.043636370508));
#4748 = CARTESIAN_POINT('',(2.583422817998,11.042445342458));
#4749 = CARTESIAN_POINT('',(2.618690135773,11.041540074235));
#4750 = CARTESIAN_POINT('',(2.654038360532,11.04093175945));
#4751 = CARTESIAN_POINT('',(2.689429000226,11.040626328349));
#4752 = CARTESIAN_POINT('',(2.776255476669,11.040619994246));
#4753 = CARTESIAN_POINT('',(2.827700276467,11.04125599874));
#4754 = CARTESIAN_POINT('',(2.879011256819,11.042532322825));
#4755 = CARTESIAN_POINT('',(2.930076562804,11.044422058484));
#4756 = CARTESIAN_POINT('',(2.980799585794,11.046876820367));
#4757 = CARTESIAN_POINT('',(3.055571367758,11.05127217224));
#4758 = CARTESIAN_POINT('',(3.079956648191,11.052830631032));
#4759 = CARTESIAN_POINT('',(3.10423132543,11.054500764902));
#4760 = CARTESIAN_POINT('',(3.128387910467,11.056274765854));
#4761 = CARTESIAN_POINT('',(3.152420310443,11.058144368565));
#4762 = CARTESIAN_POINT('',(3.221199313677,11.063773869106));
#4763 = CARTESIAN_POINT('',(3.265619785118,11.067753255333));
#4764 = CARTESIAN_POINT('',(3.309556117476,11.071982166478));
#4765 = CARTESIAN_POINT('',(3.352994938589,11.076401809664));
#4766 = CARTESIAN_POINT('',(3.395935464016,11.080954650398));
#4767 = CARTESIAN_POINT('',(3.490666170898,11.091293299079));
#4768 = CARTESIAN_POINT('',(3.542200247269,11.097120170022));
#4769 = CARTESIAN_POINT('',(3.593012388419,11.102969063356));
#4770 = CARTESIAN_POINT('',(3.643135258497,11.108749418287));
#4771 = CARTESIAN_POINT('',(3.692611482081,11.114381049177));
#4772 = CARTESIAN_POINT('',(3.778037947203,11.123843843511));
#4773 = CARTESIAN_POINT('',(3.814248293955,11.127770434097));
#4774 = CARTESIAN_POINT('',(3.850147527863,11.131547017563));
#4775 = CARTESIAN_POINT('',(3.885757064865,11.135148057691));
#4776 = CARTESIAN_POINT('',(3.921098914669,11.138551082559));
#4777 = CARTESIAN_POINT('',(4.045187949015,11.149813663674));
#4778 = CARTESIAN_POINT('',(4.132578555604,11.156489622546));
#4779 = CARTESIAN_POINT('',(4.218799942062,11.161453099809));
#4780 = CARTESIAN_POINT('',(4.304192757213,11.164495589174));
#4781 = CARTESIAN_POINT('',(4.389108111309,11.165517355051));
#4782 = CARTESIAN_POINT('',(4.535589537706,11.16379967009));
#4783 = CARTESIAN_POINT('',(4.597145489864,11.162016326351));
#4784 = CARTESIAN_POINT('',(4.658847220153,11.159174300807));
#4785 = CARTESIAN_POINT('',(4.720859663049,11.155305707203));
#4786 = CARTESIAN_POINT('',(4.78335924463,11.150480241505));
#4787 = CARTESIAN_POINT('',(4.868436299222,11.142854706445));
#4788 = CARTESIAN_POINT('',(4.890380010836,11.140795067956));
#4789 = CARTESIAN_POINT('',(4.912417625632,11.13863982175));
#4790 = CARTESIAN_POINT('',(4.934558347657,11.136394608184));
#4791 = CARTESIAN_POINT('',(4.956811705537,11.134065891601));
#4792 = CARTESIAN_POINT('',(5.007064422944,11.128664785141));
#4793 = CARTESIAN_POINT('',(5.035131119299,11.125550445523));
#4794 = CARTESIAN_POINT('',(5.063406992394,11.122331924814));
#4795 = CARTESIAN_POINT('',(5.091911584257,11.119025850569));
#4796 = CARTESIAN_POINT('',(5.120664628085,11.115651494567));
#4797 = CARTESIAN_POINT('',(5.185889552081,11.107963507025));
#4798 = CARTESIAN_POINT('',(5.222508448003,11.103624508296));
#4799 = CARTESIAN_POINT('',(5.259584228433,11.099256082406));
#4800 = CARTESIAN_POINT('',(5.297151037792,11.094909292608));
#4801 = CARTESIAN_POINT('',(5.335236075067,11.09064309045));
#4802 = CARTESIAN_POINT('',(5.403582436438,11.083353238525));
#4803 = CARTESIAN_POINT('',(5.433622261046,11.080270000769));
#4804 = CARTESIAN_POINT('',(5.463986722518,11.077303708896));
#4805 = CARTESIAN_POINT('',(5.494676286588,11.074487338291));
#4806 = CARTESIAN_POINT('',(5.525682858714,11.071854904549));
#4807 = CARTESIAN_POINT('',(5.573629192483,11.068155525965));
#4808 = CARTESIAN_POINT('',(5.590354574302,11.066932849916));
#4809 = CARTESIAN_POINT('',(5.607161184597,11.065776528982));
#4810 = CARTESIAN_POINT('',(5.624045084268,11.064691361437));
#4811 = CARTESIAN_POINT('',(5.64100136635,11.063681890558));
#4812 = CARTESIAN_POINT('',(5.692277753202,11.060882074475));
#4813 = CARTESIAN_POINT('',(5.726804924329,11.059335220031));
#4814 = CARTESIAN_POINT('',(5.761549111144,11.058146752008));
#4815 = CARTESIAN_POINT('',(5.79644850207,11.057343377768));
#4816 = CARTESIAN_POINT('',(5.831431336051,11.056940087181));
#4817 = CARTESIAN_POINT('',(5.911659092193,11.056932177435));
#4818 = CARTESIAN_POINT('',(5.956917819417,11.057596701335));
#4819 = CARTESIAN_POINT('',(6.001992300365,11.05893146957));
#4820 = CARTESIAN_POINT('',(6.046736066853,11.060893869487));
#4821 = CARTESIAN_POINT('',(6.091034568044,11.063412064769));
#4822 = CARTESIAN_POINT('',(6.159995981343,11.068120848961));
#4823 = CARTESIAN_POINT('',(6.185027427232,11.069998195193));
#4824 = CARTESIAN_POINT('',(6.209868891461,11.072015618402));
#4825 = CARTESIAN_POINT('',(6.234511515022,11.074156041238));
#4826 = CARTESIAN_POINT('',(6.258950698664,11.076402232643));
#4827 = CARTESIAN_POINT('',(6.28318530718,11.078737667393));
#4828 = ( GEOMETRIC_REPRESENTATION_CONTEXT(2) 
PARAMETRIC_REPRESENTATION_CONTEXT() REPRESENTATION_CONTEXT('2D SPACE',''
  ) );
#4829 = ADVANCED_FACE('',(#4830),#907,.F.);
#4830 = FACE_BOUND('',#4831,.F.);
#4831 = EDGE_LOOP('',(#4832,#4833));
#4832 = ORIENTED_EDGE('',*,*,#890,.F.);
#4833 = ORIENTED_EDGE('',*,*,#4834,.T.);
#4834 = EDGE_CURVE('',#891,#893,#4835,.T.);
#4835 = SURFACE_CURVE('',#4836,(#4841,#4848),.PCURVE_S1.);
#4836 = CIRCLE('',#4837,4.3);
#4837 = AXIS2_PLACEMENT_3D('',#4838,#4839,#4840);
#4838 = CARTESIAN_POINT('',(9.742787609687,51.532088886238,
    -16.87500314733));
#4839 = DIRECTION('',(0.321393804843,0.766044443119,-0.556670399226));
#4840 = DIRECTION('',(-5.551115123126E-17,0.587858883153,0.808963493304)
  );
#4841 = PCURVE('',#907,#4842);
#4842 = DEFINITIONAL_REPRESENTATION('',(#4843),#4847);
#4843 = CIRCLE('',#4844,4.3);
#4844 = AXIS2_PLACEMENT_2D('',#4845,#4846);
#4845 = CARTESIAN_POINT('',(0.,0.));
#4846 = DIRECTION('',(1.,0.));
#4847 = ( GEOMETRIC_REPRESENTATION_CONTEXT(2) 
PARAMETRIC_REPRESENTATION_CONTEXT() REPRESENTATION_CONTEXT('2D SPACE',''
  ) );
#4848 = PCURVE('',#936,#4849);
#4849 = DEFINITIONAL_REPRESENTATION('',(#4850),#4854);
#4850 = LINE('',#4851,#4852);
#4851 = CARTESIAN_POINT('',(0.,3.2));
#4852 = VECTOR('',#4853,1.);
#4853 = DIRECTION('',(1.,0.));
#4854 = ( GEOMETRIC_REPRESENTATION_CONTEXT(2) 
PARAMETRIC_REPRESENTATION_CONTEXT() REPRESENTATION_CONTEXT('2D SPACE',''
  ) );
#4855 = ADVANCED_FACE('',(#4856),#936,.F.);
#4856 = FACE_BOUND('',#4857,.F.);
#4857 = EDGE_LOOP('',(#4858,#4859,#4860,#4882));
#4858 = ORIENTED_EDGE('',*,*,#4834,.F.);
#4859 = ORIENTED_EDGE('',*,*,#919,.F.);
#4860 = ORIENTED_EDGE('',*,*,#4861,.T.);
#4861 = EDGE_CURVE('',#920,#1044,#4862,.T.);
#4862 = SURFACE_CURVE('',#4863,(#4868,#4875),.PCURVE_S1.);
#4863 = CIRCLE('',#4864,4.3);
#4864 = AXIS2_PLACEMENT_3D('',#4865,#4866,#4867);
#4865 = CARTESIAN_POINT('',(8.714327434188,49.080746668257,
    -15.0936578698));
#4866 = DIRECTION('',(0.321393804843,0.766044443119,-0.556670399226));
#4867 = DIRECTION('',(-5.551115123126E-17,0.587858883153,0.808963493304)
  );
#4868 = PCURVE('',#936,#4869);
#4869 = DEFINITIONAL_REPRESENTATION('',(#4870),#4874);
#4870 = LINE('',#4871,#4872);
#4871 = CARTESIAN_POINT('',(0.,0.));
#4872 = VECTOR('',#4873,1.);
#4873 = DIRECTION('',(1.,0.));
#4874 = ( GEOMETRIC_REPRESENTATION_CONTEXT(2) 
PARAMETRIC_REPRESENTATION_CONTEXT() REPRESENTATION_CONTEXT('2D SPACE',''
  ) );
#4875 = PCURVE('',#969,#4876);
#4876 = DEFINITIONAL_REPRESENTATION('',(#4877),#4881);
#4877 = CIRCLE('',#4878,4.3);
#4878 = AXIS2_PLACEMENT_2D('',#4879,#4880);
#4879 = CARTESIAN_POINT('',(0.,0.));
#4880 = DIRECTION('',(1.,-5.551115123126E-17));
#4881 = ( GEOMETRIC_REPRESENTATION_CONTEXT(2) 
PARAMETRIC_REPRESENTATION_CONTEXT() REPRESENTATION_CONTEXT('2D SPACE',''
  ) );
#4882 = ORIENTED_EDGE('',*,*,#1065,.F.);
#4883 = ADVANCED_FACE('',(#4884),#969,.F.);
#4884 = FACE_BOUND('',#4885,.F.);
#4885 = EDGE_LOOP('',(#4886,#4887,#4909,#4910));
#4886 = ORIENTED_EDGE('',*,*,#953,.F.);
#4887 = ORIENTED_EDGE('',*,*,#4888,.T.);
#4888 = EDGE_CURVE('',#954,#1014,#4889,.T.);
#4889 = SURFACE_CURVE('',#4890,(#4895,#4902),.PCURVE_S1.);
#4890 = CIRCLE('',#4891,4.8);
#4891 = AXIS2_PLACEMENT_3D('',#4892,#4893,#4894);
#4892 = CARTESIAN_POINT('',(8.714327434188,49.080746668257,
    -15.0936578698));
#4893 = DIRECTION('',(0.321393804843,0.766044443119,-0.556670399226));
#4894 = DIRECTION('',(-5.551115123126E-17,0.587858883153,0.808963493304)
  );
#4895 = PCURVE('',#969,#4896);
#4896 = DEFINITIONAL_REPRESENTATION('',(#4897),#4901);
#4897 = CIRCLE('',#4898,4.8);
#4898 = AXIS2_PLACEMENT_2D('',#4899,#4900);
#4899 = CARTESIAN_POINT('',(0.,0.));
#4900 = DIRECTION('',(1.,0.));
#4901 = ( GEOMETRIC_REPRESENTATION_CONTEXT(2) 
PARAMETRIC_REPRESENTATION_CONTEXT() REPRESENTATION_CONTEXT('2D SPACE',''
  ) );
#4902 = PCURVE('',#997,#4903);
#4903 = DEFINITIONAL_REPRESENTATION('',(#4904),#4908);
#4904 = LINE('',#4905,#4906);
#4905 = CARTESIAN_POINT('',(0.,6.3));
#4906 = VECTOR('',#4907,1.);
#4907 = DIRECTION('',(1.,0.));
#4908 = ( GEOMETRIC_REPRESENTATION_CONTEXT(2) 
PARAMETRIC_REPRESENTATION_CONTEXT() REPRESENTATION_CONTEXT('2D SPACE',''
  ) );
#4909 = ORIENTED_EDGE('',*,*,#1043,.F.);
#4910 = ORIENTED_EDGE('',*,*,#4861,.F.);
#4911 = ADVANCED_FACE('',(#4912),#997,.F.);
#4912 = FACE_BOUND('',#4913,.F.);
#4913 = EDGE_LOOP('',(#4914,#4915,#4916,#4939,#4966,#4967));
#4914 = ORIENTED_EDGE('',*,*,#4888,.F.);
#4915 = ORIENTED_EDGE('',*,*,#980,.F.);
#4916 = ORIENTED_EDGE('',*,*,#4917,.F.);
#4917 = EDGE_CURVE('',#4918,#981,#4920,.T.);
#4918 = VERTEX_POINT('',#4919);
#4919 = CARTESIAN_POINT('',(6.689546463675,47.07638931574,
    -7.703609586819));
#4920 = SEAM_CURVE('',#4921,(#4925,#4932),.PCURVE_S1.);
#4921 = LINE('',#4922,#4923);
#4922 = CARTESIAN_POINT('',(6.689546463675,47.07638931574,
    -7.703609586819));
#4923 = VECTOR('',#4924,1.);
#4924 = DIRECTION('',(0.321393804843,0.766044443119,-0.556670399226));
#4925 = PCURVE('',#997,#4926);
#4926 = DEFINITIONAL_REPRESENTATION('',(#4927),#4931);
#4927 = LINE('',#4928,#4929);
#4928 = CARTESIAN_POINT('',(6.28318530718,-0.));
#4929 = VECTOR('',#4930,1.);
#4930 = DIRECTION('',(0.,1.));
#4931 = ( GEOMETRIC_REPRESENTATION_CONTEXT(2) 
PARAMETRIC_REPRESENTATION_CONTEXT() REPRESENTATION_CONTEXT('2D SPACE',''
  ) );
#4932 = PCURVE('',#997,#4933);
#4933 = DEFINITIONAL_REPRESENTATION('',(#4934),#4938);
#4934 = LINE('',#4935,#4936);
#4935 = CARTESIAN_POINT('',(0.,-0.));
#4936 = VECTOR('',#4937,1.);
#4937 = DIRECTION('',(0.,1.));
#4938 = ( GEOMETRIC_REPRESENTATION_CONTEXT(2) 
PARAMETRIC_REPRESENTATION_CONTEXT() REPRESENTATION_CONTEXT('2D SPACE',''
  ) );
#4939 = ORIENTED_EDGE('',*,*,#4940,.T.);
#4940 = EDGE_CURVE('',#4918,#4918,#4941,.T.);
#4941 = SURFACE_CURVE('',#4942,(#4947,#4954),.PCURVE_S1.);
#4942 = CIRCLE('',#4943,4.8);
#4943 = AXIS2_PLACEMENT_3D('',#4944,#4945,#4946);
#4944 = CARTESIAN_POINT('',(6.689546463675,44.254666676608,
    -11.58663435467));
#4945 = DIRECTION('',(0.321393804843,0.766044443119,-0.556670399226));
#4946 = DIRECTION('',(-5.551115123126E-17,0.587858883153,0.808963493304)
  );
#4947 = PCURVE('',#997,#4948);
#4948 = DEFINITIONAL_REPRESENTATION('',(#4949),#4953);
#4949 = LINE('',#4950,#4951);
#4950 = CARTESIAN_POINT('',(0.,0.));
#4951 = VECTOR('',#4952,1.);
#4952 = DIRECTION('',(1.,0.));
#4953 = ( GEOMETRIC_REPRESENTATION_CONTEXT(2) 
PARAMETRIC_REPRESENTATION_CONTEXT() REPRESENTATION_CONTEXT('2D SPACE',''
  ) );
#4954 = PCURVE('',#4955,#4960);
#4955 = PLANE('',#4956);
#4956 = AXIS2_PLACEMENT_3D('',#4957,#4958,#4959);
#4957 = CARTESIAN_POINT('',(6.689546463675,44.254666676608,
    -11.58663435467));
#4958 = DIRECTION('',(0.321393804843,0.766044443119,-0.556670399226));
#4959 = DIRECTION('',(-2.775557561563E-17,0.587858883153,0.808963493304)
  );
#4960 = DEFINITIONAL_REPRESENTATION('',(#4961),#4965);
#4961 = CIRCLE('',#4962,4.8);
#4962 = AXIS2_PLACEMENT_2D('',#4963,#4964);
#4963 = CARTESIAN_POINT('',(0.,0.));
#4964 = DIRECTION('',(1.,0.));
#4965 = ( GEOMETRIC_REPRESENTATION_CONTEXT(2) 
PARAMETRIC_REPRESENTATION_CONTEXT() REPRESENTATION_CONTEXT('2D SPACE',''
  ) );
#4966 = ORIENTED_EDGE('',*,*,#4917,.T.);
#4967 = ORIENTED_EDGE('',*,*,#1013,.F.);
#4968 = ADVANCED_FACE('',(#4969,#4972),#4955,.T.);
#4969 = FACE_BOUND('',#4970,.T.);
#4970 = EDGE_LOOP('',(#4971));
#4971 = ORIENTED_EDGE('',*,*,#4940,.T.);
#4972 = FACE_BOUND('',#4973,.T.);
#4973 = EDGE_LOOP('',(#4974));
#4974 = ORIENTED_EDGE('',*,*,#4975,.T.);
#4975 = EDGE_CURVE('',#4976,#4976,#4978,.T.);
#4976 = VERTEX_POINT('',#4977);
#4977 = CARTESIAN_POINT('',(6.689546463675,43.372878351879,
    -12.80007959463));
#4978 = SURFACE_CURVE('',#4979,(#4984,#4995),.PCURVE_S1.);
#4979 = CIRCLE('',#4980,1.5);
#4980 = AXIS2_PLACEMENT_3D('',#4981,#4982,#4983);
#4981 = CARTESIAN_POINT('',(6.689546463675,44.254666676608,
    -11.58663435467));
#4982 = DIRECTION('',(-0.321393804843,-0.766044443119,0.556670399226));
#4983 = DIRECTION('',(5.551115123126E-17,-0.587858883153,-0.808963493304
    ));
#4984 = PCURVE('',#4955,#4985);
#4985 = DEFINITIONAL_REPRESENTATION('',(#4986),#4994);
#4986 = ( BOUNDED_CURVE() B_SPLINE_CURVE(2,(#4987,#4988,#4989,#4990,
#4991,#4992,#4993),.UNSPECIFIED.,.T.,.F.) B_SPLINE_CURVE_WITH_KNOTS((1,2
    ,2,2,2,1),(-2.094395102393,0.,2.094395102393,4.188790204786,
6.28318530718,8.377580409573),.UNSPECIFIED.) CURVE() 
GEOMETRIC_REPRESENTATION_ITEM() RATIONAL_B_SPLINE_CURVE((1.,0.5,1.,0.5,
1.,0.5,1.)) REPRESENTATION_ITEM('') );
#4987 = CARTESIAN_POINT('',(-1.5,8.326672684689E-17));
#4988 = CARTESIAN_POINT('',(-1.5,2.598076211353));
#4989 = CARTESIAN_POINT('',(0.75,1.299038105677));
#4990 = CARTESIAN_POINT('',(3.,2.008605860504E-16));
#4991 = CARTESIAN_POINT('',(0.75,-1.299038105677));
#4992 = CARTESIAN_POINT('',(-1.5,-2.598076211353));
#4993 = CARTESIAN_POINT('',(-1.5,8.326672684689E-17));
#4994 = ( GEOMETRIC_REPRESENTATION_CONTEXT(2) 
PARAMETRIC_REPRESENTATION_CONTEXT() REPRESENTATION_CONTEXT('2D SPACE',''
  ) );
#4995 = PCURVE('',#3031,#4996);
#4996 = DEFINITIONAL_REPRESENTATION('',(#4997),#5001);
#4997 = LINE('',#4998,#4999);
#4998 = CARTESIAN_POINT('',(0.,0.));
#4999 = VECTOR('',#5000,1.);
#5000 = DIRECTION('',(1.,0.));
#5001 = ( GEOMETRIC_REPRESENTATION_CONTEXT(2) 
PARAMETRIC_REPRESENTATION_CONTEXT() REPRESENTATION_CONTEXT('2D SPACE',''
  ) );
#5002 = ADVANCED_FACE('',(#5003),#3031,.F.);
#5003 = FACE_BOUND('',#5004,.F.);
#5004 = EDGE_LOOP('',(#5005,#5006,#5027,#5028));
#5005 = ORIENTED_EDGE('',*,*,#2747,.F.);
#5006 = ORIENTED_EDGE('',*,*,#5007,.F.);
#5007 = EDGE_CURVE('',#4976,#2748,#5008,.T.);
#5008 = SEAM_CURVE('',#5009,(#5013,#5020),.PCURVE_S1.);
#5009 = LINE('',#5010,#5011);
#5010 = CARTESIAN_POINT('',(6.689546463675,43.372878351879,
    -12.80007959463));
#5011 = VECTOR('',#5012,1.);
#5012 = DIRECTION('',(-0.321393804843,-0.766044443119,0.556670399226));
#5013 = PCURVE('',#3031,#5014);
#5014 = DEFINITIONAL_REPRESENTATION('',(#5015),#5019);
#5015 = LINE('',#5016,#5017);
#5016 = CARTESIAN_POINT('',(6.28318530718,-0.));
#5017 = VECTOR('',#5018,1.);
#5018 = DIRECTION('',(0.,1.));
#5019 = ( GEOMETRIC_REPRESENTATION_CONTEXT(2) 
PARAMETRIC_REPRESENTATION_CONTEXT() REPRESENTATION_CONTEXT('2D SPACE',''
  ) );
#5020 = PCURVE('',#3031,#5021);
#5021 = DEFINITIONAL_REPRESENTATION('',(#5022),#5026);
#5022 = LINE('',#5023,#5024);
#5023 = CARTESIAN_POINT('',(0.,-0.));
#5024 = VECTOR('',#5025,1.);
#5025 = DIRECTION('',(0.,1.));
#5026 = ( GEOMETRIC_REPRESENTATION_CONTEXT(2) 
PARAMETRIC_REPRESENTATION_CONTEXT() REPRESENTATION_CONTEXT('2D SPACE',''
  ) );
#5027 = ORIENTED_EDGE('',*,*,#4975,.T.);
#5028 = ORIENTED_EDGE('',*,*,#5007,.T.);
#5029 = ADVANCED_FACE('',(#5030),#1111,.F.);
#5030 = FACE_BOUND('',#5031,.F.);
#5031 = EDGE_LOOP('',(#5032,#5033));
#5032 = ORIENTED_EDGE('',*,*,#1094,.F.);
#5033 = ORIENTED_EDGE('',*,*,#5034,.T.);
#5034 = EDGE_CURVE('',#1095,#1097,#5035,.T.);
#5035 = SURFACE_CURVE('',#5036,(#5041,#5048),.PCURVE_S1.);
#5036 = CIRCLE('',#5037,4.3);
#5037 = AXIS2_PLACEMENT_3D('',#5038,#5039,#5040);
#5038 = CARTESIAN_POINT('',(-9.742787609687,51.532088886238,
    -16.87500314733));
#5039 = DIRECTION('',(-0.321393804843,0.766044443119,-0.556670399226));
#5040 = DIRECTION('',(0.,0.587858883153,0.808963493304));
#5041 = PCURVE('',#1111,#5042);
#5042 = DEFINITIONAL_REPRESENTATION('',(#5043),#5047);
#5043 = CIRCLE('',#5044,4.3);
#5044 = AXIS2_PLACEMENT_2D('',#5045,#5046);
#5045 = CARTESIAN_POINT('',(0.,0.));
#5046 = DIRECTION('',(1.,0.));
#5047 = ( GEOMETRIC_REPRESENTATION_CONTEXT(2) 
PARAMETRIC_REPRESENTATION_CONTEXT() REPRESENTATION_CONTEXT('2D SPACE',''
  ) );
#5048 = PCURVE('',#1140,#5049);
#5049 = DEFINITIONAL_REPRESENTATION('',(#5050),#5054);
#5050 = LINE('',#5051,#5052);
#5051 = CARTESIAN_POINT('',(0.,3.2));
#5052 = VECTOR('',#5053,1.);
#5053 = DIRECTION('',(1.,0.));
#5054 = ( GEOMETRIC_REPRESENTATION_CONTEXT(2) 
PARAMETRIC_REPRESENTATION_CONTEXT() REPRESENTATION_CONTEXT('2D SPACE',''
  ) );
#5055 = ADVANCED_FACE('',(#5056),#1140,.F.);
#5056 = FACE_BOUND('',#5057,.F.);
#5057 = EDGE_LOOP('',(#5058,#5059,#5060,#5082));
#5058 = ORIENTED_EDGE('',*,*,#5034,.F.);
#5059 = ORIENTED_EDGE('',*,*,#1123,.F.);
#5060 = ORIENTED_EDGE('',*,*,#5061,.T.);
#5061 = EDGE_CURVE('',#1124,#1248,#5062,.T.);
#5062 = SURFACE_CURVE('',#5063,(#5068,#5075),.PCURVE_S1.);
#5063 = CIRCLE('',#5064,4.3);
#5064 = AXIS2_PLACEMENT_3D('',#5065,#5066,#5067);
#5065 = CARTESIAN_POINT('',(-8.714327434188,49.080746668257,
    -15.0936578698));
#5066 = DIRECTION('',(-0.321393804843,0.766044443119,-0.556670399226));
#5067 = DIRECTION('',(0.,0.587858883153,0.808963493304));
#5068 = PCURVE('',#1140,#5069);
#5069 = DEFINITIONAL_REPRESENTATION('',(#5070),#5074);
#5070 = LINE('',#5071,#5072);
#5071 = CARTESIAN_POINT('',(0.,0.));
#5072 = VECTOR('',#5073,1.);
#5073 = DIRECTION('',(1.,0.));
#5074 = ( GEOMETRIC_REPRESENTATION_CONTEXT(2) 
PARAMETRIC_REPRESENTATION_CONTEXT() REPRESENTATION_CONTEXT('2D SPACE',''
  ) );
#5075 = PCURVE('',#1173,#5076);
#5076 = DEFINITIONAL_REPRESENTATION('',(#5077),#5081);
#5077 = CIRCLE('',#5078,4.3);
#5078 = AXIS2_PLACEMENT_2D('',#5079,#5080);
#5079 = CARTESIAN_POINT('',(0.,0.));
#5080 = DIRECTION('',(1.,0.));
#5081 = ( GEOMETRIC_REPRESENTATION_CONTEXT(2) 
PARAMETRIC_REPRESENTATION_CONTEXT() REPRESENTATION_CONTEXT('2D SPACE',''
  ) );
#5082 = ORIENTED_EDGE('',*,*,#1269,.F.);
#5083 = ADVANCED_FACE('',(#5084),#1173,.F.);
#5084 = FACE_BOUND('',#5085,.F.);
#5085 = EDGE_LOOP('',(#5086,#5087,#5109,#5110));
#5086 = ORIENTED_EDGE('',*,*,#1157,.F.);
#5087 = ORIENTED_EDGE('',*,*,#5088,.T.);
#5088 = EDGE_CURVE('',#1158,#1220,#5089,.T.);
#5089 = SURFACE_CURVE('',#5090,(#5095,#5102),.PCURVE_S1.);
#5090 = CIRCLE('',#5091,4.8);
#5091 = AXIS2_PLACEMENT_3D('',#5092,#5093,#5094);
#5092 = CARTESIAN_POINT('',(-8.714327434188,49.080746668257,
    -15.0936578698));
#5093 = DIRECTION('',(-0.321393804843,0.766044443119,-0.556670399226));
#5094 = DIRECTION('',(0.,0.587858883153,0.808963493304));
#5095 = PCURVE('',#1173,#5096);
#5096 = DEFINITIONAL_REPRESENTATION('',(#5097),#5101);
#5097 = CIRCLE('',#5098,4.8);
#5098 = AXIS2_PLACEMENT_2D('',#5099,#5100);
#5099 = CARTESIAN_POINT('',(0.,0.));
#5100 = DIRECTION('',(1.,0.));
#5101 = ( GEOMETRIC_REPRESENTATION_CONTEXT(2) 
PARAMETRIC_REPRESENTATION_CONTEXT() REPRESENTATION_CONTEXT('2D SPACE',''
  ) );
#5102 = PCURVE('',#1201,#5103);
#5103 = DEFINITIONAL_REPRESENTATION('',(#5104),#5108);
#5104 = LINE('',#5105,#5106);
#5105 = CARTESIAN_POINT('',(0.,6.3));
#5106 = VECTOR('',#5107,1.);
#5107 = DIRECTION('',(1.,0.));
#5108 = ( GEOMETRIC_REPRESENTATION_CONTEXT(2) 
PARAMETRIC_REPRESENTATION_CONTEXT() REPRESENTATION_CONTEXT('2D SPACE',''
  ) );
#5109 = ORIENTED_EDGE('',*,*,#1247,.F.);
#5110 = ORIENTED_EDGE('',*,*,#5061,.F.);
#5111 = ADVANCED_FACE('',(#5112),#1201,.F.);
#5112 = FACE_BOUND('',#5113,.F.);
#5113 = EDGE_LOOP('',(#5114,#5115,#5116,#5139,#5166,#5167));
#5114 = ORIENTED_EDGE('',*,*,#5088,.F.);
#5115 = ORIENTED_EDGE('',*,*,#1184,.F.);
#5116 = ORIENTED_EDGE('',*,*,#5117,.F.);
#5117 = EDGE_CURVE('',#5118,#1185,#5120,.T.);
#5118 = VERTEX_POINT('',#5119);
#5119 = CARTESIAN_POINT('',(-6.689546463675,47.07638931574,
    -7.703609586819));
#5120 = SEAM_CURVE('',#5121,(#5125,#5132),.PCURVE_S1.);
#5121 = LINE('',#5122,#5123);
#5122 = CARTESIAN_POINT('',(-6.689546463675,47.07638931574,
    -7.703609586819));
#5123 = VECTOR('',#5124,1.);
#5124 = DIRECTION('',(-0.321393804843,0.766044443119,-0.556670399226));
#5125 = PCURVE('',#1201,#5126);
#5126 = DEFINITIONAL_REPRESENTATION('',(#5127),#5131);
#5127 = LINE('',#5128,#5129);
#5128 = CARTESIAN_POINT('',(6.28318530718,-0.));
#5129 = VECTOR('',#5130,1.);
#5130 = DIRECTION('',(0.,1.));
#5131 = ( GEOMETRIC_REPRESENTATION_CONTEXT(2) 
PARAMETRIC_REPRESENTATION_CONTEXT() REPRESENTATION_CONTEXT('2D SPACE',''
  ) );
#5132 = PCURVE('',#1201,#5133);
#5133 = DEFINITIONAL_REPRESENTATION('',(#5134),#5138);
#5134 = LINE('',#5135,#5136);
#5135 = CARTESIAN_POINT('',(0.,-0.));
#5136 = VECTOR('',#5137,1.);
#5137 = DIRECTION('',(0.,1.));
#5138 = ( GEOMETRIC_REPRESENTATION_CONTEXT(2) 
PARAMETRIC_REPRESENTATION_CONTEXT() REPRESENTATION_CONTEXT('2D SPACE',''
  ) );
#5139 = ORIENTED_EDGE('',*,*,#5140,.T.);
#5140 = EDGE_CURVE('',#5118,#5118,#5141,.T.);
#5141 = SURFACE_CURVE('',#5142,(#5147,#5154),.PCURVE_S1.);
#5142 = CIRCLE('',#5143,4.8);
#5143 = AXIS2_PLACEMENT_3D('',#5144,#5145,#5146);
#5144 = CARTESIAN_POINT('',(-6.689546463675,44.254666676608,
    -11.58663435467));
#5145 = DIRECTION('',(-0.321393804843,0.766044443119,-0.556670399226));
#5146 = DIRECTION('',(0.,0.587858883153,0.808963493304));
#5147 = PCURVE('',#1201,#5148);
#5148 = DEFINITIONAL_REPRESENTATION('',(#5149),#5153);
#5149 = LINE('',#5150,#5151);
#5150 = CARTESIAN_POINT('',(0.,0.));
#5151 = VECTOR('',#5152,1.);
#5152 = DIRECTION('',(1.,0.));
#5153 = ( GEOMETRIC_REPRESENTATION_CONTEXT(2) 
PARAMETRIC_REPRESENTATION_CONTEXT() REPRESENTATION_CONTEXT('2D SPACE',''
  ) );
#5154 = PCURVE('',#5155,#5160);
#5155 = PLANE('',#5156);
#5156 = AXIS2_PLACEMENT_3D('',#5157,#5158,#5159);
#5157 = CARTESIAN_POINT('',(-6.689546463675,44.254666676608,
    -11.58663435467));
#5158 = DIRECTION('',(-0.321393804843,0.766044443119,-0.556670399226));
#5159 = DIRECTION('',(0.,0.587858883153,0.808963493304));
#5160 = DEFINITIONAL_REPRESENTATION('',(#5161),#5165);
#5161 = CIRCLE('',#5162,4.8);
#5162 = AXIS2_PLACEMENT_2D('',#5163,#5164);
#5163 = CARTESIAN_POINT('',(0.,0.));
#5164 = DIRECTION('',(1.,0.));
#5165 = ( GEOMETRIC_REPRESENTATION_CONTEXT(2) 
PARAMETRIC_REPRESENTATION_CONTEXT() REPRESENTATION_CONTEXT('2D SPACE',''
  ) );
#5166 = ORIENTED_EDGE('',*,*,#5117,.T.);
#5167 = ORIENTED_EDGE('',*,*,#1219,.F.);
#5168 = ADVANCED_FACE('',(#5169,#5172),#5155,.T.);
#5169 = FACE_BOUND('',#5170,.T.);
#5170 = EDGE_LOOP('',(#5171));
#5171 = ORIENTED_EDGE('',*,*,#5140,.T.);
#5172 = FACE_BOUND('',#5173,.T.);
#5173 = EDGE_LOOP('',(#5174));
#5174 = ORIENTED_EDGE('',*,*,#5175,.T.);
#5175 = EDGE_CURVE('',#5176,#5176,#5178,.T.);
#5176 = VERTEX_POINT('',#5177);
#5177 = CARTESIAN_POINT('',(-6.689546463675,43.372878351879,
    -12.80007959463));
#5178 = SURFACE_CURVE('',#5179,(#5184,#5195),.PCURVE_S1.);
#5179 = CIRCLE('',#5180,1.5);
#5180 = AXIS2_PLACEMENT_3D('',#5181,#5182,#5183);
#5181 = CARTESIAN_POINT('',(-6.689546463675,44.254666676608,
    -11.58663435467));
#5182 = DIRECTION('',(0.321393804843,-0.766044443119,0.556670399226));
#5183 = DIRECTION('',(0.,-0.587858883153,-0.808963493304));
#5184 = PCURVE('',#5155,#5185);
#5185 = DEFINITIONAL_REPRESENTATION('',(#5186),#5194);
#5186 = ( BOUNDED_CURVE() B_SPLINE_CURVE(2,(#5187,#5188,#5189,#5190,
#5191,#5192,#5193),.UNSPECIFIED.,.T.,.F.) B_SPLINE_CURVE_WITH_KNOTS((1,2
    ,2,2,2,1),(-2.094395102393,0.,2.094395102393,4.188790204786,
6.28318530718,8.377580409573),.UNSPECIFIED.) CURVE() 
GEOMETRIC_REPRESENTATION_ITEM() RATIONAL_B_SPLINE_CURVE((1.,0.5,1.,0.5,
1.,0.5,1.)) REPRESENTATION_ITEM('') );
#5187 = CARTESIAN_POINT('',(-1.5,0.));
#5188 = CARTESIAN_POINT('',(-1.5,2.598076211353));
#5189 = CARTESIAN_POINT('',(0.75,1.299038105677));
#5190 = CARTESIAN_POINT('',(3.,3.673940397442E-16));
#5191 = CARTESIAN_POINT('',(0.75,-1.299038105677));
#5192 = CARTESIAN_POINT('',(-1.5,-2.598076211353));
#5193 = CARTESIAN_POINT('',(-1.5,0.));
#5194 = ( GEOMETRIC_REPRESENTATION_CONTEXT(2) 
PARAMETRIC_REPRESENTATION_CONTEXT() REPRESENTATION_CONTEXT('2D SPACE',''
  ) );
#5195 = PCURVE('',#3463,#5196);
#5196 = DEFINITIONAL_REPRESENTATION('',(#5197),#5201);
#5197 = LINE('',#5198,#5199);
#5198 = CARTESIAN_POINT('',(0.,0.));
#5199 = VECTOR('',#5200,1.);
#5200 = DIRECTION('',(1.,0.));
#5201 = ( GEOMETRIC_REPRESENTATION_CONTEXT(2) 
PARAMETRIC_REPRESENTATION_CONTEXT() REPRESENTATION_CONTEXT('2D SPACE',''
  ) );
#5202 = ADVANCED_FACE('',(#5203),#3463,.F.);
#5203 = FACE_BOUND('',#5204,.F.);
#5204 = EDGE_LOOP('',(#5205,#5206,#5227,#5228));
#5205 = ORIENTED_EDGE('',*,*,#3179,.F.);
#5206 = ORIENTED_EDGE('',*,*,#5207,.F.);
#5207 = EDGE_CURVE('',#5176,#3180,#5208,.T.);
#5208 = SEAM_CURVE('',#5209,(#5213,#5220),.PCURVE_S1.);
#5209 = LINE('',#5210,#5211);
#5210 = CARTESIAN_POINT('',(-6.689546463675,43.372878351879,
    -12.80007959463));
#5211 = VECTOR('',#5212,1.);
#5212 = DIRECTION('',(0.321393804843,-0.766044443119,0.556670399226));
#5213 = PCURVE('',#3463,#5214);
#5214 = DEFINITIONAL_REPRESENTATION('',(#5215),#5219);
#5215 = LINE('',#5216,#5217);
#5216 = CARTESIAN_POINT('',(6.28318530718,-0.));
#5217 = VECTOR('',#5218,1.);
#5218 = DIRECTION('',(0.,1.));
#5219 = ( GEOMETRIC_REPRESENTATION_CONTEXT(2) 
PARAMETRIC_REPRESENTATION_CONTEXT() REPRESENTATION_CONTEXT('2D SPACE',''
  ) );
#5220 = PCURVE('',#3463,#5221);
#5221 = DEFINITIONAL_REPRESENTATION('',(#5222),#5226);
#5222 = LINE('',#5223,#5224);
#5223 = CARTESIAN_POINT('',(0.,-0.));
#5224 = VECTOR('',#5225,1.);
#5225 = DIRECTION('',(0.,1.));
#5226 = ( GEOMETRIC_REPRESENTATION_CONTEXT(2) 
PARAMETRIC_REPRESENTATION_CONTEXT() REPRESENTATION_CONTEXT('2D SPACE',''
  ) );
#5227 = ORIENTED_EDGE('',*,*,#5175,.T.);
#5228 = ORIENTED_EDGE('',*,*,#5207,.T.);
#5229 = ADVANCED_FACE('',(#5230),#1667,.F.);
#5230 = FACE_BOUND('',#5231,.F.);
#5231 = EDGE_LOOP('',(#5232,#5233));
#5232 = ORIENTED_EDGE('',*,*,#1650,.F.);
#5233 = ORIENTED_EDGE('',*,*,#5234,.T.);
#5234 = EDGE_CURVE('',#1651,#1653,#5235,.T.);
#5235 = SURFACE_CURVE('',#5236,(#5241,#5248),.PCURVE_S1.);
#5236 = CIRCLE('',#5237,4.3);
#5237 = AXIS2_PLACEMENT_3D('',#5238,#5239,#5240);
#5238 = CARTESIAN_POINT('',(-19.48557521937,51.532088886238,
    2.386294732195E-15));
#5239 = DIRECTION('',(-0.642787609687,0.766044443119,7.871877887342E-17)
  );
#5240 = DIRECTION('',(0.766044443119,0.642787609687,-1.232595164408E-32)
  );
#5241 = PCURVE('',#1667,#5242);
#5242 = DEFINITIONAL_REPRESENTATION('',(#5243),#5247);
#5243 = CIRCLE('',#5244,4.3);
#5244 = AXIS2_PLACEMENT_2D('',#5245,#5246);
#5245 = CARTESIAN_POINT('',(0.,0.));
#5246 = DIRECTION('',(1.,0.));
#5247 = ( GEOMETRIC_REPRESENTATION_CONTEXT(2) 
PARAMETRIC_REPRESENTATION_CONTEXT() REPRESENTATION_CONTEXT('2D SPACE',''
  ) );
#5248 = PCURVE('',#1696,#5249);
#5249 = DEFINITIONAL_REPRESENTATION('',(#5250),#5254);
#5250 = LINE('',#5251,#5252);
#5251 = CARTESIAN_POINT('',(0.,3.2));
#5252 = VECTOR('',#5253,1.);
#5253 = DIRECTION('',(1.,0.));
#5254 = ( GEOMETRIC_REPRESENTATION_CONTEXT(2) 
PARAMETRIC_REPRESENTATION_CONTEXT() REPRESENTATION_CONTEXT('2D SPACE',''
  ) );
#5255 = ADVANCED_FACE('',(#5256),#1696,.F.);
#5256 = FACE_BOUND('',#5257,.F.);
#5257 = EDGE_LOOP('',(#5258,#5259,#5260,#5282));
#5258 = ORIENTED_EDGE('',*,*,#5234,.F.);
#5259 = ORIENTED_EDGE('',*,*,#1679,.F.);
#5260 = ORIENTED_EDGE('',*,*,#5261,.T.);
#5261 = EDGE_CURVE('',#1680,#1804,#5262,.T.);
#5262 = SURFACE_CURVE('',#5263,(#5268,#5275),.PCURVE_S1.);
#5263 = CIRCLE('',#5264,4.3);
#5264 = AXIS2_PLACEMENT_3D('',#5265,#5266,#5267);
#5265 = CARTESIAN_POINT('',(-17.42865486837,49.080746668257,
    2.1343946398E-15));
#5266 = DIRECTION('',(-0.642787609687,0.766044443119,7.871877887342E-17)
  );
#5267 = DIRECTION('',(0.766044443119,0.642787609687,-1.232595164408E-32)
  );
#5268 = PCURVE('',#1696,#5269);
#5269 = DEFINITIONAL_REPRESENTATION('',(#5270),#5274);
#5270 = LINE('',#5271,#5272);
#5271 = CARTESIAN_POINT('',(0.,0.));
#5272 = VECTOR('',#5273,1.);
#5273 = DIRECTION('',(1.,0.));
#5274 = ( GEOMETRIC_REPRESENTATION_CONTEXT(2) 
PARAMETRIC_REPRESENTATION_CONTEXT() REPRESENTATION_CONTEXT('2D SPACE',''
  ) );
#5275 = PCURVE('',#1729,#5276);
#5276 = DEFINITIONAL_REPRESENTATION('',(#5277),#5281);
#5277 = CIRCLE('',#5278,4.3);
#5278 = AXIS2_PLACEMENT_2D('',#5279,#5280);
#5279 = CARTESIAN_POINT('',(0.,0.));
#5280 = DIRECTION('',(1.,1.232595164408E-32));
#5281 = ( GEOMETRIC_REPRESENTATION_CONTEXT(2) 
PARAMETRIC_REPRESENTATION_CONTEXT() REPRESENTATION_CONTEXT('2D SPACE',''
  ) );
#5282 = ORIENTED_EDGE('',*,*,#1825,.F.);
#5283 = ADVANCED_FACE('',(#5284),#1729,.F.);
#5284 = FACE_BOUND('',#5285,.F.);
#5285 = EDGE_LOOP('',(#5286,#5287,#5309,#5310));
#5286 = ORIENTED_EDGE('',*,*,#1713,.F.);
#5287 = ORIENTED_EDGE('',*,*,#5288,.T.);
#5288 = EDGE_CURVE('',#1714,#1775,#5289,.T.);
#5289 = SURFACE_CURVE('',#5290,(#5295,#5302),.PCURVE_S1.);
#5290 = CIRCLE('',#5291,4.8);
#5291 = AXIS2_PLACEMENT_3D('',#5292,#5293,#5294);
#5292 = CARTESIAN_POINT('',(-17.42865486837,49.080746668257,
    2.1343946398E-15));
#5293 = DIRECTION('',(-0.642787609687,0.766044443119,7.871877887342E-17)
  );
#5294 = DIRECTION('',(0.766044443119,0.642787609687,-1.232595164408E-32)
  );
#5295 = PCURVE('',#1729,#5296);
#5296 = DEFINITIONAL_REPRESENTATION('',(#5297),#5301);
#5297 = CIRCLE('',#5298,4.8);
#5298 = AXIS2_PLACEMENT_2D('',#5299,#5300);
#5299 = CARTESIAN_POINT('',(0.,0.));
#5300 = DIRECTION('',(1.,0.));
#5301 = ( GEOMETRIC_REPRESENTATION_CONTEXT(2) 
PARAMETRIC_REPRESENTATION_CONTEXT() REPRESENTATION_CONTEXT('2D SPACE',''
  ) );
#5302 = PCURVE('',#1757,#5303);
#5303 = DEFINITIONAL_REPRESENTATION('',(#5304),#5308);
#5304 = LINE('',#5305,#5306);
#5305 = CARTESIAN_POINT('',(0.,6.3));
#5306 = VECTOR('',#5307,1.);
#5307 = DIRECTION('',(1.,0.));
#5308 = ( GEOMETRIC_REPRESENTATION_CONTEXT(2) 
PARAMETRIC_REPRESENTATION_CONTEXT() REPRESENTATION_CONTEXT('2D SPACE',''
  ) );
#5309 = ORIENTED_EDGE('',*,*,#1803,.F.);
#5310 = ORIENTED_EDGE('',*,*,#5261,.F.);
#5311 = ADVANCED_FACE('',(#5312),#1757,.F.);
#5312 = FACE_BOUND('',#5313,.F.);
#5313 = EDGE_LOOP('',(#5314,#5315,#5316,#5339,#5366,#5367));
#5314 = ORIENTED_EDGE('',*,*,#5288,.F.);
#5315 = ORIENTED_EDGE('',*,*,#1740,.F.);
#5316 = ORIENTED_EDGE('',*,*,#5317,.F.);
#5317 = EDGE_CURVE('',#5318,#1741,#5320,.T.);
#5318 = VERTEX_POINT('',#5319);
#5319 = CARTESIAN_POINT('',(-9.70207960038,47.340047203103,
    2.814127260079E-15));
#5320 = SEAM_CURVE('',#5321,(#5325,#5332),.PCURVE_S1.);
#5321 = LINE('',#5322,#5323);
#5322 = CARTESIAN_POINT('',(-9.70207960038,47.340047203103,
    2.814127260079E-15));
#5323 = VECTOR('',#5324,1.);
#5324 = DIRECTION('',(-0.642787609687,0.766044443119,7.871877887342E-17)
  );
#5325 = PCURVE('',#1757,#5326);
#5326 = DEFINITIONAL_REPRESENTATION('',(#5327),#5331);
#5327 = LINE('',#5328,#5329);
#5328 = CARTESIAN_POINT('',(6.28318530718,-0.));
#5329 = VECTOR('',#5330,1.);
#5330 = DIRECTION('',(0.,1.));
#5331 = ( GEOMETRIC_REPRESENTATION_CONTEXT(2) 
PARAMETRIC_REPRESENTATION_CONTEXT() REPRESENTATION_CONTEXT('2D SPACE',''
  ) );
#5332 = PCURVE('',#1757,#5333);
#5333 = DEFINITIONAL_REPRESENTATION('',(#5334),#5338);
#5334 = LINE('',#5335,#5336);
#5335 = CARTESIAN_POINT('',(0.,-0.));
#5336 = VECTOR('',#5337,1.);
#5337 = DIRECTION('',(0.,1.));
#5338 = ( GEOMETRIC_REPRESENTATION_CONTEXT(2) 
PARAMETRIC_REPRESENTATION_CONTEXT() REPRESENTATION_CONTEXT('2D SPACE',''
  ) );
#5339 = ORIENTED_EDGE('',*,*,#5340,.T.);
#5340 = EDGE_CURVE('',#5318,#5318,#5341,.T.);
#5341 = SURFACE_CURVE('',#5342,(#5347,#5354),.PCURVE_S1.);
#5342 = CIRCLE('',#5343,4.8);
#5343 = AXIS2_PLACEMENT_3D('',#5344,#5345,#5346);
#5344 = CARTESIAN_POINT('',(-13.37909292735,44.254666676608,
    1.638466332898E-15));
#5345 = DIRECTION('',(-0.642787609687,0.766044443119,7.871877887342E-17)
  );
#5346 = DIRECTION('',(0.766044443119,0.642787609687,-1.232595164408E-32)
  );
#5347 = PCURVE('',#1757,#5348);
#5348 = DEFINITIONAL_REPRESENTATION('',(#5349),#5353);
#5349 = LINE('',#5350,#5351);
#5350 = CARTESIAN_POINT('',(0.,0.));
#5351 = VECTOR('',#5352,1.);
#5352 = DIRECTION('',(1.,0.));
#5353 = ( GEOMETRIC_REPRESENTATION_CONTEXT(2) 
PARAMETRIC_REPRESENTATION_CONTEXT() REPRESENTATION_CONTEXT('2D SPACE',''
  ) );
#5354 = PCURVE('',#5355,#5360);
#5355 = PLANE('',#5356);
#5356 = AXIS2_PLACEMENT_3D('',#5357,#5358,#5359);
#5357 = CARTESIAN_POINT('',(-13.37909292735,44.254666676608,
    1.638466332898E-15));
#5358 = DIRECTION('',(-0.642787609687,0.766044443119,7.871877887342E-17)
  );
#5359 = DIRECTION('',(0.766044443119,0.642787609687,-6.162975822039E-33)
  );
#5360 = DEFINITIONAL_REPRESENTATION('',(#5361),#5365);
#5361 = CIRCLE('',#5362,4.8);
#5362 = AXIS2_PLACEMENT_2D('',#5363,#5364);
#5363 = CARTESIAN_POINT('',(0.,0.));
#5364 = DIRECTION('',(1.,0.));
#5365 = ( GEOMETRIC_REPRESENTATION_CONTEXT(2) 
PARAMETRIC_REPRESENTATION_CONTEXT() REPRESENTATION_CONTEXT('2D SPACE',''
  ) );
#5366 = ORIENTED_EDGE('',*,*,#5317,.T.);
#5367 = ORIENTED_EDGE('',*,*,#1774,.F.);
#5368 = ADVANCED_FACE('',(#5369,#5372),#5355,.T.);
#5369 = FACE_BOUND('',#5370,.T.);
#5370 = EDGE_LOOP('',(#5371));
#5371 = ORIENTED_EDGE('',*,*,#5340,.T.);
#5372 = FACE_BOUND('',#5373,.T.);
#5373 = EDGE_LOOP('',(#5374));
#5374 = ORIENTED_EDGE('',*,*,#5375,.T.);
#5375 = EDGE_CURVE('',#5376,#5376,#5378,.T.);
#5376 = VERTEX_POINT('',#5377);
#5377 = CARTESIAN_POINT('',(-14.52815959202,43.290485262078,
    2.005860372642E-15));
#5378 = SURFACE_CURVE('',#5379,(#5384,#5395),.PCURVE_S1.);
#5379 = CIRCLE('',#5380,1.5);
#5380 = AXIS2_PLACEMENT_3D('',#5381,#5382,#5383);
#5381 = CARTESIAN_POINT('',(-13.37909292735,44.254666676608,
    1.638466332898E-15));
#5382 = DIRECTION('',(0.642787609687,-0.766044443119,-7.871877887342E-17
    ));
#5383 = DIRECTION('',(-0.766044443119,-0.642787609687,1.232595164408E-32
    ));
#5384 = PCURVE('',#5355,#5385);
#5385 = DEFINITIONAL_REPRESENTATION('',(#5386),#5394);
#5386 = ( BOUNDED_CURVE() B_SPLINE_CURVE(2,(#5387,#5388,#5389,#5390,
#5391,#5392,#5393),.UNSPECIFIED.,.T.,.F.) B_SPLINE_CURVE_WITH_KNOTS((1,2
    ,2,2,2,1),(-2.094395102393,0.,2.094395102393,4.188790204786,
6.28318530718,8.377580409573),.UNSPECIFIED.) CURVE() 
GEOMETRIC_REPRESENTATION_ITEM() RATIONAL_B_SPLINE_CURVE((1.,0.5,1.,0.5,
1.,0.5,1.)) REPRESENTATION_ITEM('') );
#5387 = CARTESIAN_POINT('',(-1.5,-1.848892746612E-32));
#5388 = CARTESIAN_POINT('',(-1.5,2.598076211353));
#5389 = CARTESIAN_POINT('',(0.75,1.299038105677));
#5390 = CARTESIAN_POINT('',(3.,3.673940397442E-16));
#5391 = CARTESIAN_POINT('',(0.75,-1.299038105677));
#5392 = CARTESIAN_POINT('',(-1.5,-2.598076211353));
#5393 = CARTESIAN_POINT('',(-1.5,-1.848892746612E-32));
#5394 = ( GEOMETRIC_REPRESENTATION_CONTEXT(2) 
PARAMETRIC_REPRESENTATION_CONTEXT() REPRESENTATION_CONTEXT('2D SPACE',''
  ) );
#5395 = PCURVE('',#3865,#5396);
#5396 = DEFINITIONAL_REPRESENTATION('',(#5397),#5401);
#5397 = LINE('',#5398,#5399);
#5398 = CARTESIAN_POINT('',(0.,0.));
#5399 = VECTOR('',#5400,1.);
#5400 = DIRECTION('',(1.,0.));
#5401 = ( GEOMETRIC_REPRESENTATION_CONTEXT(2) 
PARAMETRIC_REPRESENTATION_CONTEXT() REPRESENTATION_CONTEXT('2D SPACE',''
  ) );
#5402 = ADVANCED_FACE('',(#5403),#3865,.F.);
#5403 = FACE_BOUND('',#5404,.F.);
#5404 = EDGE_LOOP('',(#5405,#5406,#5427,#5428));
#5405 = ORIENTED_EDGE('',*,*,#3611,.F.);
#5406 = ORIENTED_EDGE('',*,*,#5407,.F.);
#5407 = EDGE_CURVE('',#5376,#3612,#5408,.T.);
#5408 = SEAM_CURVE('',#5409,(#5413,#5420),.PCURVE_S1.);
#5409 = LINE('',#5410,#5411);
#5410 = CARTESIAN_POINT('',(-14.52815959202,43.290485262078,
    2.005860372642E-15));
#5411 = VECTOR('',#5412,1.);
#5412 = DIRECTION('',(0.642787609687,-0.766044443119,-7.871877887342E-17
    ));
#5413 = PCURVE('',#3865,#5414);
#5414 = DEFINITIONAL_REPRESENTATION('',(#5415),#5419);
#5415 = LINE('',#5416,#5417);
#5416 = CARTESIAN_POINT('',(6.28318530718,-0.));
#5417 = VECTOR('',#5418,1.);
#5418 = DIRECTION('',(0.,1.));
#5419 = ( GEOMETRIC_REPRESENTATION_CONTEXT(2) 
PARAMETRIC_REPRESENTATION_CONTEXT() REPRESENTATION_CONTEXT('2D SPACE',''
  ) );
#5420 = PCURVE('',#3865,#5421);
#5421 = DEFINITIONAL_REPRESENTATION('',(#5422),#5426);
#5422 = LINE('',#5423,#5424);
#5423 = CARTESIAN_POINT('',(0.,-0.));
#5424 = VECTOR('',#5425,1.);
#5425 = DIRECTION('',(0.,1.));
#5426 = ( GEOMETRIC_REPRESENTATION_CONTEXT(2) 
PARAMETRIC_REPRESENTATION_CONTEXT() REPRESENTATION_CONTEXT('2D SPACE',''
  ) );
#5427 = ORIENTED_EDGE('',*,*,#5375,.T.);
#5428 = ORIENTED_EDGE('',*,*,#5407,.T.);
#5429 = ADVANCED_FACE('',(#5430),#1553,.F.);
#5430 = FACE_BOUND('',#5431,.F.);
#5431 = EDGE_LOOP('',(#5432,#5433,#5457,#5479,#5480,#5504));
#5432 = ORIENTED_EDGE('',*,*,#1537,.F.);
#5433 = ORIENTED_EDGE('',*,*,#5434,.T.);
#5434 = EDGE_CURVE('',#1538,#5435,#5437,.T.);
#5435 = VERTEX_POINT('',#5436);
#5436 = CARTESIAN_POINT('',(-8.714327434188,46.259024029125,
    18.976682637664));
#5437 = SURFACE_CURVE('',#5438,(#5443,#5450),.PCURVE_S1.);
#5438 = CIRCLE('',#5439,4.8);
#5439 = AXIS2_PLACEMENT_3D('',#5440,#5441,#5442);
#5440 = CARTESIAN_POINT('',(-8.714327434188,49.080746668257,
    15.093657869805));
#5441 = DIRECTION('',(-0.321393804843,0.766044443119,0.556670399226));
#5442 = DIRECTION('',(0.,-0.587858883153,0.808963493304));
#5443 = PCURVE('',#1553,#5444);
#5444 = DEFINITIONAL_REPRESENTATION('',(#5445),#5449);
#5445 = CIRCLE('',#5446,4.8);
#5446 = AXIS2_PLACEMENT_2D('',#5447,#5448);
#5447 = CARTESIAN_POINT('',(0.,0.));
#5448 = DIRECTION('',(1.,0.));
#5449 = ( GEOMETRIC_REPRESENTATION_CONTEXT(2) 
PARAMETRIC_REPRESENTATION_CONTEXT() REPRESENTATION_CONTEXT('2D SPACE',''
  ) );
#5450 = PCURVE('',#1581,#5451);
#5451 = DEFINITIONAL_REPRESENTATION('',(#5452),#5456);
#5452 = LINE('',#5453,#5454);
#5453 = CARTESIAN_POINT('',(0.,6.3));
#5454 = VECTOR('',#5455,1.);
#5455 = DIRECTION('',(1.,0.));
#5456 = ( GEOMETRIC_REPRESENTATION_CONTEXT(2) 
PARAMETRIC_REPRESENTATION_CONTEXT() REPRESENTATION_CONTEXT('2D SPACE',''
  ) );
#5457 = ORIENTED_EDGE('',*,*,#5458,.T.);
#5458 = EDGE_CURVE('',#5435,#1565,#5459,.T.);
#5459 = SURFACE_CURVE('',#5460,(#5465,#5472),.PCURVE_S1.);
#5460 = CIRCLE('',#5461,4.8);
#5461 = AXIS2_PLACEMENT_3D('',#5462,#5463,#5464);
#5462 = CARTESIAN_POINT('',(-8.714327434188,49.080746668257,
    15.093657869805));
#5463 = DIRECTION('',(-0.321393804843,0.766044443119,0.556670399226));
#5464 = DIRECTION('',(0.,-0.587858883153,0.808963493304));
#5465 = PCURVE('',#1553,#5466);
#5466 = DEFINITIONAL_REPRESENTATION('',(#5467),#5471);
#5467 = CIRCLE('',#5468,4.8);
#5468 = AXIS2_PLACEMENT_2D('',#5469,#5470);
#5469 = CARTESIAN_POINT('',(0.,0.));
#5470 = DIRECTION('',(1.,0.));
#5471 = ( GEOMETRIC_REPRESENTATION_CONTEXT(2) 
PARAMETRIC_REPRESENTATION_CONTEXT() REPRESENTATION_CONTEXT('2D SPACE',''
  ) );
#5472 = PCURVE('',#1581,#5473);
#5473 = DEFINITIONAL_REPRESENTATION('',(#5474),#5478);
#5474 = LINE('',#5475,#5476);
#5475 = CARTESIAN_POINT('',(0.,6.3));
#5476 = VECTOR('',#5477,1.);
#5477 = DIRECTION('',(1.,0.));
#5478 = ( GEOMETRIC_REPRESENTATION_CONTEXT(2) 
PARAMETRIC_REPRESENTATION_CONTEXT() REPRESENTATION_CONTEXT('2D SPACE',''
  ) );
#5479 = ORIENTED_EDGE('',*,*,#1599,.F.);
#5480 = ORIENTED_EDGE('',*,*,#5481,.F.);
#5481 = EDGE_CURVE('',#5482,#1600,#5484,.T.);
#5482 = VERTEX_POINT('',#5483);
#5483 = CARTESIAN_POINT('',(-8.714327434188,46.552953470701,
    18.572200891012));
#5484 = SURFACE_CURVE('',#5485,(#5490,#5497),.PCURVE_S1.);
#5485 = CIRCLE('',#5486,4.3);
#5486 = AXIS2_PLACEMENT_3D('',#5487,#5488,#5489);
#5487 = CARTESIAN_POINT('',(-8.714327434188,49.080746668257,
    15.093657869805));
#5488 = DIRECTION('',(-0.321393804843,0.766044443119,0.556670399226));
#5489 = DIRECTION('',(0.,-0.587858883153,0.808963493304));
#5490 = PCURVE('',#1553,#5491);
#5491 = DEFINITIONAL_REPRESENTATION('',(#5492),#5496);
#5492 = CIRCLE('',#5493,4.3);
#5493 = AXIS2_PLACEMENT_2D('',#5494,#5495);
#5494 = CARTESIAN_POINT('',(-1.437007834156E-15,-3.356145639929E-16));
#5495 = DIRECTION('',(1.,-2.775557561563E-17));
#5496 = ( GEOMETRIC_REPRESENTATION_CONTEXT(2) 
PARAMETRIC_REPRESENTATION_CONTEXT() REPRESENTATION_CONTEXT('2D SPACE',''
  ) );
#5497 = PCURVE('',#1520,#5498);
#5498 = DEFINITIONAL_REPRESENTATION('',(#5499),#5503);
#5499 = LINE('',#5500,#5501);
#5500 = CARTESIAN_POINT('',(6.28318530718,0.));
#5501 = VECTOR('',#5502,1.);
#5502 = DIRECTION('',(1.,0.));
#5503 = ( GEOMETRIC_REPRESENTATION_CONTEXT(2) 
PARAMETRIC_REPRESENTATION_CONTEXT() REPRESENTATION_CONTEXT('2D SPACE',''
  ) );
#5504 = ORIENTED_EDGE('',*,*,#5505,.F.);
#5505 = EDGE_CURVE('',#1504,#5482,#5506,.T.);
#5506 = SURFACE_CURVE('',#5507,(#5512,#5519),.PCURVE_S1.);
#5507 = CIRCLE('',#5508,4.3);
#5508 = AXIS2_PLACEMENT_3D('',#5509,#5510,#5511);
#5509 = CARTESIAN_POINT('',(-8.714327434188,49.080746668257,
    15.093657869805));
#5510 = DIRECTION('',(-0.321393804843,0.766044443119,0.556670399226));
#5511 = DIRECTION('',(0.,-0.587858883153,0.808963493304));
#5512 = PCURVE('',#1553,#5513);
#5513 = DEFINITIONAL_REPRESENTATION('',(#5514),#5518);
#5514 = CIRCLE('',#5515,4.3);
#5515 = AXIS2_PLACEMENT_2D('',#5516,#5517);
#5516 = CARTESIAN_POINT('',(-1.437007834156E-15,-3.356145639929E-16));
#5517 = DIRECTION('',(1.,-2.775557561563E-17));
#5518 = ( GEOMETRIC_REPRESENTATION_CONTEXT(2) 
PARAMETRIC_REPRESENTATION_CONTEXT() REPRESENTATION_CONTEXT('2D SPACE',''
  ) );
#5519 = PCURVE('',#1520,#5520);
#5520 = DEFINITIONAL_REPRESENTATION('',(#5521),#5525);
#5521 = LINE('',#5522,#5523);
#5522 = CARTESIAN_POINT('',(0.,0.));
#5523 = VECTOR('',#5524,1.);
#5524 = DIRECTION('',(1.,0.));
#5525 = ( GEOMETRIC_REPRESENTATION_CONTEXT(2) 
PARAMETRIC_REPRESENTATION_CONTEXT() REPRESENTATION_CONTEXT('2D SPACE',''
  ) );
#5526 = ADVANCED_FACE('',(#5527),#1581,.F.);
#5527 = FACE_BOUND('',#5528,.F.);
#5528 = EDGE_LOOP('',(#5529,#5552,#5553,#5554,#5555,#5556));
#5529 = ORIENTED_EDGE('',*,*,#5530,.T.);
#5530 = EDGE_CURVE('',#5531,#5435,#5533,.T.);
#5531 = VERTEX_POINT('',#5532);
#5532 = CARTESIAN_POINT('',(-6.689546463675,41.432944037475,
    15.469659122538));
#5533 = SEAM_CURVE('',#5534,(#5538,#5545),.PCURVE_S1.);
#5534 = LINE('',#5535,#5536);
#5535 = CARTESIAN_POINT('',(-6.689546463675,41.432944037475,
    15.469659122538));
#5536 = VECTOR('',#5537,1.);
#5537 = DIRECTION('',(-0.321393804843,0.766044443119,0.556670399226));
#5538 = PCURVE('',#1581,#5539);
#5539 = DEFINITIONAL_REPRESENTATION('',(#5540),#5544);
#5540 = LINE('',#5541,#5542);
#5541 = CARTESIAN_POINT('',(6.28318530718,-0.));
#5542 = VECTOR('',#5543,1.);
#5543 = DIRECTION('',(0.,1.));
#5544 = ( GEOMETRIC_REPRESENTATION_CONTEXT(2) 
PARAMETRIC_REPRESENTATION_CONTEXT() REPRESENTATION_CONTEXT('2D SPACE',''
  ) );
#5545 = PCURVE('',#1581,#5546);
#5546 = DEFINITIONAL_REPRESENTATION('',(#5547),#5551);
#5547 = LINE('',#5548,#5549);
#5548 = CARTESIAN_POINT('',(0.,-0.));
#5549 = VECTOR('',#5550,1.);
#5550 = DIRECTION('',(0.,1.));
#5551 = ( GEOMETRIC_REPRESENTATION_CONTEXT(2) 
PARAMETRIC_REPRESENTATION_CONTEXT() REPRESENTATION_CONTEXT('2D SPACE',''
  ) );
#5552 = ORIENTED_EDGE('',*,*,#5434,.F.);
#5553 = ORIENTED_EDGE('',*,*,#1564,.F.);
#5554 = ORIENTED_EDGE('',*,*,#5458,.F.);
#5555 = ORIENTED_EDGE('',*,*,#5530,.F.);
#5556 = ORIENTED_EDGE('',*,*,#5557,.T.);
#5557 = EDGE_CURVE('',#5531,#5531,#5558,.T.);
#5558 = SURFACE_CURVE('',#5559,(#5564,#5571),.PCURVE_S1.);
#5559 = CIRCLE('',#5560,4.8);
#5560 = AXIS2_PLACEMENT_3D('',#5561,#5562,#5563);
#5561 = CARTESIAN_POINT('',(-6.689546463675,44.254666676608,
    11.586634354679));
#5562 = DIRECTION('',(-0.321393804843,0.766044443119,0.556670399226));
#5563 = DIRECTION('',(0.,-0.587858883153,0.808963493304));
#5564 = PCURVE('',#1581,#5565);
#5565 = DEFINITIONAL_REPRESENTATION('',(#5566),#5570);
#5566 = LINE('',#5567,#5568);
#5567 = CARTESIAN_POINT('',(0.,0.));
#5568 = VECTOR('',#5569,1.);
#5569 = DIRECTION('',(1.,0.));
#5570 = ( GEOMETRIC_REPRESENTATION_CONTEXT(2) 
PARAMETRIC_REPRESENTATION_CONTEXT() REPRESENTATION_CONTEXT('2D SPACE',''
  ) );
#5571 = PCURVE('',#5572,#5577);
#5572 = PLANE('',#5573);
#5573 = AXIS2_PLACEMENT_3D('',#5574,#5575,#5576);
#5574 = CARTESIAN_POINT('',(-6.689546463675,44.254666676608,
    11.586634354679));
#5575 = DIRECTION('',(-0.321393804843,0.766044443119,0.556670399226));
#5576 = DIRECTION('',(0.,-0.587858883153,0.808963493304));
#5577 = DEFINITIONAL_REPRESENTATION('',(#5578),#5582);
#5578 = CIRCLE('',#5579,4.8);
#5579 = AXIS2_PLACEMENT_2D('',#5580,#5581);
#5580 = CARTESIAN_POINT('',(0.,0.));
#5581 = DIRECTION('',(1.,0.));
#5582 = ( GEOMETRIC_REPRESENTATION_CONTEXT(2) 
PARAMETRIC_REPRESENTATION_CONTEXT() REPRESENTATION_CONTEXT('2D SPACE',''
  ) );
#5583 = ADVANCED_FACE('',(#5584,#5587),#5572,.T.);
#5584 = FACE_BOUND('',#5585,.T.);
#5585 = EDGE_LOOP('',(#5586));
#5586 = ORIENTED_EDGE('',*,*,#5557,.T.);
#5587 = FACE_BOUND('',#5588,.T.);
#5588 = EDGE_LOOP('',(#5589));
#5589 = ORIENTED_EDGE('',*,*,#5590,.T.);
#5590 = EDGE_CURVE('',#5591,#5591,#5593,.T.);
#5591 = VERTEX_POINT('',#5592);
#5592 = CARTESIAN_POINT('',(-6.689546463675,45.136455001336,
    10.373189114723));
#5593 = SURFACE_CURVE('',#5594,(#5599,#5610),.PCURVE_S1.);
#5594 = CIRCLE('',#5595,1.5);
#5595 = AXIS2_PLACEMENT_3D('',#5596,#5597,#5598);
#5596 = CARTESIAN_POINT('',(-6.689546463675,44.254666676608,
    11.586634354679));
#5597 = DIRECTION('',(0.321393804843,-0.766044443119,-0.556670399226));
#5598 = DIRECTION('',(0.,0.587858883153,-0.808963493304));
#5599 = PCURVE('',#5572,#5600);
#5600 = DEFINITIONAL_REPRESENTATION('',(#5601),#5609);
#5601 = ( BOUNDED_CURVE() B_SPLINE_CURVE(2,(#5602,#5603,#5604,#5605,
#5606,#5607,#5608),.UNSPECIFIED.,.T.,.F.) B_SPLINE_CURVE_WITH_KNOTS((1,2
    ,2,2,2,1),(-2.094395102393,0.,2.094395102393,4.188790204786,
6.28318530718,8.377580409573),.UNSPECIFIED.) CURVE() 
GEOMETRIC_REPRESENTATION_ITEM() RATIONAL_B_SPLINE_CURVE((1.,0.5,1.,0.5,
1.,0.5,1.)) REPRESENTATION_ITEM('') );
#5602 = CARTESIAN_POINT('',(-1.5,4.163336342344E-17));
#5603 = CARTESIAN_POINT('',(-1.5,2.598076211353));
#5604 = CARTESIAN_POINT('',(0.75,1.299038105677));
#5605 = CARTESIAN_POINT('',(3.,2.841273128973E-16));
#5606 = CARTESIAN_POINT('',(0.75,-1.299038105677));
#5607 = CARTESIAN_POINT('',(-1.5,-2.598076211353));
#5608 = CARTESIAN_POINT('',(-1.5,4.163336342344E-17));
#5609 = ( GEOMETRIC_REPRESENTATION_CONTEXT(2) 
PARAMETRIC_REPRESENTATION_CONTEXT() REPRESENTATION_CONTEXT('2D SPACE',''
  ) );
#5610 = PCURVE('',#4272,#5611);
#5611 = DEFINITIONAL_REPRESENTATION('',(#5612),#5616);
#5612 = LINE('',#5613,#5614);
#5613 = CARTESIAN_POINT('',(0.,0.));
#5614 = VECTOR('',#5615,1.);
#5615 = DIRECTION('',(1.,0.));
#5616 = ( GEOMETRIC_REPRESENTATION_CONTEXT(2) 
PARAMETRIC_REPRESENTATION_CONTEXT() REPRESENTATION_CONTEXT('2D SPACE',''
  ) );
#5617 = ADVANCED_FACE('',(#5618),#4272,.F.);
#5618 = FACE_BOUND('',#5619,.F.);
#5619 = EDGE_LOOP('',(#5620,#5621,#5642,#5643));
#5620 = ORIENTED_EDGE('',*,*,#3998,.F.);
#5621 = ORIENTED_EDGE('',*,*,#5622,.F.);
#5622 = EDGE_CURVE('',#5591,#3999,#5623,.T.);
#5623 = SEAM_CURVE('',#5624,(#5628,#5635),.PCURVE_S1.);
#5624 = LINE('',#5625,#5626);
#5625 = CARTESIAN_POINT('',(-6.689546463675,45.136455001336,
    10.373189114723));
#5626 = VECTOR('',#5627,1.);
#5627 = DIRECTION('',(0.321393804843,-0.766044443119,-0.556670399226));
#5628 = PCURVE('',#4272,#5629);
#5629 = DEFINITIONAL_REPRESENTATION('',(#5630),#5634);
#5630 = LINE('',#5631,#5632);
#5631 = CARTESIAN_POINT('',(6.28318530718,-0.));
#5632 = VECTOR('',#5633,1.);
#5633 = DIRECTION('',(0.,1.));
#5634 = ( GEOMETRIC_REPRESENTATION_CONTEXT(2) 
PARAMETRIC_REPRESENTATION_CONTEXT() REPRESENTATION_CONTEXT('2D SPACE',''
  ) );
#5635 = PCURVE('',#4272,#5636);
#5636 = DEFINITIONAL_REPRESENTATION('',(#5637),#5641);
#5637 = LINE('',#5638,#5639);
#5638 = CARTESIAN_POINT('',(0.,-0.));
#5639 = VECTOR('',#5640,1.);
#5640 = DIRECTION('',(0.,1.));
#5641 = ( GEOMETRIC_REPRESENTATION_CONTEXT(2) 
PARAMETRIC_REPRESENTATION_CONTEXT() REPRESENTATION_CONTEXT('2D SPACE',''
  ) );
#5642 = ORIENTED_EDGE('',*,*,#5590,.T.);
#5643 = ORIENTED_EDGE('',*,*,#5622,.T.);
#5644 = ADVANCED_FACE('',(#5645),#1377,.F.);
#5645 = FACE_BOUND('',#5646,.F.);
#5646 = EDGE_LOOP('',(#5647,#5648,#5672,#5694,#5695,#5719));
#5647 = ORIENTED_EDGE('',*,*,#1361,.F.);
#5648 = ORIENTED_EDGE('',*,*,#5649,.T.);
#5649 = EDGE_CURVE('',#1362,#5650,#5652,.T.);
#5650 = VERTEX_POINT('',#5651);
#5651 = CARTESIAN_POINT('',(8.714327434188,46.259024029125,
    18.976682637664));
#5652 = SURFACE_CURVE('',#5653,(#5658,#5665),.PCURVE_S1.);
#5653 = CIRCLE('',#5654,4.8);
#5654 = AXIS2_PLACEMENT_3D('',#5655,#5656,#5657);
#5655 = CARTESIAN_POINT('',(8.714327434188,49.080746668257,
    15.093657869805));
#5656 = DIRECTION('',(0.321393804843,0.766044443119,0.556670399226));
#5657 = DIRECTION('',(5.551115123126E-17,-0.587858883153,0.808963493304)
  );
#5658 = PCURVE('',#1377,#5659);
#5659 = DEFINITIONAL_REPRESENTATION('',(#5660),#5664);
#5660 = CIRCLE('',#5661,4.8);
#5661 = AXIS2_PLACEMENT_2D('',#5662,#5663);
#5662 = CARTESIAN_POINT('',(0.,0.));
#5663 = DIRECTION('',(1.,0.));
#5664 = ( GEOMETRIC_REPRESENTATION_CONTEXT(2) 
PARAMETRIC_REPRESENTATION_CONTEXT() REPRESENTATION_CONTEXT('2D SPACE',''
  ) );
#5665 = PCURVE('',#1405,#5666);
#5666 = DEFINITIONAL_REPRESENTATION('',(#5667),#5671);
#5667 = LINE('',#5668,#5669);
#5668 = CARTESIAN_POINT('',(0.,6.3));
#5669 = VECTOR('',#5670,1.);
#5670 = DIRECTION('',(1.,0.));
#5671 = ( GEOMETRIC_REPRESENTATION_CONTEXT(2) 
PARAMETRIC_REPRESENTATION_CONTEXT() REPRESENTATION_CONTEXT('2D SPACE',''
  ) );
#5672 = ORIENTED_EDGE('',*,*,#5673,.T.);
#5673 = EDGE_CURVE('',#5650,#1389,#5674,.T.);
#5674 = SURFACE_CURVE('',#5675,(#5680,#5687),.PCURVE_S1.);
#5675 = CIRCLE('',#5676,4.8);
#5676 = AXIS2_PLACEMENT_3D('',#5677,#5678,#5679);
#5677 = CARTESIAN_POINT('',(8.714327434188,49.080746668257,
    15.093657869805));
#5678 = DIRECTION('',(0.321393804843,0.766044443119,0.556670399226));
#5679 = DIRECTION('',(5.551115123126E-17,-0.587858883153,0.808963493304)
  );
#5680 = PCURVE('',#1377,#5681);
#5681 = DEFINITIONAL_REPRESENTATION('',(#5682),#5686);
#5682 = CIRCLE('',#5683,4.8);
#5683 = AXIS2_PLACEMENT_2D('',#5684,#5685);
#5684 = CARTESIAN_POINT('',(0.,0.));
#5685 = DIRECTION('',(1.,0.));
#5686 = ( GEOMETRIC_REPRESENTATION_CONTEXT(2) 
PARAMETRIC_REPRESENTATION_CONTEXT() REPRESENTATION_CONTEXT('2D SPACE',''
  ) );
#5687 = PCURVE('',#1405,#5688);
#5688 = DEFINITIONAL_REPRESENTATION('',(#5689),#5693);
#5689 = LINE('',#5690,#5691);
#5690 = CARTESIAN_POINT('',(0.,6.3));
#5691 = VECTOR('',#5692,1.);
#5692 = DIRECTION('',(1.,0.));
#5693 = ( GEOMETRIC_REPRESENTATION_CONTEXT(2) 
PARAMETRIC_REPRESENTATION_CONTEXT() REPRESENTATION_CONTEXT('2D SPACE',''
  ) );
#5694 = ORIENTED_EDGE('',*,*,#1423,.F.);
#5695 = ORIENTED_EDGE('',*,*,#5696,.F.);
#5696 = EDGE_CURVE('',#5697,#1424,#5699,.T.);
#5697 = VERTEX_POINT('',#5698);
#5698 = CARTESIAN_POINT('',(8.714327434188,46.552953470701,
    18.572200891012));
#5699 = SURFACE_CURVE('',#5700,(#5705,#5712),.PCURVE_S1.);
#5700 = CIRCLE('',#5701,4.3);
#5701 = AXIS2_PLACEMENT_3D('',#5702,#5703,#5704);
#5702 = CARTESIAN_POINT('',(8.714327434188,49.080746668257,
    15.093657869805));
#5703 = DIRECTION('',(0.321393804843,0.766044443119,0.556670399226));
#5704 = DIRECTION('',(5.551115123126E-17,-0.587858883153,0.808963493304)
  );
#5705 = PCURVE('',#1377,#5706);
#5706 = DEFINITIONAL_REPRESENTATION('',(#5707),#5711);
#5707 = CIRCLE('',#5708,4.3);
#5708 = AXIS2_PLACEMENT_2D('',#5709,#5710);
#5709 = CARTESIAN_POINT('',(0.,0.));
#5710 = DIRECTION('',(1.,5.551115123126E-17));
#5711 = ( GEOMETRIC_REPRESENTATION_CONTEXT(2) 
PARAMETRIC_REPRESENTATION_CONTEXT() REPRESENTATION_CONTEXT('2D SPACE',''
  ) );
#5712 = PCURVE('',#1344,#5713);
#5713 = DEFINITIONAL_REPRESENTATION('',(#5714),#5718);
#5714 = LINE('',#5715,#5716);
#5715 = CARTESIAN_POINT('',(0.,0.));
#5716 = VECTOR('',#5717,1.);
#5717 = DIRECTION('',(1.,0.));
#5718 = ( GEOMETRIC_REPRESENTATION_CONTEXT(2) 
PARAMETRIC_REPRESENTATION_CONTEXT() REPRESENTATION_CONTEXT('2D SPACE',''
  ) );
#5719 = ORIENTED_EDGE('',*,*,#5720,.F.);
#5720 = EDGE_CURVE('',#1328,#5697,#5721,.T.);
#5721 = SURFACE_CURVE('',#5722,(#5727,#5734),.PCURVE_S1.);
#5722 = CIRCLE('',#5723,4.3);
#5723 = AXIS2_PLACEMENT_3D('',#5724,#5725,#5726);
#5724 = CARTESIAN_POINT('',(8.714327434188,49.080746668257,
    15.093657869805));
#5725 = DIRECTION('',(0.321393804843,0.766044443119,0.556670399226));
#5726 = DIRECTION('',(5.551115123126E-17,-0.587858883153,0.808963493304)
  );
#5727 = PCURVE('',#1377,#5728);
#5728 = DEFINITIONAL_REPRESENTATION('',(#5729),#5733);
#5729 = CIRCLE('',#5730,4.3);
#5730 = AXIS2_PLACEMENT_2D('',#5731,#5732);
#5731 = CARTESIAN_POINT('',(0.,0.));
#5732 = DIRECTION('',(1.,5.551115123126E-17));
#5733 = ( GEOMETRIC_REPRESENTATION_CONTEXT(2) 
PARAMETRIC_REPRESENTATION_CONTEXT() REPRESENTATION_CONTEXT('2D SPACE',''
  ) );
#5734 = PCURVE('',#1344,#5735);
#5735 = DEFINITIONAL_REPRESENTATION('',(#5736),#5740);
#5736 = LINE('',#5737,#5738);
#5737 = CARTESIAN_POINT('',(-6.28318530718,0.));
#5738 = VECTOR('',#5739,1.);
#5739 = DIRECTION('',(1.,0.));
#5740 = ( GEOMETRIC_REPRESENTATION_CONTEXT(2) 
PARAMETRIC_REPRESENTATION_CONTEXT() REPRESENTATION_CONTEXT('2D SPACE',''
  ) );
#5741 = ADVANCED_FACE('',(#5742),#1405,.F.);
#5742 = FACE_BOUND('',#5743,.F.);
#5743 = EDGE_LOOP('',(#5744,#5767,#5768,#5769,#5770,#5771));
#5744 = ORIENTED_EDGE('',*,*,#5745,.T.);
#5745 = EDGE_CURVE('',#5746,#5650,#5748,.T.);
#5746 = VERTEX_POINT('',#5747);
#5747 = CARTESIAN_POINT('',(6.689546463675,41.432944037475,
    15.469659122538));
#5748 = SEAM_CURVE('',#5749,(#5753,#5760),.PCURVE_S1.);
#5749 = LINE('',#5750,#5751);
#5750 = CARTESIAN_POINT('',(6.689546463675,41.432944037475,
    15.469659122538));
#5751 = VECTOR('',#5752,1.);
#5752 = DIRECTION('',(0.321393804843,0.766044443119,0.556670399226));
#5753 = PCURVE('',#1405,#5754);
#5754 = DEFINITIONAL_REPRESENTATION('',(#5755),#5759);
#5755 = LINE('',#5756,#5757);
#5756 = CARTESIAN_POINT('',(6.28318530718,-0.));
#5757 = VECTOR('',#5758,1.);
#5758 = DIRECTION('',(0.,1.));
#5759 = ( GEOMETRIC_REPRESENTATION_CONTEXT(2) 
PARAMETRIC_REPRESENTATION_CONTEXT() REPRESENTATION_CONTEXT('2D SPACE',''
  ) );
#5760 = PCURVE('',#1405,#5761);
#5761 = DEFINITIONAL_REPRESENTATION('',(#5762),#5766);
#5762 = LINE('',#5763,#5764);
#5763 = CARTESIAN_POINT('',(0.,-0.));
#5764 = VECTOR('',#5765,1.);
#5765 = DIRECTION('',(0.,1.));
#5766 = ( GEOMETRIC_REPRESENTATION_CONTEXT(2) 
PARAMETRIC_REPRESENTATION_CONTEXT() REPRESENTATION_CONTEXT('2D SPACE',''
  ) );
#5767 = ORIENTED_EDGE('',*,*,#5649,.F.);
#5768 = ORIENTED_EDGE('',*,*,#1388,.F.);
#5769 = ORIENTED_EDGE('',*,*,#5673,.F.);
#5770 = ORIENTED_EDGE('',*,*,#5745,.F.);
#5771 = ORIENTED_EDGE('',*,*,#5772,.T.);
#5772 = EDGE_CURVE('',#5746,#5746,#5773,.T.);
#5773 = SURFACE_CURVE('',#5774,(#5779,#5786),.PCURVE_S1.);
#5774 = CIRCLE('',#5775,4.8);
#5775 = AXIS2_PLACEMENT_3D('',#5776,#5777,#5778);
#5776 = CARTESIAN_POINT('',(6.689546463675,44.254666676608,
    11.586634354679));
#5777 = DIRECTION('',(0.321393804843,0.766044443119,0.556670399226));
#5778 = DIRECTION('',(5.551115123126E-17,-0.587858883153,0.808963493304)
  );
#5779 = PCURVE('',#1405,#5780);
#5780 = DEFINITIONAL_REPRESENTATION('',(#5781),#5785);
#5781 = LINE('',#5782,#5783);
#5782 = CARTESIAN_POINT('',(0.,0.));
#5783 = VECTOR('',#5784,1.);
#5784 = DIRECTION('',(1.,0.));
#5785 = ( GEOMETRIC_REPRESENTATION_CONTEXT(2) 
PARAMETRIC_REPRESENTATION_CONTEXT() REPRESENTATION_CONTEXT('2D SPACE',''
  ) );
#5786 = PCURVE('',#5787,#5792);
#5787 = PLANE('',#5788);
#5788 = AXIS2_PLACEMENT_3D('',#5789,#5790,#5791);
#5789 = CARTESIAN_POINT('',(6.689546463675,44.254666676608,
    11.586634354679));
#5790 = DIRECTION('',(0.321393804843,0.766044443119,0.556670399226));
#5791 = DIRECTION('',(2.775557561563E-17,-0.587858883153,0.808963493304)
  );
#5792 = DEFINITIONAL_REPRESENTATION('',(#5793),#5797);
#5793 = CIRCLE('',#5794,4.8);
#5794 = AXIS2_PLACEMENT_2D('',#5795,#5796);
#5795 = CARTESIAN_POINT('',(0.,0.));
#5796 = DIRECTION('',(1.,0.));
#5797 = ( GEOMETRIC_REPRESENTATION_CONTEXT(2) 
PARAMETRIC_REPRESENTATION_CONTEXT() REPRESENTATION_CONTEXT('2D SPACE',''
  ) );
#5798 = ADVANCED_FACE('',(#5799,#5802),#5787,.T.);
#5799 = FACE_BOUND('',#5800,.T.);
#5800 = EDGE_LOOP('',(#5801));
#5801 = ORIENTED_EDGE('',*,*,#5772,.T.);
#5802 = FACE_BOUND('',#5803,.T.);
#5803 = EDGE_LOOP('',(#5804));
#5804 = ORIENTED_EDGE('',*,*,#5805,.T.);
#5805 = EDGE_CURVE('',#5806,#5806,#5808,.T.);
#5806 = VERTEX_POINT('',#5807);
#5807 = CARTESIAN_POINT('',(6.689546463675,45.136455001336,
    10.373189114723));
#5808 = SURFACE_CURVE('',#5809,(#5814,#5825),.PCURVE_S1.);
#5809 = CIRCLE('',#5810,1.5);
#5810 = AXIS2_PLACEMENT_3D('',#5811,#5812,#5813);
#5811 = CARTESIAN_POINT('',(6.689546463675,44.254666676608,
    11.586634354679));
#5812 = DIRECTION('',(-0.321393804843,-0.766044443119,-0.556670399226));
#5813 = DIRECTION('',(-5.551115123126E-17,0.587858883153,-0.808963493304
    ));
#5814 = PCURVE('',#5787,#5815);
#5815 = DEFINITIONAL_REPRESENTATION('',(#5816),#5824);
#5816 = ( BOUNDED_CURVE() B_SPLINE_CURVE(2,(#5817,#5818,#5819,#5820,
#5821,#5822,#5823),.UNSPECIFIED.,.T.,.F.) B_SPLINE_CURVE_WITH_KNOTS((1,2
    ,2,2,2,1),(-2.094395102393,0.,2.094395102393,4.188790204786,
6.28318530718,8.377580409573),.UNSPECIFIED.) CURVE() 
GEOMETRIC_REPRESENTATION_ITEM() RATIONAL_B_SPLINE_CURVE((1.,0.5,1.,0.5,
1.,0.5,1.)) REPRESENTATION_ITEM('') );
#5817 = CARTESIAN_POINT('',(-1.5,-8.326672684689E-17));
#5818 = CARTESIAN_POINT('',(-1.5,2.598076211353));
#5819 = CARTESIAN_POINT('',(0.75,1.299038105677));
#5820 = CARTESIAN_POINT('',(3.,5.33927493438E-16));
#5821 = CARTESIAN_POINT('',(0.75,-1.299038105677));
#5822 = CARTESIAN_POINT('',(-1.5,-2.598076211353));
#5823 = CARTESIAN_POINT('',(-1.5,-8.326672684689E-17));
#5824 = ( GEOMETRIC_REPRESENTATION_CONTEXT(2) 
PARAMETRIC_REPRESENTATION_CONTEXT() REPRESENTATION_CONTEXT('2D SPACE',''
  ) );
#5825 = PCURVE('',#4689,#5826);
#5826 = DEFINITIONAL_REPRESENTATION('',(#5827),#5831);
#5827 = LINE('',#5828,#5829);
#5828 = CARTESIAN_POINT('',(0.,0.));
#5829 = VECTOR('',#5830,1.);
#5830 = DIRECTION('',(1.,0.));
#5831 = ( GEOMETRIC_REPRESENTATION_CONTEXT(2) 
PARAMETRIC_REPRESENTATION_CONTEXT() REPRESENTATION_CONTEXT('2D SPACE',''
  ) );
#5832 = ADVANCED_FACE('',(#5833),#4689,.F.);
#5833 = FACE_BOUND('',#5834,.F.);
#5834 = EDGE_LOOP('',(#5835,#5836,#5857,#5858));
#5835 = ORIENTED_EDGE('',*,*,#4415,.F.);
#5836 = ORIENTED_EDGE('',*,*,#5837,.F.);
#5837 = EDGE_CURVE('',#5806,#4416,#5838,.T.);
#5838 = SEAM_CURVE('',#5839,(#5843,#5850),.PCURVE_S1.);
#5839 = LINE('',#5840,#5841);
#5840 = CARTESIAN_POINT('',(6.689546463675,45.136455001336,
    10.373189114723));
#5841 = VECTOR('',#5842,1.);
#5842 = DIRECTION('',(-0.321393804843,-0.766044443119,-0.556670399226));
#5843 = PCURVE('',#4689,#5844);
#5844 = DEFINITIONAL_REPRESENTATION('',(#5845),#5849);
#5845 = LINE('',#5846,#5847);
#5846 = CARTESIAN_POINT('',(6.28318530718,-0.));
#5847 = VECTOR('',#5848,1.);
#5848 = DIRECTION('',(0.,1.));
#5849 = ( GEOMETRIC_REPRESENTATION_CONTEXT(2) 
PARAMETRIC_REPRESENTATION_CONTEXT() REPRESENTATION_CONTEXT('2D SPACE',''
  ) );
#5850 = PCURVE('',#4689,#5851);
#5851 = DEFINITIONAL_REPRESENTATION('',(#5852),#5856);
#5852 = LINE('',#5853,#5854);
#5853 = CARTESIAN_POINT('',(0.,-0.));
#5854 = VECTOR('',#5855,1.);
#5855 = DIRECTION('',(0.,1.));
#5856 = ( GEOMETRIC_REPRESENTATION_CONTEXT(2) 
PARAMETRIC_REPRESENTATION_CONTEXT() REPRESENTATION_CONTEXT('2D SPACE',''
  ) );
#5857 = ORIENTED_EDGE('',*,*,#5805,.T.);
#5858 = ORIENTED_EDGE('',*,*,#5837,.T.);
#5859 = ADVANCED_FACE('',(#5860),#2729,.T.);
#5860 = FACE_BOUND('',#5861,.F.);
#5861 = EDGE_LOOP('',(#5862));
#5862 = ORIENTED_EDGE('',*,*,#2714,.F.);
#5863 = ADVANCED_FACE('',(#5864),#1315,.F.);
#5864 = FACE_BOUND('',#5865,.F.);
#5865 = EDGE_LOOP('',(#5866,#5890,#5912));
#5866 = ORIENTED_EDGE('',*,*,#5867,.T.);
#5867 = EDGE_CURVE('',#1299,#5868,#5870,.T.);
#5868 = VERTEX_POINT('',#5869);
#5869 = CARTESIAN_POINT('',(9.742787609687,49.004295688682,
    20.353546168537));
#5870 = SURFACE_CURVE('',#5871,(#5876,#5883),.PCURVE_S1.);
#5871 = CIRCLE('',#5872,4.3);
#5872 = AXIS2_PLACEMENT_3D('',#5873,#5874,#5875);
#5873 = CARTESIAN_POINT('',(9.742787609687,51.532088886238,
    16.87500314733));
#5874 = DIRECTION('',(0.321393804843,0.766044443119,0.556670399226));
#5875 = DIRECTION('',(5.551115123126E-17,-0.587858883153,0.808963493304)
  );
#5876 = PCURVE('',#1315,#5877);
#5877 = DEFINITIONAL_REPRESENTATION('',(#5878),#5882);
#5878 = CIRCLE('',#5879,4.3);
#5879 = AXIS2_PLACEMENT_2D('',#5880,#5881);
#5880 = CARTESIAN_POINT('',(0.,0.));
#5881 = DIRECTION('',(1.,0.));
#5882 = ( GEOMETRIC_REPRESENTATION_CONTEXT(2) 
PARAMETRIC_REPRESENTATION_CONTEXT() REPRESENTATION_CONTEXT('2D SPACE',''
  ) );
#5883 = PCURVE('',#1344,#5884);
#5884 = DEFINITIONAL_REPRESENTATION('',(#5885),#5889);
#5885 = LINE('',#5886,#5887);
#5886 = CARTESIAN_POINT('',(-6.28318530718,3.2));
#5887 = VECTOR('',#5888,1.);
#5888 = DIRECTION('',(1.,0.));
#5889 = ( GEOMETRIC_REPRESENTATION_CONTEXT(2) 
PARAMETRIC_REPRESENTATION_CONTEXT() REPRESENTATION_CONTEXT('2D SPACE',''
  ) );
#5890 = ORIENTED_EDGE('',*,*,#5891,.T.);
#5891 = EDGE_CURVE('',#5868,#1301,#5892,.T.);
#5892 = SURFACE_CURVE('',#5893,(#5898,#5905),.PCURVE_S1.);
#5893 = CIRCLE('',#5894,4.3);
#5894 = AXIS2_PLACEMENT_3D('',#5895,#5896,#5897);
#5895 = CARTESIAN_POINT('',(9.742787609687,51.532088886238,
    16.87500314733));
#5896 = DIRECTION('',(0.321393804843,0.766044443119,0.556670399226));
#5897 = DIRECTION('',(5.551115123126E-17,-0.587858883153,0.808963493304)
  );
#5898 = PCURVE('',#1315,#5899);
#5899 = DEFINITIONAL_REPRESENTATION('',(#5900),#5904);
#5900 = CIRCLE('',#5901,4.3);
#5901 = AXIS2_PLACEMENT_2D('',#5902,#5903);
#5902 = CARTESIAN_POINT('',(0.,0.));
#5903 = DIRECTION('',(1.,0.));
#5904 = ( GEOMETRIC_REPRESENTATION_CONTEXT(2) 
PARAMETRIC_REPRESENTATION_CONTEXT() REPRESENTATION_CONTEXT('2D SPACE',''
  ) );
#5905 = PCURVE('',#1344,#5906);
#5906 = DEFINITIONAL_REPRESENTATION('',(#5907),#5911);
#5907 = LINE('',#5908,#5909);
#5908 = CARTESIAN_POINT('',(0.,3.2));
#5909 = VECTOR('',#5910,1.);
#5910 = DIRECTION('',(1.,0.));
#5911 = ( GEOMETRIC_REPRESENTATION_CONTEXT(2) 
PARAMETRIC_REPRESENTATION_CONTEXT() REPRESENTATION_CONTEXT('2D SPACE',''
  ) );
#5912 = ORIENTED_EDGE('',*,*,#1298,.F.);
#5913 = ADVANCED_FACE('',(#5914),#1491,.F.);
#5914 = FACE_BOUND('',#5915,.F.);
#5915 = EDGE_LOOP('',(#5916,#5940,#5962));
#5916 = ORIENTED_EDGE('',*,*,#5917,.T.);
#5917 = EDGE_CURVE('',#1475,#5918,#5920,.T.);
#5918 = VERTEX_POINT('',#5919);
#5919 = CARTESIAN_POINT('',(-9.742787609687,49.004295688682,
    20.353546168537));
#5920 = SURFACE_CURVE('',#5921,(#5926,#5933),.PCURVE_S1.);
#5921 = CIRCLE('',#5922,4.3);
#5922 = AXIS2_PLACEMENT_3D('',#5923,#5924,#5925);
#5923 = CARTESIAN_POINT('',(-9.742787609687,51.532088886238,
    16.87500314733));
#5924 = DIRECTION('',(-0.321393804843,0.766044443119,0.556670399226));
#5925 = DIRECTION('',(0.,-0.587858883153,0.808963493304));
#5926 = PCURVE('',#1491,#5927);
#5927 = DEFINITIONAL_REPRESENTATION('',(#5928),#5932);
#5928 = CIRCLE('',#5929,4.3);
#5929 = AXIS2_PLACEMENT_2D('',#5930,#5931);
#5930 = CARTESIAN_POINT('',(0.,0.));
#5931 = DIRECTION('',(1.,0.));
#5932 = ( GEOMETRIC_REPRESENTATION_CONTEXT(2) 
PARAMETRIC_REPRESENTATION_CONTEXT() REPRESENTATION_CONTEXT('2D SPACE',''
  ) );
#5933 = PCURVE('',#1520,#5934);
#5934 = DEFINITIONAL_REPRESENTATION('',(#5935),#5939);
#5935 = LINE('',#5936,#5937);
#5936 = CARTESIAN_POINT('',(0.,3.2));
#5937 = VECTOR('',#5938,1.);
#5938 = DIRECTION('',(1.,0.));
#5939 = ( GEOMETRIC_REPRESENTATION_CONTEXT(2) 
PARAMETRIC_REPRESENTATION_CONTEXT() REPRESENTATION_CONTEXT('2D SPACE',''
  ) );
#5940 = ORIENTED_EDGE('',*,*,#5941,.T.);
#5941 = EDGE_CURVE('',#5918,#1477,#5942,.T.);
#5942 = SURFACE_CURVE('',#5943,(#5948,#5955),.PCURVE_S1.);
#5943 = CIRCLE('',#5944,4.3);
#5944 = AXIS2_PLACEMENT_3D('',#5945,#5946,#5947);
#5945 = CARTESIAN_POINT('',(-9.742787609687,51.532088886238,
    16.87500314733));
#5946 = DIRECTION('',(-0.321393804843,0.766044443119,0.556670399226));
#5947 = DIRECTION('',(0.,-0.587858883153,0.808963493304));
#5948 = PCURVE('',#1491,#5949);
#5949 = DEFINITIONAL_REPRESENTATION('',(#5950),#5954);
#5950 = CIRCLE('',#5951,4.3);
#5951 = AXIS2_PLACEMENT_2D('',#5952,#5953);
#5952 = CARTESIAN_POINT('',(0.,0.));
#5953 = DIRECTION('',(1.,0.));
#5954 = ( GEOMETRIC_REPRESENTATION_CONTEXT(2) 
PARAMETRIC_REPRESENTATION_CONTEXT() REPRESENTATION_CONTEXT('2D SPACE',''
  ) );
#5955 = PCURVE('',#1520,#5956);
#5956 = DEFINITIONAL_REPRESENTATION('',(#5957),#5961);
#5957 = LINE('',#5958,#5959);
#5958 = CARTESIAN_POINT('',(6.28318530718,3.2));
#5959 = VECTOR('',#5960,1.);
#5960 = DIRECTION('',(1.,0.));
#5961 = ( GEOMETRIC_REPRESENTATION_CONTEXT(2) 
PARAMETRIC_REPRESENTATION_CONTEXT() REPRESENTATION_CONTEXT('2D SPACE',''
  ) );
#5962 = ORIENTED_EDGE('',*,*,#1474,.F.);
#5963 = ADVANCED_FACE('',(#5964),#1871,.F.);
#5964 = FACE_BOUND('',#5965,.F.);
#5965 = EDGE_LOOP('',(#5966,#5990,#6012));
#5966 = ORIENTED_EDGE('',*,*,#5967,.T.);
#5967 = EDGE_CURVE('',#1855,#5968,#5970,.T.);
#5968 = VERTEX_POINT('',#5969);
#5969 = CARTESIAN_POINT('',(22.779566324785,48.768102164586,
    1.053196247267E-15));
#5970 = SURFACE_CURVE('',#5971,(#5976,#5983),.PCURVE_S1.);
#5971 = CIRCLE('',#5972,4.3);
#5972 = AXIS2_PLACEMENT_3D('',#5973,#5974,#5975);
#5973 = CARTESIAN_POINT('',(19.485575219373,51.532088886238,0.));
#5974 = DIRECTION('',(0.642787609687,0.766044443119,0.));
#5975 = DIRECTION('',(0.766044443119,-0.642787609687,0.));
#5976 = PCURVE('',#1871,#5977);
#5977 = DEFINITIONAL_REPRESENTATION('',(#5978),#5982);
#5978 = CIRCLE('',#5979,4.3);
#5979 = AXIS2_PLACEMENT_2D('',#5980,#5981);
#5980 = CARTESIAN_POINT('',(0.,0.));
#5981 = DIRECTION('',(1.,0.));
#5982 = ( GEOMETRIC_REPRESENTATION_CONTEXT(2) 
PARAMETRIC_REPRESENTATION_CONTEXT() REPRESENTATION_CONTEXT('2D SPACE',''
  ) );
#5983 = PCURVE('',#1900,#5984);
#5984 = DEFINITIONAL_REPRESENTATION('',(#5985),#5989);
#5985 = LINE('',#5986,#5987);
#5986 = CARTESIAN_POINT('',(0.,3.2));
#5987 = VECTOR('',#5988,1.);
#5988 = DIRECTION('',(1.,0.));
#5989 = ( GEOMETRIC_REPRESENTATION_CONTEXT(2) 
PARAMETRIC_REPRESENTATION_CONTEXT() REPRESENTATION_CONTEXT('2D SPACE',''
  ) );
#5990 = ORIENTED_EDGE('',*,*,#5991,.T.);
#5991 = EDGE_CURVE('',#5968,#1857,#5992,.T.);
#5992 = SURFACE_CURVE('',#5993,(#5998,#6005),.PCURVE_S1.);
#5993 = CIRCLE('',#5994,4.3);
#5994 = AXIS2_PLACEMENT_3D('',#5995,#5996,#5997);
#5995 = CARTESIAN_POINT('',(19.485575219373,51.532088886238,0.));
#5996 = DIRECTION('',(0.642787609687,0.766044443119,0.));
#5997 = DIRECTION('',(0.766044443119,-0.642787609687,0.));
#5998 = PCURVE('',#1871,#5999);
#5999 = DEFINITIONAL_REPRESENTATION('',(#6000),#6004);
#6000 = CIRCLE('',#6001,4.3);
#6001 = AXIS2_PLACEMENT_2D('',#6002,#6003);
#6002 = CARTESIAN_POINT('',(0.,0.));
#6003 = DIRECTION('',(1.,0.));
#6004 = ( GEOMETRIC_REPRESENTATION_CONTEXT(2) 
PARAMETRIC_REPRESENTATION_CONTEXT() REPRESENTATION_CONTEXT('2D SPACE',''
  ) );
#6005 = PCURVE('',#1900,#6006);
#6006 = DEFINITIONAL_REPRESENTATION('',(#6007),#6011);
#6007 = LINE('',#6008,#6009);
#6008 = CARTESIAN_POINT('',(6.28318530718,3.2));
#6009 = VECTOR('',#6010,1.);
#6010 = DIRECTION('',(1.,0.));
#6011 = ( GEOMETRIC_REPRESENTATION_CONTEXT(2) 
PARAMETRIC_REPRESENTATION_CONTEXT() REPRESENTATION_CONTEXT('2D SPACE',''
  ) );
#6012 = ORIENTED_EDGE('',*,*,#1854,.F.);
#6013 = ADVANCED_FACE('',(#6014),#1520,.F.);
#6014 = FACE_BOUND('',#6015,.F.);
#6015 = EDGE_LOOP('',(#6016,#6017,#6018,#6019,#6020,#6021));
#6016 = ORIENTED_EDGE('',*,*,#1503,.F.);
#6017 = ORIENTED_EDGE('',*,*,#5505,.T.);
#6018 = ORIENTED_EDGE('',*,*,#5481,.T.);
#6019 = ORIENTED_EDGE('',*,*,#1621,.F.);
#6020 = ORIENTED_EDGE('',*,*,#5941,.F.);
#6021 = ORIENTED_EDGE('',*,*,#5917,.F.);
#6022 = ADVANCED_FACE('',(#6023),#1344,.F.);
#6023 = FACE_BOUND('',#6024,.F.);
#6024 = EDGE_LOOP('',(#6025,#6026,#6027,#6028,#6029,#6030));
#6025 = ORIENTED_EDGE('',*,*,#1327,.F.);
#6026 = ORIENTED_EDGE('',*,*,#5720,.T.);
#6027 = ORIENTED_EDGE('',*,*,#5696,.T.);
#6028 = ORIENTED_EDGE('',*,*,#1445,.F.);
#6029 = ORIENTED_EDGE('',*,*,#5891,.F.);
#6030 = ORIENTED_EDGE('',*,*,#5867,.F.);
#6031 = ADVANCED_FACE('',(#6032),#1900,.F.);
#6032 = FACE_BOUND('',#6033,.F.);
#6033 = EDGE_LOOP('',(#6034,#6035,#6036,#6037,#6038,#6039));
#6034 = ORIENTED_EDGE('',*,*,#1883,.F.);
#6035 = ORIENTED_EDGE('',*,*,#2103,.T.);
#6036 = ORIENTED_EDGE('',*,*,#2079,.T.);
#6037 = ORIENTED_EDGE('',*,*,#2001,.F.);
#6038 = ORIENTED_EDGE('',*,*,#5991,.F.);
#6039 = ORIENTED_EDGE('',*,*,#5967,.F.);
#6040 = ( GEOMETRIC_REPRESENTATION_CONTEXT(3) 
GLOBAL_UNCERTAINTY_ASSIGNED_CONTEXT((#6044)) 
GLOBAL_UNIT_ASSIGNED_CONTEXT((#6041,#6042,#6043)) REPRESENTATION_CONTEXT
('Context #1','3D Context with UNIT and UNCERTAINTY') );
#6041 = ( LENGTH_UNIT() NAMED_UNIT(*) SI_UNIT(.MILLI.,.METRE.) );
#6042 = ( NAMED_UNIT(*) PLANE_ANGLE_UNIT() SI_UNIT($,.RADIAN.) );
#6043 = ( NAMED_UNIT(*) SI_UNIT($,.STERADIAN.) SOLID_ANGLE_UNIT() );
#6044 = UNCERTAINTY_MEASURE_WITH_UNIT(LENGTH_MEASURE(1.E-07),#6041,
  'distance_accuracy_value','confusion accuracy');
#6045 = PRODUCT_RELATED_PRODUCT_CATEGORY('part',$,(#7));
ENDSEC;
END-ISO-10303-21;
