ISO-10303-21;
HEADER;
FILE_DESCRIPTION(('FreeCAD Model'),'2;1');
FILE_NAME('Open CASCADE Shape Model','2026-10-05T16:48:02',('FreeCAD'),(
    'FreeCAD'),'Open CASCADE STEP processor 7.5','FreeCAD','Unknown');
FILE_SCHEMA(('AUTOMOTIVE_DESIGN { 1 0 10303 214 1 1 1 1 }'));
ENDSEC;
DATA;
#1 = APPLICATION_PROTOCOL_DEFINITION('international standard',
  'automotive_design',2000,#2);
#2 = APPLICATION_CONTEXT(
  'core data for automotive mechanical design processes');
#3 = SHAPE_DEFINITION_REPRESENTATION(#4,#10);
#4 = PRODUCT_DEFINITION_SHAPE('','',#5);
#5 = PRODUCT_DEFINITION('design','',#6,#9);
#6 = PRODUCT_DEFINITION_FORMATION('','',#7);
#7 = PRODUCT('Open CASCADE STEP translator 7.5 4',
  'Open CASCADE STEP translator 7.5 4','',(#8));
#8 = PRODUCT_CONTEXT('',#2,'mechanical');
#9 = PRODUCT_DEFINITION_CONTEXT('part definition',#2,'design');
#10 = SHAPE_REPRESENTATION('',(#11,#15,#19),#23);
#11 = AXIS2_PLACEMENT_3D('',#12,#13,#14);
#12 = CARTESIAN_POINT('',(0.,0.,0.));
#13 = DIRECTION('',(0.,0.,1.));
#14 = DIRECTION('',(1.,0.,-0.));
#15 = AXIS2_PLACEMENT_3D('',#16,#17,#18);
#16 = CARTESIAN_POINT('',(0.,0.,0.));
#17 = DIRECTION('',(0.,0.,1.));
#18 = DIRECTION('',(1.,0.,-0.));
#19 = AXIS2_PLACEMENT_3D('',#20,#21,#22);
#20 = CARTESIAN_POINT('',(0.,0.,0.));
#21 = DIRECTION('',(0.,0.,1.));
#22 = DIRECTION('',(1.,0.,-0.));
#23 = ( GEOMETRIC_REPRESENTATION_CONTEXT(3) 
GLOBAL_UNCERTAINTY_ASSIGNED_CONTEXT((#27)) GLOBAL_UNIT_ASSIGNED_CONTEXT(
(#24,#25,#26)) REPRESENTATION_CONTEXT('Context #1',
  '3D Context with UNIT and UNCERTAINTY') );
#24 = ( LENGTH_UNIT() NAMED_UNIT(*) SI_UNIT(.MILLI.,.METRE.) );
#25 = ( NAMED_UNIT(*) PLANE_ANGLE_UNIT() SI_UNIT($,.RADIAN.) );
#26 = ( NAMED_UNIT(*) SI_UNIT($,.STERADIAN.) SOLID_ANGLE_UNIT() );
#27 = UNCERTAINTY_MEASURE_WITH_UNIT(LENGTH_MEASURE(1.E-07),#24,
  'distance_accuracy_value','confusion accuracy');
#28 = PRODUCT_RELATED_PRODUCT_CATEGORY('part',$,(#7));
#29 = ADVANCED_BREP_SHAPE_REPRESENTATION('',(#11,#30),#2798);
#30 = MANIFOLD_SOLID_BREP('',#31);
#31 = CLOSED_SHELL('',(#32,#266,#339,#1893,#1946,#1976,#2037,#2135,#2140
    ,#2146,#2181,#2765,#2794));
#32 = ADVANCED_FACE('',(#33),#48,.T.);
#33 = FACE_BOUND('',#34,.T.);
#34 = EDGE_LOOP('',(#35,#71,#120,#149,#172,#199,#200,#224));
#35 = ORIENTED_EDGE('',*,*,#36,.T.);
#36 = EDGE_CURVE('',#37,#39,#41,.T.);
#37 = VERTEX_POINT('',#38);
#38 = CARTESIAN_POINT('',(31.589673945769,19.4,-0.80777472107));
#39 = VERTEX_POINT('',#40);
#40 = CARTESIAN_POINT('',(-31.58967394576,19.4,-0.80777472107));
#41 = SURFACE_CURVE('',#42,(#47,#59),.PCURVE_S1.);
#42 = CIRCLE('',#43,31.6);
#43 = AXIS2_PLACEMENT_3D('',#44,#45,#46);
#44 = CARTESIAN_POINT('',(0.,19.4,0.));
#45 = DIRECTION('',(0.,1.,0.));
#46 = DIRECTION('',(0.,-0.,1.));
#47 = PCURVE('',#48,#53);
#48 = CYLINDRICAL_SURFACE('',#49,31.6);
#49 = AXIS2_PLACEMENT_3D('',#50,#51,#52);
#50 = CARTESIAN_POINT('',(0.,5.,0.));
#51 = DIRECTION('',(0.,1.,0.));
#52 = DIRECTION('',(0.,-0.,1.));
#53 = DEFINITIONAL_REPRESENTATION('',(#54),#58);
#54 = LINE('',#55,#56);
#55 = CARTESIAN_POINT('',(0.,14.4));
#56 = VECTOR('',#57,1.);
#57 = DIRECTION('',(1.,0.));
#58 = ( GEOMETRIC_REPRESENTATION_CONTEXT(2) 
PARAMETRIC_REPRESENTATION_CONTEXT() REPRESENTATION_CONTEXT('2D SPACE',''
  ) );
#59 = PCURVE('',#60,#65);
#60 = PLANE('',#61);
#61 = AXIS2_PLACEMENT_3D('',#62,#63,#64);
#62 = CARTESIAN_POINT('',(0.,19.4,0.));
#63 = DIRECTION('',(0.,1.,0.));
#64 = DIRECTION('',(0.,-0.,1.));
#65 = DEFINITIONAL_REPRESENTATION('',(#66),#70);
#66 = CIRCLE('',#67,31.6);
#67 = AXIS2_PLACEMENT_2D('',#68,#69);
#68 = CARTESIAN_POINT('',(0.,0.));
#69 = DIRECTION('',(1.,0.));
#70 = ( GEOMETRIC_REPRESENTATION_CONTEXT(2) 
PARAMETRIC_REPRESENTATION_CONTEXT() REPRESENTATION_CONTEXT('2D SPACE',''
  ) );
#71 = ORIENTED_EDGE('',*,*,#72,.T.);
#72 = EDGE_CURVE('',#39,#73,#75,.T.);
#73 = VERTEX_POINT('',#74);
#74 = CARTESIAN_POINT('',(-31.58967394576,19.4,0.80777472107));
#75 = SURFACE_CURVE('',#76,(#87,#101),.PCURVE_S1.);
#76 = B_SPLINE_CURVE_WITH_KNOTS('',5,(#77,#78,#79,#80,#81,#82,#83,#84,
    #85,#86),.UNSPECIFIED.,.F.,.F.,(6,4,6),(0.,0.499999999996,1.),
  .UNSPECIFIED.);
#77 = CARTESIAN_POINT('',(-31.58967390588,19.3999994,-0.807776280909));
#78 = CARTESIAN_POINT('',(-31.59348300088,19.457298496823,
    -0.658814158855));
#79 = CARTESIAN_POINT('',(-31.59664358685,19.502888818643,
    -0.500873557478));
#80 = CARTESIAN_POINT('',(-31.59887892868,19.534247329729,
    -0.336386392811));
#81 = CARTESIAN_POINT('',(-31.6,19.55,-0.168388335726));
#82 = CARTESIAN_POINT('',(-31.6,19.55,0.168388335729));
#83 = CARTESIAN_POINT('',(-31.59887892868,19.534247329729,0.336386392803
    ));
#84 = CARTESIAN_POINT('',(-31.59664358685,19.502888818642,0.500873557485
    ));
#85 = CARTESIAN_POINT('',(-31.59348300088,19.457298496824,0.658814158852
    ));
#86 = CARTESIAN_POINT('',(-31.58967390588,19.3999994,0.807776280909));
#87 = PCURVE('',#48,#88);
#88 = DEFINITIONAL_REPRESENTATION('',(#89),#100);
#89 = B_SPLINE_CURVE_WITH_KNOTS('',5,(#90,#91,#92,#93,#94,#95,#96,#97,
    #98,#99),.UNSPECIFIED.,.F.,.F.,(6,4,6),(0.,0.499999999996,1.),
  .UNSPECIFIED.);
#90 = CARTESIAN_POINT('',(4.686823655085,14.3999994));
#91 = CARTESIAN_POINT('',(4.691539187208,14.457298496823));
#92 = CARTESIAN_POINT('',(4.696538232095,14.502888818643));
#93 = CARTESIAN_POINT('',(4.701743842652,14.534247329729));
#94 = CARTESIAN_POINT('',(4.707060235583,14.55));
#95 = CARTESIAN_POINT('',(4.717717725186,14.55));
#96 = CARTESIAN_POINT('',(4.723034118117,14.534247329729));
#97 = CARTESIAN_POINT('',(4.728239728675,14.502888818642));
#98 = CARTESIAN_POINT('',(4.733238773562,14.457298496824));
#99 = CARTESIAN_POINT('',(4.737954305685,14.3999994));
#100 = ( GEOMETRIC_REPRESENTATION_CONTEXT(2) 
PARAMETRIC_REPRESENTATION_CONTEXT() REPRESENTATION_CONTEXT('2D SPACE',''
  ) );
#101 = PCURVE('',#102,#107);
#102 = CYLINDRICAL_SURFACE('',#103,2.25);
#103 = AXIS2_PLACEMENT_3D('',#104,#105,#106);
#104 = CARTESIAN_POINT('',(-34.6,17.3,0.));
#105 = DIRECTION('',(1.,0.,0.));
#106 = DIRECTION('',(-0.,0.,1.));
#107 = DEFINITIONAL_REPRESENTATION('',(#108),#119);
#108 = B_SPLINE_CURVE_WITH_KNOTS('',5,(#109,#110,#111,#112,#113,#114,
    #115,#116,#117,#118),.UNSPECIFIED.,.F.,.F.,(6,4,6),(0.,
    0.499999999996,1.),.UNSPECIFIED.);
#109 = CARTESIAN_POINT('',(4.345180217046,3.010326094117));
#110 = CARTESIAN_POINT('',(4.416114581149,3.006516999117));
#111 = CARTESIAN_POINT('',(4.488905098734,3.003356413147));
#112 = CARTESIAN_POINT('',(4.562883946033,3.001121071316));
#113 = CARTESIAN_POINT('',(4.637549720062,3.));
#114 = CARTESIAN_POINT('',(4.787228240709,3.));
#115 = CARTESIAN_POINT('',(4.861894014733,3.001121071316));
#116 = CARTESIAN_POINT('',(4.935872862039,3.003356413147));
#117 = CARTESIAN_POINT('',(5.008663379619,3.006516999117));
#118 = CARTESIAN_POINT('',(5.079597743723,3.010326094117));
#119 = ( GEOMETRIC_REPRESENTATION_CONTEXT(2) 
PARAMETRIC_REPRESENTATION_CONTEXT() REPRESENTATION_CONTEXT('2D SPACE',''
  ) );
#120 = ORIENTED_EDGE('',*,*,#121,.T.);
#121 = EDGE_CURVE('',#73,#122,#124,.T.);
#122 = VERTEX_POINT('',#123);
#123 = CARTESIAN_POINT('',(-7.739767770611E-15,19.4,31.6));
#124 = SURFACE_CURVE('',#125,(#130,#137),.PCURVE_S1.);
#125 = CIRCLE('',#126,31.6);
#126 = AXIS2_PLACEMENT_3D('',#127,#128,#129);
#127 = CARTESIAN_POINT('',(0.,19.4,0.));
#128 = DIRECTION('',(0.,1.,0.));
#129 = DIRECTION('',(0.,-0.,1.));
#130 = PCURVE('',#48,#131);
#131 = DEFINITIONAL_REPRESENTATION('',(#132),#136);
#132 = LINE('',#133,#134);
#133 = CARTESIAN_POINT('',(0.,14.4));
#134 = VECTOR('',#135,1.);
#135 = DIRECTION('',(1.,0.));
#136 = ( GEOMETRIC_REPRESENTATION_CONTEXT(2) 
PARAMETRIC_REPRESENTATION_CONTEXT() REPRESENTATION_CONTEXT('2D SPACE',''
  ) );
#137 = PCURVE('',#138,#143);
#138 = PLANE('',#139);
#139 = AXIS2_PLACEMENT_3D('',#140,#141,#142);
#140 = CARTESIAN_POINT('',(0.,19.4,0.));
#141 = DIRECTION('',(0.,1.,0.));
#142 = DIRECTION('',(0.,-0.,1.));
#143 = DEFINITIONAL_REPRESENTATION('',(#144),#148);
#144 = CIRCLE('',#145,31.6);
#145 = AXIS2_PLACEMENT_2D('',#146,#147);
#146 = CARTESIAN_POINT('',(0.,0.));
#147 = DIRECTION('',(1.,0.));
#148 = ( GEOMETRIC_REPRESENTATION_CONTEXT(2) 
PARAMETRIC_REPRESENTATION_CONTEXT() REPRESENTATION_CONTEXT('2D SPACE',''
  ) );
#149 = ORIENTED_EDGE('',*,*,#150,.T.);
#150 = EDGE_CURVE('',#122,#151,#153,.T.);
#151 = VERTEX_POINT('',#152);
#152 = CARTESIAN_POINT('',(-7.739767770611E-15,21.,31.6));
#153 = SEAM_CURVE('',#154,(#158,#165),.PCURVE_S1.);
#154 = LINE('',#155,#156);
#155 = CARTESIAN_POINT('',(-7.739767770611E-15,5.,31.6));
#156 = VECTOR('',#157,1.);
#157 = DIRECTION('',(0.,1.,0.));
#158 = PCURVE('',#48,#159);
#159 = DEFINITIONAL_REPRESENTATION('',(#160),#164);
#160 = LINE('',#161,#162);
#161 = CARTESIAN_POINT('',(0.,-0.));
#162 = VECTOR('',#163,1.);
#163 = DIRECTION('',(0.,1.));
#164 = ( GEOMETRIC_REPRESENTATION_CONTEXT(2) 
PARAMETRIC_REPRESENTATION_CONTEXT() REPRESENTATION_CONTEXT('2D SPACE',''
  ) );
#165 = PCURVE('',#48,#166);
#166 = DEFINITIONAL_REPRESENTATION('',(#167),#171);
#167 = LINE('',#168,#169);
#168 = CARTESIAN_POINT('',(6.28318530718,-0.));
#169 = VECTOR('',#170,1.);
#170 = DIRECTION('',(0.,1.));
#171 = ( GEOMETRIC_REPRESENTATION_CONTEXT(2) 
PARAMETRIC_REPRESENTATION_CONTEXT() REPRESENTATION_CONTEXT('2D SPACE',''
  ) );
#172 = ORIENTED_EDGE('',*,*,#173,.F.);
#173 = EDGE_CURVE('',#151,#151,#174,.T.);
#174 = SURFACE_CURVE('',#175,(#180,#187),.PCURVE_S1.);
#175 = CIRCLE('',#176,31.6);
#176 = AXIS2_PLACEMENT_3D('',#177,#178,#179);
#177 = CARTESIAN_POINT('',(0.,21.,0.));
#178 = DIRECTION('',(0.,1.,0.));
#179 = DIRECTION('',(0.,-0.,1.));
#180 = PCURVE('',#48,#181);
#181 = DEFINITIONAL_REPRESENTATION('',(#182),#186);
#182 = LINE('',#183,#184);
#183 = CARTESIAN_POINT('',(0.,16.));
#184 = VECTOR('',#185,1.);
#185 = DIRECTION('',(1.,0.));
#186 = ( GEOMETRIC_REPRESENTATION_CONTEXT(2) 
PARAMETRIC_REPRESENTATION_CONTEXT() REPRESENTATION_CONTEXT('2D SPACE',''
  ) );
#187 = PCURVE('',#188,#193);
#188 = PLANE('',#189);
#189 = AXIS2_PLACEMENT_3D('',#190,#191,#192);
#190 = CARTESIAN_POINT('',(-63.2,21.,-63.2));
#191 = DIRECTION('',(-0.,1.,0.));
#192 = DIRECTION('',(0.,0.,1.));
#193 = DEFINITIONAL_REPRESENTATION('',(#194),#198);
#194 = CIRCLE('',#195,31.6);
#195 = AXIS2_PLACEMENT_2D('',#196,#197);
#196 = CARTESIAN_POINT('',(63.2,63.2));
#197 = DIRECTION('',(1.,0.));
#198 = ( GEOMETRIC_REPRESENTATION_CONTEXT(2) 
PARAMETRIC_REPRESENTATION_CONTEXT() REPRESENTATION_CONTEXT('2D SPACE',''
  ) );
#199 = ORIENTED_EDGE('',*,*,#150,.F.);
#200 = ORIENTED_EDGE('',*,*,#201,.T.);
#201 = EDGE_CURVE('',#122,#202,#204,.T.);
#202 = VERTEX_POINT('',#203);
#203 = CARTESIAN_POINT('',(31.589673945769,19.4,0.80777472107));
#204 = SURFACE_CURVE('',#205,(#210,#217),.PCURVE_S1.);
#205 = CIRCLE('',#206,31.6);
#206 = AXIS2_PLACEMENT_3D('',#207,#208,#209);
#207 = CARTESIAN_POINT('',(0.,19.4,0.));
#208 = DIRECTION('',(0.,1.,0.));
#209 = DIRECTION('',(0.,-0.,1.));
#210 = PCURVE('',#48,#211);
#211 = DEFINITIONAL_REPRESENTATION('',(#212),#216);
#212 = LINE('',#213,#214);
#213 = CARTESIAN_POINT('',(0.,14.4));
#214 = VECTOR('',#215,1.);
#215 = DIRECTION('',(1.,0.));
#216 = ( GEOMETRIC_REPRESENTATION_CONTEXT(2) 
PARAMETRIC_REPRESENTATION_CONTEXT() REPRESENTATION_CONTEXT('2D SPACE',''
  ) );
#217 = PCURVE('',#138,#218);
#218 = DEFINITIONAL_REPRESENTATION('',(#219),#223);
#219 = CIRCLE('',#220,31.6);
#220 = AXIS2_PLACEMENT_2D('',#221,#222);
#221 = CARTESIAN_POINT('',(0.,0.));
#222 = DIRECTION('',(1.,0.));
#223 = ( GEOMETRIC_REPRESENTATION_CONTEXT(2) 
PARAMETRIC_REPRESENTATION_CONTEXT() REPRESENTATION_CONTEXT('2D SPACE',''
  ) );
#224 = ORIENTED_EDGE('',*,*,#225,.F.);
#225 = EDGE_CURVE('',#37,#202,#226,.T.);
#226 = SURFACE_CURVE('',#227,(#238,#252),.PCURVE_S1.);
#227 = B_SPLINE_CURVE_WITH_KNOTS('',5,(#228,#229,#230,#231,#232,#233,
    #234,#235,#236,#237),.UNSPECIFIED.,.F.,.F.,(6,4,6),(0.,
    0.499999999995,1.),.UNSPECIFIED.);
#228 = CARTESIAN_POINT('',(31.589673905883,19.3999994,-0.807776280909));
#229 = CARTESIAN_POINT('',(31.593483000883,19.457298496823,
    -0.658814158855));
#230 = CARTESIAN_POINT('',(31.596643586853,19.502888818643,
    -0.500873557478));
#231 = CARTESIAN_POINT('',(31.598878928684,19.534247329729,
    -0.33638639281));
#232 = CARTESIAN_POINT('',(31.6,19.55,-0.168388335726));
#233 = CARTESIAN_POINT('',(31.6,19.55,0.16838833573));
#234 = CARTESIAN_POINT('',(31.598878928684,19.53424732973,0.336386392801
    ));
#235 = CARTESIAN_POINT('',(31.596643586853,19.502888818641,
    0.500873557487));
#236 = CARTESIAN_POINT('',(31.593483000883,19.457298496825,
    0.658814158851));
#237 = CARTESIAN_POINT('',(31.589673905883,19.3999994,0.807776280909));
#238 = PCURVE('',#48,#239);
#239 = DEFINITIONAL_REPRESENTATION('',(#240),#251);
#240 = B_SPLINE_CURVE_WITH_KNOTS('',5,(#241,#242,#243,#244,#245,#246,
    #247,#248,#249,#250),.UNSPECIFIED.,.F.,.F.,(6,4,6),(0.,
    0.499999999995,1.),.UNSPECIFIED.);
#241 = CARTESIAN_POINT('',(1.596361652095,14.3999994));
#242 = CARTESIAN_POINT('',(1.591646119972,14.457298496823));
#243 = CARTESIAN_POINT('',(1.586647075085,14.502888818643));
#244 = CARTESIAN_POINT('',(1.581441464527,14.534247329729));
#245 = CARTESIAN_POINT('',(1.576125071596,14.55));
#246 = CARTESIAN_POINT('',(1.565467581993,14.55));
#247 = CARTESIAN_POINT('',(1.560151189063,14.53424732973));
#248 = CARTESIAN_POINT('',(1.554945578505,14.502888818641));
#249 = CARTESIAN_POINT('',(1.549946533618,14.457298496825));
#250 = CARTESIAN_POINT('',(1.545231001495,14.3999994));
#251 = ( GEOMETRIC_REPRESENTATION_CONTEXT(2) 
PARAMETRIC_REPRESENTATION_CONTEXT() REPRESENTATION_CONTEXT('2D SPACE',''
  ) );
#252 = PCURVE('',#102,#253);
#253 = DEFINITIONAL_REPRESENTATION('',(#254),#265);
#254 = B_SPLINE_CURVE_WITH_KNOTS('',5,(#255,#256,#257,#258,#259,#260,
    #261,#262,#263,#264),.UNSPECIFIED.,.F.,.F.,(6,4,6),(0.,
    0.499999999995,1.),.UNSPECIFIED.);
#255 = CARTESIAN_POINT('',(4.345180217046,66.189673905883));
#256 = CARTESIAN_POINT('',(4.416114581149,66.193483000883));
#257 = CARTESIAN_POINT('',(4.488905098734,66.196643586853));
#258 = CARTESIAN_POINT('',(4.562883946034,66.198878928684));
#259 = CARTESIAN_POINT('',(4.637549720062,66.2));
#260 = CARTESIAN_POINT('',(4.787228240709,66.2));
#261 = CARTESIAN_POINT('',(4.861894014732,66.198878928684));
#262 = CARTESIAN_POINT('',(4.93587286204,66.196643586853));
#263 = CARTESIAN_POINT('',(5.008663379619,66.193483000883));
#264 = CARTESIAN_POINT('',(5.079597743723,66.189673905883));
#265 = ( GEOMETRIC_REPRESENTATION_CONTEXT(2) 
PARAMETRIC_REPRESENTATION_CONTEXT() REPRESENTATION_CONTEXT('2D SPACE',''
  ) );
#266 = ADVANCED_FACE('',(#267),#60,.F.);
#267 = FACE_BOUND('',#268,.F.);
#268 = EDGE_LOOP('',(#269,#290,#291,#312));
#269 = ORIENTED_EDGE('',*,*,#270,.T.);
#270 = EDGE_CURVE('',#271,#37,#273,.T.);
#271 = VERTEX_POINT('',#272);
#272 = CARTESIAN_POINT('',(27.58817681544,19.4,-0.80777472107));
#273 = SURFACE_CURVE('',#274,(#278,#284),.PCURVE_S1.);
#274 = LINE('',#275,#276);
#275 = CARTESIAN_POINT('',(-34.6,19.4,-0.80777472107));
#276 = VECTOR('',#277,1.);
#277 = DIRECTION('',(1.,0.,0.));
#278 = PCURVE('',#60,#279);
#279 = DEFINITIONAL_REPRESENTATION('',(#280),#283);
#280 = B_SPLINE_CURVE_WITH_KNOTS('',1,(#281,#282),.UNSPECIFIED.,.F.,.F.,
  (2,2),(-5.999999999062E-07,69.2000006),.PIECEWISE_BEZIER_KNOTS.);
#281 = CARTESIAN_POINT('',(-0.80777472107,-34.6000006));
#282 = CARTESIAN_POINT('',(-0.80777472107,34.6000006));
#283 = ( GEOMETRIC_REPRESENTATION_CONTEXT(2) 
PARAMETRIC_REPRESENTATION_CONTEXT() REPRESENTATION_CONTEXT('2D SPACE',''
  ) );
#284 = PCURVE('',#102,#285);
#285 = DEFINITIONAL_REPRESENTATION('',(#286),#289);
#286 = B_SPLINE_CURVE_WITH_KNOTS('',1,(#287,#288),.UNSPECIFIED.,.F.,.F.,
  (2,2),(-5.999999999062E-07,69.2000006),.PIECEWISE_BEZIER_KNOTS.);
#287 = CARTESIAN_POINT('',(4.345180959827,-5.999999999062E-07));
#288 = CARTESIAN_POINT('',(4.345180959827,69.2000006));
#289 = ( GEOMETRIC_REPRESENTATION_CONTEXT(2) 
PARAMETRIC_REPRESENTATION_CONTEXT() REPRESENTATION_CONTEXT('2D SPACE',''
  ) );
#290 = ORIENTED_EDGE('',*,*,#36,.T.);
#291 = ORIENTED_EDGE('',*,*,#292,.T.);
#292 = EDGE_CURVE('',#39,#293,#295,.T.);
#293 = VERTEX_POINT('',#294);
#294 = CARTESIAN_POINT('',(-27.58817681544,19.4,-0.80777472107));
#295 = SURFACE_CURVE('',#296,(#300,#306),.PCURVE_S1.);
#296 = LINE('',#297,#298);
#297 = CARTESIAN_POINT('',(-34.6,19.4,-0.80777472107));
#298 = VECTOR('',#299,1.);
#299 = DIRECTION('',(1.,0.,0.));
#300 = PCURVE('',#60,#301);
#301 = DEFINITIONAL_REPRESENTATION('',(#302),#305);
#302 = B_SPLINE_CURVE_WITH_KNOTS('',1,(#303,#304),.UNSPECIFIED.,.F.,.F.,
  (2,2),(-5.999999999062E-07,69.2000006),.PIECEWISE_BEZIER_KNOTS.);
#303 = CARTESIAN_POINT('',(-0.80777472107,-34.6000006));
#304 = CARTESIAN_POINT('',(-0.80777472107,34.6000006));
#305 = ( GEOMETRIC_REPRESENTATION_CONTEXT(2) 
PARAMETRIC_REPRESENTATION_CONTEXT() REPRESENTATION_CONTEXT('2D SPACE',''
  ) );
#306 = PCURVE('',#102,#307);
#307 = DEFINITIONAL_REPRESENTATION('',(#308),#311);
#308 = B_SPLINE_CURVE_WITH_KNOTS('',1,(#309,#310),.UNSPECIFIED.,.F.,.F.,
  (2,2),(-5.999999999062E-07,69.2000006),.PIECEWISE_BEZIER_KNOTS.);
#309 = CARTESIAN_POINT('',(4.345180959827,-5.999999999062E-07));
#310 = CARTESIAN_POINT('',(4.345180959827,69.2000006));
#311 = ( GEOMETRIC_REPRESENTATION_CONTEXT(2) 
PARAMETRIC_REPRESENTATION_CONTEXT() REPRESENTATION_CONTEXT('2D SPACE',''
  ) );
#312 = ORIENTED_EDGE('',*,*,#313,.F.);
#313 = EDGE_CURVE('',#271,#293,#314,.T.);
#314 = SURFACE_CURVE('',#315,(#320,#327),.PCURVE_S1.);
#315 = CIRCLE('',#316,27.6);
#316 = AXIS2_PLACEMENT_3D('',#317,#318,#319);
#317 = CARTESIAN_POINT('',(0.,19.4,0.));
#318 = DIRECTION('',(0.,1.,0.));
#319 = DIRECTION('',(0.,-0.,1.));
#320 = PCURVE('',#60,#321);
#321 = DEFINITIONAL_REPRESENTATION('',(#322),#326);
#322 = CIRCLE('',#323,27.6);
#323 = AXIS2_PLACEMENT_2D('',#324,#325);
#324 = CARTESIAN_POINT('',(0.,0.));
#325 = DIRECTION('',(1.,0.));
#326 = ( GEOMETRIC_REPRESENTATION_CONTEXT(2) 
PARAMETRIC_REPRESENTATION_CONTEXT() REPRESENTATION_CONTEXT('2D SPACE',''
  ) );
#327 = PCURVE('',#328,#333);
#328 = CYLINDRICAL_SURFACE('',#329,27.6);
#329 = AXIS2_PLACEMENT_3D('',#330,#331,#332);
#330 = CARTESIAN_POINT('',(0.,13.,0.));
#331 = DIRECTION('',(0.,1.,0.));
#332 = DIRECTION('',(0.,-0.,1.));
#333 = DEFINITIONAL_REPRESENTATION('',(#334),#338);
#334 = LINE('',#335,#336);
#335 = CARTESIAN_POINT('',(0.,6.4));
#336 = VECTOR('',#337,1.);
#337 = DIRECTION('',(1.,0.));
#338 = ( GEOMETRIC_REPRESENTATION_CONTEXT(2) 
PARAMETRIC_REPRESENTATION_CONTEXT() REPRESENTATION_CONTEXT('2D SPACE',''
  ) );
#339 = ADVANCED_FACE('',(#340),#102,.F.);
#340 = FACE_BOUND('',#341,.F.);
#341 = EDGE_LOOP('',(#342,#509,#532,#611,#637,#711,#734,#899,#900,#901,
    #922,#985,#986,#1384,#1410,#1806,#1807,#1872,#1891,#1892));
#342 = ORIENTED_EDGE('',*,*,#343,.F.);
#343 = EDGE_CURVE('',#344,#271,#346,.T.);
#344 = VERTEX_POINT('',#345);
#345 = CARTESIAN_POINT('',(27.508135160348,17.3,2.25));
#346 = SURFACE_CURVE('',#347,(#399,#454),.PCURVE_S1.);
#347 = B_SPLINE_CURVE_WITH_KNOTS('',8,(#348,#349,#350,#351,#352,#353,
    #354,#355,#356,#357,#358,#359,#360,#361,#362,#363,#364,#365,#366,
    #367,#368,#369,#370,#371,#372,#373,#374,#375,#376,#377,#378,#379,
    #380,#381,#382,#383,#384,#385,#386,#387,#388,#389,#390,#391,#392,
    #393,#394,#395,#396,#397,#398),.UNSPECIFIED.,.F.,.F.,(9,7,7,7,7,7,7,
    9),(0.,0.244388201628,0.453001987646,0.601271727376,0.747513112889,
    0.845060922617,0.932163766295,1.),.UNSPECIFIED.);
#348 = CARTESIAN_POINT('',(27.508135160348,17.3,2.25));
#349 = CARTESIAN_POINT('',(27.508135162268,17.065369634395,
    2.249999976537));
#350 = CARTESIAN_POINT('',(27.510422204419,16.831073161887,
    2.222037200146));
#351 = CARTESIAN_POINT('',(27.514985630576,16.598848472524,
    2.166252254129));
#352 = CARTESIAN_POINT('',(27.521716474576,16.370650734935,
    2.081993304882));
#353 = CARTESIAN_POINT('',(27.530395154098,16.149081031361,
    1.968103055979));
#354 = CARTESIAN_POINT('',(27.540618499239,15.937650644534,
    1.823111356917));
#355 = CARTESIAN_POINT('',(27.551716778665,15.741144242032,
    1.645499717264));
#356 = CARTESIAN_POINT('',(27.572096563699,15.417133871438,
    1.253838459836));
#357 = CARTESIAN_POINT('',(27.581752212252,15.278241406639,1.04228311672
    ));
#358 = CARTESIAN_POINT('',(27.590699937574,15.161663154353,
    0.802631777333));
#359 = CARTESIAN_POINT('',(27.597758402039,15.076397671125,
    0.540675041149));
#360 = CARTESIAN_POINT('',(27.601831393127,15.028437533731,
    0.264382514898));
#361 = CARTESIAN_POINT('',(27.602418049031,15.020654627673,
    -1.716067126351E-02));
#362 = CARTESIAN_POINT('',(27.599699196878,15.05266972344,
    -0.294638987796));
#363 = CARTESIAN_POINT('',(27.590509355364,15.169030979587,
    -0.747836158764));
#364 = CARTESIAN_POINT('',(27.585319512889,15.235964902982,
    -0.931346312928));
#365 = CARTESIAN_POINT('',(27.578930144216,15.320936185184,
    -1.107930013583));
#366 = CARTESIAN_POINT('',(27.571602988671,15.423096129089,
    -1.275531774796));
#367 = CARTESIAN_POINT('',(27.5636676967,15.54132200957,-1.432224951015)
  );
#368 = CARTESIAN_POINT('',(27.555494318684,15.674237572043,
    -1.576247113367));
#369 = CARTESIAN_POINT('',(27.547459778002,15.820232832975,
    -1.706039170985));
#370 = CARTESIAN_POINT('',(27.532460183727,16.132582321288,
    -1.932974357845));
#371 = CARTESIAN_POINT('',(27.525665808371,16.294806926283,
    -2.027761957714));
#372 = CARTESIAN_POINT('',(27.519776917281,16.462275456335,
    -2.105285990117));
#373 = CARTESIAN_POINT('',(27.514967512952,16.633523526187,
    -2.166123432154));
#374 = CARTESIAN_POINT('',(27.511350956039,16.807380675651,
    -2.210745851812));
#375 = CARTESIAN_POINT('',(27.508994980813,16.982871555068,
    -2.239482730398));
#376 = CARTESIAN_POINT('',(27.507931477424,17.159133374462,
    -2.252490520952));
#377 = CARTESIAN_POINT('',(27.50830886972,17.452878049959,
    -2.247876010844));
#378 = CARTESIAN_POINT('',(27.509033856647,17.570341747683,
    -2.239011049356));
#379 = CARTESIAN_POINT('',(27.510330836939,17.687473475475,
    -2.223123930816));
#380 = CARTESIAN_POINT('',(27.512191387077,17.804008015299,
    -2.200174810694));
#381 = CARTESIAN_POINT('',(27.514599510731,17.919662374262,
    -2.170090602911));
#382 = CARTESIAN_POINT('',(27.517530502563,18.034124146125,-2.132767975)
  );
#383 = CARTESIAN_POINT('',(27.52094981203,18.147039872832,
    -2.088076343285));
#384 = CARTESIAN_POINT('',(27.528260467144,18.35708547985,
    -1.989236383196));
#385 = CARTESIAN_POINT('',(27.532062679773,18.454630709677,
    -1.93660366061));
#386 = CARTESIAN_POINT('',(27.536185888672,18.550343565714,
    -1.877850819469));
#387 = CARTESIAN_POINT('',(27.540589851605,18.643887548286,
    -1.81285446629));
#388 = CARTESIAN_POINT('',(27.545225157789,18.734877127249,
    -1.741486394176));
#389 = CARTESIAN_POINT('',(27.550031925591,18.822869341944,
    -1.663620761308));
#390 = CARTESIAN_POINT('',(27.554938780596,18.907355061665,
    -1.579141748663));
#391 = CARTESIAN_POINT('',(27.563696436678,19.050361909493,
    -1.416932320383));
#392 = CARTESIAN_POINT('',(27.567544275561,19.110551129944,
    -1.341776184206));
#393 = CARTESIAN_POINT('',(27.571361389811,19.167951126191,
    -1.26251647988));
#394 = CARTESIAN_POINT('',(27.575098804272,19.222191475171,
    -1.179213937843));
#395 = CARTESIAN_POINT('',(27.578704070238,19.272897629837,
    -1.091957172088));
#396 = CARTESIAN_POINT('',(27.582122526131,19.319690776411,
    -1.000863024709));
#397 = CARTESIAN_POINT('',(27.585298558183,19.36218769163,
    -0.906076910444));
#398 = CARTESIAN_POINT('',(27.588176861112,19.4000006,-0.807773161228));
#399 = PCURVE('',#102,#400);
#400 = DEFINITIONAL_REPRESENTATION('',(#401),#453);
#401 = B_SPLINE_CURVE_WITH_KNOTS('',8,(#402,#403,#404,#405,#406,#407,
    #408,#409,#410,#411,#412,#413,#414,#415,#416,#417,#418,#419,#420,
    #421,#422,#423,#424,#425,#426,#427,#428,#429,#430,#431,#432,#433,
    #434,#435,#436,#437,#438,#439,#440,#441,#442,#443,#444,#445,#446,
    #447,#448,#449,#450,#451,#452),.UNSPECIFIED.,.F.,.F.,(9,7,7,7,7,7,7,
    9),(0.,0.244388201628,0.453001987646,0.601271727376,0.747513112889,
    0.845060922617,0.932163766295,1.),.UNSPECIFIED.);
#402 = CARTESIAN_POINT('',(0.,62.108135160348));
#403 = CARTESIAN_POINT('',(0.104280162491,62.108135162268));
#404 = CARTESIAN_POINT('',(0.208411526857,62.110422204419));
#405 = CARTESIAN_POINT('',(0.313351912041,62.114985630576));
#406 = CARTESIAN_POINT('',(0.419934643566,62.121716474576));
#407 = CARTESIAN_POINT('',(0.528967059363,62.130395154098));
#408 = CARTESIAN_POINT('',(0.641273114903,62.140618499239));
#409 = CARTESIAN_POINT('',(0.757767157917,62.151716778665));
#410 = CARTESIAN_POINT('',(0.983683677328,62.172096563699));
#411 = CARTESIAN_POINT('',(1.095479252367,62.181752212252));
#412 = CARTESIAN_POINT('',(1.212289058014,62.190699937574));
#413 = CARTESIAN_POINT('',(1.332379784719,62.197758402039));
#414 = CARTESIAN_POINT('',(1.454502933943,62.201831393127));
#415 = CARTESIAN_POINT('',(1.577577431206,62.202418049031));
#416 = CARTESIAN_POINT('',(1.700565538767,62.199699196878));
#417 = CARTESIAN_POINT('',(1.908519768159,62.190509355364));
#418 = CARTESIAN_POINT('',(1.994915446201,62.185319512889));
#419 = CARTESIAN_POINT('',(2.081306319827,62.178930144216));
#420 = CARTESIAN_POINT('',(2.167695120182,62.171602988671));
#421 = CARTESIAN_POINT('',(2.254087154261,62.1636676967));
#422 = CARTESIAN_POINT('',(2.340485572611,62.155494318684));
#423 = CARTESIAN_POINT('',(2.426886513404,62.147459778002));
#424 = CARTESIAN_POINT('',(2.598479935756,62.132460183727));
#425 = CARTESIAN_POINT('',(2.681572064447,62.125665808371));
#426 = CARTESIAN_POINT('',(2.762982232331,62.119776917281));
#427 = CARTESIAN_POINT('',(2.843081703651,62.114967512952));
#428 = CARTESIAN_POINT('',(2.922220114736,62.111350956039));
#429 = CARTESIAN_POINT('',(3.00073818228,62.108994980813));
#430 = CARTESIAN_POINT('',(3.078976247735,62.107931477424));
#431 = CARTESIAN_POINT('',(3.209545544855,62.10830886972));
#432 = CARTESIAN_POINT('',(3.261806939131,62.109033856647));
#433 = CARTESIAN_POINT('',(3.314187390134,62.110330836939));
#434 = CARTESIAN_POINT('',(3.366787034405,62.112191387077));
#435 = CARTESIAN_POINT('',(3.419705719519,62.114599510731));
#436 = CARTESIAN_POINT('',(3.473045169034,62.117530502563));
#437 = CARTESIAN_POINT('',(3.526911147438,62.12094981203));
#438 = CARTESIAN_POINT('',(3.630084016623,62.128260467144));
#439 = CARTESIAN_POINT('',(3.679271379831,62.132062679773));
#440 = CARTESIAN_POINT('',(3.729055541772,62.136185888672));
#441 = CARTESIAN_POINT('',(3.779516164742,62.140589851605));
#442 = CARTESIAN_POINT('',(3.830734844863,62.145225157789));
#443 = CARTESIAN_POINT('',(3.882796510779,62.150031925591));
#444 = CARTESIAN_POINT('',(3.93579212245,62.154938780596));
#445 = CARTESIAN_POINT('',(4.031901994913,62.163696436678));
#446 = CARTESIAN_POINT('',(4.074648229503,62.167544275561));
#447 = CARTESIAN_POINT('',(4.118056508029,62.171361389811));
#448 = CARTESIAN_POINT('',(4.162126121161,62.175098804272));
#449 = CARTESIAN_POINT('',(4.206861096274,62.178704070238));
#450 = CARTESIAN_POINT('',(4.252270777675,62.182122526131));
#451 = CARTESIAN_POINT('',(4.298370406833,62.185298558183));
#452 = CARTESIAN_POINT('',(4.345181702609,62.188176861112));
#453 = ( GEOMETRIC_REPRESENTATION_CONTEXT(2) 
PARAMETRIC_REPRESENTATION_CONTEXT() REPRESENTATION_CONTEXT('2D SPACE',''
  ) );
#454 = PCURVE('',#328,#455);
#455 = DEFINITIONAL_REPRESENTATION('',(#456),#508);
#456 = B_SPLINE_CURVE_WITH_KNOTS('',8,(#457,#458,#459,#460,#461,#462,
    #463,#464,#465,#466,#467,#468,#469,#470,#471,#472,#473,#474,#475,
    #476,#477,#478,#479,#480,#481,#482,#483,#484,#485,#486,#487,#488,
    #489,#490,#491,#492,#493,#494,#495,#496,#497,#498,#499,#500,#501,
    #502,#503,#504,#505,#506,#507),.UNSPECIFIED.,.F.,.F.,(9,7,7,7,7,7,7,
    9),(0.,0.244388201628,0.453001987646,0.601271727376,0.747513112889,
    0.845060922617,0.932163766295,1.),.UNSPECIFIED.);
#457 = CARTESIAN_POINT('',(1.489184020438,4.3));
#458 = CARTESIAN_POINT('',(1.489184021291,4.065369634395));
#459 = CARTESIAN_POINT('',(1.490200548469,3.831073161887));
#460 = CARTESIAN_POINT('',(1.492228493582,3.598848472524));
#461 = CARTESIAN_POINT('',(1.495291072741,3.370650734935));
#462 = CARTESIAN_POINT('',(1.499429434314,3.149081031361));
#463 = CARTESIAN_POINT('',(1.504695595217,2.937650644534));
#464 = CARTESIAN_POINT('',(1.511143000402,2.741144242032));
#465 = CARTESIAN_POINT('',(1.525352823665,2.417133871438));
#466 = CARTESIAN_POINT('',(1.533025694925,2.278241406639));
#467 = CARTESIAN_POINT('',(1.541714261157,2.161663154353));
#468 = CARTESIAN_POINT('',(1.551207802271,2.076397671125));
#469 = CARTESIAN_POINT('',(1.561217908921,2.028437533731));
#470 = CARTESIAN_POINT('',(1.571417576383,2.020654627673));
#471 = CARTESIAN_POINT('',(1.581471068352,2.05266972344));
#472 = CARTESIAN_POINT('',(1.59789463126,2.169030979587));
#473 = CARTESIAN_POINT('',(1.604545995496,2.235964902982));
#474 = CARTESIAN_POINT('',(1.610947817847,2.320936185184));
#475 = CARTESIAN_POINT('',(1.617025830491,2.423096129089));
#476 = CARTESIAN_POINT('',(1.622710169773,2.54132200957));
#477 = CARTESIAN_POINT('',(1.62793664322,2.674237572043));
#478 = CARTESIAN_POINT('',(1.632648214388,2.820232832975));
#479 = CARTESIAN_POINT('',(1.64088844468,3.132582321288));
#480 = CARTESIAN_POINT('',(1.644331536427,3.294806926283));
#481 = CARTESIAN_POINT('',(1.647148438859,3.462275456335));
#482 = CARTESIAN_POINT('',(1.649359561776,3.633523526187));
#483 = CARTESIAN_POINT('',(1.650981616654,3.807380675651));
#484 = CARTESIAN_POINT('',(1.652026301409,3.982871555068));
#485 = CARTESIAN_POINT('',(1.652499170688,4.159133374462));
#486 = CARTESIAN_POINT('',(1.652331420084,4.452878049959));
#487 = CARTESIAN_POINT('',(1.65200915413,4.570341747683));
#488 = CARTESIAN_POINT('',(1.651431618235,4.687473475475));
#489 = CARTESIAN_POINT('',(1.650597399818,4.804008015299));
#490 = CARTESIAN_POINT('',(1.649503907659,4.919662374262));
#491 = CARTESIAN_POINT('',(1.648147479508,5.034124146125));
#492 = CARTESIAN_POINT('',(1.646523489696,5.147039872832));
#493 = CARTESIAN_POINT('',(1.642932549259,5.35708547985));
#494 = CARTESIAN_POINT('',(1.641020599867,5.454630709677));
#495 = CARTESIAN_POINT('',(1.638886645852,5.550343565714));
#496 = CARTESIAN_POINT('',(1.636526320693,5.643887548286));
#497 = CARTESIAN_POINT('',(1.633935095691,5.734877127249));
#498 = CARTESIAN_POINT('',(1.631108535641,5.822869341944));
#499 = CARTESIAN_POINT('',(1.628042568528,5.907355061665));
#500 = CARTESIAN_POINT('',(1.622156855907,6.050361909493));
#501 = CARTESIAN_POINT('',(1.619430251275,6.110551129944));
#502 = CARTESIAN_POINT('',(1.616555217325,6.167951126191));
#503 = CARTESIAN_POINT('',(1.613534007606,6.222191475171));
#504 = CARTESIAN_POINT('',(1.610369875513,6.272897629837));
#505 = CARTESIAN_POINT('',(1.607067082548,6.319690776411));
#506 = CARTESIAN_POINT('',(1.603630906587,6.36218769163));
#507 = CARTESIAN_POINT('',(1.600067650134,6.4000006));
#508 = ( GEOMETRIC_REPRESENTATION_CONTEXT(2) 
PARAMETRIC_REPRESENTATION_CONTEXT() REPRESENTATION_CONTEXT('2D SPACE',''
  ) );
#509 = ORIENTED_EDGE('',*,*,#510,.F.);
#510 = EDGE_CURVE('',#511,#344,#513,.T.);
#511 = VERTEX_POINT('',#512);
#512 = CARTESIAN_POINT('',(24.79813501052,17.3,2.25));
#513 = SEAM_CURVE('',#514,(#518,#525),.PCURVE_S1.);
#514 = LINE('',#515,#516);
#515 = CARTESIAN_POINT('',(-34.6,17.3,2.25));
#516 = VECTOR('',#517,1.);
#517 = DIRECTION('',(1.,0.,0.));
#518 = PCURVE('',#102,#519);
#519 = DEFINITIONAL_REPRESENTATION('',(#520),#524);
#520 = LINE('',#521,#522);
#521 = CARTESIAN_POINT('',(6.28318530718,-0.));
#522 = VECTOR('',#523,1.);
#523 = DIRECTION('',(0.,1.));
#524 = ( GEOMETRIC_REPRESENTATION_CONTEXT(2) 
PARAMETRIC_REPRESENTATION_CONTEXT() REPRESENTATION_CONTEXT('2D SPACE',''
  ) );
#525 = PCURVE('',#102,#526);
#526 = DEFINITIONAL_REPRESENTATION('',(#527),#531);
#527 = LINE('',#528,#529);
#528 = CARTESIAN_POINT('',(0.,-0.));
#529 = VECTOR('',#530,1.);
#530 = DIRECTION('',(0.,1.));
#531 = ( GEOMETRIC_REPRESENTATION_CONTEXT(2) 
PARAMETRIC_REPRESENTATION_CONTEXT() REPRESENTATION_CONTEXT('2D SPACE',''
  ) );
#532 = ORIENTED_EDGE('',*,*,#533,.T.);
#533 = EDGE_CURVE('',#511,#534,#536,.T.);
#534 = VERTEX_POINT('',#535);
#535 = CARTESIAN_POINT('',(23.060518207534,15.5,1.35));
#536 = SURFACE_CURVE('',#537,(#558,#582),.PCURVE_S1.);
#537 = B_SPLINE_CURVE_WITH_KNOTS('',7,(#538,#539,#540,#541,#542,#543,
    #544,#545,#546,#547,#548,#549,#550,#551,#552,#553,#554,#555,#556,
    #557),.UNSPECIFIED.,.F.,.F.,(8,6,6,8),(0.,0.44253508003,
    0.811097236904,1.),.UNSPECIFIED.);
#538 = CARTESIAN_POINT('',(24.79813501052,17.3,2.25));
#539 = CARTESIAN_POINT('',(24.680754433512,17.183099622467,
    2.249999998085));
#540 = CARTESIAN_POINT('',(24.563778556032,17.065967271457,
    2.242913789338));
#541 = CARTESIAN_POINT('',(24.447317243498,16.9486951755,2.228692257464)
  );
#542 = CARTESIAN_POINT('',(24.331503204427,16.831400850537,
    2.207174535075));
#543 = CARTESIAN_POINT('',(24.216490867267,16.714227391721,
    2.178107896391));
#544 = CARTESIAN_POINT('',(24.102458815605,16.597348056468,
    2.141119204958));
#545 = CARTESIAN_POINT('',(23.895635273022,16.38405479163,2.057759152501
    ));
#546 = CARTESIAN_POINT('',(23.802512069465,16.287519299012,
    2.014002702105));
#547 = CARTESIAN_POINT('',(23.710340741073,16.191465128984,
    1.964033546512));
#548 = CARTESIAN_POINT('',(23.619279398498,16.096057266798,
    1.907433653427));
#549 = CARTESIAN_POINT('',(23.529554864261,16.001538545122,
    1.843671186968));
#550 = CARTESIAN_POINT('',(23.441460640499,15.908231508514,
    1.772099898871));
#551 = CARTESIAN_POINT('',(23.311280289558,15.769609786684,
    1.650548041819));
#552 = CARTESIAN_POINT('',(23.267709884338,15.723082890192,
    1.607058740406));
#553 = CARTESIAN_POINT('',(23.224734438129,15.677061752708,
    1.561138483986));
#554 = CARTESIAN_POINT('',(23.182425693265,15.631627233035,
    1.512642856023));
#555 = CARTESIAN_POINT('',(23.140874500242,15.58688211666,1.461413830264
    ));
#556 = CARTESIAN_POINT('',(23.100192855517,15.542953894,1.407271858666)
  );
#557 = CARTESIAN_POINT('',(23.060518207534,15.5,1.35));
#558 = PCURVE('',#102,#559);
#559 = DEFINITIONAL_REPRESENTATION('',(#560),#581);
#560 = B_SPLINE_CURVE_WITH_KNOTS('',7,(#561,#562,#563,#564,#565,#566,
    #567,#568,#569,#570,#571,#572,#573,#574,#575,#576,#577,#578,#579,
    #580),.UNSPECIFIED.,.F.,.F.,(8,6,6,8),(0.,0.44253508003,
    0.811097236904,1.),.UNSPECIFIED.);
#561 = CARTESIAN_POINT('',(0.,59.39813501052));
#562 = CARTESIAN_POINT('',(5.195572334792E-02,59.280754433512));
#563 = CARTESIAN_POINT('',(0.104014746638,59.163778556032));
#564 = CARTESIAN_POINT('',(0.156364084035,59.047317243498));
#565 = CARTESIAN_POINT('',(0.209187041651,58.931503204427));
#566 = CARTESIAN_POINT('',(0.26267289012,58.816490867267));
#567 = CARTESIAN_POINT('',(0.317039763868,58.702458815605));
#568 = CARTESIAN_POINT('',(0.418819400116,58.495635273022));
#569 = CARTESIAN_POINT('',(0.465859551449,58.402512069465));
#570 = CARTESIAN_POINT('',(0.513867493811,58.310340741073));
#571 = CARTESIAN_POINT('',(0.563027615314,58.219279398498));
#572 = CARTESIAN_POINT('',(0.61355610327,58.129554864261));
#573 = CARTESIAN_POINT('',(0.665708450745,58.041460640499));
#574 = CARTESIAN_POINT('',(0.747648911775,57.911280289558));
#575 = CARTESIAN_POINT('',(0.775940097358,57.867709884338));
#576 = CARTESIAN_POINT('',(0.804809483876,57.824734438129));
#577 = CARTESIAN_POINT('',(0.834313480296,57.782425693265));
#578 = CARTESIAN_POINT('',(0.864512832747,57.740874500242));
#579 = CARTESIAN_POINT('',(0.895477518743,57.700192855517));
#580 = CARTESIAN_POINT('',(0.927295218002,57.660518207534));
#581 = ( GEOMETRIC_REPRESENTATION_CONTEXT(2) 
PARAMETRIC_REPRESENTATION_CONTEXT() REPRESENTATION_CONTEXT('2D SPACE',''
  ) );
#582 = PCURVE('',#583,#588);
#583 = CONICAL_SURFACE('',#584,23.1,0.785398163397);
#584 = AXIS2_PLACEMENT_3D('',#585,#586,#587);
#585 = CARTESIAN_POINT('',(0.,15.5,0.));
#586 = DIRECTION('',(0.,1.,0.));
#587 = DIRECTION('',(0.,-0.,1.));
#588 = DEFINITIONAL_REPRESENTATION('',(#589),#610);
#589 = B_SPLINE_CURVE_WITH_KNOTS('',7,(#590,#591,#592,#593,#594,#595,
    #596,#597,#598,#599,#600,#601,#602,#603,#604,#605,#606,#607,#608,
    #609),.UNSPECIFIED.,.F.,.F.,(8,6,6,8),(0.,0.44253508003,
    0.811097236904,1.),.UNSPECIFIED.);
#590 = CARTESIAN_POINT('',(1.480311457229,1.8));
#591 = CARTESIAN_POINT('',(1.479885486276,1.683099622467));
#592 = CARTESIAN_POINT('',(1.479739741978,1.565967271457));
#593 = CARTESIAN_POINT('',(1.479882085685,1.4486951755));
#594 = CARTESIAN_POINT('',(1.480325269855,1.331400850537));
#595 = CARTESIAN_POINT('',(1.481086281477,1.214227391721));
#596 = CARTESIAN_POINT('',(1.482187758392,1.097348056468));
#597 = CARTESIAN_POINT('',(1.484888855646,0.88405479163));
#598 = CARTESIAN_POINT('',(1.486374011131,0.787519299012));
#599 = CARTESIAN_POINT('',(1.488135427042,0.691465128985));
#600 = CARTESIAN_POINT('',(1.490195675914,0.596057266798));
#601 = CARTESIAN_POINT('',(1.492582877821,0.501538545122));
#602 = CARTESIAN_POINT('',(1.495330703557,0.408231508514));
#603 = CARTESIAN_POINT('',(1.500106349742,0.269609786684));
#604 = CARTESIAN_POINT('',(1.501831848063,0.223082890192));
#605 = CARTESIAN_POINT('',(1.503671079278,0.177061752708));
#606 = CARTESIAN_POINT('',(1.50563123783,0.131627233035));
#607 = CARTESIAN_POINT('',(1.507720183729,8.688211666007E-02));
#608 = CARTESIAN_POINT('',(1.509946760769,4.295389399976E-02));
#609 = CARTESIAN_POINT('',(1.512321450083,0.));
#610 = ( GEOMETRIC_REPRESENTATION_CONTEXT(2) 
PARAMETRIC_REPRESENTATION_CONTEXT() REPRESENTATION_CONTEXT('2D SPACE',''
  ) );
#611 = ORIENTED_EDGE('',*,*,#612,.F.);
#612 = EDGE_CURVE('',#613,#534,#615,.T.);
#613 = VERTEX_POINT('',#614);
#614 = CARTESIAN_POINT('',(-23.06051820753,15.5,1.35));
#615 = SURFACE_CURVE('',#616,(#620,#626),.PCURVE_S1.);
#616 = LINE('',#617,#618);
#617 = CARTESIAN_POINT('',(-34.6,15.5,1.35));
#618 = VECTOR('',#619,1.);
#619 = DIRECTION('',(1.,0.,0.));
#620 = PCURVE('',#102,#621);
#621 = DEFINITIONAL_REPRESENTATION('',(#622),#625);
#622 = B_SPLINE_CURVE_WITH_KNOTS('',1,(#623,#624),.UNSPECIFIED.,.F.,.F.,
  (2,2),(6.88,62.32),.PIECEWISE_BEZIER_KNOTS.);
#623 = CARTESIAN_POINT('',(0.927295218002,6.88));
#624 = CARTESIAN_POINT('',(0.927295218002,62.32));
#625 = ( GEOMETRIC_REPRESENTATION_CONTEXT(2) 
PARAMETRIC_REPRESENTATION_CONTEXT() REPRESENTATION_CONTEXT('2D SPACE',''
  ) );
#626 = PCURVE('',#627,#632);
#627 = PLANE('',#628);
#628 = AXIS2_PLACEMENT_3D('',#629,#630,#631);
#629 = CARTESIAN_POINT('',(0.,15.5,0.));
#630 = DIRECTION('',(0.,1.,0.));
#631 = DIRECTION('',(0.,-0.,1.));
#632 = DEFINITIONAL_REPRESENTATION('',(#633),#636);
#633 = B_SPLINE_CURVE_WITH_KNOTS('',1,(#634,#635),.UNSPECIFIED.,.F.,.F.,
  (2,2),(6.88,62.32),.PIECEWISE_BEZIER_KNOTS.);
#634 = CARTESIAN_POINT('',(1.35,-27.72));
#635 = CARTESIAN_POINT('',(1.35,27.72));
#636 = ( GEOMETRIC_REPRESENTATION_CONTEXT(2) 
PARAMETRIC_REPRESENTATION_CONTEXT() REPRESENTATION_CONTEXT('2D SPACE',''
  ) );
#637 = ORIENTED_EDGE('',*,*,#638,.F.);
#638 = EDGE_CURVE('',#639,#613,#641,.T.);
#639 = VERTEX_POINT('',#640);
#640 = CARTESIAN_POINT('',(-24.79813501052,17.3,2.25));
#641 = SURFACE_CURVE('',#642,(#663,#687),.PCURVE_S1.);
#642 = B_SPLINE_CURVE_WITH_KNOTS('',7,(#643,#644,#645,#646,#647,#648,
    #649,#650,#651,#652,#653,#654,#655,#656,#657,#658,#659,#660,#661,
    #662),.UNSPECIFIED.,.F.,.F.,(8,6,6,8),(0.,0.44253508003,
    0.811097236905,1.),.UNSPECIFIED.);
#643 = CARTESIAN_POINT('',(-24.79813501052,17.3,2.25));
#644 = CARTESIAN_POINT('',(-24.68075443351,17.183099622467,
    2.249999998085));
#645 = CARTESIAN_POINT('',(-24.56377855603,17.065967271457,
    2.242913789338));
#646 = CARTESIAN_POINT('',(-24.44731724349,16.9486951755,2.228692257464)
  );
#647 = CARTESIAN_POINT('',(-24.33150320442,16.831400850537,
    2.207174535075));
#648 = CARTESIAN_POINT('',(-24.21649086726,16.714227391721,
    2.178107896391));
#649 = CARTESIAN_POINT('',(-24.1024588156,16.597348056468,2.141119204958
    ));
#650 = CARTESIAN_POINT('',(-23.89563527302,16.38405479163,2.057759152501
    ));
#651 = CARTESIAN_POINT('',(-23.80251206946,16.287519299013,
    2.014002702105));
#652 = CARTESIAN_POINT('',(-23.71034074107,16.191465128984,
    1.964033546512));
#653 = CARTESIAN_POINT('',(-23.61927939849,16.096057266798,
    1.907433653427));
#654 = CARTESIAN_POINT('',(-23.52955486426,16.001538545122,
    1.843671186968));
#655 = CARTESIAN_POINT('',(-23.4414606405,15.908231508515,1.772099898871
    ));
#656 = CARTESIAN_POINT('',(-23.31128028955,15.769609786684,
    1.650548041819));
#657 = CARTESIAN_POINT('',(-23.26770988433,15.723082890192,
    1.607058740406));
#658 = CARTESIAN_POINT('',(-23.22473443812,15.677061752708,
    1.561138483986));
#659 = CARTESIAN_POINT('',(-23.18242569326,15.631627233035,
    1.512642856023));
#660 = CARTESIAN_POINT('',(-23.14087450024,15.58688211666,1.461413830264
    ));
#661 = CARTESIAN_POINT('',(-23.10019285551,15.542953894,1.407271858666)
  );
#662 = CARTESIAN_POINT('',(-23.06051820753,15.5,1.35));
#663 = PCURVE('',#102,#664);
#664 = DEFINITIONAL_REPRESENTATION('',(#665),#686);
#665 = B_SPLINE_CURVE_WITH_KNOTS('',7,(#666,#667,#668,#669,#670,#671,
    #672,#673,#674,#675,#676,#677,#678,#679,#680,#681,#682,#683,#684,
    #685),.UNSPECIFIED.,.F.,.F.,(8,6,6,8),(0.,0.44253508003,
    0.811097236905,1.),.UNSPECIFIED.);
#666 = CARTESIAN_POINT('',(0.,9.80186498948));
#667 = CARTESIAN_POINT('',(5.19557233479E-02,9.919245566488));
#668 = CARTESIAN_POINT('',(0.104014746638,10.036221443968));
#669 = CARTESIAN_POINT('',(0.156364084035,10.152682756502));
#670 = CARTESIAN_POINT('',(0.209187041651,10.268496795573));
#671 = CARTESIAN_POINT('',(0.26267289012,10.383509132733));
#672 = CARTESIAN_POINT('',(0.317039763868,10.497541184395));
#673 = CARTESIAN_POINT('',(0.418819400116,10.704364726978));
#674 = CARTESIAN_POINT('',(0.465859551449,10.797487930535));
#675 = CARTESIAN_POINT('',(0.513867493811,10.889659258928));
#676 = CARTESIAN_POINT('',(0.563027615314,10.980720601502));
#677 = CARTESIAN_POINT('',(0.61355610327,11.070445135739));
#678 = CARTESIAN_POINT('',(0.665708450745,11.1585393595));
#679 = CARTESIAN_POINT('',(0.747648911775,11.288719710442));
#680 = CARTESIAN_POINT('',(0.775940097358,11.332290115662));
#681 = CARTESIAN_POINT('',(0.804809483876,11.375265561871));
#682 = CARTESIAN_POINT('',(0.834313480296,11.417574306735));
#683 = CARTESIAN_POINT('',(0.864512832748,11.459125499758));
#684 = CARTESIAN_POINT('',(0.895477518743,11.499807144483));
#685 = CARTESIAN_POINT('',(0.927295218002,11.539481792466));
#686 = ( GEOMETRIC_REPRESENTATION_CONTEXT(2) 
PARAMETRIC_REPRESENTATION_CONTEXT() REPRESENTATION_CONTEXT('2D SPACE',''
  ) );
#687 = PCURVE('',#583,#688);
#688 = DEFINITIONAL_REPRESENTATION('',(#689),#710);
#689 = B_SPLINE_CURVE_WITH_KNOTS('',7,(#690,#691,#692,#693,#694,#695,
    #696,#697,#698,#699,#700,#701,#702,#703,#704,#705,#706,#707,#708,
    #709),.UNSPECIFIED.,.F.,.F.,(8,6,6,8),(0.,0.44253508003,
    0.811097236905,1.),.UNSPECIFIED.);
#690 = CARTESIAN_POINT('',(4.80287384995,1.8));
#691 = CARTESIAN_POINT('',(4.803299820904,1.683099622467));
#692 = CARTESIAN_POINT('',(4.803445565202,1.565967271457));
#693 = CARTESIAN_POINT('',(4.803303221494,1.4486951755));
#694 = CARTESIAN_POINT('',(4.802860037325,1.331400850537));
#695 = CARTESIAN_POINT('',(4.802099025702,1.214227391721));
#696 = CARTESIAN_POINT('',(4.800997548788,1.097348056468));
#697 = CARTESIAN_POINT('',(4.798296451533,0.88405479163));
#698 = CARTESIAN_POINT('',(4.796811296049,0.787519299013));
#699 = CARTESIAN_POINT('',(4.795049880137,0.691465128984));
#700 = CARTESIAN_POINT('',(4.792989631265,0.596057266798));
#701 = CARTESIAN_POINT('',(4.790602429358,0.501538545122));
#702 = CARTESIAN_POINT('',(4.787854603623,0.408231508515));
#703 = CARTESIAN_POINT('',(4.783078957438,0.269609786684));
#704 = CARTESIAN_POINT('',(4.781353459116,0.223082890192));
#705 = CARTESIAN_POINT('',(4.779514227901,0.177061752708));
#706 = CARTESIAN_POINT('',(4.777554069349,0.131627233035));
#707 = CARTESIAN_POINT('',(4.77546512345,8.688211666001E-02));
#708 = CARTESIAN_POINT('',(4.77323854641,4.295389399979E-02));
#709 = CARTESIAN_POINT('',(4.770863857096,0.));
#710 = ( GEOMETRIC_REPRESENTATION_CONTEXT(2) 
PARAMETRIC_REPRESENTATION_CONTEXT() REPRESENTATION_CONTEXT('2D SPACE',''
  ) );
#711 = ORIENTED_EDGE('',*,*,#712,.F.);
#712 = EDGE_CURVE('',#713,#639,#715,.T.);
#713 = VERTEX_POINT('',#714);
#714 = CARTESIAN_POINT('',(-27.50813516034,17.3,2.25));
#715 = SEAM_CURVE('',#716,(#720,#727),.PCURVE_S1.);
#716 = LINE('',#717,#718);
#717 = CARTESIAN_POINT('',(-34.6,17.3,2.25));
#718 = VECTOR('',#719,1.);
#719 = DIRECTION('',(1.,0.,0.));
#720 = PCURVE('',#102,#721);
#721 = DEFINITIONAL_REPRESENTATION('',(#722),#726);
#722 = LINE('',#723,#724);
#723 = CARTESIAN_POINT('',(6.28318530718,-0.));
#724 = VECTOR('',#725,1.);
#725 = DIRECTION('',(0.,1.));
#726 = ( GEOMETRIC_REPRESENTATION_CONTEXT(2) 
PARAMETRIC_REPRESENTATION_CONTEXT() REPRESENTATION_CONTEXT('2D SPACE',''
  ) );
#727 = PCURVE('',#102,#728);
#728 = DEFINITIONAL_REPRESENTATION('',(#729),#733);
#729 = LINE('',#730,#731);
#730 = CARTESIAN_POINT('',(0.,-0.));
#731 = VECTOR('',#732,1.);
#732 = DIRECTION('',(0.,1.));
#733 = ( GEOMETRIC_REPRESENTATION_CONTEXT(2) 
PARAMETRIC_REPRESENTATION_CONTEXT() REPRESENTATION_CONTEXT('2D SPACE',''
  ) );
#734 = ORIENTED_EDGE('',*,*,#735,.T.);
#735 = EDGE_CURVE('',#713,#293,#736,.T.);
#736 = SURFACE_CURVE('',#737,(#789,#844),.PCURVE_S1.);
#737 = B_SPLINE_CURVE_WITH_KNOTS('',8,(#738,#739,#740,#741,#742,#743,
    #744,#745,#746,#747,#748,#749,#750,#751,#752,#753,#754,#755,#756,
    #757,#758,#759,#760,#761,#762,#763,#764,#765,#766,#767,#768,#769,
    #770,#771,#772,#773,#774,#775,#776,#777,#778,#779,#780,#781,#782,
    #783,#784,#785,#786,#787,#788),.UNSPECIFIED.,.F.,.F.,(9,7,7,7,7,7,7,
    9),(0.,0.244388196366,0.453001981585,0.601271720777,0.747513105753,
    0.845060915123,0.932163766638,1.),.UNSPECIFIED.);
#738 = CARTESIAN_POINT('',(-27.50813516034,17.3,2.25));
#739 = CARTESIAN_POINT('',(-27.50813516226,17.065369638495,
    2.249999976537));
#740 = CARTESIAN_POINT('',(-27.51042220458,16.831073149997,
    2.222037197258));
#741 = CARTESIAN_POINT('',(-27.51498563021,16.598848484816,
    2.166252260535));
#742 = CARTESIAN_POINT('',(-27.52171647471,16.370650735579,
    2.081993302239));
#743 = CARTESIAN_POINT('',(-27.53039515445,16.14908101902,1.968103049709
    ));
#744 = CARTESIAN_POINT('',(-27.54061849876,15.937650654994,
    1.823111365607));
#745 = CARTESIAN_POINT('',(-27.55171677886,15.741144238906,
    1.645499713484));
#746 = CARTESIAN_POINT('',(-27.57209656369,15.417133871466,
    1.253838459869));
#747 = CARTESIAN_POINT('',(-27.58175221225,15.278241406612,
    1.042283116703));
#748 = CARTESIAN_POINT('',(-27.59069993757,15.16166315434,0.802631777288
    ));
#749 = CARTESIAN_POINT('',(-27.59775840203,15.076397671144,
    0.540675041151));
#750 = CARTESIAN_POINT('',(-27.60183139312,15.028437533739,
    0.264382514941));
#751 = CARTESIAN_POINT('',(-27.60241804903,15.020654627655,
    -1.716067123992E-02));
#752 = CARTESIAN_POINT('',(-27.59969919687,15.052669723451,
    -0.294638987839));
#753 = CARTESIAN_POINT('',(-27.59050935536,15.169030979589,
    -0.747836158772));
#754 = CARTESIAN_POINT('',(-27.58531951288,15.235964902982,
    -0.931346312923));
#755 = CARTESIAN_POINT('',(-27.57893014421,15.32093618518,
    -1.107930013577));
#756 = CARTESIAN_POINT('',(-27.57160298867,15.423096129087,
    -1.275531774797));
#757 = CARTESIAN_POINT('',(-27.5636676967,15.541322009575,
    -1.432224951021));
#758 = CARTESIAN_POINT('',(-27.55549431868,15.674237572048,
    -1.576247113369));
#759 = CARTESIAN_POINT('',(-27.547459778,15.820232832969,-1.70603917098)
  );
#760 = CARTESIAN_POINT('',(-27.53246018372,16.132582321288,
    -1.932974357845));
#761 = CARTESIAN_POINT('',(-27.52566580837,16.294806926283,
    -2.027761957714));
#762 = CARTESIAN_POINT('',(-27.51977691728,16.462275456336,
    -2.105285990117));
#763 = CARTESIAN_POINT('',(-27.51496751295,16.633523526187,
    -2.166123432154));
#764 = CARTESIAN_POINT('',(-27.51135095603,16.807380675651,
    -2.210745851811));
#765 = CARTESIAN_POINT('',(-27.50899498081,16.982871555069,
    -2.239482730398));
#766 = CARTESIAN_POINT('',(-27.50793147742,17.159133374462,
    -2.252490520952));
#767 = CARTESIAN_POINT('',(-27.50830886972,17.452878049959,
    -2.247876010844));
#768 = CARTESIAN_POINT('',(-27.50903385664,17.570341747683,
    -2.239011049356));
#769 = CARTESIAN_POINT('',(-27.51033083693,17.687473475475,
    -2.223123930816));
#770 = CARTESIAN_POINT('',(-27.51219138707,17.804008015299,
    -2.200174810694));
#771 = CARTESIAN_POINT('',(-27.51459951073,17.919662374262,
    -2.170090602911));
#772 = CARTESIAN_POINT('',(-27.51753050256,18.034124146125,-2.132767975)
  );
#773 = CARTESIAN_POINT('',(-27.52094981203,18.147039872831,
    -2.088076343285));
#774 = CARTESIAN_POINT('',(-27.52826046746,18.35708548913,-1.98923637883
    ));
#775 = CARTESIAN_POINT('',(-27.53206267961,18.454630703729,
    -1.93660366195));
#776 = CARTESIAN_POINT('',(-27.53618588828,18.550343557142,
    -1.877850825631));
#777 = CARTESIAN_POINT('',(-27.54058985154,18.643887549211,
    -1.81285446814));
#778 = CARTESIAN_POINT('',(-27.5452251582,18.734877135663,
    -1.741486387351));
#779 = CARTESIAN_POINT('',(-27.55003192589,18.82286934573,
    -1.663620755246));
#780 = CARTESIAN_POINT('',(-27.55493878012,18.907355054024,
    -1.57914175733));
#781 = CARTESIAN_POINT('',(-27.56369643667,19.050361909493,
    -1.416932320383));
#782 = CARTESIAN_POINT('',(-27.56754427556,19.110551129944,
    -1.341776184206));
#783 = CARTESIAN_POINT('',(-27.57136138981,19.167951126191,
    -1.26251647988));
#784 = CARTESIAN_POINT('',(-27.57509880427,19.222191475171,
    -1.179213937843));
#785 = CARTESIAN_POINT('',(-27.57870407023,19.272897629837,
    -1.091957172088));
#786 = CARTESIAN_POINT('',(-27.58212252613,19.319690776411,
    -1.000863024708));
#787 = CARTESIAN_POINT('',(-27.58529855818,19.36218769163,
    -0.906076910444));
#788 = CARTESIAN_POINT('',(-27.58817686111,19.4000006,-0.807773161228));
#789 = PCURVE('',#102,#790);
#790 = DEFINITIONAL_REPRESENTATION('',(#791),#843);
#791 = B_SPLINE_CURVE_WITH_KNOTS('',8,(#792,#793,#794,#795,#796,#797,
    #798,#799,#800,#801,#802,#803,#804,#805,#806,#807,#808,#809,#810,
    #811,#812,#813,#814,#815,#816,#817,#818,#819,#820,#821,#822,#823,
    #824,#825,#826,#827,#828,#829,#830,#831,#832,#833,#834,#835,#836,
    #837,#838,#839,#840,#841,#842),.UNSPECIFIED.,.F.,.F.,(9,7,7,7,7,7,7,
    9),(0.,0.244388196366,0.453001981585,0.601271720777,0.747513105753,
    0.845060915123,0.932163766638,1.),.UNSPECIFIED.);
#792 = CARTESIAN_POINT('',(0.,7.091864839652));
#793 = CARTESIAN_POINT('',(0.104280160669,7.091864837732));
#794 = CARTESIAN_POINT('',(0.208411532651,7.089577795413));
#795 = CARTESIAN_POINT('',(0.313351905402,7.085014369789));
#796 = CARTESIAN_POINT('',(0.419934643828,7.078283525284));
#797 = CARTESIAN_POINT('',(0.528967065994,7.069604845543));
#798 = CARTESIAN_POINT('',(0.641273108539,7.059381501234));
#799 = CARTESIAN_POINT('',(0.757767160097,7.048283221139));
#800 = CARTESIAN_POINT('',(0.983683677308,7.027903436303));
#801 = CARTESIAN_POINT('',(1.09547925238,7.018247787746));
#802 = CARTESIAN_POINT('',(1.212289058032,7.009300062424));
#803 = CARTESIAN_POINT('',(1.332379784716,7.002241597963));
#804 = CARTESIAN_POINT('',(1.454502933927,6.998168606874));
#805 = CARTESIAN_POINT('',(1.577577431193,6.997581950968));
#806 = CARTESIAN_POINT('',(1.700565538787,7.000300803123));
#807 = CARTESIAN_POINT('',(1.908519768163,7.009490644637));
#808 = CARTESIAN_POINT('',(1.994915446199,7.014680487111));
#809 = CARTESIAN_POINT('',(2.081306319824,7.021069855784));
#810 = CARTESIAN_POINT('',(2.167695120182,7.028397011329));
#811 = CARTESIAN_POINT('',(2.254087154264,7.0363323033));
#812 = CARTESIAN_POINT('',(2.340485572613,7.044505681316));
#813 = CARTESIAN_POINT('',(2.4268865134,7.052540221998));
#814 = CARTESIAN_POINT('',(2.598479935756,7.067539816273));
#815 = CARTESIAN_POINT('',(2.681572064447,7.074334191629));
#816 = CARTESIAN_POINT('',(2.762982232332,7.080223082719));
#817 = CARTESIAN_POINT('',(2.843081703651,7.085032487048));
#818 = CARTESIAN_POINT('',(2.922220114735,7.088649043961));
#819 = CARTESIAN_POINT('',(3.000738182281,7.091005019187));
#820 = CARTESIAN_POINT('',(3.078976247735,7.092068522576));
#821 = CARTESIAN_POINT('',(3.209545544855,7.09169113028));
#822 = CARTESIAN_POINT('',(3.261806939131,7.090966143353));
#823 = CARTESIAN_POINT('',(3.314187390134,7.089669163061));
#824 = CARTESIAN_POINT('',(3.366787034405,7.087808612923));
#825 = CARTESIAN_POINT('',(3.419705719519,7.085400489269));
#826 = CARTESIAN_POINT('',(3.473045169034,7.082469497437));
#827 = CARTESIAN_POINT('',(3.526911147438,7.07905018797));
#828 = CARTESIAN_POINT('',(3.630084021181,7.071739532533));
#829 = CARTESIAN_POINT('',(3.679271377328,7.067937320382));
#830 = CARTESIAN_POINT('',(3.729055536998,7.063814111715));
#831 = CARTESIAN_POINT('',(3.779516164569,7.059410148453));
#832 = CARTESIAN_POINT('',(3.830734849758,7.054774841799));
#833 = CARTESIAN_POINT('',(3.88279651379,7.049968074104));
#834 = CARTESIAN_POINT('',(3.935792117315,7.045061219872));
#835 = CARTESIAN_POINT('',(4.031901994913,7.036303563322));
#836 = CARTESIAN_POINT('',(4.074648229503,7.032455724439));
#837 = CARTESIAN_POINT('',(4.118056508029,7.028638610189));
#838 = CARTESIAN_POINT('',(4.162126121161,7.024901195728));
#839 = CARTESIAN_POINT('',(4.206861096274,7.021295929762));
#840 = CARTESIAN_POINT('',(4.252270777675,7.017877473869));
#841 = CARTESIAN_POINT('',(4.298370406833,7.014701441817));
#842 = CARTESIAN_POINT('',(4.345181702609,7.011823138888));
#843 = ( GEOMETRIC_REPRESENTATION_CONTEXT(2) 
PARAMETRIC_REPRESENTATION_CONTEXT() REPRESENTATION_CONTEXT('2D SPACE',''
  ) );
#844 = PCURVE('',#328,#845);
#845 = DEFINITIONAL_REPRESENTATION('',(#846),#898);
#846 = B_SPLINE_CURVE_WITH_KNOTS('',8,(#847,#848,#849,#850,#851,#852,
    #853,#854,#855,#856,#857,#858,#859,#860,#861,#862,#863,#864,#865,
    #866,#867,#868,#869,#870,#871,#872,#873,#874,#875,#876,#877,#878,
    #879,#880,#881,#882,#883,#884,#885,#886,#887,#888,#889,#890,#891,
    #892,#893,#894,#895,#896,#897),.UNSPECIFIED.,.F.,.F.,(9,7,7,7,7,7,7,
    9),(0.,0.244388196366,0.453001981585,0.601271720777,0.747513105753,
    0.845060915123,0.932163766638,1.),.UNSPECIFIED.);
#847 = CARTESIAN_POINT('',(4.794001286742,4.3));
#848 = CARTESIAN_POINT('',(4.794001285889,4.065369638495));
#849 = CARTESIAN_POINT('',(4.792984758605,3.831073149997));
#850 = CARTESIAN_POINT('',(4.79095681383,3.598848484816));
#851 = CARTESIAN_POINT('',(4.787894234343,3.370650735579));
#852 = CARTESIAN_POINT('',(4.783755872638,3.14908101902));
#853 = CARTESIAN_POINT('',(4.778489712278,2.937650654994));
#854 = CARTESIAN_POINT('',(4.77204230664,2.741144238906));
#855 = CARTESIAN_POINT('',(4.757832483516,2.417133871466));
#856 = CARTESIAN_POINT('',(4.750159612254,2.278241406612));
#857 = CARTESIAN_POINT('',(4.741471046021,2.16166315434));
#858 = CARTESIAN_POINT('',(4.731977504909,2.076397671144));
#859 = CARTESIAN_POINT('',(4.72196739826,2.028437533739));
#860 = CARTESIAN_POINT('',(4.711767730798,2.020654627655));
#861 = CARTESIAN_POINT('',(4.701714238826,2.052669723451));
#862 = CARTESIAN_POINT('',(4.685290675919,2.169030979589));
#863 = CARTESIAN_POINT('',(4.678639311684,2.235964902982));
#864 = CARTESIAN_POINT('',(4.672237489332,2.32093618518));
#865 = CARTESIAN_POINT('',(4.666159476689,2.423096129087));
#866 = CARTESIAN_POINT('',(4.660475137407,2.541322009575));
#867 = CARTESIAN_POINT('',(4.65524866396,2.674237572048));
#868 = CARTESIAN_POINT('',(4.650537092792,2.820232832969));
#869 = CARTESIAN_POINT('',(4.642296862499,3.132582321288));
#870 = CARTESIAN_POINT('',(4.638853770753,3.294806926283));
#871 = CARTESIAN_POINT('',(4.63603686832,3.462275456336));
#872 = CARTESIAN_POINT('',(4.633825745404,3.633523526187));
#873 = CARTESIAN_POINT('',(4.632203690526,3.807380675651));
#874 = CARTESIAN_POINT('',(4.63115900577,3.982871555069));
#875 = CARTESIAN_POINT('',(4.630686136491,4.159133374462));
#876 = CARTESIAN_POINT('',(4.630853887096,4.452878049959));
#877 = CARTESIAN_POINT('',(4.63117615305,4.570341747683));
#878 = CARTESIAN_POINT('',(4.631753688944,4.687473475475));
#879 = CARTESIAN_POINT('',(4.632587907361,4.804008015299));
#880 = CARTESIAN_POINT('',(4.633681399521,4.919662374262));
#881 = CARTESIAN_POINT('',(4.635037827672,5.034124146125));
#882 = CARTESIAN_POINT('',(4.636661817484,5.147039872831));
#883 = CARTESIAN_POINT('',(4.640252758079,5.35708548913));
#884 = CARTESIAN_POINT('',(4.642164707264,5.454630703729));
#885 = CARTESIAN_POINT('',(4.644298661103,5.550343557142));
#886 = CARTESIAN_POINT('',(4.64665898642,5.643887549211));
#887 = CARTESIAN_POINT('',(4.649250211736,5.734877135663));
#888 = CARTESIAN_POINT('',(4.652076771758,5.82286934573));
#889 = CARTESIAN_POINT('',(4.655142738337,5.907355054024));
#890 = CARTESIAN_POINT('',(4.661028451273,6.050361909493));
#891 = CARTESIAN_POINT('',(4.663755055904,6.110551129944));
#892 = CARTESIAN_POINT('',(4.666630089854,6.167951126191));
#893 = CARTESIAN_POINT('',(4.669651299573,6.222191475171));
#894 = CARTESIAN_POINT('',(4.672815431667,6.272897629837));
#895 = CARTESIAN_POINT('',(4.676118224631,6.319690776411));
#896 = CARTESIAN_POINT('',(4.679554400593,6.36218769163));
#897 = CARTESIAN_POINT('',(4.683117657045,6.4000006));
#898 = ( GEOMETRIC_REPRESENTATION_CONTEXT(2) 
PARAMETRIC_REPRESENTATION_CONTEXT() REPRESENTATION_CONTEXT('2D SPACE',''
  ) );
#899 = ORIENTED_EDGE('',*,*,#292,.F.);
#900 = ORIENTED_EDGE('',*,*,#72,.T.);
#901 = ORIENTED_EDGE('',*,*,#902,.T.);
#902 = EDGE_CURVE('',#73,#903,#905,.T.);
#903 = VERTEX_POINT('',#904);
#904 = CARTESIAN_POINT('',(-27.58817681544,19.4,0.80777472107));
#905 = SURFACE_CURVE('',#906,(#910,#916),.PCURVE_S1.);
#906 = LINE('',#907,#908);
#907 = CARTESIAN_POINT('',(-34.6,19.4,0.80777472107));
#908 = VECTOR('',#909,1.);
#909 = DIRECTION('',(1.,0.,0.));
#910 = PCURVE('',#102,#911);
#911 = DEFINITIONAL_REPRESENTATION('',(#912),#915);
#912 = B_SPLINE_CURVE_WITH_KNOTS('',1,(#913,#914),.UNSPECIFIED.,.F.,.F.,
  (2,2),(-5.999999999062E-07,69.2000006),.PIECEWISE_BEZIER_KNOTS.);
#913 = CARTESIAN_POINT('',(5.079597000943,-5.999999999062E-07));
#914 = CARTESIAN_POINT('',(5.079597000943,69.2000006));
#915 = ( GEOMETRIC_REPRESENTATION_CONTEXT(2) 
PARAMETRIC_REPRESENTATION_CONTEXT() REPRESENTATION_CONTEXT('2D SPACE',''
  ) );
#916 = PCURVE('',#138,#917);
#917 = DEFINITIONAL_REPRESENTATION('',(#918),#921);
#918 = B_SPLINE_CURVE_WITH_KNOTS('',1,(#919,#920),.UNSPECIFIED.,.F.,.F.,
  (2,2),(-5.999999999062E-07,69.2000006),.PIECEWISE_BEZIER_KNOTS.);
#919 = CARTESIAN_POINT('',(0.80777472107,-34.6000006));
#920 = CARTESIAN_POINT('',(0.80777472107,34.6000006));
#921 = ( GEOMETRIC_REPRESENTATION_CONTEXT(2) 
PARAMETRIC_REPRESENTATION_CONTEXT() REPRESENTATION_CONTEXT('2D SPACE',''
  ) );
#922 = ORIENTED_EDGE('',*,*,#923,.T.);
#923 = EDGE_CURVE('',#903,#713,#924,.T.);
#924 = SURFACE_CURVE('',#925,(#943,#964),.PCURVE_S1.);
#925 = B_SPLINE_CURVE_WITH_KNOTS('',6,(#926,#927,#928,#929,#930,#931,
    #932,#933,#934,#935,#936,#937,#938,#939,#940,#941,#942),
  .UNSPECIFIED.,.F.,.F.,(7,5,5,7),(0.,0.26487183454,0.456737287105,1.),
  .UNSPECIFIED.);
#926 = CARTESIAN_POINT('',(-27.58817686111,19.4000006,0.807773161228));
#927 = CARTESIAN_POINT('',(-27.58433911854,19.34958331885,0.938845008805
    ));
#928 = CARTESIAN_POINT('',(-27.57994562613,19.29042269585,1.063350178138
    ));
#929 = CARTESIAN_POINT('',(-27.57515122719,19.223604390115,
    1.180801120323));
#930 = CARTESIAN_POINT('',(-27.57011220747,19.150192770951,
    1.290844723821));
#931 = CARTESIAN_POINT('',(-27.56497453737,19.071232465548,
    1.393259321383));
#932 = CARTESIAN_POINT('',(-27.55615882336,18.927277569289,
    1.556544099524));
#933 = CARTESIAN_POINT('',(-27.55246471474,18.86436506103,1.621160880618
    ));
#934 = CARTESIAN_POINT('',(-27.54882202397,18.799307455723,
    1.681844946295));
#935 = CARTESIAN_POINT('',(-27.54526740587,18.732369352382,
    1.738646789915));
#936 = CARTESIAN_POINT('',(-27.54183215703,18.663785565793,
    1.791623349357));
#937 = CARTESIAN_POINT('',(-27.52922767463,18.395491147861,
    1.980183824437));
#938 = CARTESIAN_POINT('',(-27.52107645326,18.18560864085,2.089408030417
    ));
#939 = CARTESIAN_POINT('',(-27.51467564651,17.968536626925,
    2.170031202521));
#940 = CARTESIAN_POINT('',(-27.51031706813,17.747151935867,2.22332588398
    ));
#941 = CARTESIAN_POINT('',(-27.50813516217,17.523639998221,
    2.249999977636));
#942 = CARTESIAN_POINT('',(-27.50813516034,17.3,2.25));
#943 = PCURVE('',#102,#944);
#944 = DEFINITIONAL_REPRESENTATION('',(#945),#963);
#945 = B_SPLINE_CURVE_WITH_KNOTS('',6,(#946,#947,#948,#949,#950,#951,
    #952,#953,#954,#955,#956,#957,#958,#959,#960,#961,#962),
  .UNSPECIFIED.,.F.,.F.,(7,5,5,7),(0.,0.26487183454,0.456737287105,1.),
  .UNSPECIFIED.);
#946 = CARTESIAN_POINT('',(5.07959625816,7.011823138888));
#947 = CARTESIAN_POINT('',(5.142011405841,7.015660881454));
#948 = CARTESIAN_POINT('',(5.203097912373,7.020054373865));
#949 = CARTESIAN_POINT('',(5.262916841056,7.024848772808));
#950 = CARTESIAN_POINT('',(5.32149884113,7.029887792524));
#951 = CARTESIAN_POINT('',(5.378849599209,7.035025462623));
#952 = CARTESIAN_POINT('',(5.475596621677,7.043841176639));
#953 = CARTESIAN_POINT('',(5.515629779668,7.047535285257));
#954 = CARTESIAN_POINT('',(5.555103047325,7.051177976021));
#955 = CARTESIAN_POINT('',(5.594058525571,7.054732594121));
#956 = CARTESIAN_POINT('',(5.63253565541,7.058167842964));
#957 = CARTESIAN_POINT('',(5.778281551285,7.07077232537));
#958 = CARTESIAN_POINT('',(5.882513562107,7.078923546737));
#959 = CARTESIAN_POINT('',(5.984293677749,7.085324353488));
#960 = CARTESIAN_POINT('',(6.084450238221,7.089682931862));
#961 = CARTESIAN_POINT('',(6.183789752415,7.091864837822));
#962 = CARTESIAN_POINT('',(6.28318530718,7.091864839652));
#963 = ( GEOMETRIC_REPRESENTATION_CONTEXT(2) 
PARAMETRIC_REPRESENTATION_CONTEXT() REPRESENTATION_CONTEXT('2D SPACE',''
  ) );
#964 = PCURVE('',#328,#965);
#965 = DEFINITIONAL_REPRESENTATION('',(#966),#984);
#966 = B_SPLINE_CURVE_WITH_KNOTS('',6,(#967,#968,#969,#970,#971,#972,
    #973,#974,#975,#976,#977,#978,#979,#980,#981,#982,#983),
  .UNSPECIFIED.,.F.,.F.,(7,5,5,7),(0.,0.26487183454,0.456737287105,1.),
  .UNSPECIFIED.);
#967 = CARTESIAN_POINT('',(4.741660303724,6.4000006));
#968 = CARTESIAN_POINT('',(4.746411318923,6.34958331885));
#969 = CARTESIAN_POINT('',(4.750925101754,6.29042269585));
#970 = CARTESIAN_POINT('',(4.755184026233,6.223604390115));
#971 = CARTESIAN_POINT('',(4.759175229543,6.150192770951));
#972 = CARTESIAN_POINT('',(4.762890542971,6.071232465548));
#973 = CARTESIAN_POINT('',(4.768815274288,5.927277569289));
#974 = CARTESIAN_POINT('',(4.771160273052,5.86436506103));
#975 = CARTESIAN_POINT('',(4.773362916529,5.799307455723));
#976 = CARTESIAN_POINT('',(4.775424971968,5.732369352382));
#977 = CARTESIAN_POINT('',(4.777348439907,5.663785565793));
#978 = CARTESIAN_POINT('',(4.784195587881,5.395491147861));
#979 = CARTESIAN_POINT('',(4.788163873459,5.18560864085));
#980 = CARTESIAN_POINT('',(4.79109419467,4.968536626925));
#981 = CARTESIAN_POINT('',(4.793031604607,4.747151935867));
#982 = CARTESIAN_POINT('',(4.794001285929,4.523639998221));
#983 = CARTESIAN_POINT('',(4.794001286742,4.3));
#984 = ( GEOMETRIC_REPRESENTATION_CONTEXT(2) 
PARAMETRIC_REPRESENTATION_CONTEXT() REPRESENTATION_CONTEXT('2D SPACE',''
  ) );
#985 = ORIENTED_EDGE('',*,*,#712,.T.);
#986 = ORIENTED_EDGE('',*,*,#987,.F.);
#987 = EDGE_CURVE('',#988,#639,#990,.T.);
#988 = VERTEX_POINT('',#989);
#989 = CARTESIAN_POINT('',(-23.06051820753,15.5,-1.35));
#990 = SURFACE_CURVE('',#991,(#1120,#1252),.PCURVE_S1.);
#991 = B_SPLINE_CURVE_WITH_KNOTS('',8,(#992,#993,#994,#995,#996,#997,
    #998,#999,#1000,#1001,#1002,#1003,#1004,#1005,#1006,#1007,#1008,
    #1009,#1010,#1011,#1012,#1013,#1014,#1015,#1016,#1017,#1018,#1019,
    #1020,#1021,#1022,#1023,#1024,#1025,#1026,#1027,#1028,#1029,#1030,
    #1031,#1032,#1033,#1034,#1035,#1036,#1037,#1038,#1039,#1040,#1041,
    #1042,#1043,#1044,#1045,#1046,#1047,#1048,#1049,#1050,#1051,#1052,
    #1053,#1054,#1055,#1056,#1057,#1058,#1059,#1060,#1061,#1062,#1063,
    #1064,#1065,#1066,#1067,#1068,#1069,#1070,#1071,#1072,#1073,#1074,
    #1075,#1076,#1077,#1078,#1079,#1080,#1081,#1082,#1083,#1084,#1085,
    #1086,#1087,#1088,#1089,#1090,#1091,#1092,#1093,#1094,#1095,#1096,
    #1097,#1098,#1099,#1100,#1101,#1102,#1103,#1104,#1105,#1106,#1107,
    #1108,#1109,#1110,#1111,#1112,#1113,#1114,#1115,#1116,#1117,#1118,
    #1119),.UNSPECIFIED.,.F.,.F.,(9,7,7,7,7,7,7,7,7,7,7,7,7,7,7,7,7,7,9)
  ,(0.,4.759845123516E-02,0.140942034872,0.245266038565,0.26731308516,
    0.404055405029,0.520014583342,0.579292644895,0.597327913927,
    0.607129557542,0.626659201001,0.649006998331,0.660875517602,
    0.685843557965,0.726300209505,0.809940829232,0.909232419771,
    0.986133488457,1.),.UNSPECIFIED.);
#992 = CARTESIAN_POINT('',(-23.06051820753,15.5,-1.35));
#993 = CARTESIAN_POINT('',(-23.09507256737,15.537410396446,
    -1.399880528595));
#994 = CARTESIAN_POINT('',(-23.13037521971,15.575544813659,
    -1.447435403645));
#995 = CARTESIAN_POINT('',(-23.16634141682,15.614306182362,
    -1.49279828549));
#996 = CARTESIAN_POINT('',(-23.20289891746,15.653612146374,
    -1.536084510827));
#997 = CARTESIAN_POINT('',(-23.23998640902,15.693393142343,
    -1.57739690591));
#998 = CARTESIAN_POINT('',(-23.27755248268,15.733591079549,
    -1.61682965995));
#999 = CARTESIAN_POINT('',(-23.31555516156,15.774158619766,
    -1.654470258714));
#1000 = CARTESIAN_POINT('',(-23.42928019419,15.895267410641,
    -1.760858958196));
#1001 = CARTESIAN_POINT('',(-23.50612380207,15.976725295374,
    -1.824710303979));
#1002 = CARTESIAN_POINT('',(-23.58424376206,16.059151902488,
    -1.882570199964));
#1003 = CARTESIAN_POINT('',(-23.66344287776,16.142329070861,
    -1.934886215678));
#1004 = CARTESIAN_POINT('',(-23.7435620524,16.226084352733,
    -1.98202063261));
#1005 = CARTESIAN_POINT('',(-23.82447622628,16.310284909549,
    -2.024278492858));
#1006 = CARTESIAN_POINT('',(-23.90609424438,16.394835877019,
    -2.061911580466));
#1007 = CARTESIAN_POINT('',(-24.08029647553,16.574498018605,
    -2.132256147513));
#1008 = CARTESIAN_POINT('',(-24.17301113068,16.669650346499,
    -2.163855790894));
#1009 = CARTESIAN_POINT('',(-24.26639477832,16.765025874557,
    -2.190217441647));
#1010 = CARTESIAN_POINT('',(-24.36035292015,16.86053162365,
    -2.21155506218));
#1011 = CARTESIAN_POINT('',(-24.45480114783,16.956087308748,
    -2.228028809369));
#1012 = CARTESIAN_POINT('',(-24.54966421352,17.051623756351,
    -2.239757410294));
#1013 = CARTESIAN_POINT('',(-24.64487566937,17.147082013632,
    -2.246822216372));
#1014 = CARTESIAN_POINT('',(-24.76056083249,17.262559711117,
    -2.249778739071));
#1015 = CARTESIAN_POINT('',(-24.78075627936,17.282700291658,
    -2.250088023394));
#1016 = CARTESIAN_POINT('',(-24.80096379246,17.302834348615,
    -2.250191178015));
#1017 = CARTESIAN_POINT('',(-24.82118274847,17.322961342421,
    -2.250088517367));
#1018 = CARTESIAN_POINT('',(-24.84141252452,17.343080736254,
    -2.249780281132));
#1019 = CARTESIAN_POINT('',(-24.86165249816,17.363191996025,
    -2.249266634243));
#1020 = CARTESIAN_POINT('',(-24.8819020474,17.38329459039,
    -2.248547666879));
#1021 = CARTESIAN_POINT('',(-25.02780979465,17.528013217359,
    -2.241890782945));
#1022 = CARTESIAN_POINT('',(-25.15377425819,17.65225576882,
    -2.228262010958));
#1023 = CARTESIAN_POINT('',(-25.27994088541,17.776025031783,
    -2.206743909219));
#1024 = CARTESIAN_POINT('',(-25.40616667254,17.899202726682,
    -2.177227015426));
#1025 = CARTESIAN_POINT('',(-25.53227435579,18.021639923308,
    -2.139482630224));
#1026 = CARTESIAN_POINT('',(-25.65805100024,18.143156564258,
    -2.093166476455));
#1027 = CARTESIAN_POINT('',(-25.78324183866,18.263536475109,
    -2.037772232184));
#1028 = CARTESIAN_POINT('',(-26.01293105694,18.483402572987,
    -1.917108068005));
#1029 = CARTESIAN_POINT('',(-26.11751040255,18.583118817097,
    -1.854708184295));
#1030 = CARTESIAN_POINT('',(-26.22122950834,18.681643284683,
    -1.784743917848));
#1031 = CARTESIAN_POINT('',(-26.32386189741,18.778781016971,
    -1.706519191168));
#1032 = CARTESIAN_POINT('',(-26.42501138155,18.874179220372,
    -1.619247719174));
#1033 = CARTESIAN_POINT('',(-26.52404129949,18.967266226368,
    -1.521840149813));
#1034 = CARTESIAN_POINT('',(-26.62012053622,19.057297582455,
    -1.413074664014));
#1035 = CARTESIAN_POINT('',(-26.75887342547,19.186953149131,
    -1.227906700012));
#1036 = CARTESIAN_POINT('',(-26.80461237749,19.229627486867,
    -1.161782862815));
#1037 = CARTESIAN_POINT('',(-26.84902019024,19.270998935202,
    -1.091827437664));
#1038 = CARTESIAN_POINT('',(-26.89184535554,19.310839739635,
    -1.017706756879));
#1039 = CARTESIAN_POINT('',(-26.93272323191,19.348818457561,
    -0.939111872764));
#1040 = CARTESIAN_POINT('',(-26.97117701203,19.384501693707,
    -0.855765482643));
#1041 = CARTESIAN_POINT('',(-27.00661499047,19.417351728597,
    -0.76742250139));
#1042 = CARTESIAN_POINT('',(-27.04797159453,19.455655308531,
    -0.645399321188));
#1043 = CARTESIAN_POINT('',(-27.0572696416,19.464264349078,
    -0.616463960216));
#1044 = CARTESIAN_POINT('',(-27.06619693134,19.472527730417,
    -0.58705818939));
#1045 = CARTESIAN_POINT('',(-27.07473051819,19.480424552978,
    -0.557185135486));
#1046 = CARTESIAN_POINT('',(-27.08284630153,19.487932858955,
    -0.526851528371));
#1047 = CARTESIAN_POINT('',(-27.09051947468,19.4950300424,
    -0.496068168166));
#1048 = CARTESIAN_POINT('',(-27.09772497371,19.501693259327,
    -0.464850392417));
#1049 = CARTESIAN_POINT('',(-27.10808622085,19.511272932501,
    -0.416027554209));
#1050 = CARTESIAN_POINT('',(-27.11158905391,19.51451116968,
    -0.398714422109));
#1051 = CARTESIAN_POINT('',(-27.11494234481,19.517610829008,
    -0.381282528877));
#1052 = CARTESIAN_POINT('',(-27.11814212056,19.520568288219,
    -0.363735759599));
#1053 = CARTESIAN_POINT('',(-27.12118451599,19.523380023114,
    -0.346078502529));
#1054 = CARTESIAN_POINT('',(-27.12406577375,19.526042607565,
    -0.328315649092));
#1055 = CARTESIAN_POINT('',(-27.12678224436,19.52855271351,
    -0.310452593876));
#1056 = CARTESIAN_POINT('',(-27.13440752449,19.535598216292,
    -0.256715437183));
#1057 = CARTESIAN_POINT('',(-27.13881706752,19.539671775012,
    -0.220557609965));
#1058 = CARTESIAN_POINT('',(-27.14253077726,19.543102027355,
    -0.184073222404));
#1059 = CARTESIAN_POINT('',(-27.14552437614,19.545866827851,
    -0.147318460658));
#1060 = CARTESIAN_POINT('',(-27.14777842163,19.547948442213,
    -0.110354385309));
#1061 = CARTESIAN_POINT('',(-27.14927918089,19.549334344213,
    -7.324708903978E-02));
#1062 = CARTESIAN_POINT('',(-27.15001950532,19.550018012569,
    -3.60678543115E-02));
#1063 = CARTESIAN_POINT('',(-27.14997704805,19.54997880458,
    4.364556891822E-02));
#1064 = CARTESIAN_POINT('',(-27.14895903679,19.549038699561,
    8.61877184609E-02));
#1065 = CARTESIAN_POINT('',(-27.14694555919,19.547179316153,
    0.12861665485));
#1066 = CARTESIAN_POINT('',(-27.14394940482,19.544412321418,
    0.170826220195));
#1067 = CARTESIAN_POINT('',(-27.13999439804,19.540759445239,
    0.212720159034));
#1068 = CARTESIAN_POINT('',(-27.135113531,19.536250779466,0.254211695912
    ));
#1069 = CARTESIAN_POINT('',(-27.12934709661,19.530923077051,
    0.295223112965));
#1070 = CARTESIAN_POINT('',(-27.11923234583,19.521575780105,
    0.357174092858));
#1071 = CARTESIAN_POINT('',(-27.11548668584,19.518113981672,
    0.378509900618));
#1072 = CARTESIAN_POINT('',(-27.11151044326,19.514438675995,
    0.399683595533));
#1073 = CARTESIAN_POINT('',(-27.10731049362,19.510556132204,
    0.420687194221));
#1074 = CARTESIAN_POINT('',(-27.10289389715,19.506472787193,
    0.441513816491));
#1075 = CARTESIAN_POINT('',(-27.09826780977,19.502195164358,
    0.462157616676));
#1076 = CARTESIAN_POINT('',(-27.09343939393,19.497729792338,
    0.482613714958));
#1077 = CARTESIAN_POINT('',(-27.0778473468,19.483307834501,
    0.545508779462));
#1078 = CARTESIAN_POINT('',(-27.06641561613,19.472730890504,
    0.587287610376));
#1079 = CARTESIAN_POINT('',(-27.05418594892,19.461411889007,
    0.628182870005));
#1080 = CARTESIAN_POINT('',(-27.04122204095,19.449408859988,
    0.668176051369));
#1081 = CARTESIAN_POINT('',(-27.02758459222,19.43677709337,
    0.707260272618));
#1082 = CARTESIAN_POINT('',(-27.01333002693,19.423567966247,
    0.745438657701));
#1083 = CARTESIAN_POINT('',(-26.99850921333,19.409827770098,
    0.782722717037));
#1084 = CARTESIAN_POINT('',(-26.95830529758,19.37253713932,
    0.878123993134));
#1085 = CARTESIAN_POINT('',(-26.93208215627,19.348196700677,
    0.934797165628));
#1086 = CARTESIAN_POINT('',(-26.9046819045,19.322743481131,
    0.989243472529));
#1087 = CARTESIAN_POINT('',(-26.8762642014,19.296322529052,
    1.041556055411));
#1088 = CARTESIAN_POINT('',(-26.84696469613,19.26905705498,
    1.091830201001));
#1089 = CARTESIAN_POINT('',(-26.81689590214,19.241049190675,
    1.140164400266));
#1090 = CARTESIAN_POINT('',(-26.78614746991,19.212380134365,
    1.186660236112));
#1091 = CARTESIAN_POINT('',(-26.68994844513,19.122595559877,
    1.323960304761));
#1092 = CARTESIAN_POINT('',(-26.62256400576,19.059579853931,
    1.408979600232));
#1093 = CARTESIAN_POINT('',(-26.55323486994,18.99460554074,
    1.487411944673));
#1094 = CARTESIAN_POINT('',(-26.48239752508,18.928065543423,
    1.559877769681));
#1095 = CARTESIAN_POINT('',(-26.41038406718,18.860258767976,
    1.626882940977));
#1096 = CARTESIAN_POINT('',(-26.33743820285,18.791403844155,
    1.688869282596));
#1097 = CARTESIAN_POINT('',(-26.26371484615,18.721637453746,
    1.746208638754));
#1098 = CARTESIAN_POINT('',(-26.10094380251,18.567197522005,
    1.862175972736));
#1099 = CARTESIAN_POINT('',(-26.01169409609,18.482257172596,
    1.91897685902));
#1100 = CARTESIAN_POINT('',(-25.92175509439,18.396388578783,
    1.97014612985));
#1101 = CARTESIAN_POINT('',(-25.83129558055,18.309738885253,
    2.016047288607));
#1102 = CARTESIAN_POINT('',(-25.74045264217,18.222426996757,
    2.056963564561));
#1103 = CARTESIAN_POINT('',(-25.64933603056,18.134547168205,
    2.093122634256));
#1104 = CARTESIAN_POINT('',(-25.55802955244,18.046169793143,
    2.124701653234));
#1105 = CARTESIAN_POINT('',(-25.39577660938,17.888547088167,
    2.172852245868));
#1106 = CARTESIAN_POINT('',(-25.32489155644,17.819490857588,
    2.19119955525));
#1107 = CARTESIAN_POINT('',(-25.25397279378,17.750203118675,
    2.206939729874));
#1108 = CARTESIAN_POINT('',(-25.18305249817,17.680710742801,
    2.220119554843));
#1109 = CARTESIAN_POINT('',(-25.11216079427,17.611038927144,
    2.230772363239));
#1110 = CARTESIAN_POINT('',(-25.04132593045,17.541211347104,
    2.23891916815));
#1111 = CARTESIAN_POINT('',(-24.97057445449,17.471250308702,
    2.24456979471));
#1112 = CARTESIAN_POINT('',(-24.8871932976,17.388541527603,
    2.248292768755));
#1113 = CARTESIAN_POINT('',(-24.87445876593,17.375902535712,
    2.248780348338));
#1114 = CARTESIAN_POINT('',(-24.86172794937,17.363260057182,
    2.249186745614));
#1115 = CARTESIAN_POINT('',(-24.84900100278,17.350614224161,
    2.249511943702));
#1116 = CARTESIAN_POINT('',(-24.83627808093,17.337965169077,
    2.249755914107));
#1117 = CARTESIAN_POINT('',(-24.82355933853,17.325313024644,
    2.249918616713));
#1118 = CARTESIAN_POINT('',(-24.81084493021,17.312657923858,
    2.249999999793));
#1119 = CARTESIAN_POINT('',(-24.79813501052,17.3,2.25));
#1120 = PCURVE('',#102,#1121);
#1121 = DEFINITIONAL_REPRESENTATION('',(#1122),#1251);
#1122 = B_SPLINE_CURVE_WITH_KNOTS('',8,(#1123,#1124,#1125,#1126,#1127,
    #1128,#1129,#1130,#1131,#1132,#1133,#1134,#1135,#1136,#1137,#1138,
    #1139,#1140,#1141,#1142,#1143,#1144,#1145,#1146,#1147,#1148,#1149,
    #1150,#1151,#1152,#1153,#1154,#1155,#1156,#1157,#1158,#1159,#1160,
    #1161,#1162,#1163,#1164,#1165,#1166,#1167,#1168,#1169,#1170,#1171,
    #1172,#1173,#1174,#1175,#1176,#1177,#1178,#1179,#1180,#1181,#1182,
    #1183,#1184,#1185,#1186,#1187,#1188,#1189,#1190,#1191,#1192,#1193,
    #1194,#1195,#1196,#1197,#1198,#1199,#1200,#1201,#1202,#1203,#1204,
    #1205,#1206,#1207,#1208,#1209,#1210,#1211,#1212,#1213,#1214,#1215,
    #1216,#1217,#1218,#1219,#1220,#1221,#1222,#1223,#1224,#1225,#1226,
    #1227,#1228,#1229,#1230,#1231,#1232,#1233,#1234,#1235,#1236,#1237,
    #1238,#1239,#1240,#1241,#1242,#1243,#1244,#1245,#1246,#1247,#1248,
    #1249,#1250),.UNSPECIFIED.,.F.,.F.,(9,7,7,7,7,7,7,7,7,7,7,7,7,7,7,7,
    7,7,9),(0.,4.759845123516E-02,0.140942034872,0.245266038565,
    0.26731308516,0.404055405029,0.520014583342,0.579292644895,
    0.597327913927,0.607129557542,0.626659201001,0.649006998331,
    0.660875517602,0.685843557965,0.726300209505,0.809940829232,
    0.909232419771,0.986133488457,1.),.UNSPECIFIED.);
#1123 = CARTESIAN_POINT('',(2.214297435588,11.539481792466));
#1124 = CARTESIAN_POINT('',(2.242008840363,11.504927432623));
#1125 = CARTESIAN_POINT('',(2.269086428859,11.469624780282));
#1126 = CARTESIAN_POINT('',(2.295584215714,11.433658583175));
#1127 = CARTESIAN_POINT('',(2.321547540618,11.397101082536));
#1128 = CARTESIAN_POINT('',(2.347016172762,11.360013590974));
#1129 = CARTESIAN_POINT('',(2.372026543494,11.322447517317));
#1130 = CARTESIAN_POINT('',(2.396613107147,11.284444838436));
#1131 = CARTESIAN_POINT('',(2.468258178284,11.170719805801));
#1132 = CARTESIAN_POINT('',(2.514186477661,11.093876197928));
#1133 = CARTESIAN_POINT('',(2.558843415264,11.015756237931));
#1134 = CARTESIAN_POINT('',(2.602407067493,10.936557122233));
#1135 = CARTESIAN_POINT('',(2.645022828345,10.856437947598));
#1136 = CARTESIAN_POINT('',(2.686818252914,10.775523773711));
#1137 = CARTESIAN_POINT('',(2.72790790108,10.693905755612));
#1138 = CARTESIAN_POINT('',(2.813660163528,10.519703524463));
#1139 = CARTESIAN_POINT('',(2.858159688073,10.426988869313));
#1140 = CARTESIAN_POINT('',(2.902043767424,10.333605221676));
#1141 = CARTESIAN_POINT('',(2.945430708398,10.239647079845));
#1142 = CARTESIAN_POINT('',(2.988424042206,10.14519885217));
#1143 = CARTESIAN_POINT('',(3.031119972279,10.050335786471));
#1144 = CARTESIAN_POINT('',(3.073612424895,9.955124330629));
#1145 = CARTESIAN_POINT('',(3.124952664243,9.839439167501));
#1146 = CARTESIAN_POINT('',(3.133904621117,9.819243720638));
#1147 = CARTESIAN_POINT('',(3.142852427895,9.799036207536));
#1148 = CARTESIAN_POINT('',(3.15179693829,9.778817251522));
#1149 = CARTESIAN_POINT('',(3.16073900507,9.758587475476));
#1150 = CARTESIAN_POINT('',(3.16967948005,9.738347501836));
#1151 = CARTESIAN_POINT('',(3.178619214098,9.718097952598));
#1152 = CARTESIAN_POINT('',(3.243006614285,9.572190205347));
#1153 = CARTESIAN_POINT('',(3.29844542521,9.446225741806));
#1154 = CARTESIAN_POINT('',(3.354095507581,9.320059114582));
#1155 = CARTESIAN_POINT('',(3.410164449392,9.193833327455));
#1156 = CARTESIAN_POINT('',(3.466870868057,9.067725644206));
#1157 = CARTESIAN_POINT('',(3.524454604692,8.941948999759));
#1158 = CARTESIAN_POINT('',(3.583202657585,8.816758161335));
#1159 = CARTESIAN_POINT('',(3.694669591408,8.587068943059));
#1160 = CARTESIAN_POINT('',(3.746864692879,8.482489597449));
#1161 = CARTESIAN_POINT('',(3.800415513166,8.378770491658));
#1162 = CARTESIAN_POINT('',(3.855639465403,8.276138102582));
#1163 = CARTESIAN_POINT('',(3.912855481779,8.174988618442));
#1164 = CARTESIAN_POINT('',(3.972495236201,8.075958700505));
#1165 = CARTESIAN_POINT('',(4.035044402272,7.979879463779));
#1166 = CARTESIAN_POINT('',(4.135510221888,7.841126574526));
#1167 = CARTESIAN_POINT('',(4.170462521882,7.795387622503));
#1168 = CARTESIAN_POINT('',(4.206537158855,7.750979809755));
#1169 = CARTESIAN_POINT('',(4.24387224656,7.708154644456));
#1170 = CARTESIAN_POINT('',(4.282591328206,7.667276768085));
#1171 = CARTESIAN_POINT('',(4.322809509864,7.628822987966));
#1172 = CARTESIAN_POINT('',(4.364643480495,7.593385009529));
#1173 = CARTESIAN_POINT('',(4.421485163588,7.552028405466));
#1174 = CARTESIAN_POINT('',(4.434900960992,7.542730358392));
#1175 = CARTESIAN_POINT('',(4.448473762208,7.533803068652));
#1176 = CARTESIAN_POINT('',(4.462203376003,7.525269481809));
#1177 = CARTESIAN_POINT('',(4.476088313362,7.517153698461));
#1178 = CARTESIAN_POINT('',(4.490125632314,7.509480525318));
#1179 = CARTESIAN_POINT('',(4.504310782761,7.502275026281));
#1180 = CARTESIAN_POINT('',(4.526423578538,7.491913779149));
#1181 = CARTESIAN_POINT('',(4.534251432644,7.48841094609));
#1182 = CARTESIAN_POINT('',(4.542119945016,7.485057655183));
#1183 = CARTESIAN_POINT('',(4.550027863574,7.481857879433));
#1184 = CARTESIAN_POINT('',(4.557973752772,7.478815484008));
#1185 = CARTESIAN_POINT('',(4.565955993597,7.475934226242));
#1186 = CARTESIAN_POINT('',(4.573972783571,7.473217755634));
#1187 = CARTESIAN_POINT('',(4.598060364999,7.46559247551));
#1188 = CARTESIAN_POINT('',(4.614229512913,7.461182932479));
#1189 = CARTESIAN_POINT('',(4.630511659067,7.45746922274));
#1190 = CARTESIAN_POINT('',(4.646887510623,7.45447562386));
#1191 = CARTESIAN_POINT('',(4.663336166318,7.452221578362));
#1192 = CARTESIAN_POINT('',(4.679834879464,7.45072081911));
#1193 = CARTESIAN_POINT('',(4.696358820934,7.449980494676));
#1194 = CARTESIAN_POINT('',(4.731787013322,7.450022951946));
#1195 = CARTESIAN_POINT('',(4.750694810849,7.45104096321));
#1196 = CARTESIAN_POINT('',(4.769562851776,7.453054440806));
#1197 = CARTESIAN_POINT('',(4.788354186523,7.456050595179));
#1198 = CARTESIAN_POINT('',(4.807035815196,7.46000560196));
#1199 = CARTESIAN_POINT('',(4.825578203864,7.464886468997));
#1200 = CARTESIAN_POINT('',(4.843954800853,7.470652903382));
#1201 = CARTESIAN_POINT('',(4.871800214935,7.480767654163));
#1202 = CARTESIAN_POINT('',(4.881406212277,7.484513314151));
#1203 = CARTESIAN_POINT('',(4.890956497787,7.488489556731));
#1204 = CARTESIAN_POINT('',(4.900448455537,7.492689506378));
#1205 = CARTESIAN_POINT('',(4.909879873345,7.497106102841));
#1206 = CARTESIAN_POINT('',(4.919248915185,7.501732190223));
#1207 = CARTESIAN_POINT('',(4.928554093599,7.506560606065));
#1208 = CARTESIAN_POINT('',(4.957232926527,7.522152653198));
#1209 = CARTESIAN_POINT('',(4.976382213235,7.53358438387));
#1210 = CARTESIAN_POINT('',(4.995233685558,7.545814051071));
#1211 = CARTESIAN_POINT('',(5.013783294868,7.558777959049));
#1212 = CARTESIAN_POINT('',(5.032030919054,7.572415407779));
#1213 = CARTESIAN_POINT('',(5.049979921006,7.586669973068));
#1214 = CARTESIAN_POINT('',(5.067636707104,7.601490786666));
#1215 = CARTESIAN_POINT('',(5.113161346207,7.641694702416));
#1216 = CARTESIAN_POINT('',(5.140559300181,7.667917843727));
#1217 = CARTESIAN_POINT('',(5.167249473497,7.6953180955));
#1218 = CARTESIAN_POINT('',(5.193273374088,7.7237357986));
#1219 = CARTESIAN_POINT('',(5.218671128009,7.753035303862));
#1220 = CARTESIAN_POINT('',(5.243483289812,7.783104097852));
#1221 = CARTESIAN_POINT('',(5.267752027234,7.813852530087));
#1222 = CARTESIAN_POINT('',(5.340663376981,7.910051554868));
#1223 = CARTESIAN_POINT('',(5.387616456907,7.977435994238));
#1224 = CARTESIAN_POINT('',(5.432776135281,8.046765130052));
#1225 = CARTESIAN_POINT('',(5.476392622054,8.117602474917));
#1226 = CARTESIAN_POINT('',(5.51866541629,8.189615932819));
#1227 = CARTESIAN_POINT('',(5.559771523024,8.262561797145));
#1228 = CARTESIAN_POINT('',(5.599868734337,8.336285153841));
#1229 = CARTESIAN_POINT('',(5.685705346361,8.499056197486));
#1230 = CARTESIAN_POINT('',(5.731051883334,8.588305903909));
#1231 = CARTESIAN_POINT('',(5.775379382807,8.678244905607));
#1232 = CARTESIAN_POINT('',(5.818852610934,8.768704419445));
#1233 = CARTESIAN_POINT('',(5.861607458355,8.859547357829));
#1234 = CARTESIAN_POINT('',(5.903763547162,8.950663969436));
#1235 = CARTESIAN_POINT('',(5.945429076567,9.041970447559));
#1236 = CARTESIAN_POINT('',(6.018679395499,9.204223390619));
#1237 = CARTESIAN_POINT('',(6.050414381609,9.275108443553));
#1238 = CARTESIAN_POINT('',(6.081958953898,9.346027206215));
#1239 = CARTESIAN_POINT('',(6.113354606466,9.416947501828));
#1240 = CARTESIAN_POINT('',(6.144640008452,9.487839205721));
#1241 = CARTESIAN_POINT('',(6.175852127808,9.558674069549));
#1242 = CARTESIAN_POINT('',(6.20702735508,9.629425545504));
#1243 = CARTESIAN_POINT('',(6.243824035034,9.712806702391));
#1244 = CARTESIAN_POINT('',(6.249445427289,9.725541234064));
#1245 = CARTESIAN_POINT('',(6.25506701562,9.738272050623));
#1246 = CARTESIAN_POINT('',(6.260689011698,9.750998997216));
#1247 = CARTESIAN_POINT('',(6.266311627201,9.763721919064));
#1248 = CARTESIAN_POINT('',(6.271935073818,9.776440661463));
#1249 = CARTESIAN_POINT('',(6.277559563243,9.789155069786));
#1250 = CARTESIAN_POINT('',(6.28318530718,9.80186498948));
#1251 = ( GEOMETRIC_REPRESENTATION_CONTEXT(2) 
PARAMETRIC_REPRESENTATION_CONTEXT() REPRESENTATION_CONTEXT('2D SPACE',''
  ) );
#1252 = PCURVE('',#583,#1253);
#1253 = DEFINITIONAL_REPRESENTATION('',(#1254),#1383);
#1254 = B_SPLINE_CURVE_WITH_KNOTS('',8,(#1255,#1256,#1257,#1258,#1259,
    #1260,#1261,#1262,#1263,#1264,#1265,#1266,#1267,#1268,#1269,#1270,
    #1271,#1272,#1273,#1274,#1275,#1276,#1277,#1278,#1279,#1280,#1281,
    #1282,#1283,#1284,#1285,#1286,#1287,#1288,#1289,#1290,#1291,#1292,
    #1293,#1294,#1295,#1296,#1297,#1298,#1299,#1300,#1301,#1302,#1303,
    #1304,#1305,#1306,#1307,#1308,#1309,#1310,#1311,#1312,#1313,#1314,
    #1315,#1316,#1317,#1318,#1319,#1320,#1321,#1322,#1323,#1324,#1325,
    #1326,#1327,#1328,#1329,#1330,#1331,#1332,#1333,#1334,#1335,#1336,
    #1337,#1338,#1339,#1340,#1341,#1342,#1343,#1344,#1345,#1346,#1347,
    #1348,#1349,#1350,#1351,#1352,#1353,#1354,#1355,#1356,#1357,#1358,
    #1359,#1360,#1361,#1362,#1363,#1364,#1365,#1366,#1367,#1368,#1369,
    #1370,#1371,#1372,#1373,#1374,#1375,#1376,#1377,#1378,#1379,#1380,
    #1381,#1382),.UNSPECIFIED.,.F.,.F.,(9,7,7,7,7,7,7,7,7,7,7,7,7,7,7,7,
    7,7,9),(0.,4.759845123516E-02,0.140942034872,0.245266038565,
    0.26731308516,0.404055405029,0.520014583342,0.579292644895,
    0.597327913927,0.607129557542,0.626659201001,0.649006998331,
    0.660875517602,0.685843557965,0.726300209505,0.809940829232,
    0.909232419771,0.986133488457,1.),.UNSPECIFIED.);
#1255 = CARTESIAN_POINT('',(4.653914103673,-8.881784197001E-16));
#1256 = CARTESIAN_POINT('',(4.651845884464,3.741039644609E-02));
#1257 = CARTESIAN_POINT('',(4.649887719917,7.554481365868E-02));
#1258 = CARTESIAN_POINT('',(4.648033152154,0.114306182362));
#1259 = CARTESIAN_POINT('',(4.646276525646,0.153612146374));
#1260 = CARTESIAN_POINT('',(4.64461274788,0.193393142343));
#1261 = CARTESIAN_POINT('',(4.643037131748,0.233591079549));
#1262 = CARTESIAN_POINT('',(4.641545319666,0.274158619766));
#1263 = CARTESIAN_POINT('',(4.63736420844,0.395267410641));
#1264 = CARTESIAN_POINT('',(4.634902992363,0.476725295374));
#1265 = CARTESIAN_POINT('',(4.632718946525,0.559151902488));
#1266 = CARTESIAN_POINT('',(4.630789041315,0.642329070861));
#1267 = CARTESIAN_POINT('',(4.629094250213,0.726084352733));
#1268 = CARTESIAN_POINT('',(4.627618330505,0.810284909549));
#1269 = CARTESIAN_POINT('',(4.626347641322,0.894835877019));
#1270 = CARTESIAN_POINT('',(4.624066848084,1.074498018605));
#1271 = CARTESIAN_POINT('',(4.623105373621,1.169650346499));
#1272 = CARTESIAN_POINT('',(4.622370104153,1.265025874557));
#1273 = CARTESIAN_POINT('',(4.621848424689,1.36053162365));
#1274 = CARTESIAN_POINT('',(4.621530233665,1.456087308748));
#1275 = CARTESIAN_POINT('',(4.621407362017,1.551623756351));
#1276 = CARTESIAN_POINT('',(4.621473349001,1.647082013632));
#1277 = CARTESIAN_POINT('',(4.621776455583,1.762559711117));
#1278 = CARTESIAN_POINT('',(4.621837563623,1.782700291658));
#1279 = CARTESIAN_POINT('',(4.621906854413,1.802834348615));
#1280 = CARTESIAN_POINT('',(4.621984286698,1.822961342421));
#1281 = CARTESIAN_POINT('',(4.622069822442,1.843080736254));
#1282 = CARTESIAN_POINT('',(4.622163426824,1.863191996025));
#1283 = CARTESIAN_POINT('',(4.622265068241,1.88329459039));
#1284 = CARTESIAN_POINT('',(4.623054800512,2.028013217359));
#1285 = CARTESIAN_POINT('',(4.624042793699,2.15225576882));
#1286 = CARTESIAN_POINT('',(4.625331918591,2.276025031783));
#1287 = CARTESIAN_POINT('',(4.626920221921,2.399202726682));
#1288 = CARTESIAN_POINT('',(4.628810433526,2.521639923308));
#1289 = CARTESIAN_POINT('',(4.631009724583,2.643156564258));
#1290 = CARTESIAN_POINT('',(4.6335313627,2.763536475109));
#1291 = CARTESIAN_POINT('',(4.638833119543,2.983402572987));
#1292 = CARTESIAN_POINT('',(4.641511766214,3.083118817098));
#1293 = CARTESIAN_POINT('',(4.644453247524,3.181643284678));
#1294 = CARTESIAN_POINT('',(4.647679974278,3.278781016977));
#1295 = CARTESIAN_POINT('',(4.651217111605,3.374179220368));
#1296 = CARTESIAN_POINT('',(4.655100569812,3.467266226369));
#1297 = CARTESIAN_POINT('',(4.659371026774,3.557297582455));
#1298 = CARTESIAN_POINT('',(4.666537289738,3.686953149131));
#1299 = CARTESIAN_POINT('',(4.669080414351,3.729627486868));
#1300 = CARTESIAN_POINT('',(4.671754826025,3.770998935202));
#1301 = CARTESIAN_POINT('',(4.674572214692,3.810839739635));
#1302 = CARTESIAN_POINT('',(4.677543289667,3.848818457561));
#1303 = CARTESIAN_POINT('',(4.680677711339,3.884501693707));
#1304 = CARTESIAN_POINT('',(4.683984307968,3.917351728597));
#1305 = CARTESIAN_POINT('',(4.68853257459,3.955655308531));
#1306 = CARTESIAN_POINT('',(4.689609835376,3.964264349078));
#1307 = CARTESIAN_POINT('',(4.690703371894,3.972527730417));
#1308 = CARTESIAN_POINT('',(4.691813086415,3.980424552978));
#1309 = CARTESIAN_POINT('',(4.692938755516,3.987932858955));
#1310 = CARTESIAN_POINT('',(4.694080014078,3.9950300424));
#1311 = CARTESIAN_POINT('',(4.695236339277,4.001693259327));
#1312 = CARTESIAN_POINT('',(4.697043273391,4.011272932501));
#1313 = CARTESIAN_POINT('',(4.697683750709,4.01451116968));
#1314 = CARTESIAN_POINT('',(4.698328350358,4.017610829008));
#1315 = CARTESIAN_POINT('',(4.698976938554,4.020568288219));
#1316 = CARTESIAN_POINT('',(4.699629363904,4.023380023114));
#1317 = CARTESIAN_POINT('',(4.700285457412,4.026042607565));
#1318 = CARTESIAN_POINT('',(4.700945032472,4.02855271351));
#1319 = CARTESIAN_POINT('',(4.702928609387,4.035598216292));
#1320 = CARTESIAN_POINT('',(4.704262479664,4.039671775012));
#1321 = CARTESIAN_POINT('',(4.705607701306,4.043102027355));
#1322 = CARTESIAN_POINT('',(4.706962322866,4.045866827851));
#1323 = CARTESIAN_POINT('',(4.708324226197,4.047948442213));
#1324 = CARTESIAN_POINT('',(4.709691116817,4.049334344213));
#1325 = CARTESIAN_POINT('',(4.711060514254,4.050018012569));
#1326 = CARTESIAN_POINT('',(4.713996552033,4.04997880458));
#1327 = CARTESIAN_POINT('',(4.715563485688,4.049038699561));
#1328 = CARTESIAN_POINT('',(4.717126473152,4.047179316153));
#1329 = CARTESIAN_POINT('',(4.718681820879,4.044412321418));
#1330 = CARTESIAN_POINT('',(4.720226189645,4.040759445239));
#1331 = CARTESIAN_POINT('',(4.72175657219,4.036250779466));
#1332 = CARTESIAN_POINT('',(4.723270270861,4.030923077051));
#1333 = CARTESIAN_POINT('',(4.725558633181,4.021575780105));
#1334 = CARTESIAN_POINT('',(4.726347077572,4.018113981672));
#1335 = CARTESIAN_POINT('',(4.727129891888,4.014438675995));
#1336 = CARTESIAN_POINT('',(4.727906800681,4.010556132204));
#1337 = CARTESIAN_POINT('',(4.728677567141,4.006472787193));
#1338 = CARTESIAN_POINT('',(4.729441990633,4.002195164358));
#1339 = CARTESIAN_POINT('',(4.730199904237,3.997729792338));
#1340 = CARTESIAN_POINT('',(4.732531629832,3.983307834501));
#1341 = CARTESIAN_POINT('',(4.73408254693,3.972730890504));
#1342 = CARTESIAN_POINT('',(4.735602858273,3.961411889007));
#1343 = CARTESIAN_POINT('',(4.737091951489,3.949408859988));
#1344 = CARTESIAN_POINT('',(4.738549613815,3.93677709337));
#1345 = CARTESIAN_POINT('',(4.739975978781,3.923567966247));
#1346 = CARTESIAN_POINT('',(4.741371472892,3.909827770098));
#1347 = CARTESIAN_POINT('',(4.744948991915,3.87253713932));
#1348 = CARTESIAN_POINT('',(4.747081168197,3.848196700677));
#1349 = CARTESIAN_POINT('',(4.749136697515,3.822743481131));
#1350 = CARTESIAN_POINT('',(4.751118895136,3.796322529052));
#1351 = CARTESIAN_POINT('',(4.753031102751,3.76905705498));
#1352 = CARTESIAN_POINT('',(4.754876757894,3.741049190675));
#1353 = CARTESIAN_POINT('',(4.756659415252,3.712380134365));
#1354 = CARTESIAN_POINT('',(4.76194550283,3.622595559877));
#1355 = CARTESIAN_POINT('',(4.76525058416,3.559579853931));
#1356 = CARTESIAN_POINT('',(4.768330796844,3.49460554074));
#1357 = CARTESIAN_POINT('',(4.771207307024,3.428065543423));
#1358 = CARTESIAN_POINT('',(4.773897067823,3.360258767976));
#1359 = CARTESIAN_POINT('',(4.776414796826,3.291403844155));
#1360 = CARTESIAN_POINT('',(4.778772833533,3.221637453746));
#1361 = CARTESIAN_POINT('',(4.783605059021,3.067197522005));
#1362 = CARTESIAN_POINT('',(4.78601589761,2.982257172596));
#1363 = CARTESIAN_POINT('',(4.788231420211,2.896388578783));
#1364 = CARTESIAN_POINT('',(4.790262866036,2.809738885253));
#1365 = CARTESIAN_POINT('',(4.792118549916,2.722426996757));
#1366 = CARTESIAN_POINT('',(4.793804773586,2.634547168205));
#1367 = CARTESIAN_POINT('',(4.79532600415,2.546169793143));
#1368 = CARTESIAN_POINT('',(4.797737864132,2.388547088167));
#1369 = CARTESIAN_POINT('',(4.798693204327,2.319490857588));
#1370 = CARTESIAN_POINT('',(4.799552480303,2.250203118675));
#1371 = CARTESIAN_POINT('',(4.800316408372,2.180710742801));
#1372 = CARTESIAN_POINT('',(4.800985178745,2.111038927144));
#1373 = CARTESIAN_POINT('',(4.801558489414,2.041211347104));
#1374 = CARTESIAN_POINT('',(4.80203558002,1.971250308702));
#1375 = CARTESIAN_POINT('',(4.802483729227,1.888541527603));
#1376 = CARTESIAN_POINT('',(4.80254902523,1.875902535712));
#1377 = CARTESIAN_POINT('',(4.802611146609,1.863260057182));
#1378 = CARTESIAN_POINT('',(4.802670085743,1.850614224161));
#1379 = CARTESIAN_POINT('',(4.80272583451,1.837965169077));
#1380 = CARTESIAN_POINT('',(4.802778384293,1.825313024643));
#1381 = CARTESIAN_POINT('',(4.802827725978,1.812657923858));
#1382 = CARTESIAN_POINT('',(4.80287384995,1.8));
#1383 = ( GEOMETRIC_REPRESENTATION_CONTEXT(2) 
PARAMETRIC_REPRESENTATION_CONTEXT() REPRESENTATION_CONTEXT('2D SPACE',''
  ) );
#1384 = ORIENTED_EDGE('',*,*,#1385,.T.);
#1385 = EDGE_CURVE('',#988,#1386,#1388,.T.);
#1386 = VERTEX_POINT('',#1387);
#1387 = CARTESIAN_POINT('',(23.060518207534,15.5,-1.35));
#1388 = SURFACE_CURVE('',#1389,(#1393,#1399),.PCURVE_S1.);
#1389 = LINE('',#1390,#1391);
#1390 = CARTESIAN_POINT('',(-34.6,15.5,-1.35));
#1391 = VECTOR('',#1392,1.);
#1392 = DIRECTION('',(1.,0.,0.));
#1393 = PCURVE('',#102,#1394);
#1394 = DEFINITIONAL_REPRESENTATION('',(#1395),#1398);
#1395 = B_SPLINE_CURVE_WITH_KNOTS('',1,(#1396,#1397),.UNSPECIFIED.,.F.,
  .F.,(2,2),(6.88,62.32),.PIECEWISE_BEZIER_KNOTS.);
#1396 = CARTESIAN_POINT('',(2.214297435588,6.88));
#1397 = CARTESIAN_POINT('',(2.214297435588,62.32));
#1398 = ( GEOMETRIC_REPRESENTATION_CONTEXT(2) 
PARAMETRIC_REPRESENTATION_CONTEXT() REPRESENTATION_CONTEXT('2D SPACE',''
  ) );
#1399 = PCURVE('',#1400,#1405);
#1400 = PLANE('',#1401);
#1401 = AXIS2_PLACEMENT_3D('',#1402,#1403,#1404);
#1402 = CARTESIAN_POINT('',(0.,15.5,0.));
#1403 = DIRECTION('',(0.,1.,0.));
#1404 = DIRECTION('',(0.,-0.,1.));
#1405 = DEFINITIONAL_REPRESENTATION('',(#1406),#1409);
#1406 = B_SPLINE_CURVE_WITH_KNOTS('',1,(#1407,#1408),.UNSPECIFIED.,.F.,
  .F.,(2,2),(6.88,62.32),.PIECEWISE_BEZIER_KNOTS.);
#1407 = CARTESIAN_POINT('',(-1.35,-27.72));
#1408 = CARTESIAN_POINT('',(-1.35,27.72));
#1409 = ( GEOMETRIC_REPRESENTATION_CONTEXT(2) 
PARAMETRIC_REPRESENTATION_CONTEXT() REPRESENTATION_CONTEXT('2D SPACE',''
  ) );
#1410 = ORIENTED_EDGE('',*,*,#1411,.T.);
#1411 = EDGE_CURVE('',#1386,#511,#1412,.T.);
#1412 = SURFACE_CURVE('',#1413,(#1542,#1674),.PCURVE_S1.);
#1413 = B_SPLINE_CURVE_WITH_KNOTS('',8,(#1414,#1415,#1416,#1417,#1418,
    #1419,#1420,#1421,#1422,#1423,#1424,#1425,#1426,#1427,#1428,#1429,
    #1430,#1431,#1432,#1433,#1434,#1435,#1436,#1437,#1438,#1439,#1440,
    #1441,#1442,#1443,#1444,#1445,#1446,#1447,#1448,#1449,#1450,#1451,
    #1452,#1453,#1454,#1455,#1456,#1457,#1458,#1459,#1460,#1461,#1462,
    #1463,#1464,#1465,#1466,#1467,#1468,#1469,#1470,#1471,#1472,#1473,
    #1474,#1475,#1476,#1477,#1478,#1479,#1480,#1481,#1482,#1483,#1484,
    #1485,#1486,#1487,#1488,#1489,#1490,#1491,#1492,#1493,#1494,#1495,
    #1496,#1497,#1498,#1499,#1500,#1501,#1502,#1503,#1504,#1505,#1506,
    #1507,#1508,#1509,#1510,#1511,#1512,#1513,#1514,#1515,#1516,#1517,
    #1518,#1519,#1520,#1521,#1522,#1523,#1524,#1525,#1526,#1527,#1528,
    #1529,#1530,#1531,#1532,#1533,#1534,#1535,#1536,#1537,#1538,#1539,
    #1540,#1541),.UNSPECIFIED.,.F.,.F.,(9,7,7,7,7,7,7,7,7,7,7,7,7,7,7,7,
    7,7,9),(0.,4.759845123538E-02,0.140942034873,0.245266038567,
    0.267313085162,0.404055405031,0.520014583344,0.579292644897,
    0.597327913929,0.607129557545,0.626659201003,0.649006998333,
    0.660875517604,0.685843557966,0.726300209506,0.809940829233,
    0.909232419771,0.986133488457,1.),.UNSPECIFIED.);
#1414 = CARTESIAN_POINT('',(23.060518207534,15.5,-1.35));
#1415 = CARTESIAN_POINT('',(23.095072567377,15.537410396446,
    -1.399880528595));
#1416 = CARTESIAN_POINT('',(23.130375219718,15.575544813659,
    -1.447435403645));
#1417 = CARTESIAN_POINT('',(23.166341416825,15.614306182363,
    -1.49279828549));
#1418 = CARTESIAN_POINT('',(23.202898917464,15.653612146374,
    -1.536084510827));
#1419 = CARTESIAN_POINT('',(23.239986409026,15.693393142343,
    -1.57739690591));
#1420 = CARTESIAN_POINT('',(23.277552482683,15.733591079549,
    -1.616829659949));
#1421 = CARTESIAN_POINT('',(23.315555161564,15.774158619766,
    -1.654470258714));
#1422 = CARTESIAN_POINT('',(23.4292801942,15.895267410641,
    -1.760858958197));
#1423 = CARTESIAN_POINT('',(23.506123802071,15.976725295373,
    -1.824710303979));
#1424 = CARTESIAN_POINT('',(23.58424376207,16.059151902489,
    -1.882570199964));
#1425 = CARTESIAN_POINT('',(23.663442877767,16.142329070861,
    -1.934886215679));
#1426 = CARTESIAN_POINT('',(23.743562052401,16.226084352733,
    -1.98202063261));
#1427 = CARTESIAN_POINT('',(23.82447622629,16.31028490955,
    -2.024278492858));
#1428 = CARTESIAN_POINT('',(23.906094244388,16.394835877019,
    -2.061911580466));
#1429 = CARTESIAN_POINT('',(24.080296475537,16.574498018605,
    -2.132256147513));
#1430 = CARTESIAN_POINT('',(24.173011130687,16.669650346499,
    -2.163855790894));
#1431 = CARTESIAN_POINT('',(24.266394778324,16.765025874557,
    -2.190217441647));
#1432 = CARTESIAN_POINT('',(24.360352920155,16.86053162365,
    -2.21155506218));
#1433 = CARTESIAN_POINT('',(24.45480114783,16.956087308748,
    -2.228028809369));
#1434 = CARTESIAN_POINT('',(24.549664213529,17.051623756351,
    -2.239757410294));
#1435 = CARTESIAN_POINT('',(24.644875669371,17.147082013632,
    -2.246822216372));
#1436 = CARTESIAN_POINT('',(24.760560832499,17.262559711117,
    -2.249778739071));
#1437 = CARTESIAN_POINT('',(24.780756279362,17.282700291658,
    -2.250088023394));
#1438 = CARTESIAN_POINT('',(24.800963792464,17.302834348615,
    -2.250191178015));
#1439 = CARTESIAN_POINT('',(24.821182748478,17.322961342421,
    -2.250088517367));
#1440 = CARTESIAN_POINT('',(24.841412524524,17.343080736254,
    -2.249780281132));
#1441 = CARTESIAN_POINT('',(24.861652498164,17.363191996025,
    -2.249266634243));
#1442 = CARTESIAN_POINT('',(24.881902047402,17.38329459039,
    -2.248547666879));
#1443 = CARTESIAN_POINT('',(25.027809794653,17.528013217359,
    -2.241890782945));
#1444 = CARTESIAN_POINT('',(25.153774258195,17.652255768821,
    -2.228262010958));
#1445 = CARTESIAN_POINT('',(25.279940885418,17.776025031782,
    -2.206743909219));
#1446 = CARTESIAN_POINT('',(25.406166672545,17.899202726682,
    -2.177227015426));
#1447 = CARTESIAN_POINT('',(25.532274355795,18.021639923308,
    -2.139482630224));
#1448 = CARTESIAN_POINT('',(25.65805100024,18.143156564258,
    -2.093166476455));
#1449 = CARTESIAN_POINT('',(25.783241838665,18.263536475109,
    -2.037772232184));
#1450 = CARTESIAN_POINT('',(26.01293105694,18.483402572985,
    -1.917108068006));
#1451 = CARTESIAN_POINT('',(26.117510402555,18.583118817101,
    -1.854708184292));
#1452 = CARTESIAN_POINT('',(26.221229508335,18.681643284676,
    -1.784743917853));
#1453 = CARTESIAN_POINT('',(26.323861897425,18.778781016978,
    -1.706519191162));
#1454 = CARTESIAN_POINT('',(26.425011381554,18.874179220368,
    -1.619247719178));
#1455 = CARTESIAN_POINT('',(26.524041299497,18.967266226369,
    -1.521840149812));
#1456 = CARTESIAN_POINT('',(26.620120536221,19.057297582454,
    -1.413074664014));
#1457 = CARTESIAN_POINT('',(26.758873425474,19.186953149131,
    -1.227906700012));
#1458 = CARTESIAN_POINT('',(26.804612377497,19.229627486868,
    -1.161782862815));
#1459 = CARTESIAN_POINT('',(26.849020190245,19.270998935202,
    -1.091827437664));
#1460 = CARTESIAN_POINT('',(26.891845355544,19.310839739635,
    -1.017706756879));
#1461 = CARTESIAN_POINT('',(26.932723231916,19.348818457561,
    -0.939111872764));
#1462 = CARTESIAN_POINT('',(26.971177012034,19.384501693707,
    -0.855765482643));
#1463 = CARTESIAN_POINT('',(27.006614990471,19.417351728597,
    -0.76742250139));
#1464 = CARTESIAN_POINT('',(27.047971594534,19.455655308531,
    -0.645399321188));
#1465 = CARTESIAN_POINT('',(27.057269641608,19.464264349078,
    -0.616463960216));
#1466 = CARTESIAN_POINT('',(27.066196931348,19.472527730417,
    -0.58705818939));
#1467 = CARTESIAN_POINT('',(27.074730518191,19.480424552978,
    -0.557185135486));
#1468 = CARTESIAN_POINT('',(27.082846301539,19.487932858955,
    -0.526851528371));
#1469 = CARTESIAN_POINT('',(27.090519474682,19.4950300424,
    -0.496068168166));
#1470 = CARTESIAN_POINT('',(27.097724973719,19.501693259327,
    -0.464850392417));
#1471 = CARTESIAN_POINT('',(27.108086220851,19.511272932501,
    -0.416027554209));
#1472 = CARTESIAN_POINT('',(27.11158905391,19.51451116968,
    -0.398714422109));
#1473 = CARTESIAN_POINT('',(27.114942344817,19.517610829008,
    -0.381282528877));
#1474 = CARTESIAN_POINT('',(27.118142120567,19.520568288219,
    -0.363735759599));
#1475 = CARTESIAN_POINT('',(27.121184515992,19.523380023114,
    -0.346078502529));
#1476 = CARTESIAN_POINT('',(27.124065773758,19.526042607565,
    -0.328315649092));
#1477 = CARTESIAN_POINT('',(27.126782244366,19.52855271351,
    -0.310452593876));
#1478 = CARTESIAN_POINT('',(27.13440752449,19.535598216292,
    -0.256715437183));
#1479 = CARTESIAN_POINT('',(27.138817067521,19.539671775012,
    -0.220557609965));
#1480 = CARTESIAN_POINT('',(27.14253077726,19.543102027355,
    -0.184073222404));
#1481 = CARTESIAN_POINT('',(27.14552437614,19.545866827851,
    -0.147318460658));
#1482 = CARTESIAN_POINT('',(27.147778421638,19.547948442213,
    -0.110354385309));
#1483 = CARTESIAN_POINT('',(27.14927918089,19.549334344213,
    -7.324708903978E-02));
#1484 = CARTESIAN_POINT('',(27.150019505324,19.550018012569,
    -3.606785431151E-02));
#1485 = CARTESIAN_POINT('',(27.149977048054,19.54997880458,
    4.364556891821E-02));
#1486 = CARTESIAN_POINT('',(27.14895903679,19.549038699561,
    8.61877184609E-02));
#1487 = CARTESIAN_POINT('',(27.146945559194,19.547179316153,
    0.12861665485));
#1488 = CARTESIAN_POINT('',(27.143949404821,19.544412321418,
    0.170826220195));
#1489 = CARTESIAN_POINT('',(27.13999439804,19.540759445239,
    0.212720159034));
#1490 = CARTESIAN_POINT('',(27.135113531003,19.536250779466,
    0.254211695912));
#1491 = CARTESIAN_POINT('',(27.129347096618,19.530923077051,
    0.295223112965));
#1492 = CARTESIAN_POINT('',(27.119232345837,19.521575780105,
    0.357174092858));
#1493 = CARTESIAN_POINT('',(27.115486685849,19.518113981672,
    0.378509900618));
#1494 = CARTESIAN_POINT('',(27.111510443269,19.514438675995,
    0.399683595533));
#1495 = CARTESIAN_POINT('',(27.107310493622,19.510556132204,
    0.420687194221));
#1496 = CARTESIAN_POINT('',(27.102893897159,19.506472787193,
    0.441513816491));
#1497 = CARTESIAN_POINT('',(27.098267809777,19.502195164358,
    0.462157616676));
#1498 = CARTESIAN_POINT('',(27.093439393935,19.497729792338,
    0.482613714958));
#1499 = CARTESIAN_POINT('',(27.077847346802,19.483307834501,
    0.545508779462));
#1500 = CARTESIAN_POINT('',(27.06641561613,19.472730890504,
    0.587287610376));
#1501 = CARTESIAN_POINT('',(27.054185948929,19.461411889007,
    0.628182870005));
#1502 = CARTESIAN_POINT('',(27.041222040951,19.449408859988,
    0.668176051369));
#1503 = CARTESIAN_POINT('',(27.027584592221,19.43677709337,
    0.707260272618));
#1504 = CARTESIAN_POINT('',(27.013330026932,19.423567966247,
    0.745438657701));
#1505 = CARTESIAN_POINT('',(26.998509213334,19.409827770098,
    0.782722717037));
#1506 = CARTESIAN_POINT('',(26.958305297584,19.37253713932,
    0.878123993134));
#1507 = CARTESIAN_POINT('',(26.932082156273,19.348196700677,
    0.934797165628));
#1508 = CARTESIAN_POINT('',(26.9046819045,19.322743481131,0.989243472529
    ));
#1509 = CARTESIAN_POINT('',(26.8762642014,19.296322529052,1.04155605541)
  );
#1510 = CARTESIAN_POINT('',(26.846964696138,19.26905705498,
    1.091830201001));
#1511 = CARTESIAN_POINT('',(26.816895902148,19.241049190675,
    1.140164400266));
#1512 = CARTESIAN_POINT('',(26.786147469913,19.212380134365,
    1.186660236112));
#1513 = CARTESIAN_POINT('',(26.689948445132,19.122595559877,
    1.323960304761));
#1514 = CARTESIAN_POINT('',(26.622564005761,19.059579853931,
    1.408979600233));
#1515 = CARTESIAN_POINT('',(26.553234869949,18.99460554074,
    1.487411944672));
#1516 = CARTESIAN_POINT('',(26.482397525083,18.928065543423,
    1.559877769681));
#1517 = CARTESIAN_POINT('',(26.41038406718,18.860258767975,
    1.626882940978));
#1518 = CARTESIAN_POINT('',(26.337438202856,18.791403844156,
    1.688869282596));
#1519 = CARTESIAN_POINT('',(26.263714846158,18.721637453745,
    1.746208638754));
#1520 = CARTESIAN_POINT('',(26.100943802513,18.567197522005,
    1.862175972736));
#1521 = CARTESIAN_POINT('',(26.011694096093,18.482257172597,
    1.918976859019));
#1522 = CARTESIAN_POINT('',(25.921755094392,18.396388578782,
    1.97014612985));
#1523 = CARTESIAN_POINT('',(25.831295580555,18.309738885253,
    2.016047288607));
#1524 = CARTESIAN_POINT('',(25.740452642172,18.222426996758,
    2.05696356456));
#1525 = CARTESIAN_POINT('',(25.649336030563,18.134547168204,
    2.093122634257));
#1526 = CARTESIAN_POINT('',(25.558029552442,18.046169793144,
    2.124701653233));
#1527 = CARTESIAN_POINT('',(25.395776609381,17.888547088167,
    2.172852245868));
#1528 = CARTESIAN_POINT('',(25.324891556447,17.819490857588,
    2.19119955525));
#1529 = CARTESIAN_POINT('',(25.253972793785,17.750203118675,
    2.206939729874));
#1530 = CARTESIAN_POINT('',(25.183052498172,17.680710742801,
    2.220119554843));
#1531 = CARTESIAN_POINT('',(25.112160794279,17.611038927144,
    2.230772363239));
#1532 = CARTESIAN_POINT('',(25.041325930451,17.541211347104,
    2.23891916815));
#1533 = CARTESIAN_POINT('',(24.970574454496,17.471250308702,
    2.24456979471));
#1534 = CARTESIAN_POINT('',(24.887193297609,17.388541527603,
    2.248292768755));
#1535 = CARTESIAN_POINT('',(24.874458765936,17.375902535712,
    2.248780348338));
#1536 = CARTESIAN_POINT('',(24.861727949377,17.363260057182,
    2.249186745614));
#1537 = CARTESIAN_POINT('',(24.849001002784,17.350614224161,
    2.249511943702));
#1538 = CARTESIAN_POINT('',(24.836278080936,17.337965169077,
    2.249755914107));
#1539 = CARTESIAN_POINT('',(24.823559338537,17.325313024644,
    2.249918616713));
#1540 = CARTESIAN_POINT('',(24.810844930214,17.312657923858,
    2.249999999793));
#1541 = CARTESIAN_POINT('',(24.79813501052,17.3,2.25));
#1542 = PCURVE('',#102,#1543);
#1543 = DEFINITIONAL_REPRESENTATION('',(#1544),#1673);
#1544 = B_SPLINE_CURVE_WITH_KNOTS('',8,(#1545,#1546,#1547,#1548,#1549,
    #1550,#1551,#1552,#1553,#1554,#1555,#1556,#1557,#1558,#1559,#1560,
    #1561,#1562,#1563,#1564,#1565,#1566,#1567,#1568,#1569,#1570,#1571,
    #1572,#1573,#1574,#1575,#1576,#1577,#1578,#1579,#1580,#1581,#1582,
    #1583,#1584,#1585,#1586,#1587,#1588,#1589,#1590,#1591,#1592,#1593,
    #1594,#1595,#1596,#1597,#1598,#1599,#1600,#1601,#1602,#1603,#1604,
    #1605,#1606,#1607,#1608,#1609,#1610,#1611,#1612,#1613,#1614,#1615,
    #1616,#1617,#1618,#1619,#1620,#1621,#1622,#1623,#1624,#1625,#1626,
    #1627,#1628,#1629,#1630,#1631,#1632,#1633,#1634,#1635,#1636,#1637,
    #1638,#1639,#1640,#1641,#1642,#1643,#1644,#1645,#1646,#1647,#1648,
    #1649,#1650,#1651,#1652,#1653,#1654,#1655,#1656,#1657,#1658,#1659,
    #1660,#1661,#1662,#1663,#1664,#1665,#1666,#1667,#1668,#1669,#1670,
    #1671,#1672),.UNSPECIFIED.,.F.,.F.,(9,7,7,7,7,7,7,7,7,7,7,7,7,7,7,7,
    7,7,9),(0.,4.759845123538E-02,0.140942034873,0.245266038567,
    0.267313085162,0.404055405031,0.520014583344,0.579292644897,
    0.597327913929,0.607129557545,0.626659201003,0.649006998333,
    0.660875517604,0.685843557966,0.726300209506,0.809940829233,
    0.909232419771,0.986133488457,1.),.UNSPECIFIED.);
#1545 = CARTESIAN_POINT('',(2.214297435588,57.660518207534));
#1546 = CARTESIAN_POINT('',(2.242008840363,57.695072567377));
#1547 = CARTESIAN_POINT('',(2.269086428859,57.730375219718));
#1548 = CARTESIAN_POINT('',(2.295584215714,57.766341416825));
#1549 = CARTESIAN_POINT('',(2.321547540618,57.802898917464));
#1550 = CARTESIAN_POINT('',(2.347016172762,57.839986409026));
#1551 = CARTESIAN_POINT('',(2.372026543494,57.877552482683));
#1552 = CARTESIAN_POINT('',(2.396613107147,57.915555161564));
#1553 = CARTESIAN_POINT('',(2.468258178284,58.0292801942));
#1554 = CARTESIAN_POINT('',(2.514186477661,58.106123802071));
#1555 = CARTESIAN_POINT('',(2.558843415264,58.18424376207));
#1556 = CARTESIAN_POINT('',(2.602407067493,58.263442877767));
#1557 = CARTESIAN_POINT('',(2.645022828345,58.343562052401));
#1558 = CARTESIAN_POINT('',(2.686818252914,58.42447622629));
#1559 = CARTESIAN_POINT('',(2.72790790108,58.506094244388));
#1560 = CARTESIAN_POINT('',(2.813660163528,58.680296475537));
#1561 = CARTESIAN_POINT('',(2.858159688073,58.773011130687));
#1562 = CARTESIAN_POINT('',(2.902043767424,58.866394778324));
#1563 = CARTESIAN_POINT('',(2.945430708398,58.960352920155));
#1564 = CARTESIAN_POINT('',(2.988424042206,59.05480114783));
#1565 = CARTESIAN_POINT('',(3.031119972279,59.149664213529));
#1566 = CARTESIAN_POINT('',(3.073612424895,59.244875669371));
#1567 = CARTESIAN_POINT('',(3.124952664243,59.360560832499));
#1568 = CARTESIAN_POINT('',(3.133904621117,59.380756279362));
#1569 = CARTESIAN_POINT('',(3.142852427895,59.400963792464));
#1570 = CARTESIAN_POINT('',(3.15179693829,59.421182748478));
#1571 = CARTESIAN_POINT('',(3.16073900507,59.441412524524));
#1572 = CARTESIAN_POINT('',(3.16967948005,59.461652498164));
#1573 = CARTESIAN_POINT('',(3.178619214098,59.481902047402));
#1574 = CARTESIAN_POINT('',(3.243006614285,59.627809794653));
#1575 = CARTESIAN_POINT('',(3.29844542521,59.753774258195));
#1576 = CARTESIAN_POINT('',(3.354095507581,59.879940885418));
#1577 = CARTESIAN_POINT('',(3.410164449392,60.006166672545));
#1578 = CARTESIAN_POINT('',(3.466870868057,60.132274355795));
#1579 = CARTESIAN_POINT('',(3.524454604692,60.25805100024));
#1580 = CARTESIAN_POINT('',(3.583202657585,60.383241838665));
#1581 = CARTESIAN_POINT('',(3.694669591407,60.61293105694));
#1582 = CARTESIAN_POINT('',(3.746864692882,60.717510402555));
#1583 = CARTESIAN_POINT('',(3.80041551316,60.821229508335));
#1584 = CARTESIAN_POINT('',(3.85563946541,60.923861897425));
#1585 = CARTESIAN_POINT('',(3.912855481774,61.025011381554));
#1586 = CARTESIAN_POINT('',(3.972495236202,61.124041299497));
#1587 = CARTESIAN_POINT('',(4.035044402272,61.220120536221));
#1588 = CARTESIAN_POINT('',(4.135510221888,61.358873425474));
#1589 = CARTESIAN_POINT('',(4.170462521882,61.404612377497));
#1590 = CARTESIAN_POINT('',(4.206537158855,61.449020190245));
#1591 = CARTESIAN_POINT('',(4.24387224656,61.491845355544));
#1592 = CARTESIAN_POINT('',(4.282591328206,61.532723231916));
#1593 = CARTESIAN_POINT('',(4.322809509864,61.571177012034));
#1594 = CARTESIAN_POINT('',(4.364643480496,61.606614990471));
#1595 = CARTESIAN_POINT('',(4.421485163588,61.647971594534));
#1596 = CARTESIAN_POINT('',(4.434900960992,61.657269641608));
#1597 = CARTESIAN_POINT('',(4.448473762208,61.666196931348));
#1598 = CARTESIAN_POINT('',(4.462203376003,61.674730518191));
#1599 = CARTESIAN_POINT('',(4.476088313362,61.682846301539));
#1600 = CARTESIAN_POINT('',(4.490125632314,61.690519474682));
#1601 = CARTESIAN_POINT('',(4.504310782762,61.697724973719));
#1602 = CARTESIAN_POINT('',(4.526423578538,61.708086220851));
#1603 = CARTESIAN_POINT('',(4.534251432644,61.71158905391));
#1604 = CARTESIAN_POINT('',(4.542119945016,61.714942344817));
#1605 = CARTESIAN_POINT('',(4.550027863574,61.718142120567));
#1606 = CARTESIAN_POINT('',(4.557973752772,61.721184515992));
#1607 = CARTESIAN_POINT('',(4.565955993597,61.724065773758));
#1608 = CARTESIAN_POINT('',(4.573972783571,61.726782244366));
#1609 = CARTESIAN_POINT('',(4.598060364999,61.73440752449));
#1610 = CARTESIAN_POINT('',(4.614229512913,61.738817067521));
#1611 = CARTESIAN_POINT('',(4.630511659067,61.74253077726));
#1612 = CARTESIAN_POINT('',(4.646887510623,61.74552437614));
#1613 = CARTESIAN_POINT('',(4.663336166318,61.747778421638));
#1614 = CARTESIAN_POINT('',(4.679834879464,61.74927918089));
#1615 = CARTESIAN_POINT('',(4.696358820934,61.750019505324));
#1616 = CARTESIAN_POINT('',(4.731787013322,61.749977048054));
#1617 = CARTESIAN_POINT('',(4.750694810849,61.74895903679));
#1618 = CARTESIAN_POINT('',(4.769562851776,61.746945559194));
#1619 = CARTESIAN_POINT('',(4.788354186523,61.743949404821));
#1620 = CARTESIAN_POINT('',(4.807035815196,61.73999439804));
#1621 = CARTESIAN_POINT('',(4.825578203864,61.735113531003));
#1622 = CARTESIAN_POINT('',(4.843954800853,61.729347096618));
#1623 = CARTESIAN_POINT('',(4.871800214935,61.719232345837));
#1624 = CARTESIAN_POINT('',(4.881406212277,61.715486685849));
#1625 = CARTESIAN_POINT('',(4.890956497787,61.711510443269));
#1626 = CARTESIAN_POINT('',(4.900448455537,61.707310493622));
#1627 = CARTESIAN_POINT('',(4.909879873345,61.702893897159));
#1628 = CARTESIAN_POINT('',(4.919248915185,61.698267809777));
#1629 = CARTESIAN_POINT('',(4.928554093599,61.693439393935));
#1630 = CARTESIAN_POINT('',(4.957232926527,61.677847346802));
#1631 = CARTESIAN_POINT('',(4.976382213235,61.66641561613));
#1632 = CARTESIAN_POINT('',(4.995233685558,61.654185948929));
#1633 = CARTESIAN_POINT('',(5.013783294868,61.641222040951));
#1634 = CARTESIAN_POINT('',(5.032030919054,61.627584592221));
#1635 = CARTESIAN_POINT('',(5.049979921006,61.613330026932));
#1636 = CARTESIAN_POINT('',(5.067636707104,61.598509213334));
#1637 = CARTESIAN_POINT('',(5.113161346207,61.558305297584));
#1638 = CARTESIAN_POINT('',(5.140559300181,61.532082156273));
#1639 = CARTESIAN_POINT('',(5.167249473497,61.5046819045));
#1640 = CARTESIAN_POINT('',(5.193273374088,61.4762642014));
#1641 = CARTESIAN_POINT('',(5.218671128009,61.446964696138));
#1642 = CARTESIAN_POINT('',(5.243483289812,61.416895902148));
#1643 = CARTESIAN_POINT('',(5.267752027234,61.386147469913));
#1644 = CARTESIAN_POINT('',(5.34066337698,61.289948445132));
#1645 = CARTESIAN_POINT('',(5.387616456907,61.222564005761));
#1646 = CARTESIAN_POINT('',(5.43277613528,61.153234869949));
#1647 = CARTESIAN_POINT('',(5.476392622054,61.082397525083));
#1648 = CARTESIAN_POINT('',(5.518665416291,61.01038406718));
#1649 = CARTESIAN_POINT('',(5.559771523024,60.937438202856));
#1650 = CARTESIAN_POINT('',(5.599868734337,60.863714846158));
#1651 = CARTESIAN_POINT('',(5.685705346361,60.700943802513));
#1652 = CARTESIAN_POINT('',(5.731051883334,60.611694096093));
#1653 = CARTESIAN_POINT('',(5.775379382807,60.521755094392));
#1654 = CARTESIAN_POINT('',(5.818852610935,60.431295580555));
#1655 = CARTESIAN_POINT('',(5.861607458355,60.340452642172));
#1656 = CARTESIAN_POINT('',(5.903763547162,60.249336030563));
#1657 = CARTESIAN_POINT('',(5.945429076566,60.158029552442));
#1658 = CARTESIAN_POINT('',(6.018679395499,59.995776609381));
#1659 = CARTESIAN_POINT('',(6.050414381609,59.924891556447));
#1660 = CARTESIAN_POINT('',(6.081958953897,59.853972793785));
#1661 = CARTESIAN_POINT('',(6.113354606466,59.783052498172));
#1662 = CARTESIAN_POINT('',(6.144640008452,59.712160794279));
#1663 = CARTESIAN_POINT('',(6.175852127808,59.641325930451));
#1664 = CARTESIAN_POINT('',(6.20702735508,59.570574454496));
#1665 = CARTESIAN_POINT('',(6.243824035034,59.487193297609));
#1666 = CARTESIAN_POINT('',(6.249445427289,59.474458765936));
#1667 = CARTESIAN_POINT('',(6.25506701562,59.461727949377));
#1668 = CARTESIAN_POINT('',(6.260689011698,59.449001002784));
#1669 = CARTESIAN_POINT('',(6.266311627201,59.436278080936));
#1670 = CARTESIAN_POINT('',(6.271935073818,59.423559338537));
#1671 = CARTESIAN_POINT('',(6.277559563243,59.410844930214));
#1672 = CARTESIAN_POINT('',(6.28318530718,59.39813501052));
#1673 = ( GEOMETRIC_REPRESENTATION_CONTEXT(2) 
PARAMETRIC_REPRESENTATION_CONTEXT() REPRESENTATION_CONTEXT('2D SPACE',''
  ) );
#1674 = PCURVE('',#583,#1675);
#1675 = DEFINITIONAL_REPRESENTATION('',(#1676),#1805);
#1676 = B_SPLINE_CURVE_WITH_KNOTS('',8,(#1677,#1678,#1679,#1680,#1681,
    #1682,#1683,#1684,#1685,#1686,#1687,#1688,#1689,#1690,#1691,#1692,
    #1693,#1694,#1695,#1696,#1697,#1698,#1699,#1700,#1701,#1702,#1703,
    #1704,#1705,#1706,#1707,#1708,#1709,#1710,#1711,#1712,#1713,#1714,
    #1715,#1716,#1717,#1718,#1719,#1720,#1721,#1722,#1723,#1724,#1725,
    #1726,#1727,#1728,#1729,#1730,#1731,#1732,#1733,#1734,#1735,#1736,
    #1737,#1738,#1739,#1740,#1741,#1742,#1743,#1744,#1745,#1746,#1747,
    #1748,#1749,#1750,#1751,#1752,#1753,#1754,#1755,#1756,#1757,#1758,
    #1759,#1760,#1761,#1762,#1763,#1764,#1765,#1766,#1767,#1768,#1769,
    #1770,#1771,#1772,#1773,#1774,#1775,#1776,#1777,#1778,#1779,#1780,
    #1781,#1782,#1783,#1784,#1785,#1786,#1787,#1788,#1789,#1790,#1791,
    #1792,#1793,#1794,#1795,#1796,#1797,#1798,#1799,#1800,#1801,#1802,
    #1803,#1804),.UNSPECIFIED.,.F.,.F.,(9,7,7,7,7,7,7,7,7,7,7,7,7,7,7,7,
    7,7,9),(0.,4.759845123538E-02,0.140942034873,0.245266038567,
    0.267313085162,0.404055405031,0.520014583344,0.579292644897,
    0.597327913929,0.607129557545,0.626659201003,0.649006998333,
    0.660875517604,0.685843557966,0.726300209506,0.809940829233,
    0.909232419771,0.986133488457,1.),.UNSPECIFIED.);
#1677 = CARTESIAN_POINT('',(1.629271203507,-8.881784197001E-16));
#1678 = CARTESIAN_POINT('',(1.631339422715,3.741039644612E-02));
#1679 = CARTESIAN_POINT('',(1.633297587263,7.554481365864E-02));
#1680 = CARTESIAN_POINT('',(1.635152155025,0.114306182363));
#1681 = CARTESIAN_POINT('',(1.636908781533,0.153612146374));
#1682 = CARTESIAN_POINT('',(1.6385725593,0.193393142343));
#1683 = CARTESIAN_POINT('',(1.640148175431,0.233591079549));
#1684 = CARTESIAN_POINT('',(1.641639987514,0.274158619766));
#1685 = CARTESIAN_POINT('',(1.64582109874,0.395267410641));
#1686 = CARTESIAN_POINT('',(1.648282314816,0.476725295373));
#1687 = CARTESIAN_POINT('',(1.650466360655,0.559151902489));
#1688 = CARTESIAN_POINT('',(1.652396265864,0.642329070861));
#1689 = CARTESIAN_POINT('',(1.654091056966,0.726084352733));
#1690 = CARTESIAN_POINT('',(1.655566976675,0.81028490955));
#1691 = CARTESIAN_POINT('',(1.656837665857,0.894835877019));
#1692 = CARTESIAN_POINT('',(1.659118459096,1.074498018605));
#1693 = CARTESIAN_POINT('',(1.660079933559,1.169650346499));
#1694 = CARTESIAN_POINT('',(1.660815203026,1.265025874557));
#1695 = CARTESIAN_POINT('',(1.661336882491,1.36053162365));
#1696 = CARTESIAN_POINT('',(1.661655073515,1.456087308748));
#1697 = CARTESIAN_POINT('',(1.661777945162,1.551623756351));
#1698 = CARTESIAN_POINT('',(1.661711958179,1.647082013632));
#1699 = CARTESIAN_POINT('',(1.661408851597,1.762559711117));
#1700 = CARTESIAN_POINT('',(1.661347743556,1.782700291658));
#1701 = CARTESIAN_POINT('',(1.661278452767,1.802834348615));
#1702 = CARTESIAN_POINT('',(1.661201020482,1.822961342421));
#1703 = CARTESIAN_POINT('',(1.661115484738,1.843080736254));
#1704 = CARTESIAN_POINT('',(1.661021880355,1.863191996025));
#1705 = CARTESIAN_POINT('',(1.660920238938,1.88329459039));
#1706 = CARTESIAN_POINT('',(1.660130506668,2.028013217359));
#1707 = CARTESIAN_POINT('',(1.65914251348,2.152255768821));
#1708 = CARTESIAN_POINT('',(1.657853388589,2.276025031782));
#1709 = CARTESIAN_POINT('',(1.656265085258,2.399202726682));
#1710 = CARTESIAN_POINT('',(1.654374873653,2.521639923308));
#1711 = CARTESIAN_POINT('',(1.652175582597,2.643156564257));
#1712 = CARTESIAN_POINT('',(1.64965394448,2.763536475109));
#1713 = CARTESIAN_POINT('',(1.644352187637,2.983402572985));
#1714 = CARTESIAN_POINT('',(1.641673540966,3.083118817103));
#1715 = CARTESIAN_POINT('',(1.638732059656,3.18164328467));
#1716 = CARTESIAN_POINT('',(1.635505332902,3.278781016985));
#1717 = CARTESIAN_POINT('',(1.631968195574,3.374179220363));
#1718 = CARTESIAN_POINT('',(1.628084737368,3.467266226371));
#1719 = CARTESIAN_POINT('',(1.623814280406,3.557297582454));
#1720 = CARTESIAN_POINT('',(1.616648017442,3.686953149131));
#1721 = CARTESIAN_POINT('',(1.614104892829,3.729627486867));
#1722 = CARTESIAN_POINT('',(1.611430481155,3.770998935202));
#1723 = CARTESIAN_POINT('',(1.608613092487,3.810839739635));
#1724 = CARTESIAN_POINT('',(1.605642017512,3.848818457561));
#1725 = CARTESIAN_POINT('',(1.602507595841,3.884501693707));
#1726 = CARTESIAN_POINT('',(1.599200999212,3.917351728597));
#1727 = CARTESIAN_POINT('',(1.59465273259,3.955655308531));
#1728 = CARTESIAN_POINT('',(1.593575471804,3.964264349078));
#1729 = CARTESIAN_POINT('',(1.592481935285,3.972527730417));
#1730 = CARTESIAN_POINT('',(1.591372220765,3.980424552978));
#1731 = CARTESIAN_POINT('',(1.590246551664,3.987932858955));
#1732 = CARTESIAN_POINT('',(1.589105293102,3.9950300424));
#1733 = CARTESIAN_POINT('',(1.587948967902,4.001693259327));
#1734 = CARTESIAN_POINT('',(1.586142033789,4.011272932501));
#1735 = CARTESIAN_POINT('',(1.58550155647,4.01451116968));
#1736 = CARTESIAN_POINT('',(1.584856956821,4.017610829008));
#1737 = CARTESIAN_POINT('',(1.584208368626,4.020568288219));
#1738 = CARTESIAN_POINT('',(1.583555943275,4.023380023114));
#1739 = CARTESIAN_POINT('',(1.582899849767,4.026042607565));
#1740 = CARTESIAN_POINT('',(1.582240274708,4.02855271351));
#1741 = CARTESIAN_POINT('',(1.580256697793,4.035598216292));
#1742 = CARTESIAN_POINT('',(1.578922827516,4.039671775012));
#1743 = CARTESIAN_POINT('',(1.577577605873,4.043102027355));
#1744 = CARTESIAN_POINT('',(1.576222984314,4.045866827851));
#1745 = CARTESIAN_POINT('',(1.574861080982,4.047948442213));
#1746 = CARTESIAN_POINT('',(1.573494190363,4.049334344213));
#1747 = CARTESIAN_POINT('',(1.572124792926,4.050018012569));
#1748 = CARTESIAN_POINT('',(1.569188755147,4.04997880458));
#1749 = CARTESIAN_POINT('',(1.567621821492,4.049038699561));
#1750 = CARTESIAN_POINT('',(1.566058834028,4.047179316153));
#1751 = CARTESIAN_POINT('',(1.5645034863,4.044412321418));
#1752 = CARTESIAN_POINT('',(1.562959117534,4.040759445239));
#1753 = CARTESIAN_POINT('',(1.56142873499,4.036250779466));
#1754 = CARTESIAN_POINT('',(1.559915036318,4.030923077051));
#1755 = CARTESIAN_POINT('',(1.557626673999,4.021575780105));
#1756 = CARTESIAN_POINT('',(1.556838229607,4.018113981672));
#1757 = CARTESIAN_POINT('',(1.556055415292,4.014438675995));
#1758 = CARTESIAN_POINT('',(1.555278506499,4.010556132204));
#1759 = CARTESIAN_POINT('',(1.554507740039,4.006472787193));
#1760 = CARTESIAN_POINT('',(1.553743316546,4.002195164358));
#1761 = CARTESIAN_POINT('',(1.552985402942,3.997729792338));
#1762 = CARTESIAN_POINT('',(1.550653677348,3.983307834501));
#1763 = CARTESIAN_POINT('',(1.54910276025,3.972730890504));
#1764 = CARTESIAN_POINT('',(1.547582448906,3.961411889007));
#1765 = CARTESIAN_POINT('',(1.546093355691,3.949408859988));
#1766 = CARTESIAN_POINT('',(1.544635693365,3.93677709337));
#1767 = CARTESIAN_POINT('',(1.543209328399,3.923567966247));
#1768 = CARTESIAN_POINT('',(1.541813834288,3.909827770098));
#1769 = CARTESIAN_POINT('',(1.538236315265,3.87253713932));
#1770 = CARTESIAN_POINT('',(1.536104138982,3.848196700677));
#1771 = CARTESIAN_POINT('',(1.534048609665,3.822743481131));
#1772 = CARTESIAN_POINT('',(1.532066412044,3.796322529052));
#1773 = CARTESIAN_POINT('',(1.530154204428,3.76905705498));
#1774 = CARTESIAN_POINT('',(1.528308549286,3.741049190675));
#1775 = CARTESIAN_POINT('',(1.526525891928,3.712380134365));
#1776 = CARTESIAN_POINT('',(1.521239804349,3.622595559877));
#1777 = CARTESIAN_POINT('',(1.517934723019,3.559579853931));
#1778 = CARTESIAN_POINT('',(1.514854510336,3.49460554074));
#1779 = CARTESIAN_POINT('',(1.511978000155,3.428065543423));
#1780 = CARTESIAN_POINT('',(1.509288239357,3.360258767975));
#1781 = CARTESIAN_POINT('',(1.506770510354,3.291403844156));
#1782 = CARTESIAN_POINT('',(1.504412473646,3.221637453745));
#1783 = CARTESIAN_POINT('',(1.499580248158,3.067197522005));
#1784 = CARTESIAN_POINT('',(1.49716940957,2.982257172597));
#1785 = CARTESIAN_POINT('',(1.494953886969,2.896388578782));
#1786 = CARTESIAN_POINT('',(1.492922441144,2.809738885253));
#1787 = CARTESIAN_POINT('',(1.491066757264,2.722426996758));
#1788 = CARTESIAN_POINT('',(1.489380533593,2.634547168204));
#1789 = CARTESIAN_POINT('',(1.48785930303,2.546169793144));
#1790 = CARTESIAN_POINT('',(1.485447443047,2.388547088167));
#1791 = CARTESIAN_POINT('',(1.484492102853,2.319490857588));
#1792 = CARTESIAN_POINT('',(1.483632826876,2.250203118675));
#1793 = CARTESIAN_POINT('',(1.482868898808,2.180710742801));
#1794 = CARTESIAN_POINT('',(1.482200128434,2.111038927144));
#1795 = CARTESIAN_POINT('',(1.481626817766,2.041211347104));
#1796 = CARTESIAN_POINT('',(1.48114972716,1.971250308702));
#1797 = CARTESIAN_POINT('',(1.480701577952,1.888541527603));
#1798 = CARTESIAN_POINT('',(1.48063628195,1.875902535712));
#1799 = CARTESIAN_POINT('',(1.48057416057,1.863260057182));
#1800 = CARTESIAN_POINT('',(1.480515221437,1.850614224161));
#1801 = CARTESIAN_POINT('',(1.480459472669,1.837965169077));
#1802 = CARTESIAN_POINT('',(1.480406922886,1.825313024643));
#1803 = CARTESIAN_POINT('',(1.480357581202,1.812657923858));
#1804 = CARTESIAN_POINT('',(1.480311457229,1.8));
#1805 = ( GEOMETRIC_REPRESENTATION_CONTEXT(2) 
PARAMETRIC_REPRESENTATION_CONTEXT() REPRESENTATION_CONTEXT('2D SPACE',''
  ) );
#1806 = ORIENTED_EDGE('',*,*,#510,.T.);
#1807 = ORIENTED_EDGE('',*,*,#1808,.F.);
#1808 = EDGE_CURVE('',#1809,#344,#1811,.T.);
#1809 = VERTEX_POINT('',#1810);
#1810 = CARTESIAN_POINT('',(27.58817681544,19.4,0.80777472107));
#1811 = SURFACE_CURVE('',#1812,(#1830,#1851),.PCURVE_S1.);
#1812 = B_SPLINE_CURVE_WITH_KNOTS('',6,(#1813,#1814,#1815,#1816,#1817,
    #1818,#1819,#1820,#1821,#1822,#1823,#1824,#1825,#1826,#1827,#1828,
    #1829),.UNSPECIFIED.,.F.,.F.,(7,5,5,7),(0.,0.264871875549,
    0.456737333496,1.),.UNSPECIFIED.);
#1813 = CARTESIAN_POINT('',(27.588176861112,19.4000006,0.807773161228));
#1814 = CARTESIAN_POINT('',(27.584339118546,19.349583318855,
    0.938845008791));
#1815 = CARTESIAN_POINT('',(27.579945626135,19.290422695851,
    1.063350178143));
#1816 = CARTESIAN_POINT('',(27.575151227191,19.223604390108,
    1.180801120336));
#1817 = CARTESIAN_POINT('',(27.570112207476,19.150192770947,
    1.290844723823));
#1818 = CARTESIAN_POINT('',(27.564974537378,19.071232465557,
    1.393259321373));
#1819 = CARTESIAN_POINT('',(27.55615882383,18.927277576948,
    1.556544090836));
#1820 = CARTESIAN_POINT('',(27.552464714597,18.864365059481,
    1.621160883901));
#1821 = CARTESIAN_POINT('',(27.548822023535,18.799307447458,
    1.681844953744));
#1822 = CARTESIAN_POINT('',(27.545267405787,18.732369349516,
    1.738646790601));
#1823 = CARTESIAN_POINT('',(27.541832157452,18.663785574645,
    1.791623343135));
#1824 = CARTESIAN_POINT('',(27.529227674509,18.39549114529,
    1.980183826244));
#1825 = CARTESIAN_POINT('',(27.52107645355,18.185608649366,
    2.089408026185));
#1826 = CARTESIAN_POINT('',(27.514675646231,17.968536614723,
    2.170031206609));
#1827 = CARTESIAN_POINT('',(27.510317068248,17.747151944633,
    2.223325882404));
#1828 = CARTESIAN_POINT('',(27.508135162178,17.523639995466,
    2.249999977636));
#1829 = CARTESIAN_POINT('',(27.508135160348,17.3,2.25));
#1830 = PCURVE('',#102,#1831);
#1831 = DEFINITIONAL_REPRESENTATION('',(#1832),#1850);
#1832 = B_SPLINE_CURVE_WITH_KNOTS('',6,(#1833,#1834,#1835,#1836,#1837,
    #1838,#1839,#1840,#1841,#1842,#1843,#1844,#1845,#1846,#1847,#1848,
    #1849),.UNSPECIFIED.,.F.,.F.,(7,5,5,7),(0.,0.264871875549,
    0.456737333496,1.),.UNSPECIFIED.);
#1833 = CARTESIAN_POINT('',(5.07959625816,62.188176861112));
#1834 = CARTESIAN_POINT('',(5.142011405834,62.184339118546));
#1835 = CARTESIAN_POINT('',(5.203097912375,62.179945626135));
#1836 = CARTESIAN_POINT('',(5.262916841063,62.175151227191));
#1837 = CARTESIAN_POINT('',(5.321498841132,62.170112207476));
#1838 = CARTESIAN_POINT('',(5.378849599203,62.164974537378));
#1839 = CARTESIAN_POINT('',(5.47559661653,62.15615882383));
#1840 = CARTESIAN_POINT('',(5.515629781161,62.152464714597));
#1841 = CARTESIAN_POINT('',(5.5551030523,62.148822023535));
#1842 = CARTESIAN_POINT('',(5.594058526728,62.145267405787));
#1843 = CARTESIAN_POINT('',(5.632535650602,62.141832157452));
#1844 = CARTESIAN_POINT('',(5.778281552681,62.129227674509));
#1845 = CARTESIAN_POINT('',(5.882513557757,62.12107645355));
#1846 = CARTESIAN_POINT('',(5.984293683694,62.114675646231));
#1847 = CARTESIAN_POINT('',(6.084450234131,62.110317068248));
#1848 = CARTESIAN_POINT('',(6.183789753639,62.108135162178));
#1849 = CARTESIAN_POINT('',(6.28318530718,62.108135160348));
#1850 = ( GEOMETRIC_REPRESENTATION_CONTEXT(2) 
PARAMETRIC_REPRESENTATION_CONTEXT() REPRESENTATION_CONTEXT('2D SPACE',''
  ) );
#1851 = PCURVE('',#328,#1852);
#1852 = DEFINITIONAL_REPRESENTATION('',(#1853),#1871);
#1853 = B_SPLINE_CURVE_WITH_KNOTS('',6,(#1854,#1855,#1856,#1857,#1858,
    #1859,#1860,#1861,#1862,#1863,#1864,#1865,#1866,#1867,#1868,#1869,
    #1870),.UNSPECIFIED.,.F.,.F.,(7,5,5,7),(0.,0.264871875549,
    0.456737333496,1.),.UNSPECIFIED.);
#1854 = CARTESIAN_POINT('',(1.541525003456,6.4000006));
#1855 = CARTESIAN_POINT('',(1.536773988257,6.349583318855));
#1856 = CARTESIAN_POINT('',(1.532260205426,6.290422695851));
#1857 = CARTESIAN_POINT('',(1.528001280946,6.223604390108));
#1858 = CARTESIAN_POINT('',(1.524010077636,6.150192770947));
#1859 = CARTESIAN_POINT('',(1.520294764209,6.071232465557));
#1860 = CARTESIAN_POINT('',(1.514370033207,5.927277576948));
#1861 = CARTESIAN_POINT('',(1.512025034008,5.864365059481));
#1862 = CARTESIAN_POINT('',(1.50982239038,5.799307447458));
#1863 = CARTESIAN_POINT('',(1.507760335187,5.732369349516));
#1864 = CARTESIAN_POINT('',(1.505836867499,5.663785574645));
#1865 = CARTESIAN_POINT('',(1.498989719232,5.39549114529));
#1866 = CARTESIAN_POINT('',(1.495021433874,5.185608649366));
#1867 = CARTESIAN_POINT('',(1.492091112362,4.968536614723));
#1868 = CARTESIAN_POINT('',(1.490153702629,4.747151944633));
#1869 = CARTESIAN_POINT('',(1.489184021251,4.523639995466));
#1870 = CARTESIAN_POINT('',(1.489184020438,4.3));
#1871 = ( GEOMETRIC_REPRESENTATION_CONTEXT(2) 
PARAMETRIC_REPRESENTATION_CONTEXT() REPRESENTATION_CONTEXT('2D SPACE',''
  ) );
#1872 = ORIENTED_EDGE('',*,*,#1873,.T.);
#1873 = EDGE_CURVE('',#1809,#202,#1874,.T.);
#1874 = SURFACE_CURVE('',#1875,(#1879,#1885),.PCURVE_S1.);
#1875 = LINE('',#1876,#1877);
#1876 = CARTESIAN_POINT('',(-34.6,19.4,0.80777472107));
#1877 = VECTOR('',#1878,1.);
#1878 = DIRECTION('',(1.,0.,0.));
#1879 = PCURVE('',#102,#1880);
#1880 = DEFINITIONAL_REPRESENTATION('',(#1881),#1884);
#1881 = B_SPLINE_CURVE_WITH_KNOTS('',1,(#1882,#1883),.UNSPECIFIED.,.F.,
  .F.,(2,2),(-5.999999999062E-07,69.2000006),.PIECEWISE_BEZIER_KNOTS.);
#1882 = CARTESIAN_POINT('',(5.079597000943,-5.999999999062E-07));
#1883 = CARTESIAN_POINT('',(5.079597000943,69.2000006));
#1884 = ( GEOMETRIC_REPRESENTATION_CONTEXT(2) 
PARAMETRIC_REPRESENTATION_CONTEXT() REPRESENTATION_CONTEXT('2D SPACE',''
  ) );
#1885 = PCURVE('',#138,#1886);
#1886 = DEFINITIONAL_REPRESENTATION('',(#1887),#1890);
#1887 = B_SPLINE_CURVE_WITH_KNOTS('',1,(#1888,#1889),.UNSPECIFIED.,.F.,
  .F.,(2,2),(-5.999999999062E-07,69.2000006),.PIECEWISE_BEZIER_KNOTS.);
#1888 = CARTESIAN_POINT('',(0.80777472107,-34.6000006));
#1889 = CARTESIAN_POINT('',(0.80777472107,34.6000006));
#1890 = ( GEOMETRIC_REPRESENTATION_CONTEXT(2) 
PARAMETRIC_REPRESENTATION_CONTEXT() REPRESENTATION_CONTEXT('2D SPACE',''
  ) );
#1891 = ORIENTED_EDGE('',*,*,#225,.F.);
#1892 = ORIENTED_EDGE('',*,*,#270,.F.);
#1893 = ADVANCED_FACE('',(#1894),#138,.F.);
#1894 = FACE_BOUND('',#1895,.F.);
#1895 = EDGE_LOOP('',(#1896,#1897,#1898,#1899,#1923,#1945));
#1896 = ORIENTED_EDGE('',*,*,#121,.T.);
#1897 = ORIENTED_EDGE('',*,*,#201,.T.);
#1898 = ORIENTED_EDGE('',*,*,#1873,.F.);
#1899 = ORIENTED_EDGE('',*,*,#1900,.F.);
#1900 = EDGE_CURVE('',#1901,#1809,#1903,.T.);
#1901 = VERTEX_POINT('',#1902);
#1902 = CARTESIAN_POINT('',(-6.760050331293E-15,19.4,27.6));
#1903 = SURFACE_CURVE('',#1904,(#1909,#1916),.PCURVE_S1.);
#1904 = CIRCLE('',#1905,27.6);
#1905 = AXIS2_PLACEMENT_3D('',#1906,#1907,#1908);
#1906 = CARTESIAN_POINT('',(0.,19.4,0.));
#1907 = DIRECTION('',(0.,1.,0.));
#1908 = DIRECTION('',(0.,-0.,1.));
#1909 = PCURVE('',#138,#1910);
#1910 = DEFINITIONAL_REPRESENTATION('',(#1911),#1915);
#1911 = CIRCLE('',#1912,27.6);
#1912 = AXIS2_PLACEMENT_2D('',#1913,#1914);
#1913 = CARTESIAN_POINT('',(0.,0.));
#1914 = DIRECTION('',(1.,0.));
#1915 = ( GEOMETRIC_REPRESENTATION_CONTEXT(2) 
PARAMETRIC_REPRESENTATION_CONTEXT() REPRESENTATION_CONTEXT('2D SPACE',''
  ) );
#1916 = PCURVE('',#328,#1917);
#1917 = DEFINITIONAL_REPRESENTATION('',(#1918),#1922);
#1918 = LINE('',#1919,#1920);
#1919 = CARTESIAN_POINT('',(0.,6.4));
#1920 = VECTOR('',#1921,1.);
#1921 = DIRECTION('',(1.,0.));
#1922 = ( GEOMETRIC_REPRESENTATION_CONTEXT(2) 
PARAMETRIC_REPRESENTATION_CONTEXT() REPRESENTATION_CONTEXT('2D SPACE',''
  ) );
#1923 = ORIENTED_EDGE('',*,*,#1924,.F.);
#1924 = EDGE_CURVE('',#903,#1901,#1925,.T.);
#1925 = SURFACE_CURVE('',#1926,(#1931,#1938),.PCURVE_S1.);
#1926 = CIRCLE('',#1927,27.6);
#1927 = AXIS2_PLACEMENT_3D('',#1928,#1929,#1930);
#1928 = CARTESIAN_POINT('',(0.,19.4,0.));
#1929 = DIRECTION('',(0.,1.,0.));
#1930 = DIRECTION('',(0.,-0.,1.));
#1931 = PCURVE('',#138,#1932);
#1932 = DEFINITIONAL_REPRESENTATION('',(#1933),#1937);
#1933 = CIRCLE('',#1934,27.6);
#1934 = AXIS2_PLACEMENT_2D('',#1935,#1936);
#1935 = CARTESIAN_POINT('',(0.,0.));
#1936 = DIRECTION('',(1.,0.));
#1937 = ( GEOMETRIC_REPRESENTATION_CONTEXT(2) 
PARAMETRIC_REPRESENTATION_CONTEXT() REPRESENTATION_CONTEXT('2D SPACE',''
  ) );
#1938 = PCURVE('',#328,#1939);
#1939 = DEFINITIONAL_REPRESENTATION('',(#1940),#1944);
#1940 = LINE('',#1941,#1942);
#1941 = CARTESIAN_POINT('',(0.,6.4));
#1942 = VECTOR('',#1943,1.);
#1943 = DIRECTION('',(1.,0.));
#1944 = ( GEOMETRIC_REPRESENTATION_CONTEXT(2) 
PARAMETRIC_REPRESENTATION_CONTEXT() REPRESENTATION_CONTEXT('2D SPACE',''
  ) );
#1945 = ORIENTED_EDGE('',*,*,#902,.F.);
#1946 = ADVANCED_FACE('',(#1947,#1950),#188,.T.);
#1947 = FACE_BOUND('',#1948,.T.);
#1948 = EDGE_LOOP('',(#1949));
#1949 = ORIENTED_EDGE('',*,*,#173,.T.);
#1950 = FACE_BOUND('',#1951,.T.);
#1951 = EDGE_LOOP('',(#1952));
#1952 = ORIENTED_EDGE('',*,*,#1953,.F.);
#1953 = EDGE_CURVE('',#1954,#1954,#1956,.T.);
#1954 = VERTEX_POINT('',#1955);
#1955 = CARTESIAN_POINT('',(-7.004979691123E-15,21.,28.6));
#1956 = SURFACE_CURVE('',#1957,(#1962,#1969),.PCURVE_S1.);
#1957 = CIRCLE('',#1958,28.6);
#1958 = AXIS2_PLACEMENT_3D('',#1959,#1960,#1961);
#1959 = CARTESIAN_POINT('',(0.,21.,0.));
#1960 = DIRECTION('',(0.,1.,0.));
#1961 = DIRECTION('',(0.,-0.,1.));
#1962 = PCURVE('',#188,#1963);
#1963 = DEFINITIONAL_REPRESENTATION('',(#1964),#1968);
#1964 = CIRCLE('',#1965,28.6);
#1965 = AXIS2_PLACEMENT_2D('',#1966,#1967);
#1966 = CARTESIAN_POINT('',(63.2,63.2));
#1967 = DIRECTION('',(1.,0.));
#1968 = ( GEOMETRIC_REPRESENTATION_CONTEXT(2) 
PARAMETRIC_REPRESENTATION_CONTEXT() REPRESENTATION_CONTEXT('2D SPACE',''
  ) );
#1969 = PCURVE('',#583,#1970);
#1970 = DEFINITIONAL_REPRESENTATION('',(#1971),#1975);
#1971 = LINE('',#1972,#1973);
#1972 = CARTESIAN_POINT('',(0.,5.5));
#1973 = VECTOR('',#1974,1.);
#1974 = DIRECTION('',(1.,0.));
#1975 = ( GEOMETRIC_REPRESENTATION_CONTEXT(2) 
PARAMETRIC_REPRESENTATION_CONTEXT() REPRESENTATION_CONTEXT('2D SPACE',''
  ) );
#1976 = ADVANCED_FACE('',(#1977),#328,.T.);
#1977 = FACE_BOUND('',#1978,.T.);
#1978 = EDGE_LOOP('',(#1979,#2002,#2003,#2004,#2005,#2006,#2007,#2008,
    #2009,#2010));
#1979 = ORIENTED_EDGE('',*,*,#1980,.T.);
#1980 = EDGE_CURVE('',#1981,#1901,#1983,.T.);
#1981 = VERTEX_POINT('',#1982);
#1982 = CARTESIAN_POINT('',(-6.760050331293E-15,14.,27.6));
#1983 = SEAM_CURVE('',#1984,(#1988,#1995),.PCURVE_S1.);
#1984 = LINE('',#1985,#1986);
#1985 = CARTESIAN_POINT('',(-6.760050331293E-15,13.,27.6));
#1986 = VECTOR('',#1987,1.);
#1987 = DIRECTION('',(0.,1.,0.));
#1988 = PCURVE('',#328,#1989);
#1989 = DEFINITIONAL_REPRESENTATION('',(#1990),#1994);
#1990 = LINE('',#1991,#1992);
#1991 = CARTESIAN_POINT('',(6.28318530718,-0.));
#1992 = VECTOR('',#1993,1.);
#1993 = DIRECTION('',(0.,1.));
#1994 = ( GEOMETRIC_REPRESENTATION_CONTEXT(2) 
PARAMETRIC_REPRESENTATION_CONTEXT() REPRESENTATION_CONTEXT('2D SPACE',''
  ) );
#1995 = PCURVE('',#328,#1996);
#1996 = DEFINITIONAL_REPRESENTATION('',(#1997),#2001);
#1997 = LINE('',#1998,#1999);
#1998 = CARTESIAN_POINT('',(0.,-0.));
#1999 = VECTOR('',#2000,1.);
#2000 = DIRECTION('',(0.,1.));
#2001 = ( GEOMETRIC_REPRESENTATION_CONTEXT(2) 
PARAMETRIC_REPRESENTATION_CONTEXT() REPRESENTATION_CONTEXT('2D SPACE',''
  ) );
#2002 = ORIENTED_EDGE('',*,*,#1924,.F.);
#2003 = ORIENTED_EDGE('',*,*,#923,.T.);
#2004 = ORIENTED_EDGE('',*,*,#735,.T.);
#2005 = ORIENTED_EDGE('',*,*,#313,.F.);
#2006 = ORIENTED_EDGE('',*,*,#343,.F.);
#2007 = ORIENTED_EDGE('',*,*,#1808,.F.);
#2008 = ORIENTED_EDGE('',*,*,#1900,.F.);
#2009 = ORIENTED_EDGE('',*,*,#1980,.F.);
#2010 = ORIENTED_EDGE('',*,*,#2011,.T.);
#2011 = EDGE_CURVE('',#1981,#1981,#2012,.T.);
#2012 = SURFACE_CURVE('',#2013,(#2018,#2025),.PCURVE_S1.);
#2013 = CIRCLE('',#2014,27.6);
#2014 = AXIS2_PLACEMENT_3D('',#2015,#2016,#2017);
#2015 = CARTESIAN_POINT('',(0.,14.,0.));
#2016 = DIRECTION('',(0.,1.,0.));
#2017 = DIRECTION('',(0.,-0.,1.));
#2018 = PCURVE('',#328,#2019);
#2019 = DEFINITIONAL_REPRESENTATION('',(#2020),#2024);
#2020 = LINE('',#2021,#2022);
#2021 = CARTESIAN_POINT('',(0.,1.));
#2022 = VECTOR('',#2023,1.);
#2023 = DIRECTION('',(1.,0.));
#2024 = ( GEOMETRIC_REPRESENTATION_CONTEXT(2) 
PARAMETRIC_REPRESENTATION_CONTEXT() REPRESENTATION_CONTEXT('2D SPACE',''
  ) );
#2025 = PCURVE('',#2026,#2031);
#2026 = PLANE('',#2027);
#2027 = AXIS2_PLACEMENT_3D('',#2028,#2029,#2030);
#2028 = CARTESIAN_POINT('',(0.,14.,0.));
#2029 = DIRECTION('',(0.,1.,0.));
#2030 = DIRECTION('',(0.,-0.,1.));
#2031 = DEFINITIONAL_REPRESENTATION('',(#2032),#2036);
#2032 = CIRCLE('',#2033,27.6);
#2033 = AXIS2_PLACEMENT_2D('',#2034,#2035);
#2034 = CARTESIAN_POINT('',(0.,0.));
#2035 = DIRECTION('',(1.,0.));
#2036 = ( GEOMETRIC_REPRESENTATION_CONTEXT(2) 
PARAMETRIC_REPRESENTATION_CONTEXT() REPRESENTATION_CONTEXT('2D SPACE',''
  ) );
#2037 = ADVANCED_FACE('',(#2038),#583,.F.);
#2038 = FACE_BOUND('',#2039,.F.);
#2039 = EDGE_LOOP('',(#2040,#2063,#2064,#2065,#2087,#2088,#2089,#2111,
    #2112,#2113));
#2040 = ORIENTED_EDGE('',*,*,#2041,.T.);
#2041 = EDGE_CURVE('',#2042,#1954,#2044,.T.);
#2042 = VERTEX_POINT('',#2043);
#2043 = CARTESIAN_POINT('',(-5.657868212061E-15,15.5,23.1));
#2044 = SEAM_CURVE('',#2045,(#2049,#2056),.PCURVE_S1.);
#2045 = LINE('',#2046,#2047);
#2046 = CARTESIAN_POINT('',(-5.657868212061E-15,15.5,23.1));
#2047 = VECTOR('',#2048,1.);
#2048 = DIRECTION('',(-1.731912112471E-16,0.707106781187,0.707106781187)
  );
#2049 = PCURVE('',#583,#2050);
#2050 = DEFINITIONAL_REPRESENTATION('',(#2051),#2055);
#2051 = LINE('',#2052,#2053);
#2052 = CARTESIAN_POINT('',(6.28318530718,-0.));
#2053 = VECTOR('',#2054,1.);
#2054 = DIRECTION('',(0.,1.));
#2055 = ( GEOMETRIC_REPRESENTATION_CONTEXT(2) 
PARAMETRIC_REPRESENTATION_CONTEXT() REPRESENTATION_CONTEXT('2D SPACE',''
  ) );
#2056 = PCURVE('',#583,#2057);
#2057 = DEFINITIONAL_REPRESENTATION('',(#2058),#2062);
#2058 = LINE('',#2059,#2060);
#2059 = CARTESIAN_POINT('',(0.,-0.));
#2060 = VECTOR('',#2061,1.);
#2061 = DIRECTION('',(0.,1.));
#2062 = ( GEOMETRIC_REPRESENTATION_CONTEXT(2) 
PARAMETRIC_REPRESENTATION_CONTEXT() REPRESENTATION_CONTEXT('2D SPACE',''
  ) );
#2063 = ORIENTED_EDGE('',*,*,#1953,.F.);
#2064 = ORIENTED_EDGE('',*,*,#2041,.F.);
#2065 = ORIENTED_EDGE('',*,*,#2066,.T.);
#2066 = EDGE_CURVE('',#2042,#534,#2067,.T.);
#2067 = SURFACE_CURVE('',#2068,(#2073,#2080),.PCURVE_S1.);
#2068 = CIRCLE('',#2069,23.1);
#2069 = AXIS2_PLACEMENT_3D('',#2070,#2071,#2072);
#2070 = CARTESIAN_POINT('',(0.,15.5,0.));
#2071 = DIRECTION('',(0.,1.,0.));
#2072 = DIRECTION('',(0.,-0.,1.));
#2073 = PCURVE('',#583,#2074);
#2074 = DEFINITIONAL_REPRESENTATION('',(#2075),#2079);
#2075 = LINE('',#2076,#2077);
#2076 = CARTESIAN_POINT('',(0.,0.));
#2077 = VECTOR('',#2078,1.);
#2078 = DIRECTION('',(1.,0.));
#2079 = ( GEOMETRIC_REPRESENTATION_CONTEXT(2) 
PARAMETRIC_REPRESENTATION_CONTEXT() REPRESENTATION_CONTEXT('2D SPACE',''
  ) );
#2080 = PCURVE('',#627,#2081);
#2081 = DEFINITIONAL_REPRESENTATION('',(#2082),#2086);
#2082 = CIRCLE('',#2083,23.1);
#2083 = AXIS2_PLACEMENT_2D('',#2084,#2085);
#2084 = CARTESIAN_POINT('',(0.,0.));
#2085 = DIRECTION('',(1.,0.));
#2086 = ( GEOMETRIC_REPRESENTATION_CONTEXT(2) 
PARAMETRIC_REPRESENTATION_CONTEXT() REPRESENTATION_CONTEXT('2D SPACE',''
  ) );
#2087 = ORIENTED_EDGE('',*,*,#533,.F.);
#2088 = ORIENTED_EDGE('',*,*,#1411,.F.);
#2089 = ORIENTED_EDGE('',*,*,#2090,.T.);
#2090 = EDGE_CURVE('',#1386,#988,#2091,.T.);
#2091 = SURFACE_CURVE('',#2092,(#2097,#2104),.PCURVE_S1.);
#2092 = CIRCLE('',#2093,23.1);
#2093 = AXIS2_PLACEMENT_3D('',#2094,#2095,#2096);
#2094 = CARTESIAN_POINT('',(0.,15.5,0.));
#2095 = DIRECTION('',(0.,1.,0.));
#2096 = DIRECTION('',(0.,-0.,1.));
#2097 = PCURVE('',#583,#2098);
#2098 = DEFINITIONAL_REPRESENTATION('',(#2099),#2103);
#2099 = LINE('',#2100,#2101);
#2100 = CARTESIAN_POINT('',(0.,0.));
#2101 = VECTOR('',#2102,1.);
#2102 = DIRECTION('',(1.,0.));
#2103 = ( GEOMETRIC_REPRESENTATION_CONTEXT(2) 
PARAMETRIC_REPRESENTATION_CONTEXT() REPRESENTATION_CONTEXT('2D SPACE',''
  ) );
#2104 = PCURVE('',#1400,#2105);
#2105 = DEFINITIONAL_REPRESENTATION('',(#2106),#2110);
#2106 = CIRCLE('',#2107,23.1);
#2107 = AXIS2_PLACEMENT_2D('',#2108,#2109);
#2108 = CARTESIAN_POINT('',(0.,0.));
#2109 = DIRECTION('',(1.,0.));
#2110 = ( GEOMETRIC_REPRESENTATION_CONTEXT(2) 
PARAMETRIC_REPRESENTATION_CONTEXT() REPRESENTATION_CONTEXT('2D SPACE',''
  ) );
#2111 = ORIENTED_EDGE('',*,*,#987,.T.);
#2112 = ORIENTED_EDGE('',*,*,#638,.T.);
#2113 = ORIENTED_EDGE('',*,*,#2114,.T.);
#2114 = EDGE_CURVE('',#613,#2042,#2115,.T.);
#2115 = SURFACE_CURVE('',#2116,(#2121,#2128),.PCURVE_S1.);
#2116 = CIRCLE('',#2117,23.1);
#2117 = AXIS2_PLACEMENT_3D('',#2118,#2119,#2120);
#2118 = CARTESIAN_POINT('',(0.,15.5,0.));
#2119 = DIRECTION('',(0.,1.,0.));
#2120 = DIRECTION('',(0.,-0.,1.));
#2121 = PCURVE('',#583,#2122);
#2122 = DEFINITIONAL_REPRESENTATION('',(#2123),#2127);
#2123 = LINE('',#2124,#2125);
#2124 = CARTESIAN_POINT('',(0.,0.));
#2125 = VECTOR('',#2126,1.);
#2126 = DIRECTION('',(1.,0.));
#2127 = ( GEOMETRIC_REPRESENTATION_CONTEXT(2) 
PARAMETRIC_REPRESENTATION_CONTEXT() REPRESENTATION_CONTEXT('2D SPACE',''
  ) );
#2128 = PCURVE('',#627,#2129);
#2129 = DEFINITIONAL_REPRESENTATION('',(#2130),#2134);
#2130 = CIRCLE('',#2131,23.1);
#2131 = AXIS2_PLACEMENT_2D('',#2132,#2133);
#2132 = CARTESIAN_POINT('',(0.,0.));
#2133 = DIRECTION('',(1.,0.));
#2134 = ( GEOMETRIC_REPRESENTATION_CONTEXT(2) 
PARAMETRIC_REPRESENTATION_CONTEXT() REPRESENTATION_CONTEXT('2D SPACE',''
  ) );
#2135 = ADVANCED_FACE('',(#2136),#1400,.T.);
#2136 = FACE_BOUND('',#2137,.T.);
#2137 = EDGE_LOOP('',(#2138,#2139));
#2138 = ORIENTED_EDGE('',*,*,#1385,.T.);
#2139 = ORIENTED_EDGE('',*,*,#2090,.T.);
#2140 = ADVANCED_FACE('',(#2141),#627,.T.);
#2141 = FACE_BOUND('',#2142,.T.);
#2142 = EDGE_LOOP('',(#2143,#2144,#2145));
#2143 = ORIENTED_EDGE('',*,*,#2114,.T.);
#2144 = ORIENTED_EDGE('',*,*,#2066,.T.);
#2145 = ORIENTED_EDGE('',*,*,#612,.F.);
#2146 = ADVANCED_FACE('',(#2147,#2178),#2026,.T.);
#2147 = FACE_BOUND('',#2148,.T.);
#2148 = EDGE_LOOP('',(#2149));
#2149 = ORIENTED_EDGE('',*,*,#2150,.T.);
#2150 = EDGE_CURVE('',#2151,#2151,#2153,.T.);
#2151 = VERTEX_POINT('',#2152);
#2152 = CARTESIAN_POINT('',(-7.739767770611E-15,14.,31.6));
#2153 = SURFACE_CURVE('',#2154,(#2159,#2166),.PCURVE_S1.);
#2154 = CIRCLE('',#2155,31.6);
#2155 = AXIS2_PLACEMENT_3D('',#2156,#2157,#2158);
#2156 = CARTESIAN_POINT('',(0.,14.,0.));
#2157 = DIRECTION('',(0.,1.,0.));
#2158 = DIRECTION('',(0.,-0.,1.));
#2159 = PCURVE('',#2026,#2160);
#2160 = DEFINITIONAL_REPRESENTATION('',(#2161),#2165);
#2161 = CIRCLE('',#2162,31.6);
#2162 = AXIS2_PLACEMENT_2D('',#2163,#2164);
#2163 = CARTESIAN_POINT('',(0.,0.));
#2164 = DIRECTION('',(1.,0.));
#2165 = ( GEOMETRIC_REPRESENTATION_CONTEXT(2) 
PARAMETRIC_REPRESENTATION_CONTEXT() REPRESENTATION_CONTEXT('2D SPACE',''
  ) );
#2166 = PCURVE('',#2167,#2172);
#2167 = CYLINDRICAL_SURFACE('',#2168,31.6);
#2168 = AXIS2_PLACEMENT_3D('',#2169,#2170,#2171);
#2169 = CARTESIAN_POINT('',(0.,5.,0.));
#2170 = DIRECTION('',(0.,1.,0.));
#2171 = DIRECTION('',(0.,-0.,1.));
#2172 = DEFINITIONAL_REPRESENTATION('',(#2173),#2177);
#2173 = LINE('',#2174,#2175);
#2174 = CARTESIAN_POINT('',(0.,9.));
#2175 = VECTOR('',#2176,1.);
#2176 = DIRECTION('',(1.,0.));
#2177 = ( GEOMETRIC_REPRESENTATION_CONTEXT(2) 
PARAMETRIC_REPRESENTATION_CONTEXT() REPRESENTATION_CONTEXT('2D SPACE',''
  ) );
#2178 = FACE_BOUND('',#2179,.T.);
#2179 = EDGE_LOOP('',(#2180));
#2180 = ORIENTED_EDGE('',*,*,#2011,.F.);
#2181 = ADVANCED_FACE('',(#2182,#2527),#2167,.T.);
#2182 = FACE_BOUND('',#2183,.T.);
#2183 = EDGE_LOOP('',(#2184,#2207,#2208,#2209,#2288,#2350,#2373,#2400,
    #2401));
#2184 = ORIENTED_EDGE('',*,*,#2185,.T.);
#2185 = EDGE_CURVE('',#2186,#2151,#2188,.T.);
#2186 = VERTEX_POINT('',#2187);
#2187 = CARTESIAN_POINT('',(-7.739767770611E-15,13.55,31.6));
#2188 = SEAM_CURVE('',#2189,(#2193,#2200),.PCURVE_S1.);
#2189 = LINE('',#2190,#2191);
#2190 = CARTESIAN_POINT('',(-7.739767770611E-15,5.,31.6));
#2191 = VECTOR('',#2192,1.);
#2192 = DIRECTION('',(0.,1.,0.));
#2193 = PCURVE('',#2167,#2194);
#2194 = DEFINITIONAL_REPRESENTATION('',(#2195),#2199);
#2195 = LINE('',#2196,#2197);
#2196 = CARTESIAN_POINT('',(6.28318530718,-0.));
#2197 = VECTOR('',#2198,1.);
#2198 = DIRECTION('',(0.,1.));
#2199 = ( GEOMETRIC_REPRESENTATION_CONTEXT(2) 
PARAMETRIC_REPRESENTATION_CONTEXT() REPRESENTATION_CONTEXT('2D SPACE',''
  ) );
#2200 = PCURVE('',#2167,#2201);
#2201 = DEFINITIONAL_REPRESENTATION('',(#2202),#2206);
#2202 = LINE('',#2203,#2204);
#2203 = CARTESIAN_POINT('',(0.,-0.));
#2204 = VECTOR('',#2205,1.);
#2205 = DIRECTION('',(0.,1.));
#2206 = ( GEOMETRIC_REPRESENTATION_CONTEXT(2) 
PARAMETRIC_REPRESENTATION_CONTEXT() REPRESENTATION_CONTEXT('2D SPACE',''
  ) );
#2207 = ORIENTED_EDGE('',*,*,#2150,.F.);
#2208 = ORIENTED_EDGE('',*,*,#2185,.F.);
#2209 = ORIENTED_EDGE('',*,*,#2210,.F.);
#2210 = EDGE_CURVE('',#2211,#2186,#2213,.T.);
#2211 = VERTEX_POINT('',#2212);
#2212 = CARTESIAN_POINT('',(4.05,9.5,31.339392144711));
#2213 = SURFACE_CURVE('',#2214,(#2235,#2259),.PCURVE_S1.);
#2214 = B_SPLINE_CURVE_WITH_KNOTS('',7,(#2215,#2216,#2217,#2218,#2219,
    #2220,#2221,#2222,#2223,#2224,#2225,#2226,#2227,#2228,#2229,#2230,
    #2231,#2232,#2233,#2234),.UNSPECIFIED.,.F.,.F.,(8,6,6,8),(0.,
    0.520953658545,0.812988416615,1.),.UNSPECIFIED.);
#2215 = CARTESIAN_POINT('',(4.05,9.5,31.339392144711));
#2216 = CARTESIAN_POINT('',(4.049999959034,9.909659626096,
    31.339392150005));
#2217 = CARTESIAN_POINT('',(4.001656509543,10.318772288829,
    31.345639501594));
#2218 = CARTESIAN_POINT('',(3.905202331544,10.724287013715,
    31.358104739858));
#2219 = CARTESIAN_POINT('',(3.759390751122,11.122894470863,
    31.376469369417));
#2220 = CARTESIAN_POINT('',(3.561903857448,11.510093796988,
    31.400093999624));
#2221 = CARTESIAN_POINT('',(3.30959221514,11.879587194001,31.42775551049
    ));
#2222 = CARTESIAN_POINT('',(2.825206268997,12.413374272256,
    31.473937784931));
#2223 = CARTESIAN_POINT('',(2.632387137635,12.59712006653,
    31.491188574107));
#2224 = CARTESIAN_POINT('',(2.420466994163,12.770492364168,
    31.508688429468));
#2225 = CARTESIAN_POINT('',(2.189389760244,12.930936947028,
    31.525924589705));
#2226 = CARTESIAN_POINT('',(1.93937518114,13.075688779951,
    31.542284947765));
#2227 = CARTESIAN_POINT('',(1.670982044449,13.201732252355,
    31.557085704575));
#2228 = CARTESIAN_POINT('',(1.202162279431,13.372368692057,
    31.577656125889));
#2229 = CARTESIAN_POINT('',(1.012063144446,13.429930564236,
    31.584756841216));
#2230 = CARTESIAN_POINT('',(0.816051894096,13.477250814373,
    31.590705461001));
#2231 = CARTESIAN_POINT('',(0.615425666996,13.513413937512,
    31.595310895558));
#2232 = CARTESIAN_POINT('',(0.411574591986,13.537782163267,
    31.598434132162));
#2233 = CARTESIAN_POINT('',(0.205944674623,13.55,31.6));
#2234 = CARTESIAN_POINT('',(6.199774420683E-16,13.55,31.6));
#2235 = PCURVE('',#2167,#2236);
#2236 = DEFINITIONAL_REPRESENTATION('',(#2237),#2258);
#2237 = B_SPLINE_CURVE_WITH_KNOTS('',7,(#2238,#2239,#2240,#2241,#2242,
    #2243,#2244,#2245,#2246,#2247,#2248,#2249,#2250,#2251,#2252,#2253,
    #2254,#2255,#2256,#2257),.UNSPECIFIED.,.F.,.F.,(8,6,6,8),(0.,
    0.520953658545,0.812988416615,1.),.UNSPECIFIED.);
#2238 = CARTESIAN_POINT('',(0.128518051313,4.5));
#2239 = CARTESIAN_POINT('',(0.128518050006,4.909659626096));
#2240 = CARTESIAN_POINT('',(0.12697547334,5.318772288829));
#2241 = CARTESIAN_POINT('',(0.123897737689,5.724287013715));
#2242 = CARTESIAN_POINT('',(0.119247030526,6.122894470863));
#2243 = CARTESIAN_POINT('',(0.112953134693,6.510093796988));
#2244 = CARTESIAN_POINT('',(0.104921550795,6.879587194001));
#2245 = CARTESIAN_POINT('',(8.952336982986E-02,7.413374272256));
#2246 = CARTESIAN_POINT('',(8.33972322257E-02,7.59712006653));
#2247 = CARTESIAN_POINT('',(7.666833082836E-02,7.770492364168));
#2248 = CARTESIAN_POINT('',(6.933591062896E-02,7.930936947028));
#2249 = CARTESIAN_POINT('',(6.14077504006E-02,8.075688779951));
#2250 = CARTESIAN_POINT('',(5.290193069985E-02,8.201732252355));
#2251 = CARTESIAN_POINT('',(3.805158789686E-02,8.372368692057));
#2252 = CARTESIAN_POINT('',(3.203172467236E-02,8.429930564236));
#2253 = CARTESIAN_POINT('',(2.582623018319E-02,8.477250814373));
#2254 = CARTESIAN_POINT('',(1.947594722667E-02,8.513413937512));
#2255 = CARTESIAN_POINT('',(1.302451264309E-02,8.537782163267));
#2256 = CARTESIAN_POINT('',(6.517236538688E-03,8.55));
#2257 = CARTESIAN_POINT('',(0.,8.55));
#2258 = ( GEOMETRIC_REPRESENTATION_CONTEXT(2) 
PARAMETRIC_REPRESENTATION_CONTEXT() REPRESENTATION_CONTEXT('2D SPACE',''
  ) );
#2259 = PCURVE('',#2260,#2265);
#2260 = CYLINDRICAL_SURFACE('',#2261,4.05);
#2261 = AXIS2_PLACEMENT_3D('',#2262,#2263,#2264);
#2262 = CARTESIAN_POINT('',(0.,9.5,-33.6));
#2263 = DIRECTION('',(0.,0.,1.));
#2264 = DIRECTION('',(1.,0.,-0.));
#2265 = DEFINITIONAL_REPRESENTATION('',(#2266),#2287);
#2266 = B_SPLINE_CURVE_WITH_KNOTS('',7,(#2267,#2268,#2269,#2270,#2271,
    #2272,#2273,#2274,#2275,#2276,#2277,#2278,#2279,#2280,#2281,#2282,
    #2283,#2284,#2285,#2286),.UNSPECIFIED.,.F.,.F.,(8,6,6,8),(0.,
    0.520953658545,0.812988416615,1.),.UNSPECIFIED.);
#2267 = CARTESIAN_POINT('',(0.,64.939392144711));
#2268 = CARTESIAN_POINT('',(0.101150524962,64.939392150005));
#2269 = CARTESIAN_POINT('',(0.202165824016,64.945639501594));
#2270 = CARTESIAN_POINT('',(0.30398411821,64.958104739858));
#2271 = CARTESIAN_POINT('',(0.407454558846,64.976469369417));
#2272 = CARTESIAN_POINT('',(0.513443819401,65.000093999624));
#2273 = CARTESIAN_POINT('',(0.622871626492,65.02775551049));
#2274 = CARTESIAN_POINT('',(0.80084791993,65.073937784931));
#2275 = CARTESIAN_POINT('',(0.866440109268,65.091188574107));
#2276 = CARTESIAN_POINT('',(0.93373111584,65.108688429468));
#2277 = CARTESIAN_POINT('',(1.00279122241,65.125924589705));
#2278 = CARTESIAN_POINT('',(1.073715801986,65.142284947765));
#2279 = CARTESIAN_POINT('',(1.146633562536,65.157085704575));
#2280 = CARTESIAN_POINT('',(1.269820617655,65.177656125889));
#2281 = CARTESIAN_POINT('',(1.318789026276,65.184756841216));
#2282 = CARTESIAN_POINT('',(1.368445952182,65.190705461001));
#2283 = CARTESIAN_POINT('',(1.41862459635,65.195310895558));
#2284 = CARTESIAN_POINT('',(1.469172973936,65.198434132162));
#2285 = CARTESIAN_POINT('',(1.519945789851,65.2));
#2286 = CARTESIAN_POINT('',(1.570796326795,65.2));
#2287 = ( GEOMETRIC_REPRESENTATION_CONTEXT(2) 
PARAMETRIC_REPRESENTATION_CONTEXT() REPRESENTATION_CONTEXT('2D SPACE',''
  ) );
#2288 = ORIENTED_EDGE('',*,*,#2289,.F.);
#2289 = EDGE_CURVE('',#2290,#2211,#2292,.T.);
#2290 = VERTEX_POINT('',#2291);
#2291 = CARTESIAN_POINT('',(-7.739767770611E-15,5.45,31.6));
#2292 = SURFACE_CURVE('',#2293,(#2310,#2330),.PCURVE_S1.);
#2293 = B_SPLINE_CURVE_WITH_KNOTS('',8,(#2294,#2295,#2296,#2297,#2298,
    #2299,#2300,#2301,#2302,#2303,#2304,#2305,#2306,#2307,#2308,#2309),
  .UNSPECIFIED.,.F.,.F.,(9,7,9),(0.,0.308983404784,1.),.UNSPECIFIED.);
#2294 = CARTESIAN_POINT('',(3.225136134544E-15,5.45,31.6));
#2295 = CARTESIAN_POINT('',(0.299353585805,5.45,31.6));
#2296 = CARTESIAN_POINT('',(0.596363432569,5.475287434543,
    31.596759013671));
#2297 = CARTESIAN_POINT('',(0.887731965878,5.525169716782,
    31.590366013257));
#2298 = CARTESIAN_POINT('',(1.170286493938,5.59828494689,31.581106438217
    ));
#2299 = CARTESIAN_POINT('',(1.441094935955,5.692629172129,
    31.569445670971));
#2300 = CARTESIAN_POINT('',(1.697572203327,5.805576618422,
    31.555972741206));
#2301 = CARTESIAN_POINT('',(1.937574393059,5.933894620168,
    31.541326505079));
#2302 = CARTESIAN_POINT('',(2.655747461101,6.386541437736,
    31.492133055813));
#2303 = CARTESIAN_POINT('',(3.070389347185,6.762661916951,
    31.454760579694));
#2304 = CARTESIAN_POINT('',(3.405850260128,7.179512891858,
    31.418969784784));
#2305 = CARTESIAN_POINT('',(3.667163751344,7.622516999284,
    31.388131062853));
#2306 = CARTESIAN_POINT('',(3.859296095036,8.08172025353,31.364035167456
    ));
#2307 = CARTESIAN_POINT('',(3.986188476487,8.550483766251,
    31.347638864585));
#2308 = CARTESIAN_POINT('',(4.049999952447,9.024468689139,
    31.339392150857));
#2309 = CARTESIAN_POINT('',(4.05,9.5,31.339392144711));
#2310 = PCURVE('',#2167,#2311);
#2311 = DEFINITIONAL_REPRESENTATION('',(#2312),#2329);
#2312 = B_SPLINE_CURVE_WITH_KNOTS('',8,(#2313,#2314,#2315,#2316,#2317,
    #2318,#2319,#2320,#2321,#2322,#2323,#2324,#2325,#2326,#2327,#2328),
  .UNSPECIFIED.,.F.,.F.,(9,7,9),(0.,0.308983404784,1.),.UNSPECIFIED.);
#2313 = CARTESIAN_POINT('',(0.,0.45));
#2314 = CARTESIAN_POINT('',(9.47321474068E-03,0.45));
#2315 = CARTESIAN_POINT('',(1.887226113719E-02,0.475287434543));
#2316 = CARTESIAN_POINT('',(2.809407723563E-02,0.525169716782));
#2317 = CARTESIAN_POINT('',(3.703948199433E-02,0.59828494689));
#2318 = CARTESIAN_POINT('',(4.561650379247E-02,0.692629172129));
#2319 = CARTESIAN_POINT('',(5.374356913483E-02,0.805576618422));
#2320 = CARTESIAN_POINT('',(6.135249302297E-02,0.933894620168));
#2321 = CARTESIAN_POINT('',(8.413274377791E-02,1.386541437736));
#2322 = CARTESIAN_POINT('',(9.730446557926E-02,1.762661916951));
#2323 = CARTESIAN_POINT('',(0.107978864579,2.179512891858));
#2324 = CARTESIAN_POINT('',(0.11630524994,2.622516999284));
#2325 = CARTESIAN_POINT('',(0.122432926776,3.08172025353));
#2326 = CARTESIAN_POINT('',(0.126481908438,3.550483766251));
#2327 = CARTESIAN_POINT('',(0.128518049796,4.024468689139));
#2328 = CARTESIAN_POINT('',(0.128518051313,4.5));
#2329 = ( GEOMETRIC_REPRESENTATION_CONTEXT(2) 
PARAMETRIC_REPRESENTATION_CONTEXT() REPRESENTATION_CONTEXT('2D SPACE',''
  ) );
#2330 = PCURVE('',#2260,#2331);
#2331 = DEFINITIONAL_REPRESENTATION('',(#2332),#2349);
#2332 = B_SPLINE_CURVE_WITH_KNOTS('',8,(#2333,#2334,#2335,#2336,#2337,
    #2338,#2339,#2340,#2341,#2342,#2343,#2344,#2345,#2346,#2347,#2348),
  .UNSPECIFIED.,.F.,.F.,(9,7,9),(0.,0.308983404784,1.),.UNSPECIFIED.);
#2333 = CARTESIAN_POINT('',(4.712388980385,65.2));
#2334 = CARTESIAN_POINT('',(4.786303446016,65.2));
#2335 = CARTESIAN_POINT('',(4.859639184918,65.196759013671));
#2336 = CARTESIAN_POINT('',(4.932197479236,65.190366013257));
#2337 = CARTESIAN_POINT('',(5.003769439154,65.181106438217));
#2338 = CARTESIAN_POINT('',(5.074121865286,65.169445670971));
#2339 = CARTESIAN_POINT('',(5.142980263437,65.155972741206));
#2340 = CARTESIAN_POINT('',(5.210007033033,65.141326505079));
#2341 = CARTESIAN_POINT('',(5.419616405044,65.092133055813));
#2342 = CARTESIAN_POINT('',(5.555747989456,65.054760579694));
#2343 = CARTESIAN_POINT('',(5.685328159294,65.018969784784));
#2344 = CARTESIAN_POINT('',(5.809803310265,64.988131062853));
#2345 = CARTESIAN_POINT('',(5.930529000214,64.964035167456));
#2346 = CARTESIAN_POINT('',(6.048736248377,64.947638864585));
#2347 = CARTESIAN_POINT('',(6.165770168695,64.939392150857));
#2348 = CARTESIAN_POINT('',(6.28318530718,64.939392144711));
#2349 = ( GEOMETRIC_REPRESENTATION_CONTEXT(2) 
PARAMETRIC_REPRESENTATION_CONTEXT() REPRESENTATION_CONTEXT('2D SPACE',''
  ) );
#2350 = ORIENTED_EDGE('',*,*,#2351,.F.);
#2351 = EDGE_CURVE('',#2352,#2290,#2354,.T.);
#2352 = VERTEX_POINT('',#2353);
#2353 = CARTESIAN_POINT('',(-7.739767770611E-15,5.,31.6));
#2354 = SEAM_CURVE('',#2355,(#2359,#2366),.PCURVE_S1.);
#2355 = LINE('',#2356,#2357);
#2356 = CARTESIAN_POINT('',(-7.739767770611E-15,5.,31.6));
#2357 = VECTOR('',#2358,1.);
#2358 = DIRECTION('',(0.,1.,0.));
#2359 = PCURVE('',#2167,#2360);
#2360 = DEFINITIONAL_REPRESENTATION('',(#2361),#2365);
#2361 = LINE('',#2362,#2363);
#2362 = CARTESIAN_POINT('',(6.28318530718,-0.));
#2363 = VECTOR('',#2364,1.);
#2364 = DIRECTION('',(0.,1.));
#2365 = ( GEOMETRIC_REPRESENTATION_CONTEXT(2) 
PARAMETRIC_REPRESENTATION_CONTEXT() REPRESENTATION_CONTEXT('2D SPACE',''
  ) );
#2366 = PCURVE('',#2167,#2367);
#2367 = DEFINITIONAL_REPRESENTATION('',(#2368),#2372);
#2368 = LINE('',#2369,#2370);
#2369 = CARTESIAN_POINT('',(0.,-0.));
#2370 = VECTOR('',#2371,1.);
#2371 = DIRECTION('',(0.,1.));
#2372 = ( GEOMETRIC_REPRESENTATION_CONTEXT(2) 
PARAMETRIC_REPRESENTATION_CONTEXT() REPRESENTATION_CONTEXT('2D SPACE',''
  ) );
#2373 = ORIENTED_EDGE('',*,*,#2374,.T.);
#2374 = EDGE_CURVE('',#2352,#2352,#2375,.T.);
#2375 = SURFACE_CURVE('',#2376,(#2381,#2388),.PCURVE_S1.);
#2376 = CIRCLE('',#2377,31.6);
#2377 = AXIS2_PLACEMENT_3D('',#2378,#2379,#2380);
#2378 = CARTESIAN_POINT('',(0.,5.,0.));
#2379 = DIRECTION('',(0.,1.,0.));
#2380 = DIRECTION('',(0.,-0.,1.));
#2381 = PCURVE('',#2167,#2382);
#2382 = DEFINITIONAL_REPRESENTATION('',(#2383),#2387);
#2383 = LINE('',#2384,#2385);
#2384 = CARTESIAN_POINT('',(0.,0.));
#2385 = VECTOR('',#2386,1.);
#2386 = DIRECTION('',(1.,0.));
#2387 = ( GEOMETRIC_REPRESENTATION_CONTEXT(2) 
PARAMETRIC_REPRESENTATION_CONTEXT() REPRESENTATION_CONTEXT('2D SPACE',''
  ) );
#2388 = PCURVE('',#2389,#2394);
#2389 = PLANE('',#2390);
#2390 = AXIS2_PLACEMENT_3D('',#2391,#2392,#2393);
#2391 = CARTESIAN_POINT('',(0.,5.,0.));
#2392 = DIRECTION('',(0.,1.,0.));
#2393 = DIRECTION('',(0.,-0.,1.));
#2394 = DEFINITIONAL_REPRESENTATION('',(#2395),#2399);
#2395 = CIRCLE('',#2396,31.6);
#2396 = AXIS2_PLACEMENT_2D('',#2397,#2398);
#2397 = CARTESIAN_POINT('',(0.,0.));
#2398 = DIRECTION('',(1.,0.));
#2399 = ( GEOMETRIC_REPRESENTATION_CONTEXT(2) 
PARAMETRIC_REPRESENTATION_CONTEXT() REPRESENTATION_CONTEXT('2D SPACE',''
  ) );
#2400 = ORIENTED_EDGE('',*,*,#2351,.T.);
#2401 = ORIENTED_EDGE('',*,*,#2402,.F.);
#2402 = EDGE_CURVE('',#2186,#2290,#2403,.T.);
#2403 = SURFACE_CURVE('',#2404,(#2443,#2485),.PCURVE_S1.);
#2404 = B_SPLINE_CURVE_WITH_KNOTS('',7,(#2405,#2406,#2407,#2408,#2409,
    #2410,#2411,#2412,#2413,#2414,#2415,#2416,#2417,#2418,#2419,#2420,
    #2421,#2422,#2423,#2424,#2425,#2426,#2427,#2428,#2429,#2430,#2431,
    #2432,#2433,#2434,#2435,#2436,#2437,#2438,#2439,#2440,#2441,#2442),
  .UNSPECIFIED.,.F.,.F.,(8,6,6,6,6,6,8),(0.,0.154504875976,
    0.304410670029,0.500012049732,0.695613568992,0.84551915276,1.),
  .UNSPECIFIED.);
#2405 = CARTESIAN_POINT('',(-3.552713678801E-15,13.55,31.6));
#2406 = CARTESIAN_POINT('',(-0.342118387878,13.55,31.6));
#2407 = CARTESIAN_POINT('',(-0.681111775331,13.516283419926,
    31.595678684819));
#2408 = CARTESIAN_POINT('',(-1.01170408029,13.449958403103,
    31.587178410526));
#2409 = CARTESIAN_POINT('',(-1.328868912893,13.353471701676,
    31.575034465757));
#2410 = CARTESIAN_POINT('',(-1.628138304836,13.230536035804,
    31.56013101274));
#2411 = CARTESIAN_POINT('',(-1.905873887717,13.08608542851,
    31.543497927638));
#2412 = CARTESIAN_POINT('',(-2.405533092002,12.771162523777,
    31.509272250277));
#2413 = CARTESIAN_POINT('',(-2.631229246162,12.600107593829,
    31.491561398941));
#2414 = CARTESIAN_POINT('',(-2.836777479934,12.416047333908,
    31.473645616158));
#2415 = CARTESIAN_POINT('',(-3.022606752969,12.221429453201,
    31.456067378656));
#2416 = CARTESIAN_POINT('',(-3.189272741357,12.018265733025,
    31.439256851901));
#2417 = CARTESIAN_POINT('',(-3.337374068164,11.808210263211,
    31.423543198027));
#2418 = CARTESIAN_POINT('',(-3.637236601115,11.311340343378,
    31.390439305869));
#2419 = CARTESIAN_POINT('',(-3.776541068943,11.020334231455,
    31.373976956215));
#2420 = CARTESIAN_POINT('',(-3.886617103461,10.722470037884,
    31.360355271938));
#2421 = CARTESIAN_POINT('',(-3.968469092246,10.419899474516,
    31.349928210069));
#2422 = CARTESIAN_POINT('',(-4.022809609074,10.114328967645,
    31.3429060475));
#2423 = CARTESIAN_POINT('',(-4.05,9.807229875484,31.339392144711));
#2424 = CARTESIAN_POINT('',(-4.05,9.192769905316,31.339392144711));
#2425 = CARTESIAN_POINT('',(-4.022809568908,8.885670378731,
    31.34290605201));
#2426 = CARTESIAN_POINT('',(-3.968468910154,8.580099702928,
    31.349928235245));
#2427 = CARTESIAN_POINT('',(-3.88661684819,8.277529463133,
    31.360355303113));
#2428 = CARTESIAN_POINT('',(-3.776541015644,7.979665907611,
    31.37397695871));
#2429 = CARTESIAN_POINT('',(-3.637236927611,7.688660197623,
    31.390439269825));
#2430 = CARTESIAN_POINT('',(-3.337374093272,7.191789778393,
    31.423543195255));
#2431 = CARTESIAN_POINT('',(-3.189272723362,6.981734220481,
    31.439256854637));
#2432 = CARTESIAN_POINT('',(-3.022606715346,6.778570523235,
    31.456067381246));
#2433 = CARTESIAN_POINT('',(-2.836777500515,6.583952700288,
    31.473645613835));
#2434 = CARTESIAN_POINT('',(-2.631229300838,6.399892432011,
    31.491561395506));
#2435 = CARTESIAN_POINT('',(-2.405533044099,6.22883744603,
    31.509272253558));
#2436 = CARTESIAN_POINT('',(-1.905913022115,5.913939236939,
    31.543495247008));
#2437 = CARTESIAN_POINT('',(-1.62817230666,5.769475943557,
    31.560129420645));
#2438 = CARTESIAN_POINT('',(-1.328867554139,5.646519530307,
    31.575035397497));
#2439 = CARTESIAN_POINT('',(-1.011656989583,5.550022219317,
    31.587180894244));
#2440 = CARTESIAN_POINT('',(-0.68103288641,5.483702620076,
    31.595680475257));
#2441 = CARTESIAN_POINT('',(-0.342047545216,5.45,31.6));
#2442 = CARTESIAN_POINT('',(-8.881784197001E-16,5.45,31.6));
#2443 = PCURVE('',#2167,#2444);
#2444 = DEFINITIONAL_REPRESENTATION('',(#2445),#2484);
#2445 = B_SPLINE_CURVE_WITH_KNOTS('',7,(#2446,#2447,#2448,#2449,#2450,
    #2451,#2452,#2453,#2454,#2455,#2456,#2457,#2458,#2459,#2460,#2461,
    #2462,#2463,#2464,#2465,#2466,#2467,#2468,#2469,#2470,#2471,#2472,
    #2473,#2474,#2475,#2476,#2477,#2478,#2479,#2480,#2481,#2482,#2483),
  .UNSPECIFIED.,.F.,.F.,(8,6,6,6,6,6,8),(0.,0.154504875976,
    0.304410670029,0.500012049732,0.695613568992,0.84551915276,1.),
  .UNSPECIFIED.);
#2446 = CARTESIAN_POINT('',(6.28318530718,8.55));
#2447 = CARTESIAN_POINT('',(6.272358775918,8.55));
#2448 = CARTESIAN_POINT('',(6.261631136257,8.516283419926));
#2449 = CARTESIAN_POINT('',(6.251167286154,8.449958403103));
#2450 = CARTESIAN_POINT('',(6.241124364049,8.353471701676));
#2451 = CARTESIAN_POINT('',(6.231642869042,8.230536035804));
#2452 = CARTESIAN_POINT('',(6.222838345404,8.08608542851));
#2453 = CARTESIAN_POINT('',(6.20698929387,7.771162523777));
#2454 = CARTESIAN_POINT('',(6.199825406376,7.600107593829));
#2455 = CARTESIAN_POINT('',(6.193296399918,7.416047333908));
#2456 = CARTESIAN_POINT('',(6.187389706048,7.221429453201));
#2457 = CARTESIAN_POINT('',(6.182088823984,7.018265733025));
#2458 = CARTESIAN_POINT('',(6.177375809474,6.808210263211));
#2459 = CARTESIAN_POINT('',(6.167828838507,6.311340343378));
#2460 = CARTESIAN_POINT('',(6.163389923296,6.020334231455));
#2461 = CARTESIAN_POINT('',(6.159879985079,5.722470037884));
#2462 = CARTESIAN_POINT('',(6.157268799969,5.419899474516));
#2463 = CARTESIAN_POINT('',(6.155534867844,5.114328967645));
#2464 = CARTESIAN_POINT('',(6.154667255866,4.807229875484));
#2465 = CARTESIAN_POINT('',(6.154667255866,4.192769905316));
#2466 = CARTESIAN_POINT('',(6.155534869123,3.885670378731));
#2467 = CARTESIAN_POINT('',(6.157268805785,3.580099702928));
#2468 = CARTESIAN_POINT('',(6.159879993217,3.277529463133));
#2469 = CARTESIAN_POINT('',(6.163389924981,2.979665907611));
#2470 = CARTESIAN_POINT('',(6.167828828112,2.688660197623));
#2471 = CARTESIAN_POINT('',(6.177375808675,2.191789778393));
#2472 = CARTESIAN_POINT('',(6.182088824559,1.981734220481));
#2473 = CARTESIAN_POINT('',(6.187389707241,1.778570523235));
#2474 = CARTESIAN_POINT('',(6.193296399263,1.583952700288));
#2475 = CARTESIAN_POINT('',(6.199825404643,1.399892432011));
#2476 = CARTESIAN_POINT('',(6.206989295389,1.22883744603));
#2477 = CARTESIAN_POINT('',(6.222837104071,0.913939236939));
#2478 = CARTESIAN_POINT('',(6.231641792083,0.769475943557));
#2479 = CARTESIAN_POINT('',(6.241124408659,0.646519530307));
#2480 = CARTESIAN_POINT('',(6.251168777624,0.550022219317));
#2481 = CARTESIAN_POINT('',(6.261633632772,0.483702620076));
#2482 = CARTESIAN_POINT('',(6.272361017774,0.45));
#2483 = CARTESIAN_POINT('',(6.28318530718,0.45));
#2484 = ( GEOMETRIC_REPRESENTATION_CONTEXT(2) 
PARAMETRIC_REPRESENTATION_CONTEXT() REPRESENTATION_CONTEXT('2D SPACE',''
  ) );
#2485 = PCURVE('',#2260,#2486);
#2486 = DEFINITIONAL_REPRESENTATION('',(#2487),#2526);
#2487 = B_SPLINE_CURVE_WITH_KNOTS('',7,(#2488,#2489,#2490,#2491,#2492,
    #2493,#2494,#2495,#2496,#2497,#2498,#2499,#2500,#2501,#2502,#2503,
    #2504,#2505,#2506,#2507,#2508,#2509,#2510,#2511,#2512,#2513,#2514,
    #2515,#2516,#2517,#2518,#2519,#2520,#2521,#2522,#2523,#2524,#2525),
  .UNSPECIFIED.,.F.,.F.,(8,6,6,6,6,6,8),(0.,0.154504875976,
    0.304410670029,0.500012049732,0.695613568992,0.84551915276,1.),
  .UNSPECIFIED.);
#2488 = CARTESIAN_POINT('',(1.570796326795,65.2));
#2489 = CARTESIAN_POINT('',(1.655270002814,65.2));
#2490 = CARTESIAN_POINT('',(1.738972039523,65.195678684819));
#2491 = CARTESIAN_POINT('',(1.82158449721,65.187178410526));
#2492 = CARTESIAN_POINT('',(1.902769075346,65.175034465757));
#2493 = CARTESIAN_POINT('',(1.982129438405,65.16013101274));
#2494 = CARTESIAN_POINT('',(2.059162120743,65.143497927638));
#2495 = CARTESIAN_POINT('',(2.204995007954,65.109272250277));
#2496 = CARTESIAN_POINT('',(2.274660107964,65.091561398941));
#2497 = CARTESIAN_POINT('',(2.342433127815,65.073645616158));
#2498 = CARTESIAN_POINT('',(2.408525490662,65.056067378656));
#2499 = CARTESIAN_POINT('',(2.473129444793,65.039256851901));
#2500 = CARTESIAN_POINT('',(2.536429937612,65.023543198027));
#2501 = CARTESIAN_POINT('',(2.679724347721,64.990439305869));
#2502 = CARTESIAN_POINT('',(2.759015630628,64.973976956215));
#2503 = CARTESIAN_POINT('',(2.836898156332,64.960355271938));
#2504 = CARTESIAN_POINT('',(2.913744709833,64.949928210069));
#2505 = CARTESIAN_POINT('',(2.989906182589,64.9429060475));
#2506 = CARTESIAN_POINT('',(3.065733425075,64.939392144711));
#2507 = CARTESIAN_POINT('',(3.217451936228,64.939392144711));
#2508 = CARTESIAN_POINT('',(3.293279286566,64.94290605201));
#2509 = CARTESIAN_POINT('',(3.36944080076,64.949928235245));
#2510 = CARTESIAN_POINT('',(3.446287285271,64.960355303113));
#2511 = CARTESIAN_POINT('',(3.524169653495,64.97397695871));
#2512 = CARTESIAN_POINT('',(3.603460803437,64.990439269825));
#2513 = CARTESIAN_POINT('',(3.74675535757,65.023543195255));
#2514 = CARTESIAN_POINT('',(3.810055873918,65.039256854637));
#2515 = CARTESIAN_POINT('',(3.874659827447,65.056067381246));
#2516 = CARTESIAN_POINT('',(3.940752169574,65.073645613835));
#2517 = CARTESIAN_POINT('',(4.008525184873,65.091561395507));
#2518 = CARTESIAN_POINT('',(4.078190313207,65.109272253558));
#2519 = CARTESIAN_POINT('',(4.224011764487,65.143495247008));
#2520 = CARTESIAN_POINT('',(4.301047190306,65.160129420645));
#2521 = CARTESIAN_POINT('',(4.380417358586,65.175035397497));
#2522 = CARTESIAN_POINT('',(4.461613048759,65.187180894244));
#2523 = CARTESIAN_POINT('',(4.544232745347,65.195680475257));
#2524 = CARTESIAN_POINT('',(4.627932796381,65.2));
#2525 = CARTESIAN_POINT('',(4.712388980385,65.2));
#2526 = ( GEOMETRIC_REPRESENTATION_CONTEXT(2) 
PARAMETRIC_REPRESENTATION_CONTEXT() REPRESENTATION_CONTEXT('2D SPACE',''
  ) );
#2527 = FACE_BOUND('',#2528,.T.);
#2528 = EDGE_LOOP('',(#2529));
#2529 = ORIENTED_EDGE('',*,*,#2530,.T.);
#2530 = EDGE_CURVE('',#2531,#2531,#2533,.T.);
#2531 = VERTEX_POINT('',#2532);
#2532 = CARTESIAN_POINT('',(4.05,9.5,-31.33939214471));
#2533 = SURFACE_CURVE('',#2534,(#2609,#2687),.PCURVE_S1.);
#2534 = B_SPLINE_CURVE_WITH_KNOTS('',7,(#2535,#2536,#2537,#2538,#2539,
    #2540,#2541,#2542,#2543,#2544,#2545,#2546,#2547,#2548,#2549,#2550,
    #2551,#2552,#2553,#2554,#2555,#2556,#2557,#2558,#2559,#2560,#2561,
    #2562,#2563,#2564,#2565,#2566,#2567,#2568,#2569,#2570,#2571,#2572,
    #2573,#2574,#2575,#2576,#2577,#2578,#2579,#2580,#2581,#2582,#2583,
    #2584,#2585,#2586,#2587,#2588,#2589,#2590,#2591,#2592,#2593,#2594,
    #2595,#2596,#2597,#2598,#2599,#2600,#2601,#2602,#2603,#2604,#2605,
    #2606,#2607,#2608),.UNSPECIFIED.,.T.,.F.,(8,6,6,6,6,6,6,6,6,6,6,6,8)
  ,(0.,0.129584196996,0.202226146972,0.248744192208,0.326020667268,
    0.400996885229,0.498828004905,0.596659195219,0.671635323772,
    0.728666615738,0.796030315328,0.869299582295,1.),.UNSPECIFIED.);
#2535 = CARTESIAN_POINT('',(4.05,9.5,-31.33939214471));
#2536 = CARTESIAN_POINT('',(4.049999959034,9.909659626095,-31.33939215)
  );
#2537 = CARTESIAN_POINT('',(4.001656509544,10.318772288832,
    -31.34563950159));
#2538 = CARTESIAN_POINT('',(3.905202331543,10.724287013711,
    -31.35810473985));
#2539 = CARTESIAN_POINT('',(3.759390751124,11.122894470863,
    -31.37646936941));
#2540 = CARTESIAN_POINT('',(3.561903857446,11.51009379699,
    -31.40009399962));
#2541 = CARTESIAN_POINT('',(3.309592215141,11.879587194,-31.42775551049)
  );
#2542 = CARTESIAN_POINT('',(2.825206269068,12.413374272178,
    -31.47393778492));
#2543 = CARTESIAN_POINT('',(2.632387137647,12.597120066539,
    -31.4911885741));
#2544 = CARTESIAN_POINT('',(2.4204669941,12.770492364227,-31.50868842947
    ));
#2545 = CARTESIAN_POINT('',(2.189389760172,12.930936947061,
    -31.5259245897));
#2546 = CARTESIAN_POINT('',(1.939375181147,13.07568877993,
    -31.54228494776));
#2547 = CARTESIAN_POINT('',(1.670982044546,13.201732252319,
    -31.55708570457));
#2548 = CARTESIAN_POINT('',(1.202162279354,13.372368692085,
    -31.57765612589));
#2549 = CARTESIAN_POINT('',(1.012063144433,13.429930564231,
    -31.58475684121));
#2550 = CARTESIAN_POINT('',(0.816051894154,13.477250814355,
    -31.59070546099));
#2551 = CARTESIAN_POINT('',(0.615425667062,13.513413937507,
    -31.59531089555));
#2552 = CARTESIAN_POINT('',(0.411574591989,13.537782163275,
    -31.59843413216));
#2553 = CARTESIAN_POINT('',(0.205944674558,13.55,-31.6));
#2554 = CARTESIAN_POINT('',(-0.342118384952,13.55,-31.6));
#2555 = CARTESIAN_POINT('',(-0.681111782349,13.516283420379,
    -31.59567868486));
#2556 = CARTESIAN_POINT('',(-1.011704075188,13.449958400859,
    -31.58717841028));
#2557 = CARTESIAN_POINT('',(-1.328868910841,13.35347170589,
    -31.57503446621));
#2558 = CARTESIAN_POINT('',(-1.628138309717,13.230536032106,
    -31.56013101233));
#2559 = CARTESIAN_POINT('',(-1.905873885565,13.086085429867,
    -31.54349792778));
#2560 = CARTESIAN_POINT('',(-2.405533092002,12.771162523777,
    -31.50927225027));
#2561 = CARTESIAN_POINT('',(-2.631229246162,12.600107593829,
    -31.49156139894));
#2562 = CARTESIAN_POINT('',(-2.836777479934,12.416047333908,
    -31.47364561615));
#2563 = CARTESIAN_POINT('',(-3.022606752969,12.221429453201,
    -31.45606737865));
#2564 = CARTESIAN_POINT('',(-3.189272741357,12.018265733025,
    -31.4392568519));
#2565 = CARTESIAN_POINT('',(-3.337374068164,11.808210263211,
    -31.42354319802));
#2566 = CARTESIAN_POINT('',(-3.637236601115,11.311340343378,
    -31.39043930586));
#2567 = CARTESIAN_POINT('',(-3.776541068943,11.020334231454,
    -31.37397695621));
#2568 = CARTESIAN_POINT('',(-3.886617103461,10.722470037885,
    -31.36035527193));
#2569 = CARTESIAN_POINT('',(-3.968469092246,10.419899474516,
    -31.34992821006));
#2570 = CARTESIAN_POINT('',(-4.022809609074,10.114328967645,
    -31.3429060475));
#2571 = CARTESIAN_POINT('',(-4.05,9.807229875484,-31.33939214471));
#2572 = CARTESIAN_POINT('',(-4.05,9.192769902684,-31.33939214471));
#2573 = CARTESIAN_POINT('',(-4.022809569992,8.885670384819,
    -31.34290605188));
#2574 = CARTESIAN_POINT('',(-3.968468908561,8.580099699363,
    -31.34992823542));
#2575 = CARTESIAN_POINT('',(-3.886616847685,8.277529459444,
    -31.36035530317));
#2576 = CARTESIAN_POINT('',(-3.776541018047,7.979665913551,
    -31.37397695844));
#2577 = CARTESIAN_POINT('',(-3.637236926127,7.688660195164,
    -31.39043926998));
#2578 = CARTESIAN_POINT('',(-3.337374068164,7.191789736789,
    -31.42354319802));
#2579 = CARTESIAN_POINT('',(-3.189272741357,6.981734266975,
    -31.4392568519));
#2580 = CARTESIAN_POINT('',(-3.022606752969,6.778570546799,
    -31.45606737865));
#2581 = CARTESIAN_POINT('',(-2.836777479934,6.583952666092,
    -31.47364561615));
#2582 = CARTESIAN_POINT('',(-2.631229246162,6.399892406171,
    -31.49156139894));
#2583 = CARTESIAN_POINT('',(-2.405533092002,6.228837476223,
    -31.50927225027));
#2584 = CARTESIAN_POINT('',(-1.972313814715,5.95579002304,-31.5389469227
    ));
#2585 = CARTESIAN_POINT('',(-1.772834881667,5.846729934823,
    -31.55130851483));
#2586 = CARTESIAN_POINT('',(-1.561811388055,5.748598053262,
    -31.56285197746));
#2587 = CARTESIAN_POINT('',(-1.340263381594,5.663216863505,
    -31.57320383639));
#2588 = CARTESIAN_POINT('',(-1.109431254229,5.592200930065,
    -31.58200694771));
#2589 = CARTESIAN_POINT('',(-0.870746272992,5.536949833919,
    -31.58895095758));
#2590 = CARTESIAN_POINT('',(-0.336479025606,5.453391961187,
    -31.59953357213));
#2591 = CARTESIAN_POINT('',(-4.016605907396E-02,5.432053040541,
    -31.60231074654));
#2592 = CARTESIAN_POINT('',(0.258591767511,5.436321404534,-31.6017767548
    ));
#2593 = CARTESIAN_POINT('',(0.55502793022,5.466473885934,-31.59785252857
    ));
#2594 = CARTESIAN_POINT('',(0.844431768529,5.521397509662,
    -31.59079550268));
#2595 = CARTESIAN_POINT('',(1.122416885279,5.598606358152,
    -31.58115511735));
#2596 = CARTESIAN_POINT('',(1.670982044494,5.798267747662,
    -31.55708570457));
#2597 = CARTESIAN_POINT('',(1.939375181143,5.924311220058,
    -31.54228494776));
#2598 = CARTESIAN_POINT('',(2.189389760211,6.069063052957,-31.5259245897
    ));
#2599 = CARTESIAN_POINT('',(2.420466994134,6.229507635804,
    -31.50868842947));
#2600 = CARTESIAN_POINT('',(2.63238713764,6.402879933466,-31.4911885741)
  );
#2601 = CARTESIAN_POINT('',(2.82520626903,6.586625727781,-31.47393778492
    ));
#2602 = CARTESIAN_POINT('',(3.309585483427,7.120405387738,-31.4277561523
    ));
#2603 = CARTESIAN_POINT('',(3.561902049049,7.489900232952,
    -31.40009432876));
#2604 = CARTESIAN_POINT('',(3.75939411746,7.877107946023,-31.37646897286
    ));
#2605 = CARTESIAN_POINT('',(3.905205451708,8.275721983568,
    -31.35810431992));
#2606 = CARTESIAN_POINT('',(4.001657328618,8.681236286111,
    -31.34563940257));
#2607 = CARTESIAN_POINT('',(4.049999959034,9.09034379388,-31.33939215));
#2608 = CARTESIAN_POINT('',(4.05,9.5,-31.33939214471));
#2609 = PCURVE('',#2167,#2610);
#2610 = DEFINITIONAL_REPRESENTATION('',(#2611),#2686);
#2611 = B_SPLINE_CURVE_WITH_KNOTS('',7,(#2612,#2613,#2614,#2615,#2616,
    #2617,#2618,#2619,#2620,#2621,#2622,#2623,#2624,#2625,#2626,#2627,
    #2628,#2629,#2630,#2631,#2632,#2633,#2634,#2635,#2636,#2637,#2638,
    #2639,#2640,#2641,#2642,#2643,#2644,#2645,#2646,#2647,#2648,#2649,
    #2650,#2651,#2652,#2653,#2654,#2655,#2656,#2657,#2658,#2659,#2660,
    #2661,#2662,#2663,#2664,#2665,#2666,#2667,#2668,#2669,#2670,#2671,
    #2672,#2673,#2674,#2675,#2676,#2677,#2678,#2679,#2680,#2681,#2682,
    #2683,#2684,#2685),.UNSPECIFIED.,.T.,.F.,(8,6,6,6,6,6,6,6,6,6,6,6,8)
  ,(0.,0.129584196996,0.202226146972,0.248744192208,0.326020667268,
    0.400996885229,0.498828004905,0.596659195219,0.671635323772,
    0.728666615738,0.796030315328,0.869299582295,1.),.UNSPECIFIED.);
#2612 = CARTESIAN_POINT('',(3.013074602276,4.5));
#2613 = CARTESIAN_POINT('',(3.013074603584,4.909659626095));
#2614 = CARTESIAN_POINT('',(3.01461718025,5.318772288832));
#2615 = CARTESIAN_POINT('',(3.017694915901,5.724287013711));
#2616 = CARTESIAN_POINT('',(3.022345623064,6.122894470863));
#2617 = CARTESIAN_POINT('',(3.028639518897,6.51009379699));
#2618 = CARTESIAN_POINT('',(3.036671102795,6.879587194));
#2619 = CARTESIAN_POINT('',(3.052069283758,7.413374272178));
#2620 = CARTESIAN_POINT('',(3.058195421364,7.597120066539));
#2621 = CARTESIAN_POINT('',(3.064924322763,7.770492364227));
#2622 = CARTESIAN_POINT('',(3.072256742963,7.930936947061));
#2623 = CARTESIAN_POINT('',(3.080184903189,8.07568877993));
#2624 = CARTESIAN_POINT('',(3.088690722887,8.201732252319));
#2625 = CARTESIAN_POINT('',(3.103541065695,8.372368692085));
#2626 = CARTESIAN_POINT('',(3.109560928918,8.429930564231));
#2627 = CARTESIAN_POINT('',(3.115766423405,8.477250814355));
#2628 = CARTESIAN_POINT('',(3.122116706361,8.513413937507));
#2629 = CARTESIAN_POINT('',(3.128568140947,8.537782163275));
#2630 = CARTESIAN_POINT('',(3.135075417053,8.55));
#2631 = CARTESIAN_POINT('',(3.152419184759,8.55));
#2632 = CARTESIAN_POINT('',(3.163146824734,8.516283420379));
#2633 = CARTESIAN_POINT('',(3.173610674454,8.449958400859));
#2634 = CARTESIAN_POINT('',(3.183653596655,8.35347170589));
#2635 = CARTESIAN_POINT('',(3.193135091882,8.230536032106));
#2636 = CARTESIAN_POINT('',(3.201939615297,8.086085429867));
#2637 = CARTESIAN_POINT('',(3.2177886669,7.771162523777));
#2638 = CARTESIAN_POINT('',(3.224952554393,7.600107593829));
#2639 = CARTESIAN_POINT('',(3.231481560851,7.416047333908));
#2640 = CARTESIAN_POINT('',(3.237388254722,7.221429453201));
#2641 = CARTESIAN_POINT('',(3.242689136785,7.018265733025));
#2642 = CARTESIAN_POINT('',(3.247402151295,6.808210263211));
#2643 = CARTESIAN_POINT('',(3.256949122263,6.311340343378));
#2644 = CARTESIAN_POINT('',(3.261388037473,6.020334231454));
#2645 = CARTESIAN_POINT('',(3.26489797569,5.722470037885));
#2646 = CARTESIAN_POINT('',(3.2675091608,5.419899474516));
#2647 = CARTESIAN_POINT('',(3.269243092926,5.114328967645));
#2648 = CARTESIAN_POINT('',(3.270110704903,4.807229875484));
#2649 = CARTESIAN_POINT('',(3.270110704903,4.192769902684));
#2650 = CARTESIAN_POINT('',(3.269243091681,3.885670384819));
#2651 = CARTESIAN_POINT('',(3.267509154933,3.580099699363));
#2652 = CARTESIAN_POINT('',(3.264897967536,3.277529459444));
#2653 = CARTESIAN_POINT('',(3.261388035865,2.979665913551));
#2654 = CARTESIAN_POINT('',(3.25694913261,2.688660195164));
#2655 = CARTESIAN_POINT('',(3.247402151295,2.191789736789));
#2656 = CARTESIAN_POINT('',(3.242689136785,1.981734266975));
#2657 = CARTESIAN_POINT('',(3.237388254722,1.778570546799));
#2658 = CARTESIAN_POINT('',(3.231481560851,1.583952666092));
#2659 = CARTESIAN_POINT('',(3.224952554393,1.399892406171));
#2660 = CARTESIAN_POINT('',(3.2177886669,1.228837476223));
#2661 = CARTESIAN_POINT('',(3.204047071443,0.95579002304));
#2662 = CARTESIAN_POINT('',(3.197722464677,0.846729934823));
#2663 = CARTESIAN_POINT('',(3.191034823877,0.748598053262));
#2664 = CARTESIAN_POINT('',(3.184016589117,0.663216863505));
#2665 = CARTESIAN_POINT('',(3.176706916222,0.592200930065));
#2666 = CARTESIAN_POINT('',(3.169150730576,0.536949833919));
#2667 = CARTESIAN_POINT('',(3.152240222797,0.453391961187));
#2668 = CARTESIAN_POINT('',(3.142863323942,0.432053040541));
#2669 = CARTESIAN_POINT('',(3.133409914168,0.436321404534));
#2670 = CARTESIAN_POINT('',(3.124029262187,0.466473885934));
#2671 = CARTESIAN_POINT('',(3.114869001743,0.521397509662));
#2672 = CARTESIAN_POINT('',(3.106067082146,0.598606358152));
#2673 = CARTESIAN_POINT('',(3.088690722889,0.798267747662));
#2674 = CARTESIAN_POINT('',(3.080184903189,0.924311220058));
#2675 = CARTESIAN_POINT('',(3.072256742962,1.069063052957));
#2676 = CARTESIAN_POINT('',(3.064924322762,1.229507635804));
#2677 = CARTESIAN_POINT('',(3.058195421364,1.402879933466));
#2678 = CARTESIAN_POINT('',(3.052069283759,1.586625727781));
#2679 = CARTESIAN_POINT('',(3.03667131679,2.120405387738));
#2680 = CARTESIAN_POINT('',(3.028639576848,2.489900232952));
#2681 = CARTESIAN_POINT('',(3.02234551593,2.877107946023));
#2682 = CARTESIAN_POINT('',(3.017694816175,3.275721983568));
#2683 = CARTESIAN_POINT('',(3.014617154184,3.681236286111));
#2684 = CARTESIAN_POINT('',(3.013074603584,4.09034379388));
#2685 = CARTESIAN_POINT('',(3.013074602276,4.5));
#2686 = ( GEOMETRIC_REPRESENTATION_CONTEXT(2) 
PARAMETRIC_REPRESENTATION_CONTEXT() REPRESENTATION_CONTEXT('2D SPACE',''
  ) );
#2687 = PCURVE('',#2260,#2688);
#2688 = DEFINITIONAL_REPRESENTATION('',(#2689),#2764);
#2689 = B_SPLINE_CURVE_WITH_KNOTS('',7,(#2690,#2691,#2692,#2693,#2694,
    #2695,#2696,#2697,#2698,#2699,#2700,#2701,#2702,#2703,#2704,#2705,
    #2706,#2707,#2708,#2709,#2710,#2711,#2712,#2713,#2714,#2715,#2716,
    #2717,#2718,#2719,#2720,#2721,#2722,#2723,#2724,#2725,#2726,#2727,
    #2728,#2729,#2730,#2731,#2732,#2733,#2734,#2735,#2736,#2737,#2738,
    #2739,#2740,#2741,#2742,#2743,#2744,#2745,#2746,#2747,#2748,#2749,
    #2750,#2751,#2752,#2753,#2754,#2755,#2756,#2757,#2758,#2759,#2760,
    #2761,#2762,#2763),.UNSPECIFIED.,.F.,.F.,(8,6,6,6,6,6,6,6,6,6,6,6,8)
  ,(0.,0.129584196996,0.202226146972,0.248744192208,0.326020667268,
    0.400996885229,0.498828004905,0.596659195219,0.671635323772,
    0.728666615738,0.796030315328,0.869299582295,1.),.UNSPECIFIED.);
#2690 = CARTESIAN_POINT('',(0.,2.260607855289));
#2691 = CARTESIAN_POINT('',(0.101150524962,2.260607849995));
#2692 = CARTESIAN_POINT('',(0.202165824017,2.254360498406));
#2693 = CARTESIAN_POINT('',(0.30398411821,2.241895260142));
#2694 = CARTESIAN_POINT('',(0.407454558846,2.223530630583));
#2695 = CARTESIAN_POINT('',(0.513443819401,2.199906000376));
#2696 = CARTESIAN_POINT('',(0.622871626491,2.17224448951));
#2697 = CARTESIAN_POINT('',(0.800847919905,2.126062215075));
#2698 = CARTESIAN_POINT('',(0.866440109268,2.108811425893));
#2699 = CARTESIAN_POINT('',(0.933731115861,2.091311570526));
#2700 = CARTESIAN_POINT('',(1.002791222429,2.074075410291));
#2701 = CARTESIAN_POINT('',(1.073715801983,2.057715052238));
#2702 = CARTESIAN_POINT('',(1.146633562511,2.04291429543));
#2703 = CARTESIAN_POINT('',(1.269820617675,2.022343874108));
#2704 = CARTESIAN_POINT('',(1.318789026279,2.015243158784));
#2705 = CARTESIAN_POINT('',(1.368445952167,2.009294539001));
#2706 = CARTESIAN_POINT('',(1.418624596334,2.004689104443));
#2707 = CARTESIAN_POINT('',(1.469172973935,2.001565867837));
#2708 = CARTESIAN_POINT('',(1.519945789867,2.));
#2709 = CARTESIAN_POINT('',(1.655270002092,2.));
#2710 = CARTESIAN_POINT('',(1.738972041215,2.004321315135));
#2711 = CARTESIAN_POINT('',(1.821584496115,2.012821589715));
#2712 = CARTESIAN_POINT('',(1.902769074552,2.024965533781));
#2713 = CARTESIAN_POINT('',(1.982129439862,2.039868987666));
#2714 = CARTESIAN_POINT('',(2.059162120115,2.056502072215));
#2715 = CARTESIAN_POINT('',(2.204995007954,2.090727749723));
#2716 = CARTESIAN_POINT('',(2.274660107964,2.108438601059));
#2717 = CARTESIAN_POINT('',(2.342433127815,2.126354383842));
#2718 = CARTESIAN_POINT('',(2.408525490662,2.143932621344));
#2719 = CARTESIAN_POINT('',(2.473129444792,2.160743148099));
#2720 = CARTESIAN_POINT('',(2.536429937612,2.176456801973));
#2721 = CARTESIAN_POINT('',(2.679724347721,2.209560694131));
#2722 = CARTESIAN_POINT('',(2.759015630628,2.226023043785));
#2723 = CARTESIAN_POINT('',(2.836898156332,2.239644728062));
#2724 = CARTESIAN_POINT('',(2.913744709833,2.250071789931));
#2725 = CARTESIAN_POINT('',(2.989906182589,2.2570939525));
#2726 = CARTESIAN_POINT('',(3.065733425075,2.260607855289));
#2727 = CARTESIAN_POINT('',(3.217451936878,2.260607855289));
#2728 = CARTESIAN_POINT('',(3.293279284998,2.257093948114));
#2729 = CARTESIAN_POINT('',(3.369440801741,2.250071764575));
#2730 = CARTESIAN_POINT('',(3.446287286208,2.239644696828));
#2731 = CARTESIAN_POINT('',(3.524169651873,2.22602304156));
#2732 = CARTESIAN_POINT('',(3.603460804146,2.209560730011));
#2733 = CARTESIAN_POINT('',(3.746755369568,2.176456801973));
#2734 = CARTESIAN_POINT('',(3.810055862387,2.160743148099));
#2735 = CARTESIAN_POINT('',(3.874659816517,2.143932621344));
#2736 = CARTESIAN_POINT('',(3.940752179365,2.126354383842));
#2737 = CARTESIAN_POINT('',(4.008525199215,2.108438601059));
#2738 = CARTESIAN_POINT('',(4.078190299226,2.090727749723));
#2739 = CARTESIAN_POINT('',(4.204631716617,2.061053077299));
#2740 = CARTESIAN_POINT('',(4.260658167184,2.048691485164));
#2741 = CARTESIAN_POINT('',(4.317924056267,2.037148022539));
#2742 = CARTESIAN_POINT('',(4.376303327781,2.026796163602));
#2743 = CARTESIAN_POINT('',(4.435698202986,2.017993052281));
#2744 = CARTESIAN_POINT('',(4.496033108186,2.011049042418));
#2745 = CARTESIAN_POINT('',(4.629554559779,2.000466427864));
#2746 = CARTESIAN_POINT('',(4.702653630429,1.997689253458));
#2747 = CARTESIAN_POINT('',(4.775989865589,1.998223245193));
#2748 = CARTESIAN_POINT('',(4.849067361651,2.002147471423));
#2749 = CARTESIAN_POINT('',(4.921391714955,2.009204497317));
#2750 = CARTESIAN_POINT('',(4.992410794237,2.018844882648));
#2751 = CARTESIAN_POINT('',(5.136551744655,2.042914295427));
#2752 = CARTESIAN_POINT('',(5.209469505195,2.057715052237));
#2753 = CARTESIAN_POINT('',(5.280394084761,2.074075410293));
#2754 = CARTESIAN_POINT('',(5.34945419133,2.091311570529));
#2755 = CARTESIAN_POINT('',(5.416745197911,2.108811425893));
#2756 = CARTESIAN_POINT('',(5.482337387261,2.126062215072));
#2757 = CARTESIAN_POINT('',(5.660311207277,2.172243847695));
#2758 = CARTESIAN_POINT('',(5.769740101487,2.199905671231));
#2759 = CARTESIAN_POINT('',(5.875731573577,2.223531027137));
#2760 = CARTESIAN_POINT('',(5.979203466819,2.241895680074));
#2761 = CARTESIAN_POINT('',(6.081021591524,2.25436059743));
#2762 = CARTESIAN_POINT('',(6.182035626656,2.260607849995));
#2763 = CARTESIAN_POINT('',(6.28318530718,2.260607855289));
#2764 = ( GEOMETRIC_REPRESENTATION_CONTEXT(2) 
PARAMETRIC_REPRESENTATION_CONTEXT() REPRESENTATION_CONTEXT('2D SPACE',''
  ) );
#2765 = ADVANCED_FACE('',(#2766),#2260,.F.);
#2766 = FACE_BOUND('',#2767,.F.);
#2767 = EDGE_LOOP('',(#2768,#2769,#2790,#2791,#2792,#2793));
#2768 = ORIENTED_EDGE('',*,*,#2210,.F.);
#2769 = ORIENTED_EDGE('',*,*,#2770,.F.);
#2770 = EDGE_CURVE('',#2531,#2211,#2771,.T.);
#2771 = SEAM_CURVE('',#2772,(#2776,#2783),.PCURVE_S1.);
#2772 = LINE('',#2773,#2774);
#2773 = CARTESIAN_POINT('',(4.05,9.5,-33.6));
#2774 = VECTOR('',#2775,1.);
#2775 = DIRECTION('',(0.,0.,1.));
#2776 = PCURVE('',#2260,#2777);
#2777 = DEFINITIONAL_REPRESENTATION('',(#2778),#2782);
#2778 = LINE('',#2779,#2780);
#2779 = CARTESIAN_POINT('',(6.28318530718,-0.));
#2780 = VECTOR('',#2781,1.);
#2781 = DIRECTION('',(0.,1.));
#2782 = ( GEOMETRIC_REPRESENTATION_CONTEXT(2) 
PARAMETRIC_REPRESENTATION_CONTEXT() REPRESENTATION_CONTEXT('2D SPACE',''
  ) );
#2783 = PCURVE('',#2260,#2784);
#2784 = DEFINITIONAL_REPRESENTATION('',(#2785),#2789);
#2785 = LINE('',#2786,#2787);
#2786 = CARTESIAN_POINT('',(0.,-0.));
#2787 = VECTOR('',#2788,1.);
#2788 = DIRECTION('',(0.,1.));
#2789 = ( GEOMETRIC_REPRESENTATION_CONTEXT(2) 
PARAMETRIC_REPRESENTATION_CONTEXT() REPRESENTATION_CONTEXT('2D SPACE',''
  ) );
#2790 = ORIENTED_EDGE('',*,*,#2530,.T.);
#2791 = ORIENTED_EDGE('',*,*,#2770,.T.);
#2792 = ORIENTED_EDGE('',*,*,#2289,.F.);
#2793 = ORIENTED_EDGE('',*,*,#2402,.F.);
#2794 = ADVANCED_FACE('',(#2795),#2389,.F.);
#2795 = FACE_BOUND('',#2796,.T.);
#2796 = EDGE_LOOP('',(#2797));
#2797 = ORIENTED_EDGE('',*,*,#2374,.F.);
#2798 = ( GEOMETRIC_REPRESENTATION_CONTEXT(3) 
GLOBAL_UNCERTAINTY_ASSIGNED_CONTEXT((#2802)) 
GLOBAL_UNIT_ASSIGNED_CONTEXT((#2799,#2800,#2801)) REPRESENTATION_CONTEXT
('Context #1','3D Context with UNIT and UNCERTAINTY') );
#2799 = ( LENGTH_UNIT() NAMED_UNIT(*) SI_UNIT(.MILLI.,.METRE.) );
#2800 = ( NAMED_UNIT(*) PLANE_ANGLE_UNIT() SI_UNIT($,.RADIAN.) );
#2801 = ( NAMED_UNIT(*) SI_UNIT($,.STERADIAN.) SOLID_ANGLE_UNIT() );
#2802 = UNCERTAINTY_MEASURE_WITH_UNIT(LENGTH_MEASURE(1.E-07),#2799,
  'distance_accuracy_value','confusion accuracy');
#2803 = SHAPE_DEFINITION_REPRESENTATION(#2804,#29);
#2804 = PRODUCT_DEFINITION_SHAPE('','',#2805);
#2805 = PRODUCT_DEFINITION('design','',#2806,#2809);
#2806 = PRODUCT_DEFINITION_FORMATION('','',#2807);
#2807 = PRODUCT('Open CASCADE STEP translator 7.5 4.1',
  'Open CASCADE STEP translator 7.5 4.1','',(#2808));
#2808 = PRODUCT_CONTEXT('',#2,'mechanical');
#2809 = PRODUCT_DEFINITION_CONTEXT('part definition',#2,'design');
#2810 = CONTEXT_DEPENDENT_SHAPE_REPRESENTATION(#2811,#2813);
#2811 = ( REPRESENTATION_RELATIONSHIP('','',#29,#10) 
REPRESENTATION_RELATIONSHIP_WITH_TRANSFORMATION(#2812) 
SHAPE_REPRESENTATION_RELATIONSHIP() );
#2812 = ITEM_DEFINED_TRANSFORMATION('','',#11,#15);
#2813 = PRODUCT_DEFINITION_SHAPE('Placement','Placement of an item',
  #2814);
#2814 = NEXT_ASSEMBLY_USAGE_OCCURRENCE('1','','',#5,#2805,$);
#2815 = PRODUCT_RELATED_PRODUCT_CATEGORY('part',$,(#2807));
#2816 = ADVANCED_BREP_SHAPE_REPRESENTATION('',(#11,#2817),#2999);
#2817 = MANIFOLD_SOLID_BREP('',#2818);
#2818 = CLOSED_SHELL('',(#2819,#2907,#2942,#2972));
#2819 = ADVANCED_FACE('',(#2820),#2833,.T.);
#2820 = FACE_BOUND('',#2821,.T.);
#2821 = EDGE_LOOP('',(#2822,#2856,#2879,#2906));
#2822 = ORIENTED_EDGE('',*,*,#2823,.F.);
#2823 = EDGE_CURVE('',#2824,#2824,#2826,.T.);
#2824 = VERTEX_POINT('',#2825);
#2825 = CARTESIAN_POINT('',(-6.907007947191E-15,27.,28.2));
#2826 = SURFACE_CURVE('',#2827,(#2832,#2844),.PCURVE_S1.);
#2827 = CIRCLE('',#2828,28.2);
#2828 = AXIS2_PLACEMENT_3D('',#2829,#2830,#2831);
#2829 = CARTESIAN_POINT('',(0.,27.,0.));
#2830 = DIRECTION('',(0.,1.,0.));
#2831 = DIRECTION('',(0.,-0.,1.));
#2832 = PCURVE('',#2833,#2838);
#2833 = CYLINDRICAL_SURFACE('',#2834,28.2);
#2834 = AXIS2_PLACEMENT_3D('',#2835,#2836,#2837);
#2835 = CARTESIAN_POINT('',(0.,21.,0.));
#2836 = DIRECTION('',(0.,1.,0.));
#2837 = DIRECTION('',(0.,-0.,1.));
#2838 = DEFINITIONAL_REPRESENTATION('',(#2839),#2843);
#2839 = LINE('',#2840,#2841);
#2840 = CARTESIAN_POINT('',(0.,6.));
#2841 = VECTOR('',#2842,1.);
#2842 = DIRECTION('',(1.,0.));
#2843 = ( GEOMETRIC_REPRESENTATION_CONTEXT(2) 
PARAMETRIC_REPRESENTATION_CONTEXT() REPRESENTATION_CONTEXT('2D SPACE',''
  ) );
#2844 = PCURVE('',#2845,#2850);
#2845 = PLANE('',#2846);
#2846 = AXIS2_PLACEMENT_3D('',#2847,#2848,#2849);
#2847 = CARTESIAN_POINT('',(0.,27.,0.));
#2848 = DIRECTION('',(0.,1.,0.));
#2849 = DIRECTION('',(0.,-0.,1.));
#2850 = DEFINITIONAL_REPRESENTATION('',(#2851),#2855);
#2851 = CIRCLE('',#2852,28.2);
#2852 = AXIS2_PLACEMENT_2D('',#2853,#2854);
#2853 = CARTESIAN_POINT('',(0.,0.));
#2854 = DIRECTION('',(1.,0.));
#2855 = ( GEOMETRIC_REPRESENTATION_CONTEXT(2) 
PARAMETRIC_REPRESENTATION_CONTEXT() REPRESENTATION_CONTEXT('2D SPACE',''
  ) );
#2856 = ORIENTED_EDGE('',*,*,#2857,.F.);
#2857 = EDGE_CURVE('',#2858,#2824,#2860,.T.);
#2858 = VERTEX_POINT('',#2859);
#2859 = CARTESIAN_POINT('',(-6.907007947191E-15,21.,28.2));
#2860 = SEAM_CURVE('',#2861,(#2865,#2872),.PCURVE_S1.);
#2861 = LINE('',#2862,#2863);
#2862 = CARTESIAN_POINT('',(-6.907007947191E-15,21.,28.2));
#2863 = VECTOR('',#2864,1.);
#2864 = DIRECTION('',(0.,1.,0.));
#2865 = PCURVE('',#2833,#2866);
#2866 = DEFINITIONAL_REPRESENTATION('',(#2867),#2871);
#2867 = LINE('',#2868,#2869);
#2868 = CARTESIAN_POINT('',(6.28318530718,-0.));
#2869 = VECTOR('',#2870,1.);
#2870 = DIRECTION('',(0.,1.));
#2871 = ( GEOMETRIC_REPRESENTATION_CONTEXT(2) 
PARAMETRIC_REPRESENTATION_CONTEXT() REPRESENTATION_CONTEXT('2D SPACE',''
  ) );
#2872 = PCURVE('',#2833,#2873);
#2873 = DEFINITIONAL_REPRESENTATION('',(#2874),#2878);
#2874 = LINE('',#2875,#2876);
#2875 = CARTESIAN_POINT('',(0.,-0.));
#2876 = VECTOR('',#2877,1.);
#2877 = DIRECTION('',(0.,1.));
#2878 = ( GEOMETRIC_REPRESENTATION_CONTEXT(2) 
PARAMETRIC_REPRESENTATION_CONTEXT() REPRESENTATION_CONTEXT('2D SPACE',''
  ) );
#2879 = ORIENTED_EDGE('',*,*,#2880,.T.);
#2880 = EDGE_CURVE('',#2858,#2858,#2881,.T.);
#2881 = SURFACE_CURVE('',#2882,(#2887,#2894),.PCURVE_S1.);
#2882 = CIRCLE('',#2883,28.2);
#2883 = AXIS2_PLACEMENT_3D('',#2884,#2885,#2886);
#2884 = CARTESIAN_POINT('',(0.,21.,0.));
#2885 = DIRECTION('',(0.,1.,0.));
#2886 = DIRECTION('',(0.,-0.,1.));
#2887 = PCURVE('',#2833,#2888);
#2888 = DEFINITIONAL_REPRESENTATION('',(#2889),#2893);
#2889 = LINE('',#2890,#2891);
#2890 = CARTESIAN_POINT('',(0.,0.));
#2891 = VECTOR('',#2892,1.);
#2892 = DIRECTION('',(1.,0.));
#2893 = ( GEOMETRIC_REPRESENTATION_CONTEXT(2) 
PARAMETRIC_REPRESENTATION_CONTEXT() REPRESENTATION_CONTEXT('2D SPACE',''
  ) );
#2894 = PCURVE('',#2895,#2900);
#2895 = PLANE('',#2896);
#2896 = AXIS2_PLACEMENT_3D('',#2897,#2898,#2899);
#2897 = CARTESIAN_POINT('',(0.,21.,0.));
#2898 = DIRECTION('',(0.,1.,0.));
#2899 = DIRECTION('',(0.,-0.,1.));
#2900 = DEFINITIONAL_REPRESENTATION('',(#2901),#2905);
#2901 = CIRCLE('',#2902,28.2);
#2902 = AXIS2_PLACEMENT_2D('',#2903,#2904);
#2903 = CARTESIAN_POINT('',(0.,0.));
#2904 = DIRECTION('',(1.,0.));
#2905 = ( GEOMETRIC_REPRESENTATION_CONTEXT(2) 
PARAMETRIC_REPRESENTATION_CONTEXT() REPRESENTATION_CONTEXT('2D SPACE',''
  ) );
#2906 = ORIENTED_EDGE('',*,*,#2857,.T.);
#2907 = ADVANCED_FACE('',(#2908,#2911),#2845,.T.);
#2908 = FACE_BOUND('',#2909,.T.);
#2909 = EDGE_LOOP('',(#2910));
#2910 = ORIENTED_EDGE('',*,*,#2823,.T.);
#2911 = FACE_BOUND('',#2912,.T.);
#2912 = EDGE_LOOP('',(#2913));
#2913 = ORIENTED_EDGE('',*,*,#2914,.F.);
#2914 = EDGE_CURVE('',#2915,#2915,#2917,.T.);
#2915 = VERTEX_POINT('',#2916);
#2916 = CARTESIAN_POINT('',(-6.294684547617E-15,27.,25.7));
#2917 = SURFACE_CURVE('',#2918,(#2923,#2930),.PCURVE_S1.);
#2918 = CIRCLE('',#2919,25.7);
#2919 = AXIS2_PLACEMENT_3D('',#2920,#2921,#2922);
#2920 = CARTESIAN_POINT('',(0.,27.,0.));
#2921 = DIRECTION('',(0.,1.,0.));
#2922 = DIRECTION('',(0.,-0.,1.));
#2923 = PCURVE('',#2845,#2924);
#2924 = DEFINITIONAL_REPRESENTATION('',(#2925),#2929);
#2925 = CIRCLE('',#2926,25.7);
#2926 = AXIS2_PLACEMENT_2D('',#2927,#2928);
#2927 = CARTESIAN_POINT('',(0.,0.));
#2928 = DIRECTION('',(1.,0.));
#2929 = ( GEOMETRIC_REPRESENTATION_CONTEXT(2) 
PARAMETRIC_REPRESENTATION_CONTEXT() REPRESENTATION_CONTEXT('2D SPACE',''
  ) );
#2930 = PCURVE('',#2931,#2936);
#2931 = CYLINDRICAL_SURFACE('',#2932,25.7);
#2932 = AXIS2_PLACEMENT_3D('',#2933,#2934,#2935);
#2933 = CARTESIAN_POINT('',(0.,20.,0.));
#2934 = DIRECTION('',(0.,1.,0.));
#2935 = DIRECTION('',(0.,-0.,1.));
#2936 = DEFINITIONAL_REPRESENTATION('',(#2937),#2941);
#2937 = LINE('',#2938,#2939);
#2938 = CARTESIAN_POINT('',(0.,7.));
#2939 = VECTOR('',#2940,1.);
#2940 = DIRECTION('',(1.,0.));
#2941 = ( GEOMETRIC_REPRESENTATION_CONTEXT(2) 
PARAMETRIC_REPRESENTATION_CONTEXT() REPRESENTATION_CONTEXT('2D SPACE',''
  ) );
#2942 = ADVANCED_FACE('',(#2943,#2946),#2895,.F.);
#2943 = FACE_BOUND('',#2944,.F.);
#2944 = EDGE_LOOP('',(#2945));
#2945 = ORIENTED_EDGE('',*,*,#2880,.T.);
#2946 = FACE_BOUND('',#2947,.F.);
#2947 = EDGE_LOOP('',(#2948));
#2948 = ORIENTED_EDGE('',*,*,#2949,.F.);
#2949 = EDGE_CURVE('',#2950,#2950,#2952,.T.);
#2950 = VERTEX_POINT('',#2951);
#2951 = CARTESIAN_POINT('',(-6.294684547617E-15,21.,25.7));
#2952 = SURFACE_CURVE('',#2953,(#2958,#2965),.PCURVE_S1.);
#2953 = CIRCLE('',#2954,25.7);
#2954 = AXIS2_PLACEMENT_3D('',#2955,#2956,#2957);
#2955 = CARTESIAN_POINT('',(0.,21.,0.));
#2956 = DIRECTION('',(0.,1.,0.));
#2957 = DIRECTION('',(0.,-0.,1.));
#2958 = PCURVE('',#2895,#2959);
#2959 = DEFINITIONAL_REPRESENTATION('',(#2960),#2964);
#2960 = CIRCLE('',#2961,25.7);
#2961 = AXIS2_PLACEMENT_2D('',#2962,#2963);
#2962 = CARTESIAN_POINT('',(0.,0.));
#2963 = DIRECTION('',(1.,0.));
#2964 = ( GEOMETRIC_REPRESENTATION_CONTEXT(2) 
PARAMETRIC_REPRESENTATION_CONTEXT() REPRESENTATION_CONTEXT('2D SPACE',''
  ) );
#2965 = PCURVE('',#2931,#2966);
#2966 = DEFINITIONAL_REPRESENTATION('',(#2967),#2971);
#2967 = LINE('',#2968,#2969);
#2968 = CARTESIAN_POINT('',(0.,1.));
#2969 = VECTOR('',#2970,1.);
#2970 = DIRECTION('',(1.,0.));
#2971 = ( GEOMETRIC_REPRESENTATION_CONTEXT(2) 
PARAMETRIC_REPRESENTATION_CONTEXT() REPRESENTATION_CONTEXT('2D SPACE',''
  ) );
#2972 = ADVANCED_FACE('',(#2973),#2931,.F.);
#2973 = FACE_BOUND('',#2974,.F.);
#2974 = EDGE_LOOP('',(#2975,#2976,#2997,#2998));
#2975 = ORIENTED_EDGE('',*,*,#2914,.F.);
#2976 = ORIENTED_EDGE('',*,*,#2977,.F.);
#2977 = EDGE_CURVE('',#2950,#2915,#2978,.T.);
#2978 = SEAM_CURVE('',#2979,(#2983,#2990),.PCURVE_S1.);
#2979 = LINE('',#2980,#2981);
#2980 = CARTESIAN_POINT('',(-6.294684547617E-15,20.,25.7));
#2981 = VECTOR('',#2982,1.);
#2982 = DIRECTION('',(0.,1.,0.));
#2983 = PCURVE('',#2931,#2984);
#2984 = DEFINITIONAL_REPRESENTATION('',(#2985),#2989);
#2985 = LINE('',#2986,#2987);
#2986 = CARTESIAN_POINT('',(6.28318530718,-0.));
#2987 = VECTOR('',#2988,1.);
#2988 = DIRECTION('',(0.,1.));
#2989 = ( GEOMETRIC_REPRESENTATION_CONTEXT(2) 
PARAMETRIC_REPRESENTATION_CONTEXT() REPRESENTATION_CONTEXT('2D SPACE',''
  ) );
#2990 = PCURVE('',#2931,#2991);
#2991 = DEFINITIONAL_REPRESENTATION('',(#2992),#2996);
#2992 = LINE('',#2993,#2994);
#2993 = CARTESIAN_POINT('',(0.,-0.));
#2994 = VECTOR('',#2995,1.);
#2995 = DIRECTION('',(0.,1.));
#2996 = ( GEOMETRIC_REPRESENTATION_CONTEXT(2) 
PARAMETRIC_REPRESENTATION_CONTEXT() REPRESENTATION_CONTEXT('2D SPACE',''
  ) );
#2997 = ORIENTED_EDGE('',*,*,#2949,.T.);
#2998 = ORIENTED_EDGE('',*,*,#2977,.T.);
#2999 = ( GEOMETRIC_REPRESENTATION_CONTEXT(3) 
GLOBAL_UNCERTAINTY_ASSIGNED_CONTEXT((#3003)) 
GLOBAL_UNIT_ASSIGNED_CONTEXT((#3000,#3001,#3002)) REPRESENTATION_CONTEXT
('Context #1','3D Context with UNIT and UNCERTAINTY') );
#3000 = ( LENGTH_UNIT() NAMED_UNIT(*) SI_UNIT(.MILLI.,.METRE.) );
#3001 = ( NAMED_UNIT(*) PLANE_ANGLE_UNIT() SI_UNIT($,.RADIAN.) );
#3002 = ( NAMED_UNIT(*) SI_UNIT($,.STERADIAN.) SOLID_ANGLE_UNIT() );
#3003 = UNCERTAINTY_MEASURE_WITH_UNIT(LENGTH_MEASURE(1.E-07),#3000,
  'distance_accuracy_value','confusion accuracy');
#3004 = SHAPE_DEFINITION_REPRESENTATION(#3005,#2816);
#3005 = PRODUCT_DEFINITION_SHAPE('','',#3006);
#3006 = PRODUCT_DEFINITION('design','',#3007,#3010);
#3007 = PRODUCT_DEFINITION_FORMATION('','',#3008);
#3008 = PRODUCT('Open CASCADE STEP translator 7.5 4.2',
  'Open CASCADE STEP translator 7.5 4.2','',(#3009));
#3009 = PRODUCT_CONTEXT('',#2,'mechanical');
#3010 = PRODUCT_DEFINITION_CONTEXT('part definition',#2,'design');
#3011 = CONTEXT_DEPENDENT_SHAPE_REPRESENTATION(#3012,#3014);
#3012 = ( REPRESENTATION_RELATIONSHIP('','',#2816,#10) 
REPRESENTATION_RELATIONSHIP_WITH_TRANSFORMATION(#3013) 
SHAPE_REPRESENTATION_RELATIONSHIP() );
#3013 = ITEM_DEFINED_TRANSFORMATION('','',#11,#19);
#3014 = PRODUCT_DEFINITION_SHAPE('Placement','Placement of an item',
  #3015);
#3015 = NEXT_ASSEMBLY_USAGE_OCCURRENCE('2','','',#5,#3006,$);
#3016 = PRODUCT_RELATED_PRODUCT_CATEGORY('part',$,(#3008));
ENDSEC;
END-ISO-10303-21;
