ISO-10303-21;
HEADER;
FILE_DESCRIPTION(('FreeCAD Model'),'2;1');
FILE_NAME('Open CASCADE Shape Model','2026-10-04T13:03:02',('FreeCAD'),(
    'FreeCAD'),'Open CASCADE STEP processor 7.5','FreeCAD','Unknown');
FILE_SCHEMA(('AUTOMOTIVE_DESIGN { 1 0 10303 214 1 1 1 1 }'));
ENDSEC;
DATA;
#1 = APPLICATION_PROTOCOL_DEFINITION('international standard',
  'automotive_design',2000,#2);
#2 = APPLICATION_CONTEXT(
  'core data for automotive mechanical design processes');
#3 = SHAPE_DEFINITION_REPRESENTATION(#4,#10);
#4 = PRODUCT_DEFINITION_SHAPE('','',#5);
#5 = PRODUCT_DEFINITION('design','',#6,#9);
#6 = PRODUCT_DEFINITION_FORMATION('','',#7);
#7 = PRODUCT('Open CASCADE STEP translator 7.5 1',
  'Open CASCADE STEP translator 7.5 1','',(#8));
#8 = PRODUCT_CONTEXT('',#2,'mechanical');
#9 = PRODUCT_DEFINITION_CONTEXT('part definition',#2,'design');
#10 = ADVANCED_BREP_SHAPE_REPRESENTATION('',(#11,#15),#6163);
#11 = AXIS2_PLACEMENT_3D('',#12,#13,#14);
#12 = CARTESIAN_POINT('',(0.,0.,0.));
#13 = DIRECTION('',(0.,0.,1.));
#14 = DIRECTION('',(1.,0.,-0.));
#15 = MANIFOLD_SOLID_BREP('',#16);
#16 = CLOSED_SHELL('',(#17,#1137,#1239,#1269,#1316,#1391,#1426,#1451,
    #1506,#1638,#1687,#1736,#1809,#1864,#1940,#2045,#2140,#2167,#2236,
    #2286,#2336,#2361,#2814,#2864,#3005,#3276,#3283,#3290,#3431,#3458,
    #3725,#3732,#3739,#3794,#3849,#4062,#4090,#4143,#4275,#4330,#4425,
    #4458,#4590,#4645,#4700,#4773,#4986,#5014,#5067,#5144,#5254,#5309,
    #5382,#5459,#5569,#5664,#5697,#5704,#5711,#5718,#5723,#5768,#5813,
    #5820,#5825,#5830,#5875,#5920,#5927,#5932,#5937,#5942,#5949,#5972,
    #5999,#6026,#6051,#6056,#6079,#6106,#6133,#6158));
#17 = ADVANCED_FACE('',(#18,#285,#543,#655,#913,#1025),#33,.T.);
#18 = FACE_BOUND('',#19,.T.);
#19 = EDGE_LOOP('',(#20,#56,#82,#111,#134,#161,#162,#186,#212,#234,#257,
    #284));
#20 = ORIENTED_EDGE('',*,*,#21,.F.);
#21 = EDGE_CURVE('',#22,#24,#26,.T.);
#22 = VERTEX_POINT('',#23);
#23 = CARTESIAN_POINT('',(-4.7,27.298351598586,201.5));
#24 = VERTEX_POINT('',#25);
#25 = CARTESIAN_POINT('',(-6.784543267276E-15,27.7,201.5));
#26 = SURFACE_CURVE('',#27,(#32,#44),.PCURVE_S1.);
#27 = CIRCLE('',#28,27.7);
#28 = AXIS2_PLACEMENT_3D('',#29,#30,#31);
#29 = CARTESIAN_POINT('',(0.,-1.015854067532E-14,201.5));
#30 = DIRECTION('',(0.,1.110223024625E-16,-1.));
#31 = DIRECTION('',(0.,1.,1.110223024625E-16));
#32 = PCURVE('',#33,#38);
#33 = CYLINDRICAL_SURFACE('',#34,27.7);
#34 = AXIS2_PLACEMENT_3D('',#35,#36,#37);
#35 = CARTESIAN_POINT('',(0.,-1.06581410364E-14,206.));
#36 = DIRECTION('',(0.,1.110223024625E-16,-1.));
#37 = DIRECTION('',(0.,1.,1.110223024625E-16));
#38 = DEFINITIONAL_REPRESENTATION('',(#39),#43);
#39 = LINE('',#40,#41);
#40 = CARTESIAN_POINT('',(0.,4.5));
#41 = VECTOR('',#42,1.);
#42 = DIRECTION('',(1.,0.));
#43 = ( GEOMETRIC_REPRESENTATION_CONTEXT(2) 
PARAMETRIC_REPRESENTATION_CONTEXT() REPRESENTATION_CONTEXT('2D SPACE',''
  ) );
#44 = PCURVE('',#45,#50);
#45 = PLANE('',#46);
#46 = AXIS2_PLACEMENT_3D('',#47,#48,#49);
#47 = CARTESIAN_POINT('',(-4.7,20.7,201.5));
#48 = DIRECTION('',(0.,1.110223024625E-16,-1.));
#49 = DIRECTION('',(0.,1.,1.110223024625E-16));
#50 = DEFINITIONAL_REPRESENTATION('',(#51),#55);
#51 = CIRCLE('',#52,27.7);
#52 = AXIS2_PLACEMENT_2D('',#53,#54);
#53 = CARTESIAN_POINT('',(-20.7,4.7));
#54 = DIRECTION('',(1.,0.));
#55 = ( GEOMETRIC_REPRESENTATION_CONTEXT(2) 
PARAMETRIC_REPRESENTATION_CONTEXT() REPRESENTATION_CONTEXT('2D SPACE',''
  ) );
#56 = ORIENTED_EDGE('',*,*,#57,.T.);
#57 = EDGE_CURVE('',#22,#58,#60,.T.);
#58 = VERTEX_POINT('',#59);
#59 = CARTESIAN_POINT('',(-4.7,27.298351598586,19.5));
#60 = SURFACE_CURVE('',#61,(#65,#71),.PCURVE_S1.);
#61 = LINE('',#62,#63);
#62 = CARTESIAN_POINT('',(-4.7,27.298351598586,206.));
#63 = VECTOR('',#64,1.);
#64 = DIRECTION('',(0.,1.110223024625E-16,-1.));
#65 = PCURVE('',#33,#66);
#66 = DEFINITIONAL_REPRESENTATION('',(#67),#70);
#67 = B_SPLINE_CURVE_WITH_KNOTS('',1,(#68,#69),.UNSPECIFIED.,.F.,.F.,(2,
    2),(-6.E-07,204.7),.PIECEWISE_BEZIER_KNOTS.);
#68 = CARTESIAN_POINT('',(6.112685337651,-6.E-07));
#69 = CARTESIAN_POINT('',(6.112685337651,204.7));
#70 = ( GEOMETRIC_REPRESENTATION_CONTEXT(2) 
PARAMETRIC_REPRESENTATION_CONTEXT() REPRESENTATION_CONTEXT('2D SPACE',''
  ) );
#71 = PCURVE('',#72,#77);
#72 = PLANE('',#73);
#73 = AXIS2_PLACEMENT_3D('',#74,#75,#76);
#74 = CARTESIAN_POINT('',(-4.7,20.7,201.5));
#75 = DIRECTION('',(1.,0.,0.));
#76 = DIRECTION('',(0.,1.,1.110223024625E-16));
#77 = DEFINITIONAL_REPRESENTATION('',(#78),#81);
#78 = B_SPLINE_CURVE_WITH_KNOTS('',1,(#79,#80),.UNSPECIFIED.,.F.,.F.,(2,
    2),(-6.E-07,204.7),.PIECEWISE_BEZIER_KNOTS.);
#79 = CARTESIAN_POINT('',(6.598351598586,4.5000006));
#80 = CARTESIAN_POINT('',(6.598351598586,-200.2));
#81 = ( GEOMETRIC_REPRESENTATION_CONTEXT(2) 
PARAMETRIC_REPRESENTATION_CONTEXT() REPRESENTATION_CONTEXT('2D SPACE',''
  ) );
#82 = ORIENTED_EDGE('',*,*,#83,.T.);
#83 = EDGE_CURVE('',#58,#84,#86,.T.);
#84 = VERTEX_POINT('',#85);
#85 = CARTESIAN_POINT('',(-6.784543267276E-15,27.7,19.5));
#86 = SURFACE_CURVE('',#87,(#92,#99),.PCURVE_S1.);
#87 = CIRCLE('',#88,27.7);
#88 = AXIS2_PLACEMENT_3D('',#89,#90,#91);
#89 = CARTESIAN_POINT('',(0.,1.004751837286E-14,19.5));
#90 = DIRECTION('',(0.,1.110223024625E-16,-1.));
#91 = DIRECTION('',(0.,1.,1.110223024625E-16));
#92 = PCURVE('',#33,#93);
#93 = DEFINITIONAL_REPRESENTATION('',(#94),#98);
#94 = LINE('',#95,#96);
#95 = CARTESIAN_POINT('',(0.,186.5));
#96 = VECTOR('',#97,1.);
#97 = DIRECTION('',(1.,0.));
#98 = ( GEOMETRIC_REPRESENTATION_CONTEXT(2) 
PARAMETRIC_REPRESENTATION_CONTEXT() REPRESENTATION_CONTEXT('2D SPACE',''
  ) );
#99 = PCURVE('',#100,#105);
#100 = PLANE('',#101);
#101 = AXIS2_PLACEMENT_3D('',#102,#103,#104);
#102 = CARTESIAN_POINT('',(-4.7,20.7,19.5));
#103 = DIRECTION('',(0.,1.110223024625E-16,-1.));
#104 = DIRECTION('',(0.,1.,1.110223024625E-16));
#105 = DEFINITIONAL_REPRESENTATION('',(#106),#110);
#106 = CIRCLE('',#107,27.7);
#107 = AXIS2_PLACEMENT_2D('',#108,#109);
#108 = CARTESIAN_POINT('',(-20.7,4.7));
#109 = DIRECTION('',(1.,0.));
#110 = ( GEOMETRIC_REPRESENTATION_CONTEXT(2) 
PARAMETRIC_REPRESENTATION_CONTEXT() REPRESENTATION_CONTEXT('2D SPACE',''
  ) );
#111 = ORIENTED_EDGE('',*,*,#112,.T.);
#112 = EDGE_CURVE('',#84,#113,#115,.T.);
#113 = VERTEX_POINT('',#114);
#114 = CARTESIAN_POINT('',(-6.784543267276E-15,27.7,14.));
#115 = SEAM_CURVE('',#116,(#120,#127),.PCURVE_S1.);
#116 = LINE('',#117,#118);
#117 = CARTESIAN_POINT('',(-6.784543267276E-15,27.7,206.));
#118 = VECTOR('',#119,1.);
#119 = DIRECTION('',(0.,1.110223024625E-16,-1.));
#120 = PCURVE('',#33,#121);
#121 = DEFINITIONAL_REPRESENTATION('',(#122),#126);
#122 = LINE('',#123,#124);
#123 = CARTESIAN_POINT('',(0.,-0.));
#124 = VECTOR('',#125,1.);
#125 = DIRECTION('',(0.,1.));
#126 = ( GEOMETRIC_REPRESENTATION_CONTEXT(2) 
PARAMETRIC_REPRESENTATION_CONTEXT() REPRESENTATION_CONTEXT('2D SPACE',''
  ) );
#127 = PCURVE('',#33,#128);
#128 = DEFINITIONAL_REPRESENTATION('',(#129),#133);
#129 = LINE('',#130,#131);
#130 = CARTESIAN_POINT('',(6.28318530718,-0.));
#131 = VECTOR('',#132,1.);
#132 = DIRECTION('',(0.,1.));
#133 = ( GEOMETRIC_REPRESENTATION_CONTEXT(2) 
PARAMETRIC_REPRESENTATION_CONTEXT() REPRESENTATION_CONTEXT('2D SPACE',''
  ) );
#134 = ORIENTED_EDGE('',*,*,#135,.F.);
#135 = EDGE_CURVE('',#113,#113,#136,.T.);
#136 = SURFACE_CURVE('',#137,(#142,#149),.PCURVE_S1.);
#137 = CIRCLE('',#138,27.7);
#138 = AXIS2_PLACEMENT_3D('',#139,#140,#141);
#139 = CARTESIAN_POINT('',(0.,1.06581410364E-14,14.));
#140 = DIRECTION('',(0.,1.110223024625E-16,-1.));
#141 = DIRECTION('',(0.,1.,1.110223024625E-16));
#142 = PCURVE('',#33,#143);
#143 = DEFINITIONAL_REPRESENTATION('',(#144),#148);
#144 = LINE('',#145,#146);
#145 = CARTESIAN_POINT('',(0.,192.));
#146 = VECTOR('',#147,1.);
#147 = DIRECTION('',(1.,0.));
#148 = ( GEOMETRIC_REPRESENTATION_CONTEXT(2) 
PARAMETRIC_REPRESENTATION_CONTEXT() REPRESENTATION_CONTEXT('2D SPACE',''
  ) );
#149 = PCURVE('',#150,#155);
#150 = PLANE('',#151);
#151 = AXIS2_PLACEMENT_3D('',#152,#153,#154);
#152 = CARTESIAN_POINT('',(0.,1.06581410364E-14,14.));
#153 = DIRECTION('',(0.,1.110223024625E-16,-1.));
#154 = DIRECTION('',(0.,1.,1.110223024625E-16));
#155 = DEFINITIONAL_REPRESENTATION('',(#156),#160);
#156 = CIRCLE('',#157,27.7);
#157 = AXIS2_PLACEMENT_2D('',#158,#159);
#158 = CARTESIAN_POINT('',(0.,0.));
#159 = DIRECTION('',(1.,0.));
#160 = ( GEOMETRIC_REPRESENTATION_CONTEXT(2) 
PARAMETRIC_REPRESENTATION_CONTEXT() REPRESENTATION_CONTEXT('2D SPACE',''
  ) );
#161 = ORIENTED_EDGE('',*,*,#112,.F.);
#162 = ORIENTED_EDGE('',*,*,#163,.T.);
#163 = EDGE_CURVE('',#84,#164,#166,.T.);
#164 = VERTEX_POINT('',#165);
#165 = CARTESIAN_POINT('',(4.7,27.298351598586,19.5));
#166 = SURFACE_CURVE('',#167,(#172,#179),.PCURVE_S1.);
#167 = CIRCLE('',#168,27.7);
#168 = AXIS2_PLACEMENT_3D('',#169,#170,#171);
#169 = CARTESIAN_POINT('',(0.,1.004751837286E-14,19.5));
#170 = DIRECTION('',(0.,1.110223024625E-16,-1.));
#171 = DIRECTION('',(0.,1.,1.110223024625E-16));
#172 = PCURVE('',#33,#173);
#173 = DEFINITIONAL_REPRESENTATION('',(#174),#178);
#174 = LINE('',#175,#176);
#175 = CARTESIAN_POINT('',(0.,186.5));
#176 = VECTOR('',#177,1.);
#177 = DIRECTION('',(1.,0.));
#178 = ( GEOMETRIC_REPRESENTATION_CONTEXT(2) 
PARAMETRIC_REPRESENTATION_CONTEXT() REPRESENTATION_CONTEXT('2D SPACE',''
  ) );
#179 = PCURVE('',#100,#180);
#180 = DEFINITIONAL_REPRESENTATION('',(#181),#185);
#181 = CIRCLE('',#182,27.7);
#182 = AXIS2_PLACEMENT_2D('',#183,#184);
#183 = CARTESIAN_POINT('',(-20.7,4.7));
#184 = DIRECTION('',(1.,0.));
#185 = ( GEOMETRIC_REPRESENTATION_CONTEXT(2) 
PARAMETRIC_REPRESENTATION_CONTEXT() REPRESENTATION_CONTEXT('2D SPACE',''
  ) );
#186 = ORIENTED_EDGE('',*,*,#187,.F.);
#187 = EDGE_CURVE('',#188,#164,#190,.T.);
#188 = VERTEX_POINT('',#189);
#189 = CARTESIAN_POINT('',(4.7,27.298351598586,201.5));
#190 = SURFACE_CURVE('',#191,(#195,#201),.PCURVE_S1.);
#191 = LINE('',#192,#193);
#192 = CARTESIAN_POINT('',(4.7,27.298351598586,206.));
#193 = VECTOR('',#194,1.);
#194 = DIRECTION('',(0.,1.110223024625E-16,-1.));
#195 = PCURVE('',#33,#196);
#196 = DEFINITIONAL_REPRESENTATION('',(#197),#200);
#197 = B_SPLINE_CURVE_WITH_KNOTS('',1,(#198,#199),.UNSPECIFIED.,.F.,.F.,
  (2,2),(-6.E-07,204.7),.PIECEWISE_BEZIER_KNOTS.);
#198 = CARTESIAN_POINT('',(0.170499969529,-6.E-07));
#199 = CARTESIAN_POINT('',(0.170499969529,204.7));
#200 = ( GEOMETRIC_REPRESENTATION_CONTEXT(2) 
PARAMETRIC_REPRESENTATION_CONTEXT() REPRESENTATION_CONTEXT('2D SPACE',''
  ) );
#201 = PCURVE('',#202,#207);
#202 = PLANE('',#203);
#203 = AXIS2_PLACEMENT_3D('',#204,#205,#206);
#204 = CARTESIAN_POINT('',(4.7,20.7,201.5));
#205 = DIRECTION('',(1.,0.,0.));
#206 = DIRECTION('',(0.,1.,1.110223024625E-16));
#207 = DEFINITIONAL_REPRESENTATION('',(#208),#211);
#208 = B_SPLINE_CURVE_WITH_KNOTS('',1,(#209,#210),.UNSPECIFIED.,.F.,.F.,
  (2,2),(-6.E-07,204.7),.PIECEWISE_BEZIER_KNOTS.);
#209 = CARTESIAN_POINT('',(6.598351598586,4.5000006));
#210 = CARTESIAN_POINT('',(6.598351598586,-200.2));
#211 = ( GEOMETRIC_REPRESENTATION_CONTEXT(2) 
PARAMETRIC_REPRESENTATION_CONTEXT() REPRESENTATION_CONTEXT('2D SPACE',''
  ) );
#212 = ORIENTED_EDGE('',*,*,#213,.F.);
#213 = EDGE_CURVE('',#24,#188,#214,.T.);
#214 = SURFACE_CURVE('',#215,(#220,#227),.PCURVE_S1.);
#215 = CIRCLE('',#216,27.7);
#216 = AXIS2_PLACEMENT_3D('',#217,#218,#219);
#217 = CARTESIAN_POINT('',(0.,-1.015854067532E-14,201.5));
#218 = DIRECTION('',(0.,1.110223024625E-16,-1.));
#219 = DIRECTION('',(0.,1.,1.110223024625E-16));
#220 = PCURVE('',#33,#221);
#221 = DEFINITIONAL_REPRESENTATION('',(#222),#226);
#222 = LINE('',#223,#224);
#223 = CARTESIAN_POINT('',(0.,4.5));
#224 = VECTOR('',#225,1.);
#225 = DIRECTION('',(1.,0.));
#226 = ( GEOMETRIC_REPRESENTATION_CONTEXT(2) 
PARAMETRIC_REPRESENTATION_CONTEXT() REPRESENTATION_CONTEXT('2D SPACE',''
  ) );
#227 = PCURVE('',#45,#228);
#228 = DEFINITIONAL_REPRESENTATION('',(#229),#233);
#229 = CIRCLE('',#230,27.7);
#230 = AXIS2_PLACEMENT_2D('',#231,#232);
#231 = CARTESIAN_POINT('',(-20.7,4.7));
#232 = DIRECTION('',(1.,0.));
#233 = ( GEOMETRIC_REPRESENTATION_CONTEXT(2) 
PARAMETRIC_REPRESENTATION_CONTEXT() REPRESENTATION_CONTEXT('2D SPACE',''
  ) );
#234 = ORIENTED_EDGE('',*,*,#235,.F.);
#235 = EDGE_CURVE('',#236,#24,#238,.T.);
#236 = VERTEX_POINT('',#237);
#237 = CARTESIAN_POINT('',(-6.784543267276E-15,27.7,206.));
#238 = SEAM_CURVE('',#239,(#243,#250),.PCURVE_S1.);
#239 = LINE('',#240,#241);
#240 = CARTESIAN_POINT('',(-6.784543267276E-15,27.7,206.));
#241 = VECTOR('',#242,1.);
#242 = DIRECTION('',(0.,1.110223024625E-16,-1.));
#243 = PCURVE('',#33,#244);
#244 = DEFINITIONAL_REPRESENTATION('',(#245),#249);
#245 = LINE('',#246,#247);
#246 = CARTESIAN_POINT('',(6.28318530718,-0.));
#247 = VECTOR('',#248,1.);
#248 = DIRECTION('',(0.,1.));
#249 = ( GEOMETRIC_REPRESENTATION_CONTEXT(2) 
PARAMETRIC_REPRESENTATION_CONTEXT() REPRESENTATION_CONTEXT('2D SPACE',''
  ) );
#250 = PCURVE('',#33,#251);
#251 = DEFINITIONAL_REPRESENTATION('',(#252),#256);
#252 = LINE('',#253,#254);
#253 = CARTESIAN_POINT('',(0.,-0.));
#254 = VECTOR('',#255,1.);
#255 = DIRECTION('',(0.,1.));
#256 = ( GEOMETRIC_REPRESENTATION_CONTEXT(2) 
PARAMETRIC_REPRESENTATION_CONTEXT() REPRESENTATION_CONTEXT('2D SPACE',''
  ) );
#257 = ORIENTED_EDGE('',*,*,#258,.T.);
#258 = EDGE_CURVE('',#236,#236,#259,.T.);
#259 = SURFACE_CURVE('',#260,(#265,#272),.PCURVE_S1.);
#260 = CIRCLE('',#261,27.7);
#261 = AXIS2_PLACEMENT_3D('',#262,#263,#264);
#262 = CARTESIAN_POINT('',(0.,-1.06581410364E-14,206.));
#263 = DIRECTION('',(0.,1.110223024625E-16,-1.));
#264 = DIRECTION('',(0.,1.,1.110223024625E-16));
#265 = PCURVE('',#33,#266);
#266 = DEFINITIONAL_REPRESENTATION('',(#267),#271);
#267 = LINE('',#268,#269);
#268 = CARTESIAN_POINT('',(0.,0.));
#269 = VECTOR('',#270,1.);
#270 = DIRECTION('',(1.,0.));
#271 = ( GEOMETRIC_REPRESENTATION_CONTEXT(2) 
PARAMETRIC_REPRESENTATION_CONTEXT() REPRESENTATION_CONTEXT('2D SPACE',''
  ) );
#272 = PCURVE('',#273,#278);
#273 = PLANE('',#274);
#274 = AXIS2_PLACEMENT_3D('',#275,#276,#277);
#275 = CARTESIAN_POINT('',(0.,-1.06581410364E-14,206.));
#276 = DIRECTION('',(0.,1.110223024625E-16,-1.));
#277 = DIRECTION('',(0.,1.,1.110223024625E-16));
#278 = DEFINITIONAL_REPRESENTATION('',(#279),#283);
#279 = CIRCLE('',#280,27.7);
#280 = AXIS2_PLACEMENT_2D('',#281,#282);
#281 = CARTESIAN_POINT('',(0.,0.));
#282 = DIRECTION('',(1.,0.));
#283 = ( GEOMETRIC_REPRESENTATION_CONTEXT(2) 
PARAMETRIC_REPRESENTATION_CONTEXT() REPRESENTATION_CONTEXT('2D SPACE',''
  ) );
#284 = ORIENTED_EDGE('',*,*,#235,.T.);
#285 = FACE_BOUND('',#286,.T.);
#286 = EDGE_LOOP('',(#287));
#287 = ORIENTED_EDGE('',*,*,#288,.F.);
#288 = EDGE_CURVE('',#289,#289,#291,.T.);
#289 = VERTEX_POINT('',#290);
#290 = CARTESIAN_POINT('',(26.19713724818,9.,189.3));
#291 = SURFACE_CURVE('',#292,(#372,#455),.PCURVE_S1.);
#292 = B_SPLINE_CURVE_WITH_KNOTS('',8,(#293,#294,#295,#296,#297,#298,
    #299,#300,#301,#302,#303,#304,#305,#306,#307,#308,#309,#310,#311,
    #312,#313,#314,#315,#316,#317,#318,#319,#320,#321,#322,#323,#324,
    #325,#326,#327,#328,#329,#330,#331,#332,#333,#334,#335,#336,#337,
    #338,#339,#340,#341,#342,#343,#344,#345,#346,#347,#348,#349,#350,
    #351,#352,#353,#354,#355,#356,#357,#358,#359,#360,#361,#362,#363,
    #364,#365,#366,#367,#368,#369,#370,#371),.UNSPECIFIED.,.T.,.F.,(9,7,
    7,7,7,7,7,7,7,7,7,9),(0.,0.119192396584,0.207565113036,0.29272253027
    ,0.38109524461,0.500287113706,0.592726603647,0.682566188572,
    0.751760216195,0.818037730072,0.881086705227,1.),.UNSPECIFIED.);
#293 = CARTESIAN_POINT('',(26.19713724818,9.,189.3));
#294 = CARTESIAN_POINT('',(26.197137273299,8.999999926886,
    190.03113967797));
#295 = CARTESIAN_POINT('',(26.220457774977,8.932118865464,
    190.76124770683));
#296 = CARTESIAN_POINT('',(26.266983619024,8.796691277555,
    191.48652205803));
#297 = CARTESIAN_POINT('',(26.33580517044,8.593161795505,192.20304685709
    ));
#298 = CARTESIAN_POINT('',(26.425189807936,8.320235950662,
    192.90640264741));
#299 = CARTESIAN_POINT('',(26.532474830346,7.975971079596,
    193.59133596742));
#300 = CARTESIAN_POINT('',(26.65389372162,7.557889302406,194.25130886851
    ));
#301 = CARTESIAN_POINT('',(26.8810701529,6.696413300018,195.34220997095)
  );
#302 = CARTESIAN_POINT('',(26.983120730874,6.286145638018,195.7899740099
    ));
#303 = CARTESIAN_POINT('',(27.08839819076,5.831038331081,196.21687397652
    ));
#304 = CARTESIAN_POINT('',(27.194276293889,5.329929816756,
    196.61798585778));
#305 = CARTESIAN_POINT('',(27.297576942637,4.781967614849,
    196.98755873695));
#306 = CARTESIAN_POINT('',(27.394551185654,4.18678313121,197.31890577835
    ));
#307 = CARTESIAN_POINT('',(27.480946106589,3.544746796327,
    197.60423298866));
#308 = CARTESIAN_POINT('',(27.620931280945,2.194917011847,
    198.05615842011));
#309 = CARTESIAN_POINT('',(27.675765654435,1.488776808525,
    198.22723032775));
#310 = CARTESIAN_POINT('',(27.711291610676,0.752211787874,
    198.33483572758));
#311 = CARTESIAN_POINT('',(27.723615590739,2.358072457615E-12,
    198.37151714244));
#312 = CARTESIAN_POINT('',(27.711291610676,-0.752211787877,
    198.33483572758));
#313 = CARTESIAN_POINT('',(27.675765654435,-1.488776808523,
    198.22723032776));
#314 = CARTESIAN_POINT('',(27.620931280945,-2.194917011848,
    198.05615842011));
#315 = CARTESIAN_POINT('',(27.480946108293,-3.544746779896,
    197.60423299416));
#316 = CARTESIAN_POINT('',(27.394551182838,-4.186783161382,
    197.31890577052));
#317 = CARTESIAN_POINT('',(27.297576941934,-4.781967607521,
    196.9875587309));
#318 = CARTESIAN_POINT('',(27.194276297284,-5.329929796516,
    196.61798587149));
#319 = CARTESIAN_POINT('',(27.088398191519,-5.831038338435,
    196.21687398266));
#320 = CARTESIAN_POINT('',(26.983120726477,-6.28614565124,
    195.78997398845));
#321 = CARTESIAN_POINT('',(26.881070155263,-6.696413291057,
    195.3422099823));
#322 = CARTESIAN_POINT('',(26.653894292642,-7.557887137036,
    194.25131161055));
#323 = CARTESIAN_POINT('',(26.53247498002,-7.975970849961,
    193.59133731893));
#324 = CARTESIAN_POINT('',(26.425189571567,-8.320236760395,
    192.90640201948));
#325 = CARTESIAN_POINT('',(26.335804725781,-8.593163084475,
    192.20304370174));
#326 = CARTESIAN_POINT('',(26.266983275664,-8.796692316032,
    191.48651797496));
#327 = CARTESIAN_POINT('',(26.220457733465,-8.932118971306,
    190.76124508687));
#328 = CARTESIAN_POINT('',(26.19713724818,-9.,190.03113786397));
#329 = CARTESIAN_POINT('',(26.19713724818,-9.,188.73296458276));
#330 = CARTESIAN_POINT('',(26.211164048591,-8.959171088706,
    188.16622006982));
#331 = CARTESIAN_POINT('',(26.239192499399,-8.877585466386,
    187.60168441628));
#332 = CARTESIAN_POINT('',(26.280889399065,-8.755055374128,
    187.04131705674));
#333 = CARTESIAN_POINT('',(26.335606828846,-8.591155743128,
    186.48719766061));
#334 = CARTESIAN_POINT('',(26.402363683624,-8.385245801786,
    185.94162370654));
#335 = CARTESIAN_POINT('',(26.47981539924,-8.136489640582,
    185.40722687596));
#336 = CARTESIAN_POINT('',(26.650178411027,-7.559491735455,
    184.38161824116));
#337 = CARTESIAN_POINT('',(26.74261669929,-7.233603997001,
    183.88947491696));
#338 = CARTESIAN_POINT('',(26.842021542057,-6.864930666618,
    183.41298716448));
#339 = CARTESIAN_POINT('',(26.946529393961,-6.45192101622,
    182.95521966081));
#340 = CARTESIAN_POINT('',(27.053822889541,-5.992895711176,
    182.52012043118));
#341 = CARTESIAN_POINT('',(27.161008724703,-5.48622650492,182.1126870577
    ));
#342 = CARTESIAN_POINT('',(27.264537325311,-4.930578210062,
    181.73918739661));
#343 = CARTESIAN_POINT('',(27.433936891105,-3.859003904486,
    181.15194855432));
#344 = CARTESIAN_POINT('',(27.503645824869,-3.359172484053,
    180.91896195923));
#345 = CARTESIAN_POINT('',(27.566547177089,-2.829320325261,
    180.71547744418));
#346 = CARTESIAN_POINT('',(27.619913202147,-2.273770916615,
    180.54724312303));
#347 = CARTESIAN_POINT('',(27.661362590991,-1.697470025759,
    180.41881588942));
#348 = CARTESIAN_POINT('',(27.689087417264,-1.10584241896,
    180.33359314302));
#349 = CARTESIAN_POINT('',(27.702008009021,-0.504633103705,
    180.29381943591));
#350 = CARTESIAN_POINT('',(27.697721373545,0.679659964988,
    180.30701347963));
#351 = CARTESIAN_POINT('',(27.681792413063,1.253786176498,180.3560464811
    ));
#352 = CARTESIAN_POINT('',(27.652487082018,1.817621256539,
    180.44636651835));
#353 = CARTESIAN_POINT('',(27.610886827423,2.366312851454,
    180.57575418216));
#354 = CARTESIAN_POINT('',(27.558647154263,2.895300655286,
    180.74107903319));
#355 = CARTESIAN_POINT('',(27.497869078819,3.400435100143,
    180.93829288755));
#356 = CARTESIAN_POINT('',(27.430920344454,3.878085735465,181.1624056848
    ));
#357 = CARTESIAN_POINT('',(27.29298849037,4.750604092075,181.64055887207
    ));
#358 = CARTESIAN_POINT('',(27.221862054766,5.151525054276,
    181.89433781822));
#359 = CARTESIAN_POINT('',(27.148304482471,5.528199576131,
    182.16607148246));
#360 = CARTESIAN_POINT('',(27.073618033032,5.880983247789,
    182.45340536821));
#361 = CARTESIAN_POINT('',(26.998950113531,6.21033970139,182.75430871339
    ));
#362 = CARTESIAN_POINT('',(26.925296725723,6.516796510181,
    183.06703887254));
#363 = CARTESIAN_POINT('',(26.853515417839,6.800903642055,
    183.39010785218));
#364 = CARTESIAN_POINT('',(26.653894290917,7.557887143576,
    184.34868839772));
#365 = CARTESIAN_POINT('',(26.53247502577,7.975970694089,185.00866240398
    ));
#366 = CARTESIAN_POINT('',(26.425189523791,8.320236918315,
    185.69359832987));
#367 = CARTESIAN_POINT('',(26.335804720931,8.59316310673,186.39695620458
    ));
#368 = CARTESIAN_POINT('',(26.266983313401,8.796692189483,
    187.11348180083));
#369 = CARTESIAN_POINT('',(26.220457686449,8.93211911526,187.8387555351)
  );
#370 = CARTESIAN_POINT('',(26.197137273299,8.999999926886,
    188.56886163913));
#371 = CARTESIAN_POINT('',(26.19713724818,9.,189.3));
#372 = PCURVE('',#33,#373);
#373 = DEFINITIONAL_REPRESENTATION('',(#374),#454);
#374 = B_SPLINE_CURVE_WITH_KNOTS('',8,(#375,#376,#377,#378,#379,#380,
    #381,#382,#383,#384,#385,#386,#387,#388,#389,#390,#391,#392,#393,
    #394,#395,#396,#397,#398,#399,#400,#401,#402,#403,#404,#405,#406,
    #407,#408,#409,#410,#411,#412,#413,#414,#415,#416,#417,#418,#419,
    #420,#421,#422,#423,#424,#425,#426,#427,#428,#429,#430,#431,#432,
    #433,#434,#435,#436,#437,#438,#439,#440,#441,#442,#443,#444,#445,
    #446,#447,#448,#449,#450,#451,#452,#453),.UNSPECIFIED.,.T.,.F.,(9,7,
    7,7,7,7,7,7,7,7,7,9),(0.,0.119192396584,0.207565113036,0.29272253027
    ,0.38109524461,0.500287113706,0.592726603647,0.682566188572,
    0.751760216195,0.818037730072,0.881086705227,1.),.UNSPECIFIED.);
#375 = CARTESIAN_POINT('',(1.239880030545,16.7));
#376 = CARTESIAN_POINT('',(1.239880033336,15.968860322024));
#377 = CARTESIAN_POINT('',(1.242471193977,15.238752293169));
#378 = CARTESIAN_POINT('',(1.2476407618,14.513477941966));
#379 = CARTESIAN_POINT('',(1.255396975004,13.796953142902));
#380 = CARTESIAN_POINT('',(1.265763797094,13.093597352589));
#381 = CARTESIAN_POINT('',(1.278778488293,12.408664032571));
#382 = CARTESIAN_POINT('',(1.29449048129,11.748691131489));
#383 = CARTESIAN_POINT('',(1.326653892948,10.657790029045));
#384 = CARTESIAN_POINT('',(1.341914822861,10.210025990098));
#385 = CARTESIAN_POINT('',(1.358774593429,9.783126023475));
#386 = CARTESIAN_POINT('',(1.377257335882,9.382014142214));
#387 = CARTESIAN_POINT('',(1.39737693845,9.012441263049));
#388 = CARTESIAN_POINT('',(1.41913393544,8.681094221643));
#389 = CARTESIAN_POINT('',(1.442510222005,8.395767011339));
#390 = CARTESIAN_POINT('',(1.491501882992,7.943841579881));
#391 = CARTESIAN_POINT('',(1.517062514563,7.772769672241));
#392 = CARTESIAN_POINT('',(1.543664964376,7.665164272416));
#393 = CARTESIAN_POINT('',(1.570796326795,7.628482857556));
#394 = CARTESIAN_POINT('',(1.597927689214,7.665164272416));
#395 = CARTESIAN_POINT('',(1.624530139027,7.77276967224));
#396 = CARTESIAN_POINT('',(1.650090770598,7.943841579881));
#397 = CARTESIAN_POINT('',(1.699082430989,8.395767005838));
#398 = CARTESIAN_POINT('',(1.722458719243,8.681094229471));
#399 = CARTESIAN_POINT('',(1.744215714883,9.012441269093));
#400 = CARTESIAN_POINT('',(1.764335316966,9.382014128501));
#401 = CARTESIAN_POINT('',(1.782818060418,9.783126017336));
#402 = CARTESIAN_POINT('',(1.799677831228,10.210026011547));
#403 = CARTESIAN_POINT('',(1.814938760307,10.657790017697));
#404 = CARTESIAN_POINT('',(1.847102091455,11.748688389446));
#405 = CARTESIAN_POINT('',(1.862814155885,12.408662681064));
#406 = CARTESIAN_POINT('',(1.875828886887,13.093597980512));
#407 = CARTESIAN_POINT('',(1.886195727752,13.796956298252));
#408 = CARTESIAN_POINT('',(1.893951931339,14.513482025035));
#409 = CARTESIAN_POINT('',(1.899121463689,15.238754913127));
#410 = CARTESIAN_POINT('',(1.901712623045,15.968862136021));
#411 = CARTESIAN_POINT('',(1.901712623045,17.267035417231));
#412 = CARTESIAN_POINT('',(1.90015409343,17.833779930177));
#413 = CARTESIAN_POINT('',(1.897039808006,18.398315583719));
#414 = CARTESIAN_POINT('',(1.892367243822,18.958682943256));
#415 = CARTESIAN_POINT('',(1.88612949205,19.512802339384));
#416 = CARTESIAN_POINT('',(1.878315714072,20.058376293459));
#417 = CARTESIAN_POINT('',(1.868911142774,20.592773124036));
#418 = CARTESIAN_POINT('',(1.847191903771,21.618381758836));
#419 = CARTESIAN_POINT('',(1.834963568213,22.110525083031));
#420 = CARTESIAN_POINT('',(1.82118077744,22.587012835512));
#421 = CARTESIAN_POINT('',(1.805804737378,23.044780339186));
#422 = CARTESIAN_POINT('',(1.788793218819,23.479879568816));
#423 = CARTESIAN_POINT('',(1.770105544761,23.887312942291));
#424 = CARTESIAN_POINT('',(1.749708498301,24.260812603386));
#425 = CARTESIAN_POINT('',(1.710543103914,24.848051445676));
#426 = CARTESIAN_POINT('',(1.692327033207,25.08103804077));
#427 = CARTESIAN_POINT('',(1.673071291112,25.284522555818));
#428 = CARTESIAN_POINT('',(1.65293357348,25.45275687697));
#429 = CARTESIAN_POINT('',(1.632087232679,25.581184110578));
#430 = CARTESIAN_POINT('',(1.610716743952,25.666406856978));
#431 = CARTESIAN_POINT('',(1.589014263518,25.706180564084));
#432 = CARTESIAN_POINT('',(1.546259721043,25.692986520361));
#433 = CARTESIAN_POINT('',(1.525531194951,25.643953518896));
#434 = CARTESIAN_POINT('',(1.505158506414,25.553633481643));
#435 = CARTESIAN_POINT('',(1.485304041616,25.424245817837));
#436 = CARTESIAN_POINT('',(1.466123193389,25.258920966806));
#437 = CARTESIAN_POINT('',(1.447761704393,25.061707112448));
#438 = CARTESIAN_POINT('',(1.430352120266,24.837594315195));
#439 = CARTESIAN_POINT('',(1.398462100723,24.359441127921));
#440 = CARTESIAN_POINT('',(1.383765013168,24.105662181771));
#441 = CARTESIAN_POINT('',(1.369913075361,23.833928517537));
#442 = CARTESIAN_POINT('',(1.35689786562,23.546594631786));
#443 = CARTESIAN_POINT('',(1.344708178777,23.245691286604));
#444 = CARTESIAN_POINT('',(1.333331027093,22.932961127452));
#445 = CARTESIAN_POINT('',(1.32275272115,22.609892147816));
#446 = CARTESIAN_POINT('',(1.294490561891,21.651311602272));
#447 = CARTESIAN_POINT('',(1.27877850357,20.991337596012));
#448 = CARTESIAN_POINT('',(1.265763760745,20.306401670121));
#449 = CARTESIAN_POINT('',(1.255396925019,19.603043795414));
#450 = CARTESIAN_POINT('',(1.24764072702,18.886518199164));
#451 = CARTESIAN_POINT('',(1.242471184432,18.1612444649));
#452 = CARTESIAN_POINT('',(1.239880033336,17.43113836087));
#453 = CARTESIAN_POINT('',(1.239880030545,16.7));
#454 = ( GEOMETRIC_REPRESENTATION_CONTEXT(2) 
PARAMETRIC_REPRESENTATION_CONTEXT() REPRESENTATION_CONTEXT('2D SPACE',''
  ) );
#455 = PCURVE('',#456,#461);
#456 = CYLINDRICAL_SURFACE('',#457,9.);
#457 = AXIS2_PLACEMENT_3D('',#458,#459,#460);
#458 = CARTESIAN_POINT('',(25.7,-8.804068585277E-15,189.3));
#459 = DIRECTION('',(1.,0.,0.));
#460 = DIRECTION('',(0.,1.,1.110223024625E-16));
#461 = DEFINITIONAL_REPRESENTATION('',(#462),#542);
#462 = B_SPLINE_CURVE_WITH_KNOTS('',8,(#463,#464,#465,#466,#467,#468,
    #469,#470,#471,#472,#473,#474,#475,#476,#477,#478,#479,#480,#481,
    #482,#483,#484,#485,#486,#487,#488,#489,#490,#491,#492,#493,#494,
    #495,#496,#497,#498,#499,#500,#501,#502,#503,#504,#505,#506,#507,
    #508,#509,#510,#511,#512,#513,#514,#515,#516,#517,#518,#519,#520,
    #521,#522,#523,#524,#525,#526,#527,#528,#529,#530,#531,#532,#533,
    #534,#535,#536,#537,#538,#539,#540,#541),.UNSPECIFIED.,.F.,.F.,(9,7,
    7,7,7,7,7,7,7,7,7,9),(0.,0.119192396584,0.207565113036,0.29272253027
    ,0.38109524461,0.500287113706,0.592726603647,0.682566188572,
    0.751760216195,0.818037730072,0.881086705227,1.),.UNSPECIFIED.);
#463 = CARTESIAN_POINT('',(0.,0.49713724818));
#464 = CARTESIAN_POINT('',(8.123774199734E-02,0.497137273299));
#465 = CARTESIAN_POINT('',(0.162360804195,0.520457774977));
#466 = CARTESIAN_POINT('',(0.243764002794,0.566983619024));
#467 = CARTESIAN_POINT('',(0.325818831714,0.63580517044));
#468 = CARTESIAN_POINT('',(0.408898641722,0.725189807936));
#469 = CARTESIAN_POINT('',(0.493393962159,0.832474830346));
#470 = CARTESIAN_POINT('',(0.579733202226,0.95389372162));
#471 = CARTESIAN_POINT('',(0.734181887939,1.1810701529));
#472 = CARTESIAN_POINT('',(0.801478300437,1.283120730874));
#473 = CARTESIAN_POINT('',(0.87047666556,1.38839819076));
#474 = CARTESIAN_POINT('',(0.941345134309,1.494276293889));
#475 = CARTESIAN_POINT('',(1.014270921873,1.597576942637));
#476 = CARTESIAN_POINT('',(1.089465720324,1.694551185654));
#477 = CARTESIAN_POINT('',(1.167177586731,1.780946106589));
#478 = CARTESIAN_POINT('',(1.325341318221,1.920931280945));
#479 = CARTESIAN_POINT('',(1.40577690387,1.975765654435));
#480 = CARTESIAN_POINT('',(1.48789152058,2.011291610676));
#481 = CARTESIAN_POINT('',(1.570796326794,2.023615590739));
#482 = CARTESIAN_POINT('',(1.653701133011,2.011291610676));
#483 = CARTESIAN_POINT('',(1.735815749719,1.975765654435));
#484 = CARTESIAN_POINT('',(1.816251335369,1.920931280945));
#485 = CARTESIAN_POINT('',(1.974415064933,1.780946108293));
#486 = CARTESIAN_POINT('',(2.05212693663,1.694551182838));
#487 = CARTESIAN_POINT('',(2.127321731422,1.597576941934));
#488 = CARTESIAN_POINT('',(2.200247516473,1.494276297284));
#489 = CARTESIAN_POINT('',(2.27111598833,1.388398191519));
#490 = CARTESIAN_POINT('',(2.340114355811,1.283120726477));
#491 = CARTESIAN_POINT('',(2.407410764044,1.181070155263));
#492 = CARTESIAN_POINT('',(2.561859063148,0.953894292642));
#493 = CARTESIAN_POINT('',(2.64819855674,0.83247498002));
#494 = CARTESIAN_POINT('',(2.73269411142,0.725189571567));
#495 = CARTESIAN_POINT('',(2.815774189581,0.635804725781));
#496 = CARTESIAN_POINT('',(2.897829114723,0.566983275664));
#497 = CARTESIAN_POINT('',(2.979232138453,0.520457733465));
#498 = CARTESIAN_POINT('',(3.060355113148,0.49713724818));
#499 = CARTESIAN_POINT('',(3.204596588838,0.49713724818));
#500 = CARTESIAN_POINT('',(3.267568339638,0.511164048591));
#501 = CARTESIAN_POINT('',(3.330675267683,0.539192499399));
#502 = CARTESIAN_POINT('',(3.394080153571,0.580889399065));
#503 = CARTESIAN_POINT('',(3.457945679994,0.635606828846));
#504 = CARTESIAN_POINT('',(3.522439822854,0.702363683624));
#505 = CARTESIAN_POINT('',(3.587742150303,0.77981539924));
#506 = CARTESIAN_POINT('',(3.718494940056,0.950178411027));
#507 = CARTESIAN_POINT('',(3.783907468356,1.04261669929));
#508 = CARTESIAN_POINT('',(3.850542948161,1.142021542057));
#509 = CARTESIAN_POINT('',(3.918647784065,1.246529393961));
#510 = CARTESIAN_POINT('',(3.988474407444,1.353822889541));
#511 = CARTESIAN_POINT('',(4.060287134782,1.461008724703));
#512 = CARTESIAN_POINT('',(4.134373046441,1.564537325311));
#513 = CARTESIAN_POINT('',(4.270143411318,1.733936891105));
#514 = CARTESIAN_POINT('',(4.331287457583,1.803645824869));
#515 = CARTESIAN_POINT('',(4.394095340875,1.866547177089));
#516 = CARTESIAN_POINT('',(4.458245889418,1.919913202147));
#517 = CARTESIAN_POINT('',(4.523477413758,1.961362590991));
#518 = CARTESIAN_POINT('',(4.589567059113,1.989087417264));
#519 = CARTESIAN_POINT('',(4.65631469505,2.002008009021));
#520 = CARTESIAN_POINT('',(4.787910979818,1.997721373545));
#521 = CARTESIAN_POINT('',(4.851759500808,1.981792413063));
#522 = CARTESIAN_POINT('',(4.914922456681,1.952487082018));
#523 = CARTESIAN_POINT('',(4.97723612516,1.910886827423));
#524 = CARTESIAN_POINT('',(5.038515728831,1.858647154263));
#525 = CARTESIAN_POINT('',(5.098543325597,1.797869078819));
#526 = CARTESIAN_POINT('',(5.157052251277,1.730920344454));
#527 = CARTESIAN_POINT('',(5.267601874408,1.59298849037));
#528 = CARTESIAN_POINT('',(5.320218489865,1.521862054766));
#529 = CARTESIAN_POINT('',(5.371669680285,1.448304482471));
#530 = CARTESIAN_POINT('',(5.422055805953,1.373618033032));
#531 = CARTESIAN_POINT('',(5.471469933083,1.298950113531));
#532 = CARTESIAN_POINT('',(5.520001273885,1.225296725723));
#533 = CARTESIAN_POINT('',(5.567736844144,1.153515417839));
#534 = CARTESIAN_POINT('',(5.703451717911,0.953894290917));
#535 = CARTESIAN_POINT('',(5.789791175334,0.83247502577));
#536 = CARTESIAN_POINT('',(5.874286807099,0.725189523791));
#537 = CARTESIAN_POINT('',(5.957366834491,0.635804720931));
#538 = CARTESIAN_POINT('',(6.039421740679,0.566983313401));
#539 = CARTESIAN_POINT('',(6.12082486221,0.520457686449));
#540 = CARTESIAN_POINT('',(6.201947711527,0.497137273299));
#541 = CARTESIAN_POINT('',(6.28318530718,0.49713724818));
#542 = ( GEOMETRIC_REPRESENTATION_CONTEXT(2) 
PARAMETRIC_REPRESENTATION_CONTEXT() REPRESENTATION_CONTEXT('2D SPACE',''
  ) );
#543 = FACE_BOUND('',#544,.T.);
#544 = EDGE_LOOP('',(#545,#576,#602,#631));
#545 = ORIENTED_EDGE('',*,*,#546,.F.);
#546 = EDGE_CURVE('',#547,#549,#551,.T.);
#547 = VERTEX_POINT('',#548);
#548 = CARTESIAN_POINT('',(26.7,7.375635565834,177.3));
#549 = VERTEX_POINT('',#550);
#550 = CARTESIAN_POINT('',(26.7,-7.375635565834,177.3));
#551 = SURFACE_CURVE('',#552,(#557,#564),.PCURVE_S1.);
#552 = CIRCLE('',#553,27.7);
#553 = AXIS2_PLACEMENT_3D('',#554,#555,#556);
#554 = CARTESIAN_POINT('',(0.,-7.471800955727E-15,177.3));
#555 = DIRECTION('',(0.,1.110223024625E-16,-1.));
#556 = DIRECTION('',(0.,1.,1.110223024625E-16));
#557 = PCURVE('',#33,#558);
#558 = DEFINITIONAL_REPRESENTATION('',(#559),#563);
#559 = LINE('',#560,#561);
#560 = CARTESIAN_POINT('',(0.,28.7));
#561 = VECTOR('',#562,1.);
#562 = DIRECTION('',(1.,0.));
#563 = ( GEOMETRIC_REPRESENTATION_CONTEXT(2) 
PARAMETRIC_REPRESENTATION_CONTEXT() REPRESENTATION_CONTEXT('2D SPACE',''
  ) );
#564 = PCURVE('',#565,#570);
#565 = PLANE('',#566);
#566 = AXIS2_PLACEMENT_3D('',#567,#568,#569);
#567 = CARTESIAN_POINT('',(26.7,-7.5,177.3));
#568 = DIRECTION('',(0.,1.110223024625E-16,-1.));
#569 = DIRECTION('',(0.,1.,1.110223024625E-16));
#570 = DEFINITIONAL_REPRESENTATION('',(#571),#575);
#571 = CIRCLE('',#572,27.7);
#572 = AXIS2_PLACEMENT_2D('',#573,#574);
#573 = CARTESIAN_POINT('',(7.5,-26.7));
#574 = DIRECTION('',(1.,0.));
#575 = ( GEOMETRIC_REPRESENTATION_CONTEXT(2) 
PARAMETRIC_REPRESENTATION_CONTEXT() REPRESENTATION_CONTEXT('2D SPACE',''
  ) );
#576 = ORIENTED_EDGE('',*,*,#577,.T.);
#577 = EDGE_CURVE('',#547,#578,#580,.T.);
#578 = VERTEX_POINT('',#579);
#579 = CARTESIAN_POINT('',(26.7,7.375635565834,141.3));
#580 = SURFACE_CURVE('',#581,(#585,#591),.PCURVE_S1.);
#581 = LINE('',#582,#583);
#582 = CARTESIAN_POINT('',(26.7,7.375635565834,206.));
#583 = VECTOR('',#584,1.);
#584 = DIRECTION('',(0.,1.110223024625E-16,-1.));
#585 = PCURVE('',#33,#586);
#586 = DEFINITIONAL_REPRESENTATION('',(#587),#590);
#587 = B_SPLINE_CURVE_WITH_KNOTS('',1,(#588,#589),.UNSPECIFIED.,.F.,.F.,
  (2,2),(25.1,68.3),.PIECEWISE_BEZIER_KNOTS.);
#588 = CARTESIAN_POINT('',(1.301276704396,25.1));
#589 = CARTESIAN_POINT('',(1.301276704396,68.3));
#590 = ( GEOMETRIC_REPRESENTATION_CONTEXT(2) 
PARAMETRIC_REPRESENTATION_CONTEXT() REPRESENTATION_CONTEXT('2D SPACE',''
  ) );
#591 = PCURVE('',#592,#597);
#592 = PLANE('',#593);
#593 = AXIS2_PLACEMENT_3D('',#594,#595,#596);
#594 = CARTESIAN_POINT('',(26.7,-7.5,177.3));
#595 = DIRECTION('',(1.,0.,0.));
#596 = DIRECTION('',(0.,1.,1.110223024625E-16));
#597 = DEFINITIONAL_REPRESENTATION('',(#598),#601);
#598 = B_SPLINE_CURVE_WITH_KNOTS('',1,(#599,#600),.UNSPECIFIED.,.F.,.F.,
  (2,2),(25.1,68.3),.PIECEWISE_BEZIER_KNOTS.);
#599 = CARTESIAN_POINT('',(14.875635565834,3.6));
#600 = CARTESIAN_POINT('',(14.875635565834,-39.6));
#601 = ( GEOMETRIC_REPRESENTATION_CONTEXT(2) 
PARAMETRIC_REPRESENTATION_CONTEXT() REPRESENTATION_CONTEXT('2D SPACE',''
  ) );
#602 = ORIENTED_EDGE('',*,*,#603,.T.);
#603 = EDGE_CURVE('',#578,#604,#606,.T.);
#604 = VERTEX_POINT('',#605);
#605 = CARTESIAN_POINT('',(26.7,-7.375635565834,141.3));
#606 = SURFACE_CURVE('',#607,(#612,#619),.PCURVE_S1.);
#607 = CIRCLE('',#608,27.7);
#608 = AXIS2_PLACEMENT_3D('',#609,#610,#611);
#609 = CARTESIAN_POINT('',(0.,-3.474998067077E-15,141.3));
#610 = DIRECTION('',(0.,1.110223024625E-16,-1.));
#611 = DIRECTION('',(0.,1.,1.110223024625E-16));
#612 = PCURVE('',#33,#613);
#613 = DEFINITIONAL_REPRESENTATION('',(#614),#618);
#614 = LINE('',#615,#616);
#615 = CARTESIAN_POINT('',(0.,64.7));
#616 = VECTOR('',#617,1.);
#617 = DIRECTION('',(1.,0.));
#618 = ( GEOMETRIC_REPRESENTATION_CONTEXT(2) 
PARAMETRIC_REPRESENTATION_CONTEXT() REPRESENTATION_CONTEXT('2D SPACE',''
  ) );
#619 = PCURVE('',#620,#625);
#620 = PLANE('',#621);
#621 = AXIS2_PLACEMENT_3D('',#622,#623,#624);
#622 = CARTESIAN_POINT('',(26.7,-7.5,141.3));
#623 = DIRECTION('',(0.,1.110223024625E-16,-1.));
#624 = DIRECTION('',(0.,1.,1.110223024625E-16));
#625 = DEFINITIONAL_REPRESENTATION('',(#626),#630);
#626 = CIRCLE('',#627,27.7);
#627 = AXIS2_PLACEMENT_2D('',#628,#629);
#628 = CARTESIAN_POINT('',(7.5,-26.7));
#629 = DIRECTION('',(1.,0.));
#630 = ( GEOMETRIC_REPRESENTATION_CONTEXT(2) 
PARAMETRIC_REPRESENTATION_CONTEXT() REPRESENTATION_CONTEXT('2D SPACE',''
  ) );
#631 = ORIENTED_EDGE('',*,*,#632,.F.);
#632 = EDGE_CURVE('',#549,#604,#633,.T.);
#633 = SURFACE_CURVE('',#634,(#638,#644),.PCURVE_S1.);
#634 = LINE('',#635,#636);
#635 = CARTESIAN_POINT('',(26.7,-7.375635565834,206.));
#636 = VECTOR('',#637,1.);
#637 = DIRECTION('',(0.,1.110223024625E-16,-1.));
#638 = PCURVE('',#33,#639);
#639 = DEFINITIONAL_REPRESENTATION('',(#640),#643);
#640 = B_SPLINE_CURVE_WITH_KNOTS('',1,(#641,#642),.UNSPECIFIED.,.F.,.F.,
  (2,2),(25.1,68.3),.PIECEWISE_BEZIER_KNOTS.);
#641 = CARTESIAN_POINT('',(1.840315949194,25.1));
#642 = CARTESIAN_POINT('',(1.840315949194,68.3));
#643 = ( GEOMETRIC_REPRESENTATION_CONTEXT(2) 
PARAMETRIC_REPRESENTATION_CONTEXT() REPRESENTATION_CONTEXT('2D SPACE',''
  ) );
#644 = PCURVE('',#645,#650);
#645 = PLANE('',#646);
#646 = AXIS2_PLACEMENT_3D('',#647,#648,#649);
#647 = CARTESIAN_POINT('',(26.7,-7.5,177.3));
#648 = DIRECTION('',(1.,0.,0.));
#649 = DIRECTION('',(0.,1.,1.110223024625E-16));
#650 = DEFINITIONAL_REPRESENTATION('',(#651),#654);
#651 = B_SPLINE_CURVE_WITH_KNOTS('',1,(#652,#653),.UNSPECIFIED.,.F.,.F.,
  (2,2),(25.1,68.3),.PIECEWISE_BEZIER_KNOTS.);
#652 = CARTESIAN_POINT('',(0.124364434166,3.6));
#653 = CARTESIAN_POINT('',(0.124364434166,-39.6));
#654 = ( GEOMETRIC_REPRESENTATION_CONTEXT(2) 
PARAMETRIC_REPRESENTATION_CONTEXT() REPRESENTATION_CONTEXT('2D SPACE',''
  ) );
#655 = FACE_BOUND('',#656,.T.);
#656 = EDGE_LOOP('',(#657));
#657 = ORIENTED_EDGE('',*,*,#658,.F.);
#658 = EDGE_CURVE('',#659,#659,#661,.T.);
#659 = VERTEX_POINT('',#660);
#660 = CARTESIAN_POINT('',(-26.19713724818,-9.,189.3));
#661 = SURFACE_CURVE('',#662,(#742,#825),.PCURVE_S1.);
#662 = B_SPLINE_CURVE_WITH_KNOTS('',8,(#663,#664,#665,#666,#667,#668,
    #669,#670,#671,#672,#673,#674,#675,#676,#677,#678,#679,#680,#681,
    #682,#683,#684,#685,#686,#687,#688,#689,#690,#691,#692,#693,#694,
    #695,#696,#697,#698,#699,#700,#701,#702,#703,#704,#705,#706,#707,
    #708,#709,#710,#711,#712,#713,#714,#715,#716,#717,#718,#719,#720,
    #721,#722,#723,#724,#725,#726,#727,#728,#729,#730,#731,#732,#733,
    #734,#735,#736,#737,#738,#739,#740,#741),.UNSPECIFIED.,.T.,.F.,(9,7,
    7,7,7,7,7,7,7,7,7,9),(0.,0.119192076358,0.207564558421,
    0.292721749799,0.381094229787,0.500286300683,0.592725777346,
    0.682565349365,0.751759712777,0.818037576571,0.881086612362,1.),
  .UNSPECIFIED.);
#663 = CARTESIAN_POINT('',(-26.19713724818,-9.,189.3));
#664 = CARTESIAN_POINT('',(-26.19713727329,-8.999999926886,
    190.03113970466));
#665 = CARTESIAN_POINT('',(-26.22045777607,-8.932118860655,
    190.76124765882));
#666 = CARTESIAN_POINT('',(-26.26698361467,-8.796691294382,
    191.48652206424));
#667 = CARTESIAN_POINT('',(-26.33580517418,-8.593161781998,
    192.20304689589));
#668 = CARTESIAN_POINT('',(-26.42518981235,-8.320235933854,
    192.90640264131));
#669 = CARTESIAN_POINT('',(-26.5324748213,-7.975971113366,
    193.59133593242));
#670 = CARTESIAN_POINT('',(-26.65389372608,-7.557889285463,
    194.25130888996));
#671 = CARTESIAN_POINT('',(-26.8810701529,-6.696413299985,
    195.34220997099));
#672 = CARTESIAN_POINT('',(-26.98312073087,-6.286145638003,
    195.7899740099));
#673 = CARTESIAN_POINT('',(-27.08839819075,-5.8310383311,196.2168739765)
  );
#674 = CARTESIAN_POINT('',(-27.19427629388,-5.329929816796,
    196.61798585775));
#675 = CARTESIAN_POINT('',(-27.29757694263,-4.781967614875,
    196.98755873694));
#676 = CARTESIAN_POINT('',(-27.39455118565,-4.186783131189,
    197.31890577837));
#677 = CARTESIAN_POINT('',(-27.48094610659,-3.544746796278,
    197.60423298867));
#678 = CARTESIAN_POINT('',(-27.62093128094,-2.194917011849,
    198.05615842011));
#679 = CARTESIAN_POINT('',(-27.67576565443,-1.488776808515,
    198.22723032776));
#680 = CARTESIAN_POINT('',(-27.71129161067,-0.752211787898,
    198.33483572758));
#681 = CARTESIAN_POINT('',(-27.72361559074,2.835683115908E-11,
    198.37151714244));
#682 = CARTESIAN_POINT('',(-27.71129161067,0.752211787856,
    198.33483572758));
#683 = CARTESIAN_POINT('',(-27.67576565443,1.488776808531,
    198.22723032775));
#684 = CARTESIAN_POINT('',(-27.62093128094,2.194917011847,
    198.05615842011));
#685 = CARTESIAN_POINT('',(-27.48094610826,3.544746780145,
    197.60423299407));
#686 = CARTESIAN_POINT('',(-27.39455118281,4.186783161474,
    197.31890577044));
#687 = CARTESIAN_POINT('',(-27.29757694194,4.781967607402,
    196.98755873093));
#688 = CARTESIAN_POINT('',(-27.19427629732,5.329929796319,
    196.61798587163));
#689 = CARTESIAN_POINT('',(-27.08839819154,5.831038338335,
    196.21687398279));
#690 = CARTESIAN_POINT('',(-26.98312072646,6.286145651321,
    195.78997398841));
#691 = CARTESIAN_POINT('',(-26.88107015522,6.696413291221,
    195.34220998209));
#692 = CARTESIAN_POINT('',(-26.65389372588,7.557889286222,194.251308889)
  );
#693 = CARTESIAN_POINT('',(-26.53247478043,7.975971251408,
    193.59133568474));
#694 = CARTESIAN_POINT('',(-26.42518985609,8.320235790053,
    192.90640295894));
#695 = CARTESIAN_POINT('',(-26.33580517783,8.593161764392,
    192.20304679948));
#696 = CARTESIAN_POINT('',(-26.26698358109,8.796691406371,
    191.48652187353));
#697 = CARTESIAN_POINT('',(-26.2204578209,8.932118724112,190.76124825889
    ));
#698 = CARTESIAN_POINT('',(-26.19713724818,9.,190.03113920687));
#699 = CARTESIAN_POINT('',(-26.19713724818,9.,188.73296458276));
#700 = CARTESIAN_POINT('',(-26.21116404859,8.959171088705,
    188.16622006982));
#701 = CARTESIAN_POINT('',(-26.23919249939,8.877585466386,
    187.60168441628));
#702 = CARTESIAN_POINT('',(-26.28088939906,8.755055374128,
    187.04131705674));
#703 = CARTESIAN_POINT('',(-26.33560682884,8.591155743128,
    186.48719766061));
#704 = CARTESIAN_POINT('',(-26.40236368362,8.385245801785,
    185.94162370654));
#705 = CARTESIAN_POINT('',(-26.47981539924,8.136489640582,
    185.40722687596));
#706 = CARTESIAN_POINT('',(-26.65017841102,7.559491735455,
    184.38161824116));
#707 = CARTESIAN_POINT('',(-26.74261669929,7.233603997001,
    183.88947491696));
#708 = CARTESIAN_POINT('',(-26.84202154205,6.864930666617,
    183.41298716448));
#709 = CARTESIAN_POINT('',(-26.94652939396,6.45192101622,182.95521966081
    ));
#710 = CARTESIAN_POINT('',(-27.05382288954,5.992895711177,
    182.52012043118));
#711 = CARTESIAN_POINT('',(-27.1610087247,5.486226504919,182.1126870577)
  );
#712 = CARTESIAN_POINT('',(-27.26453732531,4.930578210061,
    181.73918739661));
#713 = CARTESIAN_POINT('',(-27.43393725936,3.859001574962,
    181.15194727771));
#714 = CARTESIAN_POINT('',(-27.50364587362,3.359171589389,
    180.91896187885));
#715 = CARTESIAN_POINT('',(-27.56654693804,2.829321664563,
    180.71547821738));
#716 = CARTESIAN_POINT('',(-27.61991300533,2.273773248459,
    180.54724371197));
#717 = CARTESIAN_POINT('',(-27.66136262085,1.697471329621,
    180.41881579497));
#718 = CARTESIAN_POINT('',(-27.68908754468,1.105841354918,
    180.33359275215));
#719 = CARTESIAN_POINT('',(-27.70200799952,0.504630479254,
    180.29381946515));
#720 = CARTESIAN_POINT('',(-27.69772138174,-0.679657698408,
    180.30701345438));
#721 = CARTESIAN_POINT('',(-27.68179252485,-1.253785269777,
    180.35604613795));
#722 = CARTESIAN_POINT('',(-27.65248709754,-1.817622378331,
    180.44636646634));
#723 = CARTESIAN_POINT('',(-27.61088665194,-2.366314850769,
    180.57575471079));
#724 = CARTESIAN_POINT('',(-27.55864695073,-2.895301807807,
    180.74107969557));
#725 = CARTESIAN_POINT('',(-27.49786912294,-3.400434334869,
    180.93829280766));
#726 = CARTESIAN_POINT('',(-27.43092066245,-3.878083723882,
    181.16240458242));
#727 = CARTESIAN_POINT('',(-27.29298847821,-4.750604168988,
    181.64055891422));
#728 = CARTESIAN_POINT('',(-27.22186206162,-5.15152500259,
    181.89433779955));
#729 = CARTESIAN_POINT('',(-27.14830449497,-5.528199511928,
    182.16607143225));
#730 = CARTESIAN_POINT('',(-27.07361803336,-5.88098326067,
    182.45340535936));
#731 = CARTESIAN_POINT('',(-26.99895010105,-6.210339761118,
    182.75430876586));
#732 = CARTESIAN_POINT('',(-26.92529671817,-6.516796529144,
    183.06703891275));
#733 = CARTESIAN_POINT('',(-26.85351543034,-6.80090359464,
    183.39010779214));
#734 = CARTESIAN_POINT('',(-26.65389429091,-7.557887143576,
    184.34868839772));
#735 = CARTESIAN_POINT('',(-26.53247502576,-7.97597069409,
    185.00866240399));
#736 = CARTESIAN_POINT('',(-26.42518952379,-8.320236918315,
    185.69359832987));
#737 = CARTESIAN_POINT('',(-26.33580472093,-8.59316310673,
    186.39695620458));
#738 = CARTESIAN_POINT('',(-26.2669833134,-8.796692189484,
    187.11348180083));
#739 = CARTESIAN_POINT('',(-26.22045768644,-8.93211911526,
    187.83875553509));
#740 = CARTESIAN_POINT('',(-26.19713727329,-8.999999926886,
    188.56886163913));
#741 = CARTESIAN_POINT('',(-26.19713724818,-9.,189.3));
#742 = PCURVE('',#33,#743);
#743 = DEFINITIONAL_REPRESENTATION('',(#744),#824);
#744 = B_SPLINE_CURVE_WITH_KNOTS('',8,(#745,#746,#747,#748,#749,#750,
    #751,#752,#753,#754,#755,#756,#757,#758,#759,#760,#761,#762,#763,
    #764,#765,#766,#767,#768,#769,#770,#771,#772,#773,#774,#775,#776,
    #777,#778,#779,#780,#781,#782,#783,#784,#785,#786,#787,#788,#789,
    #790,#791,#792,#793,#794,#795,#796,#797,#798,#799,#800,#801,#802,
    #803,#804,#805,#806,#807,#808,#809,#810,#811,#812,#813,#814,#815,
    #816,#817,#818,#819,#820,#821,#822,#823),.UNSPECIFIED.,.F.,.F.,(9,7,
    7,7,7,7,7,7,7,7,7,9),(0.,0.119192076358,0.207564558421,
    0.292721749799,0.381094229787,0.500286300683,0.592725777346,
    0.682565349365,0.751759712777,0.818037576571,0.881086612362,1.),
  .UNSPECIFIED.);
#745 = CARTESIAN_POINT('',(4.381472684134,16.7));
#746 = CARTESIAN_POINT('',(4.381472686925,15.968860295338));
#747 = CARTESIAN_POINT('',(4.384063847745,15.238752341171));
#748 = CARTESIAN_POINT('',(4.389233414763,14.513477935752));
#749 = CARTESIAN_POINT('',(4.396989629099,13.796953104101));
#750 = CARTESIAN_POINT('',(4.407356451311,13.093597358683));
#751 = CARTESIAN_POINT('',(4.420371140621,12.408664067576));
#752 = CARTESIAN_POINT('',(4.436083135513,11.748691110033));
#753 = CARTESIAN_POINT('',(4.46824654654,10.657790029003));
#754 = CARTESIAN_POINT('',(4.483507476451,10.210025990091));
#755 = CARTESIAN_POINT('',(4.500367247018,9.7831260235));
#756 = CARTESIAN_POINT('',(4.51884998947,9.382014142242));
#757 = CARTESIAN_POINT('',(4.538969592039,9.012441263056));
#758 = CARTESIAN_POINT('',(4.56072658903,8.681094221626));
#759 = CARTESIAN_POINT('',(4.584102875596,8.395767011323));
#760 = CARTESIAN_POINT('',(4.633094536581,7.943841579882));
#761 = CARTESIAN_POINT('',(4.658655168153,7.772769672239));
#762 = CARTESIAN_POINT('',(4.685257617965,7.665164272418));
#763 = CARTESIAN_POINT('',(4.712388980385,7.628482857555));
#764 = CARTESIAN_POINT('',(4.739520342804,7.665164272416));
#765 = CARTESIAN_POINT('',(4.766122792617,7.772769672241));
#766 = CARTESIAN_POINT('',(4.791683424188,7.943841579881));
#767 = CARTESIAN_POINT('',(4.840675084588,8.395767005921));
#768 = CARTESIAN_POINT('',(4.864051372836,8.681094229553));
#769 = CARTESIAN_POINT('',(4.885808368469,9.012441269064));
#770 = CARTESIAN_POINT('',(4.905927970548,9.382014128361));
#771 = CARTESIAN_POINT('',(4.924410714004,9.783126017207));
#772 = CARTESIAN_POINT('',(4.941270484821,10.210026011584));
#773 = CARTESIAN_POINT('',(4.956531413903,10.657790017905));
#774 = CARTESIAN_POINT('',(4.988694825285,11.748691110995));
#775 = CARTESIAN_POINT('',(5.004406825347,12.408664315256));
#776 = CARTESIAN_POINT('',(5.01742150403,13.093597041054));
#777 = CARTESIAN_POINT('',(5.027788331024,13.79695320052));
#778 = CARTESIAN_POINT('',(5.035544550229,14.513478126462));
#779 = CARTESIAN_POINT('',(5.040714107835,15.238751741106));
#780 = CARTESIAN_POINT('',(5.043305276635,15.968860793126));
#781 = CARTESIAN_POINT('',(5.043305276635,17.267035417231));
#782 = CARTESIAN_POINT('',(5.041746747019,17.833779930177));
#783 = CARTESIAN_POINT('',(5.038632461596,18.398315583718));
#784 = CARTESIAN_POINT('',(5.033959897412,18.958682943255));
#785 = CARTESIAN_POINT('',(5.027722145639,19.512802339384));
#786 = CARTESIAN_POINT('',(5.019908367662,20.05837629346));
#787 = CARTESIAN_POINT('',(5.010503796363,20.592773124036));
#788 = CARTESIAN_POINT('',(4.988784557361,21.618381758836));
#789 = CARTESIAN_POINT('',(4.976556221803,22.110525083032));
#790 = CARTESIAN_POINT('',(4.96277343103,22.587012835513));
#791 = CARTESIAN_POINT('',(4.947397390968,23.044780339186));
#792 = CARTESIAN_POINT('',(4.930385872408,23.479879568814));
#793 = CARTESIAN_POINT('',(4.911698198351,23.887312942292));
#794 = CARTESIAN_POINT('',(4.891301151891,24.260812603386));
#795 = CARTESIAN_POINT('',(4.852135672361,24.84805272229));
#796 = CARTESIAN_POINT('',(4.833919654629,25.081038121149));
#797 = CARTESIAN_POINT('',(4.814663993667,25.284521782619));
#798 = CARTESIAN_POINT('',(4.794526311376,25.452756288026));
#799 = CARTESIAN_POINT('',(4.773679933107,25.581184205023));
#800 = CARTESIAN_POINT('',(4.752309359154,25.666407247846));
#801 = CARTESIAN_POINT('',(4.730606822361,25.706180534846));
#802 = CARTESIAN_POINT('',(4.687852456459,25.692986545613));
#803 = CARTESIAN_POINT('',(4.667123881283,25.643953862049));
#804 = CARTESIAN_POINT('',(4.646751119691,25.55363353366));
#805 = CARTESIAN_POINT('',(4.626896622889,25.424245289207));
#806 = CARTESIAN_POINT('',(4.60771580484,25.25892030443));
#807 = CARTESIAN_POINT('',(4.589354385515,25.061707192331));
#808 = CARTESIAN_POINT('',(4.571944847378,24.837595417573));
#809 = CARTESIAN_POINT('',(4.540054751501,24.359441085771));
#810 = CARTESIAN_POINT('',(4.525357668637,24.105662200442));
#811 = CARTESIAN_POINT('',(4.511505731314,23.833928567745));
#812 = CARTESIAN_POINT('',(4.498490518756,23.54659464064));
#813 = CARTESIAN_POINT('',(4.486300830162,23.24569123414));
#814 = CARTESIAN_POINT('',(4.474923679957,22.932961087247));
#815 = CARTESIAN_POINT('',(4.46434537651,22.609892207858));
#816 = CARTESIAN_POINT('',(4.436083215481,21.651311602273));
#817 = CARTESIAN_POINT('',(4.42037115716,20.99133759601));
#818 = CARTESIAN_POINT('',(4.407356414334,20.306401670123));
#819 = CARTESIAN_POINT('',(4.396989578609,19.603043795413));
#820 = CARTESIAN_POINT('',(4.38923338061,18.886518199163));
#821 = CARTESIAN_POINT('',(4.384063838022,18.161244464902));
#822 = CARTESIAN_POINT('',(4.381472686925,17.431138360869));
#823 = CARTESIAN_POINT('',(4.381472684134,16.7));
#824 = ( GEOMETRIC_REPRESENTATION_CONTEXT(2) 
PARAMETRIC_REPRESENTATION_CONTEXT() REPRESENTATION_CONTEXT('2D SPACE',''
  ) );
#825 = PCURVE('',#826,#831);
#826 = CYLINDRICAL_SURFACE('',#827,9.);
#827 = AXIS2_PLACEMENT_3D('',#828,#829,#830);
#828 = CARTESIAN_POINT('',(-25.7,-8.804068585277E-15,189.3));
#829 = DIRECTION('',(-1.,0.,0.));
#830 = DIRECTION('',(0.,-1.,-1.110223024625E-16));
#831 = DEFINITIONAL_REPRESENTATION('',(#832),#912);
#832 = B_SPLINE_CURVE_WITH_KNOTS('',8,(#833,#834,#835,#836,#837,#838,
    #839,#840,#841,#842,#843,#844,#845,#846,#847,#848,#849,#850,#851,
    #852,#853,#854,#855,#856,#857,#858,#859,#860,#861,#862,#863,#864,
    #865,#866,#867,#868,#869,#870,#871,#872,#873,#874,#875,#876,#877,
    #878,#879,#880,#881,#882,#883,#884,#885,#886,#887,#888,#889,#890,
    #891,#892,#893,#894,#895,#896,#897,#898,#899,#900,#901,#902,#903,
    #904,#905,#906,#907,#908,#909,#910,#911),.UNSPECIFIED.,.F.,.F.,(9,7,
    7,7,7,7,7,7,7,7,7,9),(0.,0.119192076358,0.207564558421,
    0.292721749799,0.381094229787,0.500286300683,0.592725777346,
    0.682565349365,0.751759712777,0.818037576571,0.881086612362,1.),
  .UNSPECIFIED.);
#833 = CARTESIAN_POINT('',(0.,0.49713724818));
#834 = CARTESIAN_POINT('',(8.123774496242E-02,0.497137273299));
#835 = CARTESIAN_POINT('',(0.162360799104,0.520457776073));
#836 = CARTESIAN_POINT('',(0.243764002814,0.566983614673));
#837 = CARTESIAN_POINT('',(0.325818836485,0.63580517418));
#838 = CARTESIAN_POINT('',(0.408898641692,0.725189812353));
#839 = CARTESIAN_POINT('',(0.493393957013,0.832474821307));
#840 = CARTESIAN_POINT('',(0.579733205263,0.953893726089));
#841 = CARTESIAN_POINT('',(0.734181887945,1.181070152909));
#842 = CARTESIAN_POINT('',(0.801478300439,1.283120730877));
#843 = CARTESIAN_POINT('',(0.870476665557,1.388398190754));
#844 = CARTESIAN_POINT('',(0.941345134304,1.494276293881));
#845 = CARTESIAN_POINT('',(1.014270921871,1.597576942634));
#846 = CARTESIAN_POINT('',(1.089465720327,1.694551185659));
#847 = CARTESIAN_POINT('',(1.167177586737,1.780946106594));
#848 = CARTESIAN_POINT('',(1.325341318221,1.920931280945));
#849 = CARTESIAN_POINT('',(1.405776903871,1.975765654435));
#850 = CARTESIAN_POINT('',(1.487891520577,2.011291610675));
#851 = CARTESIAN_POINT('',(1.570796326798,2.023615590739));
#852 = CARTESIAN_POINT('',(1.653701133008,2.011291610676));
#853 = CARTESIAN_POINT('',(1.73581574972,1.975765654435));
#854 = CARTESIAN_POINT('',(1.816251335369,1.920931280945));
#855 = CARTESIAN_POINT('',(1.974415064963,1.780946108267));
#856 = CARTESIAN_POINT('',(2.052126936643,1.694551182814));
#857 = CARTESIAN_POINT('',(2.12732173141,1.597576941946));
#858 = CARTESIAN_POINT('',(2.200247516447,1.494276297325));
#859 = CARTESIAN_POINT('',(2.271115988312,1.388398191548));
#860 = CARTESIAN_POINT('',(2.34011435582,1.283120726461));
#861 = CARTESIAN_POINT('',(2.407410764073,1.18107015522));
#862 = CARTESIAN_POINT('',(2.561859448463,0.953893725888));
#863 = CARTESIAN_POINT('',(2.648198727683,0.832474780438));
#864 = CARTESIAN_POINT('',(2.732693973761,0.725189856091));
#865 = CARTESIAN_POINT('',(2.815773826285,0.635805177834));
#866 = CARTESIAN_POINT('',(2.897828674252,0.566983581099));
#867 = CARTESIAN_POINT('',(2.979231786947,0.520457820906));
#868 = CARTESIAN_POINT('',(3.060354963937,0.49713724818));
#869 = CARTESIAN_POINT('',(3.204596588838,0.49713724818));
#870 = CARTESIAN_POINT('',(3.267568339638,0.511164048591));
#871 = CARTESIAN_POINT('',(3.330675267683,0.539192499399));
#872 = CARTESIAN_POINT('',(3.394080153571,0.580889399065));
#873 = CARTESIAN_POINT('',(3.457945679994,0.635606828846));
#874 = CARTESIAN_POINT('',(3.522439822854,0.702363683624));
#875 = CARTESIAN_POINT('',(3.587742150303,0.77981539924));
#876 = CARTESIAN_POINT('',(3.718494940056,0.950178411027));
#877 = CARTESIAN_POINT('',(3.783907468356,1.04261669929));
#878 = CARTESIAN_POINT('',(3.850542948161,1.142021542057));
#879 = CARTESIAN_POINT('',(3.918647784065,1.246529393961));
#880 = CARTESIAN_POINT('',(3.988474407444,1.35382288954));
#881 = CARTESIAN_POINT('',(4.060287134782,1.461008724703));
#882 = CARTESIAN_POINT('',(4.134373046442,1.564537325312));
#883 = CARTESIAN_POINT('',(4.270143706472,1.733937259367));
#884 = CARTESIAN_POINT('',(4.331287549041,1.803645873626));
#885 = CARTESIAN_POINT('',(4.394095173852,1.866546938042));
#886 = CARTESIAN_POINT('',(4.458245628045,1.919913005331));
#887 = CARTESIAN_POINT('',(4.523477274828,1.961362620856));
#888 = CARTESIAN_POINT('',(4.589567176832,1.989087544688));
#889 = CARTESIAN_POINT('',(4.656314986674,2.002007999522));
#890 = CARTESIAN_POINT('',(4.78791072796,1.997721381749));
#891 = CARTESIAN_POINT('',(4.851759399635,1.981792524851));
#892 = CARTESIAN_POINT('',(4.914922576526,1.952487097547));
#893 = CARTESIAN_POINT('',(4.977236350302,1.910886651942));
#894 = CARTESIAN_POINT('',(5.038515872792,1.858646950738));
#895 = CARTESIAN_POINT('',(5.098543246747,1.79786912294));
#896 = CARTESIAN_POINT('',(5.157051996406,1.730920662455));
#897 = CARTESIAN_POINT('',(5.267601884153,1.592988478212));
#898 = CARTESIAN_POINT('',(5.320218484049,1.521862061629));
#899 = CARTESIAN_POINT('',(5.371669671085,1.448304494975));
#900 = CARTESIAN_POINT('',(5.422055806429,1.373618033369));
#901 = CARTESIAN_POINT('',(5.471469942066,1.298950101059));
#902 = CARTESIAN_POINT('',(5.520001278432,1.225296718179));
#903 = CARTESIAN_POINT('',(5.567736835644,1.153515430342));
#904 = CARTESIAN_POINT('',(5.703451717911,0.953894290917));
#905 = CARTESIAN_POINT('',(5.789791175334,0.832475025769));
#906 = CARTESIAN_POINT('',(5.874286807099,0.725189523791));
#907 = CARTESIAN_POINT('',(5.957366834491,0.635804720931));
#908 = CARTESIAN_POINT('',(6.039421740679,0.566983313401));
#909 = CARTESIAN_POINT('',(6.12082486221,0.520457686449));
#910 = CARTESIAN_POINT('',(6.201947711527,0.497137273299));
#911 = CARTESIAN_POINT('',(6.28318530718,0.49713724818));
#912 = ( GEOMETRIC_REPRESENTATION_CONTEXT(2) 
PARAMETRIC_REPRESENTATION_CONTEXT() REPRESENTATION_CONTEXT('2D SPACE',''
  ) );
#913 = FACE_BOUND('',#914,.T.);
#914 = EDGE_LOOP('',(#915,#943,#972,#998));
#915 = ORIENTED_EDGE('',*,*,#916,.F.);
#916 = EDGE_CURVE('',#917,#919,#921,.T.);
#917 = VERTEX_POINT('',#918);
#918 = CARTESIAN_POINT('',(-26.7,7.375635565834,177.3));
#919 = VERTEX_POINT('',#920);
#920 = CARTESIAN_POINT('',(-26.7,7.375635565834,141.3));
#921 = SURFACE_CURVE('',#922,(#926,#932),.PCURVE_S1.);
#922 = LINE('',#923,#924);
#923 = CARTESIAN_POINT('',(-26.7,7.375635565834,206.));
#924 = VECTOR('',#925,1.);
#925 = DIRECTION('',(0.,1.110223024625E-16,-1.));
#926 = PCURVE('',#33,#927);
#927 = DEFINITIONAL_REPRESENTATION('',(#928),#931);
#928 = B_SPLINE_CURVE_WITH_KNOTS('',1,(#929,#930),.UNSPECIFIED.,.F.,.F.,
  (2,2),(25.1,68.3),.PIECEWISE_BEZIER_KNOTS.);
#929 = CARTESIAN_POINT('',(4.981908602784,25.1));
#930 = CARTESIAN_POINT('',(4.981908602784,68.3));
#931 = ( GEOMETRIC_REPRESENTATION_CONTEXT(2) 
PARAMETRIC_REPRESENTATION_CONTEXT() REPRESENTATION_CONTEXT('2D SPACE',''
  ) );
#932 = PCURVE('',#933,#938);
#933 = PLANE('',#934);
#934 = AXIS2_PLACEMENT_3D('',#935,#936,#937);
#935 = CARTESIAN_POINT('',(-26.7,-7.5,177.3));
#936 = DIRECTION('',(1.,0.,0.));
#937 = DIRECTION('',(0.,1.,1.110223024625E-16));
#938 = DEFINITIONAL_REPRESENTATION('',(#939),#942);
#939 = B_SPLINE_CURVE_WITH_KNOTS('',1,(#940,#941),.UNSPECIFIED.,.F.,.F.,
  (2,2),(25.1,68.3),.PIECEWISE_BEZIER_KNOTS.);
#940 = CARTESIAN_POINT('',(14.875635565834,3.6));
#941 = CARTESIAN_POINT('',(14.875635565834,-39.6));
#942 = ( GEOMETRIC_REPRESENTATION_CONTEXT(2) 
PARAMETRIC_REPRESENTATION_CONTEXT() REPRESENTATION_CONTEXT('2D SPACE',''
  ) );
#943 = ORIENTED_EDGE('',*,*,#944,.F.);
#944 = EDGE_CURVE('',#945,#917,#947,.T.);
#945 = VERTEX_POINT('',#946);
#946 = CARTESIAN_POINT('',(-26.7,-7.375635565834,177.3));
#947 = SURFACE_CURVE('',#948,(#953,#960),.PCURVE_S1.);
#948 = CIRCLE('',#949,27.7);
#949 = AXIS2_PLACEMENT_3D('',#950,#951,#952);
#950 = CARTESIAN_POINT('',(0.,-7.471800955727E-15,177.3));
#951 = DIRECTION('',(0.,1.110223024625E-16,-1.));
#952 = DIRECTION('',(0.,1.,1.110223024625E-16));
#953 = PCURVE('',#33,#954);
#954 = DEFINITIONAL_REPRESENTATION('',(#955),#959);
#955 = LINE('',#956,#957);
#956 = CARTESIAN_POINT('',(0.,28.7));
#957 = VECTOR('',#958,1.);
#958 = DIRECTION('',(1.,0.));
#959 = ( GEOMETRIC_REPRESENTATION_CONTEXT(2) 
PARAMETRIC_REPRESENTATION_CONTEXT() REPRESENTATION_CONTEXT('2D SPACE',''
  ) );
#960 = PCURVE('',#961,#966);
#961 = PLANE('',#962);
#962 = AXIS2_PLACEMENT_3D('',#963,#964,#965);
#963 = CARTESIAN_POINT('',(-30.7,-7.5,177.3));
#964 = DIRECTION('',(0.,1.110223024625E-16,-1.));
#965 = DIRECTION('',(0.,1.,1.110223024625E-16));
#966 = DEFINITIONAL_REPRESENTATION('',(#967),#971);
#967 = CIRCLE('',#968,27.7);
#968 = AXIS2_PLACEMENT_2D('',#969,#970);
#969 = CARTESIAN_POINT('',(7.5,30.7));
#970 = DIRECTION('',(1.,0.));
#971 = ( GEOMETRIC_REPRESENTATION_CONTEXT(2) 
PARAMETRIC_REPRESENTATION_CONTEXT() REPRESENTATION_CONTEXT('2D SPACE',''
  ) );
#972 = ORIENTED_EDGE('',*,*,#973,.T.);
#973 = EDGE_CURVE('',#945,#974,#976,.T.);
#974 = VERTEX_POINT('',#975);
#975 = CARTESIAN_POINT('',(-26.7,-7.375635565834,141.3));
#976 = SURFACE_CURVE('',#977,(#981,#987),.PCURVE_S1.);
#977 = LINE('',#978,#979);
#978 = CARTESIAN_POINT('',(-26.7,-7.375635565834,206.));
#979 = VECTOR('',#980,1.);
#980 = DIRECTION('',(0.,1.110223024625E-16,-1.));
#981 = PCURVE('',#33,#982);
#982 = DEFINITIONAL_REPRESENTATION('',(#983),#986);
#983 = B_SPLINE_CURVE_WITH_KNOTS('',1,(#984,#985),.UNSPECIFIED.,.F.,.F.,
  (2,2),(25.1,68.3),.PIECEWISE_BEZIER_KNOTS.);
#984 = CARTESIAN_POINT('',(4.442869357986,25.1));
#985 = CARTESIAN_POINT('',(4.442869357986,68.3));
#986 = ( GEOMETRIC_REPRESENTATION_CONTEXT(2) 
PARAMETRIC_REPRESENTATION_CONTEXT() REPRESENTATION_CONTEXT('2D SPACE',''
  ) );
#987 = PCURVE('',#988,#993);
#988 = PLANE('',#989);
#989 = AXIS2_PLACEMENT_3D('',#990,#991,#992);
#990 = CARTESIAN_POINT('',(-26.7,-7.5,177.3));
#991 = DIRECTION('',(1.,0.,0.));
#992 = DIRECTION('',(0.,1.,1.110223024625E-16));
#993 = DEFINITIONAL_REPRESENTATION('',(#994),#997);
#994 = B_SPLINE_CURVE_WITH_KNOTS('',1,(#995,#996),.UNSPECIFIED.,.F.,.F.,
  (2,2),(25.1,68.3),.PIECEWISE_BEZIER_KNOTS.);
#995 = CARTESIAN_POINT('',(0.124364434166,3.6));
#996 = CARTESIAN_POINT('',(0.124364434166,-39.6));
#997 = ( GEOMETRIC_REPRESENTATION_CONTEXT(2) 
PARAMETRIC_REPRESENTATION_CONTEXT() REPRESENTATION_CONTEXT('2D SPACE',''
  ) );
#998 = ORIENTED_EDGE('',*,*,#999,.T.);
#999 = EDGE_CURVE('',#974,#919,#1000,.T.);
#1000 = SURFACE_CURVE('',#1001,(#1006,#1013),.PCURVE_S1.);
#1001 = CIRCLE('',#1002,27.7);
#1002 = AXIS2_PLACEMENT_3D('',#1003,#1004,#1005);
#1003 = CARTESIAN_POINT('',(0.,-3.474998067077E-15,141.3));
#1004 = DIRECTION('',(0.,1.110223024625E-16,-1.));
#1005 = DIRECTION('',(0.,1.,1.110223024625E-16));
#1006 = PCURVE('',#33,#1007);
#1007 = DEFINITIONAL_REPRESENTATION('',(#1008),#1012);
#1008 = LINE('',#1009,#1010);
#1009 = CARTESIAN_POINT('',(0.,64.7));
#1010 = VECTOR('',#1011,1.);
#1011 = DIRECTION('',(1.,0.));
#1012 = ( GEOMETRIC_REPRESENTATION_CONTEXT(2) 
PARAMETRIC_REPRESENTATION_CONTEXT() REPRESENTATION_CONTEXT('2D SPACE',''
  ) );
#1013 = PCURVE('',#1014,#1019);
#1014 = PLANE('',#1015);
#1015 = AXIS2_PLACEMENT_3D('',#1016,#1017,#1018);
#1016 = CARTESIAN_POINT('',(-30.7,-7.5,141.3));
#1017 = DIRECTION('',(0.,1.110223024625E-16,-1.));
#1018 = DIRECTION('',(0.,1.,1.110223024625E-16));
#1019 = DEFINITIONAL_REPRESENTATION('',(#1020),#1024);
#1020 = CIRCLE('',#1021,27.7);
#1021 = AXIS2_PLACEMENT_2D('',#1022,#1023);
#1022 = CARTESIAN_POINT('',(7.5,30.7));
#1023 = DIRECTION('',(1.,0.));
#1024 = ( GEOMETRIC_REPRESENTATION_CONTEXT(2) 
PARAMETRIC_REPRESENTATION_CONTEXT() REPRESENTATION_CONTEXT('2D SPACE',''
  ) );
#1025 = FACE_BOUND('',#1026,.T.);
#1026 = EDGE_LOOP('',(#1027,#1055,#1084,#1110));
#1027 = ORIENTED_EDGE('',*,*,#1028,.F.);
#1028 = EDGE_CURVE('',#1029,#1031,#1033,.T.);
#1029 = VERTEX_POINT('',#1030);
#1030 = CARTESIAN_POINT('',(-4.7,-27.29835159858,201.5));
#1031 = VERTEX_POINT('',#1032);
#1032 = CARTESIAN_POINT('',(-4.7,-27.29835159858,19.5));
#1033 = SURFACE_CURVE('',#1034,(#1038,#1044),.PCURVE_S1.);
#1034 = LINE('',#1035,#1036);
#1035 = CARTESIAN_POINT('',(-4.7,-27.29835159858,206.));
#1036 = VECTOR('',#1037,1.);
#1037 = DIRECTION('',(0.,1.110223024625E-16,-1.));
#1038 = PCURVE('',#33,#1039);
#1039 = DEFINITIONAL_REPRESENTATION('',(#1040),#1043);
#1040 = B_SPLINE_CURVE_WITH_KNOTS('',1,(#1041,#1042),.UNSPECIFIED.,.F.,
  .F.,(2,2),(-6.E-07,204.7),.PIECEWISE_BEZIER_KNOTS.);
#1041 = CARTESIAN_POINT('',(3.312092623119,-6.E-07));
#1042 = CARTESIAN_POINT('',(3.312092623119,204.7));
#1043 = ( GEOMETRIC_REPRESENTATION_CONTEXT(2) 
PARAMETRIC_REPRESENTATION_CONTEXT() REPRESENTATION_CONTEXT('2D SPACE',''
  ) );
#1044 = PCURVE('',#1045,#1050);
#1045 = PLANE('',#1046);
#1046 = AXIS2_PLACEMENT_3D('',#1047,#1048,#1049);
#1047 = CARTESIAN_POINT('',(-4.7,-28.7,201.5));
#1048 = DIRECTION('',(1.,0.,0.));
#1049 = DIRECTION('',(0.,1.,1.110223024625E-16));
#1050 = DEFINITIONAL_REPRESENTATION('',(#1051),#1054);
#1051 = B_SPLINE_CURVE_WITH_KNOTS('',1,(#1052,#1053),.UNSPECIFIED.,.F.,
  .F.,(2,2),(-6.E-07,204.7),.PIECEWISE_BEZIER_KNOTS.);
#1052 = CARTESIAN_POINT('',(1.401648401414,4.5000006));
#1053 = CARTESIAN_POINT('',(1.401648401414,-200.2));
#1054 = ( GEOMETRIC_REPRESENTATION_CONTEXT(2) 
PARAMETRIC_REPRESENTATION_CONTEXT() REPRESENTATION_CONTEXT('2D SPACE',''
  ) );
#1055 = ORIENTED_EDGE('',*,*,#1056,.F.);
#1056 = EDGE_CURVE('',#1029,#1057,#1059,.T.);
#1057 = VERTEX_POINT('',#1058);
#1058 = CARTESIAN_POINT('',(4.7,-27.29835159858,201.5));
#1059 = SURFACE_CURVE('',#1060,(#1065,#1072),.PCURVE_S1.);
#1060 = CIRCLE('',#1061,27.7);
#1061 = AXIS2_PLACEMENT_3D('',#1062,#1063,#1064);
#1062 = CARTESIAN_POINT('',(0.,-1.015854067532E-14,201.5));
#1063 = DIRECTION('',(0.,1.110223024625E-16,-1.));
#1064 = DIRECTION('',(0.,1.,1.110223024625E-16));
#1065 = PCURVE('',#33,#1066);
#1066 = DEFINITIONAL_REPRESENTATION('',(#1067),#1071);
#1067 = LINE('',#1068,#1069);
#1068 = CARTESIAN_POINT('',(0.,4.5));
#1069 = VECTOR('',#1070,1.);
#1070 = DIRECTION('',(1.,0.));
#1071 = ( GEOMETRIC_REPRESENTATION_CONTEXT(2) 
PARAMETRIC_REPRESENTATION_CONTEXT() REPRESENTATION_CONTEXT('2D SPACE',''
  ) );
#1072 = PCURVE('',#1073,#1078);
#1073 = PLANE('',#1074);
#1074 = AXIS2_PLACEMENT_3D('',#1075,#1076,#1077);
#1075 = CARTESIAN_POINT('',(-4.7,-28.7,201.5));
#1076 = DIRECTION('',(0.,1.110223024625E-16,-1.));
#1077 = DIRECTION('',(0.,1.,1.110223024625E-16));
#1078 = DEFINITIONAL_REPRESENTATION('',(#1079),#1083);
#1079 = CIRCLE('',#1080,27.7);
#1080 = AXIS2_PLACEMENT_2D('',#1081,#1082);
#1081 = CARTESIAN_POINT('',(28.7,4.7));
#1082 = DIRECTION('',(1.,0.));
#1083 = ( GEOMETRIC_REPRESENTATION_CONTEXT(2) 
PARAMETRIC_REPRESENTATION_CONTEXT() REPRESENTATION_CONTEXT('2D SPACE',''
  ) );
#1084 = ORIENTED_EDGE('',*,*,#1085,.T.);
#1085 = EDGE_CURVE('',#1057,#1086,#1088,.T.);
#1086 = VERTEX_POINT('',#1087);
#1087 = CARTESIAN_POINT('',(4.7,-27.29835159858,19.5));
#1088 = SURFACE_CURVE('',#1089,(#1093,#1099),.PCURVE_S1.);
#1089 = LINE('',#1090,#1091);
#1090 = CARTESIAN_POINT('',(4.7,-27.29835159858,206.));
#1091 = VECTOR('',#1092,1.);
#1092 = DIRECTION('',(0.,1.110223024625E-16,-1.));
#1093 = PCURVE('',#33,#1094);
#1094 = DEFINITIONAL_REPRESENTATION('',(#1095),#1098);
#1095 = B_SPLINE_CURVE_WITH_KNOTS('',1,(#1096,#1097),.UNSPECIFIED.,.F.,
  .F.,(2,2),(-6.E-07,204.7),.PIECEWISE_BEZIER_KNOTS.);
#1096 = CARTESIAN_POINT('',(2.971092684061,-6.E-07));
#1097 = CARTESIAN_POINT('',(2.971092684061,204.7));
#1098 = ( GEOMETRIC_REPRESENTATION_CONTEXT(2) 
PARAMETRIC_REPRESENTATION_CONTEXT() REPRESENTATION_CONTEXT('2D SPACE',''
  ) );
#1099 = PCURVE('',#1100,#1105);
#1100 = PLANE('',#1101);
#1101 = AXIS2_PLACEMENT_3D('',#1102,#1103,#1104);
#1102 = CARTESIAN_POINT('',(4.7,-28.7,201.5));
#1103 = DIRECTION('',(1.,0.,0.));
#1104 = DIRECTION('',(0.,1.,1.110223024625E-16));
#1105 = DEFINITIONAL_REPRESENTATION('',(#1106),#1109);
#1106 = B_SPLINE_CURVE_WITH_KNOTS('',1,(#1107,#1108),.UNSPECIFIED.,.F.,
  .F.,(2,2),(-6.E-07,204.7),.PIECEWISE_BEZIER_KNOTS.);
#1107 = CARTESIAN_POINT('',(1.401648401414,4.5000006));
#1108 = CARTESIAN_POINT('',(1.401648401414,-200.2));
#1109 = ( GEOMETRIC_REPRESENTATION_CONTEXT(2) 
PARAMETRIC_REPRESENTATION_CONTEXT() REPRESENTATION_CONTEXT('2D SPACE',''
  ) );
#1110 = ORIENTED_EDGE('',*,*,#1111,.T.);
#1111 = EDGE_CURVE('',#1031,#1086,#1112,.T.);
#1112 = SURFACE_CURVE('',#1113,(#1118,#1125),.PCURVE_S1.);
#1113 = CIRCLE('',#1114,27.7);
#1114 = AXIS2_PLACEMENT_3D('',#1115,#1116,#1117);
#1115 = CARTESIAN_POINT('',(0.,1.004751837286E-14,19.5));
#1116 = DIRECTION('',(0.,1.110223024625E-16,-1.));
#1117 = DIRECTION('',(0.,1.,1.110223024625E-16));
#1118 = PCURVE('',#33,#1119);
#1119 = DEFINITIONAL_REPRESENTATION('',(#1120),#1124);
#1120 = LINE('',#1121,#1122);
#1121 = CARTESIAN_POINT('',(0.,186.5));
#1122 = VECTOR('',#1123,1.);
#1123 = DIRECTION('',(1.,0.));
#1124 = ( GEOMETRIC_REPRESENTATION_CONTEXT(2) 
PARAMETRIC_REPRESENTATION_CONTEXT() REPRESENTATION_CONTEXT('2D SPACE',''
  ) );
#1125 = PCURVE('',#1126,#1131);
#1126 = PLANE('',#1127);
#1127 = AXIS2_PLACEMENT_3D('',#1128,#1129,#1130);
#1128 = CARTESIAN_POINT('',(-4.7,-28.7,19.5));
#1129 = DIRECTION('',(0.,1.110223024625E-16,-1.));
#1130 = DIRECTION('',(0.,1.,1.110223024625E-16));
#1131 = DEFINITIONAL_REPRESENTATION('',(#1132),#1136);
#1132 = CIRCLE('',#1133,27.7);
#1133 = AXIS2_PLACEMENT_2D('',#1134,#1135);
#1134 = CARTESIAN_POINT('',(28.7,4.7));
#1135 = DIRECTION('',(1.,0.));
#1136 = ( GEOMETRIC_REPRESENTATION_CONTEXT(2) 
PARAMETRIC_REPRESENTATION_CONTEXT() REPRESENTATION_CONTEXT('2D SPACE',''
  ) );
#1137 = ADVANCED_FACE('',(#1138),#45,.T.);
#1138 = FACE_BOUND('',#1139,.T.);
#1139 = EDGE_LOOP('',(#1140,#1163,#1192,#1216,#1237,#1238));
#1140 = ORIENTED_EDGE('',*,*,#1141,.F.);
#1141 = EDGE_CURVE('',#1142,#188,#1144,.T.);
#1142 = VERTEX_POINT('',#1143);
#1143 = CARTESIAN_POINT('',(4.7,21.184900282985,201.5));
#1144 = SURFACE_CURVE('',#1145,(#1149,#1156),.PCURVE_S1.);
#1145 = LINE('',#1146,#1147);
#1146 = CARTESIAN_POINT('',(4.7,20.7,201.5));
#1147 = VECTOR('',#1148,1.);
#1148 = DIRECTION('',(0.,1.,1.110223024625E-16));
#1149 = PCURVE('',#45,#1150);
#1150 = DEFINITIONAL_REPRESENTATION('',(#1151),#1155);
#1151 = LINE('',#1152,#1153);
#1152 = CARTESIAN_POINT('',(0.,9.4));
#1153 = VECTOR('',#1154,1.);
#1154 = DIRECTION('',(1.,0.));
#1155 = ( GEOMETRIC_REPRESENTATION_CONTEXT(2) 
PARAMETRIC_REPRESENTATION_CONTEXT() REPRESENTATION_CONTEXT('2D SPACE',''
  ) );
#1156 = PCURVE('',#202,#1157);
#1157 = DEFINITIONAL_REPRESENTATION('',(#1158),#1162);
#1158 = LINE('',#1159,#1160);
#1159 = CARTESIAN_POINT('',(0.,0.));
#1160 = VECTOR('',#1161,1.);
#1161 = DIRECTION('',(1.,0.));
#1162 = ( GEOMETRIC_REPRESENTATION_CONTEXT(2) 
PARAMETRIC_REPRESENTATION_CONTEXT() REPRESENTATION_CONTEXT('2D SPACE',''
  ) );
#1163 = ORIENTED_EDGE('',*,*,#1164,.F.);
#1164 = EDGE_CURVE('',#1165,#1142,#1167,.T.);
#1165 = VERTEX_POINT('',#1166);
#1166 = CARTESIAN_POINT('',(-5.3149671083E-15,21.7,201.5));
#1167 = SURFACE_CURVE('',#1168,(#1173,#1180),.PCURVE_S1.);
#1168 = CIRCLE('',#1169,21.7);
#1169 = AXIS2_PLACEMENT_3D('',#1170,#1171,#1172);
#1170 = CARTESIAN_POINT('',(0.,-1.015854067532E-14,201.5));
#1171 = DIRECTION('',(0.,1.110223024625E-16,-1.));
#1172 = DIRECTION('',(0.,1.,1.110223024625E-16));
#1173 = PCURVE('',#45,#1174);
#1174 = DEFINITIONAL_REPRESENTATION('',(#1175),#1179);
#1175 = CIRCLE('',#1176,21.7);
#1176 = AXIS2_PLACEMENT_2D('',#1177,#1178);
#1177 = CARTESIAN_POINT('',(-20.7,4.7));
#1178 = DIRECTION('',(1.,0.));
#1179 = ( GEOMETRIC_REPRESENTATION_CONTEXT(2) 
PARAMETRIC_REPRESENTATION_CONTEXT() REPRESENTATION_CONTEXT('2D SPACE',''
  ) );
#1180 = PCURVE('',#1181,#1186);
#1181 = CYLINDRICAL_SURFACE('',#1182,21.7);
#1182 = AXIS2_PLACEMENT_3D('',#1183,#1184,#1185);
#1183 = CARTESIAN_POINT('',(0.,-1.088018564133E-14,208.));
#1184 = DIRECTION('',(0.,1.110223024625E-16,-1.));
#1185 = DIRECTION('',(0.,1.,1.110223024625E-16));
#1186 = DEFINITIONAL_REPRESENTATION('',(#1187),#1191);
#1187 = LINE('',#1188,#1189);
#1188 = CARTESIAN_POINT('',(0.,6.5));
#1189 = VECTOR('',#1190,1.);
#1190 = DIRECTION('',(1.,0.));
#1191 = ( GEOMETRIC_REPRESENTATION_CONTEXT(2) 
PARAMETRIC_REPRESENTATION_CONTEXT() REPRESENTATION_CONTEXT('2D SPACE',''
  ) );
#1192 = ORIENTED_EDGE('',*,*,#1193,.F.);
#1193 = EDGE_CURVE('',#1194,#1165,#1196,.T.);
#1194 = VERTEX_POINT('',#1195);
#1195 = CARTESIAN_POINT('',(-4.7,21.184900282985,201.5));
#1196 = SURFACE_CURVE('',#1197,(#1202,#1209),.PCURVE_S1.);
#1197 = CIRCLE('',#1198,21.7);
#1198 = AXIS2_PLACEMENT_3D('',#1199,#1200,#1201);
#1199 = CARTESIAN_POINT('',(0.,-1.015854067532E-14,201.5));
#1200 = DIRECTION('',(0.,1.110223024625E-16,-1.));
#1201 = DIRECTION('',(0.,1.,1.110223024625E-16));
#1202 = PCURVE('',#45,#1203);
#1203 = DEFINITIONAL_REPRESENTATION('',(#1204),#1208);
#1204 = CIRCLE('',#1205,21.7);
#1205 = AXIS2_PLACEMENT_2D('',#1206,#1207);
#1206 = CARTESIAN_POINT('',(-20.7,4.7));
#1207 = DIRECTION('',(1.,0.));
#1208 = ( GEOMETRIC_REPRESENTATION_CONTEXT(2) 
PARAMETRIC_REPRESENTATION_CONTEXT() REPRESENTATION_CONTEXT('2D SPACE',''
  ) );
#1209 = PCURVE('',#1181,#1210);
#1210 = DEFINITIONAL_REPRESENTATION('',(#1211),#1215);
#1211 = LINE('',#1212,#1213);
#1212 = CARTESIAN_POINT('',(0.,6.5));
#1213 = VECTOR('',#1214,1.);
#1214 = DIRECTION('',(1.,0.));
#1215 = ( GEOMETRIC_REPRESENTATION_CONTEXT(2) 
PARAMETRIC_REPRESENTATION_CONTEXT() REPRESENTATION_CONTEXT('2D SPACE',''
  ) );
#1216 = ORIENTED_EDGE('',*,*,#1217,.T.);
#1217 = EDGE_CURVE('',#1194,#22,#1218,.T.);
#1218 = SURFACE_CURVE('',#1219,(#1223,#1230),.PCURVE_S1.);
#1219 = LINE('',#1220,#1221);
#1220 = CARTESIAN_POINT('',(-4.7,20.7,201.5));
#1221 = VECTOR('',#1222,1.);
#1222 = DIRECTION('',(0.,1.,1.110223024625E-16));
#1223 = PCURVE('',#45,#1224);
#1224 = DEFINITIONAL_REPRESENTATION('',(#1225),#1229);
#1225 = LINE('',#1226,#1227);
#1226 = CARTESIAN_POINT('',(0.,0.));
#1227 = VECTOR('',#1228,1.);
#1228 = DIRECTION('',(1.,0.));
#1229 = ( GEOMETRIC_REPRESENTATION_CONTEXT(2) 
PARAMETRIC_REPRESENTATION_CONTEXT() REPRESENTATION_CONTEXT('2D SPACE',''
  ) );
#1230 = PCURVE('',#72,#1231);
#1231 = DEFINITIONAL_REPRESENTATION('',(#1232),#1236);
#1232 = LINE('',#1233,#1234);
#1233 = CARTESIAN_POINT('',(0.,0.));
#1234 = VECTOR('',#1235,1.);
#1235 = DIRECTION('',(1.,0.));
#1236 = ( GEOMETRIC_REPRESENTATION_CONTEXT(2) 
PARAMETRIC_REPRESENTATION_CONTEXT() REPRESENTATION_CONTEXT('2D SPACE',''
  ) );
#1237 = ORIENTED_EDGE('',*,*,#21,.T.);
#1238 = ORIENTED_EDGE('',*,*,#213,.T.);
#1239 = ADVANCED_FACE('',(#1240,#1243),#273,.F.);
#1240 = FACE_BOUND('',#1241,.F.);
#1241 = EDGE_LOOP('',(#1242));
#1242 = ORIENTED_EDGE('',*,*,#258,.T.);
#1243 = FACE_BOUND('',#1244,.F.);
#1244 = EDGE_LOOP('',(#1245));
#1245 = ORIENTED_EDGE('',*,*,#1246,.F.);
#1246 = EDGE_CURVE('',#1247,#1247,#1249,.T.);
#1247 = VERTEX_POINT('',#1248);
#1248 = CARTESIAN_POINT('',(-5.3149671083E-15,21.7,206.));
#1249 = SURFACE_CURVE('',#1250,(#1255,#1262),.PCURVE_S1.);
#1250 = CIRCLE('',#1251,21.7);
#1251 = AXIS2_PLACEMENT_3D('',#1252,#1253,#1254);
#1252 = CARTESIAN_POINT('',(0.,-1.06581410364E-14,206.));
#1253 = DIRECTION('',(0.,1.110223024625E-16,-1.));
#1254 = DIRECTION('',(0.,1.,1.110223024625E-16));
#1255 = PCURVE('',#273,#1256);
#1256 = DEFINITIONAL_REPRESENTATION('',(#1257),#1261);
#1257 = CIRCLE('',#1258,21.7);
#1258 = AXIS2_PLACEMENT_2D('',#1259,#1260);
#1259 = CARTESIAN_POINT('',(0.,0.));
#1260 = DIRECTION('',(1.,0.));
#1261 = ( GEOMETRIC_REPRESENTATION_CONTEXT(2) 
PARAMETRIC_REPRESENTATION_CONTEXT() REPRESENTATION_CONTEXT('2D SPACE',''
  ) );
#1262 = PCURVE('',#1181,#1263);
#1263 = DEFINITIONAL_REPRESENTATION('',(#1264),#1268);
#1264 = LINE('',#1265,#1266);
#1265 = CARTESIAN_POINT('',(0.,2.));
#1266 = VECTOR('',#1267,1.);
#1267 = DIRECTION('',(1.,0.));
#1268 = ( GEOMETRIC_REPRESENTATION_CONTEXT(2) 
PARAMETRIC_REPRESENTATION_CONTEXT() REPRESENTATION_CONTEXT('2D SPACE',''
  ) );
#1269 = ADVANCED_FACE('',(#1270),#202,.F.);
#1270 = FACE_BOUND('',#1271,.F.);
#1271 = EDGE_LOOP('',(#1272,#1273,#1294,#1315));
#1272 = ORIENTED_EDGE('',*,*,#1141,.F.);
#1273 = ORIENTED_EDGE('',*,*,#1274,.T.);
#1274 = EDGE_CURVE('',#1142,#1275,#1277,.T.);
#1275 = VERTEX_POINT('',#1276);
#1276 = CARTESIAN_POINT('',(4.7,21.184900282985,19.5));
#1277 = SURFACE_CURVE('',#1278,(#1282,#1288),.PCURVE_S1.);
#1278 = LINE('',#1279,#1280);
#1279 = CARTESIAN_POINT('',(4.7,21.184900282985,208.));
#1280 = VECTOR('',#1281,1.);
#1281 = DIRECTION('',(0.,1.110223024625E-16,-1.));
#1282 = PCURVE('',#202,#1283);
#1283 = DEFINITIONAL_REPRESENTATION('',(#1284),#1287);
#1284 = B_SPLINE_CURVE_WITH_KNOTS('',1,(#1285,#1286),.UNSPECIFIED.,.F.,
  .F.,(2,2),(1.9999994,206.7),.PIECEWISE_BEZIER_KNOTS.);
#1285 = CARTESIAN_POINT('',(0.484900282985,4.5000006));
#1286 = CARTESIAN_POINT('',(0.484900282985,-200.2));
#1287 = ( GEOMETRIC_REPRESENTATION_CONTEXT(2) 
PARAMETRIC_REPRESENTATION_CONTEXT() REPRESENTATION_CONTEXT('2D SPACE',''
  ) );
#1288 = PCURVE('',#1181,#1289);
#1289 = DEFINITIONAL_REPRESENTATION('',(#1290),#1293);
#1290 = B_SPLINE_CURVE_WITH_KNOTS('',1,(#1291,#1292),.UNSPECIFIED.,.F.,
  .F.,(2,2),(1.9999994,206.7),.PIECEWISE_BEZIER_KNOTS.);
#1291 = CARTESIAN_POINT('',(0.218320054882,1.9999994));
#1292 = CARTESIAN_POINT('',(0.218320054882,206.7));
#1293 = ( GEOMETRIC_REPRESENTATION_CONTEXT(2) 
PARAMETRIC_REPRESENTATION_CONTEXT() REPRESENTATION_CONTEXT('2D SPACE',''
  ) );
#1294 = ORIENTED_EDGE('',*,*,#1295,.T.);
#1295 = EDGE_CURVE('',#1275,#164,#1296,.T.);
#1296 = SURFACE_CURVE('',#1297,(#1301,#1308),.PCURVE_S1.);
#1297 = LINE('',#1298,#1299);
#1298 = CARTESIAN_POINT('',(4.7,20.7,19.5));
#1299 = VECTOR('',#1300,1.);
#1300 = DIRECTION('',(0.,1.,1.110223024625E-16));
#1301 = PCURVE('',#202,#1302);
#1302 = DEFINITIONAL_REPRESENTATION('',(#1303),#1307);
#1303 = LINE('',#1304,#1305);
#1304 = CARTESIAN_POINT('',(0.,-182.));
#1305 = VECTOR('',#1306,1.);
#1306 = DIRECTION('',(1.,0.));
#1307 = ( GEOMETRIC_REPRESENTATION_CONTEXT(2) 
PARAMETRIC_REPRESENTATION_CONTEXT() REPRESENTATION_CONTEXT('2D SPACE',''
  ) );
#1308 = PCURVE('',#100,#1309);
#1309 = DEFINITIONAL_REPRESENTATION('',(#1310),#1314);
#1310 = LINE('',#1311,#1312);
#1311 = CARTESIAN_POINT('',(0.,9.4));
#1312 = VECTOR('',#1313,1.);
#1313 = DIRECTION('',(1.,0.));
#1314 = ( GEOMETRIC_REPRESENTATION_CONTEXT(2) 
PARAMETRIC_REPRESENTATION_CONTEXT() REPRESENTATION_CONTEXT('2D SPACE',''
  ) );
#1315 = ORIENTED_EDGE('',*,*,#187,.F.);
#1316 = ADVANCED_FACE('',(#1317),#100,.F.);
#1317 = FACE_BOUND('',#1318,.F.);
#1318 = EDGE_LOOP('',(#1319,#1320,#1344,#1368,#1389,#1390));
#1319 = ORIENTED_EDGE('',*,*,#1295,.F.);
#1320 = ORIENTED_EDGE('',*,*,#1321,.F.);
#1321 = EDGE_CURVE('',#1322,#1275,#1324,.T.);
#1322 = VERTEX_POINT('',#1323);
#1323 = CARTESIAN_POINT('',(-5.3149671083E-15,21.7,19.5));
#1324 = SURFACE_CURVE('',#1325,(#1330,#1337),.PCURVE_S1.);
#1325 = CIRCLE('',#1326,21.7);
#1326 = AXIS2_PLACEMENT_3D('',#1327,#1328,#1329);
#1327 = CARTESIAN_POINT('',(0.,1.004751837286E-14,19.5));
#1328 = DIRECTION('',(0.,1.110223024625E-16,-1.));
#1329 = DIRECTION('',(0.,1.,1.110223024625E-16));
#1330 = PCURVE('',#100,#1331);
#1331 = DEFINITIONAL_REPRESENTATION('',(#1332),#1336);
#1332 = CIRCLE('',#1333,21.7);
#1333 = AXIS2_PLACEMENT_2D('',#1334,#1335);
#1334 = CARTESIAN_POINT('',(-20.7,4.7));
#1335 = DIRECTION('',(1.,0.));
#1336 = ( GEOMETRIC_REPRESENTATION_CONTEXT(2) 
PARAMETRIC_REPRESENTATION_CONTEXT() REPRESENTATION_CONTEXT('2D SPACE',''
  ) );
#1337 = PCURVE('',#1181,#1338);
#1338 = DEFINITIONAL_REPRESENTATION('',(#1339),#1343);
#1339 = LINE('',#1340,#1341);
#1340 = CARTESIAN_POINT('',(0.,188.5));
#1341 = VECTOR('',#1342,1.);
#1342 = DIRECTION('',(1.,0.));
#1343 = ( GEOMETRIC_REPRESENTATION_CONTEXT(2) 
PARAMETRIC_REPRESENTATION_CONTEXT() REPRESENTATION_CONTEXT('2D SPACE',''
  ) );
#1344 = ORIENTED_EDGE('',*,*,#1345,.F.);
#1345 = EDGE_CURVE('',#1346,#1322,#1348,.T.);
#1346 = VERTEX_POINT('',#1347);
#1347 = CARTESIAN_POINT('',(-4.7,21.184900282985,19.5));
#1348 = SURFACE_CURVE('',#1349,(#1354,#1361),.PCURVE_S1.);
#1349 = CIRCLE('',#1350,21.7);
#1350 = AXIS2_PLACEMENT_3D('',#1351,#1352,#1353);
#1351 = CARTESIAN_POINT('',(0.,1.004751837286E-14,19.5));
#1352 = DIRECTION('',(0.,1.110223024625E-16,-1.));
#1353 = DIRECTION('',(0.,1.,1.110223024625E-16));
#1354 = PCURVE('',#100,#1355);
#1355 = DEFINITIONAL_REPRESENTATION('',(#1356),#1360);
#1356 = CIRCLE('',#1357,21.7);
#1357 = AXIS2_PLACEMENT_2D('',#1358,#1359);
#1358 = CARTESIAN_POINT('',(-20.7,4.7));
#1359 = DIRECTION('',(1.,0.));
#1360 = ( GEOMETRIC_REPRESENTATION_CONTEXT(2) 
PARAMETRIC_REPRESENTATION_CONTEXT() REPRESENTATION_CONTEXT('2D SPACE',''
  ) );
#1361 = PCURVE('',#1181,#1362);
#1362 = DEFINITIONAL_REPRESENTATION('',(#1363),#1367);
#1363 = LINE('',#1364,#1365);
#1364 = CARTESIAN_POINT('',(0.,188.5));
#1365 = VECTOR('',#1366,1.);
#1366 = DIRECTION('',(1.,0.));
#1367 = ( GEOMETRIC_REPRESENTATION_CONTEXT(2) 
PARAMETRIC_REPRESENTATION_CONTEXT() REPRESENTATION_CONTEXT('2D SPACE',''
  ) );
#1368 = ORIENTED_EDGE('',*,*,#1369,.T.);
#1369 = EDGE_CURVE('',#1346,#58,#1370,.T.);
#1370 = SURFACE_CURVE('',#1371,(#1375,#1382),.PCURVE_S1.);
#1371 = LINE('',#1372,#1373);
#1372 = CARTESIAN_POINT('',(-4.7,20.7,19.5));
#1373 = VECTOR('',#1374,1.);
#1374 = DIRECTION('',(0.,1.,1.110223024625E-16));
#1375 = PCURVE('',#100,#1376);
#1376 = DEFINITIONAL_REPRESENTATION('',(#1377),#1381);
#1377 = LINE('',#1378,#1379);
#1378 = CARTESIAN_POINT('',(0.,0.));
#1379 = VECTOR('',#1380,1.);
#1380 = DIRECTION('',(1.,0.));
#1381 = ( GEOMETRIC_REPRESENTATION_CONTEXT(2) 
PARAMETRIC_REPRESENTATION_CONTEXT() REPRESENTATION_CONTEXT('2D SPACE',''
  ) );
#1382 = PCURVE('',#72,#1383);
#1383 = DEFINITIONAL_REPRESENTATION('',(#1384),#1388);
#1384 = LINE('',#1385,#1386);
#1385 = CARTESIAN_POINT('',(0.,-182.));
#1386 = VECTOR('',#1387,1.);
#1387 = DIRECTION('',(1.,0.));
#1388 = ( GEOMETRIC_REPRESENTATION_CONTEXT(2) 
PARAMETRIC_REPRESENTATION_CONTEXT() REPRESENTATION_CONTEXT('2D SPACE',''
  ) );
#1389 = ORIENTED_EDGE('',*,*,#83,.T.);
#1390 = ORIENTED_EDGE('',*,*,#163,.T.);
#1391 = ADVANCED_FACE('',(#1392,#1395),#150,.T.);
#1392 = FACE_BOUND('',#1393,.T.);
#1393 = EDGE_LOOP('',(#1394));
#1394 = ORIENTED_EDGE('',*,*,#135,.T.);
#1395 = FACE_BOUND('',#1396,.T.);
#1396 = EDGE_LOOP('',(#1397));
#1397 = ORIENTED_EDGE('',*,*,#1398,.F.);
#1398 = EDGE_CURVE('',#1399,#1399,#1401,.T.);
#1399 = VERTEX_POINT('',#1400);
#1400 = CARTESIAN_POINT('',(-6.049755187788E-15,24.7,14.));
#1401 = SURFACE_CURVE('',#1402,(#1407,#1414),.PCURVE_S1.);
#1402 = CIRCLE('',#1403,24.7);
#1403 = AXIS2_PLACEMENT_3D('',#1404,#1405,#1406);
#1404 = CARTESIAN_POINT('',(0.,1.06581410364E-14,14.));
#1405 = DIRECTION('',(0.,1.110223024625E-16,-1.));
#1406 = DIRECTION('',(0.,1.,1.110223024625E-16));
#1407 = PCURVE('',#150,#1408);
#1408 = DEFINITIONAL_REPRESENTATION('',(#1409),#1413);
#1409 = CIRCLE('',#1410,24.7);
#1410 = AXIS2_PLACEMENT_2D('',#1411,#1412);
#1411 = CARTESIAN_POINT('',(0.,0.));
#1412 = DIRECTION('',(1.,0.));
#1413 = ( GEOMETRIC_REPRESENTATION_CONTEXT(2) 
PARAMETRIC_REPRESENTATION_CONTEXT() REPRESENTATION_CONTEXT('2D SPACE',''
  ) );
#1414 = PCURVE('',#1415,#1420);
#1415 = CYLINDRICAL_SURFACE('',#1416,24.7);
#1416 = AXIS2_PLACEMENT_3D('',#1417,#1418,#1419);
#1417 = CARTESIAN_POINT('',(0.,1.054711873394E-14,15.));
#1418 = DIRECTION('',(0.,1.110223024625E-16,-1.));
#1419 = DIRECTION('',(0.,1.,1.110223024625E-16));
#1420 = DEFINITIONAL_REPRESENTATION('',(#1421),#1425);
#1421 = LINE('',#1422,#1423);
#1422 = CARTESIAN_POINT('',(0.,1.));
#1423 = VECTOR('',#1424,1.);
#1424 = DIRECTION('',(1.,0.));
#1425 = ( GEOMETRIC_REPRESENTATION_CONTEXT(2) 
PARAMETRIC_REPRESENTATION_CONTEXT() REPRESENTATION_CONTEXT('2D SPACE',''
  ) );
#1426 = ADVANCED_FACE('',(#1427),#72,.T.);
#1427 = FACE_BOUND('',#1428,.T.);
#1428 = EDGE_LOOP('',(#1429,#1430,#1449,#1450));
#1429 = ORIENTED_EDGE('',*,*,#1217,.F.);
#1430 = ORIENTED_EDGE('',*,*,#1431,.T.);
#1431 = EDGE_CURVE('',#1194,#1346,#1432,.T.);
#1432 = SURFACE_CURVE('',#1433,(#1437,#1443),.PCURVE_S1.);
#1433 = LINE('',#1434,#1435);
#1434 = CARTESIAN_POINT('',(-4.7,21.184900282985,208.));
#1435 = VECTOR('',#1436,1.);
#1436 = DIRECTION('',(0.,1.110223024625E-16,-1.));
#1437 = PCURVE('',#72,#1438);
#1438 = DEFINITIONAL_REPRESENTATION('',(#1439),#1442);
#1439 = B_SPLINE_CURVE_WITH_KNOTS('',1,(#1440,#1441),.UNSPECIFIED.,.F.,
  .F.,(2,2),(1.9999994,206.7),.PIECEWISE_BEZIER_KNOTS.);
#1440 = CARTESIAN_POINT('',(0.484900282985,4.5000006));
#1441 = CARTESIAN_POINT('',(0.484900282985,-200.2));
#1442 = ( GEOMETRIC_REPRESENTATION_CONTEXT(2) 
PARAMETRIC_REPRESENTATION_CONTEXT() REPRESENTATION_CONTEXT('2D SPACE',''
  ) );
#1443 = PCURVE('',#1181,#1444);
#1444 = DEFINITIONAL_REPRESENTATION('',(#1445),#1448);
#1445 = B_SPLINE_CURVE_WITH_KNOTS('',1,(#1446,#1447),.UNSPECIFIED.,.F.,
  .F.,(2,2),(1.9999994,206.7),.PIECEWISE_BEZIER_KNOTS.);
#1446 = CARTESIAN_POINT('',(6.064865252297,1.9999994));
#1447 = CARTESIAN_POINT('',(6.064865252297,206.7));
#1448 = ( GEOMETRIC_REPRESENTATION_CONTEXT(2) 
PARAMETRIC_REPRESENTATION_CONTEXT() REPRESENTATION_CONTEXT('2D SPACE',''
  ) );
#1449 = ORIENTED_EDGE('',*,*,#1369,.T.);
#1450 = ORIENTED_EDGE('',*,*,#57,.F.);
#1451 = ADVANCED_FACE('',(#1452),#456,.T.);
#1452 = FACE_BOUND('',#1453,.T.);
#1453 = EDGE_LOOP('',(#1454,#1477,#1504,#1505));
#1454 = ORIENTED_EDGE('',*,*,#1455,.T.);
#1455 = EDGE_CURVE('',#289,#1456,#1458,.T.);
#1456 = VERTEX_POINT('',#1457);
#1457 = CARTESIAN_POINT('',(44.2,9.,189.3));
#1458 = SEAM_CURVE('',#1459,(#1463,#1470),.PCURVE_S1.);
#1459 = LINE('',#1460,#1461);
#1460 = CARTESIAN_POINT('',(25.7,9.,189.3));
#1461 = VECTOR('',#1462,1.);
#1462 = DIRECTION('',(1.,0.,0.));
#1463 = PCURVE('',#456,#1464);
#1464 = DEFINITIONAL_REPRESENTATION('',(#1465),#1469);
#1465 = LINE('',#1466,#1467);
#1466 = CARTESIAN_POINT('',(6.28318530718,-0.));
#1467 = VECTOR('',#1468,1.);
#1468 = DIRECTION('',(0.,1.));
#1469 = ( GEOMETRIC_REPRESENTATION_CONTEXT(2) 
PARAMETRIC_REPRESENTATION_CONTEXT() REPRESENTATION_CONTEXT('2D SPACE',''
  ) );
#1470 = PCURVE('',#456,#1471);
#1471 = DEFINITIONAL_REPRESENTATION('',(#1472),#1476);
#1472 = LINE('',#1473,#1474);
#1473 = CARTESIAN_POINT('',(0.,-0.));
#1474 = VECTOR('',#1475,1.);
#1475 = DIRECTION('',(0.,1.));
#1476 = ( GEOMETRIC_REPRESENTATION_CONTEXT(2) 
PARAMETRIC_REPRESENTATION_CONTEXT() REPRESENTATION_CONTEXT('2D SPACE',''
  ) );
#1477 = ORIENTED_EDGE('',*,*,#1478,.F.);
#1478 = EDGE_CURVE('',#1456,#1456,#1479,.T.);
#1479 = SURFACE_CURVE('',#1480,(#1485,#1492),.PCURVE_S1.);
#1480 = CIRCLE('',#1481,9.);
#1481 = AXIS2_PLACEMENT_3D('',#1482,#1483,#1484);
#1482 = CARTESIAN_POINT('',(44.2,-8.804068585277E-15,189.3));
#1483 = DIRECTION('',(1.,0.,-0.));
#1484 = DIRECTION('',(0.,1.,1.110223024625E-16));
#1485 = PCURVE('',#456,#1486);
#1486 = DEFINITIONAL_REPRESENTATION('',(#1487),#1491);
#1487 = LINE('',#1488,#1489);
#1488 = CARTESIAN_POINT('',(0.,18.5));
#1489 = VECTOR('',#1490,1.);
#1490 = DIRECTION('',(1.,0.));
#1491 = ( GEOMETRIC_REPRESENTATION_CONTEXT(2) 
PARAMETRIC_REPRESENTATION_CONTEXT() REPRESENTATION_CONTEXT('2D SPACE',''
  ) );
#1492 = PCURVE('',#1493,#1498);
#1493 = PLANE('',#1494);
#1494 = AXIS2_PLACEMENT_3D('',#1495,#1496,#1497);
#1495 = CARTESIAN_POINT('',(44.2,-8.804068585277E-15,189.3));
#1496 = DIRECTION('',(1.,0.,0.));
#1497 = DIRECTION('',(0.,1.,1.110223024625E-16));
#1498 = DEFINITIONAL_REPRESENTATION('',(#1499),#1503);
#1499 = CIRCLE('',#1500,9.);
#1500 = AXIS2_PLACEMENT_2D('',#1501,#1502);
#1501 = CARTESIAN_POINT('',(0.,0.));
#1502 = DIRECTION('',(1.,0.));
#1503 = ( GEOMETRIC_REPRESENTATION_CONTEXT(2) 
PARAMETRIC_REPRESENTATION_CONTEXT() REPRESENTATION_CONTEXT('2D SPACE',''
  ) );
#1504 = ORIENTED_EDGE('',*,*,#1455,.F.);
#1505 = ORIENTED_EDGE('',*,*,#288,.T.);
#1506 = ADVANCED_FACE('',(#1507),#565,.F.);
#1507 = FACE_BOUND('',#1508,.F.);
#1508 = EDGE_LOOP('',(#1509,#1539,#1567,#1588,#1589,#1612));
#1509 = ORIENTED_EDGE('',*,*,#1510,.F.);
#1510 = EDGE_CURVE('',#1511,#1513,#1515,.T.);
#1511 = VERTEX_POINT('',#1512);
#1512 = CARTESIAN_POINT('',(30.7,-7.5,177.3));
#1513 = VERTEX_POINT('',#1514);
#1514 = CARTESIAN_POINT('',(30.7,7.5,177.3));
#1515 = SURFACE_CURVE('',#1516,(#1520,#1527),.PCURVE_S1.);
#1516 = LINE('',#1517,#1518);
#1517 = CARTESIAN_POINT('',(30.7,-7.5,177.3));
#1518 = VECTOR('',#1519,1.);
#1519 = DIRECTION('',(0.,1.,1.110223024625E-16));
#1520 = PCURVE('',#565,#1521);
#1521 = DEFINITIONAL_REPRESENTATION('',(#1522),#1526);
#1522 = LINE('',#1523,#1524);
#1523 = CARTESIAN_POINT('',(0.,4.));
#1524 = VECTOR('',#1525,1.);
#1525 = DIRECTION('',(1.,0.));
#1526 = ( GEOMETRIC_REPRESENTATION_CONTEXT(2) 
PARAMETRIC_REPRESENTATION_CONTEXT() REPRESENTATION_CONTEXT('2D SPACE',''
  ) );
#1527 = PCURVE('',#1528,#1533);
#1528 = PLANE('',#1529);
#1529 = AXIS2_PLACEMENT_3D('',#1530,#1531,#1532);
#1530 = CARTESIAN_POINT('',(30.7,-7.5,177.3));
#1531 = DIRECTION('',(1.,0.,0.));
#1532 = DIRECTION('',(0.,1.,1.110223024625E-16));
#1533 = DEFINITIONAL_REPRESENTATION('',(#1534),#1538);
#1534 = LINE('',#1535,#1536);
#1535 = CARTESIAN_POINT('',(0.,0.));
#1536 = VECTOR('',#1537,1.);
#1537 = DIRECTION('',(1.,0.));
#1538 = ( GEOMETRIC_REPRESENTATION_CONTEXT(2) 
PARAMETRIC_REPRESENTATION_CONTEXT() REPRESENTATION_CONTEXT('2D SPACE',''
  ) );
#1539 = ORIENTED_EDGE('',*,*,#1540,.F.);
#1540 = EDGE_CURVE('',#1541,#1511,#1543,.T.);
#1541 = VERTEX_POINT('',#1542);
#1542 = CARTESIAN_POINT('',(26.7,-7.5,177.3));
#1543 = SURFACE_CURVE('',#1544,(#1548,#1555),.PCURVE_S1.);
#1544 = LINE('',#1545,#1546);
#1545 = CARTESIAN_POINT('',(26.7,-7.5,177.3));
#1546 = VECTOR('',#1547,1.);
#1547 = DIRECTION('',(1.,0.,0.));
#1548 = PCURVE('',#565,#1549);
#1549 = DEFINITIONAL_REPRESENTATION('',(#1550),#1554);
#1550 = LINE('',#1551,#1552);
#1551 = CARTESIAN_POINT('',(0.,0.));
#1552 = VECTOR('',#1553,1.);
#1553 = DIRECTION('',(0.,1.));
#1554 = ( GEOMETRIC_REPRESENTATION_CONTEXT(2) 
PARAMETRIC_REPRESENTATION_CONTEXT() REPRESENTATION_CONTEXT('2D SPACE',''
  ) );
#1555 = PCURVE('',#1556,#1561);
#1556 = PLANE('',#1557);
#1557 = AXIS2_PLACEMENT_3D('',#1558,#1559,#1560);
#1558 = CARTESIAN_POINT('',(26.7,-7.5,177.3));
#1559 = DIRECTION('',(0.,1.,1.110223024625E-16));
#1560 = DIRECTION('',(1.,0.,0.));
#1561 = DEFINITIONAL_REPRESENTATION('',(#1562),#1566);
#1562 = LINE('',#1563,#1564);
#1563 = CARTESIAN_POINT('',(0.,0.));
#1564 = VECTOR('',#1565,1.);
#1565 = DIRECTION('',(1.,0.));
#1566 = ( GEOMETRIC_REPRESENTATION_CONTEXT(2) 
PARAMETRIC_REPRESENTATION_CONTEXT() REPRESENTATION_CONTEXT('2D SPACE',''
  ) );
#1567 = ORIENTED_EDGE('',*,*,#1568,.T.);
#1568 = EDGE_CURVE('',#1541,#549,#1569,.T.);
#1569 = SURFACE_CURVE('',#1570,(#1574,#1581),.PCURVE_S1.);
#1570 = LINE('',#1571,#1572);
#1571 = CARTESIAN_POINT('',(26.7,-7.5,177.3));
#1572 = VECTOR('',#1573,1.);
#1573 = DIRECTION('',(0.,1.,1.110223024625E-16));
#1574 = PCURVE('',#565,#1575);
#1575 = DEFINITIONAL_REPRESENTATION('',(#1576),#1580);
#1576 = LINE('',#1577,#1578);
#1577 = CARTESIAN_POINT('',(0.,0.));
#1578 = VECTOR('',#1579,1.);
#1579 = DIRECTION('',(1.,0.));
#1580 = ( GEOMETRIC_REPRESENTATION_CONTEXT(2) 
PARAMETRIC_REPRESENTATION_CONTEXT() REPRESENTATION_CONTEXT('2D SPACE',''
  ) );
#1581 = PCURVE('',#645,#1582);
#1582 = DEFINITIONAL_REPRESENTATION('',(#1583),#1587);
#1583 = LINE('',#1584,#1585);
#1584 = CARTESIAN_POINT('',(0.,0.));
#1585 = VECTOR('',#1586,1.);
#1586 = DIRECTION('',(1.,0.));
#1587 = ( GEOMETRIC_REPRESENTATION_CONTEXT(2) 
PARAMETRIC_REPRESENTATION_CONTEXT() REPRESENTATION_CONTEXT('2D SPACE',''
  ) );
#1588 = ORIENTED_EDGE('',*,*,#546,.F.);
#1589 = ORIENTED_EDGE('',*,*,#1590,.T.);
#1590 = EDGE_CURVE('',#547,#1591,#1593,.T.);
#1591 = VERTEX_POINT('',#1592);
#1592 = CARTESIAN_POINT('',(26.7,7.5,177.3));
#1593 = SURFACE_CURVE('',#1594,(#1598,#1605),.PCURVE_S1.);
#1594 = LINE('',#1595,#1596);
#1595 = CARTESIAN_POINT('',(26.7,-7.5,177.3));
#1596 = VECTOR('',#1597,1.);
#1597 = DIRECTION('',(0.,1.,1.110223024625E-16));
#1598 = PCURVE('',#565,#1599);
#1599 = DEFINITIONAL_REPRESENTATION('',(#1600),#1604);
#1600 = LINE('',#1601,#1602);
#1601 = CARTESIAN_POINT('',(0.,0.));
#1602 = VECTOR('',#1603,1.);
#1603 = DIRECTION('',(1.,0.));
#1604 = ( GEOMETRIC_REPRESENTATION_CONTEXT(2) 
PARAMETRIC_REPRESENTATION_CONTEXT() REPRESENTATION_CONTEXT('2D SPACE',''
  ) );
#1605 = PCURVE('',#592,#1606);
#1606 = DEFINITIONAL_REPRESENTATION('',(#1607),#1611);
#1607 = LINE('',#1608,#1609);
#1608 = CARTESIAN_POINT('',(0.,0.));
#1609 = VECTOR('',#1610,1.);
#1610 = DIRECTION('',(1.,0.));
#1611 = ( GEOMETRIC_REPRESENTATION_CONTEXT(2) 
PARAMETRIC_REPRESENTATION_CONTEXT() REPRESENTATION_CONTEXT('2D SPACE',''
  ) );
#1612 = ORIENTED_EDGE('',*,*,#1613,.T.);
#1613 = EDGE_CURVE('',#1591,#1513,#1614,.T.);
#1614 = SURFACE_CURVE('',#1615,(#1619,#1626),.PCURVE_S1.);
#1615 = LINE('',#1616,#1617);
#1616 = CARTESIAN_POINT('',(26.7,7.5,177.3));
#1617 = VECTOR('',#1618,1.);
#1618 = DIRECTION('',(1.,0.,0.));
#1619 = PCURVE('',#565,#1620);
#1620 = DEFINITIONAL_REPRESENTATION('',(#1621),#1625);
#1621 = LINE('',#1622,#1623);
#1622 = CARTESIAN_POINT('',(15.,0.));
#1623 = VECTOR('',#1624,1.);
#1624 = DIRECTION('',(0.,1.));
#1625 = ( GEOMETRIC_REPRESENTATION_CONTEXT(2) 
PARAMETRIC_REPRESENTATION_CONTEXT() REPRESENTATION_CONTEXT('2D SPACE',''
  ) );
#1626 = PCURVE('',#1627,#1632);
#1627 = PLANE('',#1628);
#1628 = AXIS2_PLACEMENT_3D('',#1629,#1630,#1631);
#1629 = CARTESIAN_POINT('',(26.7,7.5,177.3));
#1630 = DIRECTION('',(0.,1.,1.110223024625E-16));
#1631 = DIRECTION('',(1.,0.,0.));
#1632 = DEFINITIONAL_REPRESENTATION('',(#1633),#1637);
#1633 = LINE('',#1634,#1635);
#1634 = CARTESIAN_POINT('',(0.,0.));
#1635 = VECTOR('',#1636,1.);
#1636 = DIRECTION('',(1.,0.));
#1637 = ( GEOMETRIC_REPRESENTATION_CONTEXT(2) 
PARAMETRIC_REPRESENTATION_CONTEXT() REPRESENTATION_CONTEXT('2D SPACE',''
  ) );
#1638 = ADVANCED_FACE('',(#1639),#592,.F.);
#1639 = FACE_BOUND('',#1640,.F.);
#1640 = EDGE_LOOP('',(#1641,#1642,#1643,#1666));
#1641 = ORIENTED_EDGE('',*,*,#1590,.F.);
#1642 = ORIENTED_EDGE('',*,*,#577,.T.);
#1643 = ORIENTED_EDGE('',*,*,#1644,.T.);
#1644 = EDGE_CURVE('',#578,#1645,#1647,.T.);
#1645 = VERTEX_POINT('',#1646);
#1646 = CARTESIAN_POINT('',(26.7,7.5,141.3));
#1647 = SURFACE_CURVE('',#1648,(#1652,#1659),.PCURVE_S1.);
#1648 = LINE('',#1649,#1650);
#1649 = CARTESIAN_POINT('',(26.7,-7.5,141.3));
#1650 = VECTOR('',#1651,1.);
#1651 = DIRECTION('',(0.,1.,1.110223024625E-16));
#1652 = PCURVE('',#592,#1653);
#1653 = DEFINITIONAL_REPRESENTATION('',(#1654),#1658);
#1654 = LINE('',#1655,#1656);
#1655 = CARTESIAN_POINT('',(0.,-36.));
#1656 = VECTOR('',#1657,1.);
#1657 = DIRECTION('',(1.,0.));
#1658 = ( GEOMETRIC_REPRESENTATION_CONTEXT(2) 
PARAMETRIC_REPRESENTATION_CONTEXT() REPRESENTATION_CONTEXT('2D SPACE',''
  ) );
#1659 = PCURVE('',#620,#1660);
#1660 = DEFINITIONAL_REPRESENTATION('',(#1661),#1665);
#1661 = LINE('',#1662,#1663);
#1662 = CARTESIAN_POINT('',(0.,0.));
#1663 = VECTOR('',#1664,1.);
#1664 = DIRECTION('',(1.,0.));
#1665 = ( GEOMETRIC_REPRESENTATION_CONTEXT(2) 
PARAMETRIC_REPRESENTATION_CONTEXT() REPRESENTATION_CONTEXT('2D SPACE',''
  ) );
#1666 = ORIENTED_EDGE('',*,*,#1667,.F.);
#1667 = EDGE_CURVE('',#1591,#1645,#1668,.T.);
#1668 = SURFACE_CURVE('',#1669,(#1673,#1680),.PCURVE_S1.);
#1669 = LINE('',#1670,#1671);
#1670 = CARTESIAN_POINT('',(26.7,7.5,177.3));
#1671 = VECTOR('',#1672,1.);
#1672 = DIRECTION('',(0.,1.110223024625E-16,-1.));
#1673 = PCURVE('',#592,#1674);
#1674 = DEFINITIONAL_REPRESENTATION('',(#1675),#1679);
#1675 = LINE('',#1676,#1677);
#1676 = CARTESIAN_POINT('',(15.,0.));
#1677 = VECTOR('',#1678,1.);
#1678 = DIRECTION('',(0.,-1.));
#1679 = ( GEOMETRIC_REPRESENTATION_CONTEXT(2) 
PARAMETRIC_REPRESENTATION_CONTEXT() REPRESENTATION_CONTEXT('2D SPACE',''
  ) );
#1680 = PCURVE('',#1627,#1681);
#1681 = DEFINITIONAL_REPRESENTATION('',(#1682),#1686);
#1682 = LINE('',#1683,#1684);
#1683 = CARTESIAN_POINT('',(0.,0.));
#1684 = VECTOR('',#1685,1.);
#1685 = DIRECTION('',(0.,1.));
#1686 = ( GEOMETRIC_REPRESENTATION_CONTEXT(2) 
PARAMETRIC_REPRESENTATION_CONTEXT() REPRESENTATION_CONTEXT('2D SPACE',''
  ) );
#1687 = ADVANCED_FACE('',(#1688),#645,.F.);
#1688 = FACE_BOUND('',#1689,.F.);
#1689 = EDGE_LOOP('',(#1690,#1691,#1714,#1735));
#1690 = ORIENTED_EDGE('',*,*,#1568,.F.);
#1691 = ORIENTED_EDGE('',*,*,#1692,.T.);
#1692 = EDGE_CURVE('',#1541,#1693,#1695,.T.);
#1693 = VERTEX_POINT('',#1694);
#1694 = CARTESIAN_POINT('',(26.7,-7.5,141.3));
#1695 = SURFACE_CURVE('',#1696,(#1700,#1707),.PCURVE_S1.);
#1696 = LINE('',#1697,#1698);
#1697 = CARTESIAN_POINT('',(26.7,-7.5,177.3));
#1698 = VECTOR('',#1699,1.);
#1699 = DIRECTION('',(0.,1.110223024625E-16,-1.));
#1700 = PCURVE('',#645,#1701);
#1701 = DEFINITIONAL_REPRESENTATION('',(#1702),#1706);
#1702 = LINE('',#1703,#1704);
#1703 = CARTESIAN_POINT('',(0.,0.));
#1704 = VECTOR('',#1705,1.);
#1705 = DIRECTION('',(0.,-1.));
#1706 = ( GEOMETRIC_REPRESENTATION_CONTEXT(2) 
PARAMETRIC_REPRESENTATION_CONTEXT() REPRESENTATION_CONTEXT('2D SPACE',''
  ) );
#1707 = PCURVE('',#1556,#1708);
#1708 = DEFINITIONAL_REPRESENTATION('',(#1709),#1713);
#1709 = LINE('',#1710,#1711);
#1710 = CARTESIAN_POINT('',(0.,0.));
#1711 = VECTOR('',#1712,1.);
#1712 = DIRECTION('',(0.,1.));
#1713 = ( GEOMETRIC_REPRESENTATION_CONTEXT(2) 
PARAMETRIC_REPRESENTATION_CONTEXT() REPRESENTATION_CONTEXT('2D SPACE',''
  ) );
#1714 = ORIENTED_EDGE('',*,*,#1715,.T.);
#1715 = EDGE_CURVE('',#1693,#604,#1716,.T.);
#1716 = SURFACE_CURVE('',#1717,(#1721,#1728),.PCURVE_S1.);
#1717 = LINE('',#1718,#1719);
#1718 = CARTESIAN_POINT('',(26.7,-7.5,141.3));
#1719 = VECTOR('',#1720,1.);
#1720 = DIRECTION('',(0.,1.,1.110223024625E-16));
#1721 = PCURVE('',#645,#1722);
#1722 = DEFINITIONAL_REPRESENTATION('',(#1723),#1727);
#1723 = LINE('',#1724,#1725);
#1724 = CARTESIAN_POINT('',(0.,-36.));
#1725 = VECTOR('',#1726,1.);
#1726 = DIRECTION('',(1.,0.));
#1727 = ( GEOMETRIC_REPRESENTATION_CONTEXT(2) 
PARAMETRIC_REPRESENTATION_CONTEXT() REPRESENTATION_CONTEXT('2D SPACE',''
  ) );
#1728 = PCURVE('',#620,#1729);
#1729 = DEFINITIONAL_REPRESENTATION('',(#1730),#1734);
#1730 = LINE('',#1731,#1732);
#1731 = CARTESIAN_POINT('',(0.,0.));
#1732 = VECTOR('',#1733,1.);
#1733 = DIRECTION('',(1.,0.));
#1734 = ( GEOMETRIC_REPRESENTATION_CONTEXT(2) 
PARAMETRIC_REPRESENTATION_CONTEXT() REPRESENTATION_CONTEXT('2D SPACE',''
  ) );
#1735 = ORIENTED_EDGE('',*,*,#632,.F.);
#1736 = ADVANCED_FACE('',(#1737),#620,.T.);
#1737 = FACE_BOUND('',#1738,.T.);
#1738 = EDGE_LOOP('',(#1739,#1764,#1785,#1786,#1787,#1788));
#1739 = ORIENTED_EDGE('',*,*,#1740,.F.);
#1740 = EDGE_CURVE('',#1741,#1743,#1745,.T.);
#1741 = VERTEX_POINT('',#1742);
#1742 = CARTESIAN_POINT('',(30.7,-7.5,141.3));
#1743 = VERTEX_POINT('',#1744);
#1744 = CARTESIAN_POINT('',(30.7,7.5,141.3));
#1745 = SURFACE_CURVE('',#1746,(#1750,#1757),.PCURVE_S1.);
#1746 = LINE('',#1747,#1748);
#1747 = CARTESIAN_POINT('',(30.7,-7.5,141.3));
#1748 = VECTOR('',#1749,1.);
#1749 = DIRECTION('',(0.,1.,1.110223024625E-16));
#1750 = PCURVE('',#620,#1751);
#1751 = DEFINITIONAL_REPRESENTATION('',(#1752),#1756);
#1752 = LINE('',#1753,#1754);
#1753 = CARTESIAN_POINT('',(0.,4.));
#1754 = VECTOR('',#1755,1.);
#1755 = DIRECTION('',(1.,0.));
#1756 = ( GEOMETRIC_REPRESENTATION_CONTEXT(2) 
PARAMETRIC_REPRESENTATION_CONTEXT() REPRESENTATION_CONTEXT('2D SPACE',''
  ) );
#1757 = PCURVE('',#1528,#1758);
#1758 = DEFINITIONAL_REPRESENTATION('',(#1759),#1763);
#1759 = LINE('',#1760,#1761);
#1760 = CARTESIAN_POINT('',(0.,-36.));
#1761 = VECTOR('',#1762,1.);
#1762 = DIRECTION('',(1.,0.));
#1763 = ( GEOMETRIC_REPRESENTATION_CONTEXT(2) 
PARAMETRIC_REPRESENTATION_CONTEXT() REPRESENTATION_CONTEXT('2D SPACE',''
  ) );
#1764 = ORIENTED_EDGE('',*,*,#1765,.F.);
#1765 = EDGE_CURVE('',#1693,#1741,#1766,.T.);
#1766 = SURFACE_CURVE('',#1767,(#1771,#1778),.PCURVE_S1.);
#1767 = LINE('',#1768,#1769);
#1768 = CARTESIAN_POINT('',(26.7,-7.5,141.3));
#1769 = VECTOR('',#1770,1.);
#1770 = DIRECTION('',(1.,0.,0.));
#1771 = PCURVE('',#620,#1772);
#1772 = DEFINITIONAL_REPRESENTATION('',(#1773),#1777);
#1773 = LINE('',#1774,#1775);
#1774 = CARTESIAN_POINT('',(0.,0.));
#1775 = VECTOR('',#1776,1.);
#1776 = DIRECTION('',(0.,1.));
#1777 = ( GEOMETRIC_REPRESENTATION_CONTEXT(2) 
PARAMETRIC_REPRESENTATION_CONTEXT() REPRESENTATION_CONTEXT('2D SPACE',''
  ) );
#1778 = PCURVE('',#1556,#1779);
#1779 = DEFINITIONAL_REPRESENTATION('',(#1780),#1784);
#1780 = LINE('',#1781,#1782);
#1781 = CARTESIAN_POINT('',(0.,36.));
#1782 = VECTOR('',#1783,1.);
#1783 = DIRECTION('',(1.,0.));
#1784 = ( GEOMETRIC_REPRESENTATION_CONTEXT(2) 
PARAMETRIC_REPRESENTATION_CONTEXT() REPRESENTATION_CONTEXT('2D SPACE',''
  ) );
#1785 = ORIENTED_EDGE('',*,*,#1715,.T.);
#1786 = ORIENTED_EDGE('',*,*,#603,.F.);
#1787 = ORIENTED_EDGE('',*,*,#1644,.T.);
#1788 = ORIENTED_EDGE('',*,*,#1789,.T.);
#1789 = EDGE_CURVE('',#1645,#1743,#1790,.T.);
#1790 = SURFACE_CURVE('',#1791,(#1795,#1802),.PCURVE_S1.);
#1791 = LINE('',#1792,#1793);
#1792 = CARTESIAN_POINT('',(26.7,7.5,141.3));
#1793 = VECTOR('',#1794,1.);
#1794 = DIRECTION('',(1.,0.,0.));
#1795 = PCURVE('',#620,#1796);
#1796 = DEFINITIONAL_REPRESENTATION('',(#1797),#1801);
#1797 = LINE('',#1798,#1799);
#1798 = CARTESIAN_POINT('',(15.,0.));
#1799 = VECTOR('',#1800,1.);
#1800 = DIRECTION('',(0.,1.));
#1801 = ( GEOMETRIC_REPRESENTATION_CONTEXT(2) 
PARAMETRIC_REPRESENTATION_CONTEXT() REPRESENTATION_CONTEXT('2D SPACE',''
  ) );
#1802 = PCURVE('',#1627,#1803);
#1803 = DEFINITIONAL_REPRESENTATION('',(#1804),#1808);
#1804 = LINE('',#1805,#1806);
#1805 = CARTESIAN_POINT('',(0.,36.));
#1806 = VECTOR('',#1807,1.);
#1807 = DIRECTION('',(1.,0.));
#1808 = ( GEOMETRIC_REPRESENTATION_CONTEXT(2) 
PARAMETRIC_REPRESENTATION_CONTEXT() REPRESENTATION_CONTEXT('2D SPACE',''
  ) );
#1809 = ADVANCED_FACE('',(#1810),#826,.T.);
#1810 = FACE_BOUND('',#1811,.T.);
#1811 = EDGE_LOOP('',(#1812,#1835,#1862,#1863));
#1812 = ORIENTED_EDGE('',*,*,#1813,.T.);
#1813 = EDGE_CURVE('',#659,#1814,#1816,.T.);
#1814 = VERTEX_POINT('',#1815);
#1815 = CARTESIAN_POINT('',(-44.2,-9.,189.3));
#1816 = SEAM_CURVE('',#1817,(#1821,#1828),.PCURVE_S1.);
#1817 = LINE('',#1818,#1819);
#1818 = CARTESIAN_POINT('',(-25.7,-9.,189.3));
#1819 = VECTOR('',#1820,1.);
#1820 = DIRECTION('',(-1.,0.,0.));
#1821 = PCURVE('',#826,#1822);
#1822 = DEFINITIONAL_REPRESENTATION('',(#1823),#1827);
#1823 = LINE('',#1824,#1825);
#1824 = CARTESIAN_POINT('',(6.28318530718,-0.));
#1825 = VECTOR('',#1826,1.);
#1826 = DIRECTION('',(0.,1.));
#1827 = ( GEOMETRIC_REPRESENTATION_CONTEXT(2) 
PARAMETRIC_REPRESENTATION_CONTEXT() REPRESENTATION_CONTEXT('2D SPACE',''
  ) );
#1828 = PCURVE('',#826,#1829);
#1829 = DEFINITIONAL_REPRESENTATION('',(#1830),#1834);
#1830 = LINE('',#1831,#1832);
#1831 = CARTESIAN_POINT('',(0.,-0.));
#1832 = VECTOR('',#1833,1.);
#1833 = DIRECTION('',(0.,1.));
#1834 = ( GEOMETRIC_REPRESENTATION_CONTEXT(2) 
PARAMETRIC_REPRESENTATION_CONTEXT() REPRESENTATION_CONTEXT('2D SPACE',''
  ) );
#1835 = ORIENTED_EDGE('',*,*,#1836,.F.);
#1836 = EDGE_CURVE('',#1814,#1814,#1837,.T.);
#1837 = SURFACE_CURVE('',#1838,(#1843,#1850),.PCURVE_S1.);
#1838 = CIRCLE('',#1839,9.);
#1839 = AXIS2_PLACEMENT_3D('',#1840,#1841,#1842);
#1840 = CARTESIAN_POINT('',(-44.2,-8.804068585277E-15,189.3));
#1841 = DIRECTION('',(-1.,0.,-0.));
#1842 = DIRECTION('',(0.,-1.,-1.110223024625E-16));
#1843 = PCURVE('',#826,#1844);
#1844 = DEFINITIONAL_REPRESENTATION('',(#1845),#1849);
#1845 = LINE('',#1846,#1847);
#1846 = CARTESIAN_POINT('',(0.,18.5));
#1847 = VECTOR('',#1848,1.);
#1848 = DIRECTION('',(1.,0.));
#1849 = ( GEOMETRIC_REPRESENTATION_CONTEXT(2) 
PARAMETRIC_REPRESENTATION_CONTEXT() REPRESENTATION_CONTEXT('2D SPACE',''
  ) );
#1850 = PCURVE('',#1851,#1856);
#1851 = PLANE('',#1852);
#1852 = AXIS2_PLACEMENT_3D('',#1853,#1854,#1855);
#1853 = CARTESIAN_POINT('',(-44.2,-8.804068585277E-15,189.3));
#1854 = DIRECTION('',(-1.,0.,0.));
#1855 = DIRECTION('',(0.,-1.,-1.110223024625E-16));
#1856 = DEFINITIONAL_REPRESENTATION('',(#1857),#1861);
#1857 = CIRCLE('',#1858,9.);
#1858 = AXIS2_PLACEMENT_2D('',#1859,#1860);
#1859 = CARTESIAN_POINT('',(0.,0.));
#1860 = DIRECTION('',(1.,0.));
#1861 = ( GEOMETRIC_REPRESENTATION_CONTEXT(2) 
PARAMETRIC_REPRESENTATION_CONTEXT() REPRESENTATION_CONTEXT('2D SPACE',''
  ) );
#1862 = ORIENTED_EDGE('',*,*,#1813,.F.);
#1863 = ORIENTED_EDGE('',*,*,#658,.T.);
#1864 = ADVANCED_FACE('',(#1865),#933,.T.);
#1865 = FACE_BOUND('',#1866,.T.);
#1866 = EDGE_LOOP('',(#1867,#1890,#1891,#1914));
#1867 = ORIENTED_EDGE('',*,*,#1868,.F.);
#1868 = EDGE_CURVE('',#917,#1869,#1871,.T.);
#1869 = VERTEX_POINT('',#1870);
#1870 = CARTESIAN_POINT('',(-26.7,7.5,177.3));
#1871 = SURFACE_CURVE('',#1872,(#1876,#1883),.PCURVE_S1.);
#1872 = LINE('',#1873,#1874);
#1873 = CARTESIAN_POINT('',(-26.7,-7.5,177.3));
#1874 = VECTOR('',#1875,1.);
#1875 = DIRECTION('',(0.,1.,1.110223024625E-16));
#1876 = PCURVE('',#933,#1877);
#1877 = DEFINITIONAL_REPRESENTATION('',(#1878),#1882);
#1878 = LINE('',#1879,#1880);
#1879 = CARTESIAN_POINT('',(0.,0.));
#1880 = VECTOR('',#1881,1.);
#1881 = DIRECTION('',(1.,0.));
#1882 = ( GEOMETRIC_REPRESENTATION_CONTEXT(2) 
PARAMETRIC_REPRESENTATION_CONTEXT() REPRESENTATION_CONTEXT('2D SPACE',''
  ) );
#1883 = PCURVE('',#961,#1884);
#1884 = DEFINITIONAL_REPRESENTATION('',(#1885),#1889);
#1885 = LINE('',#1886,#1887);
#1886 = CARTESIAN_POINT('',(0.,4.));
#1887 = VECTOR('',#1888,1.);
#1888 = DIRECTION('',(1.,0.));
#1889 = ( GEOMETRIC_REPRESENTATION_CONTEXT(2) 
PARAMETRIC_REPRESENTATION_CONTEXT() REPRESENTATION_CONTEXT('2D SPACE',''
  ) );
#1890 = ORIENTED_EDGE('',*,*,#916,.T.);
#1891 = ORIENTED_EDGE('',*,*,#1892,.T.);
#1892 = EDGE_CURVE('',#919,#1893,#1895,.T.);
#1893 = VERTEX_POINT('',#1894);
#1894 = CARTESIAN_POINT('',(-26.7,7.5,141.3));
#1895 = SURFACE_CURVE('',#1896,(#1900,#1907),.PCURVE_S1.);
#1896 = LINE('',#1897,#1898);
#1897 = CARTESIAN_POINT('',(-26.7,-7.5,141.3));
#1898 = VECTOR('',#1899,1.);
#1899 = DIRECTION('',(0.,1.,1.110223024625E-16));
#1900 = PCURVE('',#933,#1901);
#1901 = DEFINITIONAL_REPRESENTATION('',(#1902),#1906);
#1902 = LINE('',#1903,#1904);
#1903 = CARTESIAN_POINT('',(0.,-36.));
#1904 = VECTOR('',#1905,1.);
#1905 = DIRECTION('',(1.,0.));
#1906 = ( GEOMETRIC_REPRESENTATION_CONTEXT(2) 
PARAMETRIC_REPRESENTATION_CONTEXT() REPRESENTATION_CONTEXT('2D SPACE',''
  ) );
#1907 = PCURVE('',#1014,#1908);
#1908 = DEFINITIONAL_REPRESENTATION('',(#1909),#1913);
#1909 = LINE('',#1910,#1911);
#1910 = CARTESIAN_POINT('',(0.,4.));
#1911 = VECTOR('',#1912,1.);
#1912 = DIRECTION('',(1.,0.));
#1913 = ( GEOMETRIC_REPRESENTATION_CONTEXT(2) 
PARAMETRIC_REPRESENTATION_CONTEXT() REPRESENTATION_CONTEXT('2D SPACE',''
  ) );
#1914 = ORIENTED_EDGE('',*,*,#1915,.F.);
#1915 = EDGE_CURVE('',#1869,#1893,#1916,.T.);
#1916 = SURFACE_CURVE('',#1917,(#1921,#1928),.PCURVE_S1.);
#1917 = LINE('',#1918,#1919);
#1918 = CARTESIAN_POINT('',(-26.7,7.5,177.3));
#1919 = VECTOR('',#1920,1.);
#1920 = DIRECTION('',(0.,1.110223024625E-16,-1.));
#1921 = PCURVE('',#933,#1922);
#1922 = DEFINITIONAL_REPRESENTATION('',(#1923),#1927);
#1923 = LINE('',#1924,#1925);
#1924 = CARTESIAN_POINT('',(15.,0.));
#1925 = VECTOR('',#1926,1.);
#1926 = DIRECTION('',(0.,-1.));
#1927 = ( GEOMETRIC_REPRESENTATION_CONTEXT(2) 
PARAMETRIC_REPRESENTATION_CONTEXT() REPRESENTATION_CONTEXT('2D SPACE',''
  ) );
#1928 = PCURVE('',#1929,#1934);
#1929 = PLANE('',#1930);
#1930 = AXIS2_PLACEMENT_3D('',#1931,#1932,#1933);
#1931 = CARTESIAN_POINT('',(-30.7,7.5,177.3));
#1932 = DIRECTION('',(0.,1.,1.110223024625E-16));
#1933 = DIRECTION('',(1.,0.,0.));
#1934 = DEFINITIONAL_REPRESENTATION('',(#1935),#1939);
#1935 = LINE('',#1936,#1937);
#1936 = CARTESIAN_POINT('',(4.,0.));
#1937 = VECTOR('',#1938,1.);
#1938 = DIRECTION('',(0.,1.));
#1939 = ( GEOMETRIC_REPRESENTATION_CONTEXT(2) 
PARAMETRIC_REPRESENTATION_CONTEXT() REPRESENTATION_CONTEXT('2D SPACE',''
  ) );
#1940 = ADVANCED_FACE('',(#1941),#961,.F.);
#1941 = FACE_BOUND('',#1942,.F.);
#1942 = EDGE_LOOP('',(#1943,#1966,#1994,#2022,#2043,#2044));
#1943 = ORIENTED_EDGE('',*,*,#1944,.F.);
#1944 = EDGE_CURVE('',#1945,#945,#1947,.T.);
#1945 = VERTEX_POINT('',#1946);
#1946 = CARTESIAN_POINT('',(-26.7,-7.5,177.3));
#1947 = SURFACE_CURVE('',#1948,(#1952,#1959),.PCURVE_S1.);
#1948 = LINE('',#1949,#1950);
#1949 = CARTESIAN_POINT('',(-26.7,-7.5,177.3));
#1950 = VECTOR('',#1951,1.);
#1951 = DIRECTION('',(0.,1.,1.110223024625E-16));
#1952 = PCURVE('',#961,#1953);
#1953 = DEFINITIONAL_REPRESENTATION('',(#1954),#1958);
#1954 = LINE('',#1955,#1956);
#1955 = CARTESIAN_POINT('',(0.,4.));
#1956 = VECTOR('',#1957,1.);
#1957 = DIRECTION('',(1.,0.));
#1958 = ( GEOMETRIC_REPRESENTATION_CONTEXT(2) 
PARAMETRIC_REPRESENTATION_CONTEXT() REPRESENTATION_CONTEXT('2D SPACE',''
  ) );
#1959 = PCURVE('',#988,#1960);
#1960 = DEFINITIONAL_REPRESENTATION('',(#1961),#1965);
#1961 = LINE('',#1962,#1963);
#1962 = CARTESIAN_POINT('',(0.,0.));
#1963 = VECTOR('',#1964,1.);
#1964 = DIRECTION('',(1.,0.));
#1965 = ( GEOMETRIC_REPRESENTATION_CONTEXT(2) 
PARAMETRIC_REPRESENTATION_CONTEXT() REPRESENTATION_CONTEXT('2D SPACE',''
  ) );
#1966 = ORIENTED_EDGE('',*,*,#1967,.F.);
#1967 = EDGE_CURVE('',#1968,#1945,#1970,.T.);
#1968 = VERTEX_POINT('',#1969);
#1969 = CARTESIAN_POINT('',(-30.7,-7.5,177.3));
#1970 = SURFACE_CURVE('',#1971,(#1975,#1982),.PCURVE_S1.);
#1971 = LINE('',#1972,#1973);
#1972 = CARTESIAN_POINT('',(-30.7,-7.5,177.3));
#1973 = VECTOR('',#1974,1.);
#1974 = DIRECTION('',(1.,0.,0.));
#1975 = PCURVE('',#961,#1976);
#1976 = DEFINITIONAL_REPRESENTATION('',(#1977),#1981);
#1977 = LINE('',#1978,#1979);
#1978 = CARTESIAN_POINT('',(0.,0.));
#1979 = VECTOR('',#1980,1.);
#1980 = DIRECTION('',(0.,1.));
#1981 = ( GEOMETRIC_REPRESENTATION_CONTEXT(2) 
PARAMETRIC_REPRESENTATION_CONTEXT() REPRESENTATION_CONTEXT('2D SPACE',''
  ) );
#1982 = PCURVE('',#1983,#1988);
#1983 = PLANE('',#1984);
#1984 = AXIS2_PLACEMENT_3D('',#1985,#1986,#1987);
#1985 = CARTESIAN_POINT('',(-30.7,-7.5,177.3));
#1986 = DIRECTION('',(0.,1.,1.110223024625E-16));
#1987 = DIRECTION('',(1.,0.,0.));
#1988 = DEFINITIONAL_REPRESENTATION('',(#1989),#1993);
#1989 = LINE('',#1990,#1991);
#1990 = CARTESIAN_POINT('',(0.,0.));
#1991 = VECTOR('',#1992,1.);
#1992 = DIRECTION('',(1.,0.));
#1993 = ( GEOMETRIC_REPRESENTATION_CONTEXT(2) 
PARAMETRIC_REPRESENTATION_CONTEXT() REPRESENTATION_CONTEXT('2D SPACE',''
  ) );
#1994 = ORIENTED_EDGE('',*,*,#1995,.T.);
#1995 = EDGE_CURVE('',#1968,#1996,#1998,.T.);
#1996 = VERTEX_POINT('',#1997);
#1997 = CARTESIAN_POINT('',(-30.7,7.5,177.3));
#1998 = SURFACE_CURVE('',#1999,(#2003,#2010),.PCURVE_S1.);
#1999 = LINE('',#2000,#2001);
#2000 = CARTESIAN_POINT('',(-30.7,-7.5,177.3));
#2001 = VECTOR('',#2002,1.);
#2002 = DIRECTION('',(0.,1.,1.110223024625E-16));
#2003 = PCURVE('',#961,#2004);
#2004 = DEFINITIONAL_REPRESENTATION('',(#2005),#2009);
#2005 = LINE('',#2006,#2007);
#2006 = CARTESIAN_POINT('',(0.,0.));
#2007 = VECTOR('',#2008,1.);
#2008 = DIRECTION('',(1.,0.));
#2009 = ( GEOMETRIC_REPRESENTATION_CONTEXT(2) 
PARAMETRIC_REPRESENTATION_CONTEXT() REPRESENTATION_CONTEXT('2D SPACE',''
  ) );
#2010 = PCURVE('',#2011,#2016);
#2011 = PLANE('',#2012);
#2012 = AXIS2_PLACEMENT_3D('',#2013,#2014,#2015);
#2013 = CARTESIAN_POINT('',(-30.7,-7.5,177.3));
#2014 = DIRECTION('',(1.,0.,0.));
#2015 = DIRECTION('',(0.,1.,1.110223024625E-16));
#2016 = DEFINITIONAL_REPRESENTATION('',(#2017),#2021);
#2017 = LINE('',#2018,#2019);
#2018 = CARTESIAN_POINT('',(0.,0.));
#2019 = VECTOR('',#2020,1.);
#2020 = DIRECTION('',(1.,0.));
#2021 = ( GEOMETRIC_REPRESENTATION_CONTEXT(2) 
PARAMETRIC_REPRESENTATION_CONTEXT() REPRESENTATION_CONTEXT('2D SPACE',''
  ) );
#2022 = ORIENTED_EDGE('',*,*,#2023,.T.);
#2023 = EDGE_CURVE('',#1996,#1869,#2024,.T.);
#2024 = SURFACE_CURVE('',#2025,(#2029,#2036),.PCURVE_S1.);
#2025 = LINE('',#2026,#2027);
#2026 = CARTESIAN_POINT('',(-30.7,7.5,177.3));
#2027 = VECTOR('',#2028,1.);
#2028 = DIRECTION('',(1.,0.,0.));
#2029 = PCURVE('',#961,#2030);
#2030 = DEFINITIONAL_REPRESENTATION('',(#2031),#2035);
#2031 = LINE('',#2032,#2033);
#2032 = CARTESIAN_POINT('',(15.,0.));
#2033 = VECTOR('',#2034,1.);
#2034 = DIRECTION('',(0.,1.));
#2035 = ( GEOMETRIC_REPRESENTATION_CONTEXT(2) 
PARAMETRIC_REPRESENTATION_CONTEXT() REPRESENTATION_CONTEXT('2D SPACE',''
  ) );
#2036 = PCURVE('',#1929,#2037);
#2037 = DEFINITIONAL_REPRESENTATION('',(#2038),#2042);
#2038 = LINE('',#2039,#2040);
#2039 = CARTESIAN_POINT('',(0.,0.));
#2040 = VECTOR('',#2041,1.);
#2041 = DIRECTION('',(1.,0.));
#2042 = ( GEOMETRIC_REPRESENTATION_CONTEXT(2) 
PARAMETRIC_REPRESENTATION_CONTEXT() REPRESENTATION_CONTEXT('2D SPACE',''
  ) );
#2043 = ORIENTED_EDGE('',*,*,#1868,.F.);
#2044 = ORIENTED_EDGE('',*,*,#944,.F.);
#2045 = ADVANCED_FACE('',(#2046),#1014,.T.);
#2046 = FACE_BOUND('',#2047,.T.);
#2047 = EDGE_LOOP('',(#2048,#2071,#2094,#2117,#2138,#2139));
#2048 = ORIENTED_EDGE('',*,*,#2049,.F.);
#2049 = EDGE_CURVE('',#2050,#974,#2052,.T.);
#2050 = VERTEX_POINT('',#2051);
#2051 = CARTESIAN_POINT('',(-26.7,-7.5,141.3));
#2052 = SURFACE_CURVE('',#2053,(#2057,#2064),.PCURVE_S1.);
#2053 = LINE('',#2054,#2055);
#2054 = CARTESIAN_POINT('',(-26.7,-7.5,141.3));
#2055 = VECTOR('',#2056,1.);
#2056 = DIRECTION('',(0.,1.,1.110223024625E-16));
#2057 = PCURVE('',#1014,#2058);
#2058 = DEFINITIONAL_REPRESENTATION('',(#2059),#2063);
#2059 = LINE('',#2060,#2061);
#2060 = CARTESIAN_POINT('',(0.,4.));
#2061 = VECTOR('',#2062,1.);
#2062 = DIRECTION('',(1.,0.));
#2063 = ( GEOMETRIC_REPRESENTATION_CONTEXT(2) 
PARAMETRIC_REPRESENTATION_CONTEXT() REPRESENTATION_CONTEXT('2D SPACE',''
  ) );
#2064 = PCURVE('',#988,#2065);
#2065 = DEFINITIONAL_REPRESENTATION('',(#2066),#2070);
#2066 = LINE('',#2067,#2068);
#2067 = CARTESIAN_POINT('',(0.,-36.));
#2068 = VECTOR('',#2069,1.);
#2069 = DIRECTION('',(1.,0.));
#2070 = ( GEOMETRIC_REPRESENTATION_CONTEXT(2) 
PARAMETRIC_REPRESENTATION_CONTEXT() REPRESENTATION_CONTEXT('2D SPACE',''
  ) );
#2071 = ORIENTED_EDGE('',*,*,#2072,.F.);
#2072 = EDGE_CURVE('',#2073,#2050,#2075,.T.);
#2073 = VERTEX_POINT('',#2074);
#2074 = CARTESIAN_POINT('',(-30.7,-7.5,141.3));
#2075 = SURFACE_CURVE('',#2076,(#2080,#2087),.PCURVE_S1.);
#2076 = LINE('',#2077,#2078);
#2077 = CARTESIAN_POINT('',(-30.7,-7.5,141.3));
#2078 = VECTOR('',#2079,1.);
#2079 = DIRECTION('',(1.,0.,0.));
#2080 = PCURVE('',#1014,#2081);
#2081 = DEFINITIONAL_REPRESENTATION('',(#2082),#2086);
#2082 = LINE('',#2083,#2084);
#2083 = CARTESIAN_POINT('',(0.,0.));
#2084 = VECTOR('',#2085,1.);
#2085 = DIRECTION('',(0.,1.));
#2086 = ( GEOMETRIC_REPRESENTATION_CONTEXT(2) 
PARAMETRIC_REPRESENTATION_CONTEXT() REPRESENTATION_CONTEXT('2D SPACE',''
  ) );
#2087 = PCURVE('',#1983,#2088);
#2088 = DEFINITIONAL_REPRESENTATION('',(#2089),#2093);
#2089 = LINE('',#2090,#2091);
#2090 = CARTESIAN_POINT('',(0.,36.));
#2091 = VECTOR('',#2092,1.);
#2092 = DIRECTION('',(1.,0.));
#2093 = ( GEOMETRIC_REPRESENTATION_CONTEXT(2) 
PARAMETRIC_REPRESENTATION_CONTEXT() REPRESENTATION_CONTEXT('2D SPACE',''
  ) );
#2094 = ORIENTED_EDGE('',*,*,#2095,.T.);
#2095 = EDGE_CURVE('',#2073,#2096,#2098,.T.);
#2096 = VERTEX_POINT('',#2097);
#2097 = CARTESIAN_POINT('',(-30.7,7.5,141.3));
#2098 = SURFACE_CURVE('',#2099,(#2103,#2110),.PCURVE_S1.);
#2099 = LINE('',#2100,#2101);
#2100 = CARTESIAN_POINT('',(-30.7,-7.5,141.3));
#2101 = VECTOR('',#2102,1.);
#2102 = DIRECTION('',(0.,1.,1.110223024625E-16));
#2103 = PCURVE('',#1014,#2104);
#2104 = DEFINITIONAL_REPRESENTATION('',(#2105),#2109);
#2105 = LINE('',#2106,#2107);
#2106 = CARTESIAN_POINT('',(0.,0.));
#2107 = VECTOR('',#2108,1.);
#2108 = DIRECTION('',(1.,0.));
#2109 = ( GEOMETRIC_REPRESENTATION_CONTEXT(2) 
PARAMETRIC_REPRESENTATION_CONTEXT() REPRESENTATION_CONTEXT('2D SPACE',''
  ) );
#2110 = PCURVE('',#2011,#2111);
#2111 = DEFINITIONAL_REPRESENTATION('',(#2112),#2116);
#2112 = LINE('',#2113,#2114);
#2113 = CARTESIAN_POINT('',(0.,-36.));
#2114 = VECTOR('',#2115,1.);
#2115 = DIRECTION('',(1.,0.));
#2116 = ( GEOMETRIC_REPRESENTATION_CONTEXT(2) 
PARAMETRIC_REPRESENTATION_CONTEXT() REPRESENTATION_CONTEXT('2D SPACE',''
  ) );
#2117 = ORIENTED_EDGE('',*,*,#2118,.T.);
#2118 = EDGE_CURVE('',#2096,#1893,#2119,.T.);
#2119 = SURFACE_CURVE('',#2120,(#2124,#2131),.PCURVE_S1.);
#2120 = LINE('',#2121,#2122);
#2121 = CARTESIAN_POINT('',(-30.7,7.5,141.3));
#2122 = VECTOR('',#2123,1.);
#2123 = DIRECTION('',(1.,0.,0.));
#2124 = PCURVE('',#1014,#2125);
#2125 = DEFINITIONAL_REPRESENTATION('',(#2126),#2130);
#2126 = LINE('',#2127,#2128);
#2127 = CARTESIAN_POINT('',(15.,0.));
#2128 = VECTOR('',#2129,1.);
#2129 = DIRECTION('',(0.,1.));
#2130 = ( GEOMETRIC_REPRESENTATION_CONTEXT(2) 
PARAMETRIC_REPRESENTATION_CONTEXT() REPRESENTATION_CONTEXT('2D SPACE',''
  ) );
#2131 = PCURVE('',#1929,#2132);
#2132 = DEFINITIONAL_REPRESENTATION('',(#2133),#2137);
#2133 = LINE('',#2134,#2135);
#2134 = CARTESIAN_POINT('',(0.,36.));
#2135 = VECTOR('',#2136,1.);
#2136 = DIRECTION('',(1.,0.));
#2137 = ( GEOMETRIC_REPRESENTATION_CONTEXT(2) 
PARAMETRIC_REPRESENTATION_CONTEXT() REPRESENTATION_CONTEXT('2D SPACE',''
  ) );
#2138 = ORIENTED_EDGE('',*,*,#1892,.F.);
#2139 = ORIENTED_EDGE('',*,*,#999,.F.);
#2140 = ADVANCED_FACE('',(#2141),#988,.T.);
#2141 = FACE_BOUND('',#2142,.T.);
#2142 = EDGE_LOOP('',(#2143,#2144,#2165,#2166));
#2143 = ORIENTED_EDGE('',*,*,#1944,.F.);
#2144 = ORIENTED_EDGE('',*,*,#2145,.T.);
#2145 = EDGE_CURVE('',#1945,#2050,#2146,.T.);
#2146 = SURFACE_CURVE('',#2147,(#2151,#2158),.PCURVE_S1.);
#2147 = LINE('',#2148,#2149);
#2148 = CARTESIAN_POINT('',(-26.7,-7.5,177.3));
#2149 = VECTOR('',#2150,1.);
#2150 = DIRECTION('',(0.,1.110223024625E-16,-1.));
#2151 = PCURVE('',#988,#2152);
#2152 = DEFINITIONAL_REPRESENTATION('',(#2153),#2157);
#2153 = LINE('',#2154,#2155);
#2154 = CARTESIAN_POINT('',(0.,0.));
#2155 = VECTOR('',#2156,1.);
#2156 = DIRECTION('',(0.,-1.));
#2157 = ( GEOMETRIC_REPRESENTATION_CONTEXT(2) 
PARAMETRIC_REPRESENTATION_CONTEXT() REPRESENTATION_CONTEXT('2D SPACE',''
  ) );
#2158 = PCURVE('',#1983,#2159);
#2159 = DEFINITIONAL_REPRESENTATION('',(#2160),#2164);
#2160 = LINE('',#2161,#2162);
#2161 = CARTESIAN_POINT('',(4.,0.));
#2162 = VECTOR('',#2163,1.);
#2163 = DIRECTION('',(0.,1.));
#2164 = ( GEOMETRIC_REPRESENTATION_CONTEXT(2) 
PARAMETRIC_REPRESENTATION_CONTEXT() REPRESENTATION_CONTEXT('2D SPACE',''
  ) );
#2165 = ORIENTED_EDGE('',*,*,#2049,.T.);
#2166 = ORIENTED_EDGE('',*,*,#973,.F.);
#2167 = ADVANCED_FACE('',(#2168),#1045,.T.);
#2168 = FACE_BOUND('',#2169,.T.);
#2169 = EDGE_LOOP('',(#2170,#2193,#2194,#2217));
#2170 = ORIENTED_EDGE('',*,*,#2171,.F.);
#2171 = EDGE_CURVE('',#1029,#2172,#2174,.T.);
#2172 = VERTEX_POINT('',#2173);
#2173 = CARTESIAN_POINT('',(-4.7,-21.18490028298,201.5));
#2174 = SURFACE_CURVE('',#2175,(#2179,#2186),.PCURVE_S1.);
#2175 = LINE('',#2176,#2177);
#2176 = CARTESIAN_POINT('',(-4.7,-28.7,201.5));
#2177 = VECTOR('',#2178,1.);
#2178 = DIRECTION('',(0.,1.,1.110223024625E-16));
#2179 = PCURVE('',#1045,#2180);
#2180 = DEFINITIONAL_REPRESENTATION('',(#2181),#2185);
#2181 = LINE('',#2182,#2183);
#2182 = CARTESIAN_POINT('',(0.,0.));
#2183 = VECTOR('',#2184,1.);
#2184 = DIRECTION('',(1.,0.));
#2185 = ( GEOMETRIC_REPRESENTATION_CONTEXT(2) 
PARAMETRIC_REPRESENTATION_CONTEXT() REPRESENTATION_CONTEXT('2D SPACE',''
  ) );
#2186 = PCURVE('',#1073,#2187);
#2187 = DEFINITIONAL_REPRESENTATION('',(#2188),#2192);
#2188 = LINE('',#2189,#2190);
#2189 = CARTESIAN_POINT('',(0.,0.));
#2190 = VECTOR('',#2191,1.);
#2191 = DIRECTION('',(1.,0.));
#2192 = ( GEOMETRIC_REPRESENTATION_CONTEXT(2) 
PARAMETRIC_REPRESENTATION_CONTEXT() REPRESENTATION_CONTEXT('2D SPACE',''
  ) );
#2193 = ORIENTED_EDGE('',*,*,#1028,.T.);
#2194 = ORIENTED_EDGE('',*,*,#2195,.T.);
#2195 = EDGE_CURVE('',#1031,#2196,#2198,.T.);
#2196 = VERTEX_POINT('',#2197);
#2197 = CARTESIAN_POINT('',(-4.7,-21.18490028298,19.5));
#2198 = SURFACE_CURVE('',#2199,(#2203,#2210),.PCURVE_S1.);
#2199 = LINE('',#2200,#2201);
#2200 = CARTESIAN_POINT('',(-4.7,-28.7,19.5));
#2201 = VECTOR('',#2202,1.);
#2202 = DIRECTION('',(0.,1.,1.110223024625E-16));
#2203 = PCURVE('',#1045,#2204);
#2204 = DEFINITIONAL_REPRESENTATION('',(#2205),#2209);
#2205 = LINE('',#2206,#2207);
#2206 = CARTESIAN_POINT('',(0.,-182.));
#2207 = VECTOR('',#2208,1.);
#2208 = DIRECTION('',(1.,0.));
#2209 = ( GEOMETRIC_REPRESENTATION_CONTEXT(2) 
PARAMETRIC_REPRESENTATION_CONTEXT() REPRESENTATION_CONTEXT('2D SPACE',''
  ) );
#2210 = PCURVE('',#1126,#2211);
#2211 = DEFINITIONAL_REPRESENTATION('',(#2212),#2216);
#2212 = LINE('',#2213,#2214);
#2213 = CARTESIAN_POINT('',(0.,0.));
#2214 = VECTOR('',#2215,1.);
#2215 = DIRECTION('',(1.,0.));
#2216 = ( GEOMETRIC_REPRESENTATION_CONTEXT(2) 
PARAMETRIC_REPRESENTATION_CONTEXT() REPRESENTATION_CONTEXT('2D SPACE',''
  ) );
#2217 = ORIENTED_EDGE('',*,*,#2218,.F.);
#2218 = EDGE_CURVE('',#2172,#2196,#2219,.T.);
#2219 = SURFACE_CURVE('',#2220,(#2224,#2230),.PCURVE_S1.);
#2220 = LINE('',#2221,#2222);
#2221 = CARTESIAN_POINT('',(-4.7,-21.18490028298,208.));
#2222 = VECTOR('',#2223,1.);
#2223 = DIRECTION('',(0.,1.110223024625E-16,-1.));
#2224 = PCURVE('',#1045,#2225);
#2225 = DEFINITIONAL_REPRESENTATION('',(#2226),#2229);
#2226 = B_SPLINE_CURVE_WITH_KNOTS('',1,(#2227,#2228),.UNSPECIFIED.,.F.,
  .F.,(2,2),(1.9999994,206.7),.PIECEWISE_BEZIER_KNOTS.);
#2227 = CARTESIAN_POINT('',(7.515099717015,4.5000006));
#2228 = CARTESIAN_POINT('',(7.515099717015,-200.2));
#2229 = ( GEOMETRIC_REPRESENTATION_CONTEXT(2) 
PARAMETRIC_REPRESENTATION_CONTEXT() REPRESENTATION_CONTEXT('2D SPACE',''
  ) );
#2230 = PCURVE('',#1181,#2231);
#2231 = DEFINITIONAL_REPRESENTATION('',(#2232),#2235);
#2232 = B_SPLINE_CURVE_WITH_KNOTS('',1,(#2233,#2234),.UNSPECIFIED.,.F.,
  .F.,(2,2),(1.9999994,206.7),.PIECEWISE_BEZIER_KNOTS.);
#2233 = CARTESIAN_POINT('',(3.359912708472,1.9999994));
#2234 = CARTESIAN_POINT('',(3.359912708472,206.7));
#2235 = ( GEOMETRIC_REPRESENTATION_CONTEXT(2) 
PARAMETRIC_REPRESENTATION_CONTEXT() REPRESENTATION_CONTEXT('2D SPACE',''
  ) );
#2236 = ADVANCED_FACE('',(#2237),#1073,.T.);
#2237 = FACE_BOUND('',#2238,.T.);
#2238 = EDGE_LOOP('',(#2239,#2262,#2263,#2264));
#2239 = ORIENTED_EDGE('',*,*,#2240,.F.);
#2240 = EDGE_CURVE('',#1057,#2241,#2243,.T.);
#2241 = VERTEX_POINT('',#2242);
#2242 = CARTESIAN_POINT('',(4.7,-21.18490028298,201.5));
#2243 = SURFACE_CURVE('',#2244,(#2248,#2255),.PCURVE_S1.);
#2244 = LINE('',#2245,#2246);
#2245 = CARTESIAN_POINT('',(4.7,-28.7,201.5));
#2246 = VECTOR('',#2247,1.);
#2247 = DIRECTION('',(0.,1.,1.110223024625E-16));
#2248 = PCURVE('',#1073,#2249);
#2249 = DEFINITIONAL_REPRESENTATION('',(#2250),#2254);
#2250 = LINE('',#2251,#2252);
#2251 = CARTESIAN_POINT('',(0.,9.4));
#2252 = VECTOR('',#2253,1.);
#2253 = DIRECTION('',(1.,0.));
#2254 = ( GEOMETRIC_REPRESENTATION_CONTEXT(2) 
PARAMETRIC_REPRESENTATION_CONTEXT() REPRESENTATION_CONTEXT('2D SPACE',''
  ) );
#2255 = PCURVE('',#1100,#2256);
#2256 = DEFINITIONAL_REPRESENTATION('',(#2257),#2261);
#2257 = LINE('',#2258,#2259);
#2258 = CARTESIAN_POINT('',(0.,0.));
#2259 = VECTOR('',#2260,1.);
#2260 = DIRECTION('',(1.,0.));
#2261 = ( GEOMETRIC_REPRESENTATION_CONTEXT(2) 
PARAMETRIC_REPRESENTATION_CONTEXT() REPRESENTATION_CONTEXT('2D SPACE',''
  ) );
#2262 = ORIENTED_EDGE('',*,*,#1056,.T.);
#2263 = ORIENTED_EDGE('',*,*,#2171,.T.);
#2264 = ORIENTED_EDGE('',*,*,#2265,.F.);
#2265 = EDGE_CURVE('',#2172,#2241,#2266,.T.);
#2266 = SURFACE_CURVE('',#2267,(#2272,#2279),.PCURVE_S1.);
#2267 = CIRCLE('',#2268,21.7);
#2268 = AXIS2_PLACEMENT_3D('',#2269,#2270,#2271);
#2269 = CARTESIAN_POINT('',(0.,-1.015854067532E-14,201.5));
#2270 = DIRECTION('',(0.,1.110223024625E-16,-1.));
#2271 = DIRECTION('',(0.,1.,1.110223024625E-16));
#2272 = PCURVE('',#1073,#2273);
#2273 = DEFINITIONAL_REPRESENTATION('',(#2274),#2278);
#2274 = CIRCLE('',#2275,21.7);
#2275 = AXIS2_PLACEMENT_2D('',#2276,#2277);
#2276 = CARTESIAN_POINT('',(28.7,4.7));
#2277 = DIRECTION('',(1.,0.));
#2278 = ( GEOMETRIC_REPRESENTATION_CONTEXT(2) 
PARAMETRIC_REPRESENTATION_CONTEXT() REPRESENTATION_CONTEXT('2D SPACE',''
  ) );
#2279 = PCURVE('',#1181,#2280);
#2280 = DEFINITIONAL_REPRESENTATION('',(#2281),#2285);
#2281 = LINE('',#2282,#2283);
#2282 = CARTESIAN_POINT('',(0.,6.5));
#2283 = VECTOR('',#2284,1.);
#2284 = DIRECTION('',(1.,0.));
#2285 = ( GEOMETRIC_REPRESENTATION_CONTEXT(2) 
PARAMETRIC_REPRESENTATION_CONTEXT() REPRESENTATION_CONTEXT('2D SPACE',''
  ) );
#2286 = ADVANCED_FACE('',(#2287),#1126,.F.);
#2287 = FACE_BOUND('',#2288,.F.);
#2288 = EDGE_LOOP('',(#2289,#2312,#2313,#2314));
#2289 = ORIENTED_EDGE('',*,*,#2290,.F.);
#2290 = EDGE_CURVE('',#1086,#2291,#2293,.T.);
#2291 = VERTEX_POINT('',#2292);
#2292 = CARTESIAN_POINT('',(4.7,-21.18490028298,19.5));
#2293 = SURFACE_CURVE('',#2294,(#2298,#2305),.PCURVE_S1.);
#2294 = LINE('',#2295,#2296);
#2295 = CARTESIAN_POINT('',(4.7,-28.7,19.5));
#2296 = VECTOR('',#2297,1.);
#2297 = DIRECTION('',(0.,1.,1.110223024625E-16));
#2298 = PCURVE('',#1126,#2299);
#2299 = DEFINITIONAL_REPRESENTATION('',(#2300),#2304);
#2300 = LINE('',#2301,#2302);
#2301 = CARTESIAN_POINT('',(0.,9.4));
#2302 = VECTOR('',#2303,1.);
#2303 = DIRECTION('',(1.,0.));
#2304 = ( GEOMETRIC_REPRESENTATION_CONTEXT(2) 
PARAMETRIC_REPRESENTATION_CONTEXT() REPRESENTATION_CONTEXT('2D SPACE',''
  ) );
#2305 = PCURVE('',#1100,#2306);
#2306 = DEFINITIONAL_REPRESENTATION('',(#2307),#2311);
#2307 = LINE('',#2308,#2309);
#2308 = CARTESIAN_POINT('',(0.,-182.));
#2309 = VECTOR('',#2310,1.);
#2310 = DIRECTION('',(1.,0.));
#2311 = ( GEOMETRIC_REPRESENTATION_CONTEXT(2) 
PARAMETRIC_REPRESENTATION_CONTEXT() REPRESENTATION_CONTEXT('2D SPACE',''
  ) );
#2312 = ORIENTED_EDGE('',*,*,#1111,.T.);
#2313 = ORIENTED_EDGE('',*,*,#2195,.T.);
#2314 = ORIENTED_EDGE('',*,*,#2315,.F.);
#2315 = EDGE_CURVE('',#2196,#2291,#2316,.T.);
#2316 = SURFACE_CURVE('',#2317,(#2322,#2329),.PCURVE_S1.);
#2317 = CIRCLE('',#2318,21.7);
#2318 = AXIS2_PLACEMENT_3D('',#2319,#2320,#2321);
#2319 = CARTESIAN_POINT('',(0.,1.004751837286E-14,19.5));
#2320 = DIRECTION('',(0.,1.110223024625E-16,-1.));
#2321 = DIRECTION('',(0.,1.,1.110223024625E-16));
#2322 = PCURVE('',#1126,#2323);
#2323 = DEFINITIONAL_REPRESENTATION('',(#2324),#2328);
#2324 = CIRCLE('',#2325,21.7);
#2325 = AXIS2_PLACEMENT_2D('',#2326,#2327);
#2326 = CARTESIAN_POINT('',(28.7,4.7));
#2327 = DIRECTION('',(1.,0.));
#2328 = ( GEOMETRIC_REPRESENTATION_CONTEXT(2) 
PARAMETRIC_REPRESENTATION_CONTEXT() REPRESENTATION_CONTEXT('2D SPACE',''
  ) );
#2329 = PCURVE('',#1181,#2330);
#2330 = DEFINITIONAL_REPRESENTATION('',(#2331),#2335);
#2331 = LINE('',#2332,#2333);
#2332 = CARTESIAN_POINT('',(0.,188.5));
#2333 = VECTOR('',#2334,1.);
#2334 = DIRECTION('',(1.,0.));
#2335 = ( GEOMETRIC_REPRESENTATION_CONTEXT(2) 
PARAMETRIC_REPRESENTATION_CONTEXT() REPRESENTATION_CONTEXT('2D SPACE',''
  ) );
#2336 = ADVANCED_FACE('',(#2337),#1100,.F.);
#2337 = FACE_BOUND('',#2338,.F.);
#2338 = EDGE_LOOP('',(#2339,#2340,#2341,#2342));
#2339 = ORIENTED_EDGE('',*,*,#2240,.F.);
#2340 = ORIENTED_EDGE('',*,*,#1085,.T.);
#2341 = ORIENTED_EDGE('',*,*,#2290,.T.);
#2342 = ORIENTED_EDGE('',*,*,#2343,.F.);
#2343 = EDGE_CURVE('',#2241,#2291,#2344,.T.);
#2344 = SURFACE_CURVE('',#2345,(#2349,#2355),.PCURVE_S1.);
#2345 = LINE('',#2346,#2347);
#2346 = CARTESIAN_POINT('',(4.7,-21.18490028298,208.));
#2347 = VECTOR('',#2348,1.);
#2348 = DIRECTION('',(0.,1.110223024625E-16,-1.));
#2349 = PCURVE('',#1100,#2350);
#2350 = DEFINITIONAL_REPRESENTATION('',(#2351),#2354);
#2351 = B_SPLINE_CURVE_WITH_KNOTS('',1,(#2352,#2353),.UNSPECIFIED.,.F.,
  .F.,(2,2),(1.9999994,206.7),.PIECEWISE_BEZIER_KNOTS.);
#2352 = CARTESIAN_POINT('',(7.515099717015,4.5000006));
#2353 = CARTESIAN_POINT('',(7.515099717015,-200.2));
#2354 = ( GEOMETRIC_REPRESENTATION_CONTEXT(2) 
PARAMETRIC_REPRESENTATION_CONTEXT() REPRESENTATION_CONTEXT('2D SPACE',''
  ) );
#2355 = PCURVE('',#1181,#2356);
#2356 = DEFINITIONAL_REPRESENTATION('',(#2357),#2360);
#2357 = B_SPLINE_CURVE_WITH_KNOTS('',1,(#2358,#2359),.UNSPECIFIED.,.F.,
  .F.,(2,2),(1.9999994,206.7),.PIECEWISE_BEZIER_KNOTS.);
#2358 = CARTESIAN_POINT('',(2.923272598708,1.9999994));
#2359 = CARTESIAN_POINT('',(2.923272598708,206.7));
#2360 = ( GEOMETRIC_REPRESENTATION_CONTEXT(2) 
PARAMETRIC_REPRESENTATION_CONTEXT() REPRESENTATION_CONTEXT('2D SPACE',''
  ) );
#2361 = ADVANCED_FACE('',(#2362,#2442,#2637,#2808),#1181,.F.);
#2362 = FACE_BOUND('',#2363,.F.);
#2363 = EDGE_LOOP('',(#2364,#2365,#2366,#2367,#2389,#2416,#2417,#2418,
    #2419,#2420,#2440,#2441));
#2364 = ORIENTED_EDGE('',*,*,#1193,.F.);
#2365 = ORIENTED_EDGE('',*,*,#1431,.T.);
#2366 = ORIENTED_EDGE('',*,*,#1345,.T.);
#2367 = ORIENTED_EDGE('',*,*,#2368,.T.);
#2368 = EDGE_CURVE('',#1322,#2369,#2371,.T.);
#2369 = VERTEX_POINT('',#2370);
#2370 = CARTESIAN_POINT('',(0.,21.7,0.));
#2371 = SEAM_CURVE('',#2372,(#2375,#2382),.PCURVE_S1.);
#2372 = B_SPLINE_CURVE_WITH_KNOTS('',1,(#2373,#2374),.UNSPECIFIED.,.F.,
  .F.,(2,2),(188.5,247.),.PIECEWISE_BEZIER_KNOTS.);
#2373 = CARTESIAN_POINT('',(0.,21.7,19.5));
#2374 = CARTESIAN_POINT('',(0.,21.7,-39.));
#2375 = PCURVE('',#1181,#2376);
#2376 = DEFINITIONAL_REPRESENTATION('',(#2377),#2381);
#2377 = LINE('',#2378,#2379);
#2378 = CARTESIAN_POINT('',(0.,0.));
#2379 = VECTOR('',#2380,1.);
#2380 = DIRECTION('',(0.,1.));
#2381 = ( GEOMETRIC_REPRESENTATION_CONTEXT(2) 
PARAMETRIC_REPRESENTATION_CONTEXT() REPRESENTATION_CONTEXT('2D SPACE',''
  ) );
#2382 = PCURVE('',#1181,#2383);
#2383 = DEFINITIONAL_REPRESENTATION('',(#2384),#2388);
#2384 = LINE('',#2385,#2386);
#2385 = CARTESIAN_POINT('',(6.28318530718,0.));
#2386 = VECTOR('',#2387,1.);
#2387 = DIRECTION('',(0.,1.));
#2388 = ( GEOMETRIC_REPRESENTATION_CONTEXT(2) 
PARAMETRIC_REPRESENTATION_CONTEXT() REPRESENTATION_CONTEXT('2D SPACE',''
  ) );
#2389 = ORIENTED_EDGE('',*,*,#2390,.F.);
#2390 = EDGE_CURVE('',#2369,#2369,#2391,.T.);
#2391 = SURFACE_CURVE('',#2392,(#2397,#2404),.PCURVE_S1.);
#2392 = CIRCLE('',#2393,21.7);
#2393 = AXIS2_PLACEMENT_3D('',#2394,#2395,#2396);
#2394 = CARTESIAN_POINT('',(0.,1.221245327088E-14,0.));
#2395 = DIRECTION('',(0.,1.110223024625E-16,-1.));
#2396 = DIRECTION('',(0.,1.,1.110223024625E-16));
#2397 = PCURVE('',#1181,#2398);
#2398 = DEFINITIONAL_REPRESENTATION('',(#2399),#2403);
#2399 = LINE('',#2400,#2401);
#2400 = CARTESIAN_POINT('',(0.,208.));
#2401 = VECTOR('',#2402,1.);
#2402 = DIRECTION('',(1.,0.));
#2403 = ( GEOMETRIC_REPRESENTATION_CONTEXT(2) 
PARAMETRIC_REPRESENTATION_CONTEXT() REPRESENTATION_CONTEXT('2D SPACE',''
  ) );
#2404 = PCURVE('',#2405,#2410);
#2405 = PLANE('',#2406);
#2406 = AXIS2_PLACEMENT_3D('',#2407,#2408,#2409);
#2407 = CARTESIAN_POINT('',(-80.,-80.,0.));
#2408 = DIRECTION('',(0.,1.110223024625E-16,-1.));
#2409 = DIRECTION('',(0.,1.,1.110223024625E-16));
#2410 = DEFINITIONAL_REPRESENTATION('',(#2411),#2415);
#2411 = CIRCLE('',#2412,21.7);
#2412 = AXIS2_PLACEMENT_2D('',#2413,#2414);
#2413 = CARTESIAN_POINT('',(80.,80.));
#2414 = DIRECTION('',(1.,0.));
#2415 = ( GEOMETRIC_REPRESENTATION_CONTEXT(2) 
PARAMETRIC_REPRESENTATION_CONTEXT() REPRESENTATION_CONTEXT('2D SPACE',''
  ) );
#2416 = ORIENTED_EDGE('',*,*,#2368,.F.);
#2417 = ORIENTED_EDGE('',*,*,#1321,.T.);
#2418 = ORIENTED_EDGE('',*,*,#1274,.F.);
#2419 = ORIENTED_EDGE('',*,*,#1164,.F.);
#2420 = ORIENTED_EDGE('',*,*,#2421,.F.);
#2421 = EDGE_CURVE('',#1247,#1165,#2422,.T.);
#2422 = SEAM_CURVE('',#2423,(#2426,#2433),.PCURVE_S1.);
#2423 = B_SPLINE_CURVE_WITH_KNOTS('',1,(#2424,#2425),.UNSPECIFIED.,.F.,
  .F.,(2,2),(2.,6.5),.PIECEWISE_BEZIER_KNOTS.);
#2424 = CARTESIAN_POINT('',(-5.3149671083E-15,21.7,206.));
#2425 = CARTESIAN_POINT('',(-5.3149671083E-15,21.7,201.5));
#2426 = PCURVE('',#1181,#2427);
#2427 = DEFINITIONAL_REPRESENTATION('',(#2428),#2432);
#2428 = LINE('',#2429,#2430);
#2429 = CARTESIAN_POINT('',(6.28318530718,0.));
#2430 = VECTOR('',#2431,1.);
#2431 = DIRECTION('',(0.,1.));
#2432 = ( GEOMETRIC_REPRESENTATION_CONTEXT(2) 
PARAMETRIC_REPRESENTATION_CONTEXT() REPRESENTATION_CONTEXT('2D SPACE',''
  ) );
#2433 = PCURVE('',#1181,#2434);
#2434 = DEFINITIONAL_REPRESENTATION('',(#2435),#2439);
#2435 = LINE('',#2436,#2437);
#2436 = CARTESIAN_POINT('',(0.,0.));
#2437 = VECTOR('',#2438,1.);
#2438 = DIRECTION('',(0.,1.));
#2439 = ( GEOMETRIC_REPRESENTATION_CONTEXT(2) 
PARAMETRIC_REPRESENTATION_CONTEXT() REPRESENTATION_CONTEXT('2D SPACE',''
  ) );
#2440 = ORIENTED_EDGE('',*,*,#1246,.T.);
#2441 = ORIENTED_EDGE('',*,*,#2421,.T.);
#2442 = FACE_BOUND('',#2443,.F.);
#2443 = EDGE_LOOP('',(#2444));
#2444 = ORIENTED_EDGE('',*,*,#2445,.F.);
#2445 = EDGE_CURVE('',#2446,#2446,#2448,.T.);
#2446 = VERTEX_POINT('',#2447);
#2447 = CARTESIAN_POINT('',(21.543676566454,2.6,189.3));
#2448 = SURFACE_CURVE('',#2449,(#2508,#2570),.PCURVE_S1.);
#2449 = B_SPLINE_CURVE_WITH_KNOTS('',8,(#2450,#2451,#2452,#2453,#2454,
    #2455,#2456,#2457,#2458,#2459,#2460,#2461,#2462,#2463,#2464,#2465,
    #2466,#2467,#2468,#2469,#2470,#2471,#2472,#2473,#2474,#2475,#2476,
    #2477,#2478,#2479,#2480,#2481,#2482,#2483,#2484,#2485,#2486,#2487,
    #2488,#2489,#2490,#2491,#2492,#2493,#2494,#2495,#2496,#2497,#2498,
    #2499,#2500,#2501,#2502,#2503,#2504,#2505,#2506,#2507),
  .UNSPECIFIED.,.T.,.F.,(9,7,7,7,7,7,7,7,9),(0.,0.154426203754,
    0.285780424432,0.417656022646,0.585779791237,0.716380916745,
    0.825858454715,0.912929566858,1.),.UNSPECIFIED.);
#2450 = CARTESIAN_POINT('',(21.543676566454,2.6,189.3));
#2451 = CARTESIAN_POINT('',(21.543676569611,2.599999973845,
    189.56155113127));
#2452 = CARTESIAN_POINT('',(21.547305401244,2.569929947315,
    189.8227278941));
#2453 = CARTESIAN_POINT('',(21.554545728585,2.509941805454,
    190.08170319347));
#2454 = CARTESIAN_POINT('',(21.565232164061,2.419410101991,
    190.33648018438));
#2455 = CARTESIAN_POINT('',(21.579037733451,2.297163963643,
    190.58447430333));
#2456 = CARTESIAN_POINT('',(21.59538080685,2.14163999431,190.82223194404
    ));
#2457 = CARTESIAN_POINT('',(21.61330678062,1.951107694507,
    191.04503343111));
#2458 = CARTESIAN_POINT('',(21.646787785914,1.531043293562,
    191.4171780167));
#2459 = CARTESIAN_POINT('',(21.662846164476,1.304702782165,
    191.57862586477));
#2460 = CARTESIAN_POINT('',(21.678192260086,1.047500291547,
    191.71851027712));
#2461 = CARTESIAN_POINT('',(21.691098992935,0.764417256292,
    191.82742928949));
#2462 = CARTESIAN_POINT('',(21.699850514481,0.462599565892,
    191.89854531884));
#2463 = CARTESIAN_POINT('',(21.703385273781,0.150493117369,
    191.92768344987));
#2464 = CARTESIAN_POINT('',(21.70154446036,-0.162864085621,
    191.91345150696));
#2465 = CARTESIAN_POINT('',(21.688306244191,-0.775675903269,
    191.80114957347));
#2466 = CARTESIAN_POINT('',(21.677150098489,-1.062144392453,
    191.70511734011));
#2467 = CARTESIAN_POINT('',(21.662708910499,-1.324325268979,
    191.57635852384));
#2468 = CARTESIAN_POINT('',(21.64641431086,-1.559966762718,
    191.42115762437));
#2469 = CARTESIAN_POINT('',(21.629603620098,-1.767866754276,
    191.2452702341));
#2470 = CARTESIAN_POINT('',(21.613377174549,-1.947648425788,
    191.05404040482));
#2471 = CARTESIAN_POINT('',(21.598547234201,-2.099675772361,
    190.85244170075));
#2472 = CARTESIAN_POINT('',(21.56915240798,-2.384842867877,
    190.38071770701));
#2473 = CARTESIAN_POINT('',(21.555526031294,-2.503779044065,
    190.10289384088));
#2474 = CARTESIAN_POINT('',(21.54574556871,-2.583972457667,189.816917682
    ));
#2475 = CARTESIAN_POINT('',(21.540341830039,-2.626950629434,
    189.52646621216));
#2476 = CARTESIAN_POINT('',(21.539536528456,-2.633526528156,
    189.23449302132));
#2477 = CARTESIAN_POINT('',(21.543325141876,-2.603742584366,
    188.94369411774));
#2478 = CARTESIAN_POINT('',(21.551470701085,-2.536817130785,
    188.65693278258));
#2479 = CARTESIAN_POINT('',(21.572659204027,-2.34887466431,
    188.16136922645));
#2480 = CARTESIAN_POINT('',(21.584218100635,-2.243131223655,
    187.94910038945));
#2481 = CARTESIAN_POINT('',(21.597806167976,-2.112959990979,
    187.74326464925));
#2482 = CARTESIAN_POINT('',(21.613000420871,-1.957395494178,
    187.54647285191));
#2483 = CARTESIAN_POINT('',(21.629187720305,-1.77549381698,
    187.36200522992));
#2484 = CARTESIAN_POINT('',(21.645500544647,-1.566507137058,
    187.19395679923));
#2485 = CARTESIAN_POINT('',(21.660795486727,-1.330157957173,
    187.04746519573));
#2486 = CARTESIAN_POINT('',(21.684605651792,-0.846540269897,
    186.82980654311));
#2487 = CARTESIAN_POINT('',(21.693891646829,-0.605696907685,
    186.74960337549));
#2488 = CARTESIAN_POINT('',(21.7005332805,-0.349708787126,
    186.69514452873));
#2489 = CARTESIAN_POINT('',(21.70361258482,-8.494171160672E-02,
    186.67061582735));
#2490 = CARTESIAN_POINT('',(21.702697279543,0.181507195901,
    186.67773224718));
#2491 = CARTESIAN_POINT('',(21.697983200316,0.442428553216,
    186.71574395126));
#2492 = CARTESIAN_POINT('',(21.690221656948,0.691134617787,
    186.78141242962));
#2493 = CARTESIAN_POINT('',(21.672597709701,1.1055658841,186.93858547717
    ));
#2494 = CARTESIAN_POINT('',(21.66326599787,1.28314896904,187.02405875447
    ));
#2495 = CARTESIAN_POINT('',(21.652678903993,1.453120203593,
    187.12476963444));
#2496 = CARTESIAN_POINT('',(21.641180743132,1.613963133393,
    187.23991944957));
#2497 = CARTESIAN_POINT('',(21.629168748466,1.764264306553,
    187.36853278394));
#2498 = CARTESIAN_POINT('',(21.617067078144,1.902733064452,
    187.5094710736));
#2499 = CARTESIAN_POINT('',(21.605297310142,2.02822342399,
    187.66144585457));
#2500 = CARTESIAN_POINT('',(21.583193626352,2.251291808884,
    187.98461620234));
#2501 = CARTESIAN_POINT('',(21.572857715617,2.348892474591,
    188.15584485848));
#2502 = CARTESIAN_POINT('',(21.563624654741,2.431570128228,
    188.33529169436));
#2503 = CARTESIAN_POINT('',(21.555847052907,2.498527571473,
    188.52143158769));
#2504 = CARTESIAN_POINT('',(21.549812437037,2.549159132386,
    188.71265646213));
#2505 = CARTESIAN_POINT('',(21.545721677451,2.583053413049,
    188.9072966356));
#2506 = CARTESIAN_POINT('',(21.543676568824,2.599999980365,
    189.10364728107));
#2507 = CARTESIAN_POINT('',(21.543676566454,2.6,189.3));
#2508 = PCURVE('',#1181,#2509);
#2509 = DEFINITIONAL_REPRESENTATION('',(#2510),#2569);
#2510 = B_SPLINE_CURVE_WITH_KNOTS('',8,(#2511,#2512,#2513,#2514,#2515,
    #2516,#2517,#2518,#2519,#2520,#2521,#2522,#2523,#2524,#2525,#2526,
    #2527,#2528,#2529,#2530,#2531,#2532,#2533,#2534,#2535,#2536,#2537,
    #2538,#2539,#2540,#2541,#2542,#2543,#2544,#2545,#2546,#2547,#2548,
    #2549,#2550,#2551,#2552,#2553,#2554,#2555,#2556,#2557,#2558,#2559,
    #2560,#2561,#2562,#2563,#2564,#2565,#2566,#2567,#2568),
  .UNSPECIFIED.,.F.,.F.,(9,7,7,7,7,7,7,7,9),(0.,0.154426203754,
    0.285780424432,0.417656022646,0.585779791237,0.716380916745,
    0.825858454715,0.912929566858,1.),.UNSPECIFIED.);
#2511 = CARTESIAN_POINT('',(1.450692115812,18.7));
#2512 = CARTESIAN_POINT('',(1.450692117026,18.438448868723));
#2513 = CARTESIAN_POINT('',(1.452087886173,18.1772721059));
#2514 = CARTESIAN_POINT('',(1.454872381184,17.918296806523));
#2515 = CARTESIAN_POINT('',(1.459073294255,17.663519815611));
#2516 = CARTESIAN_POINT('',(1.464742411962,17.415525696666));
#2517 = CARTESIAN_POINT('',(1.471948357587,17.177768055955));
#2518 = CARTESIAN_POINT('',(1.480766524668,16.954966568889));
#2519 = CARTESIAN_POINT('',(1.500185721959,16.5828219833));
#2520 = CARTESIAN_POINT('',(1.510641981562,16.421374135228));
#2521 = CARTESIAN_POINT('',(1.52251443591,16.281489722873));
#2522 = CARTESIAN_POINT('',(1.535570558141,16.172570710503));
#2523 = CARTESIAN_POINT('',(1.549480900977,16.101454681156));
#2524 = CARTESIAN_POINT('',(1.563861089005,16.072316550124));
#2525 = CARTESIAN_POINT('',(1.578299975792,16.086548493039));
#2526 = CARTESIAN_POINT('',(1.606546740294,16.198850426522));
#2527 = CARTESIAN_POINT('',(1.619756073867,16.294882659884));
#2528 = CARTESIAN_POINT('',(1.63185402992,16.423641476151));
#2529 = CARTESIAN_POINT('',(1.642737282328,16.578842375629));
#2530 = CARTESIAN_POINT('',(1.652348318465,16.754729765897));
#2531 = CARTESIAN_POINT('',(1.660666476081,16.945959595175));
#2532 = CARTESIAN_POINT('',(1.667705496461,17.147558299242));
#2533 = CARTESIAN_POINT('',(1.680916468422,17.619282292988));
#2534 = CARTESIAN_POINT('',(1.686432900375,17.897106159119));
#2535 = CARTESIAN_POINT('',(1.690155788228,18.183082317994));
#2536 = CARTESIAN_POINT('',(1.692152003627,18.473533787839));
#2537 = CARTESIAN_POINT('',(1.6924572737,18.765506978675));
#2538 = CARTESIAN_POINT('',(1.691073659252,19.056305882256));
#2539 = CARTESIAN_POINT('',(1.687966895347,19.343067217418));
#2540 = CARTESIAN_POINT('',(1.679251085037,19.838630773549));
#2541 = CARTESIAN_POINT('',(1.674349114118,20.050899610542));
#2542 = CARTESIAN_POINT('',(1.668317978053,20.256735350746));
#2543 = CARTESIAN_POINT('',(1.661115320919,20.453527148087));
#2544 = CARTESIAN_POINT('',(1.652700375664,20.637994770077));
#2545 = CARTESIAN_POINT('',(1.643041600034,20.806043200767));
#2546 = CARTESIAN_POINT('',(1.632128452401,20.952534804265));
#2547 = CARTESIAN_POINT('',(1.609814928864,21.170193456884));
#2548 = CARTESIAN_POINT('',(1.598708541974,21.250396624502));
#2549 = CARTESIAN_POINT('',(1.586909461091,21.304855471266));
#2550 = CARTESIAN_POINT('',(1.574709973893,21.329384172646));
#2551 = CARTESIAN_POINT('',(1.562433818042,21.322267752811));
#2552 = CARTESIAN_POINT('',(1.550409584432,21.284256048735));
#2553 = CARTESIAN_POINT('',(1.538943626524,21.218587570377));
#2554 = CARTESIAN_POINT('',(1.519828150409,21.061414522821));
#2555 = CARTESIAN_POINT('',(1.511633717366,20.975941245528));
#2556 = CARTESIAN_POINT('',(1.50378635938,20.875230365557));
#2557 = CARTESIAN_POINT('',(1.496355897879,20.76008055043));
#2558 = CARTESIAN_POINT('',(1.489407901039,20.631467216057));
#2559 = CARTESIAN_POINT('',(1.483002747588,20.490528926395));
#2560 = CARTESIAN_POINT('',(1.477194482793,20.338554145429));
#2561 = CARTESIAN_POINT('',(1.466864490681,20.015383797657));
#2562 = CARTESIAN_POINT('',(1.46234171872,19.844155141515));
#2563 = CARTESIAN_POINT('',(1.458508085437,19.664708305635));
#2564 = CARTESIAN_POINT('',(1.455401777933,19.47856841231));
#2565 = CARTESIAN_POINT('',(1.453052016578,19.287343537865));
#2566 = CARTESIAN_POINT('',(1.451478728936,19.092703364394));
#2567 = CARTESIAN_POINT('',(1.450692116723,18.896352718921));
#2568 = CARTESIAN_POINT('',(1.450692115812,18.7));
#2569 = ( GEOMETRIC_REPRESENTATION_CONTEXT(2) 
PARAMETRIC_REPRESENTATION_CONTEXT() REPRESENTATION_CONTEXT('2D SPACE',''
  ) );
#2570 = PCURVE('',#2571,#2576);
#2571 = CYLINDRICAL_SURFACE('',#2572,2.6);
#2572 = AXIS2_PLACEMENT_3D('',#2573,#2574,#2575);
#2573 = CARTESIAN_POINT('',(21.2,-8.804068585277E-15,189.3));
#2574 = DIRECTION('',(1.,0.,0.));
#2575 = DIRECTION('',(0.,1.,1.110223024625E-16));
#2576 = DEFINITIONAL_REPRESENTATION('',(#2577),#2636);
#2577 = B_SPLINE_CURVE_WITH_KNOTS('',8,(#2578,#2579,#2580,#2581,#2582,
    #2583,#2584,#2585,#2586,#2587,#2588,#2589,#2590,#2591,#2592,#2593,
    #2594,#2595,#2596,#2597,#2598,#2599,#2600,#2601,#2602,#2603,#2604,
    #2605,#2606,#2607,#2608,#2609,#2610,#2611,#2612,#2613,#2614,#2615,
    #2616,#2617,#2618,#2619,#2620,#2621,#2622,#2623,#2624,#2625,#2626,
    #2627,#2628,#2629,#2630,#2631,#2632,#2633,#2634,#2635),
  .UNSPECIFIED.,.F.,.F.,(9,7,7,7,7,7,7,7,9),(0.,0.154426203754,
    0.285780424432,0.417656022646,0.585779791237,0.716380916745,
    0.825858454715,0.912929566858,1.),.UNSPECIFIED.);
#2578 = CARTESIAN_POINT('',(0.,0.343676566454));
#2579 = CARTESIAN_POINT('',(0.100596588953,0.343676569611));
#2580 = CARTESIAN_POINT('',(0.201048845389,0.347305401244));
#2581 = CARTESIAN_POINT('',(0.302207238382,0.354545728585));
#2582 = CARTESIAN_POINT('',(0.404831847266,0.365232164061));
#2583 = CARTESIAN_POINT('',(0.509671542591,0.379037733451));
#2584 = CARTESIAN_POINT('',(0.617499731246,0.39538080685));
#2585 = CARTESIAN_POINT('',(0.729177301882,0.41330678062));
#2586 = CARTESIAN_POINT('',(0.945023542603,0.446787785914));
#2587 = CARTESIAN_POINT('',(1.051361366888,0.462846164476));
#2588 = CARTESIAN_POINT('',(1.162571351065,0.478192260086));
#2589 = CARTESIAN_POINT('',(1.277212424392,0.491098992935));
#2590 = CARTESIAN_POINT('',(1.394274907667,0.499850514481));
#2591 = CARTESIAN_POINT('',(1.512933734435,0.503385273781));
#2592 = CARTESIAN_POINT('',(1.632468424706,0.50154446036));
#2593 = CARTESIAN_POINT('',(1.872090306367,0.488306244191));
#2594 = CARTESIAN_POINT('',(1.987124028979,0.477150098489));
#2595 = CARTESIAN_POINT('',(2.097871730389,0.462708910499));
#2596 = CARTESIAN_POINT('',(2.204768107597,0.44641431086));
#2597 = CARTESIAN_POINT('',(2.30810461759,0.429603620098));
#2598 = CARTESIAN_POINT('',(2.408054930775,0.413377174549));
#2599 = CARTESIAN_POINT('',(2.504659748433,0.398547234201));
#2600 = CARTESIAN_POINT('',(2.716667548976,0.36915240798));
#2601 = CARTESIAN_POINT('',(2.831778112837,0.355526031294));
#2602 = CARTESIAN_POINT('',(2.944416839616,0.34574556871));
#2603 = CARTESIAN_POINT('',(3.05557238099,0.340341830039));
#2604 = CARTESIAN_POINT('',(3.166163663359,0.339536528456));
#2605 = CARTESIAN_POINT('',(3.277104083659,0.343325141876));
#2606 = CARTESIAN_POINT('',(3.38935739874,0.351470701085));
#2607 = CARTESIAN_POINT('',(3.593205587725,0.372659204027));
#2608 = CARTESIAN_POINT('',(3.683963600375,0.384218100635));
#2609 = CARTESIAN_POINT('',(3.776820425551,0.397806167976));
#2610 = CARTESIAN_POINT('',(3.872208086269,0.413000420871));
#2611 = CARTESIAN_POINT('',(3.970596248544,0.429187720305));
#2612 = CARTESIAN_POINT('',(4.072500923732,0.445500544647));
#2613 = CARTESIAN_POINT('',(4.178520081673,0.460795486727));
#2614 = CARTESIAN_POINT('',(4.382497309673,0.484605651792));
#2615 = CARTESIAN_POINT('',(4.479628795053,0.493891646829));
#2616 = CARTESIAN_POINT('',(4.579233477857,0.5005332805));
#2617 = CARTESIAN_POINT('',(4.680104473069,0.50361258482));
#2618 = CARTESIAN_POINT('',(4.781208062471,0.502697279543));
#2619 = CARTESIAN_POINT('',(4.881529685313,0.497983200316));
#2620 = CARTESIAN_POINT('',(4.979926068342,0.490221656948));
#2621 = CARTESIAN_POINT('',(5.150400797671,0.472597709701));
#2622 = CARTESIAN_POINT('',(5.225920852845,0.46326599787));
#2623 = CARTESIAN_POINT('',(5.301438288775,0.452678903993));
#2624 = CARTESIAN_POINT('',(5.376954626603,0.441180743132));
#2625 = CARTESIAN_POINT('',(5.452472702224,0.429168748466));
#2626 = CARTESIAN_POINT('',(5.527994158169,0.417067078144));
#2627 = CARTESIAN_POINT('',(5.603516950944,0.405297310142));
#2628 = CARTESIAN_POINT('',(5.754548207759,0.383193626352));
#2629 = CARTESIAN_POINT('',(5.830071974673,0.372857715617));
#2630 = CARTESIAN_POINT('',(5.905592987309,0.363624654741));
#2631 = CARTESIAN_POINT('',(5.981110581454,0.355847052907));
#2632 = CARTESIAN_POINT('',(6.05662748683,0.349812437037));
#2633 = CARTESIAN_POINT('',(6.132145653058,0.345721677451));
#2634 = CARTESIAN_POINT('',(6.207665030671,0.343676568824));
#2635 = CARTESIAN_POINT('',(6.28318530718,0.343676566454));
#2636 = ( GEOMETRIC_REPRESENTATION_CONTEXT(2) 
PARAMETRIC_REPRESENTATION_CONTEXT() REPRESENTATION_CONTEXT('2D SPACE',''
  ) );
#2637 = FACE_BOUND('',#2638,.F.);
#2638 = EDGE_LOOP('',(#2639));
#2639 = ORIENTED_EDGE('',*,*,#2640,.F.);
#2640 = EDGE_CURVE('',#2641,#2641,#2643,.T.);
#2641 = VERTEX_POINT('',#2642);
#2642 = CARTESIAN_POINT('',(-21.54367656645,-2.6,189.3));
#2643 = SURFACE_CURVE('',#2644,(#2695,#2749),.PCURVE_S1.);
#2644 = B_SPLINE_CURVE_WITH_KNOTS('',7,(#2645,#2646,#2647,#2648,#2649,
    #2650,#2651,#2652,#2653,#2654,#2655,#2656,#2657,#2658,#2659,#2660,
    #2661,#2662,#2663,#2664,#2665,#2666,#2667,#2668,#2669,#2670,#2671,
    #2672,#2673,#2674,#2675,#2676,#2677,#2678,#2679,#2680,#2681,#2682,
    #2683,#2684,#2685,#2686,#2687,#2688,#2689,#2690,#2691,#2692,#2693,
    #2694),.UNSPECIFIED.,.T.,.F.,(8,6,6,6,6,6,6,6,8),(0.,0.137967019983,
    0.249999993212,0.362032966422,0.499999999977,0.637967033533,
    0.750000006771,0.862032980013,1.),.UNSPECIFIED.);
#2645 = CARTESIAN_POINT('',(-21.54367656645,-2.6,189.3));
#2646 = CARTESIAN_POINT('',(-21.54367656982,-2.599999972066,
    189.5793435986));
#2647 = CARTESIAN_POINT('',(-21.54790208376,-2.564986615238,
    189.85831360497));
#2648 = CARTESIAN_POINT('',(-21.55633446233,-2.495118915496,
    190.13448495027));
#2649 = CARTESIAN_POINT('',(-21.56872227418,-2.389451057976,
    190.40511315128));
#2650 = CARTESIAN_POINT('',(-21.58456131814,-2.246243380173,
    190.6665744798));
#2651 = CARTESIAN_POINT('',(-21.60286488335,-2.063281617861,
    190.9136736443));
#2652 = CARTESIAN_POINT('',(-21.63750119349,-1.655930678665,
    191.3210245835));
#2653 = CARTESIAN_POINT('',(-21.65392290313,-1.441498280622,
    191.49316495147));
#2654 = CARTESIAN_POINT('',(-21.67002815017,-1.196162166231,
    191.64495275988));
#2655 = CARTESIAN_POINT('',(-21.68416281508,-0.923305607629,
    191.76781610502));
#2656 = CARTESIAN_POINT('',(-21.69456819374,-0.628265887054,
    191.85466628136));
#2657 = CARTESIAN_POINT('',(-21.7,-0.317852448403,191.9));
#2658 = CARTESIAN_POINT('',(-21.7,0.317852448346,191.9));
#2659 = CARTESIAN_POINT('',(-21.69456819374,0.628265887111,
    191.85466628137));
#2660 = CARTESIAN_POINT('',(-21.68416281508,0.923305607667,
    191.76781610499));
#2661 = CARTESIAN_POINT('',(-21.67002815018,1.196162166186,
    191.64495275988));
#2662 = CARTESIAN_POINT('',(-21.65392290313,1.441498280585,
    191.49316495153));
#2663 = CARTESIAN_POINT('',(-21.63750119349,1.655930678704,
    191.32102458346));
#2664 = CARTESIAN_POINT('',(-21.60286488147,2.063281639968,
    190.9136736222));
#2665 = CARTESIAN_POINT('',(-21.58456131868,2.246243366335,
    190.66657449705));
#2666 = CARTESIAN_POINT('',(-21.5687222763,2.389451049536,
    190.40511313966));
#2667 = CARTESIAN_POINT('',(-21.5563344579,2.495118946051,
    190.13448491211));
#2668 = CARTESIAN_POINT('',(-21.54790208992,2.564986566062,
    189.85831375418));
#2669 = CARTESIAN_POINT('',(-21.54367656645,2.6,189.57934347859));
#2670 = CARTESIAN_POINT('',(-21.54367656645,2.6,189.0206565214));
#2671 = CARTESIAN_POINT('',(-21.54790208992,2.564986566062,
    188.74168624581));
#2672 = CARTESIAN_POINT('',(-21.5563344579,2.495118946051,
    188.46551508788));
#2673 = CARTESIAN_POINT('',(-21.5687222763,2.389451049536,
    188.19488686033));
#2674 = CARTESIAN_POINT('',(-21.58456131868,2.246243366335,
    187.93342550294));
#2675 = CARTESIAN_POINT('',(-21.60286488147,2.063281639968,
    187.68632637779));
#2676 = CARTESIAN_POINT('',(-21.63750119349,1.655930678657,
    187.27897541648));
#2677 = CARTESIAN_POINT('',(-21.65392290313,1.441498280629,
    187.10683504853));
#2678 = CARTESIAN_POINT('',(-21.67002815017,1.19616216624,
    186.95504724012));
#2679 = CARTESIAN_POINT('',(-21.68416281508,0.923305607621,
    186.83218389496));
#2680 = CARTESIAN_POINT('',(-21.69456819374,0.628265887043,
    186.74533371864));
#2681 = CARTESIAN_POINT('',(-21.7,0.317852448413,186.7));
#2682 = CARTESIAN_POINT('',(-21.7,-0.317852448423,186.7));
#2683 = CARTESIAN_POINT('',(-21.69456819374,-0.628265887033,
    186.74533371864));
#2684 = CARTESIAN_POINT('',(-21.68416281508,-0.923305607614,
    186.83218389496));
#2685 = CARTESIAN_POINT('',(-21.67002815017,-1.196162166248,
    186.95504724012));
#2686 = CARTESIAN_POINT('',(-21.65392290313,-1.441498280636,
    187.10683504854));
#2687 = CARTESIAN_POINT('',(-21.63750119349,-1.65593067865,
    187.27897541648));
#2688 = CARTESIAN_POINT('',(-21.60286488335,-2.063281617861,
    187.68632635569));
#2689 = CARTESIAN_POINT('',(-21.58456131814,-2.246243380172,
    187.93342552019));
#2690 = CARTESIAN_POINT('',(-21.56872227418,-2.389451057977,
    188.19488684871));
#2691 = CARTESIAN_POINT('',(-21.55633446233,-2.495118915495,
    188.46551504972));
#2692 = CARTESIAN_POINT('',(-21.54790208376,-2.564986615238,
    188.74168639502));
#2693 = CARTESIAN_POINT('',(-21.54367656982,-2.599999972066,
    189.0206564014));
#2694 = CARTESIAN_POINT('',(-21.54367656645,-2.6,189.3));
#2695 = PCURVE('',#1181,#2696);
#2696 = DEFINITIONAL_REPRESENTATION('',(#2697),#2748);
#2697 = B_SPLINE_CURVE_WITH_KNOTS('',7,(#2698,#2699,#2700,#2701,#2702,
    #2703,#2704,#2705,#2706,#2707,#2708,#2709,#2710,#2711,#2712,#2713,
    #2714,#2715,#2716,#2717,#2718,#2719,#2720,#2721,#2722,#2723,#2724,
    #2725,#2726,#2727,#2728,#2729,#2730,#2731,#2732,#2733,#2734,#2735,
    #2736,#2737,#2738,#2739,#2740,#2741,#2742,#2743,#2744,#2745,#2746,
    #2747),.UNSPECIFIED.,.T.,.F.,(8,6,6,6,6,6,6,6,8),(0.,0.137967019983,
    0.249999993212,0.362032966422,0.499999999977,0.637967033533,
    0.750000006771,0.862032980013,1.),.UNSPECIFIED.);
#2698 = CARTESIAN_POINT('',(4.592284769401,18.7));
#2699 = CARTESIAN_POINT('',(4.592284770698,18.4206564014));
#2700 = CARTESIAN_POINT('',(4.593909996347,18.141686395028));
#2701 = CARTESIAN_POINT('',(4.597153074132,17.865515049725));
#2702 = CARTESIAN_POINT('',(4.602055869145,17.594886848714));
#2703 = CARTESIAN_POINT('',(4.608695247518,17.333425520191));
#2704 = CARTESIAN_POINT('',(4.617167812984,17.086326355691));
#2705 = CARTESIAN_POINT('',(4.636007482039,16.678975416495));
#2706 = CARTESIAN_POINT('',(4.645917740858,16.506835048522));
#2707 = CARTESIAN_POINT('',(4.657246788813,16.35504724012));
#2708 = CARTESIAN_POINT('',(4.669835224967,16.232183894974));
#2709 = CARTESIAN_POINT('',(4.683436630299,16.145333718639));
#2710 = CARTESIAN_POINT('',(4.697741402117,16.1));
#2711 = CARTESIAN_POINT('',(4.727036558649,16.1));
#2712 = CARTESIAN_POINT('',(4.741341330473,16.145333718623));
#2713 = CARTESIAN_POINT('',(4.754942735804,16.232183895009));
#2714 = CARTESIAN_POINT('',(4.767531171954,16.35504724012));
#2715 = CARTESIAN_POINT('',(4.778860219909,16.506835048467));
#2716 = CARTESIAN_POINT('',(4.788770478732,16.678975416534));
#2717 = CARTESIAN_POINT('',(4.807610148808,17.086326377798));
#2718 = CARTESIAN_POINT('',(4.816082712614,17.333425502941));
#2719 = CARTESIAN_POINT('',(4.822722091228,17.594886860338));
#2720 = CARTESIAN_POINT('',(4.827624888059,17.865515087888));
#2721 = CARTESIAN_POINT('',(4.830867962139,18.141686245813));
#2722 = CARTESIAN_POINT('',(4.832493191368,18.420656521401));
#2723 = CARTESIAN_POINT('',(4.832493191368,18.979343478599));
#2724 = CARTESIAN_POINT('',(4.830867962139,19.258313754187));
#2725 = CARTESIAN_POINT('',(4.827624888059,19.534484912113));
#2726 = CARTESIAN_POINT('',(4.822722091228,19.805113139661));
#2727 = CARTESIAN_POINT('',(4.816082712614,20.066574497059));
#2728 = CARTESIAN_POINT('',(4.807610148808,20.313673622202));
#2729 = CARTESIAN_POINT('',(4.78877047873,20.721024583513));
#2730 = CARTESIAN_POINT('',(4.778860219911,20.893164951468));
#2731 = CARTESIAN_POINT('',(4.767531171956,21.044952759879));
#2732 = CARTESIAN_POINT('',(4.754942735802,21.167816105033));
#2733 = CARTESIAN_POINT('',(4.74134133047,21.254666281358));
#2734 = CARTESIAN_POINT('',(4.727036558653,21.3));
#2735 = CARTESIAN_POINT('',(4.697741402116,21.3));
#2736 = CARTESIAN_POINT('',(4.6834366303,21.254666281356));
#2737 = CARTESIAN_POINT('',(4.669835224968,21.167816105039));
#2738 = CARTESIAN_POINT('',(4.657246788813,21.04495275988));
#2739 = CARTESIAN_POINT('',(4.645917740858,20.893164951458));
#2740 = CARTESIAN_POINT('',(4.63600748204,20.72102458352));
#2741 = CARTESIAN_POINT('',(4.617167812984,20.313673644309));
#2742 = CARTESIAN_POINT('',(4.608695247518,20.066574479809));
#2743 = CARTESIAN_POINT('',(4.602055869145,19.805113151285));
#2744 = CARTESIAN_POINT('',(4.597153074132,19.534484950276));
#2745 = CARTESIAN_POINT('',(4.593909996347,19.258313604971));
#2746 = CARTESIAN_POINT('',(4.592284770698,18.9793435986));
#2747 = CARTESIAN_POINT('',(4.592284769401,18.7));
#2748 = ( GEOMETRIC_REPRESENTATION_CONTEXT(2) 
PARAMETRIC_REPRESENTATION_CONTEXT() REPRESENTATION_CONTEXT('2D SPACE',''
  ) );
#2749 = PCURVE('',#2750,#2755);
#2750 = CYLINDRICAL_SURFACE('',#2751,2.6);
#2751 = AXIS2_PLACEMENT_3D('',#2752,#2753,#2754);
#2752 = CARTESIAN_POINT('',(-21.2,-8.804068585277E-15,189.3));
#2753 = DIRECTION('',(-1.,0.,0.));
#2754 = DIRECTION('',(0.,-1.,-1.110223024625E-16));
#2755 = DEFINITIONAL_REPRESENTATION('',(#2756),#2807);
#2756 = B_SPLINE_CURVE_WITH_KNOTS('',7,(#2757,#2758,#2759,#2760,#2761,
    #2762,#2763,#2764,#2765,#2766,#2767,#2768,#2769,#2770,#2771,#2772,
    #2773,#2774,#2775,#2776,#2777,#2778,#2779,#2780,#2781,#2782,#2783,
    #2784,#2785,#2786,#2787,#2788,#2789,#2790,#2791,#2792,#2793,#2794,
    #2795,#2796,#2797,#2798,#2799,#2800,#2801,#2802,#2803,#2804,#2805,
    #2806),.UNSPECIFIED.,.F.,.F.,(8,6,6,6,6,6,6,6,8),(0.,0.137967019983,
    0.249999993212,0.362032966422,0.499999999977,0.637967033533,
    0.750000006771,0.862032980013,1.),.UNSPECIFIED.);
#2757 = CARTESIAN_POINT('',(0.,0.343676566454));
#2758 = CARTESIAN_POINT('',(0.107439845615,0.343676569826));
#2759 = CARTESIAN_POINT('',(0.214735608993,0.347902083768));
#2760 = CARTESIAN_POINT('',(0.322982838189,0.356334462333));
#2761 = CARTESIAN_POINT('',(0.433119804963,0.368722274189));
#2762 = CARTESIAN_POINT('',(0.546159475714,0.384561318142));
#2763 = CARTESIAN_POINT('',(0.663120914561,0.402864883359));
#2764 = CARTESIAN_POINT('',(0.88469061566,0.437501193494));
#2765 = CARTESIAN_POINT('',(0.989824658959,0.453922903135));
#2766 = CARTESIAN_POINT('',(1.099426306564,0.470028150178));
#2767 = CARTESIAN_POINT('',(1.212694096961,0.484162815087));
#2768 = CARTESIAN_POINT('',(1.329155730504,0.494568193741));
#2769 = CARTESIAN_POINT('',(1.448545385102,0.5));
#2770 = CARTESIAN_POINT('',(1.693047268467,0.5));
#2771 = CARTESIAN_POINT('',(1.812436923108,0.494568193743));
#2772 = CARTESIAN_POINT('',(1.928898556642,0.484162815082));
#2773 = CARTESIAN_POINT('',(2.042166347015,0.47002815018));
#2774 = CARTESIAN_POINT('',(2.151767994606,0.453922903139));
#2775 = CARTESIAN_POINT('',(2.256902037951,0.437501193491));
#2776 = CARTESIAN_POINT('',(2.478471751053,0.402864881479));
#2777 = CARTESIAN_POINT('',(2.595433166544,0.384561318681));
#2778 = CARTESIAN_POINT('',(2.708472858132,0.368722276305));
#2779 = CARTESIAN_POINT('',(2.818609825825,0.3563344579));
#2780 = CARTESIAN_POINT('',(2.92685698863,0.347902089926));
#2781 = CARTESIAN_POINT('',(3.034152854129,0.343676566454));
#2782 = CARTESIAN_POINT('',(3.249032453051,0.343676566454));
#2783 = CARTESIAN_POINT('',(3.35632831855,0.347902089926));
#2784 = CARTESIAN_POINT('',(3.464575481355,0.3563344579));
#2785 = CARTESIAN_POINT('',(3.574712449048,0.368722276305));
#2786 = CARTESIAN_POINT('',(3.687752140636,0.384561318681));
#2787 = CARTESIAN_POINT('',(3.804713556126,0.402864881479));
#2788 = CARTESIAN_POINT('',(4.026283269254,0.437501193495));
#2789 = CARTESIAN_POINT('',(4.131417312544,0.453922903134));
#2790 = CARTESIAN_POINT('',(4.241018960152,0.470028150177));
#2791 = CARTESIAN_POINT('',(4.354286750553,0.484162815088));
#2792 = CARTESIAN_POINT('',(4.470748384098,0.49456819374));
#2793 = CARTESIAN_POINT('',(4.590138038687,0.5));
#2794 = CARTESIAN_POINT('',(4.834639922086,0.5));
#2795 = CARTESIAN_POINT('',(4.954029576668,0.49456819374));
#2796 = CARTESIAN_POINT('',(5.070491210213,0.484162815089));
#2797 = CARTESIAN_POINT('',(5.18375900062,0.470028150177));
#2798 = CARTESIAN_POINT('',(5.29336064823,0.453922903133));
#2799 = CARTESIAN_POINT('',(5.398494691512,0.437501193496));
#2800 = CARTESIAN_POINT('',(5.620064392618,0.402864883359));
#2801 = CARTESIAN_POINT('',(5.737025831466,0.384561318142));
#2802 = CARTESIAN_POINT('',(5.850065502216,0.368722274189));
#2803 = CARTESIAN_POINT('',(5.96020246899,0.356334462333));
#2804 = CARTESIAN_POINT('',(6.068449698187,0.347902083768));
#2805 = CARTESIAN_POINT('',(6.175745461564,0.343676569826));
#2806 = CARTESIAN_POINT('',(6.28318530718,0.343676566454));
#2807 = ( GEOMETRIC_REPRESENTATION_CONTEXT(2) 
PARAMETRIC_REPRESENTATION_CONTEXT() REPRESENTATION_CONTEXT('2D SPACE',''
  ) );
#2808 = FACE_BOUND('',#2809,.F.);
#2809 = EDGE_LOOP('',(#2810,#2811,#2812,#2813));
#2810 = ORIENTED_EDGE('',*,*,#2343,.T.);
#2811 = ORIENTED_EDGE('',*,*,#2315,.T.);
#2812 = ORIENTED_EDGE('',*,*,#2218,.F.);
#2813 = ORIENTED_EDGE('',*,*,#2265,.F.);
#2814 = ADVANCED_FACE('',(#2815),#1415,.T.);
#2815 = FACE_BOUND('',#2816,.T.);
#2816 = EDGE_LOOP('',(#2817,#2841,#2862,#2863));
#2817 = ORIENTED_EDGE('',*,*,#2818,.F.);
#2818 = EDGE_CURVE('',#2819,#2819,#2821,.T.);
#2819 = VERTEX_POINT('',#2820);
#2820 = CARTESIAN_POINT('',(-6.049755187788E-15,24.7,0.));
#2821 = SURFACE_CURVE('',#2822,(#2827,#2834),.PCURVE_S1.);
#2822 = CIRCLE('',#2823,24.7);
#2823 = AXIS2_PLACEMENT_3D('',#2824,#2825,#2826);
#2824 = CARTESIAN_POINT('',(0.,1.221245327088E-14,0.));
#2825 = DIRECTION('',(0.,1.110223024625E-16,-1.));
#2826 = DIRECTION('',(0.,1.,1.110223024625E-16));
#2827 = PCURVE('',#1415,#2828);
#2828 = DEFINITIONAL_REPRESENTATION('',(#2829),#2833);
#2829 = LINE('',#2830,#2831);
#2830 = CARTESIAN_POINT('',(0.,15.));
#2831 = VECTOR('',#2832,1.);
#2832 = DIRECTION('',(1.,0.));
#2833 = ( GEOMETRIC_REPRESENTATION_CONTEXT(2) 
PARAMETRIC_REPRESENTATION_CONTEXT() REPRESENTATION_CONTEXT('2D SPACE',''
  ) );
#2834 = PCURVE('',#2405,#2835);
#2835 = DEFINITIONAL_REPRESENTATION('',(#2836),#2840);
#2836 = CIRCLE('',#2837,24.7);
#2837 = AXIS2_PLACEMENT_2D('',#2838,#2839);
#2838 = CARTESIAN_POINT('',(80.,80.));
#2839 = DIRECTION('',(1.,0.));
#2840 = ( GEOMETRIC_REPRESENTATION_CONTEXT(2) 
PARAMETRIC_REPRESENTATION_CONTEXT() REPRESENTATION_CONTEXT('2D SPACE',''
  ) );
#2841 = ORIENTED_EDGE('',*,*,#2842,.F.);
#2842 = EDGE_CURVE('',#1399,#2819,#2843,.T.);
#2843 = SEAM_CURVE('',#2844,(#2848,#2855),.PCURVE_S1.);
#2844 = LINE('',#2845,#2846);
#2845 = CARTESIAN_POINT('',(-6.049755187788E-15,24.7,15.));
#2846 = VECTOR('',#2847,1.);
#2847 = DIRECTION('',(0.,1.110223024625E-16,-1.));
#2848 = PCURVE('',#1415,#2849);
#2849 = DEFINITIONAL_REPRESENTATION('',(#2850),#2854);
#2850 = LINE('',#2851,#2852);
#2851 = CARTESIAN_POINT('',(6.28318530718,-0.));
#2852 = VECTOR('',#2853,1.);
#2853 = DIRECTION('',(0.,1.));
#2854 = ( GEOMETRIC_REPRESENTATION_CONTEXT(2) 
PARAMETRIC_REPRESENTATION_CONTEXT() REPRESENTATION_CONTEXT('2D SPACE',''
  ) );
#2855 = PCURVE('',#1415,#2856);
#2856 = DEFINITIONAL_REPRESENTATION('',(#2857),#2861);
#2857 = LINE('',#2858,#2859);
#2858 = CARTESIAN_POINT('',(0.,-0.));
#2859 = VECTOR('',#2860,1.);
#2860 = DIRECTION('',(0.,1.));
#2861 = ( GEOMETRIC_REPRESENTATION_CONTEXT(2) 
PARAMETRIC_REPRESENTATION_CONTEXT() REPRESENTATION_CONTEXT('2D SPACE',''
  ) );
#2862 = ORIENTED_EDGE('',*,*,#1398,.T.);
#2863 = ORIENTED_EDGE('',*,*,#2842,.T.);
#2864 = ADVANCED_FACE('',(#2865,#2868),#1493,.T.);
#2865 = FACE_BOUND('',#2866,.T.);
#2866 = EDGE_LOOP('',(#2867));
#2867 = ORIENTED_EDGE('',*,*,#1478,.T.);
#2868 = FACE_BOUND('',#2869,.T.);
#2869 = EDGE_LOOP('',(#2870,#2901,#2930,#2954,#2978));
#2870 = ORIENTED_EDGE('',*,*,#2871,.F.);
#2871 = EDGE_CURVE('',#2872,#2874,#2876,.T.);
#2872 = VERTEX_POINT('',#2873);
#2873 = CARTESIAN_POINT('',(44.2,5.280625,189.75276882553));
#2874 = VERTEX_POINT('',#2875);
#2875 = CARTESIAN_POINT('',(44.2,-5.280625,189.75276882553));
#2876 = SURFACE_CURVE('',#2877,(#2882,#2889),.PCURVE_S1.);
#2877 = CIRCLE('',#2878,5.3);
#2878 = AXIS2_PLACEMENT_3D('',#2879,#2880,#2881);
#2879 = CARTESIAN_POINT('',(44.2,-8.804068585277E-15,189.3));
#2880 = DIRECTION('',(1.,0.,-0.));
#2881 = DIRECTION('',(0.,1.,1.110223024625E-16));
#2882 = PCURVE('',#1493,#2883);
#2883 = DEFINITIONAL_REPRESENTATION('',(#2884),#2888);
#2884 = CIRCLE('',#2885,5.3);
#2885 = AXIS2_PLACEMENT_2D('',#2886,#2887);
#2886 = CARTESIAN_POINT('',(0.,0.));
#2887 = DIRECTION('',(1.,0.));
#2888 = ( GEOMETRIC_REPRESENTATION_CONTEXT(2) 
PARAMETRIC_REPRESENTATION_CONTEXT() REPRESENTATION_CONTEXT('2D SPACE',''
  ) );
#2889 = PCURVE('',#2890,#2895);
#2890 = CYLINDRICAL_SURFACE('',#2891,5.3);
#2891 = AXIS2_PLACEMENT_3D('',#2892,#2893,#2894);
#2892 = CARTESIAN_POINT('',(29.,-8.804068585277E-15,189.3));
#2893 = DIRECTION('',(1.,0.,0.));
#2894 = DIRECTION('',(0.,1.,1.110223024625E-16));
#2895 = DEFINITIONAL_REPRESENTATION('',(#2896),#2900);
#2896 = LINE('',#2897,#2898);
#2897 = CARTESIAN_POINT('',(0.,15.2));
#2898 = VECTOR('',#2899,1.);
#2899 = DIRECTION('',(1.,0.));
#2900 = ( GEOMETRIC_REPRESENTATION_CONTEXT(2) 
PARAMETRIC_REPRESENTATION_CONTEXT() REPRESENTATION_CONTEXT('2D SPACE',''
  ) );
#2901 = ORIENTED_EDGE('',*,*,#2902,.F.);
#2902 = EDGE_CURVE('',#2903,#2872,#2905,.T.);
#2903 = VERTEX_POINT('',#2904);
#2904 = CARTESIAN_POINT('',(44.2,6.85,189.3));
#2905 = SURFACE_CURVE('',#2906,(#2911,#2918),.PCURVE_S1.);
#2906 = CIRCLE('',#2907,0.85);
#2907 = AXIS2_PLACEMENT_3D('',#2908,#2909,#2910);
#2908 = CARTESIAN_POINT('',(44.2,6.,189.3));
#2909 = DIRECTION('',(1.,0.,-0.));
#2910 = DIRECTION('',(0.,1.,1.110223024625E-16));
#2911 = PCURVE('',#1493,#2912);
#2912 = DEFINITIONAL_REPRESENTATION('',(#2913),#2917);
#2913 = CIRCLE('',#2914,0.85);
#2914 = AXIS2_PLACEMENT_2D('',#2915,#2916);
#2915 = CARTESIAN_POINT('',(6.,0.));
#2916 = DIRECTION('',(1.,0.));
#2917 = ( GEOMETRIC_REPRESENTATION_CONTEXT(2) 
PARAMETRIC_REPRESENTATION_CONTEXT() REPRESENTATION_CONTEXT('2D SPACE',''
  ) );
#2918 = PCURVE('',#2919,#2924);
#2919 = CYLINDRICAL_SURFACE('',#2920,0.85);
#2920 = AXIS2_PLACEMENT_3D('',#2921,#2922,#2923);
#2921 = CARTESIAN_POINT('',(39.2,6.,189.3));
#2922 = DIRECTION('',(1.,0.,0.));
#2923 = DIRECTION('',(0.,1.,1.110223024625E-16));
#2924 = DEFINITIONAL_REPRESENTATION('',(#2925),#2929);
#2925 = LINE('',#2926,#2927);
#2926 = CARTESIAN_POINT('',(0.,5.));
#2927 = VECTOR('',#2928,1.);
#2928 = DIRECTION('',(1.,0.));
#2929 = ( GEOMETRIC_REPRESENTATION_CONTEXT(2) 
PARAMETRIC_REPRESENTATION_CONTEXT() REPRESENTATION_CONTEXT('2D SPACE',''
  ) );
#2930 = ORIENTED_EDGE('',*,*,#2931,.F.);
#2931 = EDGE_CURVE('',#2932,#2903,#2934,.T.);
#2932 = VERTEX_POINT('',#2933);
#2933 = CARTESIAN_POINT('',(44.2,5.280625,188.84723117446));
#2934 = SURFACE_CURVE('',#2935,(#2940,#2947),.PCURVE_S1.);
#2935 = CIRCLE('',#2936,0.85);
#2936 = AXIS2_PLACEMENT_3D('',#2937,#2938,#2939);
#2937 = CARTESIAN_POINT('',(44.2,6.,189.3));
#2938 = DIRECTION('',(1.,0.,-0.));
#2939 = DIRECTION('',(0.,1.,1.110223024625E-16));
#2940 = PCURVE('',#1493,#2941);
#2941 = DEFINITIONAL_REPRESENTATION('',(#2942),#2946);
#2942 = CIRCLE('',#2943,0.85);
#2943 = AXIS2_PLACEMENT_2D('',#2944,#2945);
#2944 = CARTESIAN_POINT('',(6.,0.));
#2945 = DIRECTION('',(1.,0.));
#2946 = ( GEOMETRIC_REPRESENTATION_CONTEXT(2) 
PARAMETRIC_REPRESENTATION_CONTEXT() REPRESENTATION_CONTEXT('2D SPACE',''
  ) );
#2947 = PCURVE('',#2919,#2948);
#2948 = DEFINITIONAL_REPRESENTATION('',(#2949),#2953);
#2949 = LINE('',#2950,#2951);
#2950 = CARTESIAN_POINT('',(-6.28318530718,5.));
#2951 = VECTOR('',#2952,1.);
#2952 = DIRECTION('',(1.,0.));
#2953 = ( GEOMETRIC_REPRESENTATION_CONTEXT(2) 
PARAMETRIC_REPRESENTATION_CONTEXT() REPRESENTATION_CONTEXT('2D SPACE',''
  ) );
#2954 = ORIENTED_EDGE('',*,*,#2955,.F.);
#2955 = EDGE_CURVE('',#2956,#2932,#2958,.T.);
#2956 = VERTEX_POINT('',#2957);
#2957 = CARTESIAN_POINT('',(44.2,-5.280625,188.84723117446));
#2958 = SURFACE_CURVE('',#2959,(#2964,#2971),.PCURVE_S1.);
#2959 = CIRCLE('',#2960,5.3);
#2960 = AXIS2_PLACEMENT_3D('',#2961,#2962,#2963);
#2961 = CARTESIAN_POINT('',(44.2,-8.804068585277E-15,189.3));
#2962 = DIRECTION('',(1.,0.,-0.));
#2963 = DIRECTION('',(0.,1.,1.110223024625E-16));
#2964 = PCURVE('',#1493,#2965);
#2965 = DEFINITIONAL_REPRESENTATION('',(#2966),#2970);
#2966 = CIRCLE('',#2967,5.3);
#2967 = AXIS2_PLACEMENT_2D('',#2968,#2969);
#2968 = CARTESIAN_POINT('',(0.,0.));
#2969 = DIRECTION('',(1.,0.));
#2970 = ( GEOMETRIC_REPRESENTATION_CONTEXT(2) 
PARAMETRIC_REPRESENTATION_CONTEXT() REPRESENTATION_CONTEXT('2D SPACE',''
  ) );
#2971 = PCURVE('',#2890,#2972);
#2972 = DEFINITIONAL_REPRESENTATION('',(#2973),#2977);
#2973 = LINE('',#2974,#2975);
#2974 = CARTESIAN_POINT('',(0.,15.2));
#2975 = VECTOR('',#2976,1.);
#2976 = DIRECTION('',(1.,0.));
#2977 = ( GEOMETRIC_REPRESENTATION_CONTEXT(2) 
PARAMETRIC_REPRESENTATION_CONTEXT() REPRESENTATION_CONTEXT('2D SPACE',''
  ) );
#2978 = ORIENTED_EDGE('',*,*,#2979,.F.);
#2979 = EDGE_CURVE('',#2956,#2874,#2980,.T.);
#2980 = SURFACE_CURVE('',#2981,(#2986,#2993),.PCURVE_S1.);
#2981 = CIRCLE('',#2982,0.85);
#2982 = AXIS2_PLACEMENT_3D('',#2983,#2984,#2985);
#2983 = CARTESIAN_POINT('',(44.2,-6.,189.3));
#2984 = DIRECTION('',(1.,0.,-0.));
#2985 = DIRECTION('',(0.,1.,1.110223024625E-16));
#2986 = PCURVE('',#1493,#2987);
#2987 = DEFINITIONAL_REPRESENTATION('',(#2988),#2992);
#2988 = CIRCLE('',#2989,0.85);
#2989 = AXIS2_PLACEMENT_2D('',#2990,#2991);
#2990 = CARTESIAN_POINT('',(-6.,0.));
#2991 = DIRECTION('',(1.,0.));
#2992 = ( GEOMETRIC_REPRESENTATION_CONTEXT(2) 
PARAMETRIC_REPRESENTATION_CONTEXT() REPRESENTATION_CONTEXT('2D SPACE',''
  ) );
#2993 = PCURVE('',#2994,#2999);
#2994 = CYLINDRICAL_SURFACE('',#2995,0.85);
#2995 = AXIS2_PLACEMENT_3D('',#2996,#2997,#2998);
#2996 = CARTESIAN_POINT('',(39.2,-6.,189.3));
#2997 = DIRECTION('',(1.,0.,0.));
#2998 = DIRECTION('',(0.,1.,1.110223024625E-16));
#2999 = DEFINITIONAL_REPRESENTATION('',(#3000),#3004);
#3000 = LINE('',#3001,#3002);
#3001 = CARTESIAN_POINT('',(0.,5.));
#3002 = VECTOR('',#3003,1.);
#3003 = DIRECTION('',(1.,0.));
#3004 = ( GEOMETRIC_REPRESENTATION_CONTEXT(2) 
PARAMETRIC_REPRESENTATION_CONTEXT() REPRESENTATION_CONTEXT('2D SPACE',''
  ) );
#3005 = ADVANCED_FACE('',(#3006,#3052,#3164),#1528,.T.);
#3006 = FACE_BOUND('',#3007,.T.);
#3007 = EDGE_LOOP('',(#3008,#3009,#3030,#3031));
#3008 = ORIENTED_EDGE('',*,*,#1510,.F.);
#3009 = ORIENTED_EDGE('',*,*,#3010,.T.);
#3010 = EDGE_CURVE('',#1511,#1741,#3011,.T.);
#3011 = SURFACE_CURVE('',#3012,(#3016,#3023),.PCURVE_S1.);
#3012 = LINE('',#3013,#3014);
#3013 = CARTESIAN_POINT('',(30.7,-7.5,177.3));
#3014 = VECTOR('',#3015,1.);
#3015 = DIRECTION('',(0.,1.110223024625E-16,-1.));
#3016 = PCURVE('',#1528,#3017);
#3017 = DEFINITIONAL_REPRESENTATION('',(#3018),#3022);
#3018 = LINE('',#3019,#3020);
#3019 = CARTESIAN_POINT('',(0.,0.));
#3020 = VECTOR('',#3021,1.);
#3021 = DIRECTION('',(0.,-1.));
#3022 = ( GEOMETRIC_REPRESENTATION_CONTEXT(2) 
PARAMETRIC_REPRESENTATION_CONTEXT() REPRESENTATION_CONTEXT('2D SPACE',''
  ) );
#3023 = PCURVE('',#1556,#3024);
#3024 = DEFINITIONAL_REPRESENTATION('',(#3025),#3029);
#3025 = LINE('',#3026,#3027);
#3026 = CARTESIAN_POINT('',(4.,0.));
#3027 = VECTOR('',#3028,1.);
#3028 = DIRECTION('',(0.,1.));
#3029 = ( GEOMETRIC_REPRESENTATION_CONTEXT(2) 
PARAMETRIC_REPRESENTATION_CONTEXT() REPRESENTATION_CONTEXT('2D SPACE',''
  ) );
#3030 = ORIENTED_EDGE('',*,*,#1740,.T.);
#3031 = ORIENTED_EDGE('',*,*,#3032,.F.);
#3032 = EDGE_CURVE('',#1513,#1743,#3033,.T.);
#3033 = SURFACE_CURVE('',#3034,(#3038,#3045),.PCURVE_S1.);
#3034 = LINE('',#3035,#3036);
#3035 = CARTESIAN_POINT('',(30.7,7.5,177.3));
#3036 = VECTOR('',#3037,1.);
#3037 = DIRECTION('',(0.,1.110223024625E-16,-1.));
#3038 = PCURVE('',#1528,#3039);
#3039 = DEFINITIONAL_REPRESENTATION('',(#3040),#3044);
#3040 = LINE('',#3041,#3042);
#3041 = CARTESIAN_POINT('',(15.,0.));
#3042 = VECTOR('',#3043,1.);
#3043 = DIRECTION('',(0.,-1.));
#3044 = ( GEOMETRIC_REPRESENTATION_CONTEXT(2) 
PARAMETRIC_REPRESENTATION_CONTEXT() REPRESENTATION_CONTEXT('2D SPACE',''
  ) );
#3045 = PCURVE('',#1627,#3046);
#3046 = DEFINITIONAL_REPRESENTATION('',(#3047),#3051);
#3047 = LINE('',#3048,#3049);
#3048 = CARTESIAN_POINT('',(4.,0.));
#3049 = VECTOR('',#3050,1.);
#3050 = DIRECTION('',(0.,1.));
#3051 = ( GEOMETRIC_REPRESENTATION_CONTEXT(2) 
PARAMETRIC_REPRESENTATION_CONTEXT() REPRESENTATION_CONTEXT('2D SPACE',''
  ) );
#3052 = FACE_BOUND('',#3053,.T.);
#3053 = EDGE_LOOP('',(#3054,#3082,#3111,#3137));
#3054 = ORIENTED_EDGE('',*,*,#3055,.F.);
#3055 = EDGE_CURVE('',#3056,#3058,#3060,.T.);
#3056 = VERTEX_POINT('',#3057);
#3057 = CARTESIAN_POINT('',(30.7,0.85,144.3));
#3058 = VERTEX_POINT('',#3059);
#3059 = CARTESIAN_POINT('',(30.7,0.85,146.3));
#3060 = SURFACE_CURVE('',#3061,(#3065,#3071),.PCURVE_S1.);
#3061 = LINE('',#3062,#3063);
#3062 = CARTESIAN_POINT('',(30.7,0.85,161.8));
#3063 = VECTOR('',#3064,1.);
#3064 = DIRECTION('',(0.,-1.110223024625E-16,1.));
#3065 = PCURVE('',#1528,#3066);
#3066 = DEFINITIONAL_REPRESENTATION('',(#3067),#3070);
#3067 = B_SPLINE_CURVE_WITH_KNOTS('',1,(#3068,#3069),.UNSPECIFIED.,.F.,
  .F.,(2,2),(-17.5,-15.5),.PIECEWISE_BEZIER_KNOTS.);
#3068 = CARTESIAN_POINT('',(8.35,-33.));
#3069 = CARTESIAN_POINT('',(8.35,-31.));
#3070 = ( GEOMETRIC_REPRESENTATION_CONTEXT(2) 
PARAMETRIC_REPRESENTATION_CONTEXT() REPRESENTATION_CONTEXT('2D SPACE',''
  ) );
#3071 = PCURVE('',#3072,#3077);
#3072 = PLANE('',#3073);
#3073 = AXIS2_PLACEMENT_3D('',#3074,#3075,#3076);
#3074 = CARTESIAN_POINT('',(24.6,0.85,146.3));
#3075 = DIRECTION('',(0.,1.,1.110223024625E-16));
#3076 = DIRECTION('',(1.,0.,0.));
#3077 = DEFINITIONAL_REPRESENTATION('',(#3078),#3081);
#3078 = B_SPLINE_CURVE_WITH_KNOTS('',1,(#3079,#3080),.UNSPECIFIED.,.F.,
  .F.,(2,2),(-17.5,-15.5),.PIECEWISE_BEZIER_KNOTS.);
#3079 = CARTESIAN_POINT('',(6.1,2.));
#3080 = CARTESIAN_POINT('',(6.1,0.));
#3081 = ( GEOMETRIC_REPRESENTATION_CONTEXT(2) 
PARAMETRIC_REPRESENTATION_CONTEXT() REPRESENTATION_CONTEXT('2D SPACE',''
  ) );
#3082 = ORIENTED_EDGE('',*,*,#3083,.F.);
#3083 = EDGE_CURVE('',#3084,#3056,#3086,.T.);
#3084 = VERTEX_POINT('',#3085);
#3085 = CARTESIAN_POINT('',(30.7,-0.85,144.3));
#3086 = SURFACE_CURVE('',#3087,(#3092,#3099),.PCURVE_S1.);
#3087 = CIRCLE('',#3088,0.85);
#3088 = AXIS2_PLACEMENT_3D('',#3089,#3090,#3091);
#3089 = CARTESIAN_POINT('',(30.7,-3.808064974464E-15,144.3));
#3090 = DIRECTION('',(1.,0.,-0.));
#3091 = DIRECTION('',(0.,1.,1.110223024625E-16));
#3092 = PCURVE('',#1528,#3093);
#3093 = DEFINITIONAL_REPRESENTATION('',(#3094),#3098);
#3094 = CIRCLE('',#3095,0.85);
#3095 = AXIS2_PLACEMENT_2D('',#3096,#3097);
#3096 = CARTESIAN_POINT('',(7.5,-33.));
#3097 = DIRECTION('',(1.,0.));
#3098 = ( GEOMETRIC_REPRESENTATION_CONTEXT(2) 
PARAMETRIC_REPRESENTATION_CONTEXT() REPRESENTATION_CONTEXT('2D SPACE',''
  ) );
#3099 = PCURVE('',#3100,#3105);
#3100 = CYLINDRICAL_SURFACE('',#3101,0.85);
#3101 = AXIS2_PLACEMENT_3D('',#3102,#3103,#3104);
#3102 = CARTESIAN_POINT('',(24.7,-3.808064974464E-15,144.3));
#3103 = DIRECTION('',(1.,0.,0.));
#3104 = DIRECTION('',(0.,1.,1.110223024625E-16));
#3105 = DEFINITIONAL_REPRESENTATION('',(#3106),#3110);
#3106 = LINE('',#3107,#3108);
#3107 = CARTESIAN_POINT('',(0.,6.));
#3108 = VECTOR('',#3109,1.);
#3109 = DIRECTION('',(1.,0.));
#3110 = ( GEOMETRIC_REPRESENTATION_CONTEXT(2) 
PARAMETRIC_REPRESENTATION_CONTEXT() REPRESENTATION_CONTEXT('2D SPACE',''
  ) );
#3111 = ORIENTED_EDGE('',*,*,#3112,.T.);
#3112 = EDGE_CURVE('',#3084,#3113,#3115,.T.);
#3113 = VERTEX_POINT('',#3114);
#3114 = CARTESIAN_POINT('',(30.7,-0.85,146.3));
#3115 = SURFACE_CURVE('',#3116,(#3120,#3126),.PCURVE_S1.);
#3116 = LINE('',#3117,#3118);
#3117 = CARTESIAN_POINT('',(30.7,-0.85,161.8));
#3118 = VECTOR('',#3119,1.);
#3119 = DIRECTION('',(0.,-1.110223024625E-16,1.));
#3120 = PCURVE('',#1528,#3121);
#3121 = DEFINITIONAL_REPRESENTATION('',(#3122),#3125);
#3122 = B_SPLINE_CURVE_WITH_KNOTS('',1,(#3123,#3124),.UNSPECIFIED.,.F.,
  .F.,(2,2),(-17.5,-15.5),.PIECEWISE_BEZIER_KNOTS.);
#3123 = CARTESIAN_POINT('',(6.65,-33.));
#3124 = CARTESIAN_POINT('',(6.65,-31.));
#3125 = ( GEOMETRIC_REPRESENTATION_CONTEXT(2) 
PARAMETRIC_REPRESENTATION_CONTEXT() REPRESENTATION_CONTEXT('2D SPACE',''
  ) );
#3126 = PCURVE('',#3127,#3132);
#3127 = PLANE('',#3128);
#3128 = AXIS2_PLACEMENT_3D('',#3129,#3130,#3131);
#3129 = CARTESIAN_POINT('',(24.6,-0.85,146.3));
#3130 = DIRECTION('',(0.,1.,1.110223024625E-16));
#3131 = DIRECTION('',(1.,0.,0.));
#3132 = DEFINITIONAL_REPRESENTATION('',(#3133),#3136);
#3133 = B_SPLINE_CURVE_WITH_KNOTS('',1,(#3134,#3135),.UNSPECIFIED.,.F.,
  .F.,(2,2),(-17.5,-15.5),.PIECEWISE_BEZIER_KNOTS.);
#3134 = CARTESIAN_POINT('',(6.1,2.));
#3135 = CARTESIAN_POINT('',(6.1,0.));
#3136 = ( GEOMETRIC_REPRESENTATION_CONTEXT(2) 
PARAMETRIC_REPRESENTATION_CONTEXT() REPRESENTATION_CONTEXT('2D SPACE',''
  ) );
#3137 = ORIENTED_EDGE('',*,*,#3138,.F.);
#3138 = EDGE_CURVE('',#3058,#3113,#3139,.T.);
#3139 = SURFACE_CURVE('',#3140,(#3145,#3152),.PCURVE_S1.);
#3140 = CIRCLE('',#3141,0.85);
#3141 = AXIS2_PLACEMENT_3D('',#3142,#3143,#3144);
#3142 = CARTESIAN_POINT('',(30.7,-4.030109579389E-15,146.3));
#3143 = DIRECTION('',(1.,0.,-0.));
#3144 = DIRECTION('',(0.,1.,1.110223024625E-16));
#3145 = PCURVE('',#1528,#3146);
#3146 = DEFINITIONAL_REPRESENTATION('',(#3147),#3151);
#3147 = CIRCLE('',#3148,0.85);
#3148 = AXIS2_PLACEMENT_2D('',#3149,#3150);
#3149 = CARTESIAN_POINT('',(7.5,-31.));
#3150 = DIRECTION('',(1.,0.));
#3151 = ( GEOMETRIC_REPRESENTATION_CONTEXT(2) 
PARAMETRIC_REPRESENTATION_CONTEXT() REPRESENTATION_CONTEXT('2D SPACE',''
  ) );
#3152 = PCURVE('',#3153,#3158);
#3153 = CYLINDRICAL_SURFACE('',#3154,0.85);
#3154 = AXIS2_PLACEMENT_3D('',#3155,#3156,#3157);
#3155 = CARTESIAN_POINT('',(24.7,-4.030109579389E-15,146.3));
#3156 = DIRECTION('',(1.,0.,0.));
#3157 = DIRECTION('',(0.,1.,1.110223024625E-16));
#3158 = DEFINITIONAL_REPRESENTATION('',(#3159),#3163);
#3159 = LINE('',#3160,#3161);
#3160 = CARTESIAN_POINT('',(0.,6.));
#3161 = VECTOR('',#3162,1.);
#3162 = DIRECTION('',(1.,0.));
#3163 = ( GEOMETRIC_REPRESENTATION_CONTEXT(2) 
PARAMETRIC_REPRESENTATION_CONTEXT() REPRESENTATION_CONTEXT('2D SPACE',''
  ) );
#3164 = FACE_BOUND('',#3165,.T.);
#3165 = EDGE_LOOP('',(#3166,#3194,#3223,#3249));
#3166 = ORIENTED_EDGE('',*,*,#3167,.F.);
#3167 = EDGE_CURVE('',#3168,#3170,#3172,.T.);
#3168 = VERTEX_POINT('',#3169);
#3169 = CARTESIAN_POINT('',(30.7,0.85,172.3));
#3170 = VERTEX_POINT('',#3171);
#3171 = CARTESIAN_POINT('',(30.7,0.85,174.3));
#3172 = SURFACE_CURVE('',#3173,(#3177,#3183),.PCURVE_S1.);
#3173 = LINE('',#3174,#3175);
#3174 = CARTESIAN_POINT('',(30.7,0.85,175.8));
#3175 = VECTOR('',#3176,1.);
#3176 = DIRECTION('',(0.,-1.110223024625E-16,1.));
#3177 = PCURVE('',#1528,#3178);
#3178 = DEFINITIONAL_REPRESENTATION('',(#3179),#3182);
#3179 = B_SPLINE_CURVE_WITH_KNOTS('',1,(#3180,#3181),.UNSPECIFIED.,.F.,
  .F.,(2,2),(-3.5,-1.5),.PIECEWISE_BEZIER_KNOTS.);
#3180 = CARTESIAN_POINT('',(8.35,-5.));
#3181 = CARTESIAN_POINT('',(8.35,-3.));
#3182 = ( GEOMETRIC_REPRESENTATION_CONTEXT(2) 
PARAMETRIC_REPRESENTATION_CONTEXT() REPRESENTATION_CONTEXT('2D SPACE',''
  ) );
#3183 = PCURVE('',#3184,#3189);
#3184 = PLANE('',#3185);
#3185 = AXIS2_PLACEMENT_3D('',#3186,#3187,#3188);
#3186 = CARTESIAN_POINT('',(24.6,0.85,174.3));
#3187 = DIRECTION('',(0.,1.,1.110223024625E-16));
#3188 = DIRECTION('',(1.,0.,0.));
#3189 = DEFINITIONAL_REPRESENTATION('',(#3190),#3193);
#3190 = B_SPLINE_CURVE_WITH_KNOTS('',1,(#3191,#3192),.UNSPECIFIED.,.F.,
  .F.,(2,2),(-3.5,-1.5),.PIECEWISE_BEZIER_KNOTS.);
#3191 = CARTESIAN_POINT('',(6.1,2.));
#3192 = CARTESIAN_POINT('',(6.1,0.));
#3193 = ( GEOMETRIC_REPRESENTATION_CONTEXT(2) 
PARAMETRIC_REPRESENTATION_CONTEXT() REPRESENTATION_CONTEXT('2D SPACE',''
  ) );
#3194 = ORIENTED_EDGE('',*,*,#3195,.F.);
#3195 = EDGE_CURVE('',#3196,#3168,#3198,.T.);
#3196 = VERTEX_POINT('',#3197);
#3197 = CARTESIAN_POINT('',(30.7,-0.85,172.3));
#3198 = SURFACE_CURVE('',#3199,(#3204,#3211),.PCURVE_S1.);
#3199 = CIRCLE('',#3200,0.85);
#3200 = AXIS2_PLACEMENT_3D('',#3201,#3202,#3203);
#3201 = CARTESIAN_POINT('',(30.7,-6.916689443415E-15,172.3));
#3202 = DIRECTION('',(1.,0.,-0.));
#3203 = DIRECTION('',(0.,1.,1.110223024625E-16));
#3204 = PCURVE('',#1528,#3205);
#3205 = DEFINITIONAL_REPRESENTATION('',(#3206),#3210);
#3206 = CIRCLE('',#3207,0.85);
#3207 = AXIS2_PLACEMENT_2D('',#3208,#3209);
#3208 = CARTESIAN_POINT('',(7.5,-5.));
#3209 = DIRECTION('',(1.,0.));
#3210 = ( GEOMETRIC_REPRESENTATION_CONTEXT(2) 
PARAMETRIC_REPRESENTATION_CONTEXT() REPRESENTATION_CONTEXT('2D SPACE',''
  ) );
#3211 = PCURVE('',#3212,#3217);
#3212 = CYLINDRICAL_SURFACE('',#3213,0.85);
#3213 = AXIS2_PLACEMENT_3D('',#3214,#3215,#3216);
#3214 = CARTESIAN_POINT('',(24.7,-6.916689443415E-15,172.3));
#3215 = DIRECTION('',(1.,0.,0.));
#3216 = DIRECTION('',(0.,1.,1.110223024625E-16));
#3217 = DEFINITIONAL_REPRESENTATION('',(#3218),#3222);
#3218 = LINE('',#3219,#3220);
#3219 = CARTESIAN_POINT('',(0.,6.));
#3220 = VECTOR('',#3221,1.);
#3221 = DIRECTION('',(1.,0.));
#3222 = ( GEOMETRIC_REPRESENTATION_CONTEXT(2) 
PARAMETRIC_REPRESENTATION_CONTEXT() REPRESENTATION_CONTEXT('2D SPACE',''
  ) );
#3223 = ORIENTED_EDGE('',*,*,#3224,.T.);
#3224 = EDGE_CURVE('',#3196,#3225,#3227,.T.);
#3225 = VERTEX_POINT('',#3226);
#3226 = CARTESIAN_POINT('',(30.7,-0.85,174.3));
#3227 = SURFACE_CURVE('',#3228,(#3232,#3238),.PCURVE_S1.);
#3228 = LINE('',#3229,#3230);
#3229 = CARTESIAN_POINT('',(30.7,-0.85,175.8));
#3230 = VECTOR('',#3231,1.);
#3231 = DIRECTION('',(0.,-1.110223024625E-16,1.));
#3232 = PCURVE('',#1528,#3233);
#3233 = DEFINITIONAL_REPRESENTATION('',(#3234),#3237);
#3234 = B_SPLINE_CURVE_WITH_KNOTS('',1,(#3235,#3236),.UNSPECIFIED.,.F.,
  .F.,(2,2),(-3.5,-1.5),.PIECEWISE_BEZIER_KNOTS.);
#3235 = CARTESIAN_POINT('',(6.65,-5.));
#3236 = CARTESIAN_POINT('',(6.65,-3.));
#3237 = ( GEOMETRIC_REPRESENTATION_CONTEXT(2) 
PARAMETRIC_REPRESENTATION_CONTEXT() REPRESENTATION_CONTEXT('2D SPACE',''
  ) );
#3238 = PCURVE('',#3239,#3244);
#3239 = PLANE('',#3240);
#3240 = AXIS2_PLACEMENT_3D('',#3241,#3242,#3243);
#3241 = CARTESIAN_POINT('',(24.6,-0.85,174.3));
#3242 = DIRECTION('',(0.,1.,1.110223024625E-16));
#3243 = DIRECTION('',(1.,0.,0.));
#3244 = DEFINITIONAL_REPRESENTATION('',(#3245),#3248);
#3245 = B_SPLINE_CURVE_WITH_KNOTS('',1,(#3246,#3247),.UNSPECIFIED.,.F.,
  .F.,(2,2),(-3.5,-1.5),.PIECEWISE_BEZIER_KNOTS.);
#3246 = CARTESIAN_POINT('',(6.1,2.));
#3247 = CARTESIAN_POINT('',(6.1,0.));
#3248 = ( GEOMETRIC_REPRESENTATION_CONTEXT(2) 
PARAMETRIC_REPRESENTATION_CONTEXT() REPRESENTATION_CONTEXT('2D SPACE',''
  ) );
#3249 = ORIENTED_EDGE('',*,*,#3250,.F.);
#3250 = EDGE_CURVE('',#3170,#3225,#3251,.T.);
#3251 = SURFACE_CURVE('',#3252,(#3257,#3264),.PCURVE_S1.);
#3252 = CIRCLE('',#3253,0.85);
#3253 = AXIS2_PLACEMENT_3D('',#3254,#3255,#3256);
#3254 = CARTESIAN_POINT('',(30.7,-7.13873404834E-15,174.3));
#3255 = DIRECTION('',(1.,0.,-0.));
#3256 = DIRECTION('',(0.,1.,1.110223024625E-16));
#3257 = PCURVE('',#1528,#3258);
#3258 = DEFINITIONAL_REPRESENTATION('',(#3259),#3263);
#3259 = CIRCLE('',#3260,0.85);
#3260 = AXIS2_PLACEMENT_2D('',#3261,#3262);
#3261 = CARTESIAN_POINT('',(7.5,-3.));
#3262 = DIRECTION('',(1.,0.));
#3263 = ( GEOMETRIC_REPRESENTATION_CONTEXT(2) 
PARAMETRIC_REPRESENTATION_CONTEXT() REPRESENTATION_CONTEXT('2D SPACE',''
  ) );
#3264 = PCURVE('',#3265,#3270);
#3265 = CYLINDRICAL_SURFACE('',#3266,0.85);
#3266 = AXIS2_PLACEMENT_3D('',#3267,#3268,#3269);
#3267 = CARTESIAN_POINT('',(24.7,-7.13873404834E-15,174.3));
#3268 = DIRECTION('',(1.,0.,0.));
#3269 = DIRECTION('',(0.,1.,1.110223024625E-16));
#3270 = DEFINITIONAL_REPRESENTATION('',(#3271),#3275);
#3271 = LINE('',#3272,#3273);
#3272 = CARTESIAN_POINT('',(0.,6.));
#3273 = VECTOR('',#3274,1.);
#3274 = DIRECTION('',(1.,0.));
#3275 = ( GEOMETRIC_REPRESENTATION_CONTEXT(2) 
PARAMETRIC_REPRESENTATION_CONTEXT() REPRESENTATION_CONTEXT('2D SPACE',''
  ) );
#3276 = ADVANCED_FACE('',(#3277),#1627,.T.);
#3277 = FACE_BOUND('',#3278,.T.);
#3278 = EDGE_LOOP('',(#3279,#3280,#3281,#3282));
#3279 = ORIENTED_EDGE('',*,*,#1667,.F.);
#3280 = ORIENTED_EDGE('',*,*,#1613,.T.);
#3281 = ORIENTED_EDGE('',*,*,#3032,.T.);
#3282 = ORIENTED_EDGE('',*,*,#1789,.F.);
#3283 = ADVANCED_FACE('',(#3284),#1556,.F.);
#3284 = FACE_BOUND('',#3285,.F.);
#3285 = EDGE_LOOP('',(#3286,#3287,#3288,#3289));
#3286 = ORIENTED_EDGE('',*,*,#1692,.F.);
#3287 = ORIENTED_EDGE('',*,*,#1540,.T.);
#3288 = ORIENTED_EDGE('',*,*,#3010,.T.);
#3289 = ORIENTED_EDGE('',*,*,#1765,.F.);
#3290 = ADVANCED_FACE('',(#3291,#3294),#1851,.T.);
#3291 = FACE_BOUND('',#3292,.T.);
#3292 = EDGE_LOOP('',(#3293));
#3293 = ORIENTED_EDGE('',*,*,#1836,.T.);
#3294 = FACE_BOUND('',#3295,.T.);
#3295 = EDGE_LOOP('',(#3296,#3327,#3356,#3380,#3404));
#3296 = ORIENTED_EDGE('',*,*,#3297,.F.);
#3297 = EDGE_CURVE('',#3298,#3300,#3302,.T.);
#3298 = VERTEX_POINT('',#3299);
#3299 = CARTESIAN_POINT('',(-44.2,-5.280625,189.75276882553));
#3300 = VERTEX_POINT('',#3301);
#3301 = CARTESIAN_POINT('',(-44.2,5.280625,189.75276882553));
#3302 = SURFACE_CURVE('',#3303,(#3308,#3315),.PCURVE_S1.);
#3303 = CIRCLE('',#3304,5.3);
#3304 = AXIS2_PLACEMENT_3D('',#3305,#3306,#3307);
#3305 = CARTESIAN_POINT('',(-44.2,-8.804068585277E-15,189.3));
#3306 = DIRECTION('',(-1.,0.,-0.));
#3307 = DIRECTION('',(0.,-1.,-1.110223024625E-16));
#3308 = PCURVE('',#1851,#3309);
#3309 = DEFINITIONAL_REPRESENTATION('',(#3310),#3314);
#3310 = CIRCLE('',#3311,5.3);
#3311 = AXIS2_PLACEMENT_2D('',#3312,#3313);
#3312 = CARTESIAN_POINT('',(0.,0.));
#3313 = DIRECTION('',(1.,0.));
#3314 = ( GEOMETRIC_REPRESENTATION_CONTEXT(2) 
PARAMETRIC_REPRESENTATION_CONTEXT() REPRESENTATION_CONTEXT('2D SPACE',''
  ) );
#3315 = PCURVE('',#3316,#3321);
#3316 = CYLINDRICAL_SURFACE('',#3317,5.3);
#3317 = AXIS2_PLACEMENT_3D('',#3318,#3319,#3320);
#3318 = CARTESIAN_POINT('',(-29.,-8.804068585277E-15,189.3));
#3319 = DIRECTION('',(-1.,0.,0.));
#3320 = DIRECTION('',(0.,-1.,-1.110223024625E-16));
#3321 = DEFINITIONAL_REPRESENTATION('',(#3322),#3326);
#3322 = LINE('',#3323,#3324);
#3323 = CARTESIAN_POINT('',(0.,15.2));
#3324 = VECTOR('',#3325,1.);
#3325 = DIRECTION('',(1.,0.));
#3326 = ( GEOMETRIC_REPRESENTATION_CONTEXT(2) 
PARAMETRIC_REPRESENTATION_CONTEXT() REPRESENTATION_CONTEXT('2D SPACE',''
  ) );
#3327 = ORIENTED_EDGE('',*,*,#3328,.F.);
#3328 = EDGE_CURVE('',#3329,#3298,#3331,.T.);
#3329 = VERTEX_POINT('',#3330);
#3330 = CARTESIAN_POINT('',(-44.2,-6.85,189.3));
#3331 = SURFACE_CURVE('',#3332,(#3337,#3344),.PCURVE_S1.);
#3332 = CIRCLE('',#3333,0.85);
#3333 = AXIS2_PLACEMENT_3D('',#3334,#3335,#3336);
#3334 = CARTESIAN_POINT('',(-44.2,-6.,189.3));
#3335 = DIRECTION('',(-1.,0.,-0.));
#3336 = DIRECTION('',(0.,-1.,-1.110223024625E-16));
#3337 = PCURVE('',#1851,#3338);
#3338 = DEFINITIONAL_REPRESENTATION('',(#3339),#3343);
#3339 = CIRCLE('',#3340,0.85);
#3340 = AXIS2_PLACEMENT_2D('',#3341,#3342);
#3341 = CARTESIAN_POINT('',(6.,0.));
#3342 = DIRECTION('',(1.,0.));
#3343 = ( GEOMETRIC_REPRESENTATION_CONTEXT(2) 
PARAMETRIC_REPRESENTATION_CONTEXT() REPRESENTATION_CONTEXT('2D SPACE',''
  ) );
#3344 = PCURVE('',#3345,#3350);
#3345 = CYLINDRICAL_SURFACE('',#3346,0.85);
#3346 = AXIS2_PLACEMENT_3D('',#3347,#3348,#3349);
#3347 = CARTESIAN_POINT('',(-39.2,-6.,189.3));
#3348 = DIRECTION('',(-1.,0.,0.));
#3349 = DIRECTION('',(0.,-1.,-1.110223024625E-16));
#3350 = DEFINITIONAL_REPRESENTATION('',(#3351),#3355);
#3351 = LINE('',#3352,#3353);
#3352 = CARTESIAN_POINT('',(0.,5.));
#3353 = VECTOR('',#3354,1.);
#3354 = DIRECTION('',(1.,0.));
#3355 = ( GEOMETRIC_REPRESENTATION_CONTEXT(2) 
PARAMETRIC_REPRESENTATION_CONTEXT() REPRESENTATION_CONTEXT('2D SPACE',''
  ) );
#3356 = ORIENTED_EDGE('',*,*,#3357,.F.);
#3357 = EDGE_CURVE('',#3358,#3329,#3360,.T.);
#3358 = VERTEX_POINT('',#3359);
#3359 = CARTESIAN_POINT('',(-44.2,-5.280625,188.84723117446));
#3360 = SURFACE_CURVE('',#3361,(#3366,#3373),.PCURVE_S1.);
#3361 = CIRCLE('',#3362,0.85);
#3362 = AXIS2_PLACEMENT_3D('',#3363,#3364,#3365);
#3363 = CARTESIAN_POINT('',(-44.2,-6.,189.3));
#3364 = DIRECTION('',(-1.,0.,-0.));
#3365 = DIRECTION('',(0.,-1.,-1.110223024625E-16));
#3366 = PCURVE('',#1851,#3367);
#3367 = DEFINITIONAL_REPRESENTATION('',(#3368),#3372);
#3368 = CIRCLE('',#3369,0.85);
#3369 = AXIS2_PLACEMENT_2D('',#3370,#3371);
#3370 = CARTESIAN_POINT('',(6.,0.));
#3371 = DIRECTION('',(1.,0.));
#3372 = ( GEOMETRIC_REPRESENTATION_CONTEXT(2) 
PARAMETRIC_REPRESENTATION_CONTEXT() REPRESENTATION_CONTEXT('2D SPACE',''
  ) );
#3373 = PCURVE('',#3345,#3374);
#3374 = DEFINITIONAL_REPRESENTATION('',(#3375),#3379);
#3375 = LINE('',#3376,#3377);
#3376 = CARTESIAN_POINT('',(-6.28318530718,5.));
#3377 = VECTOR('',#3378,1.);
#3378 = DIRECTION('',(1.,0.));
#3379 = ( GEOMETRIC_REPRESENTATION_CONTEXT(2) 
PARAMETRIC_REPRESENTATION_CONTEXT() REPRESENTATION_CONTEXT('2D SPACE',''
  ) );
#3380 = ORIENTED_EDGE('',*,*,#3381,.F.);
#3381 = EDGE_CURVE('',#3382,#3358,#3384,.T.);
#3382 = VERTEX_POINT('',#3383);
#3383 = CARTESIAN_POINT('',(-44.2,5.280625,188.84723117446));
#3384 = SURFACE_CURVE('',#3385,(#3390,#3397),.PCURVE_S1.);
#3385 = CIRCLE('',#3386,5.3);
#3386 = AXIS2_PLACEMENT_3D('',#3387,#3388,#3389);
#3387 = CARTESIAN_POINT('',(-44.2,-8.804068585277E-15,189.3));
#3388 = DIRECTION('',(-1.,0.,-0.));
#3389 = DIRECTION('',(0.,-1.,-1.110223024625E-16));
#3390 = PCURVE('',#1851,#3391);
#3391 = DEFINITIONAL_REPRESENTATION('',(#3392),#3396);
#3392 = CIRCLE('',#3393,5.3);
#3393 = AXIS2_PLACEMENT_2D('',#3394,#3395);
#3394 = CARTESIAN_POINT('',(0.,0.));
#3395 = DIRECTION('',(1.,0.));
#3396 = ( GEOMETRIC_REPRESENTATION_CONTEXT(2) 
PARAMETRIC_REPRESENTATION_CONTEXT() REPRESENTATION_CONTEXT('2D SPACE',''
  ) );
#3397 = PCURVE('',#3316,#3398);
#3398 = DEFINITIONAL_REPRESENTATION('',(#3399),#3403);
#3399 = LINE('',#3400,#3401);
#3400 = CARTESIAN_POINT('',(0.,15.2));
#3401 = VECTOR('',#3402,1.);
#3402 = DIRECTION('',(1.,0.));
#3403 = ( GEOMETRIC_REPRESENTATION_CONTEXT(2) 
PARAMETRIC_REPRESENTATION_CONTEXT() REPRESENTATION_CONTEXT('2D SPACE',''
  ) );
#3404 = ORIENTED_EDGE('',*,*,#3405,.F.);
#3405 = EDGE_CURVE('',#3300,#3382,#3406,.T.);
#3406 = SURFACE_CURVE('',#3407,(#3412,#3419),.PCURVE_S1.);
#3407 = CIRCLE('',#3408,0.85);
#3408 = AXIS2_PLACEMENT_3D('',#3409,#3410,#3411);
#3409 = CARTESIAN_POINT('',(-44.2,6.,189.3));
#3410 = DIRECTION('',(-1.,0.,-0.));
#3411 = DIRECTION('',(0.,-1.,-1.110223024625E-16));
#3412 = PCURVE('',#1851,#3413);
#3413 = DEFINITIONAL_REPRESENTATION('',(#3414),#3418);
#3414 = CIRCLE('',#3415,0.85);
#3415 = AXIS2_PLACEMENT_2D('',#3416,#3417);
#3416 = CARTESIAN_POINT('',(-6.,0.));
#3417 = DIRECTION('',(1.,0.));
#3418 = ( GEOMETRIC_REPRESENTATION_CONTEXT(2) 
PARAMETRIC_REPRESENTATION_CONTEXT() REPRESENTATION_CONTEXT('2D SPACE',''
  ) );
#3419 = PCURVE('',#3420,#3425);
#3420 = CYLINDRICAL_SURFACE('',#3421,0.85);
#3421 = AXIS2_PLACEMENT_3D('',#3422,#3423,#3424);
#3422 = CARTESIAN_POINT('',(-39.2,6.,189.3));
#3423 = DIRECTION('',(-1.,0.,0.));
#3424 = DIRECTION('',(0.,-1.,-1.110223024625E-16));
#3425 = DEFINITIONAL_REPRESENTATION('',(#3426),#3430);
#3426 = LINE('',#3427,#3428);
#3427 = CARTESIAN_POINT('',(0.,5.));
#3428 = VECTOR('',#3429,1.);
#3429 = DIRECTION('',(1.,0.));
#3430 = ( GEOMETRIC_REPRESENTATION_CONTEXT(2) 
PARAMETRIC_REPRESENTATION_CONTEXT() REPRESENTATION_CONTEXT('2D SPACE',''
  ) );
#3431 = ADVANCED_FACE('',(#3432),#1929,.T.);
#3432 = FACE_BOUND('',#3433,.T.);
#3433 = EDGE_LOOP('',(#3434,#3455,#3456,#3457));
#3434 = ORIENTED_EDGE('',*,*,#3435,.F.);
#3435 = EDGE_CURVE('',#1996,#2096,#3436,.T.);
#3436 = SURFACE_CURVE('',#3437,(#3441,#3448),.PCURVE_S1.);
#3437 = LINE('',#3438,#3439);
#3438 = CARTESIAN_POINT('',(-30.7,7.5,177.3));
#3439 = VECTOR('',#3440,1.);
#3440 = DIRECTION('',(0.,1.110223024625E-16,-1.));
#3441 = PCURVE('',#1929,#3442);
#3442 = DEFINITIONAL_REPRESENTATION('',(#3443),#3447);
#3443 = LINE('',#3444,#3445);
#3444 = CARTESIAN_POINT('',(0.,0.));
#3445 = VECTOR('',#3446,1.);
#3446 = DIRECTION('',(0.,1.));
#3447 = ( GEOMETRIC_REPRESENTATION_CONTEXT(2) 
PARAMETRIC_REPRESENTATION_CONTEXT() REPRESENTATION_CONTEXT('2D SPACE',''
  ) );
#3448 = PCURVE('',#2011,#3449);
#3449 = DEFINITIONAL_REPRESENTATION('',(#3450),#3454);
#3450 = LINE('',#3451,#3452);
#3451 = CARTESIAN_POINT('',(15.,0.));
#3452 = VECTOR('',#3453,1.);
#3453 = DIRECTION('',(0.,-1.));
#3454 = ( GEOMETRIC_REPRESENTATION_CONTEXT(2) 
PARAMETRIC_REPRESENTATION_CONTEXT() REPRESENTATION_CONTEXT('2D SPACE',''
  ) );
#3455 = ORIENTED_EDGE('',*,*,#2023,.T.);
#3456 = ORIENTED_EDGE('',*,*,#1915,.T.);
#3457 = ORIENTED_EDGE('',*,*,#2118,.F.);
#3458 = ADVANCED_FACE('',(#3459,#3485,#3605),#2011,.F.);
#3459 = FACE_BOUND('',#3460,.F.);
#3460 = EDGE_LOOP('',(#3461,#3462,#3483,#3484));
#3461 = ORIENTED_EDGE('',*,*,#1995,.F.);
#3462 = ORIENTED_EDGE('',*,*,#3463,.T.);
#3463 = EDGE_CURVE('',#1968,#2073,#3464,.T.);
#3464 = SURFACE_CURVE('',#3465,(#3469,#3476),.PCURVE_S1.);
#3465 = LINE('',#3466,#3467);
#3466 = CARTESIAN_POINT('',(-30.7,-7.5,177.3));
#3467 = VECTOR('',#3468,1.);
#3468 = DIRECTION('',(0.,1.110223024625E-16,-1.));
#3469 = PCURVE('',#2011,#3470);
#3470 = DEFINITIONAL_REPRESENTATION('',(#3471),#3475);
#3471 = LINE('',#3472,#3473);
#3472 = CARTESIAN_POINT('',(0.,0.));
#3473 = VECTOR('',#3474,1.);
#3474 = DIRECTION('',(0.,-1.));
#3475 = ( GEOMETRIC_REPRESENTATION_CONTEXT(2) 
PARAMETRIC_REPRESENTATION_CONTEXT() REPRESENTATION_CONTEXT('2D SPACE',''
  ) );
#3476 = PCURVE('',#1983,#3477);
#3477 = DEFINITIONAL_REPRESENTATION('',(#3478),#3482);
#3478 = LINE('',#3479,#3480);
#3479 = CARTESIAN_POINT('',(0.,0.));
#3480 = VECTOR('',#3481,1.);
#3481 = DIRECTION('',(0.,1.));
#3482 = ( GEOMETRIC_REPRESENTATION_CONTEXT(2) 
PARAMETRIC_REPRESENTATION_CONTEXT() REPRESENTATION_CONTEXT('2D SPACE',''
  ) );
#3483 = ORIENTED_EDGE('',*,*,#2095,.T.);
#3484 = ORIENTED_EDGE('',*,*,#3435,.F.);
#3485 = FACE_BOUND('',#3486,.F.);
#3486 = EDGE_LOOP('',(#3487,#3522,#3548,#3581));
#3487 = ORIENTED_EDGE('',*,*,#3488,.T.);
#3488 = EDGE_CURVE('',#3489,#3491,#3493,.T.);
#3489 = VERTEX_POINT('',#3490);
#3490 = CARTESIAN_POINT('',(-30.7,0.85,144.3));
#3491 = VERTEX_POINT('',#3492);
#3492 = CARTESIAN_POINT('',(-30.7,-0.85,144.3));
#3493 = SURFACE_CURVE('',#3494,(#3499,#3510),.PCURVE_S1.);
#3494 = CIRCLE('',#3495,0.85);
#3495 = AXIS2_PLACEMENT_3D('',#3496,#3497,#3498);
#3496 = CARTESIAN_POINT('',(-30.7,-3.808064974464E-15,144.3));
#3497 = DIRECTION('',(-1.,0.,-0.));
#3498 = DIRECTION('',(0.,-1.,-1.110223024625E-16));
#3499 = PCURVE('',#2011,#3500);
#3500 = DEFINITIONAL_REPRESENTATION('',(#3501),#3509);
#3501 = ( BOUNDED_CURVE() B_SPLINE_CURVE(2,(#3502,#3503,#3504,#3505,
#3506,#3507,#3508),.UNSPECIFIED.,.T.,.F.) B_SPLINE_CURVE_WITH_KNOTS((1,2
    ,2,2,2,1),(-2.094395102393,0.,2.094395102393,4.188790204786,
6.28318530718,8.377580409573),.UNSPECIFIED.) CURVE() 
GEOMETRIC_REPRESENTATION_ITEM() RATIONAL_B_SPLINE_CURVE((1.,0.5,1.,0.5,
1.,0.5,1.)) REPRESENTATION_ITEM('') );
#3502 = CARTESIAN_POINT('',(6.65,-33.));
#3503 = CARTESIAN_POINT('',(6.65,-31.52775681356));
#3504 = CARTESIAN_POINT('',(7.925,-32.26387840678));
#3505 = CARTESIAN_POINT('',(9.2,-33.));
#3506 = CARTESIAN_POINT('',(7.925,-33.73612159321));
#3507 = CARTESIAN_POINT('',(6.65,-34.47224318643));
#3508 = CARTESIAN_POINT('',(6.65,-33.));
#3509 = ( GEOMETRIC_REPRESENTATION_CONTEXT(2) 
PARAMETRIC_REPRESENTATION_CONTEXT() REPRESENTATION_CONTEXT('2D SPACE',''
  ) );
#3510 = PCURVE('',#3511,#3516);
#3511 = CYLINDRICAL_SURFACE('',#3512,0.85);
#3512 = AXIS2_PLACEMENT_3D('',#3513,#3514,#3515);
#3513 = CARTESIAN_POINT('',(-24.7,-3.808064974464E-15,144.3));
#3514 = DIRECTION('',(-1.,0.,0.));
#3515 = DIRECTION('',(0.,-1.,-1.110223024625E-16));
#3516 = DEFINITIONAL_REPRESENTATION('',(#3517),#3521);
#3517 = LINE('',#3518,#3519);
#3518 = CARTESIAN_POINT('',(0.,6.));
#3519 = VECTOR('',#3520,1.);
#3520 = DIRECTION('',(1.,0.));
#3521 = ( GEOMETRIC_REPRESENTATION_CONTEXT(2) 
PARAMETRIC_REPRESENTATION_CONTEXT() REPRESENTATION_CONTEXT('2D SPACE',''
  ) );
#3522 = ORIENTED_EDGE('',*,*,#3523,.T.);
#3523 = EDGE_CURVE('',#3491,#3524,#3526,.T.);
#3524 = VERTEX_POINT('',#3525);
#3525 = CARTESIAN_POINT('',(-30.7,-0.85,146.3));
#3526 = SURFACE_CURVE('',#3527,(#3531,#3537),.PCURVE_S1.);
#3527 = LINE('',#3528,#3529);
#3528 = CARTESIAN_POINT('',(-30.7,-0.85,161.8));
#3529 = VECTOR('',#3530,1.);
#3530 = DIRECTION('',(0.,-1.110223024625E-16,1.));
#3531 = PCURVE('',#2011,#3532);
#3532 = DEFINITIONAL_REPRESENTATION('',(#3533),#3536);
#3533 = B_SPLINE_CURVE_WITH_KNOTS('',1,(#3534,#3535),.UNSPECIFIED.,.F.,
  .F.,(2,2),(-17.5,-15.5),.PIECEWISE_BEZIER_KNOTS.);
#3534 = CARTESIAN_POINT('',(6.65,-33.));
#3535 = CARTESIAN_POINT('',(6.65,-31.));
#3536 = ( GEOMETRIC_REPRESENTATION_CONTEXT(2) 
PARAMETRIC_REPRESENTATION_CONTEXT() REPRESENTATION_CONTEXT('2D SPACE',''
  ) );
#3537 = PCURVE('',#3538,#3543);
#3538 = PLANE('',#3539);
#3539 = AXIS2_PLACEMENT_3D('',#3540,#3541,#3542);
#3540 = CARTESIAN_POINT('',(-34.7,-0.85,146.3));
#3541 = DIRECTION('',(0.,1.,1.110223024625E-16));
#3542 = DIRECTION('',(1.,0.,0.));
#3543 = DEFINITIONAL_REPRESENTATION('',(#3544),#3547);
#3544 = B_SPLINE_CURVE_WITH_KNOTS('',1,(#3545,#3546),.UNSPECIFIED.,.F.,
  .F.,(2,2),(-17.5,-15.5),.PIECEWISE_BEZIER_KNOTS.);
#3545 = CARTESIAN_POINT('',(4.,2.));
#3546 = CARTESIAN_POINT('',(4.,0.));
#3547 = ( GEOMETRIC_REPRESENTATION_CONTEXT(2) 
PARAMETRIC_REPRESENTATION_CONTEXT() REPRESENTATION_CONTEXT('2D SPACE',''
  ) );
#3548 = ORIENTED_EDGE('',*,*,#3549,.T.);
#3549 = EDGE_CURVE('',#3524,#3550,#3552,.T.);
#3550 = VERTEX_POINT('',#3551);
#3551 = CARTESIAN_POINT('',(-30.7,0.85,146.3));
#3552 = SURFACE_CURVE('',#3553,(#3558,#3569),.PCURVE_S1.);
#3553 = CIRCLE('',#3554,0.85);
#3554 = AXIS2_PLACEMENT_3D('',#3555,#3556,#3557);
#3555 = CARTESIAN_POINT('',(-30.7,-4.030109579389E-15,146.3));
#3556 = DIRECTION('',(-1.,0.,-0.));
#3557 = DIRECTION('',(0.,-1.,-1.110223024625E-16));
#3558 = PCURVE('',#2011,#3559);
#3559 = DEFINITIONAL_REPRESENTATION('',(#3560),#3568);
#3560 = ( BOUNDED_CURVE() B_SPLINE_CURVE(2,(#3561,#3562,#3563,#3564,
#3565,#3566,#3567),.UNSPECIFIED.,.T.,.F.) B_SPLINE_CURVE_WITH_KNOTS((1,2
    ,2,2,2,1),(-2.094395102393,0.,2.094395102393,4.188790204786,
6.28318530718,8.377580409573),.UNSPECIFIED.) CURVE() 
GEOMETRIC_REPRESENTATION_ITEM() RATIONAL_B_SPLINE_CURVE((1.,0.5,1.,0.5,
1.,0.5,1.)) REPRESENTATION_ITEM('') );
#3561 = CARTESIAN_POINT('',(6.65,-31.));
#3562 = CARTESIAN_POINT('',(6.65,-29.52775681356));
#3563 = CARTESIAN_POINT('',(7.925,-30.26387840678));
#3564 = CARTESIAN_POINT('',(9.2,-31.));
#3565 = CARTESIAN_POINT('',(7.925,-31.73612159321));
#3566 = CARTESIAN_POINT('',(6.65,-32.47224318643));
#3567 = CARTESIAN_POINT('',(6.65,-31.));
#3568 = ( GEOMETRIC_REPRESENTATION_CONTEXT(2) 
PARAMETRIC_REPRESENTATION_CONTEXT() REPRESENTATION_CONTEXT('2D SPACE',''
  ) );
#3569 = PCURVE('',#3570,#3575);
#3570 = CYLINDRICAL_SURFACE('',#3571,0.85);
#3571 = AXIS2_PLACEMENT_3D('',#3572,#3573,#3574);
#3572 = CARTESIAN_POINT('',(-24.7,-4.030109579389E-15,146.3));
#3573 = DIRECTION('',(-1.,0.,0.));
#3574 = DIRECTION('',(0.,-1.,-1.110223024625E-16));
#3575 = DEFINITIONAL_REPRESENTATION('',(#3576),#3580);
#3576 = LINE('',#3577,#3578);
#3577 = CARTESIAN_POINT('',(0.,6.));
#3578 = VECTOR('',#3579,1.);
#3579 = DIRECTION('',(1.,0.));
#3580 = ( GEOMETRIC_REPRESENTATION_CONTEXT(2) 
PARAMETRIC_REPRESENTATION_CONTEXT() REPRESENTATION_CONTEXT('2D SPACE',''
  ) );
#3581 = ORIENTED_EDGE('',*,*,#3582,.F.);
#3582 = EDGE_CURVE('',#3489,#3550,#3583,.T.);
#3583 = SURFACE_CURVE('',#3584,(#3588,#3594),.PCURVE_S1.);
#3584 = LINE('',#3585,#3586);
#3585 = CARTESIAN_POINT('',(-30.7,0.85,161.8));
#3586 = VECTOR('',#3587,1.);
#3587 = DIRECTION('',(0.,-1.110223024625E-16,1.));
#3588 = PCURVE('',#2011,#3589);
#3589 = DEFINITIONAL_REPRESENTATION('',(#3590),#3593);
#3590 = B_SPLINE_CURVE_WITH_KNOTS('',1,(#3591,#3592),.UNSPECIFIED.,.F.,
  .F.,(2,2),(-17.5,-15.5),.PIECEWISE_BEZIER_KNOTS.);
#3591 = CARTESIAN_POINT('',(8.35,-33.));
#3592 = CARTESIAN_POINT('',(8.35,-31.));
#3593 = ( GEOMETRIC_REPRESENTATION_CONTEXT(2) 
PARAMETRIC_REPRESENTATION_CONTEXT() REPRESENTATION_CONTEXT('2D SPACE',''
  ) );
#3594 = PCURVE('',#3595,#3600);
#3595 = PLANE('',#3596);
#3596 = AXIS2_PLACEMENT_3D('',#3597,#3598,#3599);
#3597 = CARTESIAN_POINT('',(-34.7,0.85,146.3));
#3598 = DIRECTION('',(0.,1.,1.110223024625E-16));
#3599 = DIRECTION('',(1.,0.,0.));
#3600 = DEFINITIONAL_REPRESENTATION('',(#3601),#3604);
#3601 = B_SPLINE_CURVE_WITH_KNOTS('',1,(#3602,#3603),.UNSPECIFIED.,.F.,
  .F.,(2,2),(-17.5,-15.5),.PIECEWISE_BEZIER_KNOTS.);
#3602 = CARTESIAN_POINT('',(4.,2.));
#3603 = CARTESIAN_POINT('',(4.,0.));
#3604 = ( GEOMETRIC_REPRESENTATION_CONTEXT(2) 
PARAMETRIC_REPRESENTATION_CONTEXT() REPRESENTATION_CONTEXT('2D SPACE',''
  ) );
#3605 = FACE_BOUND('',#3606,.F.);
#3606 = EDGE_LOOP('',(#3607,#3642,#3668,#3701));
#3607 = ORIENTED_EDGE('',*,*,#3608,.T.);
#3608 = EDGE_CURVE('',#3609,#3611,#3613,.T.);
#3609 = VERTEX_POINT('',#3610);
#3610 = CARTESIAN_POINT('',(-30.7,0.85,172.3));
#3611 = VERTEX_POINT('',#3612);
#3612 = CARTESIAN_POINT('',(-30.7,-0.85,172.3));
#3613 = SURFACE_CURVE('',#3614,(#3619,#3630),.PCURVE_S1.);
#3614 = CIRCLE('',#3615,0.85);
#3615 = AXIS2_PLACEMENT_3D('',#3616,#3617,#3618);
#3616 = CARTESIAN_POINT('',(-30.7,-6.916689443415E-15,172.3));
#3617 = DIRECTION('',(-1.,0.,-0.));
#3618 = DIRECTION('',(0.,-1.,-1.110223024625E-16));
#3619 = PCURVE('',#2011,#3620);
#3620 = DEFINITIONAL_REPRESENTATION('',(#3621),#3629);
#3621 = ( BOUNDED_CURVE() B_SPLINE_CURVE(2,(#3622,#3623,#3624,#3625,
#3626,#3627,#3628),.UNSPECIFIED.,.T.,.F.) B_SPLINE_CURVE_WITH_KNOTS((1,2
    ,2,2,2,1),(-2.094395102393,0.,2.094395102393,4.188790204786,
6.28318530718,8.377580409573),.UNSPECIFIED.) CURVE() 
GEOMETRIC_REPRESENTATION_ITEM() RATIONAL_B_SPLINE_CURVE((1.,0.5,1.,0.5,
1.,0.5,1.)) REPRESENTATION_ITEM('') );
#3622 = CARTESIAN_POINT('',(6.65,-5.));
#3623 = CARTESIAN_POINT('',(6.65,-3.527756813566));
#3624 = CARTESIAN_POINT('',(7.925,-4.263878406783));
#3625 = CARTESIAN_POINT('',(9.2,-5.));
#3626 = CARTESIAN_POINT('',(7.925,-5.736121593217));
#3627 = CARTESIAN_POINT('',(6.65,-6.472243186434));
#3628 = CARTESIAN_POINT('',(6.65,-5.));
#3629 = ( GEOMETRIC_REPRESENTATION_CONTEXT(2) 
PARAMETRIC_REPRESENTATION_CONTEXT() REPRESENTATION_CONTEXT('2D SPACE',''
  ) );
#3630 = PCURVE('',#3631,#3636);
#3631 = CYLINDRICAL_SURFACE('',#3632,0.85);
#3632 = AXIS2_PLACEMENT_3D('',#3633,#3634,#3635);
#3633 = CARTESIAN_POINT('',(-24.7,-6.916689443415E-15,172.3));
#3634 = DIRECTION('',(-1.,0.,0.));
#3635 = DIRECTION('',(0.,-1.,-1.110223024625E-16));
#3636 = DEFINITIONAL_REPRESENTATION('',(#3637),#3641);
#3637 = LINE('',#3638,#3639);
#3638 = CARTESIAN_POINT('',(0.,6.));
#3639 = VECTOR('',#3640,1.);
#3640 = DIRECTION('',(1.,0.));
#3641 = ( GEOMETRIC_REPRESENTATION_CONTEXT(2) 
PARAMETRIC_REPRESENTATION_CONTEXT() REPRESENTATION_CONTEXT('2D SPACE',''
  ) );
#3642 = ORIENTED_EDGE('',*,*,#3643,.T.);
#3643 = EDGE_CURVE('',#3611,#3644,#3646,.T.);
#3644 = VERTEX_POINT('',#3645);
#3645 = CARTESIAN_POINT('',(-30.7,-0.85,174.3));
#3646 = SURFACE_CURVE('',#3647,(#3651,#3657),.PCURVE_S1.);
#3647 = LINE('',#3648,#3649);
#3648 = CARTESIAN_POINT('',(-30.7,-0.85,175.8));
#3649 = VECTOR('',#3650,1.);
#3650 = DIRECTION('',(0.,-1.110223024625E-16,1.));
#3651 = PCURVE('',#2011,#3652);
#3652 = DEFINITIONAL_REPRESENTATION('',(#3653),#3656);
#3653 = B_SPLINE_CURVE_WITH_KNOTS('',1,(#3654,#3655),.UNSPECIFIED.,.F.,
  .F.,(2,2),(-3.5,-1.5),.PIECEWISE_BEZIER_KNOTS.);
#3654 = CARTESIAN_POINT('',(6.65,-5.));
#3655 = CARTESIAN_POINT('',(6.65,-3.));
#3656 = ( GEOMETRIC_REPRESENTATION_CONTEXT(2) 
PARAMETRIC_REPRESENTATION_CONTEXT() REPRESENTATION_CONTEXT('2D SPACE',''
  ) );
#3657 = PCURVE('',#3658,#3663);
#3658 = PLANE('',#3659);
#3659 = AXIS2_PLACEMENT_3D('',#3660,#3661,#3662);
#3660 = CARTESIAN_POINT('',(-34.7,-0.85,174.3));
#3661 = DIRECTION('',(0.,1.,1.110223024625E-16));
#3662 = DIRECTION('',(1.,0.,0.));
#3663 = DEFINITIONAL_REPRESENTATION('',(#3664),#3667);
#3664 = B_SPLINE_CURVE_WITH_KNOTS('',1,(#3665,#3666),.UNSPECIFIED.,.F.,
  .F.,(2,2),(-3.5,-1.5),.PIECEWISE_BEZIER_KNOTS.);
#3665 = CARTESIAN_POINT('',(4.,2.));
#3666 = CARTESIAN_POINT('',(4.,0.));
#3667 = ( GEOMETRIC_REPRESENTATION_CONTEXT(2) 
PARAMETRIC_REPRESENTATION_CONTEXT() REPRESENTATION_CONTEXT('2D SPACE',''
  ) );
#3668 = ORIENTED_EDGE('',*,*,#3669,.T.);
#3669 = EDGE_CURVE('',#3644,#3670,#3672,.T.);
#3670 = VERTEX_POINT('',#3671);
#3671 = CARTESIAN_POINT('',(-30.7,0.85,174.3));
#3672 = SURFACE_CURVE('',#3673,(#3678,#3689),.PCURVE_S1.);
#3673 = CIRCLE('',#3674,0.85);
#3674 = AXIS2_PLACEMENT_3D('',#3675,#3676,#3677);
#3675 = CARTESIAN_POINT('',(-30.7,-7.13873404834E-15,174.3));
#3676 = DIRECTION('',(-1.,0.,-0.));
#3677 = DIRECTION('',(0.,-1.,-1.110223024625E-16));
#3678 = PCURVE('',#2011,#3679);
#3679 = DEFINITIONAL_REPRESENTATION('',(#3680),#3688);
#3680 = ( BOUNDED_CURVE() B_SPLINE_CURVE(2,(#3681,#3682,#3683,#3684,
#3685,#3686,#3687),.UNSPECIFIED.,.T.,.F.) B_SPLINE_CURVE_WITH_KNOTS((1,2
    ,2,2,2,1),(-2.094395102393,0.,2.094395102393,4.188790204786,
6.28318530718,8.377580409573),.UNSPECIFIED.) CURVE() 
GEOMETRIC_REPRESENTATION_ITEM() RATIONAL_B_SPLINE_CURVE((1.,0.5,1.,0.5,
1.,0.5,1.)) REPRESENTATION_ITEM('') );
#3681 = CARTESIAN_POINT('',(6.65,-3.));
#3682 = CARTESIAN_POINT('',(6.65,-1.527756813566));
#3683 = CARTESIAN_POINT('',(7.925,-2.263878406783));
#3684 = CARTESIAN_POINT('',(9.2,-3.));
#3685 = CARTESIAN_POINT('',(7.925,-3.736121593217));
#3686 = CARTESIAN_POINT('',(6.65,-4.472243186434));
#3687 = CARTESIAN_POINT('',(6.65,-3.));
#3688 = ( GEOMETRIC_REPRESENTATION_CONTEXT(2) 
PARAMETRIC_REPRESENTATION_CONTEXT() REPRESENTATION_CONTEXT('2D SPACE',''
  ) );
#3689 = PCURVE('',#3690,#3695);
#3690 = CYLINDRICAL_SURFACE('',#3691,0.85);
#3691 = AXIS2_PLACEMENT_3D('',#3692,#3693,#3694);
#3692 = CARTESIAN_POINT('',(-24.7,-7.13873404834E-15,174.3));
#3693 = DIRECTION('',(-1.,0.,0.));
#3694 = DIRECTION('',(0.,-1.,-1.110223024625E-16));
#3695 = DEFINITIONAL_REPRESENTATION('',(#3696),#3700);
#3696 = LINE('',#3697,#3698);
#3697 = CARTESIAN_POINT('',(0.,6.));
#3698 = VECTOR('',#3699,1.);
#3699 = DIRECTION('',(1.,0.));
#3700 = ( GEOMETRIC_REPRESENTATION_CONTEXT(2) 
PARAMETRIC_REPRESENTATION_CONTEXT() REPRESENTATION_CONTEXT('2D SPACE',''
  ) );
#3701 = ORIENTED_EDGE('',*,*,#3702,.F.);
#3702 = EDGE_CURVE('',#3609,#3670,#3703,.T.);
#3703 = SURFACE_CURVE('',#3704,(#3708,#3714),.PCURVE_S1.);
#3704 = LINE('',#3705,#3706);
#3705 = CARTESIAN_POINT('',(-30.7,0.85,175.8));
#3706 = VECTOR('',#3707,1.);
#3707 = DIRECTION('',(0.,-1.110223024625E-16,1.));
#3708 = PCURVE('',#2011,#3709);
#3709 = DEFINITIONAL_REPRESENTATION('',(#3710),#3713);
#3710 = B_SPLINE_CURVE_WITH_KNOTS('',1,(#3711,#3712),.UNSPECIFIED.,.F.,
  .F.,(2,2),(-3.5,-1.5),.PIECEWISE_BEZIER_KNOTS.);
#3711 = CARTESIAN_POINT('',(8.35,-5.));
#3712 = CARTESIAN_POINT('',(8.35,-3.));
#3713 = ( GEOMETRIC_REPRESENTATION_CONTEXT(2) 
PARAMETRIC_REPRESENTATION_CONTEXT() REPRESENTATION_CONTEXT('2D SPACE',''
  ) );
#3714 = PCURVE('',#3715,#3720);
#3715 = PLANE('',#3716);
#3716 = AXIS2_PLACEMENT_3D('',#3717,#3718,#3719);
#3717 = CARTESIAN_POINT('',(-34.7,0.85,174.3));
#3718 = DIRECTION('',(0.,1.,1.110223024625E-16));
#3719 = DIRECTION('',(1.,0.,0.));
#3720 = DEFINITIONAL_REPRESENTATION('',(#3721),#3724);
#3721 = B_SPLINE_CURVE_WITH_KNOTS('',1,(#3722,#3723),.UNSPECIFIED.,.F.,
  .F.,(2,2),(-3.5,-1.5),.PIECEWISE_BEZIER_KNOTS.);
#3722 = CARTESIAN_POINT('',(4.,2.));
#3723 = CARTESIAN_POINT('',(4.,0.));
#3724 = ( GEOMETRIC_REPRESENTATION_CONTEXT(2) 
PARAMETRIC_REPRESENTATION_CONTEXT() REPRESENTATION_CONTEXT('2D SPACE',''
  ) );
#3725 = ADVANCED_FACE('',(#3726),#1983,.F.);
#3726 = FACE_BOUND('',#3727,.F.);
#3727 = EDGE_LOOP('',(#3728,#3729,#3730,#3731));
#3728 = ORIENTED_EDGE('',*,*,#3463,.F.);
#3729 = ORIENTED_EDGE('',*,*,#1967,.T.);
#3730 = ORIENTED_EDGE('',*,*,#2145,.T.);
#3731 = ORIENTED_EDGE('',*,*,#2072,.F.);
#3732 = ADVANCED_FACE('',(#3733,#3736),#2405,.T.);
#3733 = FACE_BOUND('',#3734,.T.);
#3734 = EDGE_LOOP('',(#3735));
#3735 = ORIENTED_EDGE('',*,*,#2818,.T.);
#3736 = FACE_BOUND('',#3737,.T.);
#3737 = EDGE_LOOP('',(#3738));
#3738 = ORIENTED_EDGE('',*,*,#2390,.F.);
#3739 = ADVANCED_FACE('',(#3740),#2571,.F.);
#3740 = FACE_BOUND('',#3741,.F.);
#3741 = EDGE_LOOP('',(#3742,#3743,#3766,#3793));
#3742 = ORIENTED_EDGE('',*,*,#2445,.T.);
#3743 = ORIENTED_EDGE('',*,*,#3744,.T.);
#3744 = EDGE_CURVE('',#2446,#3745,#3747,.T.);
#3745 = VERTEX_POINT('',#3746);
#3746 = CARTESIAN_POINT('',(29.,2.6,189.3));
#3747 = SEAM_CURVE('',#3748,(#3752,#3759),.PCURVE_S1.);
#3748 = LINE('',#3749,#3750);
#3749 = CARTESIAN_POINT('',(21.2,2.6,189.3));
#3750 = VECTOR('',#3751,1.);
#3751 = DIRECTION('',(1.,0.,0.));
#3752 = PCURVE('',#2571,#3753);
#3753 = DEFINITIONAL_REPRESENTATION('',(#3754),#3758);
#3754 = LINE('',#3755,#3756);
#3755 = CARTESIAN_POINT('',(0.,-0.));
#3756 = VECTOR('',#3757,1.);
#3757 = DIRECTION('',(0.,1.));
#3758 = ( GEOMETRIC_REPRESENTATION_CONTEXT(2) 
PARAMETRIC_REPRESENTATION_CONTEXT() REPRESENTATION_CONTEXT('2D SPACE',''
  ) );
#3759 = PCURVE('',#2571,#3760);
#3760 = DEFINITIONAL_REPRESENTATION('',(#3761),#3765);
#3761 = LINE('',#3762,#3763);
#3762 = CARTESIAN_POINT('',(6.28318530718,-0.));
#3763 = VECTOR('',#3764,1.);
#3764 = DIRECTION('',(0.,1.));
#3765 = ( GEOMETRIC_REPRESENTATION_CONTEXT(2) 
PARAMETRIC_REPRESENTATION_CONTEXT() REPRESENTATION_CONTEXT('2D SPACE',''
  ) );
#3766 = ORIENTED_EDGE('',*,*,#3767,.F.);
#3767 = EDGE_CURVE('',#3745,#3745,#3768,.T.);
#3768 = SURFACE_CURVE('',#3769,(#3774,#3781),.PCURVE_S1.);
#3769 = CIRCLE('',#3770,2.6);
#3770 = AXIS2_PLACEMENT_3D('',#3771,#3772,#3773);
#3771 = CARTESIAN_POINT('',(29.,-8.804068585277E-15,189.3));
#3772 = DIRECTION('',(1.,0.,-0.));
#3773 = DIRECTION('',(0.,1.,1.110223024625E-16));
#3774 = PCURVE('',#2571,#3775);
#3775 = DEFINITIONAL_REPRESENTATION('',(#3776),#3780);
#3776 = LINE('',#3777,#3778);
#3777 = CARTESIAN_POINT('',(0.,7.8));
#3778 = VECTOR('',#3779,1.);
#3779 = DIRECTION('',(1.,0.));
#3780 = ( GEOMETRIC_REPRESENTATION_CONTEXT(2) 
PARAMETRIC_REPRESENTATION_CONTEXT() REPRESENTATION_CONTEXT('2D SPACE',''
  ) );
#3781 = PCURVE('',#3782,#3787);
#3782 = PLANE('',#3783);
#3783 = AXIS2_PLACEMENT_3D('',#3784,#3785,#3786);
#3784 = CARTESIAN_POINT('',(29.,-8.804068585277E-15,189.3));
#3785 = DIRECTION('',(1.,0.,0.));
#3786 = DIRECTION('',(0.,1.,1.110223024625E-16));
#3787 = DEFINITIONAL_REPRESENTATION('',(#3788),#3792);
#3788 = CIRCLE('',#3789,2.6);
#3789 = AXIS2_PLACEMENT_2D('',#3790,#3791);
#3790 = CARTESIAN_POINT('',(0.,0.));
#3791 = DIRECTION('',(1.,0.));
#3792 = ( GEOMETRIC_REPRESENTATION_CONTEXT(2) 
PARAMETRIC_REPRESENTATION_CONTEXT() REPRESENTATION_CONTEXT('2D SPACE',''
  ) );
#3793 = ORIENTED_EDGE('',*,*,#3744,.F.);
#3794 = ADVANCED_FACE('',(#3795),#2750,.F.);
#3795 = FACE_BOUND('',#3796,.F.);
#3796 = EDGE_LOOP('',(#3797,#3798,#3821,#3848));
#3797 = ORIENTED_EDGE('',*,*,#2640,.T.);
#3798 = ORIENTED_EDGE('',*,*,#3799,.T.);
#3799 = EDGE_CURVE('',#2641,#3800,#3802,.T.);
#3800 = VERTEX_POINT('',#3801);
#3801 = CARTESIAN_POINT('',(-29.,-2.6,189.3));
#3802 = SEAM_CURVE('',#3803,(#3807,#3814),.PCURVE_S1.);
#3803 = LINE('',#3804,#3805);
#3804 = CARTESIAN_POINT('',(-21.2,-2.6,189.3));
#3805 = VECTOR('',#3806,1.);
#3806 = DIRECTION('',(-1.,0.,0.));
#3807 = PCURVE('',#2750,#3808);
#3808 = DEFINITIONAL_REPRESENTATION('',(#3809),#3813);
#3809 = LINE('',#3810,#3811);
#3810 = CARTESIAN_POINT('',(0.,-0.));
#3811 = VECTOR('',#3812,1.);
#3812 = DIRECTION('',(0.,1.));
#3813 = ( GEOMETRIC_REPRESENTATION_CONTEXT(2) 
PARAMETRIC_REPRESENTATION_CONTEXT() REPRESENTATION_CONTEXT('2D SPACE',''
  ) );
#3814 = PCURVE('',#2750,#3815);
#3815 = DEFINITIONAL_REPRESENTATION('',(#3816),#3820);
#3816 = LINE('',#3817,#3818);
#3817 = CARTESIAN_POINT('',(6.28318530718,-0.));
#3818 = VECTOR('',#3819,1.);
#3819 = DIRECTION('',(0.,1.));
#3820 = ( GEOMETRIC_REPRESENTATION_CONTEXT(2) 
PARAMETRIC_REPRESENTATION_CONTEXT() REPRESENTATION_CONTEXT('2D SPACE',''
  ) );
#3821 = ORIENTED_EDGE('',*,*,#3822,.F.);
#3822 = EDGE_CURVE('',#3800,#3800,#3823,.T.);
#3823 = SURFACE_CURVE('',#3824,(#3829,#3836),.PCURVE_S1.);
#3824 = CIRCLE('',#3825,2.6);
#3825 = AXIS2_PLACEMENT_3D('',#3826,#3827,#3828);
#3826 = CARTESIAN_POINT('',(-29.,-8.804068585277E-15,189.3));
#3827 = DIRECTION('',(-1.,0.,-0.));
#3828 = DIRECTION('',(0.,-1.,-1.110223024625E-16));
#3829 = PCURVE('',#2750,#3830);
#3830 = DEFINITIONAL_REPRESENTATION('',(#3831),#3835);
#3831 = LINE('',#3832,#3833);
#3832 = CARTESIAN_POINT('',(0.,7.8));
#3833 = VECTOR('',#3834,1.);
#3834 = DIRECTION('',(1.,0.));
#3835 = ( GEOMETRIC_REPRESENTATION_CONTEXT(2) 
PARAMETRIC_REPRESENTATION_CONTEXT() REPRESENTATION_CONTEXT('2D SPACE',''
  ) );
#3836 = PCURVE('',#3837,#3842);
#3837 = PLANE('',#3838);
#3838 = AXIS2_PLACEMENT_3D('',#3839,#3840,#3841);
#3839 = CARTESIAN_POINT('',(-29.,-8.804068585277E-15,189.3));
#3840 = DIRECTION('',(-1.,0.,0.));
#3841 = DIRECTION('',(0.,-1.,-1.110223024625E-16));
#3842 = DEFINITIONAL_REPRESENTATION('',(#3843),#3847);
#3843 = CIRCLE('',#3844,2.6);
#3844 = AXIS2_PLACEMENT_2D('',#3845,#3846);
#3845 = CARTESIAN_POINT('',(0.,0.));
#3846 = DIRECTION('',(1.,0.));
#3847 = ( GEOMETRIC_REPRESENTATION_CONTEXT(2) 
PARAMETRIC_REPRESENTATION_CONTEXT() REPRESENTATION_CONTEXT('2D SPACE',''
  ) );
#3848 = ORIENTED_EDGE('',*,*,#3799,.F.);
#3849 = ADVANCED_FACE('',(#3850),#2890,.F.);
#3850 = FACE_BOUND('',#3851,.F.);
#3851 = EDGE_LOOP('',(#3852,#3876,#3899,#3928,#3947,#3948,#3969,#3998,
    #4017,#4018,#4039,#4061));
#3852 = ORIENTED_EDGE('',*,*,#3853,.T.);
#3853 = EDGE_CURVE('',#3854,#3854,#3856,.T.);
#3854 = VERTEX_POINT('',#3855);
#3855 = CARTESIAN_POINT('',(29.,5.3,189.3));
#3856 = SURFACE_CURVE('',#3857,(#3862,#3869),.PCURVE_S1.);
#3857 = CIRCLE('',#3858,5.3);
#3858 = AXIS2_PLACEMENT_3D('',#3859,#3860,#3861);
#3859 = CARTESIAN_POINT('',(29.,-8.804068585277E-15,189.3));
#3860 = DIRECTION('',(1.,0.,-0.));
#3861 = DIRECTION('',(0.,1.,1.110223024625E-16));
#3862 = PCURVE('',#2890,#3863);
#3863 = DEFINITIONAL_REPRESENTATION('',(#3864),#3868);
#3864 = LINE('',#3865,#3866);
#3865 = CARTESIAN_POINT('',(0.,0.));
#3866 = VECTOR('',#3867,1.);
#3867 = DIRECTION('',(1.,0.));
#3868 = ( GEOMETRIC_REPRESENTATION_CONTEXT(2) 
PARAMETRIC_REPRESENTATION_CONTEXT() REPRESENTATION_CONTEXT('2D SPACE',''
  ) );
#3869 = PCURVE('',#3782,#3870);
#3870 = DEFINITIONAL_REPRESENTATION('',(#3871),#3875);
#3871 = CIRCLE('',#3872,5.3);
#3872 = AXIS2_PLACEMENT_2D('',#3873,#3874);
#3873 = CARTESIAN_POINT('',(0.,0.));
#3874 = DIRECTION('',(1.,0.));
#3875 = ( GEOMETRIC_REPRESENTATION_CONTEXT(2) 
PARAMETRIC_REPRESENTATION_CONTEXT() REPRESENTATION_CONTEXT('2D SPACE',''
  ) );
#3876 = ORIENTED_EDGE('',*,*,#3877,.T.);
#3877 = EDGE_CURVE('',#3854,#3878,#3880,.T.);
#3878 = VERTEX_POINT('',#3879);
#3879 = CARTESIAN_POINT('',(39.2,5.3,189.3));
#3880 = SEAM_CURVE('',#3881,(#3885,#3892),.PCURVE_S1.);
#3881 = LINE('',#3882,#3883);
#3882 = CARTESIAN_POINT('',(29.,5.3,189.3));
#3883 = VECTOR('',#3884,1.);
#3884 = DIRECTION('',(1.,0.,0.));
#3885 = PCURVE('',#2890,#3886);
#3886 = DEFINITIONAL_REPRESENTATION('',(#3887),#3891);
#3887 = LINE('',#3888,#3889);
#3888 = CARTESIAN_POINT('',(0.,-0.));
#3889 = VECTOR('',#3890,1.);
#3890 = DIRECTION('',(0.,1.));
#3891 = ( GEOMETRIC_REPRESENTATION_CONTEXT(2) 
PARAMETRIC_REPRESENTATION_CONTEXT() REPRESENTATION_CONTEXT('2D SPACE',''
  ) );
#3892 = PCURVE('',#2890,#3893);
#3893 = DEFINITIONAL_REPRESENTATION('',(#3894),#3898);
#3894 = LINE('',#3895,#3896);
#3895 = CARTESIAN_POINT('',(6.28318530718,-0.));
#3896 = VECTOR('',#3897,1.);
#3897 = DIRECTION('',(0.,1.));
#3898 = ( GEOMETRIC_REPRESENTATION_CONTEXT(2) 
PARAMETRIC_REPRESENTATION_CONTEXT() REPRESENTATION_CONTEXT('2D SPACE',''
  ) );
#3899 = ORIENTED_EDGE('',*,*,#3900,.F.);
#3900 = EDGE_CURVE('',#3878,#3901,#3903,.T.);
#3901 = VERTEX_POINT('',#3902);
#3902 = CARTESIAN_POINT('',(39.2,5.280625,188.84723117446));
#3903 = SURFACE_CURVE('',#3904,(#3909,#3916),.PCURVE_S1.);
#3904 = CIRCLE('',#3905,5.3);
#3905 = AXIS2_PLACEMENT_3D('',#3906,#3907,#3908);
#3906 = CARTESIAN_POINT('',(39.2,-8.804068585277E-15,189.3));
#3907 = DIRECTION('',(1.,0.,-0.));
#3908 = DIRECTION('',(0.,1.,1.110223024625E-16));
#3909 = PCURVE('',#2890,#3910);
#3910 = DEFINITIONAL_REPRESENTATION('',(#3911),#3915);
#3911 = LINE('',#3912,#3913);
#3912 = CARTESIAN_POINT('',(0.,10.2));
#3913 = VECTOR('',#3914,1.);
#3914 = DIRECTION('',(1.,0.));
#3915 = ( GEOMETRIC_REPRESENTATION_CONTEXT(2) 
PARAMETRIC_REPRESENTATION_CONTEXT() REPRESENTATION_CONTEXT('2D SPACE',''
  ) );
#3916 = PCURVE('',#3917,#3922);
#3917 = PLANE('',#3918);
#3918 = AXIS2_PLACEMENT_3D('',#3919,#3920,#3921);
#3919 = CARTESIAN_POINT('',(39.2,6.,189.3));
#3920 = DIRECTION('',(1.,0.,0.));
#3921 = DIRECTION('',(0.,1.,1.110223024625E-16));
#3922 = DEFINITIONAL_REPRESENTATION('',(#3923),#3927);
#3923 = CIRCLE('',#3924,5.3);
#3924 = AXIS2_PLACEMENT_2D('',#3925,#3926);
#3925 = CARTESIAN_POINT('',(-6.,0.));
#3926 = DIRECTION('',(1.,0.));
#3927 = ( GEOMETRIC_REPRESENTATION_CONTEXT(2) 
PARAMETRIC_REPRESENTATION_CONTEXT() REPRESENTATION_CONTEXT('2D SPACE',''
  ) );
#3928 = ORIENTED_EDGE('',*,*,#3929,.T.);
#3929 = EDGE_CURVE('',#3901,#2932,#3930,.T.);
#3930 = SURFACE_CURVE('',#3931,(#3935,#3941),.PCURVE_S1.);
#3931 = LINE('',#3932,#3933);
#3932 = CARTESIAN_POINT('',(29.,5.280625,188.84723117446));
#3933 = VECTOR('',#3934,1.);
#3934 = DIRECTION('',(1.,0.,0.));
#3935 = PCURVE('',#2890,#3936);
#3936 = DEFINITIONAL_REPRESENTATION('',(#3937),#3940);
#3937 = B_SPLINE_CURVE_WITH_KNOTS('',1,(#3938,#3939),.UNSPECIFIED.,.F.,
  .F.,(2,2),(10.1999994,15.2000006),.PIECEWISE_BEZIER_KNOTS.);
#3938 = CARTESIAN_POINT('',(6.197652975749,10.1999994));
#3939 = CARTESIAN_POINT('',(6.197652975749,15.2000006));
#3940 = ( GEOMETRIC_REPRESENTATION_CONTEXT(2) 
PARAMETRIC_REPRESENTATION_CONTEXT() REPRESENTATION_CONTEXT('2D SPACE',''
  ) );
#3941 = PCURVE('',#2919,#3942);
#3942 = DEFINITIONAL_REPRESENTATION('',(#3943),#3946);
#3943 = B_SPLINE_CURVE_WITH_KNOTS('',1,(#3944,#3945),.UNSPECIFIED.,.F.,
  .F.,(2,2),(10.1999994,15.2000006),.PIECEWISE_BEZIER_KNOTS.);
#3944 = CARTESIAN_POINT('',(-2.579841322799,-5.999999999062E-07));
#3945 = CARTESIAN_POINT('',(-2.579841322799,5.0000006));
#3946 = ( GEOMETRIC_REPRESENTATION_CONTEXT(2) 
PARAMETRIC_REPRESENTATION_CONTEXT() REPRESENTATION_CONTEXT('2D SPACE',''
  ) );
#3947 = ORIENTED_EDGE('',*,*,#2955,.F.);
#3948 = ORIENTED_EDGE('',*,*,#3949,.F.);
#3949 = EDGE_CURVE('',#3950,#2956,#3952,.T.);
#3950 = VERTEX_POINT('',#3951);
#3951 = CARTESIAN_POINT('',(39.2,-5.280625,188.84723117446));
#3952 = SURFACE_CURVE('',#3953,(#3957,#3963),.PCURVE_S1.);
#3953 = LINE('',#3954,#3955);
#3954 = CARTESIAN_POINT('',(29.,-5.280625,188.84723117446));
#3955 = VECTOR('',#3956,1.);
#3956 = DIRECTION('',(1.,0.,0.));
#3957 = PCURVE('',#2890,#3958);
#3958 = DEFINITIONAL_REPRESENTATION('',(#3959),#3962);
#3959 = B_SPLINE_CURVE_WITH_KNOTS('',1,(#3960,#3961),.UNSPECIFIED.,.F.,
  .F.,(2,2),(10.1999994,15.2000006),.PIECEWISE_BEZIER_KNOTS.);
#3960 = CARTESIAN_POINT('',(3.227124985021,10.1999994));
#3961 = CARTESIAN_POINT('',(3.227124985021,15.2000006));
#3962 = ( GEOMETRIC_REPRESENTATION_CONTEXT(2) 
PARAMETRIC_REPRESENTATION_CONTEXT() REPRESENTATION_CONTEXT('2D SPACE',''
  ) );
#3963 = PCURVE('',#2994,#3964);
#3964 = DEFINITIONAL_REPRESENTATION('',(#3965),#3968);
#3965 = B_SPLINE_CURVE_WITH_KNOTS('',1,(#3966,#3967),.UNSPECIFIED.,.F.,
  .F.,(2,2),(10.1999994,15.2000006),.PIECEWISE_BEZIER_KNOTS.);
#3966 = CARTESIAN_POINT('',(5.721433976388,-5.999999999062E-07));
#3967 = CARTESIAN_POINT('',(5.721433976388,5.0000006));
#3968 = ( GEOMETRIC_REPRESENTATION_CONTEXT(2) 
PARAMETRIC_REPRESENTATION_CONTEXT() REPRESENTATION_CONTEXT('2D SPACE',''
  ) );
#3969 = ORIENTED_EDGE('',*,*,#3970,.F.);
#3970 = EDGE_CURVE('',#3971,#3950,#3973,.T.);
#3971 = VERTEX_POINT('',#3972);
#3972 = CARTESIAN_POINT('',(39.2,-5.280625,189.75276882553));
#3973 = SURFACE_CURVE('',#3974,(#3979,#3986),.PCURVE_S1.);
#3974 = CIRCLE('',#3975,5.3);
#3975 = AXIS2_PLACEMENT_3D('',#3976,#3977,#3978);
#3976 = CARTESIAN_POINT('',(39.2,-8.804068585277E-15,189.3));
#3977 = DIRECTION('',(1.,0.,-0.));
#3978 = DIRECTION('',(0.,1.,1.110223024625E-16));
#3979 = PCURVE('',#2890,#3980);
#3980 = DEFINITIONAL_REPRESENTATION('',(#3981),#3985);
#3981 = LINE('',#3982,#3983);
#3982 = CARTESIAN_POINT('',(0.,10.2));
#3983 = VECTOR('',#3984,1.);
#3984 = DIRECTION('',(1.,0.));
#3985 = ( GEOMETRIC_REPRESENTATION_CONTEXT(2) 
PARAMETRIC_REPRESENTATION_CONTEXT() REPRESENTATION_CONTEXT('2D SPACE',''
  ) );
#3986 = PCURVE('',#3987,#3992);
#3987 = PLANE('',#3988);
#3988 = AXIS2_PLACEMENT_3D('',#3989,#3990,#3991);
#3989 = CARTESIAN_POINT('',(39.2,-6.,189.3));
#3990 = DIRECTION('',(1.,0.,0.));
#3991 = DIRECTION('',(0.,1.,1.110223024625E-16));
#3992 = DEFINITIONAL_REPRESENTATION('',(#3993),#3997);
#3993 = CIRCLE('',#3994,5.3);
#3994 = AXIS2_PLACEMENT_2D('',#3995,#3996);
#3995 = CARTESIAN_POINT('',(6.,0.));
#3996 = DIRECTION('',(1.,0.));
#3997 = ( GEOMETRIC_REPRESENTATION_CONTEXT(2) 
PARAMETRIC_REPRESENTATION_CONTEXT() REPRESENTATION_CONTEXT('2D SPACE',''
  ) );
#3998 = ORIENTED_EDGE('',*,*,#3999,.T.);
#3999 = EDGE_CURVE('',#3971,#2874,#4000,.T.);
#4000 = SURFACE_CURVE('',#4001,(#4005,#4011),.PCURVE_S1.);
#4001 = LINE('',#4002,#4003);
#4002 = CARTESIAN_POINT('',(29.,-5.280625,189.75276882553));
#4003 = VECTOR('',#4004,1.);
#4004 = DIRECTION('',(1.,0.,0.));
#4005 = PCURVE('',#2890,#4006);
#4006 = DEFINITIONAL_REPRESENTATION('',(#4007),#4010);
#4007 = B_SPLINE_CURVE_WITH_KNOTS('',1,(#4008,#4009),.UNSPECIFIED.,.F.,
  .F.,(2,2),(10.1999994,15.2000006),.PIECEWISE_BEZIER_KNOTS.);
#4008 = CARTESIAN_POINT('',(3.056060322159,10.1999994));
#4009 = CARTESIAN_POINT('',(3.056060322159,15.2000006));
#4010 = ( GEOMETRIC_REPRESENTATION_CONTEXT(2) 
PARAMETRIC_REPRESENTATION_CONTEXT() REPRESENTATION_CONTEXT('2D SPACE',''
  ) );
#4011 = PCURVE('',#2994,#4012);
#4012 = DEFINITIONAL_REPRESENTATION('',(#4013),#4016);
#4013 = B_SPLINE_CURVE_WITH_KNOTS('',1,(#4014,#4015),.UNSPECIFIED.,.F.,
  .F.,(2,2),(10.1999994,15.2000006),.PIECEWISE_BEZIER_KNOTS.);
#4014 = CARTESIAN_POINT('',(0.561751330791,-5.999999999062E-07));
#4015 = CARTESIAN_POINT('',(0.561751330791,5.0000006));
#4016 = ( GEOMETRIC_REPRESENTATION_CONTEXT(2) 
PARAMETRIC_REPRESENTATION_CONTEXT() REPRESENTATION_CONTEXT('2D SPACE',''
  ) );
#4017 = ORIENTED_EDGE('',*,*,#2871,.F.);
#4018 = ORIENTED_EDGE('',*,*,#4019,.F.);
#4019 = EDGE_CURVE('',#4020,#2872,#4022,.T.);
#4020 = VERTEX_POINT('',#4021);
#4021 = CARTESIAN_POINT('',(39.2,5.280625,189.75276882553));
#4022 = SURFACE_CURVE('',#4023,(#4027,#4033),.PCURVE_S1.);
#4023 = LINE('',#4024,#4025);
#4024 = CARTESIAN_POINT('',(29.,5.280625,189.75276882553));
#4025 = VECTOR('',#4026,1.);
#4026 = DIRECTION('',(1.,0.,0.));
#4027 = PCURVE('',#2890,#4028);
#4028 = DEFINITIONAL_REPRESENTATION('',(#4029),#4032);
#4029 = B_SPLINE_CURVE_WITH_KNOTS('',1,(#4030,#4031),.UNSPECIFIED.,.F.,
  .F.,(2,2),(10.1999994,15.2000006),.PIECEWISE_BEZIER_KNOTS.);
#4030 = CARTESIAN_POINT('',(8.553233143073E-02,10.1999994));
#4031 = CARTESIAN_POINT('',(8.553233143073E-02,15.2000006));
#4032 = ( GEOMETRIC_REPRESENTATION_CONTEXT(2) 
PARAMETRIC_REPRESENTATION_CONTEXT() REPRESENTATION_CONTEXT('2D SPACE',''
  ) );
#4033 = PCURVE('',#2919,#4034);
#4034 = DEFINITIONAL_REPRESENTATION('',(#4035),#4038);
#4035 = B_SPLINE_CURVE_WITH_KNOTS('',1,(#4036,#4037),.UNSPECIFIED.,.F.,
  .F.,(2,2),(10.1999994,15.2000006),.PIECEWISE_BEZIER_KNOTS.);
#4036 = CARTESIAN_POINT('',(2.579841322799,-5.999999999062E-07));
#4037 = CARTESIAN_POINT('',(2.579841322799,5.0000006));
#4038 = ( GEOMETRIC_REPRESENTATION_CONTEXT(2) 
PARAMETRIC_REPRESENTATION_CONTEXT() REPRESENTATION_CONTEXT('2D SPACE',''
  ) );
#4039 = ORIENTED_EDGE('',*,*,#4040,.F.);
#4040 = EDGE_CURVE('',#4020,#3878,#4041,.T.);
#4041 = SURFACE_CURVE('',#4042,(#4047,#4054),.PCURVE_S1.);
#4042 = CIRCLE('',#4043,5.3);
#4043 = AXIS2_PLACEMENT_3D('',#4044,#4045,#4046);
#4044 = CARTESIAN_POINT('',(39.2,-8.804068585277E-15,189.3));
#4045 = DIRECTION('',(1.,0.,-0.));
#4046 = DIRECTION('',(0.,1.,1.110223024625E-16));
#4047 = PCURVE('',#2890,#4048);
#4048 = DEFINITIONAL_REPRESENTATION('',(#4049),#4053);
#4049 = LINE('',#4050,#4051);
#4050 = CARTESIAN_POINT('',(0.,10.2));
#4051 = VECTOR('',#4052,1.);
#4052 = DIRECTION('',(1.,0.));
#4053 = ( GEOMETRIC_REPRESENTATION_CONTEXT(2) 
PARAMETRIC_REPRESENTATION_CONTEXT() REPRESENTATION_CONTEXT('2D SPACE',''
  ) );
#4054 = PCURVE('',#3917,#4055);
#4055 = DEFINITIONAL_REPRESENTATION('',(#4056),#4060);
#4056 = CIRCLE('',#4057,5.3);
#4057 = AXIS2_PLACEMENT_2D('',#4058,#4059);
#4058 = CARTESIAN_POINT('',(-6.,0.));
#4059 = DIRECTION('',(1.,0.));
#4060 = ( GEOMETRIC_REPRESENTATION_CONTEXT(2) 
PARAMETRIC_REPRESENTATION_CONTEXT() REPRESENTATION_CONTEXT('2D SPACE',''
  ) );
#4061 = ORIENTED_EDGE('',*,*,#3877,.F.);
#4062 = ADVANCED_FACE('',(#4063),#2994,.F.);
#4063 = FACE_BOUND('',#4064,.F.);
#4064 = EDGE_LOOP('',(#4065,#4066,#4088,#4089));
#4065 = ORIENTED_EDGE('',*,*,#3999,.F.);
#4066 = ORIENTED_EDGE('',*,*,#4067,.T.);
#4067 = EDGE_CURVE('',#3950,#3971,#4068,.T.);
#4068 = SURFACE_CURVE('',#4069,(#4074,#4081),.PCURVE_S1.);
#4069 = CIRCLE('',#4070,0.85);
#4070 = AXIS2_PLACEMENT_3D('',#4071,#4072,#4073);
#4071 = CARTESIAN_POINT('',(39.2,-6.,189.3));
#4072 = DIRECTION('',(1.,0.,-0.));
#4073 = DIRECTION('',(0.,1.,1.110223024625E-16));
#4074 = PCURVE('',#2994,#4075);
#4075 = DEFINITIONAL_REPRESENTATION('',(#4076),#4080);
#4076 = LINE('',#4077,#4078);
#4077 = CARTESIAN_POINT('',(0.,0.));
#4078 = VECTOR('',#4079,1.);
#4079 = DIRECTION('',(1.,0.));
#4080 = ( GEOMETRIC_REPRESENTATION_CONTEXT(2) 
PARAMETRIC_REPRESENTATION_CONTEXT() REPRESENTATION_CONTEXT('2D SPACE',''
  ) );
#4081 = PCURVE('',#3987,#4082);
#4082 = DEFINITIONAL_REPRESENTATION('',(#4083),#4087);
#4083 = CIRCLE('',#4084,0.85);
#4084 = AXIS2_PLACEMENT_2D('',#4085,#4086);
#4085 = CARTESIAN_POINT('',(0.,0.));
#4086 = DIRECTION('',(1.,0.));
#4087 = ( GEOMETRIC_REPRESENTATION_CONTEXT(2) 
PARAMETRIC_REPRESENTATION_CONTEXT() REPRESENTATION_CONTEXT('2D SPACE',''
  ) );
#4088 = ORIENTED_EDGE('',*,*,#3949,.T.);
#4089 = ORIENTED_EDGE('',*,*,#2979,.F.);
#4090 = ADVANCED_FACE('',(#4091),#2919,.F.);
#4091 = FACE_BOUND('',#4092,.F.);
#4092 = EDGE_LOOP('',(#4093,#4094,#4095,#4096,#4097,#4121));
#4093 = ORIENTED_EDGE('',*,*,#4019,.T.);
#4094 = ORIENTED_EDGE('',*,*,#2902,.F.);
#4095 = ORIENTED_EDGE('',*,*,#2931,.F.);
#4096 = ORIENTED_EDGE('',*,*,#3929,.F.);
#4097 = ORIENTED_EDGE('',*,*,#4098,.T.);
#4098 = EDGE_CURVE('',#3901,#4099,#4101,.T.);
#4099 = VERTEX_POINT('',#4100);
#4100 = CARTESIAN_POINT('',(39.2,6.85,189.3));
#4101 = SURFACE_CURVE('',#4102,(#4107,#4114),.PCURVE_S1.);
#4102 = CIRCLE('',#4103,0.85);
#4103 = AXIS2_PLACEMENT_3D('',#4104,#4105,#4106);
#4104 = CARTESIAN_POINT('',(39.2,6.,189.3));
#4105 = DIRECTION('',(1.,0.,-0.));
#4106 = DIRECTION('',(0.,1.,1.110223024625E-16));
#4107 = PCURVE('',#2919,#4108);
#4108 = DEFINITIONAL_REPRESENTATION('',(#4109),#4113);
#4109 = LINE('',#4110,#4111);
#4110 = CARTESIAN_POINT('',(-6.28318530718,0.));
#4111 = VECTOR('',#4112,1.);
#4112 = DIRECTION('',(1.,0.));
#4113 = ( GEOMETRIC_REPRESENTATION_CONTEXT(2) 
PARAMETRIC_REPRESENTATION_CONTEXT() REPRESENTATION_CONTEXT('2D SPACE',''
  ) );
#4114 = PCURVE('',#3917,#4115);
#4115 = DEFINITIONAL_REPRESENTATION('',(#4116),#4120);
#4116 = CIRCLE('',#4117,0.85);
#4117 = AXIS2_PLACEMENT_2D('',#4118,#4119);
#4118 = CARTESIAN_POINT('',(0.,0.));
#4119 = DIRECTION('',(1.,0.));
#4120 = ( GEOMETRIC_REPRESENTATION_CONTEXT(2) 
PARAMETRIC_REPRESENTATION_CONTEXT() REPRESENTATION_CONTEXT('2D SPACE',''
  ) );
#4121 = ORIENTED_EDGE('',*,*,#4122,.T.);
#4122 = EDGE_CURVE('',#4099,#4020,#4123,.T.);
#4123 = SURFACE_CURVE('',#4124,(#4129,#4136),.PCURVE_S1.);
#4124 = CIRCLE('',#4125,0.85);
#4125 = AXIS2_PLACEMENT_3D('',#4126,#4127,#4128);
#4126 = CARTESIAN_POINT('',(39.2,6.,189.3));
#4127 = DIRECTION('',(1.,0.,-0.));
#4128 = DIRECTION('',(0.,1.,1.110223024625E-16));
#4129 = PCURVE('',#2919,#4130);
#4130 = DEFINITIONAL_REPRESENTATION('',(#4131),#4135);
#4131 = LINE('',#4132,#4133);
#4132 = CARTESIAN_POINT('',(0.,0.));
#4133 = VECTOR('',#4134,1.);
#4134 = DIRECTION('',(1.,0.));
#4135 = ( GEOMETRIC_REPRESENTATION_CONTEXT(2) 
PARAMETRIC_REPRESENTATION_CONTEXT() REPRESENTATION_CONTEXT('2D SPACE',''
  ) );
#4136 = PCURVE('',#3917,#4137);
#4137 = DEFINITIONAL_REPRESENTATION('',(#4138),#4142);
#4138 = CIRCLE('',#4139,0.85);
#4139 = AXIS2_PLACEMENT_2D('',#4140,#4141);
#4140 = CARTESIAN_POINT('',(0.,0.));
#4141 = DIRECTION('',(1.,0.));
#4142 = ( GEOMETRIC_REPRESENTATION_CONTEXT(2) 
PARAMETRIC_REPRESENTATION_CONTEXT() REPRESENTATION_CONTEXT('2D SPACE',''
  ) );
#4143 = ADVANCED_FACE('',(#4144),#3072,.F.);
#4144 = FACE_BOUND('',#4145,.F.);
#4145 = EDGE_LOOP('',(#4146,#4176,#4204,#4232,#4253,#4254));
#4146 = ORIENTED_EDGE('',*,*,#4147,.F.);
#4147 = EDGE_CURVE('',#4148,#4150,#4152,.T.);
#4148 = VERTEX_POINT('',#4149);
#4149 = CARTESIAN_POINT('',(24.6,0.85,144.3));
#4150 = VERTEX_POINT('',#4151);
#4151 = CARTESIAN_POINT('',(24.7,0.85,144.3));
#4152 = SURFACE_CURVE('',#4153,(#4157,#4164),.PCURVE_S1.);
#4153 = LINE('',#4154,#4155);
#4154 = CARTESIAN_POINT('',(24.6,0.85,144.3));
#4155 = VECTOR('',#4156,1.);
#4156 = DIRECTION('',(1.,0.,0.));
#4157 = PCURVE('',#3072,#4158);
#4158 = DEFINITIONAL_REPRESENTATION('',(#4159),#4163);
#4159 = LINE('',#4160,#4161);
#4160 = CARTESIAN_POINT('',(0.,2.));
#4161 = VECTOR('',#4162,1.);
#4162 = DIRECTION('',(1.,0.));
#4163 = ( GEOMETRIC_REPRESENTATION_CONTEXT(2) 
PARAMETRIC_REPRESENTATION_CONTEXT() REPRESENTATION_CONTEXT('2D SPACE',''
  ) );
#4164 = PCURVE('',#4165,#4170);
#4165 = PLANE('',#4166);
#4166 = AXIS2_PLACEMENT_3D('',#4167,#4168,#4169);
#4167 = CARTESIAN_POINT('',(24.6,-0.85,144.3));
#4168 = DIRECTION('',(0.,1.110223024625E-16,-1.));
#4169 = DIRECTION('',(0.,1.,1.110223024625E-16));
#4170 = DEFINITIONAL_REPRESENTATION('',(#4171),#4175);
#4171 = LINE('',#4172,#4173);
#4172 = CARTESIAN_POINT('',(1.7,0.));
#4173 = VECTOR('',#4174,1.);
#4174 = DIRECTION('',(0.,1.));
#4175 = ( GEOMETRIC_REPRESENTATION_CONTEXT(2) 
PARAMETRIC_REPRESENTATION_CONTEXT() REPRESENTATION_CONTEXT('2D SPACE',''
  ) );
#4176 = ORIENTED_EDGE('',*,*,#4177,.F.);
#4177 = EDGE_CURVE('',#4178,#4148,#4180,.T.);
#4178 = VERTEX_POINT('',#4179);
#4179 = CARTESIAN_POINT('',(24.6,0.85,146.3));
#4180 = SURFACE_CURVE('',#4181,(#4185,#4192),.PCURVE_S1.);
#4181 = LINE('',#4182,#4183);
#4182 = CARTESIAN_POINT('',(24.6,0.85,146.3));
#4183 = VECTOR('',#4184,1.);
#4184 = DIRECTION('',(0.,1.110223024625E-16,-1.));
#4185 = PCURVE('',#3072,#4186);
#4186 = DEFINITIONAL_REPRESENTATION('',(#4187),#4191);
#4187 = LINE('',#4188,#4189);
#4188 = CARTESIAN_POINT('',(0.,0.));
#4189 = VECTOR('',#4190,1.);
#4190 = DIRECTION('',(0.,1.));
#4191 = ( GEOMETRIC_REPRESENTATION_CONTEXT(2) 
PARAMETRIC_REPRESENTATION_CONTEXT() REPRESENTATION_CONTEXT('2D SPACE',''
  ) );
#4192 = PCURVE('',#4193,#4198);
#4193 = PLANE('',#4194);
#4194 = AXIS2_PLACEMENT_3D('',#4195,#4196,#4197);
#4195 = CARTESIAN_POINT('',(24.6,-0.85,146.3));
#4196 = DIRECTION('',(1.,0.,0.));
#4197 = DIRECTION('',(0.,1.,1.110223024625E-16));
#4198 = DEFINITIONAL_REPRESENTATION('',(#4199),#4203);
#4199 = LINE('',#4200,#4201);
#4200 = CARTESIAN_POINT('',(1.7,0.));
#4201 = VECTOR('',#4202,1.);
#4202 = DIRECTION('',(0.,-1.));
#4203 = ( GEOMETRIC_REPRESENTATION_CONTEXT(2) 
PARAMETRIC_REPRESENTATION_CONTEXT() REPRESENTATION_CONTEXT('2D SPACE',''
  ) );
#4204 = ORIENTED_EDGE('',*,*,#4205,.T.);
#4205 = EDGE_CURVE('',#4178,#4206,#4208,.T.);
#4206 = VERTEX_POINT('',#4207);
#4207 = CARTESIAN_POINT('',(24.7,0.85,146.3));
#4208 = SURFACE_CURVE('',#4209,(#4213,#4220),.PCURVE_S1.);
#4209 = LINE('',#4210,#4211);
#4210 = CARTESIAN_POINT('',(24.6,0.85,146.3));
#4211 = VECTOR('',#4212,1.);
#4212 = DIRECTION('',(1.,0.,0.));
#4213 = PCURVE('',#3072,#4214);
#4214 = DEFINITIONAL_REPRESENTATION('',(#4215),#4219);
#4215 = LINE('',#4216,#4217);
#4216 = CARTESIAN_POINT('',(0.,0.));
#4217 = VECTOR('',#4218,1.);
#4218 = DIRECTION('',(1.,0.));
#4219 = ( GEOMETRIC_REPRESENTATION_CONTEXT(2) 
PARAMETRIC_REPRESENTATION_CONTEXT() REPRESENTATION_CONTEXT('2D SPACE',''
  ) );
#4220 = PCURVE('',#4221,#4226);
#4221 = PLANE('',#4222);
#4222 = AXIS2_PLACEMENT_3D('',#4223,#4224,#4225);
#4223 = CARTESIAN_POINT('',(24.6,-0.85,146.3));
#4224 = DIRECTION('',(0.,1.110223024625E-16,-1.));
#4225 = DIRECTION('',(0.,1.,1.110223024625E-16));
#4226 = DEFINITIONAL_REPRESENTATION('',(#4227),#4231);
#4227 = LINE('',#4228,#4229);
#4228 = CARTESIAN_POINT('',(1.7,0.));
#4229 = VECTOR('',#4230,1.);
#4230 = DIRECTION('',(0.,1.));
#4231 = ( GEOMETRIC_REPRESENTATION_CONTEXT(2) 
PARAMETRIC_REPRESENTATION_CONTEXT() REPRESENTATION_CONTEXT('2D SPACE',''
  ) );
#4232 = ORIENTED_EDGE('',*,*,#4233,.T.);
#4233 = EDGE_CURVE('',#4206,#3058,#4234,.T.);
#4234 = SURFACE_CURVE('',#4235,(#4239,#4246),.PCURVE_S1.);
#4235 = LINE('',#4236,#4237);
#4236 = CARTESIAN_POINT('',(24.7,0.85,146.3));
#4237 = VECTOR('',#4238,1.);
#4238 = DIRECTION('',(1.,0.,0.));
#4239 = PCURVE('',#3072,#4240);
#4240 = DEFINITIONAL_REPRESENTATION('',(#4241),#4245);
#4241 = LINE('',#4242,#4243);
#4242 = CARTESIAN_POINT('',(0.1,0.));
#4243 = VECTOR('',#4244,1.);
#4244 = DIRECTION('',(1.,0.));
#4245 = ( GEOMETRIC_REPRESENTATION_CONTEXT(2) 
PARAMETRIC_REPRESENTATION_CONTEXT() REPRESENTATION_CONTEXT('2D SPACE',''
  ) );
#4246 = PCURVE('',#3153,#4247);
#4247 = DEFINITIONAL_REPRESENTATION('',(#4248),#4252);
#4248 = LINE('',#4249,#4250);
#4249 = CARTESIAN_POINT('',(0.,-0.));
#4250 = VECTOR('',#4251,1.);
#4251 = DIRECTION('',(0.,1.));
#4252 = ( GEOMETRIC_REPRESENTATION_CONTEXT(2) 
PARAMETRIC_REPRESENTATION_CONTEXT() REPRESENTATION_CONTEXT('2D SPACE',''
  ) );
#4253 = ORIENTED_EDGE('',*,*,#3055,.F.);
#4254 = ORIENTED_EDGE('',*,*,#4255,.F.);
#4255 = EDGE_CURVE('',#4150,#3056,#4256,.T.);
#4256 = SURFACE_CURVE('',#4257,(#4261,#4268),.PCURVE_S1.);
#4257 = LINE('',#4258,#4259);
#4258 = CARTESIAN_POINT('',(24.7,0.85,144.3));
#4259 = VECTOR('',#4260,1.);
#4260 = DIRECTION('',(1.,0.,0.));
#4261 = PCURVE('',#3072,#4262);
#4262 = DEFINITIONAL_REPRESENTATION('',(#4263),#4267);
#4263 = LINE('',#4264,#4265);
#4264 = CARTESIAN_POINT('',(0.1,2.));
#4265 = VECTOR('',#4266,1.);
#4266 = DIRECTION('',(1.,0.));
#4267 = ( GEOMETRIC_REPRESENTATION_CONTEXT(2) 
PARAMETRIC_REPRESENTATION_CONTEXT() REPRESENTATION_CONTEXT('2D SPACE',''
  ) );
#4268 = PCURVE('',#3100,#4269);
#4269 = DEFINITIONAL_REPRESENTATION('',(#4270),#4274);
#4270 = LINE('',#4271,#4272);
#4271 = CARTESIAN_POINT('',(6.28318530718,-0.));
#4272 = VECTOR('',#4273,1.);
#4273 = DIRECTION('',(0.,1.));
#4274 = ( GEOMETRIC_REPRESENTATION_CONTEXT(2) 
PARAMETRIC_REPRESENTATION_CONTEXT() REPRESENTATION_CONTEXT('2D SPACE',''
  ) );
#4275 = ADVANCED_FACE('',(#4276),#3153,.F.);
#4276 = FACE_BOUND('',#4277,.F.);
#4277 = EDGE_LOOP('',(#4278,#4279,#4280,#4309));
#4278 = ORIENTED_EDGE('',*,*,#3138,.F.);
#4279 = ORIENTED_EDGE('',*,*,#4233,.F.);
#4280 = ORIENTED_EDGE('',*,*,#4281,.T.);
#4281 = EDGE_CURVE('',#4206,#4282,#4284,.T.);
#4282 = VERTEX_POINT('',#4283);
#4283 = CARTESIAN_POINT('',(24.7,-0.85,146.3));
#4284 = SURFACE_CURVE('',#4285,(#4290,#4297),.PCURVE_S1.);
#4285 = CIRCLE('',#4286,0.85);
#4286 = AXIS2_PLACEMENT_3D('',#4287,#4288,#4289);
#4287 = CARTESIAN_POINT('',(24.7,-4.030109579389E-15,146.3));
#4288 = DIRECTION('',(1.,0.,-0.));
#4289 = DIRECTION('',(0.,1.,1.110223024625E-16));
#4290 = PCURVE('',#3153,#4291);
#4291 = DEFINITIONAL_REPRESENTATION('',(#4292),#4296);
#4292 = LINE('',#4293,#4294);
#4293 = CARTESIAN_POINT('',(0.,0.));
#4294 = VECTOR('',#4295,1.);
#4295 = DIRECTION('',(1.,0.));
#4296 = ( GEOMETRIC_REPRESENTATION_CONTEXT(2) 
PARAMETRIC_REPRESENTATION_CONTEXT() REPRESENTATION_CONTEXT('2D SPACE',''
  ) );
#4297 = PCURVE('',#4298,#4303);
#4298 = PLANE('',#4299);
#4299 = AXIS2_PLACEMENT_3D('',#4300,#4301,#4302);
#4300 = CARTESIAN_POINT('',(24.7,-4.030109579389E-15,146.3));
#4301 = DIRECTION('',(1.,0.,0.));
#4302 = DIRECTION('',(0.,1.,1.110223024625E-16));
#4303 = DEFINITIONAL_REPRESENTATION('',(#4304),#4308);
#4304 = CIRCLE('',#4305,0.85);
#4305 = AXIS2_PLACEMENT_2D('',#4306,#4307);
#4306 = CARTESIAN_POINT('',(0.,0.));
#4307 = DIRECTION('',(1.,0.));
#4308 = ( GEOMETRIC_REPRESENTATION_CONTEXT(2) 
PARAMETRIC_REPRESENTATION_CONTEXT() REPRESENTATION_CONTEXT('2D SPACE',''
  ) );
#4309 = ORIENTED_EDGE('',*,*,#4310,.T.);
#4310 = EDGE_CURVE('',#4282,#3113,#4311,.T.);
#4311 = SURFACE_CURVE('',#4312,(#4316,#4323),.PCURVE_S1.);
#4312 = LINE('',#4313,#4314);
#4313 = CARTESIAN_POINT('',(24.6,-0.85,146.3));
#4314 = VECTOR('',#4315,1.);
#4315 = DIRECTION('',(1.,0.,0.));
#4316 = PCURVE('',#3153,#4317);
#4317 = DEFINITIONAL_REPRESENTATION('',(#4318),#4322);
#4318 = LINE('',#4319,#4320);
#4319 = CARTESIAN_POINT('',(3.14159265359,-0.1));
#4320 = VECTOR('',#4321,1.);
#4321 = DIRECTION('',(0.,1.));
#4322 = ( GEOMETRIC_REPRESENTATION_CONTEXT(2) 
PARAMETRIC_REPRESENTATION_CONTEXT() REPRESENTATION_CONTEXT('2D SPACE',''
  ) );
#4323 = PCURVE('',#3127,#4324);
#4324 = DEFINITIONAL_REPRESENTATION('',(#4325),#4329);
#4325 = LINE('',#4326,#4327);
#4326 = CARTESIAN_POINT('',(0.,0.));
#4327 = VECTOR('',#4328,1.);
#4328 = DIRECTION('',(1.,0.));
#4329 = ( GEOMETRIC_REPRESENTATION_CONTEXT(2) 
PARAMETRIC_REPRESENTATION_CONTEXT() REPRESENTATION_CONTEXT('2D SPACE',''
  ) );
#4330 = ADVANCED_FACE('',(#4331),#3127,.T.);
#4331 = FACE_BOUND('',#4332,.T.);
#4332 = EDGE_LOOP('',(#4333,#4358,#4381,#4402,#4403,#4404));
#4333 = ORIENTED_EDGE('',*,*,#4334,.F.);
#4334 = EDGE_CURVE('',#4335,#4337,#4339,.T.);
#4335 = VERTEX_POINT('',#4336);
#4336 = CARTESIAN_POINT('',(24.6,-0.85,144.3));
#4337 = VERTEX_POINT('',#4338);
#4338 = CARTESIAN_POINT('',(24.7,-0.85,144.3));
#4339 = SURFACE_CURVE('',#4340,(#4344,#4351),.PCURVE_S1.);
#4340 = LINE('',#4341,#4342);
#4341 = CARTESIAN_POINT('',(24.6,-0.85,144.3));
#4342 = VECTOR('',#4343,1.);
#4343 = DIRECTION('',(1.,0.,0.));
#4344 = PCURVE('',#3127,#4345);
#4345 = DEFINITIONAL_REPRESENTATION('',(#4346),#4350);
#4346 = LINE('',#4347,#4348);
#4347 = CARTESIAN_POINT('',(0.,2.));
#4348 = VECTOR('',#4349,1.);
#4349 = DIRECTION('',(1.,0.));
#4350 = ( GEOMETRIC_REPRESENTATION_CONTEXT(2) 
PARAMETRIC_REPRESENTATION_CONTEXT() REPRESENTATION_CONTEXT('2D SPACE',''
  ) );
#4351 = PCURVE('',#4165,#4352);
#4352 = DEFINITIONAL_REPRESENTATION('',(#4353),#4357);
#4353 = LINE('',#4354,#4355);
#4354 = CARTESIAN_POINT('',(0.,0.));
#4355 = VECTOR('',#4356,1.);
#4356 = DIRECTION('',(0.,1.));
#4357 = ( GEOMETRIC_REPRESENTATION_CONTEXT(2) 
PARAMETRIC_REPRESENTATION_CONTEXT() REPRESENTATION_CONTEXT('2D SPACE',''
  ) );
#4358 = ORIENTED_EDGE('',*,*,#4359,.F.);
#4359 = EDGE_CURVE('',#4360,#4335,#4362,.T.);
#4360 = VERTEX_POINT('',#4361);
#4361 = CARTESIAN_POINT('',(24.6,-0.85,146.3));
#4362 = SURFACE_CURVE('',#4363,(#4367,#4374),.PCURVE_S1.);
#4363 = LINE('',#4364,#4365);
#4364 = CARTESIAN_POINT('',(24.6,-0.85,146.3));
#4365 = VECTOR('',#4366,1.);
#4366 = DIRECTION('',(0.,1.110223024625E-16,-1.));
#4367 = PCURVE('',#3127,#4368);
#4368 = DEFINITIONAL_REPRESENTATION('',(#4369),#4373);
#4369 = LINE('',#4370,#4371);
#4370 = CARTESIAN_POINT('',(0.,0.));
#4371 = VECTOR('',#4372,1.);
#4372 = DIRECTION('',(0.,1.));
#4373 = ( GEOMETRIC_REPRESENTATION_CONTEXT(2) 
PARAMETRIC_REPRESENTATION_CONTEXT() REPRESENTATION_CONTEXT('2D SPACE',''
  ) );
#4374 = PCURVE('',#4193,#4375);
#4375 = DEFINITIONAL_REPRESENTATION('',(#4376),#4380);
#4376 = LINE('',#4377,#4378);
#4377 = CARTESIAN_POINT('',(0.,0.));
#4378 = VECTOR('',#4379,1.);
#4379 = DIRECTION('',(0.,-1.));
#4380 = ( GEOMETRIC_REPRESENTATION_CONTEXT(2) 
PARAMETRIC_REPRESENTATION_CONTEXT() REPRESENTATION_CONTEXT('2D SPACE',''
  ) );
#4381 = ORIENTED_EDGE('',*,*,#4382,.T.);
#4382 = EDGE_CURVE('',#4360,#4282,#4383,.T.);
#4383 = SURFACE_CURVE('',#4384,(#4388,#4395),.PCURVE_S1.);
#4384 = LINE('',#4385,#4386);
#4385 = CARTESIAN_POINT('',(24.6,-0.85,146.3));
#4386 = VECTOR('',#4387,1.);
#4387 = DIRECTION('',(1.,0.,0.));
#4388 = PCURVE('',#3127,#4389);
#4389 = DEFINITIONAL_REPRESENTATION('',(#4390),#4394);
#4390 = LINE('',#4391,#4392);
#4391 = CARTESIAN_POINT('',(0.,0.));
#4392 = VECTOR('',#4393,1.);
#4393 = DIRECTION('',(1.,0.));
#4394 = ( GEOMETRIC_REPRESENTATION_CONTEXT(2) 
PARAMETRIC_REPRESENTATION_CONTEXT() REPRESENTATION_CONTEXT('2D SPACE',''
  ) );
#4395 = PCURVE('',#4221,#4396);
#4396 = DEFINITIONAL_REPRESENTATION('',(#4397),#4401);
#4397 = LINE('',#4398,#4399);
#4398 = CARTESIAN_POINT('',(0.,0.));
#4399 = VECTOR('',#4400,1.);
#4400 = DIRECTION('',(0.,1.));
#4401 = ( GEOMETRIC_REPRESENTATION_CONTEXT(2) 
PARAMETRIC_REPRESENTATION_CONTEXT() REPRESENTATION_CONTEXT('2D SPACE',''
  ) );
#4402 = ORIENTED_EDGE('',*,*,#4310,.T.);
#4403 = ORIENTED_EDGE('',*,*,#3112,.F.);
#4404 = ORIENTED_EDGE('',*,*,#4405,.F.);
#4405 = EDGE_CURVE('',#4337,#3084,#4406,.T.);
#4406 = SURFACE_CURVE('',#4407,(#4411,#4418),.PCURVE_S1.);
#4407 = LINE('',#4408,#4409);
#4408 = CARTESIAN_POINT('',(24.6,-0.85,144.3));
#4409 = VECTOR('',#4410,1.);
#4410 = DIRECTION('',(1.,0.,0.));
#4411 = PCURVE('',#3127,#4412);
#4412 = DEFINITIONAL_REPRESENTATION('',(#4413),#4417);
#4413 = LINE('',#4414,#4415);
#4414 = CARTESIAN_POINT('',(0.,2.));
#4415 = VECTOR('',#4416,1.);
#4416 = DIRECTION('',(1.,0.));
#4417 = ( GEOMETRIC_REPRESENTATION_CONTEXT(2) 
PARAMETRIC_REPRESENTATION_CONTEXT() REPRESENTATION_CONTEXT('2D SPACE',''
  ) );
#4418 = PCURVE('',#3100,#4419);
#4419 = DEFINITIONAL_REPRESENTATION('',(#4420),#4424);
#4420 = LINE('',#4421,#4422);
#4421 = CARTESIAN_POINT('',(3.14159265359,-0.1));
#4422 = VECTOR('',#4423,1.);
#4423 = DIRECTION('',(0.,1.));
#4424 = ( GEOMETRIC_REPRESENTATION_CONTEXT(2) 
PARAMETRIC_REPRESENTATION_CONTEXT() REPRESENTATION_CONTEXT('2D SPACE',''
  ) );
#4425 = ADVANCED_FACE('',(#4426),#3100,.F.);
#4426 = FACE_BOUND('',#4427,.F.);
#4427 = EDGE_LOOP('',(#4428,#4429,#4430,#4431));
#4428 = ORIENTED_EDGE('',*,*,#4255,.T.);
#4429 = ORIENTED_EDGE('',*,*,#3083,.F.);
#4430 = ORIENTED_EDGE('',*,*,#4405,.F.);
#4431 = ORIENTED_EDGE('',*,*,#4432,.T.);
#4432 = EDGE_CURVE('',#4337,#4150,#4433,.T.);
#4433 = SURFACE_CURVE('',#4434,(#4439,#4446),.PCURVE_S1.);
#4434 = CIRCLE('',#4435,0.85);
#4435 = AXIS2_PLACEMENT_3D('',#4436,#4437,#4438);
#4436 = CARTESIAN_POINT('',(24.7,-3.808064974464E-15,144.3));
#4437 = DIRECTION('',(1.,0.,-0.));
#4438 = DIRECTION('',(0.,1.,1.110223024625E-16));
#4439 = PCURVE('',#3100,#4440);
#4440 = DEFINITIONAL_REPRESENTATION('',(#4441),#4445);
#4441 = LINE('',#4442,#4443);
#4442 = CARTESIAN_POINT('',(0.,0.));
#4443 = VECTOR('',#4444,1.);
#4444 = DIRECTION('',(1.,0.));
#4445 = ( GEOMETRIC_REPRESENTATION_CONTEXT(2) 
PARAMETRIC_REPRESENTATION_CONTEXT() REPRESENTATION_CONTEXT('2D SPACE',''
  ) );
#4446 = PCURVE('',#4447,#4452);
#4447 = PLANE('',#4448);
#4448 = AXIS2_PLACEMENT_3D('',#4449,#4450,#4451);
#4449 = CARTESIAN_POINT('',(24.7,-3.808064974464E-15,144.3));
#4450 = DIRECTION('',(1.,0.,0.));
#4451 = DIRECTION('',(0.,1.,1.110223024625E-16));
#4452 = DEFINITIONAL_REPRESENTATION('',(#4453),#4457);
#4453 = CIRCLE('',#4454,0.85);
#4454 = AXIS2_PLACEMENT_2D('',#4455,#4456);
#4455 = CARTESIAN_POINT('',(0.,0.));
#4456 = DIRECTION('',(1.,0.));
#4457 = ( GEOMETRIC_REPRESENTATION_CONTEXT(2) 
PARAMETRIC_REPRESENTATION_CONTEXT() REPRESENTATION_CONTEXT('2D SPACE',''
  ) );
#4458 = ADVANCED_FACE('',(#4459),#3184,.F.);
#4459 = FACE_BOUND('',#4460,.F.);
#4460 = EDGE_LOOP('',(#4461,#4491,#4519,#4547,#4568,#4569));
#4461 = ORIENTED_EDGE('',*,*,#4462,.F.);
#4462 = EDGE_CURVE('',#4463,#4465,#4467,.T.);
#4463 = VERTEX_POINT('',#4464);
#4464 = CARTESIAN_POINT('',(24.6,0.85,172.3));
#4465 = VERTEX_POINT('',#4466);
#4466 = CARTESIAN_POINT('',(24.7,0.85,172.3));
#4467 = SURFACE_CURVE('',#4468,(#4472,#4479),.PCURVE_S1.);
#4468 = LINE('',#4469,#4470);
#4469 = CARTESIAN_POINT('',(24.6,0.85,172.3));
#4470 = VECTOR('',#4471,1.);
#4471 = DIRECTION('',(1.,0.,0.));
#4472 = PCURVE('',#3184,#4473);
#4473 = DEFINITIONAL_REPRESENTATION('',(#4474),#4478);
#4474 = LINE('',#4475,#4476);
#4475 = CARTESIAN_POINT('',(0.,2.));
#4476 = VECTOR('',#4477,1.);
#4477 = DIRECTION('',(1.,0.));
#4478 = ( GEOMETRIC_REPRESENTATION_CONTEXT(2) 
PARAMETRIC_REPRESENTATION_CONTEXT() REPRESENTATION_CONTEXT('2D SPACE',''
  ) );
#4479 = PCURVE('',#4480,#4485);
#4480 = PLANE('',#4481);
#4481 = AXIS2_PLACEMENT_3D('',#4482,#4483,#4484);
#4482 = CARTESIAN_POINT('',(24.6,-0.85,172.3));
#4483 = DIRECTION('',(0.,1.110223024625E-16,-1.));
#4484 = DIRECTION('',(0.,1.,1.110223024625E-16));
#4485 = DEFINITIONAL_REPRESENTATION('',(#4486),#4490);
#4486 = LINE('',#4487,#4488);
#4487 = CARTESIAN_POINT('',(1.7,0.));
#4488 = VECTOR('',#4489,1.);
#4489 = DIRECTION('',(0.,1.));
#4490 = ( GEOMETRIC_REPRESENTATION_CONTEXT(2) 
PARAMETRIC_REPRESENTATION_CONTEXT() REPRESENTATION_CONTEXT('2D SPACE',''
  ) );
#4491 = ORIENTED_EDGE('',*,*,#4492,.F.);
#4492 = EDGE_CURVE('',#4493,#4463,#4495,.T.);
#4493 = VERTEX_POINT('',#4494);
#4494 = CARTESIAN_POINT('',(24.6,0.85,174.3));
#4495 = SURFACE_CURVE('',#4496,(#4500,#4507),.PCURVE_S1.);
#4496 = LINE('',#4497,#4498);
#4497 = CARTESIAN_POINT('',(24.6,0.85,174.3));
#4498 = VECTOR('',#4499,1.);
#4499 = DIRECTION('',(0.,1.110223024625E-16,-1.));
#4500 = PCURVE('',#3184,#4501);
#4501 = DEFINITIONAL_REPRESENTATION('',(#4502),#4506);
#4502 = LINE('',#4503,#4504);
#4503 = CARTESIAN_POINT('',(0.,0.));
#4504 = VECTOR('',#4505,1.);
#4505 = DIRECTION('',(0.,1.));
#4506 = ( GEOMETRIC_REPRESENTATION_CONTEXT(2) 
PARAMETRIC_REPRESENTATION_CONTEXT() REPRESENTATION_CONTEXT('2D SPACE',''
  ) );
#4507 = PCURVE('',#4508,#4513);
#4508 = PLANE('',#4509);
#4509 = AXIS2_PLACEMENT_3D('',#4510,#4511,#4512);
#4510 = CARTESIAN_POINT('',(24.6,-0.85,174.3));
#4511 = DIRECTION('',(1.,0.,0.));
#4512 = DIRECTION('',(0.,1.,1.110223024625E-16));
#4513 = DEFINITIONAL_REPRESENTATION('',(#4514),#4518);
#4514 = LINE('',#4515,#4516);
#4515 = CARTESIAN_POINT('',(1.7,0.));
#4516 = VECTOR('',#4517,1.);
#4517 = DIRECTION('',(0.,-1.));
#4518 = ( GEOMETRIC_REPRESENTATION_CONTEXT(2) 
PARAMETRIC_REPRESENTATION_CONTEXT() REPRESENTATION_CONTEXT('2D SPACE',''
  ) );
#4519 = ORIENTED_EDGE('',*,*,#4520,.T.);
#4520 = EDGE_CURVE('',#4493,#4521,#4523,.T.);
#4521 = VERTEX_POINT('',#4522);
#4522 = CARTESIAN_POINT('',(24.7,0.85,174.3));
#4523 = SURFACE_CURVE('',#4524,(#4528,#4535),.PCURVE_S1.);
#4524 = LINE('',#4525,#4526);
#4525 = CARTESIAN_POINT('',(24.6,0.85,174.3));
#4526 = VECTOR('',#4527,1.);
#4527 = DIRECTION('',(1.,0.,0.));
#4528 = PCURVE('',#3184,#4529);
#4529 = DEFINITIONAL_REPRESENTATION('',(#4530),#4534);
#4530 = LINE('',#4531,#4532);
#4531 = CARTESIAN_POINT('',(0.,0.));
#4532 = VECTOR('',#4533,1.);
#4533 = DIRECTION('',(1.,0.));
#4534 = ( GEOMETRIC_REPRESENTATION_CONTEXT(2) 
PARAMETRIC_REPRESENTATION_CONTEXT() REPRESENTATION_CONTEXT('2D SPACE',''
  ) );
#4535 = PCURVE('',#4536,#4541);
#4536 = PLANE('',#4537);
#4537 = AXIS2_PLACEMENT_3D('',#4538,#4539,#4540);
#4538 = CARTESIAN_POINT('',(24.6,-0.85,174.3));
#4539 = DIRECTION('',(0.,1.110223024625E-16,-1.));
#4540 = DIRECTION('',(0.,1.,1.110223024625E-16));
#4541 = DEFINITIONAL_REPRESENTATION('',(#4542),#4546);
#4542 = LINE('',#4543,#4544);
#4543 = CARTESIAN_POINT('',(1.7,0.));
#4544 = VECTOR('',#4545,1.);
#4545 = DIRECTION('',(0.,1.));
#4546 = ( GEOMETRIC_REPRESENTATION_CONTEXT(2) 
PARAMETRIC_REPRESENTATION_CONTEXT() REPRESENTATION_CONTEXT('2D SPACE',''
  ) );
#4547 = ORIENTED_EDGE('',*,*,#4548,.T.);
#4548 = EDGE_CURVE('',#4521,#3170,#4549,.T.);
#4549 = SURFACE_CURVE('',#4550,(#4554,#4561),.PCURVE_S1.);
#4550 = LINE('',#4551,#4552);
#4551 = CARTESIAN_POINT('',(24.7,0.85,174.3));
#4552 = VECTOR('',#4553,1.);
#4553 = DIRECTION('',(1.,0.,0.));
#4554 = PCURVE('',#3184,#4555);
#4555 = DEFINITIONAL_REPRESENTATION('',(#4556),#4560);
#4556 = LINE('',#4557,#4558);
#4557 = CARTESIAN_POINT('',(0.1,0.));
#4558 = VECTOR('',#4559,1.);
#4559 = DIRECTION('',(1.,0.));
#4560 = ( GEOMETRIC_REPRESENTATION_CONTEXT(2) 
PARAMETRIC_REPRESENTATION_CONTEXT() REPRESENTATION_CONTEXT('2D SPACE',''
  ) );
#4561 = PCURVE('',#3265,#4562);
#4562 = DEFINITIONAL_REPRESENTATION('',(#4563),#4567);
#4563 = LINE('',#4564,#4565);
#4564 = CARTESIAN_POINT('',(0.,-0.));
#4565 = VECTOR('',#4566,1.);
#4566 = DIRECTION('',(0.,1.));
#4567 = ( GEOMETRIC_REPRESENTATION_CONTEXT(2) 
PARAMETRIC_REPRESENTATION_CONTEXT() REPRESENTATION_CONTEXT('2D SPACE',''
  ) );
#4568 = ORIENTED_EDGE('',*,*,#3167,.F.);
#4569 = ORIENTED_EDGE('',*,*,#4570,.F.);
#4570 = EDGE_CURVE('',#4465,#3168,#4571,.T.);
#4571 = SURFACE_CURVE('',#4572,(#4576,#4583),.PCURVE_S1.);
#4572 = LINE('',#4573,#4574);
#4573 = CARTESIAN_POINT('',(24.7,0.85,172.3));
#4574 = VECTOR('',#4575,1.);
#4575 = DIRECTION('',(1.,0.,0.));
#4576 = PCURVE('',#3184,#4577);
#4577 = DEFINITIONAL_REPRESENTATION('',(#4578),#4582);
#4578 = LINE('',#4579,#4580);
#4579 = CARTESIAN_POINT('',(0.1,2.));
#4580 = VECTOR('',#4581,1.);
#4581 = DIRECTION('',(1.,0.));
#4582 = ( GEOMETRIC_REPRESENTATION_CONTEXT(2) 
PARAMETRIC_REPRESENTATION_CONTEXT() REPRESENTATION_CONTEXT('2D SPACE',''
  ) );
#4583 = PCURVE('',#3212,#4584);
#4584 = DEFINITIONAL_REPRESENTATION('',(#4585),#4589);
#4585 = LINE('',#4586,#4587);
#4586 = CARTESIAN_POINT('',(6.28318530718,-0.));
#4587 = VECTOR('',#4588,1.);
#4588 = DIRECTION('',(0.,1.));
#4589 = ( GEOMETRIC_REPRESENTATION_CONTEXT(2) 
PARAMETRIC_REPRESENTATION_CONTEXT() REPRESENTATION_CONTEXT('2D SPACE',''
  ) );
#4590 = ADVANCED_FACE('',(#4591),#3212,.F.);
#4591 = FACE_BOUND('',#4592,.F.);
#4592 = EDGE_LOOP('',(#4593,#4594,#4595,#4618));
#4593 = ORIENTED_EDGE('',*,*,#4570,.T.);
#4594 = ORIENTED_EDGE('',*,*,#3195,.F.);
#4595 = ORIENTED_EDGE('',*,*,#4596,.F.);
#4596 = EDGE_CURVE('',#4597,#3196,#4599,.T.);
#4597 = VERTEX_POINT('',#4598);
#4598 = CARTESIAN_POINT('',(24.7,-0.85,172.3));
#4599 = SURFACE_CURVE('',#4600,(#4604,#4611),.PCURVE_S1.);
#4600 = LINE('',#4601,#4602);
#4601 = CARTESIAN_POINT('',(24.6,-0.85,172.3));
#4602 = VECTOR('',#4603,1.);
#4603 = DIRECTION('',(1.,0.,0.));
#4604 = PCURVE('',#3212,#4605);
#4605 = DEFINITIONAL_REPRESENTATION('',(#4606),#4610);
#4606 = LINE('',#4607,#4608);
#4607 = CARTESIAN_POINT('',(3.14159265359,-0.1));
#4608 = VECTOR('',#4609,1.);
#4609 = DIRECTION('',(0.,1.));
#4610 = ( GEOMETRIC_REPRESENTATION_CONTEXT(2) 
PARAMETRIC_REPRESENTATION_CONTEXT() REPRESENTATION_CONTEXT('2D SPACE',''
  ) );
#4611 = PCURVE('',#3239,#4612);
#4612 = DEFINITIONAL_REPRESENTATION('',(#4613),#4617);
#4613 = LINE('',#4614,#4615);
#4614 = CARTESIAN_POINT('',(0.,2.));
#4615 = VECTOR('',#4616,1.);
#4616 = DIRECTION('',(1.,0.));
#4617 = ( GEOMETRIC_REPRESENTATION_CONTEXT(2) 
PARAMETRIC_REPRESENTATION_CONTEXT() REPRESENTATION_CONTEXT('2D SPACE',''
  ) );
#4618 = ORIENTED_EDGE('',*,*,#4619,.T.);
#4619 = EDGE_CURVE('',#4597,#4465,#4620,.T.);
#4620 = SURFACE_CURVE('',#4621,(#4626,#4633),.PCURVE_S1.);
#4621 = CIRCLE('',#4622,0.85);
#4622 = AXIS2_PLACEMENT_3D('',#4623,#4624,#4625);
#4623 = CARTESIAN_POINT('',(24.7,-6.916689443415E-15,172.3));
#4624 = DIRECTION('',(1.,0.,-0.));
#4625 = DIRECTION('',(0.,1.,1.110223024625E-16));
#4626 = PCURVE('',#3212,#4627);
#4627 = DEFINITIONAL_REPRESENTATION('',(#4628),#4632);
#4628 = LINE('',#4629,#4630);
#4629 = CARTESIAN_POINT('',(0.,0.));
#4630 = VECTOR('',#4631,1.);
#4631 = DIRECTION('',(1.,0.));
#4632 = ( GEOMETRIC_REPRESENTATION_CONTEXT(2) 
PARAMETRIC_REPRESENTATION_CONTEXT() REPRESENTATION_CONTEXT('2D SPACE',''
  ) );
#4633 = PCURVE('',#4634,#4639);
#4634 = PLANE('',#4635);
#4635 = AXIS2_PLACEMENT_3D('',#4636,#4637,#4638);
#4636 = CARTESIAN_POINT('',(24.7,-6.916689443415E-15,172.3));
#4637 = DIRECTION('',(1.,0.,0.));
#4638 = DIRECTION('',(0.,1.,1.110223024625E-16));
#4639 = DEFINITIONAL_REPRESENTATION('',(#4640),#4644);
#4640 = CIRCLE('',#4641,0.85);
#4641 = AXIS2_PLACEMENT_2D('',#4642,#4643);
#4642 = CARTESIAN_POINT('',(0.,0.));
#4643 = DIRECTION('',(1.,0.));
#4644 = ( GEOMETRIC_REPRESENTATION_CONTEXT(2) 
PARAMETRIC_REPRESENTATION_CONTEXT() REPRESENTATION_CONTEXT('2D SPACE',''
  ) );
#4645 = ADVANCED_FACE('',(#4646),#3265,.F.);
#4646 = FACE_BOUND('',#4647,.F.);
#4647 = EDGE_LOOP('',(#4648,#4649,#4650,#4679));
#4648 = ORIENTED_EDGE('',*,*,#3250,.F.);
#4649 = ORIENTED_EDGE('',*,*,#4548,.F.);
#4650 = ORIENTED_EDGE('',*,*,#4651,.T.);
#4651 = EDGE_CURVE('',#4521,#4652,#4654,.T.);
#4652 = VERTEX_POINT('',#4653);
#4653 = CARTESIAN_POINT('',(24.7,-0.85,174.3));
#4654 = SURFACE_CURVE('',#4655,(#4660,#4667),.PCURVE_S1.);
#4655 = CIRCLE('',#4656,0.85);
#4656 = AXIS2_PLACEMENT_3D('',#4657,#4658,#4659);
#4657 = CARTESIAN_POINT('',(24.7,-7.13873404834E-15,174.3));
#4658 = DIRECTION('',(1.,0.,-0.));
#4659 = DIRECTION('',(0.,1.,1.110223024625E-16));
#4660 = PCURVE('',#3265,#4661);
#4661 = DEFINITIONAL_REPRESENTATION('',(#4662),#4666);
#4662 = LINE('',#4663,#4664);
#4663 = CARTESIAN_POINT('',(0.,0.));
#4664 = VECTOR('',#4665,1.);
#4665 = DIRECTION('',(1.,0.));
#4666 = ( GEOMETRIC_REPRESENTATION_CONTEXT(2) 
PARAMETRIC_REPRESENTATION_CONTEXT() REPRESENTATION_CONTEXT('2D SPACE',''
  ) );
#4667 = PCURVE('',#4668,#4673);
#4668 = PLANE('',#4669);
#4669 = AXIS2_PLACEMENT_3D('',#4670,#4671,#4672);
#4670 = CARTESIAN_POINT('',(24.7,-7.13873404834E-15,174.3));
#4671 = DIRECTION('',(1.,0.,0.));
#4672 = DIRECTION('',(0.,1.,1.110223024625E-16));
#4673 = DEFINITIONAL_REPRESENTATION('',(#4674),#4678);
#4674 = CIRCLE('',#4675,0.85);
#4675 = AXIS2_PLACEMENT_2D('',#4676,#4677);
#4676 = CARTESIAN_POINT('',(0.,0.));
#4677 = DIRECTION('',(1.,0.));
#4678 = ( GEOMETRIC_REPRESENTATION_CONTEXT(2) 
PARAMETRIC_REPRESENTATION_CONTEXT() REPRESENTATION_CONTEXT('2D SPACE',''
  ) );
#4679 = ORIENTED_EDGE('',*,*,#4680,.T.);
#4680 = EDGE_CURVE('',#4652,#3225,#4681,.T.);
#4681 = SURFACE_CURVE('',#4682,(#4686,#4693),.PCURVE_S1.);
#4682 = LINE('',#4683,#4684);
#4683 = CARTESIAN_POINT('',(24.6,-0.85,174.3));
#4684 = VECTOR('',#4685,1.);
#4685 = DIRECTION('',(1.,0.,0.));
#4686 = PCURVE('',#3265,#4687);
#4687 = DEFINITIONAL_REPRESENTATION('',(#4688),#4692);
#4688 = LINE('',#4689,#4690);
#4689 = CARTESIAN_POINT('',(3.14159265359,-0.1));
#4690 = VECTOR('',#4691,1.);
#4691 = DIRECTION('',(0.,1.));
#4692 = ( GEOMETRIC_REPRESENTATION_CONTEXT(2) 
PARAMETRIC_REPRESENTATION_CONTEXT() REPRESENTATION_CONTEXT('2D SPACE',''
  ) );
#4693 = PCURVE('',#3239,#4694);
#4694 = DEFINITIONAL_REPRESENTATION('',(#4695),#4699);
#4695 = LINE('',#4696,#4697);
#4696 = CARTESIAN_POINT('',(0.,0.));
#4697 = VECTOR('',#4698,1.);
#4698 = DIRECTION('',(1.,0.));
#4699 = ( GEOMETRIC_REPRESENTATION_CONTEXT(2) 
PARAMETRIC_REPRESENTATION_CONTEXT() REPRESENTATION_CONTEXT('2D SPACE',''
  ) );
#4700 = ADVANCED_FACE('',(#4701),#3239,.T.);
#4701 = FACE_BOUND('',#4702,.T.);
#4702 = EDGE_LOOP('',(#4703,#4726,#4749,#4770,#4771,#4772));
#4703 = ORIENTED_EDGE('',*,*,#4704,.F.);
#4704 = EDGE_CURVE('',#4705,#4597,#4707,.T.);
#4705 = VERTEX_POINT('',#4706);
#4706 = CARTESIAN_POINT('',(24.6,-0.85,172.3));
#4707 = SURFACE_CURVE('',#4708,(#4712,#4719),.PCURVE_S1.);
#4708 = LINE('',#4709,#4710);
#4709 = CARTESIAN_POINT('',(24.6,-0.85,172.3));
#4710 = VECTOR('',#4711,1.);
#4711 = DIRECTION('',(1.,0.,0.));
#4712 = PCURVE('',#3239,#4713);
#4713 = DEFINITIONAL_REPRESENTATION('',(#4714),#4718);
#4714 = LINE('',#4715,#4716);
#4715 = CARTESIAN_POINT('',(0.,2.));
#4716 = VECTOR('',#4717,1.);
#4717 = DIRECTION('',(1.,0.));
#4718 = ( GEOMETRIC_REPRESENTATION_CONTEXT(2) 
PARAMETRIC_REPRESENTATION_CONTEXT() REPRESENTATION_CONTEXT('2D SPACE',''
  ) );
#4719 = PCURVE('',#4480,#4720);
#4720 = DEFINITIONAL_REPRESENTATION('',(#4721),#4725);
#4721 = LINE('',#4722,#4723);
#4722 = CARTESIAN_POINT('',(0.,0.));
#4723 = VECTOR('',#4724,1.);
#4724 = DIRECTION('',(0.,1.));
#4725 = ( GEOMETRIC_REPRESENTATION_CONTEXT(2) 
PARAMETRIC_REPRESENTATION_CONTEXT() REPRESENTATION_CONTEXT('2D SPACE',''
  ) );
#4726 = ORIENTED_EDGE('',*,*,#4727,.F.);
#4727 = EDGE_CURVE('',#4728,#4705,#4730,.T.);
#4728 = VERTEX_POINT('',#4729);
#4729 = CARTESIAN_POINT('',(24.6,-0.85,174.3));
#4730 = SURFACE_CURVE('',#4731,(#4735,#4742),.PCURVE_S1.);
#4731 = LINE('',#4732,#4733);
#4732 = CARTESIAN_POINT('',(24.6,-0.85,174.3));
#4733 = VECTOR('',#4734,1.);
#4734 = DIRECTION('',(0.,1.110223024625E-16,-1.));
#4735 = PCURVE('',#3239,#4736);
#4736 = DEFINITIONAL_REPRESENTATION('',(#4737),#4741);
#4737 = LINE('',#4738,#4739);
#4738 = CARTESIAN_POINT('',(0.,0.));
#4739 = VECTOR('',#4740,1.);
#4740 = DIRECTION('',(0.,1.));
#4741 = ( GEOMETRIC_REPRESENTATION_CONTEXT(2) 
PARAMETRIC_REPRESENTATION_CONTEXT() REPRESENTATION_CONTEXT('2D SPACE',''
  ) );
#4742 = PCURVE('',#4508,#4743);
#4743 = DEFINITIONAL_REPRESENTATION('',(#4744),#4748);
#4744 = LINE('',#4745,#4746);
#4745 = CARTESIAN_POINT('',(0.,0.));
#4746 = VECTOR('',#4747,1.);
#4747 = DIRECTION('',(0.,-1.));
#4748 = ( GEOMETRIC_REPRESENTATION_CONTEXT(2) 
PARAMETRIC_REPRESENTATION_CONTEXT() REPRESENTATION_CONTEXT('2D SPACE',''
  ) );
#4749 = ORIENTED_EDGE('',*,*,#4750,.T.);
#4750 = EDGE_CURVE('',#4728,#4652,#4751,.T.);
#4751 = SURFACE_CURVE('',#4752,(#4756,#4763),.PCURVE_S1.);
#4752 = LINE('',#4753,#4754);
#4753 = CARTESIAN_POINT('',(24.6,-0.85,174.3));
#4754 = VECTOR('',#4755,1.);
#4755 = DIRECTION('',(1.,0.,0.));
#4756 = PCURVE('',#3239,#4757);
#4757 = DEFINITIONAL_REPRESENTATION('',(#4758),#4762);
#4758 = LINE('',#4759,#4760);
#4759 = CARTESIAN_POINT('',(0.,0.));
#4760 = VECTOR('',#4761,1.);
#4761 = DIRECTION('',(1.,0.));
#4762 = ( GEOMETRIC_REPRESENTATION_CONTEXT(2) 
PARAMETRIC_REPRESENTATION_CONTEXT() REPRESENTATION_CONTEXT('2D SPACE',''
  ) );
#4763 = PCURVE('',#4536,#4764);
#4764 = DEFINITIONAL_REPRESENTATION('',(#4765),#4769);
#4765 = LINE('',#4766,#4767);
#4766 = CARTESIAN_POINT('',(0.,0.));
#4767 = VECTOR('',#4768,1.);
#4768 = DIRECTION('',(0.,1.));
#4769 = ( GEOMETRIC_REPRESENTATION_CONTEXT(2) 
PARAMETRIC_REPRESENTATION_CONTEXT() REPRESENTATION_CONTEXT('2D SPACE',''
  ) );
#4770 = ORIENTED_EDGE('',*,*,#4680,.T.);
#4771 = ORIENTED_EDGE('',*,*,#3224,.F.);
#4772 = ORIENTED_EDGE('',*,*,#4596,.F.);
#4773 = ADVANCED_FACE('',(#4774),#3316,.F.);
#4774 = FACE_BOUND('',#4775,.F.);
#4775 = EDGE_LOOP('',(#4776,#4777,#4798,#4827,#4850,#4872,#4873,#4897,
    #4916,#4917,#4938,#4967));
#4776 = ORIENTED_EDGE('',*,*,#3297,.F.);
#4777 = ORIENTED_EDGE('',*,*,#4778,.F.);
#4778 = EDGE_CURVE('',#4779,#3298,#4781,.T.);
#4779 = VERTEX_POINT('',#4780);
#4780 = CARTESIAN_POINT('',(-39.2,-5.280625,189.75276882553));
#4781 = SURFACE_CURVE('',#4782,(#4786,#4792),.PCURVE_S1.);
#4782 = LINE('',#4783,#4784);
#4783 = CARTESIAN_POINT('',(-29.,-5.280625,189.75276882553));
#4784 = VECTOR('',#4785,1.);
#4785 = DIRECTION('',(-1.,0.,0.));
#4786 = PCURVE('',#3316,#4787);
#4787 = DEFINITIONAL_REPRESENTATION('',(#4788),#4791);
#4788 = B_SPLINE_CURVE_WITH_KNOTS('',1,(#4789,#4790),.UNSPECIFIED.,.F.,
  .F.,(2,2),(10.1999994,15.2000006),.PIECEWISE_BEZIER_KNOTS.);
#4789 = CARTESIAN_POINT('',(8.553233143073E-02,10.1999994));
#4790 = CARTESIAN_POINT('',(8.553233143073E-02,15.2000006));
#4791 = ( GEOMETRIC_REPRESENTATION_CONTEXT(2) 
PARAMETRIC_REPRESENTATION_CONTEXT() REPRESENTATION_CONTEXT('2D SPACE',''
  ) );
#4792 = PCURVE('',#3345,#4793);
#4793 = DEFINITIONAL_REPRESENTATION('',(#4794),#4797);
#4794 = B_SPLINE_CURVE_WITH_KNOTS('',1,(#4795,#4796),.UNSPECIFIED.,.F.,
  .F.,(2,2),(10.1999994,15.2000006),.PIECEWISE_BEZIER_KNOTS.);
#4795 = CARTESIAN_POINT('',(2.579841322799,-5.999999999062E-07));
#4796 = CARTESIAN_POINT('',(2.579841322799,5.0000006));
#4797 = ( GEOMETRIC_REPRESENTATION_CONTEXT(2) 
PARAMETRIC_REPRESENTATION_CONTEXT() REPRESENTATION_CONTEXT('2D SPACE',''
  ) );
#4798 = ORIENTED_EDGE('',*,*,#4799,.F.);
#4799 = EDGE_CURVE('',#4800,#4779,#4802,.T.);
#4800 = VERTEX_POINT('',#4801);
#4801 = CARTESIAN_POINT('',(-39.2,-5.3,189.3));
#4802 = SURFACE_CURVE('',#4803,(#4808,#4815),.PCURVE_S1.);
#4803 = CIRCLE('',#4804,5.3);
#4804 = AXIS2_PLACEMENT_3D('',#4805,#4806,#4807);
#4805 = CARTESIAN_POINT('',(-39.2,-8.804068585277E-15,189.3));
#4806 = DIRECTION('',(-1.,0.,-0.));
#4807 = DIRECTION('',(0.,-1.,-1.110223024625E-16));
#4808 = PCURVE('',#3316,#4809);
#4809 = DEFINITIONAL_REPRESENTATION('',(#4810),#4814);
#4810 = LINE('',#4811,#4812);
#4811 = CARTESIAN_POINT('',(0.,10.2));
#4812 = VECTOR('',#4813,1.);
#4813 = DIRECTION('',(1.,0.));
#4814 = ( GEOMETRIC_REPRESENTATION_CONTEXT(2) 
PARAMETRIC_REPRESENTATION_CONTEXT() REPRESENTATION_CONTEXT('2D SPACE',''
  ) );
#4815 = PCURVE('',#4816,#4821);
#4816 = PLANE('',#4817);
#4817 = AXIS2_PLACEMENT_3D('',#4818,#4819,#4820);
#4818 = CARTESIAN_POINT('',(-39.2,-6.,189.3));
#4819 = DIRECTION('',(-1.,0.,0.));
#4820 = DIRECTION('',(0.,-1.,-1.110223024625E-16));
#4821 = DEFINITIONAL_REPRESENTATION('',(#4822),#4826);
#4822 = CIRCLE('',#4823,5.3);
#4823 = AXIS2_PLACEMENT_2D('',#4824,#4825);
#4824 = CARTESIAN_POINT('',(-6.,0.));
#4825 = DIRECTION('',(1.,0.));
#4826 = ( GEOMETRIC_REPRESENTATION_CONTEXT(2) 
PARAMETRIC_REPRESENTATION_CONTEXT() REPRESENTATION_CONTEXT('2D SPACE',''
  ) );
#4827 = ORIENTED_EDGE('',*,*,#4828,.F.);
#4828 = EDGE_CURVE('',#4829,#4800,#4831,.T.);
#4829 = VERTEX_POINT('',#4830);
#4830 = CARTESIAN_POINT('',(-29.,-5.3,189.3));
#4831 = SEAM_CURVE('',#4832,(#4836,#4843),.PCURVE_S1.);
#4832 = LINE('',#4833,#4834);
#4833 = CARTESIAN_POINT('',(-29.,-5.3,189.3));
#4834 = VECTOR('',#4835,1.);
#4835 = DIRECTION('',(-1.,0.,0.));
#4836 = PCURVE('',#3316,#4837);
#4837 = DEFINITIONAL_REPRESENTATION('',(#4838),#4842);
#4838 = LINE('',#4839,#4840);
#4839 = CARTESIAN_POINT('',(6.28318530718,-0.));
#4840 = VECTOR('',#4841,1.);
#4841 = DIRECTION('',(0.,1.));
#4842 = ( GEOMETRIC_REPRESENTATION_CONTEXT(2) 
PARAMETRIC_REPRESENTATION_CONTEXT() REPRESENTATION_CONTEXT('2D SPACE',''
  ) );
#4843 = PCURVE('',#3316,#4844);
#4844 = DEFINITIONAL_REPRESENTATION('',(#4845),#4849);
#4845 = LINE('',#4846,#4847);
#4846 = CARTESIAN_POINT('',(0.,-0.));
#4847 = VECTOR('',#4848,1.);
#4848 = DIRECTION('',(0.,1.));
#4849 = ( GEOMETRIC_REPRESENTATION_CONTEXT(2) 
PARAMETRIC_REPRESENTATION_CONTEXT() REPRESENTATION_CONTEXT('2D SPACE',''
  ) );
#4850 = ORIENTED_EDGE('',*,*,#4851,.T.);
#4851 = EDGE_CURVE('',#4829,#4829,#4852,.T.);
#4852 = SURFACE_CURVE('',#4853,(#4858,#4865),.PCURVE_S1.);
#4853 = CIRCLE('',#4854,5.3);
#4854 = AXIS2_PLACEMENT_3D('',#4855,#4856,#4857);
#4855 = CARTESIAN_POINT('',(-29.,-8.804068585277E-15,189.3));
#4856 = DIRECTION('',(-1.,0.,-0.));
#4857 = DIRECTION('',(0.,-1.,-1.110223024625E-16));
#4858 = PCURVE('',#3316,#4859);
#4859 = DEFINITIONAL_REPRESENTATION('',(#4860),#4864);
#4860 = LINE('',#4861,#4862);
#4861 = CARTESIAN_POINT('',(0.,0.));
#4862 = VECTOR('',#4863,1.);
#4863 = DIRECTION('',(1.,0.));
#4864 = ( GEOMETRIC_REPRESENTATION_CONTEXT(2) 
PARAMETRIC_REPRESENTATION_CONTEXT() REPRESENTATION_CONTEXT('2D SPACE',''
  ) );
#4865 = PCURVE('',#3837,#4866);
#4866 = DEFINITIONAL_REPRESENTATION('',(#4867),#4871);
#4867 = CIRCLE('',#4868,5.3);
#4868 = AXIS2_PLACEMENT_2D('',#4869,#4870);
#4869 = CARTESIAN_POINT('',(0.,0.));
#4870 = DIRECTION('',(1.,0.));
#4871 = ( GEOMETRIC_REPRESENTATION_CONTEXT(2) 
PARAMETRIC_REPRESENTATION_CONTEXT() REPRESENTATION_CONTEXT('2D SPACE',''
  ) );
#4872 = ORIENTED_EDGE('',*,*,#4828,.T.);
#4873 = ORIENTED_EDGE('',*,*,#4874,.F.);
#4874 = EDGE_CURVE('',#4875,#4800,#4877,.T.);
#4875 = VERTEX_POINT('',#4876);
#4876 = CARTESIAN_POINT('',(-39.2,-5.280625,188.84723117446));
#4877 = SURFACE_CURVE('',#4878,(#4883,#4890),.PCURVE_S1.);
#4878 = CIRCLE('',#4879,5.3);
#4879 = AXIS2_PLACEMENT_3D('',#4880,#4881,#4882);
#4880 = CARTESIAN_POINT('',(-39.2,-8.804068585277E-15,189.3));
#4881 = DIRECTION('',(-1.,0.,-0.));
#4882 = DIRECTION('',(0.,-1.,-1.110223024625E-16));
#4883 = PCURVE('',#3316,#4884);
#4884 = DEFINITIONAL_REPRESENTATION('',(#4885),#4889);
#4885 = LINE('',#4886,#4887);
#4886 = CARTESIAN_POINT('',(0.,10.2));
#4887 = VECTOR('',#4888,1.);
#4888 = DIRECTION('',(1.,0.));
#4889 = ( GEOMETRIC_REPRESENTATION_CONTEXT(2) 
PARAMETRIC_REPRESENTATION_CONTEXT() REPRESENTATION_CONTEXT('2D SPACE',''
  ) );
#4890 = PCURVE('',#4816,#4891);
#4891 = DEFINITIONAL_REPRESENTATION('',(#4892),#4896);
#4892 = CIRCLE('',#4893,5.3);
#4893 = AXIS2_PLACEMENT_2D('',#4894,#4895);
#4894 = CARTESIAN_POINT('',(-6.,0.));
#4895 = DIRECTION('',(1.,0.));
#4896 = ( GEOMETRIC_REPRESENTATION_CONTEXT(2) 
PARAMETRIC_REPRESENTATION_CONTEXT() REPRESENTATION_CONTEXT('2D SPACE',''
  ) );
#4897 = ORIENTED_EDGE('',*,*,#4898,.T.);
#4898 = EDGE_CURVE('',#4875,#3358,#4899,.T.);
#4899 = SURFACE_CURVE('',#4900,(#4904,#4910),.PCURVE_S1.);
#4900 = LINE('',#4901,#4902);
#4901 = CARTESIAN_POINT('',(-29.,-5.280625,188.84723117446));
#4902 = VECTOR('',#4903,1.);
#4903 = DIRECTION('',(-1.,0.,0.));
#4904 = PCURVE('',#3316,#4905);
#4905 = DEFINITIONAL_REPRESENTATION('',(#4906),#4909);
#4906 = B_SPLINE_CURVE_WITH_KNOTS('',1,(#4907,#4908),.UNSPECIFIED.,.F.,
  .F.,(2,2),(10.1999994,15.2000006),.PIECEWISE_BEZIER_KNOTS.);
#4907 = CARTESIAN_POINT('',(6.197652975749,10.1999994));
#4908 = CARTESIAN_POINT('',(6.197652975749,15.2000006));
#4909 = ( GEOMETRIC_REPRESENTATION_CONTEXT(2) 
PARAMETRIC_REPRESENTATION_CONTEXT() REPRESENTATION_CONTEXT('2D SPACE',''
  ) );
#4910 = PCURVE('',#3345,#4911);
#4911 = DEFINITIONAL_REPRESENTATION('',(#4912),#4915);
#4912 = B_SPLINE_CURVE_WITH_KNOTS('',1,(#4913,#4914),.UNSPECIFIED.,.F.,
  .F.,(2,2),(10.1999994,15.2000006),.PIECEWISE_BEZIER_KNOTS.);
#4913 = CARTESIAN_POINT('',(-2.579841322799,-5.999999999062E-07));
#4914 = CARTESIAN_POINT('',(-2.579841322799,5.0000006));
#4915 = ( GEOMETRIC_REPRESENTATION_CONTEXT(2) 
PARAMETRIC_REPRESENTATION_CONTEXT() REPRESENTATION_CONTEXT('2D SPACE',''
  ) );
#4916 = ORIENTED_EDGE('',*,*,#3381,.F.);
#4917 = ORIENTED_EDGE('',*,*,#4918,.F.);
#4918 = EDGE_CURVE('',#4919,#3382,#4921,.T.);
#4919 = VERTEX_POINT('',#4920);
#4920 = CARTESIAN_POINT('',(-39.2,5.280625,188.84723117446));
#4921 = SURFACE_CURVE('',#4922,(#4926,#4932),.PCURVE_S1.);
#4922 = LINE('',#4923,#4924);
#4923 = CARTESIAN_POINT('',(-29.,5.280625,188.84723117446));
#4924 = VECTOR('',#4925,1.);
#4925 = DIRECTION('',(-1.,0.,0.));
#4926 = PCURVE('',#3316,#4927);
#4927 = DEFINITIONAL_REPRESENTATION('',(#4928),#4931);
#4928 = B_SPLINE_CURVE_WITH_KNOTS('',1,(#4929,#4930),.UNSPECIFIED.,.F.,
  .F.,(2,2),(10.1999994,15.2000006),.PIECEWISE_BEZIER_KNOTS.);
#4929 = CARTESIAN_POINT('',(3.227124985021,10.1999994));
#4930 = CARTESIAN_POINT('',(3.227124985021,15.2000006));
#4931 = ( GEOMETRIC_REPRESENTATION_CONTEXT(2) 
PARAMETRIC_REPRESENTATION_CONTEXT() REPRESENTATION_CONTEXT('2D SPACE',''
  ) );
#4932 = PCURVE('',#3420,#4933);
#4933 = DEFINITIONAL_REPRESENTATION('',(#4934),#4937);
#4934 = B_SPLINE_CURVE_WITH_KNOTS('',1,(#4935,#4936),.UNSPECIFIED.,.F.,
  .F.,(2,2),(10.1999994,15.2000006),.PIECEWISE_BEZIER_KNOTS.);
#4935 = CARTESIAN_POINT('',(5.721433976388,-5.999999999062E-07));
#4936 = CARTESIAN_POINT('',(5.721433976388,5.0000006));
#4937 = ( GEOMETRIC_REPRESENTATION_CONTEXT(2) 
PARAMETRIC_REPRESENTATION_CONTEXT() REPRESENTATION_CONTEXT('2D SPACE',''
  ) );
#4938 = ORIENTED_EDGE('',*,*,#4939,.F.);
#4939 = EDGE_CURVE('',#4919,#4940,#4942,.T.);
#4940 = VERTEX_POINT('',#4941);
#4941 = CARTESIAN_POINT('',(-39.2,5.280625,189.75276882553));
#4942 = SURFACE_CURVE('',#4943,(#4948,#4955),.PCURVE_S1.);
#4943 = CIRCLE('',#4944,5.3);
#4944 = AXIS2_PLACEMENT_3D('',#4945,#4946,#4947);
#4945 = CARTESIAN_POINT('',(-39.2,-8.804068585277E-15,189.3));
#4946 = DIRECTION('',(-1.,0.,-0.));
#4947 = DIRECTION('',(0.,-1.,-1.110223024625E-16));
#4948 = PCURVE('',#3316,#4949);
#4949 = DEFINITIONAL_REPRESENTATION('',(#4950),#4954);
#4950 = LINE('',#4951,#4952);
#4951 = CARTESIAN_POINT('',(0.,10.2));
#4952 = VECTOR('',#4953,1.);
#4953 = DIRECTION('',(1.,0.));
#4954 = ( GEOMETRIC_REPRESENTATION_CONTEXT(2) 
PARAMETRIC_REPRESENTATION_CONTEXT() REPRESENTATION_CONTEXT('2D SPACE',''
  ) );
#4955 = PCURVE('',#4956,#4961);
#4956 = PLANE('',#4957);
#4957 = AXIS2_PLACEMENT_3D('',#4958,#4959,#4960);
#4958 = CARTESIAN_POINT('',(-39.2,6.,189.3));
#4959 = DIRECTION('',(-1.,0.,0.));
#4960 = DIRECTION('',(0.,-1.,-1.110223024625E-16));
#4961 = DEFINITIONAL_REPRESENTATION('',(#4962),#4966);
#4962 = CIRCLE('',#4963,5.3);
#4963 = AXIS2_PLACEMENT_2D('',#4964,#4965);
#4964 = CARTESIAN_POINT('',(6.,0.));
#4965 = DIRECTION('',(1.,0.));
#4966 = ( GEOMETRIC_REPRESENTATION_CONTEXT(2) 
PARAMETRIC_REPRESENTATION_CONTEXT() REPRESENTATION_CONTEXT('2D SPACE',''
  ) );
#4967 = ORIENTED_EDGE('',*,*,#4968,.T.);
#4968 = EDGE_CURVE('',#4940,#3300,#4969,.T.);
#4969 = SURFACE_CURVE('',#4970,(#4974,#4980),.PCURVE_S1.);
#4970 = LINE('',#4971,#4972);
#4971 = CARTESIAN_POINT('',(-29.,5.280625,189.75276882553));
#4972 = VECTOR('',#4973,1.);
#4973 = DIRECTION('',(-1.,0.,0.));
#4974 = PCURVE('',#3316,#4975);
#4975 = DEFINITIONAL_REPRESENTATION('',(#4976),#4979);
#4976 = B_SPLINE_CURVE_WITH_KNOTS('',1,(#4977,#4978),.UNSPECIFIED.,.F.,
  .F.,(2,2),(10.1999994,15.2000006),.PIECEWISE_BEZIER_KNOTS.);
#4977 = CARTESIAN_POINT('',(3.056060322159,10.1999994));
#4978 = CARTESIAN_POINT('',(3.056060322159,15.2000006));
#4979 = ( GEOMETRIC_REPRESENTATION_CONTEXT(2) 
PARAMETRIC_REPRESENTATION_CONTEXT() REPRESENTATION_CONTEXT('2D SPACE',''
  ) );
#4980 = PCURVE('',#3420,#4981);
#4981 = DEFINITIONAL_REPRESENTATION('',(#4982),#4985);
#4982 = B_SPLINE_CURVE_WITH_KNOTS('',1,(#4983,#4984),.UNSPECIFIED.,.F.,
  .F.,(2,2),(10.1999994,15.2000006),.PIECEWISE_BEZIER_KNOTS.);
#4983 = CARTESIAN_POINT('',(0.561751330791,-5.999999999062E-07));
#4984 = CARTESIAN_POINT('',(0.561751330791,5.0000006));
#4985 = ( GEOMETRIC_REPRESENTATION_CONTEXT(2) 
PARAMETRIC_REPRESENTATION_CONTEXT() REPRESENTATION_CONTEXT('2D SPACE',''
  ) );
#4986 = ADVANCED_FACE('',(#4987),#3420,.F.);
#4987 = FACE_BOUND('',#4988,.F.);
#4988 = EDGE_LOOP('',(#4989,#4990,#5012,#5013));
#4989 = ORIENTED_EDGE('',*,*,#4968,.F.);
#4990 = ORIENTED_EDGE('',*,*,#4991,.T.);
#4991 = EDGE_CURVE('',#4940,#4919,#4992,.T.);
#4992 = SURFACE_CURVE('',#4993,(#4998,#5005),.PCURVE_S1.);
#4993 = CIRCLE('',#4994,0.85);
#4994 = AXIS2_PLACEMENT_3D('',#4995,#4996,#4997);
#4995 = CARTESIAN_POINT('',(-39.2,6.,189.3));
#4996 = DIRECTION('',(-1.,0.,-0.));
#4997 = DIRECTION('',(0.,-1.,-1.110223024625E-16));
#4998 = PCURVE('',#3420,#4999);
#4999 = DEFINITIONAL_REPRESENTATION('',(#5000),#5004);
#5000 = LINE('',#5001,#5002);
#5001 = CARTESIAN_POINT('',(0.,0.));
#5002 = VECTOR('',#5003,1.);
#5003 = DIRECTION('',(1.,0.));
#5004 = ( GEOMETRIC_REPRESENTATION_CONTEXT(2) 
PARAMETRIC_REPRESENTATION_CONTEXT() REPRESENTATION_CONTEXT('2D SPACE',''
  ) );
#5005 = PCURVE('',#4956,#5006);
#5006 = DEFINITIONAL_REPRESENTATION('',(#5007),#5011);
#5007 = CIRCLE('',#5008,0.85);
#5008 = AXIS2_PLACEMENT_2D('',#5009,#5010);
#5009 = CARTESIAN_POINT('',(0.,0.));
#5010 = DIRECTION('',(1.,0.));
#5011 = ( GEOMETRIC_REPRESENTATION_CONTEXT(2) 
PARAMETRIC_REPRESENTATION_CONTEXT() REPRESENTATION_CONTEXT('2D SPACE',''
  ) );
#5012 = ORIENTED_EDGE('',*,*,#4918,.T.);
#5013 = ORIENTED_EDGE('',*,*,#3405,.F.);
#5014 = ADVANCED_FACE('',(#5015),#3345,.F.);
#5015 = FACE_BOUND('',#5016,.F.);
#5016 = EDGE_LOOP('',(#5017,#5018,#5019,#5020,#5021,#5045));
#5017 = ORIENTED_EDGE('',*,*,#4778,.T.);
#5018 = ORIENTED_EDGE('',*,*,#3328,.F.);
#5019 = ORIENTED_EDGE('',*,*,#3357,.F.);
#5020 = ORIENTED_EDGE('',*,*,#4898,.F.);
#5021 = ORIENTED_EDGE('',*,*,#5022,.T.);
#5022 = EDGE_CURVE('',#4875,#5023,#5025,.T.);
#5023 = VERTEX_POINT('',#5024);
#5024 = CARTESIAN_POINT('',(-39.2,-6.85,189.3));
#5025 = SURFACE_CURVE('',#5026,(#5031,#5038),.PCURVE_S1.);
#5026 = CIRCLE('',#5027,0.85);
#5027 = AXIS2_PLACEMENT_3D('',#5028,#5029,#5030);
#5028 = CARTESIAN_POINT('',(-39.2,-6.,189.3));
#5029 = DIRECTION('',(-1.,0.,-0.));
#5030 = DIRECTION('',(0.,-1.,-1.110223024625E-16));
#5031 = PCURVE('',#3345,#5032);
#5032 = DEFINITIONAL_REPRESENTATION('',(#5033),#5037);
#5033 = LINE('',#5034,#5035);
#5034 = CARTESIAN_POINT('',(-6.28318530718,0.));
#5035 = VECTOR('',#5036,1.);
#5036 = DIRECTION('',(1.,0.));
#5037 = ( GEOMETRIC_REPRESENTATION_CONTEXT(2) 
PARAMETRIC_REPRESENTATION_CONTEXT() REPRESENTATION_CONTEXT('2D SPACE',''
  ) );
#5038 = PCURVE('',#4816,#5039);
#5039 = DEFINITIONAL_REPRESENTATION('',(#5040),#5044);
#5040 = CIRCLE('',#5041,0.85);
#5041 = AXIS2_PLACEMENT_2D('',#5042,#5043);
#5042 = CARTESIAN_POINT('',(0.,0.));
#5043 = DIRECTION('',(1.,0.));
#5044 = ( GEOMETRIC_REPRESENTATION_CONTEXT(2) 
PARAMETRIC_REPRESENTATION_CONTEXT() REPRESENTATION_CONTEXT('2D SPACE',''
  ) );
#5045 = ORIENTED_EDGE('',*,*,#5046,.T.);
#5046 = EDGE_CURVE('',#5023,#4779,#5047,.T.);
#5047 = SURFACE_CURVE('',#5048,(#5053,#5060),.PCURVE_S1.);
#5048 = CIRCLE('',#5049,0.85);
#5049 = AXIS2_PLACEMENT_3D('',#5050,#5051,#5052);
#5050 = CARTESIAN_POINT('',(-39.2,-6.,189.3));
#5051 = DIRECTION('',(-1.,0.,-0.));
#5052 = DIRECTION('',(0.,-1.,-1.110223024625E-16));
#5053 = PCURVE('',#3345,#5054);
#5054 = DEFINITIONAL_REPRESENTATION('',(#5055),#5059);
#5055 = LINE('',#5056,#5057);
#5056 = CARTESIAN_POINT('',(0.,0.));
#5057 = VECTOR('',#5058,1.);
#5058 = DIRECTION('',(1.,0.));
#5059 = ( GEOMETRIC_REPRESENTATION_CONTEXT(2) 
PARAMETRIC_REPRESENTATION_CONTEXT() REPRESENTATION_CONTEXT('2D SPACE',''
  ) );
#5060 = PCURVE('',#4816,#5061);
#5061 = DEFINITIONAL_REPRESENTATION('',(#5062),#5066);
#5062 = CIRCLE('',#5063,0.85);
#5063 = AXIS2_PLACEMENT_2D('',#5064,#5065);
#5064 = CARTESIAN_POINT('',(0.,0.));
#5065 = DIRECTION('',(1.,0.));
#5066 = ( GEOMETRIC_REPRESENTATION_CONTEXT(2) 
PARAMETRIC_REPRESENTATION_CONTEXT() REPRESENTATION_CONTEXT('2D SPACE',''
  ) );
#5067 = ADVANCED_FACE('',(#5068),#3511,.F.);
#5068 = FACE_BOUND('',#5069,.F.);
#5069 = EDGE_LOOP('',(#5070,#5093,#5094,#5117));
#5070 = ORIENTED_EDGE('',*,*,#5071,.T.);
#5071 = EDGE_CURVE('',#5072,#3491,#5074,.T.);
#5072 = VERTEX_POINT('',#5073);
#5073 = CARTESIAN_POINT('',(-24.7,-0.85,144.3));
#5074 = SURFACE_CURVE('',#5075,(#5079,#5086),.PCURVE_S1.);
#5075 = LINE('',#5076,#5077);
#5076 = CARTESIAN_POINT('',(-24.7,-0.85,144.3));
#5077 = VECTOR('',#5078,1.);
#5078 = DIRECTION('',(-1.,0.,0.));
#5079 = PCURVE('',#3511,#5080);
#5080 = DEFINITIONAL_REPRESENTATION('',(#5081),#5085);
#5081 = LINE('',#5082,#5083);
#5082 = CARTESIAN_POINT('',(6.28318530718,-0.));
#5083 = VECTOR('',#5084,1.);
#5084 = DIRECTION('',(0.,1.));
#5085 = ( GEOMETRIC_REPRESENTATION_CONTEXT(2) 
PARAMETRIC_REPRESENTATION_CONTEXT() REPRESENTATION_CONTEXT('2D SPACE',''
  ) );
#5086 = PCURVE('',#3538,#5087);
#5087 = DEFINITIONAL_REPRESENTATION('',(#5088),#5092);
#5088 = LINE('',#5089,#5090);
#5089 = CARTESIAN_POINT('',(10.,2.));
#5090 = VECTOR('',#5091,1.);
#5091 = DIRECTION('',(-1.,0.));
#5092 = ( GEOMETRIC_REPRESENTATION_CONTEXT(2) 
PARAMETRIC_REPRESENTATION_CONTEXT() REPRESENTATION_CONTEXT('2D SPACE',''
  ) );
#5093 = ORIENTED_EDGE('',*,*,#3488,.F.);
#5094 = ORIENTED_EDGE('',*,*,#5095,.T.);
#5095 = EDGE_CURVE('',#3489,#5096,#5098,.T.);
#5096 = VERTEX_POINT('',#5097);
#5097 = CARTESIAN_POINT('',(-24.7,0.85,144.3));
#5098 = SURFACE_CURVE('',#5099,(#5103,#5110),.PCURVE_S1.);
#5099 = LINE('',#5100,#5101);
#5100 = CARTESIAN_POINT('',(-34.7,0.85,144.3));
#5101 = VECTOR('',#5102,1.);
#5102 = DIRECTION('',(1.,0.,0.));
#5103 = PCURVE('',#3511,#5104);
#5104 = DEFINITIONAL_REPRESENTATION('',(#5105),#5109);
#5105 = LINE('',#5106,#5107);
#5106 = CARTESIAN_POINT('',(3.14159265359,10.));
#5107 = VECTOR('',#5108,1.);
#5108 = DIRECTION('',(0.,-1.));
#5109 = ( GEOMETRIC_REPRESENTATION_CONTEXT(2) 
PARAMETRIC_REPRESENTATION_CONTEXT() REPRESENTATION_CONTEXT('2D SPACE',''
  ) );
#5110 = PCURVE('',#3595,#5111);
#5111 = DEFINITIONAL_REPRESENTATION('',(#5112),#5116);
#5112 = LINE('',#5113,#5114);
#5113 = CARTESIAN_POINT('',(0.,2.));
#5114 = VECTOR('',#5115,1.);
#5115 = DIRECTION('',(1.,0.));
#5116 = ( GEOMETRIC_REPRESENTATION_CONTEXT(2) 
PARAMETRIC_REPRESENTATION_CONTEXT() REPRESENTATION_CONTEXT('2D SPACE',''
  ) );
#5117 = ORIENTED_EDGE('',*,*,#5118,.T.);
#5118 = EDGE_CURVE('',#5096,#5072,#5119,.T.);
#5119 = SURFACE_CURVE('',#5120,(#5125,#5132),.PCURVE_S1.);
#5120 = CIRCLE('',#5121,0.85);
#5121 = AXIS2_PLACEMENT_3D('',#5122,#5123,#5124);
#5122 = CARTESIAN_POINT('',(-24.7,-3.808064974464E-15,144.3));
#5123 = DIRECTION('',(-1.,0.,-0.));
#5124 = DIRECTION('',(0.,-1.,-1.110223024625E-16));
#5125 = PCURVE('',#3511,#5126);
#5126 = DEFINITIONAL_REPRESENTATION('',(#5127),#5131);
#5127 = LINE('',#5128,#5129);
#5128 = CARTESIAN_POINT('',(0.,0.));
#5129 = VECTOR('',#5130,1.);
#5130 = DIRECTION('',(1.,0.));
#5131 = ( GEOMETRIC_REPRESENTATION_CONTEXT(2) 
PARAMETRIC_REPRESENTATION_CONTEXT() REPRESENTATION_CONTEXT('2D SPACE',''
  ) );
#5132 = PCURVE('',#5133,#5138);
#5133 = PLANE('',#5134);
#5134 = AXIS2_PLACEMENT_3D('',#5135,#5136,#5137);
#5135 = CARTESIAN_POINT('',(-24.7,-3.808064974464E-15,144.3));
#5136 = DIRECTION('',(-1.,0.,0.));
#5137 = DIRECTION('',(0.,-1.,-1.110223024625E-16));
#5138 = DEFINITIONAL_REPRESENTATION('',(#5139),#5143);
#5139 = CIRCLE('',#5140,0.85);
#5140 = AXIS2_PLACEMENT_2D('',#5141,#5142);
#5141 = CARTESIAN_POINT('',(0.,0.));
#5142 = DIRECTION('',(1.,0.));
#5143 = ( GEOMETRIC_REPRESENTATION_CONTEXT(2) 
PARAMETRIC_REPRESENTATION_CONTEXT() REPRESENTATION_CONTEXT('2D SPACE',''
  ) );
#5144 = ADVANCED_FACE('',(#5145),#3595,.F.);
#5145 = FACE_BOUND('',#5146,.F.);
#5146 = EDGE_LOOP('',(#5147,#5148,#5149,#5172,#5200,#5228));
#5147 = ORIENTED_EDGE('',*,*,#5095,.F.);
#5148 = ORIENTED_EDGE('',*,*,#3582,.T.);
#5149 = ORIENTED_EDGE('',*,*,#5150,.T.);
#5150 = EDGE_CURVE('',#3550,#5151,#5153,.T.);
#5151 = VERTEX_POINT('',#5152);
#5152 = CARTESIAN_POINT('',(-24.7,0.85,146.3));
#5153 = SURFACE_CURVE('',#5154,(#5158,#5165),.PCURVE_S1.);
#5154 = LINE('',#5155,#5156);
#5155 = CARTESIAN_POINT('',(-34.7,0.85,146.3));
#5156 = VECTOR('',#5157,1.);
#5157 = DIRECTION('',(1.,0.,0.));
#5158 = PCURVE('',#3595,#5159);
#5159 = DEFINITIONAL_REPRESENTATION('',(#5160),#5164);
#5160 = LINE('',#5161,#5162);
#5161 = CARTESIAN_POINT('',(0.,0.));
#5162 = VECTOR('',#5163,1.);
#5163 = DIRECTION('',(1.,0.));
#5164 = ( GEOMETRIC_REPRESENTATION_CONTEXT(2) 
PARAMETRIC_REPRESENTATION_CONTEXT() REPRESENTATION_CONTEXT('2D SPACE',''
  ) );
#5165 = PCURVE('',#3570,#5166);
#5166 = DEFINITIONAL_REPRESENTATION('',(#5167),#5171);
#5167 = LINE('',#5168,#5169);
#5168 = CARTESIAN_POINT('',(3.14159265359,10.));
#5169 = VECTOR('',#5170,1.);
#5170 = DIRECTION('',(0.,-1.));
#5171 = ( GEOMETRIC_REPRESENTATION_CONTEXT(2) 
PARAMETRIC_REPRESENTATION_CONTEXT() REPRESENTATION_CONTEXT('2D SPACE',''
  ) );
#5172 = ORIENTED_EDGE('',*,*,#5173,.T.);
#5173 = EDGE_CURVE('',#5151,#5174,#5176,.T.);
#5174 = VERTEX_POINT('',#5175);
#5175 = CARTESIAN_POINT('',(-24.6,0.85,146.3));
#5176 = SURFACE_CURVE('',#5177,(#5181,#5188),.PCURVE_S1.);
#5177 = LINE('',#5178,#5179);
#5178 = CARTESIAN_POINT('',(-34.7,0.85,146.3));
#5179 = VECTOR('',#5180,1.);
#5180 = DIRECTION('',(1.,0.,0.));
#5181 = PCURVE('',#3595,#5182);
#5182 = DEFINITIONAL_REPRESENTATION('',(#5183),#5187);
#5183 = LINE('',#5184,#5185);
#5184 = CARTESIAN_POINT('',(0.,0.));
#5185 = VECTOR('',#5186,1.);
#5186 = DIRECTION('',(1.,0.));
#5187 = ( GEOMETRIC_REPRESENTATION_CONTEXT(2) 
PARAMETRIC_REPRESENTATION_CONTEXT() REPRESENTATION_CONTEXT('2D SPACE',''
  ) );
#5188 = PCURVE('',#5189,#5194);
#5189 = PLANE('',#5190);
#5190 = AXIS2_PLACEMENT_3D('',#5191,#5192,#5193);
#5191 = CARTESIAN_POINT('',(-34.7,-0.85,146.3));
#5192 = DIRECTION('',(0.,1.110223024625E-16,-1.));
#5193 = DIRECTION('',(0.,1.,1.110223024625E-16));
#5194 = DEFINITIONAL_REPRESENTATION('',(#5195),#5199);
#5195 = LINE('',#5196,#5197);
#5196 = CARTESIAN_POINT('',(1.7,0.));
#5197 = VECTOR('',#5198,1.);
#5198 = DIRECTION('',(0.,1.));
#5199 = ( GEOMETRIC_REPRESENTATION_CONTEXT(2) 
PARAMETRIC_REPRESENTATION_CONTEXT() REPRESENTATION_CONTEXT('2D SPACE',''
  ) );
#5200 = ORIENTED_EDGE('',*,*,#5201,.T.);
#5201 = EDGE_CURVE('',#5174,#5202,#5204,.T.);
#5202 = VERTEX_POINT('',#5203);
#5203 = CARTESIAN_POINT('',(-24.6,0.85,144.3));
#5204 = SURFACE_CURVE('',#5205,(#5209,#5216),.PCURVE_S1.);
#5205 = LINE('',#5206,#5207);
#5206 = CARTESIAN_POINT('',(-24.6,0.85,146.3));
#5207 = VECTOR('',#5208,1.);
#5208 = DIRECTION('',(0.,1.110223024625E-16,-1.));
#5209 = PCURVE('',#3595,#5210);
#5210 = DEFINITIONAL_REPRESENTATION('',(#5211),#5215);
#5211 = LINE('',#5212,#5213);
#5212 = CARTESIAN_POINT('',(10.1,0.));
#5213 = VECTOR('',#5214,1.);
#5214 = DIRECTION('',(0.,1.));
#5215 = ( GEOMETRIC_REPRESENTATION_CONTEXT(2) 
PARAMETRIC_REPRESENTATION_CONTEXT() REPRESENTATION_CONTEXT('2D SPACE',''
  ) );
#5216 = PCURVE('',#5217,#5222);
#5217 = PLANE('',#5218);
#5218 = AXIS2_PLACEMENT_3D('',#5219,#5220,#5221);
#5219 = CARTESIAN_POINT('',(-24.6,-0.85,146.3));
#5220 = DIRECTION('',(1.,0.,0.));
#5221 = DIRECTION('',(0.,1.,1.110223024625E-16));
#5222 = DEFINITIONAL_REPRESENTATION('',(#5223),#5227);
#5223 = LINE('',#5224,#5225);
#5224 = CARTESIAN_POINT('',(1.7,0.));
#5225 = VECTOR('',#5226,1.);
#5226 = DIRECTION('',(0.,-1.));
#5227 = ( GEOMETRIC_REPRESENTATION_CONTEXT(2) 
PARAMETRIC_REPRESENTATION_CONTEXT() REPRESENTATION_CONTEXT('2D SPACE',''
  ) );
#5228 = ORIENTED_EDGE('',*,*,#5229,.F.);
#5229 = EDGE_CURVE('',#5096,#5202,#5230,.T.);
#5230 = SURFACE_CURVE('',#5231,(#5235,#5242),.PCURVE_S1.);
#5231 = LINE('',#5232,#5233);
#5232 = CARTESIAN_POINT('',(-34.7,0.85,144.3));
#5233 = VECTOR('',#5234,1.);
#5234 = DIRECTION('',(1.,0.,0.));
#5235 = PCURVE('',#3595,#5236);
#5236 = DEFINITIONAL_REPRESENTATION('',(#5237),#5241);
#5237 = LINE('',#5238,#5239);
#5238 = CARTESIAN_POINT('',(0.,2.));
#5239 = VECTOR('',#5240,1.);
#5240 = DIRECTION('',(1.,0.));
#5241 = ( GEOMETRIC_REPRESENTATION_CONTEXT(2) 
PARAMETRIC_REPRESENTATION_CONTEXT() REPRESENTATION_CONTEXT('2D SPACE',''
  ) );
#5242 = PCURVE('',#5243,#5248);
#5243 = PLANE('',#5244);
#5244 = AXIS2_PLACEMENT_3D('',#5245,#5246,#5247);
#5245 = CARTESIAN_POINT('',(-34.7,-0.85,144.3));
#5246 = DIRECTION('',(0.,1.110223024625E-16,-1.));
#5247 = DIRECTION('',(0.,1.,1.110223024625E-16));
#5248 = DEFINITIONAL_REPRESENTATION('',(#5249),#5253);
#5249 = LINE('',#5250,#5251);
#5250 = CARTESIAN_POINT('',(1.7,0.));
#5251 = VECTOR('',#5252,1.);
#5252 = DIRECTION('',(0.,1.));
#5253 = ( GEOMETRIC_REPRESENTATION_CONTEXT(2) 
PARAMETRIC_REPRESENTATION_CONTEXT() REPRESENTATION_CONTEXT('2D SPACE',''
  ) );
#5254 = ADVANCED_FACE('',(#5255),#3570,.F.);
#5255 = FACE_BOUND('',#5256,.F.);
#5256 = EDGE_LOOP('',(#5257,#5258,#5281,#5308));
#5257 = ORIENTED_EDGE('',*,*,#3549,.F.);
#5258 = ORIENTED_EDGE('',*,*,#5259,.F.);
#5259 = EDGE_CURVE('',#5260,#3524,#5262,.T.);
#5260 = VERTEX_POINT('',#5261);
#5261 = CARTESIAN_POINT('',(-24.7,-0.85,146.3));
#5262 = SURFACE_CURVE('',#5263,(#5267,#5274),.PCURVE_S1.);
#5263 = LINE('',#5264,#5265);
#5264 = CARTESIAN_POINT('',(-24.7,-0.85,146.3));
#5265 = VECTOR('',#5266,1.);
#5266 = DIRECTION('',(-1.,0.,0.));
#5267 = PCURVE('',#3570,#5268);
#5268 = DEFINITIONAL_REPRESENTATION('',(#5269),#5273);
#5269 = LINE('',#5270,#5271);
#5270 = CARTESIAN_POINT('',(0.,-0.));
#5271 = VECTOR('',#5272,1.);
#5272 = DIRECTION('',(0.,1.));
#5273 = ( GEOMETRIC_REPRESENTATION_CONTEXT(2) 
PARAMETRIC_REPRESENTATION_CONTEXT() REPRESENTATION_CONTEXT('2D SPACE',''
  ) );
#5274 = PCURVE('',#3538,#5275);
#5275 = DEFINITIONAL_REPRESENTATION('',(#5276),#5280);
#5276 = LINE('',#5277,#5278);
#5277 = CARTESIAN_POINT('',(10.,0.));
#5278 = VECTOR('',#5279,1.);
#5279 = DIRECTION('',(-1.,0.));
#5280 = ( GEOMETRIC_REPRESENTATION_CONTEXT(2) 
PARAMETRIC_REPRESENTATION_CONTEXT() REPRESENTATION_CONTEXT('2D SPACE',''
  ) );
#5281 = ORIENTED_EDGE('',*,*,#5282,.T.);
#5282 = EDGE_CURVE('',#5260,#5151,#5283,.T.);
#5283 = SURFACE_CURVE('',#5284,(#5289,#5296),.PCURVE_S1.);
#5284 = CIRCLE('',#5285,0.85);
#5285 = AXIS2_PLACEMENT_3D('',#5286,#5287,#5288);
#5286 = CARTESIAN_POINT('',(-24.7,-4.030109579389E-15,146.3));
#5287 = DIRECTION('',(-1.,0.,-0.));
#5288 = DIRECTION('',(0.,-1.,-1.110223024625E-16));
#5289 = PCURVE('',#3570,#5290);
#5290 = DEFINITIONAL_REPRESENTATION('',(#5291),#5295);
#5291 = LINE('',#5292,#5293);
#5292 = CARTESIAN_POINT('',(0.,0.));
#5293 = VECTOR('',#5294,1.);
#5294 = DIRECTION('',(1.,0.));
#5295 = ( GEOMETRIC_REPRESENTATION_CONTEXT(2) 
PARAMETRIC_REPRESENTATION_CONTEXT() REPRESENTATION_CONTEXT('2D SPACE',''
  ) );
#5296 = PCURVE('',#5297,#5302);
#5297 = PLANE('',#5298);
#5298 = AXIS2_PLACEMENT_3D('',#5299,#5300,#5301);
#5299 = CARTESIAN_POINT('',(-24.7,-4.030109579389E-15,146.3));
#5300 = DIRECTION('',(-1.,0.,0.));
#5301 = DIRECTION('',(0.,-1.,-1.110223024625E-16));
#5302 = DEFINITIONAL_REPRESENTATION('',(#5303),#5307);
#5303 = CIRCLE('',#5304,0.85);
#5304 = AXIS2_PLACEMENT_2D('',#5305,#5306);
#5305 = CARTESIAN_POINT('',(0.,0.));
#5306 = DIRECTION('',(1.,0.));
#5307 = ( GEOMETRIC_REPRESENTATION_CONTEXT(2) 
PARAMETRIC_REPRESENTATION_CONTEXT() REPRESENTATION_CONTEXT('2D SPACE',''
  ) );
#5308 = ORIENTED_EDGE('',*,*,#5150,.F.);
#5309 = ADVANCED_FACE('',(#5310),#3538,.T.);
#5310 = FACE_BOUND('',#5311,.T.);
#5311 = EDGE_LOOP('',(#5312,#5313,#5314,#5315,#5338,#5361));
#5312 = ORIENTED_EDGE('',*,*,#5071,.T.);
#5313 = ORIENTED_EDGE('',*,*,#3523,.T.);
#5314 = ORIENTED_EDGE('',*,*,#5259,.F.);
#5315 = ORIENTED_EDGE('',*,*,#5316,.T.);
#5316 = EDGE_CURVE('',#5260,#5317,#5319,.T.);
#5317 = VERTEX_POINT('',#5318);
#5318 = CARTESIAN_POINT('',(-24.6,-0.85,146.3));
#5319 = SURFACE_CURVE('',#5320,(#5324,#5331),.PCURVE_S1.);
#5320 = LINE('',#5321,#5322);
#5321 = CARTESIAN_POINT('',(-34.7,-0.85,146.3));
#5322 = VECTOR('',#5323,1.);
#5323 = DIRECTION('',(1.,0.,0.));
#5324 = PCURVE('',#3538,#5325);
#5325 = DEFINITIONAL_REPRESENTATION('',(#5326),#5330);
#5326 = LINE('',#5327,#5328);
#5327 = CARTESIAN_POINT('',(0.,0.));
#5328 = VECTOR('',#5329,1.);
#5329 = DIRECTION('',(1.,0.));
#5330 = ( GEOMETRIC_REPRESENTATION_CONTEXT(2) 
PARAMETRIC_REPRESENTATION_CONTEXT() REPRESENTATION_CONTEXT('2D SPACE',''
  ) );
#5331 = PCURVE('',#5189,#5332);
#5332 = DEFINITIONAL_REPRESENTATION('',(#5333),#5337);
#5333 = LINE('',#5334,#5335);
#5334 = CARTESIAN_POINT('',(0.,0.));
#5335 = VECTOR('',#5336,1.);
#5336 = DIRECTION('',(0.,1.));
#5337 = ( GEOMETRIC_REPRESENTATION_CONTEXT(2) 
PARAMETRIC_REPRESENTATION_CONTEXT() REPRESENTATION_CONTEXT('2D SPACE',''
  ) );
#5338 = ORIENTED_EDGE('',*,*,#5339,.T.);
#5339 = EDGE_CURVE('',#5317,#5340,#5342,.T.);
#5340 = VERTEX_POINT('',#5341);
#5341 = CARTESIAN_POINT('',(-24.6,-0.85,144.3));
#5342 = SURFACE_CURVE('',#5343,(#5347,#5354),.PCURVE_S1.);
#5343 = LINE('',#5344,#5345);
#5344 = CARTESIAN_POINT('',(-24.6,-0.85,146.3));
#5345 = VECTOR('',#5346,1.);
#5346 = DIRECTION('',(0.,1.110223024625E-16,-1.));
#5347 = PCURVE('',#3538,#5348);
#5348 = DEFINITIONAL_REPRESENTATION('',(#5349),#5353);
#5349 = LINE('',#5350,#5351);
#5350 = CARTESIAN_POINT('',(10.1,0.));
#5351 = VECTOR('',#5352,1.);
#5352 = DIRECTION('',(0.,1.));
#5353 = ( GEOMETRIC_REPRESENTATION_CONTEXT(2) 
PARAMETRIC_REPRESENTATION_CONTEXT() REPRESENTATION_CONTEXT('2D SPACE',''
  ) );
#5354 = PCURVE('',#5217,#5355);
#5355 = DEFINITIONAL_REPRESENTATION('',(#5356),#5360);
#5356 = LINE('',#5357,#5358);
#5357 = CARTESIAN_POINT('',(0.,0.));
#5358 = VECTOR('',#5359,1.);
#5359 = DIRECTION('',(0.,-1.));
#5360 = ( GEOMETRIC_REPRESENTATION_CONTEXT(2) 
PARAMETRIC_REPRESENTATION_CONTEXT() REPRESENTATION_CONTEXT('2D SPACE',''
  ) );
#5361 = ORIENTED_EDGE('',*,*,#5362,.F.);
#5362 = EDGE_CURVE('',#5072,#5340,#5363,.T.);
#5363 = SURFACE_CURVE('',#5364,(#5368,#5375),.PCURVE_S1.);
#5364 = LINE('',#5365,#5366);
#5365 = CARTESIAN_POINT('',(-34.7,-0.85,144.3));
#5366 = VECTOR('',#5367,1.);
#5367 = DIRECTION('',(1.,0.,0.));
#5368 = PCURVE('',#3538,#5369);
#5369 = DEFINITIONAL_REPRESENTATION('',(#5370),#5374);
#5370 = LINE('',#5371,#5372);
#5371 = CARTESIAN_POINT('',(0.,2.));
#5372 = VECTOR('',#5373,1.);
#5373 = DIRECTION('',(1.,0.));
#5374 = ( GEOMETRIC_REPRESENTATION_CONTEXT(2) 
PARAMETRIC_REPRESENTATION_CONTEXT() REPRESENTATION_CONTEXT('2D SPACE',''
  ) );
#5375 = PCURVE('',#5243,#5376);
#5376 = DEFINITIONAL_REPRESENTATION('',(#5377),#5381);
#5377 = LINE('',#5378,#5379);
#5378 = CARTESIAN_POINT('',(0.,0.));
#5379 = VECTOR('',#5380,1.);
#5380 = DIRECTION('',(0.,1.));
#5381 = ( GEOMETRIC_REPRESENTATION_CONTEXT(2) 
PARAMETRIC_REPRESENTATION_CONTEXT() REPRESENTATION_CONTEXT('2D SPACE',''
  ) );
#5382 = ADVANCED_FACE('',(#5383),#3631,.F.);
#5383 = FACE_BOUND('',#5384,.F.);
#5384 = EDGE_LOOP('',(#5385,#5408,#5409,#5432));
#5385 = ORIENTED_EDGE('',*,*,#5386,.T.);
#5386 = EDGE_CURVE('',#5387,#3611,#5389,.T.);
#5387 = VERTEX_POINT('',#5388);
#5388 = CARTESIAN_POINT('',(-24.7,-0.85,172.3));
#5389 = SURFACE_CURVE('',#5390,(#5394,#5401),.PCURVE_S1.);
#5390 = LINE('',#5391,#5392);
#5391 = CARTESIAN_POINT('',(-24.7,-0.85,172.3));
#5392 = VECTOR('',#5393,1.);
#5393 = DIRECTION('',(-1.,0.,0.));
#5394 = PCURVE('',#3631,#5395);
#5395 = DEFINITIONAL_REPRESENTATION('',(#5396),#5400);
#5396 = LINE('',#5397,#5398);
#5397 = CARTESIAN_POINT('',(6.28318530718,-0.));
#5398 = VECTOR('',#5399,1.);
#5399 = DIRECTION('',(0.,1.));
#5400 = ( GEOMETRIC_REPRESENTATION_CONTEXT(2) 
PARAMETRIC_REPRESENTATION_CONTEXT() REPRESENTATION_CONTEXT('2D SPACE',''
  ) );
#5401 = PCURVE('',#3658,#5402);
#5402 = DEFINITIONAL_REPRESENTATION('',(#5403),#5407);
#5403 = LINE('',#5404,#5405);
#5404 = CARTESIAN_POINT('',(10.,2.));
#5405 = VECTOR('',#5406,1.);
#5406 = DIRECTION('',(-1.,0.));
#5407 = ( GEOMETRIC_REPRESENTATION_CONTEXT(2) 
PARAMETRIC_REPRESENTATION_CONTEXT() REPRESENTATION_CONTEXT('2D SPACE',''
  ) );
#5408 = ORIENTED_EDGE('',*,*,#3608,.F.);
#5409 = ORIENTED_EDGE('',*,*,#5410,.T.);
#5410 = EDGE_CURVE('',#3609,#5411,#5413,.T.);
#5411 = VERTEX_POINT('',#5412);
#5412 = CARTESIAN_POINT('',(-24.7,0.85,172.3));
#5413 = SURFACE_CURVE('',#5414,(#5418,#5425),.PCURVE_S1.);
#5414 = LINE('',#5415,#5416);
#5415 = CARTESIAN_POINT('',(-34.7,0.85,172.3));
#5416 = VECTOR('',#5417,1.);
#5417 = DIRECTION('',(1.,0.,0.));
#5418 = PCURVE('',#3631,#5419);
#5419 = DEFINITIONAL_REPRESENTATION('',(#5420),#5424);
#5420 = LINE('',#5421,#5422);
#5421 = CARTESIAN_POINT('',(3.14159265359,10.));
#5422 = VECTOR('',#5423,1.);
#5423 = DIRECTION('',(0.,-1.));
#5424 = ( GEOMETRIC_REPRESENTATION_CONTEXT(2) 
PARAMETRIC_REPRESENTATION_CONTEXT() REPRESENTATION_CONTEXT('2D SPACE',''
  ) );
#5425 = PCURVE('',#3715,#5426);
#5426 = DEFINITIONAL_REPRESENTATION('',(#5427),#5431);
#5427 = LINE('',#5428,#5429);
#5428 = CARTESIAN_POINT('',(0.,2.));
#5429 = VECTOR('',#5430,1.);
#5430 = DIRECTION('',(1.,0.));
#5431 = ( GEOMETRIC_REPRESENTATION_CONTEXT(2) 
PARAMETRIC_REPRESENTATION_CONTEXT() REPRESENTATION_CONTEXT('2D SPACE',''
  ) );
#5432 = ORIENTED_EDGE('',*,*,#5433,.T.);
#5433 = EDGE_CURVE('',#5411,#5387,#5434,.T.);
#5434 = SURFACE_CURVE('',#5435,(#5440,#5447),.PCURVE_S1.);
#5435 = CIRCLE('',#5436,0.85);
#5436 = AXIS2_PLACEMENT_3D('',#5437,#5438,#5439);
#5437 = CARTESIAN_POINT('',(-24.7,-6.916689443415E-15,172.3));
#5438 = DIRECTION('',(-1.,0.,-0.));
#5439 = DIRECTION('',(0.,-1.,-1.110223024625E-16));
#5440 = PCURVE('',#3631,#5441);
#5441 = DEFINITIONAL_REPRESENTATION('',(#5442),#5446);
#5442 = LINE('',#5443,#5444);
#5443 = CARTESIAN_POINT('',(0.,0.));
#5444 = VECTOR('',#5445,1.);
#5445 = DIRECTION('',(1.,0.));
#5446 = ( GEOMETRIC_REPRESENTATION_CONTEXT(2) 
PARAMETRIC_REPRESENTATION_CONTEXT() REPRESENTATION_CONTEXT('2D SPACE',''
  ) );
#5447 = PCURVE('',#5448,#5453);
#5448 = PLANE('',#5449);
#5449 = AXIS2_PLACEMENT_3D('',#5450,#5451,#5452);
#5450 = CARTESIAN_POINT('',(-24.7,-6.916689443415E-15,172.3));
#5451 = DIRECTION('',(-1.,0.,0.));
#5452 = DIRECTION('',(0.,-1.,-1.110223024625E-16));
#5453 = DEFINITIONAL_REPRESENTATION('',(#5454),#5458);
#5454 = CIRCLE('',#5455,0.85);
#5455 = AXIS2_PLACEMENT_2D('',#5456,#5457);
#5456 = CARTESIAN_POINT('',(0.,0.));
#5457 = DIRECTION('',(1.,0.));
#5458 = ( GEOMETRIC_REPRESENTATION_CONTEXT(2) 
PARAMETRIC_REPRESENTATION_CONTEXT() REPRESENTATION_CONTEXT('2D SPACE',''
  ) );
#5459 = ADVANCED_FACE('',(#5460),#3715,.F.);
#5460 = FACE_BOUND('',#5461,.F.);
#5461 = EDGE_LOOP('',(#5462,#5463,#5464,#5487,#5515,#5543));
#5462 = ORIENTED_EDGE('',*,*,#5410,.F.);
#5463 = ORIENTED_EDGE('',*,*,#3702,.T.);
#5464 = ORIENTED_EDGE('',*,*,#5465,.T.);
#5465 = EDGE_CURVE('',#3670,#5466,#5468,.T.);
#5466 = VERTEX_POINT('',#5467);
#5467 = CARTESIAN_POINT('',(-24.7,0.85,174.3));
#5468 = SURFACE_CURVE('',#5469,(#5473,#5480),.PCURVE_S1.);
#5469 = LINE('',#5470,#5471);
#5470 = CARTESIAN_POINT('',(-34.7,0.85,174.3));
#5471 = VECTOR('',#5472,1.);
#5472 = DIRECTION('',(1.,0.,0.));
#5473 = PCURVE('',#3715,#5474);
#5474 = DEFINITIONAL_REPRESENTATION('',(#5475),#5479);
#5475 = LINE('',#5476,#5477);
#5476 = CARTESIAN_POINT('',(0.,0.));
#5477 = VECTOR('',#5478,1.);
#5478 = DIRECTION('',(1.,0.));
#5479 = ( GEOMETRIC_REPRESENTATION_CONTEXT(2) 
PARAMETRIC_REPRESENTATION_CONTEXT() REPRESENTATION_CONTEXT('2D SPACE',''
  ) );
#5480 = PCURVE('',#3690,#5481);
#5481 = DEFINITIONAL_REPRESENTATION('',(#5482),#5486);
#5482 = LINE('',#5483,#5484);
#5483 = CARTESIAN_POINT('',(3.14159265359,10.));
#5484 = VECTOR('',#5485,1.);
#5485 = DIRECTION('',(0.,-1.));
#5486 = ( GEOMETRIC_REPRESENTATION_CONTEXT(2) 
PARAMETRIC_REPRESENTATION_CONTEXT() REPRESENTATION_CONTEXT('2D SPACE',''
  ) );
#5487 = ORIENTED_EDGE('',*,*,#5488,.T.);
#5488 = EDGE_CURVE('',#5466,#5489,#5491,.T.);
#5489 = VERTEX_POINT('',#5490);
#5490 = CARTESIAN_POINT('',(-24.6,0.85,174.3));
#5491 = SURFACE_CURVE('',#5492,(#5496,#5503),.PCURVE_S1.);
#5492 = LINE('',#5493,#5494);
#5493 = CARTESIAN_POINT('',(-34.7,0.85,174.3));
#5494 = VECTOR('',#5495,1.);
#5495 = DIRECTION('',(1.,0.,0.));
#5496 = PCURVE('',#3715,#5497);
#5497 = DEFINITIONAL_REPRESENTATION('',(#5498),#5502);
#5498 = LINE('',#5499,#5500);
#5499 = CARTESIAN_POINT('',(0.,0.));
#5500 = VECTOR('',#5501,1.);
#5501 = DIRECTION('',(1.,0.));
#5502 = ( GEOMETRIC_REPRESENTATION_CONTEXT(2) 
PARAMETRIC_REPRESENTATION_CONTEXT() REPRESENTATION_CONTEXT('2D SPACE',''
  ) );
#5503 = PCURVE('',#5504,#5509);
#5504 = PLANE('',#5505);
#5505 = AXIS2_PLACEMENT_3D('',#5506,#5507,#5508);
#5506 = CARTESIAN_POINT('',(-34.7,-0.85,174.3));
#5507 = DIRECTION('',(0.,1.110223024625E-16,-1.));
#5508 = DIRECTION('',(0.,1.,1.110223024625E-16));
#5509 = DEFINITIONAL_REPRESENTATION('',(#5510),#5514);
#5510 = LINE('',#5511,#5512);
#5511 = CARTESIAN_POINT('',(1.7,0.));
#5512 = VECTOR('',#5513,1.);
#5513 = DIRECTION('',(0.,1.));
#5514 = ( GEOMETRIC_REPRESENTATION_CONTEXT(2) 
PARAMETRIC_REPRESENTATION_CONTEXT() REPRESENTATION_CONTEXT('2D SPACE',''
  ) );
#5515 = ORIENTED_EDGE('',*,*,#5516,.T.);
#5516 = EDGE_CURVE('',#5489,#5517,#5519,.T.);
#5517 = VERTEX_POINT('',#5518);
#5518 = CARTESIAN_POINT('',(-24.6,0.85,172.3));
#5519 = SURFACE_CURVE('',#5520,(#5524,#5531),.PCURVE_S1.);
#5520 = LINE('',#5521,#5522);
#5521 = CARTESIAN_POINT('',(-24.6,0.85,174.3));
#5522 = VECTOR('',#5523,1.);
#5523 = DIRECTION('',(0.,1.110223024625E-16,-1.));
#5524 = PCURVE('',#3715,#5525);
#5525 = DEFINITIONAL_REPRESENTATION('',(#5526),#5530);
#5526 = LINE('',#5527,#5528);
#5527 = CARTESIAN_POINT('',(10.1,0.));
#5528 = VECTOR('',#5529,1.);
#5529 = DIRECTION('',(0.,1.));
#5530 = ( GEOMETRIC_REPRESENTATION_CONTEXT(2) 
PARAMETRIC_REPRESENTATION_CONTEXT() REPRESENTATION_CONTEXT('2D SPACE',''
  ) );
#5531 = PCURVE('',#5532,#5537);
#5532 = PLANE('',#5533);
#5533 = AXIS2_PLACEMENT_3D('',#5534,#5535,#5536);
#5534 = CARTESIAN_POINT('',(-24.6,-0.85,174.3));
#5535 = DIRECTION('',(1.,0.,0.));
#5536 = DIRECTION('',(0.,1.,1.110223024625E-16));
#5537 = DEFINITIONAL_REPRESENTATION('',(#5538),#5542);
#5538 = LINE('',#5539,#5540);
#5539 = CARTESIAN_POINT('',(1.7,0.));
#5540 = VECTOR('',#5541,1.);
#5541 = DIRECTION('',(0.,-1.));
#5542 = ( GEOMETRIC_REPRESENTATION_CONTEXT(2) 
PARAMETRIC_REPRESENTATION_CONTEXT() REPRESENTATION_CONTEXT('2D SPACE',''
  ) );
#5543 = ORIENTED_EDGE('',*,*,#5544,.F.);
#5544 = EDGE_CURVE('',#5411,#5517,#5545,.T.);
#5545 = SURFACE_CURVE('',#5546,(#5550,#5557),.PCURVE_S1.);
#5546 = LINE('',#5547,#5548);
#5547 = CARTESIAN_POINT('',(-34.7,0.85,172.3));
#5548 = VECTOR('',#5549,1.);
#5549 = DIRECTION('',(1.,0.,0.));
#5550 = PCURVE('',#3715,#5551);
#5551 = DEFINITIONAL_REPRESENTATION('',(#5552),#5556);
#5552 = LINE('',#5553,#5554);
#5553 = CARTESIAN_POINT('',(0.,2.));
#5554 = VECTOR('',#5555,1.);
#5555 = DIRECTION('',(1.,0.));
#5556 = ( GEOMETRIC_REPRESENTATION_CONTEXT(2) 
PARAMETRIC_REPRESENTATION_CONTEXT() REPRESENTATION_CONTEXT('2D SPACE',''
  ) );
#5557 = PCURVE('',#5558,#5563);
#5558 = PLANE('',#5559);
#5559 = AXIS2_PLACEMENT_3D('',#5560,#5561,#5562);
#5560 = CARTESIAN_POINT('',(-34.7,-0.85,172.3));
#5561 = DIRECTION('',(0.,1.110223024625E-16,-1.));
#5562 = DIRECTION('',(0.,1.,1.110223024625E-16));
#5563 = DEFINITIONAL_REPRESENTATION('',(#5564),#5568);
#5564 = LINE('',#5565,#5566);
#5565 = CARTESIAN_POINT('',(1.7,0.));
#5566 = VECTOR('',#5567,1.);
#5567 = DIRECTION('',(0.,1.));
#5568 = ( GEOMETRIC_REPRESENTATION_CONTEXT(2) 
PARAMETRIC_REPRESENTATION_CONTEXT() REPRESENTATION_CONTEXT('2D SPACE',''
  ) );
#5569 = ADVANCED_FACE('',(#5570),#3658,.T.);
#5570 = FACE_BOUND('',#5571,.T.);
#5571 = EDGE_LOOP('',(#5572,#5573,#5574,#5597,#5620,#5643));
#5572 = ORIENTED_EDGE('',*,*,#5386,.T.);
#5573 = ORIENTED_EDGE('',*,*,#3643,.T.);
#5574 = ORIENTED_EDGE('',*,*,#5575,.F.);
#5575 = EDGE_CURVE('',#5576,#3644,#5578,.T.);
#5576 = VERTEX_POINT('',#5577);
#5577 = CARTESIAN_POINT('',(-24.7,-0.85,174.3));
#5578 = SURFACE_CURVE('',#5579,(#5583,#5590),.PCURVE_S1.);
#5579 = LINE('',#5580,#5581);
#5580 = CARTESIAN_POINT('',(-24.7,-0.85,174.3));
#5581 = VECTOR('',#5582,1.);
#5582 = DIRECTION('',(-1.,0.,0.));
#5583 = PCURVE('',#3658,#5584);
#5584 = DEFINITIONAL_REPRESENTATION('',(#5585),#5589);
#5585 = LINE('',#5586,#5587);
#5586 = CARTESIAN_POINT('',(10.,0.));
#5587 = VECTOR('',#5588,1.);
#5588 = DIRECTION('',(-1.,0.));
#5589 = ( GEOMETRIC_REPRESENTATION_CONTEXT(2) 
PARAMETRIC_REPRESENTATION_CONTEXT() REPRESENTATION_CONTEXT('2D SPACE',''
  ) );
#5590 = PCURVE('',#3690,#5591);
#5591 = DEFINITIONAL_REPRESENTATION('',(#5592),#5596);
#5592 = LINE('',#5593,#5594);
#5593 = CARTESIAN_POINT('',(0.,-0.));
#5594 = VECTOR('',#5595,1.);
#5595 = DIRECTION('',(0.,1.));
#5596 = ( GEOMETRIC_REPRESENTATION_CONTEXT(2) 
PARAMETRIC_REPRESENTATION_CONTEXT() REPRESENTATION_CONTEXT('2D SPACE',''
  ) );
#5597 = ORIENTED_EDGE('',*,*,#5598,.T.);
#5598 = EDGE_CURVE('',#5576,#5599,#5601,.T.);
#5599 = VERTEX_POINT('',#5600);
#5600 = CARTESIAN_POINT('',(-24.6,-0.85,174.3));
#5601 = SURFACE_CURVE('',#5602,(#5606,#5613),.PCURVE_S1.);
#5602 = LINE('',#5603,#5604);
#5603 = CARTESIAN_POINT('',(-34.7,-0.85,174.3));
#5604 = VECTOR('',#5605,1.);
#5605 = DIRECTION('',(1.,0.,0.));
#5606 = PCURVE('',#3658,#5607);
#5607 = DEFINITIONAL_REPRESENTATION('',(#5608),#5612);
#5608 = LINE('',#5609,#5610);
#5609 = CARTESIAN_POINT('',(0.,0.));
#5610 = VECTOR('',#5611,1.);
#5611 = DIRECTION('',(1.,0.));
#5612 = ( GEOMETRIC_REPRESENTATION_CONTEXT(2) 
PARAMETRIC_REPRESENTATION_CONTEXT() REPRESENTATION_CONTEXT('2D SPACE',''
  ) );
#5613 = PCURVE('',#5504,#5614);
#5614 = DEFINITIONAL_REPRESENTATION('',(#5615),#5619);
#5615 = LINE('',#5616,#5617);
#5616 = CARTESIAN_POINT('',(0.,0.));
#5617 = VECTOR('',#5618,1.);
#5618 = DIRECTION('',(0.,1.));
#5619 = ( GEOMETRIC_REPRESENTATION_CONTEXT(2) 
PARAMETRIC_REPRESENTATION_CONTEXT() REPRESENTATION_CONTEXT('2D SPACE',''
  ) );
#5620 = ORIENTED_EDGE('',*,*,#5621,.T.);
#5621 = EDGE_CURVE('',#5599,#5622,#5624,.T.);
#5622 = VERTEX_POINT('',#5623);
#5623 = CARTESIAN_POINT('',(-24.6,-0.85,172.3));
#5624 = SURFACE_CURVE('',#5625,(#5629,#5636),.PCURVE_S1.);
#5625 = LINE('',#5626,#5627);
#5626 = CARTESIAN_POINT('',(-24.6,-0.85,174.3));
#5627 = VECTOR('',#5628,1.);
#5628 = DIRECTION('',(0.,1.110223024625E-16,-1.));
#5629 = PCURVE('',#3658,#5630);
#5630 = DEFINITIONAL_REPRESENTATION('',(#5631),#5635);
#5631 = LINE('',#5632,#5633);
#5632 = CARTESIAN_POINT('',(10.1,0.));
#5633 = VECTOR('',#5634,1.);
#5634 = DIRECTION('',(0.,1.));
#5635 = ( GEOMETRIC_REPRESENTATION_CONTEXT(2) 
PARAMETRIC_REPRESENTATION_CONTEXT() REPRESENTATION_CONTEXT('2D SPACE',''
  ) );
#5636 = PCURVE('',#5532,#5637);
#5637 = DEFINITIONAL_REPRESENTATION('',(#5638),#5642);
#5638 = LINE('',#5639,#5640);
#5639 = CARTESIAN_POINT('',(0.,0.));
#5640 = VECTOR('',#5641,1.);
#5641 = DIRECTION('',(0.,-1.));
#5642 = ( GEOMETRIC_REPRESENTATION_CONTEXT(2) 
PARAMETRIC_REPRESENTATION_CONTEXT() REPRESENTATION_CONTEXT('2D SPACE',''
  ) );
#5643 = ORIENTED_EDGE('',*,*,#5644,.F.);
#5644 = EDGE_CURVE('',#5387,#5622,#5645,.T.);
#5645 = SURFACE_CURVE('',#5646,(#5650,#5657),.PCURVE_S1.);
#5646 = LINE('',#5647,#5648);
#5647 = CARTESIAN_POINT('',(-34.7,-0.85,172.3));
#5648 = VECTOR('',#5649,1.);
#5649 = DIRECTION('',(1.,0.,0.));
#5650 = PCURVE('',#3658,#5651);
#5651 = DEFINITIONAL_REPRESENTATION('',(#5652),#5656);
#5652 = LINE('',#5653,#5654);
#5653 = CARTESIAN_POINT('',(0.,2.));
#5654 = VECTOR('',#5655,1.);
#5655 = DIRECTION('',(1.,0.));
#5656 = ( GEOMETRIC_REPRESENTATION_CONTEXT(2) 
PARAMETRIC_REPRESENTATION_CONTEXT() REPRESENTATION_CONTEXT('2D SPACE',''
  ) );
#5657 = PCURVE('',#5558,#5658);
#5658 = DEFINITIONAL_REPRESENTATION('',(#5659),#5663);
#5659 = LINE('',#5660,#5661);
#5660 = CARTESIAN_POINT('',(0.,0.));
#5661 = VECTOR('',#5662,1.);
#5662 = DIRECTION('',(0.,1.));
#5663 = ( GEOMETRIC_REPRESENTATION_CONTEXT(2) 
PARAMETRIC_REPRESENTATION_CONTEXT() REPRESENTATION_CONTEXT('2D SPACE',''
  ) );
#5664 = ADVANCED_FACE('',(#5665),#3690,.F.);
#5665 = FACE_BOUND('',#5666,.F.);
#5666 = EDGE_LOOP('',(#5667,#5668,#5669,#5696));
#5667 = ORIENTED_EDGE('',*,*,#3669,.F.);
#5668 = ORIENTED_EDGE('',*,*,#5575,.F.);
#5669 = ORIENTED_EDGE('',*,*,#5670,.T.);
#5670 = EDGE_CURVE('',#5576,#5466,#5671,.T.);
#5671 = SURFACE_CURVE('',#5672,(#5677,#5684),.PCURVE_S1.);
#5672 = CIRCLE('',#5673,0.85);
#5673 = AXIS2_PLACEMENT_3D('',#5674,#5675,#5676);
#5674 = CARTESIAN_POINT('',(-24.7,-7.13873404834E-15,174.3));
#5675 = DIRECTION('',(-1.,0.,-0.));
#5676 = DIRECTION('',(0.,-1.,-1.110223024625E-16));
#5677 = PCURVE('',#3690,#5678);
#5678 = DEFINITIONAL_REPRESENTATION('',(#5679),#5683);
#5679 = LINE('',#5680,#5681);
#5680 = CARTESIAN_POINT('',(0.,0.));
#5681 = VECTOR('',#5682,1.);
#5682 = DIRECTION('',(1.,0.));
#5683 = ( GEOMETRIC_REPRESENTATION_CONTEXT(2) 
PARAMETRIC_REPRESENTATION_CONTEXT() REPRESENTATION_CONTEXT('2D SPACE',''
  ) );
#5684 = PCURVE('',#5685,#5690);
#5685 = PLANE('',#5686);
#5686 = AXIS2_PLACEMENT_3D('',#5687,#5688,#5689);
#5687 = CARTESIAN_POINT('',(-24.7,-7.13873404834E-15,174.3));
#5688 = DIRECTION('',(-1.,0.,0.));
#5689 = DIRECTION('',(0.,-1.,-1.110223024625E-16));
#5690 = DEFINITIONAL_REPRESENTATION('',(#5691),#5695);
#5691 = CIRCLE('',#5692,0.85);
#5692 = AXIS2_PLACEMENT_2D('',#5693,#5694);
#5693 = CARTESIAN_POINT('',(0.,0.));
#5694 = DIRECTION('',(1.,0.));
#5695 = ( GEOMETRIC_REPRESENTATION_CONTEXT(2) 
PARAMETRIC_REPRESENTATION_CONTEXT() REPRESENTATION_CONTEXT('2D SPACE',''
  ) );
#5696 = ORIENTED_EDGE('',*,*,#5465,.F.);
#5697 = ADVANCED_FACE('',(#5698,#5701),#3782,.T.);
#5698 = FACE_BOUND('',#5699,.T.);
#5699 = EDGE_LOOP('',(#5700));
#5700 = ORIENTED_EDGE('',*,*,#3853,.T.);
#5701 = FACE_BOUND('',#5702,.T.);
#5702 = EDGE_LOOP('',(#5703));
#5703 = ORIENTED_EDGE('',*,*,#3767,.F.);
#5704 = ADVANCED_FACE('',(#5705,#5708),#3837,.T.);
#5705 = FACE_BOUND('',#5706,.T.);
#5706 = EDGE_LOOP('',(#5707));
#5707 = ORIENTED_EDGE('',*,*,#4851,.T.);
#5708 = FACE_BOUND('',#5709,.T.);
#5709 = EDGE_LOOP('',(#5710));
#5710 = ORIENTED_EDGE('',*,*,#3822,.F.);
#5711 = ADVANCED_FACE('',(#5712),#3917,.T.);
#5712 = FACE_BOUND('',#5713,.T.);
#5713 = EDGE_LOOP('',(#5714,#5715,#5716,#5717));
#5714 = ORIENTED_EDGE('',*,*,#4098,.T.);
#5715 = ORIENTED_EDGE('',*,*,#4122,.T.);
#5716 = ORIENTED_EDGE('',*,*,#4040,.F.);
#5717 = ORIENTED_EDGE('',*,*,#3900,.F.);
#5718 = ADVANCED_FACE('',(#5719),#3987,.T.);
#5719 = FACE_BOUND('',#5720,.T.);
#5720 = EDGE_LOOP('',(#5721,#5722));
#5721 = ORIENTED_EDGE('',*,*,#3970,.F.);
#5722 = ORIENTED_EDGE('',*,*,#4067,.T.);
#5723 = ADVANCED_FACE('',(#5724),#4165,.F.);
#5724 = FACE_BOUND('',#5725,.F.);
#5725 = EDGE_LOOP('',(#5726,#5727,#5748,#5749));
#5726 = ORIENTED_EDGE('',*,*,#4334,.F.);
#5727 = ORIENTED_EDGE('',*,*,#5728,.T.);
#5728 = EDGE_CURVE('',#4335,#4148,#5729,.T.);
#5729 = SURFACE_CURVE('',#5730,(#5734,#5741),.PCURVE_S1.);
#5730 = LINE('',#5731,#5732);
#5731 = CARTESIAN_POINT('',(24.6,-0.85,144.3));
#5732 = VECTOR('',#5733,1.);
#5733 = DIRECTION('',(0.,1.,1.110223024625E-16));
#5734 = PCURVE('',#4165,#5735);
#5735 = DEFINITIONAL_REPRESENTATION('',(#5736),#5740);
#5736 = LINE('',#5737,#5738);
#5737 = CARTESIAN_POINT('',(0.,0.));
#5738 = VECTOR('',#5739,1.);
#5739 = DIRECTION('',(1.,0.));
#5740 = ( GEOMETRIC_REPRESENTATION_CONTEXT(2) 
PARAMETRIC_REPRESENTATION_CONTEXT() REPRESENTATION_CONTEXT('2D SPACE',''
  ) );
#5741 = PCURVE('',#4193,#5742);
#5742 = DEFINITIONAL_REPRESENTATION('',(#5743),#5747);
#5743 = LINE('',#5744,#5745);
#5744 = CARTESIAN_POINT('',(0.,-2.));
#5745 = VECTOR('',#5746,1.);
#5746 = DIRECTION('',(1.,0.));
#5747 = ( GEOMETRIC_REPRESENTATION_CONTEXT(2) 
PARAMETRIC_REPRESENTATION_CONTEXT() REPRESENTATION_CONTEXT('2D SPACE',''
  ) );
#5748 = ORIENTED_EDGE('',*,*,#4147,.T.);
#5749 = ORIENTED_EDGE('',*,*,#5750,.F.);
#5750 = EDGE_CURVE('',#4337,#4150,#5751,.T.);
#5751 = SURFACE_CURVE('',#5752,(#5756,#5762),.PCURVE_S1.);
#5752 = LINE('',#5753,#5754);
#5753 = CARTESIAN_POINT('',(24.7,-0.425,144.3));
#5754 = VECTOR('',#5755,1.);
#5755 = DIRECTION('',(0.,1.,1.110223024625E-16));
#5756 = PCURVE('',#4165,#5757);
#5757 = DEFINITIONAL_REPRESENTATION('',(#5758),#5761);
#5758 = B_SPLINE_CURVE_WITH_KNOTS('',1,(#5759,#5760),.UNSPECIFIED.,.F.,
  .F.,(2,2),(-0.425,1.275),.PIECEWISE_BEZIER_KNOTS.);
#5759 = CARTESIAN_POINT('',(0.,0.1));
#5760 = CARTESIAN_POINT('',(1.7,0.1));
#5761 = ( GEOMETRIC_REPRESENTATION_CONTEXT(2) 
PARAMETRIC_REPRESENTATION_CONTEXT() REPRESENTATION_CONTEXT('2D SPACE',''
  ) );
#5762 = PCURVE('',#4447,#5763);
#5763 = DEFINITIONAL_REPRESENTATION('',(#5764),#5767);
#5764 = B_SPLINE_CURVE_WITH_KNOTS('',1,(#5765,#5766),.UNSPECIFIED.,.F.,
  .F.,(2,2),(-0.425,1.275),.PIECEWISE_BEZIER_KNOTS.);
#5765 = CARTESIAN_POINT('',(-0.85,0.));
#5766 = CARTESIAN_POINT('',(0.85,0.));
#5767 = ( GEOMETRIC_REPRESENTATION_CONTEXT(2) 
PARAMETRIC_REPRESENTATION_CONTEXT() REPRESENTATION_CONTEXT('2D SPACE',''
  ) );
#5768 = ADVANCED_FACE('',(#5769),#4221,.T.);
#5769 = FACE_BOUND('',#5770,.T.);
#5770 = EDGE_LOOP('',(#5771,#5772,#5793,#5794));
#5771 = ORIENTED_EDGE('',*,*,#4382,.F.);
#5772 = ORIENTED_EDGE('',*,*,#5773,.T.);
#5773 = EDGE_CURVE('',#4360,#4178,#5774,.T.);
#5774 = SURFACE_CURVE('',#5775,(#5779,#5786),.PCURVE_S1.);
#5775 = LINE('',#5776,#5777);
#5776 = CARTESIAN_POINT('',(24.6,-0.85,146.3));
#5777 = VECTOR('',#5778,1.);
#5778 = DIRECTION('',(0.,1.,1.110223024625E-16));
#5779 = PCURVE('',#4221,#5780);
#5780 = DEFINITIONAL_REPRESENTATION('',(#5781),#5785);
#5781 = LINE('',#5782,#5783);
#5782 = CARTESIAN_POINT('',(0.,0.));
#5783 = VECTOR('',#5784,1.);
#5784 = DIRECTION('',(1.,0.));
#5785 = ( GEOMETRIC_REPRESENTATION_CONTEXT(2) 
PARAMETRIC_REPRESENTATION_CONTEXT() REPRESENTATION_CONTEXT('2D SPACE',''
  ) );
#5786 = PCURVE('',#4193,#5787);
#5787 = DEFINITIONAL_REPRESENTATION('',(#5788),#5792);
#5788 = LINE('',#5789,#5790);
#5789 = CARTESIAN_POINT('',(0.,0.));
#5790 = VECTOR('',#5791,1.);
#5791 = DIRECTION('',(1.,0.));
#5792 = ( GEOMETRIC_REPRESENTATION_CONTEXT(2) 
PARAMETRIC_REPRESENTATION_CONTEXT() REPRESENTATION_CONTEXT('2D SPACE',''
  ) );
#5793 = ORIENTED_EDGE('',*,*,#4205,.T.);
#5794 = ORIENTED_EDGE('',*,*,#5795,.F.);
#5795 = EDGE_CURVE('',#4282,#4206,#5796,.T.);
#5796 = SURFACE_CURVE('',#5797,(#5801,#5807),.PCURVE_S1.);
#5797 = LINE('',#5798,#5799);
#5798 = CARTESIAN_POINT('',(24.7,-0.425,146.3));
#5799 = VECTOR('',#5800,1.);
#5800 = DIRECTION('',(0.,1.,1.110223024625E-16));
#5801 = PCURVE('',#4221,#5802);
#5802 = DEFINITIONAL_REPRESENTATION('',(#5803),#5806);
#5803 = B_SPLINE_CURVE_WITH_KNOTS('',1,(#5804,#5805),.UNSPECIFIED.,.F.,
  .F.,(2,2),(-0.425,1.275),.PIECEWISE_BEZIER_KNOTS.);
#5804 = CARTESIAN_POINT('',(0.,0.1));
#5805 = CARTESIAN_POINT('',(1.7,0.1));
#5806 = ( GEOMETRIC_REPRESENTATION_CONTEXT(2) 
PARAMETRIC_REPRESENTATION_CONTEXT() REPRESENTATION_CONTEXT('2D SPACE',''
  ) );
#5807 = PCURVE('',#4298,#5808);
#5808 = DEFINITIONAL_REPRESENTATION('',(#5809),#5812);
#5809 = B_SPLINE_CURVE_WITH_KNOTS('',1,(#5810,#5811),.UNSPECIFIED.,.F.,
  .F.,(2,2),(-0.425,1.275),.PIECEWISE_BEZIER_KNOTS.);
#5810 = CARTESIAN_POINT('',(-0.85,0.));
#5811 = CARTESIAN_POINT('',(0.85,0.));
#5812 = ( GEOMETRIC_REPRESENTATION_CONTEXT(2) 
PARAMETRIC_REPRESENTATION_CONTEXT() REPRESENTATION_CONTEXT('2D SPACE',''
  ) );
#5813 = ADVANCED_FACE('',(#5814),#4193,.T.);
#5814 = FACE_BOUND('',#5815,.T.);
#5815 = EDGE_LOOP('',(#5816,#5817,#5818,#5819));
#5816 = ORIENTED_EDGE('',*,*,#5773,.F.);
#5817 = ORIENTED_EDGE('',*,*,#4359,.T.);
#5818 = ORIENTED_EDGE('',*,*,#5728,.T.);
#5819 = ORIENTED_EDGE('',*,*,#4177,.F.);
#5820 = ADVANCED_FACE('',(#5821),#4298,.T.);
#5821 = FACE_BOUND('',#5822,.T.);
#5822 = EDGE_LOOP('',(#5823,#5824));
#5823 = ORIENTED_EDGE('',*,*,#5795,.T.);
#5824 = ORIENTED_EDGE('',*,*,#4281,.T.);
#5825 = ADVANCED_FACE('',(#5826),#4447,.T.);
#5826 = FACE_BOUND('',#5827,.T.);
#5827 = EDGE_LOOP('',(#5828,#5829));
#5828 = ORIENTED_EDGE('',*,*,#4432,.T.);
#5829 = ORIENTED_EDGE('',*,*,#5750,.F.);
#5830 = ADVANCED_FACE('',(#5831),#4480,.F.);
#5831 = FACE_BOUND('',#5832,.F.);
#5832 = EDGE_LOOP('',(#5833,#5834,#5855,#5856));
#5833 = ORIENTED_EDGE('',*,*,#4704,.F.);
#5834 = ORIENTED_EDGE('',*,*,#5835,.T.);
#5835 = EDGE_CURVE('',#4705,#4463,#5836,.T.);
#5836 = SURFACE_CURVE('',#5837,(#5841,#5848),.PCURVE_S1.);
#5837 = LINE('',#5838,#5839);
#5838 = CARTESIAN_POINT('',(24.6,-0.85,172.3));
#5839 = VECTOR('',#5840,1.);
#5840 = DIRECTION('',(0.,1.,1.110223024625E-16));
#5841 = PCURVE('',#4480,#5842);
#5842 = DEFINITIONAL_REPRESENTATION('',(#5843),#5847);
#5843 = LINE('',#5844,#5845);
#5844 = CARTESIAN_POINT('',(0.,0.));
#5845 = VECTOR('',#5846,1.);
#5846 = DIRECTION('',(1.,0.));
#5847 = ( GEOMETRIC_REPRESENTATION_CONTEXT(2) 
PARAMETRIC_REPRESENTATION_CONTEXT() REPRESENTATION_CONTEXT('2D SPACE',''
  ) );
#5848 = PCURVE('',#4508,#5849);
#5849 = DEFINITIONAL_REPRESENTATION('',(#5850),#5854);
#5850 = LINE('',#5851,#5852);
#5851 = CARTESIAN_POINT('',(0.,-2.));
#5852 = VECTOR('',#5853,1.);
#5853 = DIRECTION('',(1.,0.));
#5854 = ( GEOMETRIC_REPRESENTATION_CONTEXT(2) 
PARAMETRIC_REPRESENTATION_CONTEXT() REPRESENTATION_CONTEXT('2D SPACE',''
  ) );
#5855 = ORIENTED_EDGE('',*,*,#4462,.T.);
#5856 = ORIENTED_EDGE('',*,*,#5857,.F.);
#5857 = EDGE_CURVE('',#4597,#4465,#5858,.T.);
#5858 = SURFACE_CURVE('',#5859,(#5863,#5869),.PCURVE_S1.);
#5859 = LINE('',#5860,#5861);
#5860 = CARTESIAN_POINT('',(24.7,-0.425,172.3));
#5861 = VECTOR('',#5862,1.);
#5862 = DIRECTION('',(0.,1.,1.110223024625E-16));
#5863 = PCURVE('',#4480,#5864);
#5864 = DEFINITIONAL_REPRESENTATION('',(#5865),#5868);
#5865 = B_SPLINE_CURVE_WITH_KNOTS('',1,(#5866,#5867),.UNSPECIFIED.,.F.,
  .F.,(2,2),(-0.425,1.275),.PIECEWISE_BEZIER_KNOTS.);
#5866 = CARTESIAN_POINT('',(0.,0.1));
#5867 = CARTESIAN_POINT('',(1.7,0.1));
#5868 = ( GEOMETRIC_REPRESENTATION_CONTEXT(2) 
PARAMETRIC_REPRESENTATION_CONTEXT() REPRESENTATION_CONTEXT('2D SPACE',''
  ) );
#5869 = PCURVE('',#4634,#5870);
#5870 = DEFINITIONAL_REPRESENTATION('',(#5871),#5874);
#5871 = B_SPLINE_CURVE_WITH_KNOTS('',1,(#5872,#5873),.UNSPECIFIED.,.F.,
  .F.,(2,2),(-0.425,1.275),.PIECEWISE_BEZIER_KNOTS.);
#5872 = CARTESIAN_POINT('',(-0.85,0.));
#5873 = CARTESIAN_POINT('',(0.85,0.));
#5874 = ( GEOMETRIC_REPRESENTATION_CONTEXT(2) 
PARAMETRIC_REPRESENTATION_CONTEXT() REPRESENTATION_CONTEXT('2D SPACE',''
  ) );
#5875 = ADVANCED_FACE('',(#5876),#4536,.T.);
#5876 = FACE_BOUND('',#5877,.T.);
#5877 = EDGE_LOOP('',(#5878,#5879,#5900,#5901));
#5878 = ORIENTED_EDGE('',*,*,#4750,.F.);
#5879 = ORIENTED_EDGE('',*,*,#5880,.T.);
#5880 = EDGE_CURVE('',#4728,#4493,#5881,.T.);
#5881 = SURFACE_CURVE('',#5882,(#5886,#5893),.PCURVE_S1.);
#5882 = LINE('',#5883,#5884);
#5883 = CARTESIAN_POINT('',(24.6,-0.85,174.3));
#5884 = VECTOR('',#5885,1.);
#5885 = DIRECTION('',(0.,1.,1.110223024625E-16));
#5886 = PCURVE('',#4536,#5887);
#5887 = DEFINITIONAL_REPRESENTATION('',(#5888),#5892);
#5888 = LINE('',#5889,#5890);
#5889 = CARTESIAN_POINT('',(0.,0.));
#5890 = VECTOR('',#5891,1.);
#5891 = DIRECTION('',(1.,0.));
#5892 = ( GEOMETRIC_REPRESENTATION_CONTEXT(2) 
PARAMETRIC_REPRESENTATION_CONTEXT() REPRESENTATION_CONTEXT('2D SPACE',''
  ) );
#5893 = PCURVE('',#4508,#5894);
#5894 = DEFINITIONAL_REPRESENTATION('',(#5895),#5899);
#5895 = LINE('',#5896,#5897);
#5896 = CARTESIAN_POINT('',(0.,0.));
#5897 = VECTOR('',#5898,1.);
#5898 = DIRECTION('',(1.,0.));
#5899 = ( GEOMETRIC_REPRESENTATION_CONTEXT(2) 
PARAMETRIC_REPRESENTATION_CONTEXT() REPRESENTATION_CONTEXT('2D SPACE',''
  ) );
#5900 = ORIENTED_EDGE('',*,*,#4520,.T.);
#5901 = ORIENTED_EDGE('',*,*,#5902,.F.);
#5902 = EDGE_CURVE('',#4652,#4521,#5903,.T.);
#5903 = SURFACE_CURVE('',#5904,(#5908,#5914),.PCURVE_S1.);
#5904 = LINE('',#5905,#5906);
#5905 = CARTESIAN_POINT('',(24.7,-0.425,174.3));
#5906 = VECTOR('',#5907,1.);
#5907 = DIRECTION('',(0.,1.,1.110223024625E-16));
#5908 = PCURVE('',#4536,#5909);
#5909 = DEFINITIONAL_REPRESENTATION('',(#5910),#5913);
#5910 = B_SPLINE_CURVE_WITH_KNOTS('',1,(#5911,#5912),.UNSPECIFIED.,.F.,
  .F.,(2,2),(-0.425,1.275),.PIECEWISE_BEZIER_KNOTS.);
#5911 = CARTESIAN_POINT('',(0.,0.1));
#5912 = CARTESIAN_POINT('',(1.7,0.1));
#5913 = ( GEOMETRIC_REPRESENTATION_CONTEXT(2) 
PARAMETRIC_REPRESENTATION_CONTEXT() REPRESENTATION_CONTEXT('2D SPACE',''
  ) );
#5914 = PCURVE('',#4668,#5915);
#5915 = DEFINITIONAL_REPRESENTATION('',(#5916),#5919);
#5916 = B_SPLINE_CURVE_WITH_KNOTS('',1,(#5917,#5918),.UNSPECIFIED.,.F.,
  .F.,(2,2),(-0.425,1.275),.PIECEWISE_BEZIER_KNOTS.);
#5917 = CARTESIAN_POINT('',(-0.85,0.));
#5918 = CARTESIAN_POINT('',(0.85,0.));
#5919 = ( GEOMETRIC_REPRESENTATION_CONTEXT(2) 
PARAMETRIC_REPRESENTATION_CONTEXT() REPRESENTATION_CONTEXT('2D SPACE',''
  ) );
#5920 = ADVANCED_FACE('',(#5921),#4508,.T.);
#5921 = FACE_BOUND('',#5922,.T.);
#5922 = EDGE_LOOP('',(#5923,#5924,#5925,#5926));
#5923 = ORIENTED_EDGE('',*,*,#5880,.F.);
#5924 = ORIENTED_EDGE('',*,*,#4727,.T.);
#5925 = ORIENTED_EDGE('',*,*,#5835,.T.);
#5926 = ORIENTED_EDGE('',*,*,#4492,.F.);
#5927 = ADVANCED_FACE('',(#5928),#4634,.T.);
#5928 = FACE_BOUND('',#5929,.T.);
#5929 = EDGE_LOOP('',(#5930,#5931));
#5930 = ORIENTED_EDGE('',*,*,#4619,.T.);
#5931 = ORIENTED_EDGE('',*,*,#5857,.F.);
#5932 = ADVANCED_FACE('',(#5933),#4668,.T.);
#5933 = FACE_BOUND('',#5934,.T.);
#5934 = EDGE_LOOP('',(#5935,#5936));
#5935 = ORIENTED_EDGE('',*,*,#5902,.T.);
#5936 = ORIENTED_EDGE('',*,*,#4651,.T.);
#5937 = ADVANCED_FACE('',(#5938),#4956,.T.);
#5938 = FACE_BOUND('',#5939,.T.);
#5939 = EDGE_LOOP('',(#5940,#5941));
#5940 = ORIENTED_EDGE('',*,*,#4939,.F.);
#5941 = ORIENTED_EDGE('',*,*,#4991,.T.);
#5942 = ADVANCED_FACE('',(#5943),#4816,.T.);
#5943 = FACE_BOUND('',#5944,.T.);
#5944 = EDGE_LOOP('',(#5945,#5946,#5947,#5948));
#5945 = ORIENTED_EDGE('',*,*,#5022,.T.);
#5946 = ORIENTED_EDGE('',*,*,#5046,.T.);
#5947 = ORIENTED_EDGE('',*,*,#4799,.F.);
#5948 = ORIENTED_EDGE('',*,*,#4874,.F.);
#5949 = ADVANCED_FACE('',(#5950),#5133,.T.);
#5950 = FACE_BOUND('',#5951,.T.);
#5951 = EDGE_LOOP('',(#5952,#5953));
#5952 = ORIENTED_EDGE('',*,*,#5118,.T.);
#5953 = ORIENTED_EDGE('',*,*,#5954,.F.);
#5954 = EDGE_CURVE('',#5096,#5072,#5955,.T.);
#5955 = SURFACE_CURVE('',#5956,(#5960,#5966),.PCURVE_S1.);
#5956 = LINE('',#5957,#5958);
#5957 = CARTESIAN_POINT('',(-24.7,-0.425,144.3));
#5958 = VECTOR('',#5959,1.);
#5959 = DIRECTION('',(0.,-1.,-1.110223024625E-16));
#5960 = PCURVE('',#5133,#5961);
#5961 = DEFINITIONAL_REPRESENTATION('',(#5962),#5965);
#5962 = B_SPLINE_CURVE_WITH_KNOTS('',1,(#5963,#5964),.UNSPECIFIED.,.F.,
  .F.,(2,2),(-1.275,0.425),.PIECEWISE_BEZIER_KNOTS.);
#5963 = CARTESIAN_POINT('',(-0.85,0.));
#5964 = CARTESIAN_POINT('',(0.85,0.));
#5965 = ( GEOMETRIC_REPRESENTATION_CONTEXT(2) 
PARAMETRIC_REPRESENTATION_CONTEXT() REPRESENTATION_CONTEXT('2D SPACE',''
  ) );
#5966 = PCURVE('',#5243,#5967);
#5967 = DEFINITIONAL_REPRESENTATION('',(#5968),#5971);
#5968 = B_SPLINE_CURVE_WITH_KNOTS('',1,(#5969,#5970),.UNSPECIFIED.,.F.,
  .F.,(2,2),(-1.275,0.425),.PIECEWISE_BEZIER_KNOTS.);
#5969 = CARTESIAN_POINT('',(1.7,10.));
#5970 = CARTESIAN_POINT('',(0.,10.));
#5971 = ( GEOMETRIC_REPRESENTATION_CONTEXT(2) 
PARAMETRIC_REPRESENTATION_CONTEXT() REPRESENTATION_CONTEXT('2D SPACE',''
  ) );
#5972 = ADVANCED_FACE('',(#5973),#5243,.F.);
#5973 = FACE_BOUND('',#5974,.F.);
#5974 = EDGE_LOOP('',(#5975,#5976,#5977,#5978));
#5975 = ORIENTED_EDGE('',*,*,#5362,.F.);
#5976 = ORIENTED_EDGE('',*,*,#5954,.F.);
#5977 = ORIENTED_EDGE('',*,*,#5229,.T.);
#5978 = ORIENTED_EDGE('',*,*,#5979,.F.);
#5979 = EDGE_CURVE('',#5340,#5202,#5980,.T.);
#5980 = SURFACE_CURVE('',#5981,(#5985,#5992),.PCURVE_S1.);
#5981 = LINE('',#5982,#5983);
#5982 = CARTESIAN_POINT('',(-24.6,-0.85,144.3));
#5983 = VECTOR('',#5984,1.);
#5984 = DIRECTION('',(0.,1.,1.110223024625E-16));
#5985 = PCURVE('',#5243,#5986);
#5986 = DEFINITIONAL_REPRESENTATION('',(#5987),#5991);
#5987 = LINE('',#5988,#5989);
#5988 = CARTESIAN_POINT('',(0.,10.1));
#5989 = VECTOR('',#5990,1.);
#5990 = DIRECTION('',(1.,0.));
#5991 = ( GEOMETRIC_REPRESENTATION_CONTEXT(2) 
PARAMETRIC_REPRESENTATION_CONTEXT() REPRESENTATION_CONTEXT('2D SPACE',''
  ) );
#5992 = PCURVE('',#5217,#5993);
#5993 = DEFINITIONAL_REPRESENTATION('',(#5994),#5998);
#5994 = LINE('',#5995,#5996);
#5995 = CARTESIAN_POINT('',(0.,-2.));
#5996 = VECTOR('',#5997,1.);
#5997 = DIRECTION('',(1.,0.));
#5998 = ( GEOMETRIC_REPRESENTATION_CONTEXT(2) 
PARAMETRIC_REPRESENTATION_CONTEXT() REPRESENTATION_CONTEXT('2D SPACE',''
  ) );
#5999 = ADVANCED_FACE('',(#6000),#5217,.F.);
#6000 = FACE_BOUND('',#6001,.F.);
#6001 = EDGE_LOOP('',(#6002,#6023,#6024,#6025));
#6002 = ORIENTED_EDGE('',*,*,#6003,.F.);
#6003 = EDGE_CURVE('',#5317,#5174,#6004,.T.);
#6004 = SURFACE_CURVE('',#6005,(#6009,#6016),.PCURVE_S1.);
#6005 = LINE('',#6006,#6007);
#6006 = CARTESIAN_POINT('',(-24.6,-0.85,146.3));
#6007 = VECTOR('',#6008,1.);
#6008 = DIRECTION('',(0.,1.,1.110223024625E-16));
#6009 = PCURVE('',#5217,#6010);
#6010 = DEFINITIONAL_REPRESENTATION('',(#6011),#6015);
#6011 = LINE('',#6012,#6013);
#6012 = CARTESIAN_POINT('',(0.,0.));
#6013 = VECTOR('',#6014,1.);
#6014 = DIRECTION('',(1.,0.));
#6015 = ( GEOMETRIC_REPRESENTATION_CONTEXT(2) 
PARAMETRIC_REPRESENTATION_CONTEXT() REPRESENTATION_CONTEXT('2D SPACE',''
  ) );
#6016 = PCURVE('',#5189,#6017);
#6017 = DEFINITIONAL_REPRESENTATION('',(#6018),#6022);
#6018 = LINE('',#6019,#6020);
#6019 = CARTESIAN_POINT('',(0.,10.1));
#6020 = VECTOR('',#6021,1.);
#6021 = DIRECTION('',(1.,0.));
#6022 = ( GEOMETRIC_REPRESENTATION_CONTEXT(2) 
PARAMETRIC_REPRESENTATION_CONTEXT() REPRESENTATION_CONTEXT('2D SPACE',''
  ) );
#6023 = ORIENTED_EDGE('',*,*,#5339,.T.);
#6024 = ORIENTED_EDGE('',*,*,#5979,.T.);
#6025 = ORIENTED_EDGE('',*,*,#5201,.F.);
#6026 = ADVANCED_FACE('',(#6027),#5189,.T.);
#6027 = FACE_BOUND('',#6028,.T.);
#6028 = EDGE_LOOP('',(#6029,#6030,#6049,#6050));
#6029 = ORIENTED_EDGE('',*,*,#5316,.F.);
#6030 = ORIENTED_EDGE('',*,*,#6031,.F.);
#6031 = EDGE_CURVE('',#5151,#5260,#6032,.T.);
#6032 = SURFACE_CURVE('',#6033,(#6037,#6043),.PCURVE_S1.);
#6033 = LINE('',#6034,#6035);
#6034 = CARTESIAN_POINT('',(-24.7,-0.425,146.3));
#6035 = VECTOR('',#6036,1.);
#6036 = DIRECTION('',(0.,-1.,-1.110223024625E-16));
#6037 = PCURVE('',#5189,#6038);
#6038 = DEFINITIONAL_REPRESENTATION('',(#6039),#6042);
#6039 = B_SPLINE_CURVE_WITH_KNOTS('',1,(#6040,#6041),.UNSPECIFIED.,.F.,
  .F.,(2,2),(-1.275,0.425),.PIECEWISE_BEZIER_KNOTS.);
#6040 = CARTESIAN_POINT('',(1.7,10.));
#6041 = CARTESIAN_POINT('',(0.,10.));
#6042 = ( GEOMETRIC_REPRESENTATION_CONTEXT(2) 
PARAMETRIC_REPRESENTATION_CONTEXT() REPRESENTATION_CONTEXT('2D SPACE',''
  ) );
#6043 = PCURVE('',#5297,#6044);
#6044 = DEFINITIONAL_REPRESENTATION('',(#6045),#6048);
#6045 = B_SPLINE_CURVE_WITH_KNOTS('',1,(#6046,#6047),.UNSPECIFIED.,.F.,
  .F.,(2,2),(-1.275,0.425),.PIECEWISE_BEZIER_KNOTS.);
#6046 = CARTESIAN_POINT('',(-0.85,0.));
#6047 = CARTESIAN_POINT('',(0.85,0.));
#6048 = ( GEOMETRIC_REPRESENTATION_CONTEXT(2) 
PARAMETRIC_REPRESENTATION_CONTEXT() REPRESENTATION_CONTEXT('2D SPACE',''
  ) );
#6049 = ORIENTED_EDGE('',*,*,#5173,.T.);
#6050 = ORIENTED_EDGE('',*,*,#6003,.F.);
#6051 = ADVANCED_FACE('',(#6052),#5297,.T.);
#6052 = FACE_BOUND('',#6053,.T.);
#6053 = EDGE_LOOP('',(#6054,#6055));
#6054 = ORIENTED_EDGE('',*,*,#6031,.T.);
#6055 = ORIENTED_EDGE('',*,*,#5282,.T.);
#6056 = ADVANCED_FACE('',(#6057),#5448,.T.);
#6057 = FACE_BOUND('',#6058,.T.);
#6058 = EDGE_LOOP('',(#6059,#6060));
#6059 = ORIENTED_EDGE('',*,*,#5433,.T.);
#6060 = ORIENTED_EDGE('',*,*,#6061,.F.);
#6061 = EDGE_CURVE('',#5411,#5387,#6062,.T.);
#6062 = SURFACE_CURVE('',#6063,(#6067,#6073),.PCURVE_S1.);
#6063 = LINE('',#6064,#6065);
#6064 = CARTESIAN_POINT('',(-24.7,-0.425,172.3));
#6065 = VECTOR('',#6066,1.);
#6066 = DIRECTION('',(0.,-1.,-1.110223024625E-16));
#6067 = PCURVE('',#5448,#6068);
#6068 = DEFINITIONAL_REPRESENTATION('',(#6069),#6072);
#6069 = B_SPLINE_CURVE_WITH_KNOTS('',1,(#6070,#6071),.UNSPECIFIED.,.F.,
  .F.,(2,2),(-1.275,0.425),.PIECEWISE_BEZIER_KNOTS.);
#6070 = CARTESIAN_POINT('',(-0.85,0.));
#6071 = CARTESIAN_POINT('',(0.85,0.));
#6072 = ( GEOMETRIC_REPRESENTATION_CONTEXT(2) 
PARAMETRIC_REPRESENTATION_CONTEXT() REPRESENTATION_CONTEXT('2D SPACE',''
  ) );
#6073 = PCURVE('',#5558,#6074);
#6074 = DEFINITIONAL_REPRESENTATION('',(#6075),#6078);
#6075 = B_SPLINE_CURVE_WITH_KNOTS('',1,(#6076,#6077),.UNSPECIFIED.,.F.,
  .F.,(2,2),(-1.275,0.425),.PIECEWISE_BEZIER_KNOTS.);
#6076 = CARTESIAN_POINT('',(1.7,10.));
#6077 = CARTESIAN_POINT('',(0.,10.));
#6078 = ( GEOMETRIC_REPRESENTATION_CONTEXT(2) 
PARAMETRIC_REPRESENTATION_CONTEXT() REPRESENTATION_CONTEXT('2D SPACE',''
  ) );
#6079 = ADVANCED_FACE('',(#6080),#5558,.F.);
#6080 = FACE_BOUND('',#6081,.F.);
#6081 = EDGE_LOOP('',(#6082,#6083,#6084,#6085));
#6082 = ORIENTED_EDGE('',*,*,#5644,.F.);
#6083 = ORIENTED_EDGE('',*,*,#6061,.F.);
#6084 = ORIENTED_EDGE('',*,*,#5544,.T.);
#6085 = ORIENTED_EDGE('',*,*,#6086,.F.);
#6086 = EDGE_CURVE('',#5622,#5517,#6087,.T.);
#6087 = SURFACE_CURVE('',#6088,(#6092,#6099),.PCURVE_S1.);
#6088 = LINE('',#6089,#6090);
#6089 = CARTESIAN_POINT('',(-24.6,-0.85,172.3));
#6090 = VECTOR('',#6091,1.);
#6091 = DIRECTION('',(0.,1.,1.110223024625E-16));
#6092 = PCURVE('',#5558,#6093);
#6093 = DEFINITIONAL_REPRESENTATION('',(#6094),#6098);
#6094 = LINE('',#6095,#6096);
#6095 = CARTESIAN_POINT('',(0.,10.1));
#6096 = VECTOR('',#6097,1.);
#6097 = DIRECTION('',(1.,0.));
#6098 = ( GEOMETRIC_REPRESENTATION_CONTEXT(2) 
PARAMETRIC_REPRESENTATION_CONTEXT() REPRESENTATION_CONTEXT('2D SPACE',''
  ) );
#6099 = PCURVE('',#5532,#6100);
#6100 = DEFINITIONAL_REPRESENTATION('',(#6101),#6105);
#6101 = LINE('',#6102,#6103);
#6102 = CARTESIAN_POINT('',(0.,-2.));
#6103 = VECTOR('',#6104,1.);
#6104 = DIRECTION('',(1.,0.));
#6105 = ( GEOMETRIC_REPRESENTATION_CONTEXT(2) 
PARAMETRIC_REPRESENTATION_CONTEXT() REPRESENTATION_CONTEXT('2D SPACE',''
  ) );
#6106 = ADVANCED_FACE('',(#6107),#5532,.F.);
#6107 = FACE_BOUND('',#6108,.F.);
#6108 = EDGE_LOOP('',(#6109,#6130,#6131,#6132));
#6109 = ORIENTED_EDGE('',*,*,#6110,.F.);
#6110 = EDGE_CURVE('',#5599,#5489,#6111,.T.);
#6111 = SURFACE_CURVE('',#6112,(#6116,#6123),.PCURVE_S1.);
#6112 = LINE('',#6113,#6114);
#6113 = CARTESIAN_POINT('',(-24.6,-0.85,174.3));
#6114 = VECTOR('',#6115,1.);
#6115 = DIRECTION('',(0.,1.,1.110223024625E-16));
#6116 = PCURVE('',#5532,#6117);
#6117 = DEFINITIONAL_REPRESENTATION('',(#6118),#6122);
#6118 = LINE('',#6119,#6120);
#6119 = CARTESIAN_POINT('',(0.,0.));
#6120 = VECTOR('',#6121,1.);
#6121 = DIRECTION('',(1.,0.));
#6122 = ( GEOMETRIC_REPRESENTATION_CONTEXT(2) 
PARAMETRIC_REPRESENTATION_CONTEXT() REPRESENTATION_CONTEXT('2D SPACE',''
  ) );
#6123 = PCURVE('',#5504,#6124);
#6124 = DEFINITIONAL_REPRESENTATION('',(#6125),#6129);
#6125 = LINE('',#6126,#6127);
#6126 = CARTESIAN_POINT('',(0.,10.1));
#6127 = VECTOR('',#6128,1.);
#6128 = DIRECTION('',(1.,0.));
#6129 = ( GEOMETRIC_REPRESENTATION_CONTEXT(2) 
PARAMETRIC_REPRESENTATION_CONTEXT() REPRESENTATION_CONTEXT('2D SPACE',''
  ) );
#6130 = ORIENTED_EDGE('',*,*,#5621,.T.);
#6131 = ORIENTED_EDGE('',*,*,#6086,.T.);
#6132 = ORIENTED_EDGE('',*,*,#5516,.F.);
#6133 = ADVANCED_FACE('',(#6134),#5504,.T.);
#6134 = FACE_BOUND('',#6135,.T.);
#6135 = EDGE_LOOP('',(#6136,#6137,#6156,#6157));
#6136 = ORIENTED_EDGE('',*,*,#5598,.F.);
#6137 = ORIENTED_EDGE('',*,*,#6138,.F.);
#6138 = EDGE_CURVE('',#5466,#5576,#6139,.T.);
#6139 = SURFACE_CURVE('',#6140,(#6144,#6150),.PCURVE_S1.);
#6140 = LINE('',#6141,#6142);
#6141 = CARTESIAN_POINT('',(-24.7,-0.425,174.3));
#6142 = VECTOR('',#6143,1.);
#6143 = DIRECTION('',(0.,-1.,-1.110223024625E-16));
#6144 = PCURVE('',#5504,#6145);
#6145 = DEFINITIONAL_REPRESENTATION('',(#6146),#6149);
#6146 = B_SPLINE_CURVE_WITH_KNOTS('',1,(#6147,#6148),.UNSPECIFIED.,.F.,
  .F.,(2,2),(-1.275,0.425),.PIECEWISE_BEZIER_KNOTS.);
#6147 = CARTESIAN_POINT('',(1.7,10.));
#6148 = CARTESIAN_POINT('',(0.,10.));
#6149 = ( GEOMETRIC_REPRESENTATION_CONTEXT(2) 
PARAMETRIC_REPRESENTATION_CONTEXT() REPRESENTATION_CONTEXT('2D SPACE',''
  ) );
#6150 = PCURVE('',#5685,#6151);
#6151 = DEFINITIONAL_REPRESENTATION('',(#6152),#6155);
#6152 = B_SPLINE_CURVE_WITH_KNOTS('',1,(#6153,#6154),.UNSPECIFIED.,.F.,
  .F.,(2,2),(-1.275,0.425),.PIECEWISE_BEZIER_KNOTS.);
#6153 = CARTESIAN_POINT('',(-0.85,0.));
#6154 = CARTESIAN_POINT('',(0.85,0.));
#6155 = ( GEOMETRIC_REPRESENTATION_CONTEXT(2) 
PARAMETRIC_REPRESENTATION_CONTEXT() REPRESENTATION_CONTEXT('2D SPACE',''
  ) );
#6156 = ORIENTED_EDGE('',*,*,#5488,.T.);
#6157 = ORIENTED_EDGE('',*,*,#6110,.F.);
#6158 = ADVANCED_FACE('',(#6159),#5685,.T.);
#6159 = FACE_BOUND('',#6160,.T.);
#6160 = EDGE_LOOP('',(#6161,#6162));
#6161 = ORIENTED_EDGE('',*,*,#6138,.T.);
#6162 = ORIENTED_EDGE('',*,*,#5670,.T.);
#6163 = ( GEOMETRIC_REPRESENTATION_CONTEXT(3) 
GLOBAL_UNCERTAINTY_ASSIGNED_CONTEXT((#6167)) 
GLOBAL_UNIT_ASSIGNED_CONTEXT((#6164,#6165,#6166)) REPRESENTATION_CONTEXT
('Context #1','3D Context with UNIT and UNCERTAINTY') );
#6164 = ( LENGTH_UNIT() NAMED_UNIT(*) SI_UNIT(.MILLI.,.METRE.) );
#6165 = ( NAMED_UNIT(*) PLANE_ANGLE_UNIT() SI_UNIT($,.RADIAN.) );
#6166 = ( NAMED_UNIT(*) SI_UNIT($,.STERADIAN.) SOLID_ANGLE_UNIT() );
#6167 = UNCERTAINTY_MEASURE_WITH_UNIT(LENGTH_MEASURE(2.E-07),#6164,
  'distance_accuracy_value','confusion accuracy');
#6168 = PRODUCT_RELATED_PRODUCT_CATEGORY('part',$,(#7));
ENDSEC;
END-ISO-10303-21;
