ISO-10303-21;
HEADER;
FILE_DESCRIPTION(('FreeCAD Model'),'2;1');
FILE_NAME('Open CASCADE Shape Model','2026-10-05T13:22:16',('FreeCAD'),(
    'FreeCAD'),'Open CASCADE STEP processor 7.5','FreeCAD','Unknown');
FILE_SCHEMA(('AUTOMOTIVE_DESIGN { 1 0 10303 214 1 1 1 1 }'));
ENDSEC;
DATA;
#1 = APPLICATION_PROTOCOL_DEFINITION('international standard',
  'automotive_design',2000,#2);
#2 = APPLICATION_CONTEXT(
  'core data for automotive mechanical design processes');
#3 = SHAPE_DEFINITION_REPRESENTATION(#4,#10);
#4 = PRODUCT_DEFINITION_SHAPE('','',#5);
#5 = PRODUCT_DEFINITION('design','',#6,#9);
#6 = PRODUCT_DEFINITION_FORMATION('','',#7);
#7 = PRODUCT('Open CASCADE STEP translator 7.5 3',
  'Open CASCADE STEP translator 7.5 3','',(#8));
#8 = PRODUCT_CONTEXT('',#2,'mechanical');
#9 = PRODUCT_DEFINITION_CONTEXT('part definition',#2,'design');
#10 = ADVANCED_BREP_SHAPE_REPRESENTATION('',(#11,#15),#7503);
#11 = AXIS2_PLACEMENT_3D('',#12,#13,#14);
#12 = CARTESIAN_POINT('',(0.,0.,0.));
#13 = DIRECTION('',(0.,0.,1.));
#14 = DIRECTION('',(1.,0.,-0.));
#15 = MANIFOLD_SOLID_BREP('',#16);
#16 = CLOSED_SHELL('',(#17,#251,#349,#1903,#1931,#2885,#2946,#3071,#3076
    ,#3082,#3160,#3188,#3193,#3271,#3299,#3304,#3405,#3458,#3536,#3564,
    #3569,#3623,#3724,#3777,#3878,#3931,#3966,#4015,#4054,#4093,#4132,
    #4171,#6635,#6669,#6703,#7287,#7314,#7341,#7368,#7395,#7422,#7449,
    #7478,#7482,#7489,#7496));
#17 = ADVANCED_FACE('',(#18),#39,.T.);
#18 = FACE_BOUND('',#19,.T.);
#19 = EDGE_LOOP('',(#20,#76,#105,#128,#155,#156,#180,#224));
#20 = ORIENTED_EDGE('',*,*,#21,.T.);
#21 = EDGE_CURVE('',#22,#24,#26,.T.);
#22 = VERTEX_POINT('',#23);
#23 = CARTESIAN_POINT('',(-31.58967394576,0.806619347799,14.4));
#24 = VERTEX_POINT('',#25);
#25 = CARTESIAN_POINT('',(-31.58967394576,-0.808930094341,14.4));
#26 = SURFACE_CURVE('',#27,(#38,#57),.PCURVE_S1.);
#27 = B_SPLINE_CURVE_WITH_KNOTS('',5,(#28,#29,#30,#31,#32,#33,#34,#35,
    #36,#37),.UNSPECIFIED.,.F.,.F.,(6,4,6),(0.,0.499999999996,1.),
  .UNSPECIFIED.);
#28 = CARTESIAN_POINT('',(-31.58967390588,0.806620907638,14.3999994));
#29 = CARTESIAN_POINT('',(-31.59348300088,0.657658785584,14.457298496823
    ));
#30 = CARTESIAN_POINT('',(-31.59664358685,0.499718184207,14.502888818643
    ));
#31 = CARTESIAN_POINT('',(-31.59887892868,0.335231019539,14.534247329729
    ));
#32 = CARTESIAN_POINT('',(-31.6,0.167232962455,14.55));
#33 = CARTESIAN_POINT('',(-31.6,-0.169543709,14.55));
#34 = CARTESIAN_POINT('',(-31.59887892868,-0.337541766074,
    14.534247329729));
#35 = CARTESIAN_POINT('',(-31.59664358685,-0.502028930756,
    14.502888818642));
#36 = CARTESIAN_POINT('',(-31.59348300088,-0.659969532123,
    14.457298496824));
#37 = CARTESIAN_POINT('',(-31.58967390588,-0.80893165418,14.3999994));
#38 = PCURVE('',#39,#44);
#39 = CYLINDRICAL_SURFACE('',#40,31.6);
#40 = AXIS2_PLACEMENT_3D('',#41,#42,#43);
#41 = CARTESIAN_POINT('',(0.,-1.155373271064E-03,3.552713678801E-15));
#42 = DIRECTION('',(0.,1.110223024625E-16,1.));
#43 = DIRECTION('',(0.,-1.,1.110223024625E-16));
#44 = DEFINITIONAL_REPRESENTATION('',(#45),#56);
#45 = B_SPLINE_CURVE_WITH_KNOTS('',5,(#46,#47,#48,#49,#50,#51,#52,#53,
    #54,#55),.UNSPECIFIED.,.F.,.F.,(6,4,6),(0.,0.499999999996,1.),
  .UNSPECIFIED.);
#46 = CARTESIAN_POINT('',(4.686823655085,14.3999994));
#47 = CARTESIAN_POINT('',(4.691539187208,14.457298496823));
#48 = CARTESIAN_POINT('',(4.696538232095,14.502888818643));
#49 = CARTESIAN_POINT('',(4.701743842652,14.534247329729));
#50 = CARTESIAN_POINT('',(4.707060235583,14.55));
#51 = CARTESIAN_POINT('',(4.717717725186,14.55));
#52 = CARTESIAN_POINT('',(4.723034118117,14.534247329729));
#53 = CARTESIAN_POINT('',(4.728239728675,14.502888818642));
#54 = CARTESIAN_POINT('',(4.733238773562,14.457298496824));
#55 = CARTESIAN_POINT('',(4.737954305685,14.3999994));
#56 = ( GEOMETRIC_REPRESENTATION_CONTEXT(2) 
PARAMETRIC_REPRESENTATION_CONTEXT() REPRESENTATION_CONTEXT('2D SPACE',''
  ) );
#57 = PCURVE('',#58,#63);
#58 = CYLINDRICAL_SURFACE('',#59,2.25);
#59 = AXIS2_PLACEMENT_3D('',#60,#61,#62);
#60 = CARTESIAN_POINT('',(-34.6,-1.155373271063E-03,12.3));
#61 = DIRECTION('',(1.,0.,0.));
#62 = DIRECTION('',(0.,-1.,1.110223024625E-16));
#63 = DEFINITIONAL_REPRESENTATION('',(#64),#75);
#64 = B_SPLINE_CURVE_WITH_KNOTS('',5,(#65,#66,#67,#68,#69,#70,#71,#72,
    #73,#74),.UNSPECIFIED.,.F.,.F.,(6,4,6),(0.,0.499999999996,1.),
  .UNSPECIFIED.);
#65 = CARTESIAN_POINT('',(4.345180217046,3.010326094117));
#66 = CARTESIAN_POINT('',(4.416114581149,3.006516999117));
#67 = CARTESIAN_POINT('',(4.488905098734,3.003356413147));
#68 = CARTESIAN_POINT('',(4.562883946033,3.001121071316));
#69 = CARTESIAN_POINT('',(4.637549720062,3.));
#70 = CARTESIAN_POINT('',(4.787228240709,3.));
#71 = CARTESIAN_POINT('',(4.861894014733,3.001121071316));
#72 = CARTESIAN_POINT('',(4.935872862039,3.003356413147));
#73 = CARTESIAN_POINT('',(5.008663379619,3.006516999117));
#74 = CARTESIAN_POINT('',(5.079597743723,3.010326094117));
#75 = ( GEOMETRIC_REPRESENTATION_CONTEXT(2) 
PARAMETRIC_REPRESENTATION_CONTEXT() REPRESENTATION_CONTEXT('2D SPACE',''
  ) );
#76 = ORIENTED_EDGE('',*,*,#77,.T.);
#77 = EDGE_CURVE('',#24,#78,#80,.T.);
#78 = VERTEX_POINT('',#79);
#79 = CARTESIAN_POINT('',(-7.739767770611E-15,-31.60115537327,14.4));
#80 = SURFACE_CURVE('',#81,(#86,#93),.PCURVE_S1.);
#81 = CIRCLE('',#82,31.6);
#82 = AXIS2_PLACEMENT_3D('',#83,#84,#85);
#83 = CARTESIAN_POINT('',(0.,-1.155373271062E-03,14.4));
#84 = DIRECTION('',(-0.,1.110223024625E-16,1.));
#85 = DIRECTION('',(0.,-1.,1.110223024625E-16));
#86 = PCURVE('',#39,#87);
#87 = DEFINITIONAL_REPRESENTATION('',(#88),#92);
#88 = LINE('',#89,#90);
#89 = CARTESIAN_POINT('',(0.,14.4));
#90 = VECTOR('',#91,1.);
#91 = DIRECTION('',(1.,0.));
#92 = ( GEOMETRIC_REPRESENTATION_CONTEXT(2) 
PARAMETRIC_REPRESENTATION_CONTEXT() REPRESENTATION_CONTEXT('2D SPACE',''
  ) );
#93 = PCURVE('',#94,#99);
#94 = PLANE('',#95);
#95 = AXIS2_PLACEMENT_3D('',#96,#97,#98);
#96 = CARTESIAN_POINT('',(0.,-1.155373271062E-03,14.4));
#97 = DIRECTION('',(0.,1.110223024625E-16,1.));
#98 = DIRECTION('',(0.,-1.,1.110223024625E-16));
#99 = DEFINITIONAL_REPRESENTATION('',(#100),#104);
#100 = CIRCLE('',#101,31.6);
#101 = AXIS2_PLACEMENT_2D('',#102,#103);
#102 = CARTESIAN_POINT('',(0.,0.));
#103 = DIRECTION('',(1.,0.));
#104 = ( GEOMETRIC_REPRESENTATION_CONTEXT(2) 
PARAMETRIC_REPRESENTATION_CONTEXT() REPRESENTATION_CONTEXT('2D SPACE',''
  ) );
#105 = ORIENTED_EDGE('',*,*,#106,.T.);
#106 = EDGE_CURVE('',#78,#107,#109,.T.);
#107 = VERTEX_POINT('',#108);
#108 = CARTESIAN_POINT('',(-7.739767770611E-15,-31.60115537327,41.));
#109 = SEAM_CURVE('',#110,(#114,#121),.PCURVE_S1.);
#110 = LINE('',#111,#112);
#111 = CARTESIAN_POINT('',(-7.739767770611E-15,-31.60115537327,
    7.061018436616E-15));
#112 = VECTOR('',#113,1.);
#113 = DIRECTION('',(0.,1.110223024625E-16,1.));
#114 = PCURVE('',#39,#115);
#115 = DEFINITIONAL_REPRESENTATION('',(#116),#120);
#116 = LINE('',#117,#118);
#117 = CARTESIAN_POINT('',(0.,-0.));
#118 = VECTOR('',#119,1.);
#119 = DIRECTION('',(0.,1.));
#120 = ( GEOMETRIC_REPRESENTATION_CONTEXT(2) 
PARAMETRIC_REPRESENTATION_CONTEXT() REPRESENTATION_CONTEXT('2D SPACE',''
  ) );
#121 = PCURVE('',#39,#122);
#122 = DEFINITIONAL_REPRESENTATION('',(#123),#127);
#123 = LINE('',#124,#125);
#124 = CARTESIAN_POINT('',(6.28318530718,-0.));
#125 = VECTOR('',#126,1.);
#126 = DIRECTION('',(0.,1.));
#127 = ( GEOMETRIC_REPRESENTATION_CONTEXT(2) 
PARAMETRIC_REPRESENTATION_CONTEXT() REPRESENTATION_CONTEXT('2D SPACE',''
  ) );
#128 = ORIENTED_EDGE('',*,*,#129,.F.);
#129 = EDGE_CURVE('',#107,#107,#130,.T.);
#130 = SURFACE_CURVE('',#131,(#136,#143),.PCURVE_S1.);
#131 = CIRCLE('',#132,31.6);
#132 = AXIS2_PLACEMENT_3D('',#133,#134,#135);
#133 = CARTESIAN_POINT('',(0.,-1.155373271059E-03,41.));
#134 = DIRECTION('',(-0.,1.110223024625E-16,1.));
#135 = DIRECTION('',(0.,-1.,1.110223024625E-16));
#136 = PCURVE('',#39,#137);
#137 = DEFINITIONAL_REPRESENTATION('',(#138),#142);
#138 = LINE('',#139,#140);
#139 = CARTESIAN_POINT('',(0.,41.));
#140 = VECTOR('',#141,1.);
#141 = DIRECTION('',(1.,0.));
#142 = ( GEOMETRIC_REPRESENTATION_CONTEXT(2) 
PARAMETRIC_REPRESENTATION_CONTEXT() REPRESENTATION_CONTEXT('2D SPACE',''
  ) );
#143 = PCURVE('',#144,#149);
#144 = PLANE('',#145);
#145 = AXIS2_PLACEMENT_3D('',#146,#147,#148);
#146 = CARTESIAN_POINT('',(0.,-1.155373271059E-03,41.));
#147 = DIRECTION('',(0.,1.110223024625E-16,1.));
#148 = DIRECTION('',(0.,-1.,1.110223024625E-16));
#149 = DEFINITIONAL_REPRESENTATION('',(#150),#154);
#150 = CIRCLE('',#151,31.6);
#151 = AXIS2_PLACEMENT_2D('',#152,#153);
#152 = CARTESIAN_POINT('',(0.,0.));
#153 = DIRECTION('',(1.,0.));
#154 = ( GEOMETRIC_REPRESENTATION_CONTEXT(2) 
PARAMETRIC_REPRESENTATION_CONTEXT() REPRESENTATION_CONTEXT('2D SPACE',''
  ) );
#155 = ORIENTED_EDGE('',*,*,#106,.F.);
#156 = ORIENTED_EDGE('',*,*,#157,.T.);
#157 = EDGE_CURVE('',#78,#158,#160,.T.);
#158 = VERTEX_POINT('',#159);
#159 = CARTESIAN_POINT('',(31.589673945769,-0.808930094341,14.4));
#160 = SURFACE_CURVE('',#161,(#166,#173),.PCURVE_S1.);
#161 = CIRCLE('',#162,31.6);
#162 = AXIS2_PLACEMENT_3D('',#163,#164,#165);
#163 = CARTESIAN_POINT('',(0.,-1.155373271062E-03,14.4));
#164 = DIRECTION('',(-0.,1.110223024625E-16,1.));
#165 = DIRECTION('',(0.,-1.,1.110223024625E-16));
#166 = PCURVE('',#39,#167);
#167 = DEFINITIONAL_REPRESENTATION('',(#168),#172);
#168 = LINE('',#169,#170);
#169 = CARTESIAN_POINT('',(0.,14.4));
#170 = VECTOR('',#171,1.);
#171 = DIRECTION('',(1.,0.));
#172 = ( GEOMETRIC_REPRESENTATION_CONTEXT(2) 
PARAMETRIC_REPRESENTATION_CONTEXT() REPRESENTATION_CONTEXT('2D SPACE',''
  ) );
#173 = PCURVE('',#94,#174);
#174 = DEFINITIONAL_REPRESENTATION('',(#175),#179);
#175 = CIRCLE('',#176,31.6);
#176 = AXIS2_PLACEMENT_2D('',#177,#178);
#177 = CARTESIAN_POINT('',(0.,0.));
#178 = DIRECTION('',(1.,0.));
#179 = ( GEOMETRIC_REPRESENTATION_CONTEXT(2) 
PARAMETRIC_REPRESENTATION_CONTEXT() REPRESENTATION_CONTEXT('2D SPACE',''
  ) );
#180 = ORIENTED_EDGE('',*,*,#181,.F.);
#181 = EDGE_CURVE('',#182,#158,#184,.T.);
#182 = VERTEX_POINT('',#183);
#183 = CARTESIAN_POINT('',(31.589673945769,0.806619347799,14.4));
#184 = SURFACE_CURVE('',#185,(#196,#210),.PCURVE_S1.);
#185 = B_SPLINE_CURVE_WITH_KNOTS('',5,(#186,#187,#188,#189,#190,#191,
    #192,#193,#194,#195),.UNSPECIFIED.,.F.,.F.,(6,4,6),(0.,
    0.499999999995,1.),.UNSPECIFIED.);
#186 = CARTESIAN_POINT('',(31.589673905883,0.806620907638,14.3999994));
#187 = CARTESIAN_POINT('',(31.593483000883,0.657658785584,
    14.457298496823));
#188 = CARTESIAN_POINT('',(31.596643586853,0.499718184207,
    14.502888818643));
#189 = CARTESIAN_POINT('',(31.598878928684,0.335231019539,
    14.534247329729));
#190 = CARTESIAN_POINT('',(31.6,0.167232962455,14.55));
#191 = CARTESIAN_POINT('',(31.6,-0.169543709001,14.55));
#192 = CARTESIAN_POINT('',(31.598878928684,-0.337541766072,
    14.53424732973));
#193 = CARTESIAN_POINT('',(31.596643586853,-0.502028930758,
    14.502888818641));
#194 = CARTESIAN_POINT('',(31.593483000883,-0.659969532122,
    14.457298496825));
#195 = CARTESIAN_POINT('',(31.589673905883,-0.80893165418,14.3999994));
#196 = PCURVE('',#39,#197);
#197 = DEFINITIONAL_REPRESENTATION('',(#198),#209);
#198 = B_SPLINE_CURVE_WITH_KNOTS('',5,(#199,#200,#201,#202,#203,#204,
    #205,#206,#207,#208),.UNSPECIFIED.,.F.,.F.,(6,4,6),(0.,
    0.499999999995,1.),.UNSPECIFIED.);
#199 = CARTESIAN_POINT('',(1.596361652095,14.3999994));
#200 = CARTESIAN_POINT('',(1.591646119972,14.457298496823));
#201 = CARTESIAN_POINT('',(1.586647075085,14.502888818643));
#202 = CARTESIAN_POINT('',(1.581441464527,14.534247329729));
#203 = CARTESIAN_POINT('',(1.576125071596,14.55));
#204 = CARTESIAN_POINT('',(1.565467581993,14.55));
#205 = CARTESIAN_POINT('',(1.560151189063,14.53424732973));
#206 = CARTESIAN_POINT('',(1.554945578505,14.502888818641));
#207 = CARTESIAN_POINT('',(1.549946533618,14.457298496825));
#208 = CARTESIAN_POINT('',(1.545231001495,14.3999994));
#209 = ( GEOMETRIC_REPRESENTATION_CONTEXT(2) 
PARAMETRIC_REPRESENTATION_CONTEXT() REPRESENTATION_CONTEXT('2D SPACE',''
  ) );
#210 = PCURVE('',#58,#211);
#211 = DEFINITIONAL_REPRESENTATION('',(#212),#223);
#212 = B_SPLINE_CURVE_WITH_KNOTS('',5,(#213,#214,#215,#216,#217,#218,
    #219,#220,#221,#222),.UNSPECIFIED.,.F.,.F.,(6,4,6),(0.,
    0.499999999995,1.),.UNSPECIFIED.);
#213 = CARTESIAN_POINT('',(4.345180217046,66.189673905883));
#214 = CARTESIAN_POINT('',(4.416114581149,66.193483000883));
#215 = CARTESIAN_POINT('',(4.488905098734,66.196643586853));
#216 = CARTESIAN_POINT('',(4.562883946034,66.198878928684));
#217 = CARTESIAN_POINT('',(4.637549720062,66.2));
#218 = CARTESIAN_POINT('',(4.787228240709,66.2));
#219 = CARTESIAN_POINT('',(4.861894014732,66.198878928684));
#220 = CARTESIAN_POINT('',(4.93587286204,66.196643586853));
#221 = CARTESIAN_POINT('',(5.008663379619,66.193483000883));
#222 = CARTESIAN_POINT('',(5.079597743723,66.189673905883));
#223 = ( GEOMETRIC_REPRESENTATION_CONTEXT(2) 
PARAMETRIC_REPRESENTATION_CONTEXT() REPRESENTATION_CONTEXT('2D SPACE',''
  ) );
#224 = ORIENTED_EDGE('',*,*,#225,.T.);
#225 = EDGE_CURVE('',#182,#22,#226,.T.);
#226 = SURFACE_CURVE('',#227,(#232,#239),.PCURVE_S1.);
#227 = CIRCLE('',#228,31.6);
#228 = AXIS2_PLACEMENT_3D('',#229,#230,#231);
#229 = CARTESIAN_POINT('',(0.,-1.155373271062E-03,14.4));
#230 = DIRECTION('',(-0.,1.110223024625E-16,1.));
#231 = DIRECTION('',(0.,-1.,1.110223024625E-16));
#232 = PCURVE('',#39,#233);
#233 = DEFINITIONAL_REPRESENTATION('',(#234),#238);
#234 = LINE('',#235,#236);
#235 = CARTESIAN_POINT('',(0.,14.4));
#236 = VECTOR('',#237,1.);
#237 = DIRECTION('',(1.,0.));
#238 = ( GEOMETRIC_REPRESENTATION_CONTEXT(2) 
PARAMETRIC_REPRESENTATION_CONTEXT() REPRESENTATION_CONTEXT('2D SPACE',''
  ) );
#239 = PCURVE('',#240,#245);
#240 = PLANE('',#241);
#241 = AXIS2_PLACEMENT_3D('',#242,#243,#244);
#242 = CARTESIAN_POINT('',(0.,-1.155373271062E-03,14.4));
#243 = DIRECTION('',(0.,1.110223024625E-16,1.));
#244 = DIRECTION('',(0.,-1.,1.110223024625E-16));
#245 = DEFINITIONAL_REPRESENTATION('',(#246),#250);
#246 = CIRCLE('',#247,31.6);
#247 = AXIS2_PLACEMENT_2D('',#248,#249);
#248 = CARTESIAN_POINT('',(0.,0.));
#249 = DIRECTION('',(1.,0.));
#250 = ( GEOMETRIC_REPRESENTATION_CONTEXT(2) 
PARAMETRIC_REPRESENTATION_CONTEXT() REPRESENTATION_CONTEXT('2D SPACE',''
  ) );
#251 = ADVANCED_FACE('',(#252),#94,.F.);
#252 = FACE_BOUND('',#253,.F.);
#253 = EDGE_LOOP('',(#254,#255,#256,#277,#306,#330));
#254 = ORIENTED_EDGE('',*,*,#77,.T.);
#255 = ORIENTED_EDGE('',*,*,#157,.T.);
#256 = ORIENTED_EDGE('',*,*,#257,.F.);
#257 = EDGE_CURVE('',#258,#158,#260,.T.);
#258 = VERTEX_POINT('',#259);
#259 = CARTESIAN_POINT('',(27.58817681544,-0.808930094341,14.4));
#260 = SURFACE_CURVE('',#261,(#265,#271),.PCURVE_S1.);
#261 = LINE('',#262,#263);
#262 = CARTESIAN_POINT('',(-34.6,-0.808930094341,14.4));
#263 = VECTOR('',#264,1.);
#264 = DIRECTION('',(1.,0.,0.));
#265 = PCURVE('',#94,#266);
#266 = DEFINITIONAL_REPRESENTATION('',(#267),#270);
#267 = B_SPLINE_CURVE_WITH_KNOTS('',1,(#268,#269),.UNSPECIFIED.,.F.,.F.,
  (2,2),(-5.999999999062E-07,69.2000006),.PIECEWISE_BEZIER_KNOTS.);
#268 = CARTESIAN_POINT('',(0.80777472107,-34.6000006));
#269 = CARTESIAN_POINT('',(0.80777472107,34.6000006));
#270 = ( GEOMETRIC_REPRESENTATION_CONTEXT(2) 
PARAMETRIC_REPRESENTATION_CONTEXT() REPRESENTATION_CONTEXT('2D SPACE',''
  ) );
#271 = PCURVE('',#58,#272);
#272 = DEFINITIONAL_REPRESENTATION('',(#273),#276);
#273 = B_SPLINE_CURVE_WITH_KNOTS('',1,(#274,#275),.UNSPECIFIED.,.F.,.F.,
  (2,2),(-5.999999999062E-07,69.2000006),.PIECEWISE_BEZIER_KNOTS.);
#274 = CARTESIAN_POINT('',(5.079597000943,-5.999999999062E-07));
#275 = CARTESIAN_POINT('',(5.079597000943,69.2000006));
#276 = ( GEOMETRIC_REPRESENTATION_CONTEXT(2) 
PARAMETRIC_REPRESENTATION_CONTEXT() REPRESENTATION_CONTEXT('2D SPACE',''
  ) );
#277 = ORIENTED_EDGE('',*,*,#278,.F.);
#278 = EDGE_CURVE('',#279,#258,#281,.T.);
#279 = VERTEX_POINT('',#280);
#280 = CARTESIAN_POINT('',(-6.760050331293E-15,-27.60115537327,14.4));
#281 = SURFACE_CURVE('',#282,(#287,#294),.PCURVE_S1.);
#282 = CIRCLE('',#283,27.6);
#283 = AXIS2_PLACEMENT_3D('',#284,#285,#286);
#284 = CARTESIAN_POINT('',(0.,-1.155373271062E-03,14.4));
#285 = DIRECTION('',(-0.,1.110223024625E-16,1.));
#286 = DIRECTION('',(0.,-1.,1.110223024625E-16));
#287 = PCURVE('',#94,#288);
#288 = DEFINITIONAL_REPRESENTATION('',(#289),#293);
#289 = CIRCLE('',#290,27.6);
#290 = AXIS2_PLACEMENT_2D('',#291,#292);
#291 = CARTESIAN_POINT('',(0.,0.));
#292 = DIRECTION('',(1.,0.));
#293 = ( GEOMETRIC_REPRESENTATION_CONTEXT(2) 
PARAMETRIC_REPRESENTATION_CONTEXT() REPRESENTATION_CONTEXT('2D SPACE',''
  ) );
#294 = PCURVE('',#295,#300);
#295 = CYLINDRICAL_SURFACE('',#296,27.6);
#296 = AXIS2_PLACEMENT_3D('',#297,#298,#299);
#297 = CARTESIAN_POINT('',(0.,-1.155373271063E-03,8.));
#298 = DIRECTION('',(0.,1.110223024625E-16,1.));
#299 = DIRECTION('',(0.,-1.,1.110223024625E-16));
#300 = DEFINITIONAL_REPRESENTATION('',(#301),#305);
#301 = LINE('',#302,#303);
#302 = CARTESIAN_POINT('',(0.,6.4));
#303 = VECTOR('',#304,1.);
#304 = DIRECTION('',(1.,0.));
#305 = ( GEOMETRIC_REPRESENTATION_CONTEXT(2) 
PARAMETRIC_REPRESENTATION_CONTEXT() REPRESENTATION_CONTEXT('2D SPACE',''
  ) );
#306 = ORIENTED_EDGE('',*,*,#307,.F.);
#307 = EDGE_CURVE('',#308,#279,#310,.T.);
#308 = VERTEX_POINT('',#309);
#309 = CARTESIAN_POINT('',(-27.58817681544,-0.808930094341,14.4));
#310 = SURFACE_CURVE('',#311,(#316,#323),.PCURVE_S1.);
#311 = CIRCLE('',#312,27.6);
#312 = AXIS2_PLACEMENT_3D('',#313,#314,#315);
#313 = CARTESIAN_POINT('',(0.,-1.155373271062E-03,14.4));
#314 = DIRECTION('',(-0.,1.110223024625E-16,1.));
#315 = DIRECTION('',(0.,-1.,1.110223024625E-16));
#316 = PCURVE('',#94,#317);
#317 = DEFINITIONAL_REPRESENTATION('',(#318),#322);
#318 = CIRCLE('',#319,27.6);
#319 = AXIS2_PLACEMENT_2D('',#320,#321);
#320 = CARTESIAN_POINT('',(0.,0.));
#321 = DIRECTION('',(1.,0.));
#322 = ( GEOMETRIC_REPRESENTATION_CONTEXT(2) 
PARAMETRIC_REPRESENTATION_CONTEXT() REPRESENTATION_CONTEXT('2D SPACE',''
  ) );
#323 = PCURVE('',#295,#324);
#324 = DEFINITIONAL_REPRESENTATION('',(#325),#329);
#325 = LINE('',#326,#327);
#326 = CARTESIAN_POINT('',(0.,6.4));
#327 = VECTOR('',#328,1.);
#328 = DIRECTION('',(1.,0.));
#329 = ( GEOMETRIC_REPRESENTATION_CONTEXT(2) 
PARAMETRIC_REPRESENTATION_CONTEXT() REPRESENTATION_CONTEXT('2D SPACE',''
  ) );
#330 = ORIENTED_EDGE('',*,*,#331,.F.);
#331 = EDGE_CURVE('',#24,#308,#332,.T.);
#332 = SURFACE_CURVE('',#333,(#337,#343),.PCURVE_S1.);
#333 = LINE('',#334,#335);
#334 = CARTESIAN_POINT('',(-34.6,-0.808930094341,14.4));
#335 = VECTOR('',#336,1.);
#336 = DIRECTION('',(1.,0.,0.));
#337 = PCURVE('',#94,#338);
#338 = DEFINITIONAL_REPRESENTATION('',(#339),#342);
#339 = B_SPLINE_CURVE_WITH_KNOTS('',1,(#340,#341),.UNSPECIFIED.,.F.,.F.,
  (2,2),(-5.999999999062E-07,69.2000006),.PIECEWISE_BEZIER_KNOTS.);
#340 = CARTESIAN_POINT('',(0.80777472107,-34.6000006));
#341 = CARTESIAN_POINT('',(0.80777472107,34.6000006));
#342 = ( GEOMETRIC_REPRESENTATION_CONTEXT(2) 
PARAMETRIC_REPRESENTATION_CONTEXT() REPRESENTATION_CONTEXT('2D SPACE',''
  ) );
#343 = PCURVE('',#58,#344);
#344 = DEFINITIONAL_REPRESENTATION('',(#345),#348);
#345 = B_SPLINE_CURVE_WITH_KNOTS('',1,(#346,#347),.UNSPECIFIED.,.F.,.F.,
  (2,2),(-5.999999999062E-07,69.2000006),.PIECEWISE_BEZIER_KNOTS.);
#346 = CARTESIAN_POINT('',(5.079597000943,-5.999999999062E-07));
#347 = CARTESIAN_POINT('',(5.079597000943,69.2000006));
#348 = ( GEOMETRIC_REPRESENTATION_CONTEXT(2) 
PARAMETRIC_REPRESENTATION_CONTEXT() REPRESENTATION_CONTEXT('2D SPACE',''
  ) );
#349 = ADVANCED_FACE('',(#350),#58,.F.);
#350 = FACE_BOUND('',#351,.F.);
#351 = EDGE_LOOP('',(#352,#521,#544,#623,#649,#723,#746,#913,#932,#933,
    #934,#997,#998,#1396,#1422,#1818,#1819,#1882,#1883,#1884));
#352 = ORIENTED_EDGE('',*,*,#353,.F.);
#353 = EDGE_CURVE('',#354,#356,#358,.T.);
#354 = VERTEX_POINT('',#355);
#355 = CARTESIAN_POINT('',(27.508135160348,-2.251155373271,12.3));
#356 = VERTEX_POINT('',#357);
#357 = CARTESIAN_POINT('',(27.58817681544,0.806619347799,14.4));
#358 = SURFACE_CURVE('',#359,(#411,#466),.PCURVE_S1.);
#359 = B_SPLINE_CURVE_WITH_KNOTS('',8,(#360,#361,#362,#363,#364,#365,
    #366,#367,#368,#369,#370,#371,#372,#373,#374,#375,#376,#377,#378,
    #379,#380,#381,#382,#383,#384,#385,#386,#387,#388,#389,#390,#391,
    #392,#393,#394,#395,#396,#397,#398,#399,#400,#401,#402,#403,#404,
    #405,#406,#407,#408,#409,#410),.UNSPECIFIED.,.F.,.F.,(9,7,7,7,7,7,7,
    9),(0.,0.244388201628,0.453001987646,0.601271727376,0.747513112889,
    0.845060922617,0.932163766295,1.),.UNSPECIFIED.);
#360 = CARTESIAN_POINT('',(27.508135160348,-2.251155373271,12.3));
#361 = CARTESIAN_POINT('',(27.508135162268,-2.251155349808,
    12.065369634395));
#362 = CARTESIAN_POINT('',(27.510422204419,-2.223192573417,
    11.831073161887));
#363 = CARTESIAN_POINT('',(27.514985630576,-2.1674076274,11.598848472524
    ));
#364 = CARTESIAN_POINT('',(27.521716474576,-2.083148678153,
    11.370650734935));
#365 = CARTESIAN_POINT('',(27.530395154098,-1.96925842925,
    11.149081031361));
#366 = CARTESIAN_POINT('',(27.540618499239,-1.824266730188,
    10.937650644534));
#367 = CARTESIAN_POINT('',(27.551716778665,-1.646655090535,
    10.741144242032));
#368 = CARTESIAN_POINT('',(27.572096563699,-1.254993833107,
    10.417133871438));
#369 = CARTESIAN_POINT('',(27.581752212252,-1.043438489991,
    10.278241406639));
#370 = CARTESIAN_POINT('',(27.590699937574,-0.803787150604,
    10.161663154353));
#371 = CARTESIAN_POINT('',(27.597758402039,-0.54183041442,
    10.076397671125));
#372 = CARTESIAN_POINT('',(27.601831393127,-0.265537888169,
    10.028437533731));
#373 = CARTESIAN_POINT('',(27.602418049031,1.600529799245E-02,
    10.020654627673));
#374 = CARTESIAN_POINT('',(27.599699196878,0.293483614525,10.05266972344
    ));
#375 = CARTESIAN_POINT('',(27.590509355364,0.746680785493,
    10.169030979587));
#376 = CARTESIAN_POINT('',(27.585319512889,0.930190939657,
    10.235964902982));
#377 = CARTESIAN_POINT('',(27.578930144216,1.106774640312,
    10.320936185184));
#378 = CARTESIAN_POINT('',(27.571602988671,1.274376401525,
    10.423096129089));
#379 = CARTESIAN_POINT('',(27.5636676967,1.431069577744,10.54132200957)
  );
#380 = CARTESIAN_POINT('',(27.555494318684,1.575091740096,
    10.674237572043));
#381 = CARTESIAN_POINT('',(27.547459778002,1.704883797714,
    10.820232832975));
#382 = CARTESIAN_POINT('',(27.532460183727,1.931818984574,
    11.132582321288));
#383 = CARTESIAN_POINT('',(27.525665808371,2.026606584443,
    11.294806926283));
#384 = CARTESIAN_POINT('',(27.519776917281,2.104130616846,
    11.462275456335));
#385 = CARTESIAN_POINT('',(27.514967512952,2.164968058883,
    11.633523526187));
#386 = CARTESIAN_POINT('',(27.511350956039,2.209590478541,
    11.807380675651));
#387 = CARTESIAN_POINT('',(27.508994980813,2.238327357127,
    11.982871555068));
#388 = CARTESIAN_POINT('',(27.507931477424,2.251335147681,
    12.159133374462));
#389 = CARTESIAN_POINT('',(27.50830886972,2.246720637573,12.452878049959
    ));
#390 = CARTESIAN_POINT('',(27.509033856647,2.237855676085,
    12.570341747683));
#391 = CARTESIAN_POINT('',(27.510330836939,2.221968557544,
    12.687473475475));
#392 = CARTESIAN_POINT('',(27.512191387077,2.199019437423,
    12.804008015299));
#393 = CARTESIAN_POINT('',(27.514599510731,2.16893522964,12.919662374262
    ));
#394 = CARTESIAN_POINT('',(27.517530502563,2.131612601729,
    13.034124146125));
#395 = CARTESIAN_POINT('',(27.52094981203,2.086920970014,13.147039872832
    ));
#396 = CARTESIAN_POINT('',(27.528260467144,1.988081009925,13.35708547985
    ));
#397 = CARTESIAN_POINT('',(27.532062679773,1.935448287339,
    13.454630709677));
#398 = CARTESIAN_POINT('',(27.536185888672,1.876695446198,
    13.550343565714));
#399 = CARTESIAN_POINT('',(27.540589851605,1.811699093019,
    13.643887548286));
#400 = CARTESIAN_POINT('',(27.545225157789,1.740331020905,
    13.734877127249));
#401 = CARTESIAN_POINT('',(27.550031925591,1.662465388037,
    13.822869341944));
#402 = CARTESIAN_POINT('',(27.554938780596,1.577986375392,
    13.907355061665));
#403 = CARTESIAN_POINT('',(27.563696436678,1.415776947112,
    14.050361909493));
#404 = CARTESIAN_POINT('',(27.567544275561,1.340620810935,
    14.110551129944));
#405 = CARTESIAN_POINT('',(27.571361389811,1.261361106609,
    14.167951126191));
#406 = CARTESIAN_POINT('',(27.575098804272,1.178058564572,
    14.222191475171));
#407 = CARTESIAN_POINT('',(27.578704070238,1.090801798817,
    14.272897629837));
#408 = CARTESIAN_POINT('',(27.582122526131,0.999707651437,
    14.319690776411));
#409 = CARTESIAN_POINT('',(27.585298558183,0.904921537173,14.36218769163
    ));
#410 = CARTESIAN_POINT('',(27.588176861112,0.806617787957,14.4000006));
#411 = PCURVE('',#58,#412);
#412 = DEFINITIONAL_REPRESENTATION('',(#413),#465);
#413 = B_SPLINE_CURVE_WITH_KNOTS('',8,(#414,#415,#416,#417,#418,#419,
    #420,#421,#422,#423,#424,#425,#426,#427,#428,#429,#430,#431,#432,
    #433,#434,#435,#436,#437,#438,#439,#440,#441,#442,#443,#444,#445,
    #446,#447,#448,#449,#450,#451,#452,#453,#454,#455,#456,#457,#458,
    #459,#460,#461,#462,#463,#464),.UNSPECIFIED.,.F.,.F.,(9,7,7,7,7,7,7,
    9),(0.,0.244388201628,0.453001987646,0.601271727376,0.747513112889,
    0.845060922617,0.932163766295,1.),.UNSPECIFIED.);
#414 = CARTESIAN_POINT('',(0.,62.108135160348));
#415 = CARTESIAN_POINT('',(0.104280162491,62.108135162268));
#416 = CARTESIAN_POINT('',(0.208411526857,62.110422204419));
#417 = CARTESIAN_POINT('',(0.313351912041,62.114985630576));
#418 = CARTESIAN_POINT('',(0.419934643566,62.121716474576));
#419 = CARTESIAN_POINT('',(0.528967059363,62.130395154098));
#420 = CARTESIAN_POINT('',(0.641273114903,62.140618499239));
#421 = CARTESIAN_POINT('',(0.757767157917,62.151716778665));
#422 = CARTESIAN_POINT('',(0.983683677328,62.172096563699));
#423 = CARTESIAN_POINT('',(1.095479252367,62.181752212252));
#424 = CARTESIAN_POINT('',(1.212289058014,62.190699937574));
#425 = CARTESIAN_POINT('',(1.332379784719,62.197758402039));
#426 = CARTESIAN_POINT('',(1.454502933943,62.201831393127));
#427 = CARTESIAN_POINT('',(1.577577431206,62.202418049031));
#428 = CARTESIAN_POINT('',(1.700565538767,62.199699196878));
#429 = CARTESIAN_POINT('',(1.908519768159,62.190509355364));
#430 = CARTESIAN_POINT('',(1.994915446201,62.185319512889));
#431 = CARTESIAN_POINT('',(2.081306319827,62.178930144216));
#432 = CARTESIAN_POINT('',(2.167695120182,62.171602988671));
#433 = CARTESIAN_POINT('',(2.254087154261,62.1636676967));
#434 = CARTESIAN_POINT('',(2.340485572611,62.155494318684));
#435 = CARTESIAN_POINT('',(2.426886513404,62.147459778002));
#436 = CARTESIAN_POINT('',(2.598479935756,62.132460183727));
#437 = CARTESIAN_POINT('',(2.681572064447,62.125665808371));
#438 = CARTESIAN_POINT('',(2.762982232331,62.119776917281));
#439 = CARTESIAN_POINT('',(2.843081703651,62.114967512952));
#440 = CARTESIAN_POINT('',(2.922220114736,62.111350956039));
#441 = CARTESIAN_POINT('',(3.00073818228,62.108994980813));
#442 = CARTESIAN_POINT('',(3.078976247735,62.107931477424));
#443 = CARTESIAN_POINT('',(3.209545544855,62.10830886972));
#444 = CARTESIAN_POINT('',(3.261806939131,62.109033856647));
#445 = CARTESIAN_POINT('',(3.314187390134,62.110330836939));
#446 = CARTESIAN_POINT('',(3.366787034405,62.112191387077));
#447 = CARTESIAN_POINT('',(3.419705719519,62.114599510731));
#448 = CARTESIAN_POINT('',(3.473045169034,62.117530502563));
#449 = CARTESIAN_POINT('',(3.526911147438,62.12094981203));
#450 = CARTESIAN_POINT('',(3.630084016623,62.128260467144));
#451 = CARTESIAN_POINT('',(3.679271379831,62.132062679773));
#452 = CARTESIAN_POINT('',(3.729055541772,62.136185888672));
#453 = CARTESIAN_POINT('',(3.779516164742,62.140589851605));
#454 = CARTESIAN_POINT('',(3.830734844863,62.145225157789));
#455 = CARTESIAN_POINT('',(3.882796510779,62.150031925591));
#456 = CARTESIAN_POINT('',(3.93579212245,62.154938780596));
#457 = CARTESIAN_POINT('',(4.031901994913,62.163696436678));
#458 = CARTESIAN_POINT('',(4.074648229503,62.167544275561));
#459 = CARTESIAN_POINT('',(4.118056508029,62.171361389811));
#460 = CARTESIAN_POINT('',(4.162126121161,62.175098804272));
#461 = CARTESIAN_POINT('',(4.206861096274,62.178704070238));
#462 = CARTESIAN_POINT('',(4.252270777675,62.182122526131));
#463 = CARTESIAN_POINT('',(4.298370406833,62.185298558183));
#464 = CARTESIAN_POINT('',(4.345181702609,62.188176861112));
#465 = ( GEOMETRIC_REPRESENTATION_CONTEXT(2) 
PARAMETRIC_REPRESENTATION_CONTEXT() REPRESENTATION_CONTEXT('2D SPACE',''
  ) );
#466 = PCURVE('',#295,#467);
#467 = DEFINITIONAL_REPRESENTATION('',(#468),#520);
#468 = B_SPLINE_CURVE_WITH_KNOTS('',8,(#469,#470,#471,#472,#473,#474,
    #475,#476,#477,#478,#479,#480,#481,#482,#483,#484,#485,#486,#487,
    #488,#489,#490,#491,#492,#493,#494,#495,#496,#497,#498,#499,#500,
    #501,#502,#503,#504,#505,#506,#507,#508,#509,#510,#511,#512,#513,
    #514,#515,#516,#517,#518,#519),.UNSPECIFIED.,.F.,.F.,(9,7,7,7,7,7,7,
    9),(0.,0.244388201628,0.453001987646,0.601271727376,0.747513112889,
    0.845060922617,0.932163766295,1.),.UNSPECIFIED.);
#469 = CARTESIAN_POINT('',(1.489184020438,4.3));
#470 = CARTESIAN_POINT('',(1.489184021291,4.065369634395));
#471 = CARTESIAN_POINT('',(1.490200548469,3.831073161887));
#472 = CARTESIAN_POINT('',(1.492228493582,3.598848472524));
#473 = CARTESIAN_POINT('',(1.495291072741,3.370650734935));
#474 = CARTESIAN_POINT('',(1.499429434314,3.149081031361));
#475 = CARTESIAN_POINT('',(1.504695595217,2.937650644534));
#476 = CARTESIAN_POINT('',(1.511143000402,2.741144242032));
#477 = CARTESIAN_POINT('',(1.525352823665,2.417133871438));
#478 = CARTESIAN_POINT('',(1.533025694925,2.278241406639));
#479 = CARTESIAN_POINT('',(1.541714261157,2.161663154353));
#480 = CARTESIAN_POINT('',(1.551207802271,2.076397671125));
#481 = CARTESIAN_POINT('',(1.561217908921,2.028437533731));
#482 = CARTESIAN_POINT('',(1.571417576383,2.020654627673));
#483 = CARTESIAN_POINT('',(1.581471068352,2.05266972344));
#484 = CARTESIAN_POINT('',(1.59789463126,2.169030979587));
#485 = CARTESIAN_POINT('',(1.604545995496,2.235964902982));
#486 = CARTESIAN_POINT('',(1.610947817847,2.320936185184));
#487 = CARTESIAN_POINT('',(1.617025830491,2.423096129089));
#488 = CARTESIAN_POINT('',(1.622710169773,2.54132200957));
#489 = CARTESIAN_POINT('',(1.62793664322,2.674237572043));
#490 = CARTESIAN_POINT('',(1.632648214388,2.820232832975));
#491 = CARTESIAN_POINT('',(1.64088844468,3.132582321288));
#492 = CARTESIAN_POINT('',(1.644331536427,3.294806926283));
#493 = CARTESIAN_POINT('',(1.647148438859,3.462275456335));
#494 = CARTESIAN_POINT('',(1.649359561776,3.633523526187));
#495 = CARTESIAN_POINT('',(1.650981616654,3.807380675651));
#496 = CARTESIAN_POINT('',(1.652026301409,3.982871555068));
#497 = CARTESIAN_POINT('',(1.652499170688,4.159133374462));
#498 = CARTESIAN_POINT('',(1.652331420084,4.452878049959));
#499 = CARTESIAN_POINT('',(1.65200915413,4.570341747683));
#500 = CARTESIAN_POINT('',(1.651431618235,4.687473475475));
#501 = CARTESIAN_POINT('',(1.650597399818,4.804008015299));
#502 = CARTESIAN_POINT('',(1.649503907659,4.919662374262));
#503 = CARTESIAN_POINT('',(1.648147479508,5.034124146125));
#504 = CARTESIAN_POINT('',(1.646523489696,5.147039872832));
#505 = CARTESIAN_POINT('',(1.642932549259,5.35708547985));
#506 = CARTESIAN_POINT('',(1.641020599867,5.454630709677));
#507 = CARTESIAN_POINT('',(1.638886645852,5.550343565714));
#508 = CARTESIAN_POINT('',(1.636526320693,5.643887548286));
#509 = CARTESIAN_POINT('',(1.633935095691,5.734877127249));
#510 = CARTESIAN_POINT('',(1.631108535641,5.822869341944));
#511 = CARTESIAN_POINT('',(1.628042568528,5.907355061665));
#512 = CARTESIAN_POINT('',(1.622156855907,6.050361909493));
#513 = CARTESIAN_POINT('',(1.619430251275,6.110551129944));
#514 = CARTESIAN_POINT('',(1.616555217325,6.167951126191));
#515 = CARTESIAN_POINT('',(1.613534007606,6.222191475171));
#516 = CARTESIAN_POINT('',(1.610369875513,6.272897629837));
#517 = CARTESIAN_POINT('',(1.607067082548,6.319690776411));
#518 = CARTESIAN_POINT('',(1.603630906587,6.36218769163));
#519 = CARTESIAN_POINT('',(1.600067650134,6.4000006));
#520 = ( GEOMETRIC_REPRESENTATION_CONTEXT(2) 
PARAMETRIC_REPRESENTATION_CONTEXT() REPRESENTATION_CONTEXT('2D SPACE',''
  ) );
#521 = ORIENTED_EDGE('',*,*,#522,.F.);
#522 = EDGE_CURVE('',#523,#354,#525,.T.);
#523 = VERTEX_POINT('',#524);
#524 = CARTESIAN_POINT('',(24.79813501052,-2.251155373271,12.3));
#525 = SEAM_CURVE('',#526,(#530,#537),.PCURVE_S1.);
#526 = LINE('',#527,#528);
#527 = CARTESIAN_POINT('',(-34.6,-2.251155373271,12.3));
#528 = VECTOR('',#529,1.);
#529 = DIRECTION('',(1.,0.,0.));
#530 = PCURVE('',#58,#531);
#531 = DEFINITIONAL_REPRESENTATION('',(#532),#536);
#532 = LINE('',#533,#534);
#533 = CARTESIAN_POINT('',(6.28318530718,-0.));
#534 = VECTOR('',#535,1.);
#535 = DIRECTION('',(0.,1.));
#536 = ( GEOMETRIC_REPRESENTATION_CONTEXT(2) 
PARAMETRIC_REPRESENTATION_CONTEXT() REPRESENTATION_CONTEXT('2D SPACE',''
  ) );
#537 = PCURVE('',#58,#538);
#538 = DEFINITIONAL_REPRESENTATION('',(#539),#543);
#539 = LINE('',#540,#541);
#540 = CARTESIAN_POINT('',(0.,-0.));
#541 = VECTOR('',#542,1.);
#542 = DIRECTION('',(0.,1.));
#543 = ( GEOMETRIC_REPRESENTATION_CONTEXT(2) 
PARAMETRIC_REPRESENTATION_CONTEXT() REPRESENTATION_CONTEXT('2D SPACE',''
  ) );
#544 = ORIENTED_EDGE('',*,*,#545,.T.);
#545 = EDGE_CURVE('',#523,#546,#548,.T.);
#546 = VERTEX_POINT('',#547);
#547 = CARTESIAN_POINT('',(23.060518207534,-1.351155373271,10.5));
#548 = SURFACE_CURVE('',#549,(#570,#594),.PCURVE_S1.);
#549 = B_SPLINE_CURVE_WITH_KNOTS('',7,(#550,#551,#552,#553,#554,#555,
    #556,#557,#558,#559,#560,#561,#562,#563,#564,#565,#566,#567,#568,
    #569),.UNSPECIFIED.,.F.,.F.,(8,6,6,8),(0.,0.44253508003,
    0.811097236904,1.),.UNSPECIFIED.);
#550 = CARTESIAN_POINT('',(24.79813501052,-2.251155373271,12.3));
#551 = CARTESIAN_POINT('',(24.680754433512,-2.251155371356,
    12.183099622467));
#552 = CARTESIAN_POINT('',(24.563778556032,-2.244069162609,
    12.065967271457));
#553 = CARTESIAN_POINT('',(24.447317243498,-2.229847630735,11.9486951755
    ));
#554 = CARTESIAN_POINT('',(24.331503204427,-2.208329908347,
    11.831400850537));
#555 = CARTESIAN_POINT('',(24.216490867267,-2.179263269663,
    11.714227391721));
#556 = CARTESIAN_POINT('',(24.102458815605,-2.142274578229,
    11.597348056468));
#557 = CARTESIAN_POINT('',(23.895635273022,-2.058914525772,
    11.38405479163));
#558 = CARTESIAN_POINT('',(23.802512069465,-2.015158075376,
    11.287519299012));
#559 = CARTESIAN_POINT('',(23.710340741073,-1.965188919784,
    11.191465128984));
#560 = CARTESIAN_POINT('',(23.619279398498,-1.908589026698,
    11.096057266798));
#561 = CARTESIAN_POINT('',(23.529554864261,-1.844826560239,
    11.001538545122));
#562 = CARTESIAN_POINT('',(23.441460640499,-1.773255272142,
    10.908231508514));
#563 = CARTESIAN_POINT('',(23.311280289558,-1.65170341509,
    10.769609786684));
#564 = CARTESIAN_POINT('',(23.267709884338,-1.608214113677,
    10.723082890192));
#565 = CARTESIAN_POINT('',(23.224734438129,-1.562293857257,
    10.677061752708));
#566 = CARTESIAN_POINT('',(23.182425693265,-1.513798229294,
    10.631627233035));
#567 = CARTESIAN_POINT('',(23.140874500242,-1.462569203535,
    10.58688211666));
#568 = CARTESIAN_POINT('',(23.100192855517,-1.408427231937,10.542953894)
  );
#569 = CARTESIAN_POINT('',(23.060518207534,-1.351155373271,10.5));
#570 = PCURVE('',#58,#571);
#571 = DEFINITIONAL_REPRESENTATION('',(#572),#593);
#572 = B_SPLINE_CURVE_WITH_KNOTS('',7,(#573,#574,#575,#576,#577,#578,
    #579,#580,#581,#582,#583,#584,#585,#586,#587,#588,#589,#590,#591,
    #592),.UNSPECIFIED.,.F.,.F.,(8,6,6,8),(0.,0.44253508003,
    0.811097236904,1.),.UNSPECIFIED.);
#573 = CARTESIAN_POINT('',(0.,59.39813501052));
#574 = CARTESIAN_POINT('',(5.195572334792E-02,59.280754433512));
#575 = CARTESIAN_POINT('',(0.104014746638,59.163778556032));
#576 = CARTESIAN_POINT('',(0.156364084035,59.047317243498));
#577 = CARTESIAN_POINT('',(0.209187041651,58.931503204427));
#578 = CARTESIAN_POINT('',(0.26267289012,58.816490867267));
#579 = CARTESIAN_POINT('',(0.317039763868,58.702458815605));
#580 = CARTESIAN_POINT('',(0.418819400116,58.495635273022));
#581 = CARTESIAN_POINT('',(0.465859551449,58.402512069465));
#582 = CARTESIAN_POINT('',(0.513867493811,58.310340741073));
#583 = CARTESIAN_POINT('',(0.563027615314,58.219279398498));
#584 = CARTESIAN_POINT('',(0.61355610327,58.129554864261));
#585 = CARTESIAN_POINT('',(0.665708450745,58.041460640499));
#586 = CARTESIAN_POINT('',(0.747648911775,57.911280289558));
#587 = CARTESIAN_POINT('',(0.775940097358,57.867709884338));
#588 = CARTESIAN_POINT('',(0.804809483876,57.824734438129));
#589 = CARTESIAN_POINT('',(0.834313480296,57.782425693265));
#590 = CARTESIAN_POINT('',(0.864512832747,57.740874500242));
#591 = CARTESIAN_POINT('',(0.895477518743,57.700192855517));
#592 = CARTESIAN_POINT('',(0.927295218002,57.660518207534));
#593 = ( GEOMETRIC_REPRESENTATION_CONTEXT(2) 
PARAMETRIC_REPRESENTATION_CONTEXT() REPRESENTATION_CONTEXT('2D SPACE',''
  ) );
#594 = PCURVE('',#595,#600);
#595 = CONICAL_SURFACE('',#596,23.1,0.785398163397);
#596 = AXIS2_PLACEMENT_3D('',#597,#598,#599);
#597 = CARTESIAN_POINT('',(0.,-1.155373271063E-03,10.5));
#598 = DIRECTION('',(0.,1.110223024625E-16,1.));
#599 = DIRECTION('',(0.,-1.,1.110223024625E-16));
#600 = DEFINITIONAL_REPRESENTATION('',(#601),#622);
#601 = B_SPLINE_CURVE_WITH_KNOTS('',7,(#602,#603,#604,#605,#606,#607,
    #608,#609,#610,#611,#612,#613,#614,#615,#616,#617,#618,#619,#620,
    #621),.UNSPECIFIED.,.F.,.F.,(8,6,6,8),(0.,0.44253508003,
    0.811097236904,1.),.UNSPECIFIED.);
#602 = CARTESIAN_POINT('',(1.480311457229,1.8));
#603 = CARTESIAN_POINT('',(1.479885486276,1.683099622467));
#604 = CARTESIAN_POINT('',(1.479739741978,1.565967271457));
#605 = CARTESIAN_POINT('',(1.479882085685,1.4486951755));
#606 = CARTESIAN_POINT('',(1.480325269855,1.331400850537));
#607 = CARTESIAN_POINT('',(1.481086281477,1.214227391721));
#608 = CARTESIAN_POINT('',(1.482187758392,1.097348056468));
#609 = CARTESIAN_POINT('',(1.484888855646,0.88405479163));
#610 = CARTESIAN_POINT('',(1.486374011131,0.787519299012));
#611 = CARTESIAN_POINT('',(1.488135427042,0.691465128985));
#612 = CARTESIAN_POINT('',(1.490195675914,0.596057266798));
#613 = CARTESIAN_POINT('',(1.492582877821,0.501538545122));
#614 = CARTESIAN_POINT('',(1.495330703557,0.408231508514));
#615 = CARTESIAN_POINT('',(1.500106349742,0.269609786684));
#616 = CARTESIAN_POINT('',(1.501831848063,0.223082890192));
#617 = CARTESIAN_POINT('',(1.503671079278,0.177061752708));
#618 = CARTESIAN_POINT('',(1.50563123783,0.131627233035));
#619 = CARTESIAN_POINT('',(1.507720183729,8.688211666007E-02));
#620 = CARTESIAN_POINT('',(1.509946760769,4.295389399976E-02));
#621 = CARTESIAN_POINT('',(1.512321450083,0.));
#622 = ( GEOMETRIC_REPRESENTATION_CONTEXT(2) 
PARAMETRIC_REPRESENTATION_CONTEXT() REPRESENTATION_CONTEXT('2D SPACE',''
  ) );
#623 = ORIENTED_EDGE('',*,*,#624,.F.);
#624 = EDGE_CURVE('',#625,#546,#627,.T.);
#625 = VERTEX_POINT('',#626);
#626 = CARTESIAN_POINT('',(-23.06051820753,-1.351155373271,10.5));
#627 = SURFACE_CURVE('',#628,(#632,#638),.PCURVE_S1.);
#628 = LINE('',#629,#630);
#629 = CARTESIAN_POINT('',(-34.6,-1.351155373271,10.5));
#630 = VECTOR('',#631,1.);
#631 = DIRECTION('',(1.,0.,0.));
#632 = PCURVE('',#58,#633);
#633 = DEFINITIONAL_REPRESENTATION('',(#634),#637);
#634 = B_SPLINE_CURVE_WITH_KNOTS('',1,(#635,#636),.UNSPECIFIED.,.F.,.F.,
  (2,2),(6.88,62.32),.PIECEWISE_BEZIER_KNOTS.);
#635 = CARTESIAN_POINT('',(0.927295218002,6.88));
#636 = CARTESIAN_POINT('',(0.927295218002,62.32));
#637 = ( GEOMETRIC_REPRESENTATION_CONTEXT(2) 
PARAMETRIC_REPRESENTATION_CONTEXT() REPRESENTATION_CONTEXT('2D SPACE',''
  ) );
#638 = PCURVE('',#639,#644);
#639 = PLANE('',#640);
#640 = AXIS2_PLACEMENT_3D('',#641,#642,#643);
#641 = CARTESIAN_POINT('',(0.,-1.155373271063E-03,10.5));
#642 = DIRECTION('',(0.,1.110223024625E-16,1.));
#643 = DIRECTION('',(0.,-1.,1.110223024625E-16));
#644 = DEFINITIONAL_REPRESENTATION('',(#645),#648);
#645 = B_SPLINE_CURVE_WITH_KNOTS('',1,(#646,#647),.UNSPECIFIED.,.F.,.F.,
  (2,2),(6.88,62.32),.PIECEWISE_BEZIER_KNOTS.);
#646 = CARTESIAN_POINT('',(1.35,-27.72));
#647 = CARTESIAN_POINT('',(1.35,27.72));
#648 = ( GEOMETRIC_REPRESENTATION_CONTEXT(2) 
PARAMETRIC_REPRESENTATION_CONTEXT() REPRESENTATION_CONTEXT('2D SPACE',''
  ) );
#649 = ORIENTED_EDGE('',*,*,#650,.F.);
#650 = EDGE_CURVE('',#651,#625,#653,.T.);
#651 = VERTEX_POINT('',#652);
#652 = CARTESIAN_POINT('',(-24.79813501052,-2.251155373271,12.3));
#653 = SURFACE_CURVE('',#654,(#675,#699),.PCURVE_S1.);
#654 = B_SPLINE_CURVE_WITH_KNOTS('',7,(#655,#656,#657,#658,#659,#660,
    #661,#662,#663,#664,#665,#666,#667,#668,#669,#670,#671,#672,#673,
    #674),.UNSPECIFIED.,.F.,.F.,(8,6,6,8),(0.,0.44253508003,
    0.811097236905,1.),.UNSPECIFIED.);
#655 = CARTESIAN_POINT('',(-24.79813501052,-2.251155373271,12.3));
#656 = CARTESIAN_POINT('',(-24.68075443351,-2.251155371356,
    12.183099622467));
#657 = CARTESIAN_POINT('',(-24.56377855603,-2.244069162609,
    12.065967271457));
#658 = CARTESIAN_POINT('',(-24.44731724349,-2.229847630735,11.9486951755
    ));
#659 = CARTESIAN_POINT('',(-24.33150320442,-2.208329908347,
    11.831400850537));
#660 = CARTESIAN_POINT('',(-24.21649086726,-2.179263269663,
    11.714227391721));
#661 = CARTESIAN_POINT('',(-24.1024588156,-2.142274578229,
    11.597348056468));
#662 = CARTESIAN_POINT('',(-23.89563527302,-2.058914525772,
    11.38405479163));
#663 = CARTESIAN_POINT('',(-23.80251206946,-2.015158075376,
    11.287519299013));
#664 = CARTESIAN_POINT('',(-23.71034074107,-1.965188919783,
    11.191465128984));
#665 = CARTESIAN_POINT('',(-23.61927939849,-1.908589026698,
    11.096057266798));
#666 = CARTESIAN_POINT('',(-23.52955486426,-1.844826560239,
    11.001538545122));
#667 = CARTESIAN_POINT('',(-23.4414606405,-1.773255272142,
    10.908231508515));
#668 = CARTESIAN_POINT('',(-23.31128028955,-1.65170341509,
    10.769609786684));
#669 = CARTESIAN_POINT('',(-23.26770988433,-1.608214113677,
    10.723082890192));
#670 = CARTESIAN_POINT('',(-23.22473443812,-1.562293857257,
    10.677061752708));
#671 = CARTESIAN_POINT('',(-23.18242569326,-1.513798229294,
    10.631627233035));
#672 = CARTESIAN_POINT('',(-23.14087450024,-1.462569203535,
    10.58688211666));
#673 = CARTESIAN_POINT('',(-23.10019285551,-1.408427231937,10.542953894)
  );
#674 = CARTESIAN_POINT('',(-23.06051820753,-1.351155373271,10.5));
#675 = PCURVE('',#58,#676);
#676 = DEFINITIONAL_REPRESENTATION('',(#677),#698);
#677 = B_SPLINE_CURVE_WITH_KNOTS('',7,(#678,#679,#680,#681,#682,#683,
    #684,#685,#686,#687,#688,#689,#690,#691,#692,#693,#694,#695,#696,
    #697),.UNSPECIFIED.,.F.,.F.,(8,6,6,8),(0.,0.44253508003,
    0.811097236905,1.),.UNSPECIFIED.);
#678 = CARTESIAN_POINT('',(0.,9.80186498948));
#679 = CARTESIAN_POINT('',(5.19557233479E-02,9.919245566488));
#680 = CARTESIAN_POINT('',(0.104014746638,10.036221443968));
#681 = CARTESIAN_POINT('',(0.156364084035,10.152682756502));
#682 = CARTESIAN_POINT('',(0.209187041651,10.268496795573));
#683 = CARTESIAN_POINT('',(0.26267289012,10.383509132733));
#684 = CARTESIAN_POINT('',(0.317039763868,10.497541184395));
#685 = CARTESIAN_POINT('',(0.418819400116,10.704364726978));
#686 = CARTESIAN_POINT('',(0.465859551449,10.797487930535));
#687 = CARTESIAN_POINT('',(0.513867493811,10.889659258928));
#688 = CARTESIAN_POINT('',(0.563027615314,10.980720601502));
#689 = CARTESIAN_POINT('',(0.61355610327,11.070445135739));
#690 = CARTESIAN_POINT('',(0.665708450745,11.1585393595));
#691 = CARTESIAN_POINT('',(0.747648911775,11.288719710442));
#692 = CARTESIAN_POINT('',(0.775940097358,11.332290115662));
#693 = CARTESIAN_POINT('',(0.804809483876,11.375265561871));
#694 = CARTESIAN_POINT('',(0.834313480296,11.417574306735));
#695 = CARTESIAN_POINT('',(0.864512832748,11.459125499758));
#696 = CARTESIAN_POINT('',(0.895477518743,11.499807144483));
#697 = CARTESIAN_POINT('',(0.927295218002,11.539481792466));
#698 = ( GEOMETRIC_REPRESENTATION_CONTEXT(2) 
PARAMETRIC_REPRESENTATION_CONTEXT() REPRESENTATION_CONTEXT('2D SPACE',''
  ) );
#699 = PCURVE('',#595,#700);
#700 = DEFINITIONAL_REPRESENTATION('',(#701),#722);
#701 = B_SPLINE_CURVE_WITH_KNOTS('',7,(#702,#703,#704,#705,#706,#707,
    #708,#709,#710,#711,#712,#713,#714,#715,#716,#717,#718,#719,#720,
    #721),.UNSPECIFIED.,.F.,.F.,(8,6,6,8),(0.,0.44253508003,
    0.811097236905,1.),.UNSPECIFIED.);
#702 = CARTESIAN_POINT('',(4.80287384995,1.8));
#703 = CARTESIAN_POINT('',(4.803299820904,1.683099622467));
#704 = CARTESIAN_POINT('',(4.803445565202,1.565967271457));
#705 = CARTESIAN_POINT('',(4.803303221494,1.4486951755));
#706 = CARTESIAN_POINT('',(4.802860037325,1.331400850537));
#707 = CARTESIAN_POINT('',(4.802099025702,1.214227391721));
#708 = CARTESIAN_POINT('',(4.800997548788,1.097348056468));
#709 = CARTESIAN_POINT('',(4.798296451533,0.88405479163));
#710 = CARTESIAN_POINT('',(4.796811296049,0.787519299013));
#711 = CARTESIAN_POINT('',(4.795049880137,0.691465128984));
#712 = CARTESIAN_POINT('',(4.792989631265,0.596057266798));
#713 = CARTESIAN_POINT('',(4.790602429358,0.501538545122));
#714 = CARTESIAN_POINT('',(4.787854603623,0.408231508515));
#715 = CARTESIAN_POINT('',(4.783078957438,0.269609786684));
#716 = CARTESIAN_POINT('',(4.781353459116,0.223082890192));
#717 = CARTESIAN_POINT('',(4.779514227901,0.177061752708));
#718 = CARTESIAN_POINT('',(4.777554069349,0.131627233035));
#719 = CARTESIAN_POINT('',(4.77546512345,8.688211666001E-02));
#720 = CARTESIAN_POINT('',(4.77323854641,4.295389399979E-02));
#721 = CARTESIAN_POINT('',(4.770863857096,0.));
#722 = ( GEOMETRIC_REPRESENTATION_CONTEXT(2) 
PARAMETRIC_REPRESENTATION_CONTEXT() REPRESENTATION_CONTEXT('2D SPACE',''
  ) );
#723 = ORIENTED_EDGE('',*,*,#724,.F.);
#724 = EDGE_CURVE('',#725,#651,#727,.T.);
#725 = VERTEX_POINT('',#726);
#726 = CARTESIAN_POINT('',(-27.50813516034,-2.251155373271,12.3));
#727 = SEAM_CURVE('',#728,(#732,#739),.PCURVE_S1.);
#728 = LINE('',#729,#730);
#729 = CARTESIAN_POINT('',(-34.6,-2.251155373271,12.3));
#730 = VECTOR('',#731,1.);
#731 = DIRECTION('',(1.,0.,0.));
#732 = PCURVE('',#58,#733);
#733 = DEFINITIONAL_REPRESENTATION('',(#734),#738);
#734 = LINE('',#735,#736);
#735 = CARTESIAN_POINT('',(6.28318530718,-0.));
#736 = VECTOR('',#737,1.);
#737 = DIRECTION('',(0.,1.));
#738 = ( GEOMETRIC_REPRESENTATION_CONTEXT(2) 
PARAMETRIC_REPRESENTATION_CONTEXT() REPRESENTATION_CONTEXT('2D SPACE',''
  ) );
#739 = PCURVE('',#58,#740);
#740 = DEFINITIONAL_REPRESENTATION('',(#741),#745);
#741 = LINE('',#742,#743);
#742 = CARTESIAN_POINT('',(0.,-0.));
#743 = VECTOR('',#744,1.);
#744 = DIRECTION('',(0.,1.));
#745 = ( GEOMETRIC_REPRESENTATION_CONTEXT(2) 
PARAMETRIC_REPRESENTATION_CONTEXT() REPRESENTATION_CONTEXT('2D SPACE',''
  ) );
#746 = ORIENTED_EDGE('',*,*,#747,.T.);
#747 = EDGE_CURVE('',#725,#748,#750,.T.);
#748 = VERTEX_POINT('',#749);
#749 = CARTESIAN_POINT('',(-27.58817681544,0.806619347799,14.4));
#750 = SURFACE_CURVE('',#751,(#803,#858),.PCURVE_S1.);
#751 = B_SPLINE_CURVE_WITH_KNOTS('',8,(#752,#753,#754,#755,#756,#757,
    #758,#759,#760,#761,#762,#763,#764,#765,#766,#767,#768,#769,#770,
    #771,#772,#773,#774,#775,#776,#777,#778,#779,#780,#781,#782,#783,
    #784,#785,#786,#787,#788,#789,#790,#791,#792,#793,#794,#795,#796,
    #797,#798,#799,#800,#801,#802),.UNSPECIFIED.,.F.,.F.,(9,7,7,7,7,7,7,
    9),(0.,0.244388196366,0.453001981585,0.601271720777,0.747513105753,
    0.845060915123,0.932163766638,1.),.UNSPECIFIED.);
#752 = CARTESIAN_POINT('',(-27.50813516034,-2.251155373271,12.3));
#753 = CARTESIAN_POINT('',(-27.50813516226,-2.251155349808,
    12.065369638495));
#754 = CARTESIAN_POINT('',(-27.51042220458,-2.223192570529,
    11.831073149997));
#755 = CARTESIAN_POINT('',(-27.51498563021,-2.167407633806,
    11.598848484816));
#756 = CARTESIAN_POINT('',(-27.52171647471,-2.08314867551,
    11.370650735579));
#757 = CARTESIAN_POINT('',(-27.53039515445,-1.96925842298,11.14908101902
    ));
#758 = CARTESIAN_POINT('',(-27.54061849876,-1.824266738878,
    10.937650654994));
#759 = CARTESIAN_POINT('',(-27.55171677886,-1.646655086755,
    10.741144238906));
#760 = CARTESIAN_POINT('',(-27.57209656369,-1.254993833141,
    10.417133871466));
#761 = CARTESIAN_POINT('',(-27.58175221225,-1.043438489974,
    10.278241406612));
#762 = CARTESIAN_POINT('',(-27.59069993757,-0.803787150559,
    10.16166315434));
#763 = CARTESIAN_POINT('',(-27.59775840203,-0.541830414422,
    10.076397671144));
#764 = CARTESIAN_POINT('',(-27.60183139312,-0.265537888212,
    10.028437533739));
#765 = CARTESIAN_POINT('',(-27.60241804903,1.600529796885E-02,
    10.020654627655));
#766 = CARTESIAN_POINT('',(-27.59969919687,0.293483614568,
    10.052669723451));
#767 = CARTESIAN_POINT('',(-27.59050935536,0.746680785501,
    10.169030979589));
#768 = CARTESIAN_POINT('',(-27.58531951288,0.930190939652,
    10.235964902982));
#769 = CARTESIAN_POINT('',(-27.57893014421,1.106774640306,10.32093618518
    ));
#770 = CARTESIAN_POINT('',(-27.57160298867,1.274376401526,
    10.423096129087));
#771 = CARTESIAN_POINT('',(-27.5636676967,1.43106957775,10.541322009575)
  );
#772 = CARTESIAN_POINT('',(-27.55549431868,1.575091740098,
    10.674237572048));
#773 = CARTESIAN_POINT('',(-27.547459778,1.704883797709,10.820232832969)
  );
#774 = CARTESIAN_POINT('',(-27.53246018372,1.931818984574,
    11.132582321288));
#775 = CARTESIAN_POINT('',(-27.52566580837,2.026606584443,
    11.294806926283));
#776 = CARTESIAN_POINT('',(-27.51977691728,2.104130616846,
    11.462275456336));
#777 = CARTESIAN_POINT('',(-27.51496751295,2.164968058883,
    11.633523526187));
#778 = CARTESIAN_POINT('',(-27.51135095603,2.20959047854,11.807380675651
    ));
#779 = CARTESIAN_POINT('',(-27.50899498081,2.238327357127,
    11.982871555069));
#780 = CARTESIAN_POINT('',(-27.50793147742,2.251335147681,
    12.159133374462));
#781 = CARTESIAN_POINT('',(-27.50830886972,2.246720637573,
    12.452878049959));
#782 = CARTESIAN_POINT('',(-27.50903385664,2.237855676085,
    12.570341747683));
#783 = CARTESIAN_POINT('',(-27.51033083693,2.221968557544,
    12.687473475475));
#784 = CARTESIAN_POINT('',(-27.51219138707,2.199019437423,
    12.804008015299));
#785 = CARTESIAN_POINT('',(-27.51459951073,2.16893522964,12.919662374262
    ));
#786 = CARTESIAN_POINT('',(-27.51753050256,2.131612601729,
    13.034124146125));
#787 = CARTESIAN_POINT('',(-27.52094981203,2.086920970014,
    13.147039872831));
#788 = CARTESIAN_POINT('',(-27.52826046746,1.988081005559,13.35708548913
    ));
#789 = CARTESIAN_POINT('',(-27.53206267961,1.935448288679,
    13.454630703729));
#790 = CARTESIAN_POINT('',(-27.53618588828,1.87669545236,13.550343557142
    ));
#791 = CARTESIAN_POINT('',(-27.54058985154,1.811699094868,
    13.643887549211));
#792 = CARTESIAN_POINT('',(-27.5452251582,1.74033101408,13.734877135663)
  );
#793 = CARTESIAN_POINT('',(-27.55003192589,1.662465381975,13.82286934573
    ));
#794 = CARTESIAN_POINT('',(-27.55493878012,1.577986384059,
    13.907355054024));
#795 = CARTESIAN_POINT('',(-27.56369643667,1.415776947112,
    14.050361909493));
#796 = CARTESIAN_POINT('',(-27.56754427556,1.340620810935,
    14.110551129944));
#797 = CARTESIAN_POINT('',(-27.57136138981,1.261361106609,
    14.167951126191));
#798 = CARTESIAN_POINT('',(-27.57509880427,1.178058564572,
    14.222191475171));
#799 = CARTESIAN_POINT('',(-27.57870407023,1.090801798817,
    14.272897629837));
#800 = CARTESIAN_POINT('',(-27.58212252613,0.999707651437,
    14.319690776411));
#801 = CARTESIAN_POINT('',(-27.58529855818,0.904921537173,14.36218769163
    ));
#802 = CARTESIAN_POINT('',(-27.58817686111,0.806617787957,14.4000006));
#803 = PCURVE('',#58,#804);
#804 = DEFINITIONAL_REPRESENTATION('',(#805),#857);
#805 = B_SPLINE_CURVE_WITH_KNOTS('',8,(#806,#807,#808,#809,#810,#811,
    #812,#813,#814,#815,#816,#817,#818,#819,#820,#821,#822,#823,#824,
    #825,#826,#827,#828,#829,#830,#831,#832,#833,#834,#835,#836,#837,
    #838,#839,#840,#841,#842,#843,#844,#845,#846,#847,#848,#849,#850,
    #851,#852,#853,#854,#855,#856),.UNSPECIFIED.,.F.,.F.,(9,7,7,7,7,7,7,
    9),(0.,0.244388196366,0.453001981585,0.601271720777,0.747513105753,
    0.845060915123,0.932163766638,1.),.UNSPECIFIED.);
#806 = CARTESIAN_POINT('',(0.,7.091864839652));
#807 = CARTESIAN_POINT('',(0.104280160669,7.091864837732));
#808 = CARTESIAN_POINT('',(0.208411532651,7.089577795413));
#809 = CARTESIAN_POINT('',(0.313351905402,7.085014369789));
#810 = CARTESIAN_POINT('',(0.419934643828,7.078283525284));
#811 = CARTESIAN_POINT('',(0.528967065994,7.069604845543));
#812 = CARTESIAN_POINT('',(0.641273108539,7.059381501234));
#813 = CARTESIAN_POINT('',(0.757767160097,7.048283221139));
#814 = CARTESIAN_POINT('',(0.983683677308,7.027903436303));
#815 = CARTESIAN_POINT('',(1.09547925238,7.018247787746));
#816 = CARTESIAN_POINT('',(1.212289058032,7.009300062424));
#817 = CARTESIAN_POINT('',(1.332379784716,7.002241597963));
#818 = CARTESIAN_POINT('',(1.454502933927,6.998168606874));
#819 = CARTESIAN_POINT('',(1.577577431193,6.997581950968));
#820 = CARTESIAN_POINT('',(1.700565538787,7.000300803123));
#821 = CARTESIAN_POINT('',(1.908519768163,7.009490644637));
#822 = CARTESIAN_POINT('',(1.994915446199,7.014680487111));
#823 = CARTESIAN_POINT('',(2.081306319824,7.021069855784));
#824 = CARTESIAN_POINT('',(2.167695120182,7.028397011329));
#825 = CARTESIAN_POINT('',(2.254087154264,7.0363323033));
#826 = CARTESIAN_POINT('',(2.340485572613,7.044505681316));
#827 = CARTESIAN_POINT('',(2.4268865134,7.052540221998));
#828 = CARTESIAN_POINT('',(2.598479935756,7.067539816273));
#829 = CARTESIAN_POINT('',(2.681572064447,7.074334191629));
#830 = CARTESIAN_POINT('',(2.762982232332,7.080223082719));
#831 = CARTESIAN_POINT('',(2.843081703651,7.085032487048));
#832 = CARTESIAN_POINT('',(2.922220114735,7.088649043961));
#833 = CARTESIAN_POINT('',(3.000738182281,7.091005019187));
#834 = CARTESIAN_POINT('',(3.078976247735,7.092068522576));
#835 = CARTESIAN_POINT('',(3.209545544855,7.09169113028));
#836 = CARTESIAN_POINT('',(3.261806939131,7.090966143353));
#837 = CARTESIAN_POINT('',(3.314187390134,7.089669163061));
#838 = CARTESIAN_POINT('',(3.366787034405,7.087808612923));
#839 = CARTESIAN_POINT('',(3.419705719519,7.085400489269));
#840 = CARTESIAN_POINT('',(3.473045169034,7.082469497437));
#841 = CARTESIAN_POINT('',(3.526911147438,7.07905018797));
#842 = CARTESIAN_POINT('',(3.630084021181,7.071739532533));
#843 = CARTESIAN_POINT('',(3.679271377328,7.067937320382));
#844 = CARTESIAN_POINT('',(3.729055536998,7.063814111715));
#845 = CARTESIAN_POINT('',(3.779516164569,7.059410148453));
#846 = CARTESIAN_POINT('',(3.830734849758,7.054774841799));
#847 = CARTESIAN_POINT('',(3.88279651379,7.049968074104));
#848 = CARTESIAN_POINT('',(3.935792117315,7.045061219872));
#849 = CARTESIAN_POINT('',(4.031901994913,7.036303563322));
#850 = CARTESIAN_POINT('',(4.074648229503,7.032455724439));
#851 = CARTESIAN_POINT('',(4.118056508029,7.028638610189));
#852 = CARTESIAN_POINT('',(4.162126121161,7.024901195728));
#853 = CARTESIAN_POINT('',(4.206861096274,7.021295929762));
#854 = CARTESIAN_POINT('',(4.252270777675,7.017877473869));
#855 = CARTESIAN_POINT('',(4.298370406833,7.014701441817));
#856 = CARTESIAN_POINT('',(4.345181702609,7.011823138888));
#857 = ( GEOMETRIC_REPRESENTATION_CONTEXT(2) 
PARAMETRIC_REPRESENTATION_CONTEXT() REPRESENTATION_CONTEXT('2D SPACE',''
  ) );
#858 = PCURVE('',#295,#859);
#859 = DEFINITIONAL_REPRESENTATION('',(#860),#912);
#860 = B_SPLINE_CURVE_WITH_KNOTS('',8,(#861,#862,#863,#864,#865,#866,
    #867,#868,#869,#870,#871,#872,#873,#874,#875,#876,#877,#878,#879,
    #880,#881,#882,#883,#884,#885,#886,#887,#888,#889,#890,#891,#892,
    #893,#894,#895,#896,#897,#898,#899,#900,#901,#902,#903,#904,#905,
    #906,#907,#908,#909,#910,#911),.UNSPECIFIED.,.F.,.F.,(9,7,7,7,7,7,7,
    9),(0.,0.244388196366,0.453001981585,0.601271720777,0.747513105753,
    0.845060915123,0.932163766638,1.),.UNSPECIFIED.);
#861 = CARTESIAN_POINT('',(4.794001286742,4.3));
#862 = CARTESIAN_POINT('',(4.794001285889,4.065369638495));
#863 = CARTESIAN_POINT('',(4.792984758605,3.831073149997));
#864 = CARTESIAN_POINT('',(4.79095681383,3.598848484816));
#865 = CARTESIAN_POINT('',(4.787894234343,3.370650735579));
#866 = CARTESIAN_POINT('',(4.783755872638,3.14908101902));
#867 = CARTESIAN_POINT('',(4.778489712278,2.937650654994));
#868 = CARTESIAN_POINT('',(4.77204230664,2.741144238906));
#869 = CARTESIAN_POINT('',(4.757832483516,2.417133871466));
#870 = CARTESIAN_POINT('',(4.750159612254,2.278241406612));
#871 = CARTESIAN_POINT('',(4.741471046021,2.16166315434));
#872 = CARTESIAN_POINT('',(4.731977504909,2.076397671144));
#873 = CARTESIAN_POINT('',(4.72196739826,2.028437533739));
#874 = CARTESIAN_POINT('',(4.711767730798,2.020654627655));
#875 = CARTESIAN_POINT('',(4.701714238826,2.052669723451));
#876 = CARTESIAN_POINT('',(4.685290675919,2.169030979589));
#877 = CARTESIAN_POINT('',(4.678639311684,2.235964902982));
#878 = CARTESIAN_POINT('',(4.672237489332,2.32093618518));
#879 = CARTESIAN_POINT('',(4.666159476689,2.423096129087));
#880 = CARTESIAN_POINT('',(4.660475137407,2.541322009575));
#881 = CARTESIAN_POINT('',(4.65524866396,2.674237572048));
#882 = CARTESIAN_POINT('',(4.650537092792,2.820232832969));
#883 = CARTESIAN_POINT('',(4.642296862499,3.132582321288));
#884 = CARTESIAN_POINT('',(4.638853770753,3.294806926283));
#885 = CARTESIAN_POINT('',(4.63603686832,3.462275456336));
#886 = CARTESIAN_POINT('',(4.633825745404,3.633523526187));
#887 = CARTESIAN_POINT('',(4.632203690526,3.807380675651));
#888 = CARTESIAN_POINT('',(4.63115900577,3.982871555069));
#889 = CARTESIAN_POINT('',(4.630686136491,4.159133374462));
#890 = CARTESIAN_POINT('',(4.630853887096,4.452878049959));
#891 = CARTESIAN_POINT('',(4.63117615305,4.570341747683));
#892 = CARTESIAN_POINT('',(4.631753688944,4.687473475475));
#893 = CARTESIAN_POINT('',(4.632587907361,4.804008015299));
#894 = CARTESIAN_POINT('',(4.633681399521,4.919662374262));
#895 = CARTESIAN_POINT('',(4.635037827672,5.034124146125));
#896 = CARTESIAN_POINT('',(4.636661817484,5.147039872831));
#897 = CARTESIAN_POINT('',(4.640252758079,5.35708548913));
#898 = CARTESIAN_POINT('',(4.642164707264,5.454630703729));
#899 = CARTESIAN_POINT('',(4.644298661103,5.550343557142));
#900 = CARTESIAN_POINT('',(4.64665898642,5.643887549211));
#901 = CARTESIAN_POINT('',(4.649250211736,5.734877135663));
#902 = CARTESIAN_POINT('',(4.652076771758,5.82286934573));
#903 = CARTESIAN_POINT('',(4.655142738337,5.907355054024));
#904 = CARTESIAN_POINT('',(4.661028451273,6.050361909493));
#905 = CARTESIAN_POINT('',(4.663755055904,6.110551129944));
#906 = CARTESIAN_POINT('',(4.666630089854,6.167951126191));
#907 = CARTESIAN_POINT('',(4.669651299573,6.222191475171));
#908 = CARTESIAN_POINT('',(4.672815431667,6.272897629837));
#909 = CARTESIAN_POINT('',(4.676118224631,6.319690776411));
#910 = CARTESIAN_POINT('',(4.679554400593,6.36218769163));
#911 = CARTESIAN_POINT('',(4.683117657045,6.4000006));
#912 = ( GEOMETRIC_REPRESENTATION_CONTEXT(2) 
PARAMETRIC_REPRESENTATION_CONTEXT() REPRESENTATION_CONTEXT('2D SPACE',''
  ) );
#913 = ORIENTED_EDGE('',*,*,#914,.F.);
#914 = EDGE_CURVE('',#22,#748,#915,.T.);
#915 = SURFACE_CURVE('',#916,(#920,#926),.PCURVE_S1.);
#916 = LINE('',#917,#918);
#917 = CARTESIAN_POINT('',(-34.6,0.806619347799,14.4));
#918 = VECTOR('',#919,1.);
#919 = DIRECTION('',(1.,0.,0.));
#920 = PCURVE('',#58,#921);
#921 = DEFINITIONAL_REPRESENTATION('',(#922),#925);
#922 = B_SPLINE_CURVE_WITH_KNOTS('',1,(#923,#924),.UNSPECIFIED.,.F.,.F.,
  (2,2),(-5.999999999062E-07,69.2000006),.PIECEWISE_BEZIER_KNOTS.);
#923 = CARTESIAN_POINT('',(4.345180959827,-5.999999999062E-07));
#924 = CARTESIAN_POINT('',(4.345180959827,69.2000006));
#925 = ( GEOMETRIC_REPRESENTATION_CONTEXT(2) 
PARAMETRIC_REPRESENTATION_CONTEXT() REPRESENTATION_CONTEXT('2D SPACE',''
  ) );
#926 = PCURVE('',#240,#927);
#927 = DEFINITIONAL_REPRESENTATION('',(#928),#931);
#928 = B_SPLINE_CURVE_WITH_KNOTS('',1,(#929,#930),.UNSPECIFIED.,.F.,.F.,
  (2,2),(-5.999999999062E-07,69.2000006),.PIECEWISE_BEZIER_KNOTS.);
#929 = CARTESIAN_POINT('',(-0.80777472107,-34.6000006));
#930 = CARTESIAN_POINT('',(-0.80777472107,34.6000006));
#931 = ( GEOMETRIC_REPRESENTATION_CONTEXT(2) 
PARAMETRIC_REPRESENTATION_CONTEXT() REPRESENTATION_CONTEXT('2D SPACE',''
  ) );
#932 = ORIENTED_EDGE('',*,*,#21,.T.);
#933 = ORIENTED_EDGE('',*,*,#331,.T.);
#934 = ORIENTED_EDGE('',*,*,#935,.T.);
#935 = EDGE_CURVE('',#308,#725,#936,.T.);
#936 = SURFACE_CURVE('',#937,(#955,#976),.PCURVE_S1.);
#937 = B_SPLINE_CURVE_WITH_KNOTS('',6,(#938,#939,#940,#941,#942,#943,
    #944,#945,#946,#947,#948,#949,#950,#951,#952,#953,#954),
  .UNSPECIFIED.,.F.,.F.,(7,5,5,7),(0.,0.26487183454,0.456737287105,1.),
  .UNSPECIFIED.);
#938 = CARTESIAN_POINT('',(-27.58817686111,-0.808928534499,14.4000006));
#939 = CARTESIAN_POINT('',(-27.58433911854,-0.940000382076,
    14.34958331885));
#940 = CARTESIAN_POINT('',(-27.57994562613,-1.064505551409,
    14.29042269585));
#941 = CARTESIAN_POINT('',(-27.57515122719,-1.181956493594,
    14.223604390116));
#942 = CARTESIAN_POINT('',(-27.57011220747,-1.292000097092,
    14.150192770951));
#943 = CARTESIAN_POINT('',(-27.56497453737,-1.394414694655,
    14.071232465548));
#944 = CARTESIAN_POINT('',(-27.55615882336,-1.557699472796,
    13.927277569289));
#945 = CARTESIAN_POINT('',(-27.55246471474,-1.622316253889,
    13.86436506103));
#946 = CARTESIAN_POINT('',(-27.54882202397,-1.683000319566,
    13.799307455723));
#947 = CARTESIAN_POINT('',(-27.54526740587,-1.739802163186,
    13.732369352382));
#948 = CARTESIAN_POINT('',(-27.54183215703,-1.792778722628,
    13.663785565793));
#949 = CARTESIAN_POINT('',(-27.52922767463,-1.981339197708,
    13.395491147861));
#950 = CARTESIAN_POINT('',(-27.52107645326,-2.090563403688,
    13.18560864085));
#951 = CARTESIAN_POINT('',(-27.51467564651,-2.171186575792,
    12.968536626925));
#952 = CARTESIAN_POINT('',(-27.51031706813,-2.224481257251,
    12.747151935867));
#953 = CARTESIAN_POINT('',(-27.50813516217,-2.251155350907,
    12.523639998221));
#954 = CARTESIAN_POINT('',(-27.50813516034,-2.251155373271,12.3));
#955 = PCURVE('',#58,#956);
#956 = DEFINITIONAL_REPRESENTATION('',(#957),#975);
#957 = B_SPLINE_CURVE_WITH_KNOTS('',6,(#958,#959,#960,#961,#962,#963,
    #964,#965,#966,#967,#968,#969,#970,#971,#972,#973,#974),
  .UNSPECIFIED.,.F.,.F.,(7,5,5,7),(0.,0.26487183454,0.456737287105,1.),
  .UNSPECIFIED.);
#958 = CARTESIAN_POINT('',(5.07959625816,7.011823138888));
#959 = CARTESIAN_POINT('',(5.142011405841,7.015660881454));
#960 = CARTESIAN_POINT('',(5.203097912373,7.020054373865));
#961 = CARTESIAN_POINT('',(5.262916841056,7.024848772808));
#962 = CARTESIAN_POINT('',(5.32149884113,7.029887792524));
#963 = CARTESIAN_POINT('',(5.378849599209,7.035025462623));
#964 = CARTESIAN_POINT('',(5.475596621677,7.043841176639));
#965 = CARTESIAN_POINT('',(5.515629779668,7.047535285257));
#966 = CARTESIAN_POINT('',(5.555103047325,7.051177976021));
#967 = CARTESIAN_POINT('',(5.594058525571,7.054732594121));
#968 = CARTESIAN_POINT('',(5.63253565541,7.058167842964));
#969 = CARTESIAN_POINT('',(5.778281551285,7.07077232537));
#970 = CARTESIAN_POINT('',(5.882513562107,7.078923546737));
#971 = CARTESIAN_POINT('',(5.984293677749,7.085324353488));
#972 = CARTESIAN_POINT('',(6.084450238221,7.089682931862));
#973 = CARTESIAN_POINT('',(6.183789752415,7.091864837822));
#974 = CARTESIAN_POINT('',(6.28318530718,7.091864839652));
#975 = ( GEOMETRIC_REPRESENTATION_CONTEXT(2) 
PARAMETRIC_REPRESENTATION_CONTEXT() REPRESENTATION_CONTEXT('2D SPACE',''
  ) );
#976 = PCURVE('',#295,#977);
#977 = DEFINITIONAL_REPRESENTATION('',(#978),#996);
#978 = B_SPLINE_CURVE_WITH_KNOTS('',6,(#979,#980,#981,#982,#983,#984,
    #985,#986,#987,#988,#989,#990,#991,#992,#993,#994,#995),
  .UNSPECIFIED.,.F.,.F.,(7,5,5,7),(0.,0.26487183454,0.456737287105,1.),
  .UNSPECIFIED.);
#979 = CARTESIAN_POINT('',(4.741660303724,6.4000006));
#980 = CARTESIAN_POINT('',(4.746411318923,6.34958331885));
#981 = CARTESIAN_POINT('',(4.750925101754,6.29042269585));
#982 = CARTESIAN_POINT('',(4.755184026233,6.223604390115));
#983 = CARTESIAN_POINT('',(4.759175229543,6.150192770951));
#984 = CARTESIAN_POINT('',(4.762890542971,6.071232465548));
#985 = CARTESIAN_POINT('',(4.768815274288,5.927277569289));
#986 = CARTESIAN_POINT('',(4.771160273052,5.86436506103));
#987 = CARTESIAN_POINT('',(4.773362916529,5.799307455723));
#988 = CARTESIAN_POINT('',(4.775424971968,5.732369352382));
#989 = CARTESIAN_POINT('',(4.777348439907,5.663785565793));
#990 = CARTESIAN_POINT('',(4.784195587881,5.395491147861));
#991 = CARTESIAN_POINT('',(4.788163873459,5.18560864085));
#992 = CARTESIAN_POINT('',(4.79109419467,4.968536626925));
#993 = CARTESIAN_POINT('',(4.793031604607,4.747151935867));
#994 = CARTESIAN_POINT('',(4.794001285929,4.523639998221));
#995 = CARTESIAN_POINT('',(4.794001286742,4.3));
#996 = ( GEOMETRIC_REPRESENTATION_CONTEXT(2) 
PARAMETRIC_REPRESENTATION_CONTEXT() REPRESENTATION_CONTEXT('2D SPACE',''
  ) );
#997 = ORIENTED_EDGE('',*,*,#724,.T.);
#998 = ORIENTED_EDGE('',*,*,#999,.F.);
#999 = EDGE_CURVE('',#1000,#651,#1002,.T.);
#1000 = VERTEX_POINT('',#1001);
#1001 = CARTESIAN_POINT('',(-23.06051820753,1.348844626729,10.5));
#1002 = SURFACE_CURVE('',#1003,(#1132,#1264),.PCURVE_S1.);
#1003 = B_SPLINE_CURVE_WITH_KNOTS('',8,(#1004,#1005,#1006,#1007,#1008,
    #1009,#1010,#1011,#1012,#1013,#1014,#1015,#1016,#1017,#1018,#1019,
    #1020,#1021,#1022,#1023,#1024,#1025,#1026,#1027,#1028,#1029,#1030,
    #1031,#1032,#1033,#1034,#1035,#1036,#1037,#1038,#1039,#1040,#1041,
    #1042,#1043,#1044,#1045,#1046,#1047,#1048,#1049,#1050,#1051,#1052,
    #1053,#1054,#1055,#1056,#1057,#1058,#1059,#1060,#1061,#1062,#1063,
    #1064,#1065,#1066,#1067,#1068,#1069,#1070,#1071,#1072,#1073,#1074,
    #1075,#1076,#1077,#1078,#1079,#1080,#1081,#1082,#1083,#1084,#1085,
    #1086,#1087,#1088,#1089,#1090,#1091,#1092,#1093,#1094,#1095,#1096,
    #1097,#1098,#1099,#1100,#1101,#1102,#1103,#1104,#1105,#1106,#1107,
    #1108,#1109,#1110,#1111,#1112,#1113,#1114,#1115,#1116,#1117,#1118,
    #1119,#1120,#1121,#1122,#1123,#1124,#1125,#1126,#1127,#1128,#1129,
    #1130,#1131),.UNSPECIFIED.,.F.,.F.,(9,7,7,7,7,7,7,7,7,7,7,7,7,7,7,7,
    7,7,9),(0.,4.759845123516E-02,0.140942034872,0.245266038565,
    0.26731308516,0.404055405029,0.520014583342,0.579292644895,
    0.597327913927,0.607129557542,0.626659201001,0.649006998331,
    0.660875517602,0.685843557965,0.726300209505,0.809940829232,
    0.909232419771,0.986133488457,1.),.UNSPECIFIED.);
#1004 = CARTESIAN_POINT('',(-23.06051820753,1.348844626729,10.5));
#1005 = CARTESIAN_POINT('',(-23.09507256737,1.398725155324,
    10.537410396446));
#1006 = CARTESIAN_POINT('',(-23.13037521971,1.446280030374,
    10.575544813659));
#1007 = CARTESIAN_POINT('',(-23.16634141682,1.491642912219,
    10.614306182363));
#1008 = CARTESIAN_POINT('',(-23.20289891746,1.534929137556,
    10.653612146374));
#1009 = CARTESIAN_POINT('',(-23.23998640902,1.576241532639,
    10.693393142343));
#1010 = CARTESIAN_POINT('',(-23.27755248268,1.615674286678,
    10.733591079549));
#1011 = CARTESIAN_POINT('',(-23.31555516156,1.653314885443,
    10.774158619766));
#1012 = CARTESIAN_POINT('',(-23.42928019419,1.759703584925,
    10.895267410641));
#1013 = CARTESIAN_POINT('',(-23.50612380207,1.823554930708,
    10.976725295374));
#1014 = CARTESIAN_POINT('',(-23.58424376206,1.881414826693,
    11.059151902488));
#1015 = CARTESIAN_POINT('',(-23.66344287776,1.933730842407,
    11.142329070861));
#1016 = CARTESIAN_POINT('',(-23.7435620524,1.980865259339,
    11.226084352733));
#1017 = CARTESIAN_POINT('',(-23.82447622628,2.023123119587,
    11.310284909549));
#1018 = CARTESIAN_POINT('',(-23.90609424438,2.060756207195,
    11.394835877019));
#1019 = CARTESIAN_POINT('',(-24.08029647553,2.131100774242,
    11.574498018605));
#1020 = CARTESIAN_POINT('',(-24.17301113068,2.162700417623,
    11.669650346499));
#1021 = CARTESIAN_POINT('',(-24.26639477832,2.189062068376,
    11.765025874557));
#1022 = CARTESIAN_POINT('',(-24.36035292015,2.210399688909,
    11.86053162365));
#1023 = CARTESIAN_POINT('',(-24.45480114783,2.226873436097,
    11.956087308748));
#1024 = CARTESIAN_POINT('',(-24.54966421352,2.238602037023,
    12.051623756351));
#1025 = CARTESIAN_POINT('',(-24.64487566937,2.245666843101,
    12.147082013632));
#1026 = CARTESIAN_POINT('',(-24.76056083249,2.2486233658,12.262559711117
    ));
#1027 = CARTESIAN_POINT('',(-24.78075627936,2.248932650123,
    12.282700291658));
#1028 = CARTESIAN_POINT('',(-24.80096379246,2.249035804744,
    12.302834348615));
#1029 = CARTESIAN_POINT('',(-24.82118274847,2.248933144095,
    12.322961342421));
#1030 = CARTESIAN_POINT('',(-24.84141252452,2.248624907861,
    12.343080736254));
#1031 = CARTESIAN_POINT('',(-24.86165249816,2.248111260972,
    12.363191996025));
#1032 = CARTESIAN_POINT('',(-24.8819020474,2.247392293608,12.38329459039
    ));
#1033 = CARTESIAN_POINT('',(-25.02780979465,2.240735409674,
    12.528013217359));
#1034 = CARTESIAN_POINT('',(-25.15377425819,2.227106637687,
    12.65225576882));
#1035 = CARTESIAN_POINT('',(-25.27994088541,2.205588535948,
    12.776025031783));
#1036 = CARTESIAN_POINT('',(-25.40616667254,2.176071642155,
    12.899202726682));
#1037 = CARTESIAN_POINT('',(-25.53227435579,2.138327256953,
    13.021639923308));
#1038 = CARTESIAN_POINT('',(-25.65805100024,2.092011103184,
    13.143156564258));
#1039 = CARTESIAN_POINT('',(-25.78324183866,2.036616858913,
    13.263536475109));
#1040 = CARTESIAN_POINT('',(-26.01293105694,1.915952694734,
    13.483402572987));
#1041 = CARTESIAN_POINT('',(-26.11751040255,1.853552811023,
    13.583118817097));
#1042 = CARTESIAN_POINT('',(-26.22122950834,1.783588544577,
    13.681643284683));
#1043 = CARTESIAN_POINT('',(-26.32386189741,1.705363817897,
    13.778781016971));
#1044 = CARTESIAN_POINT('',(-26.42501138155,1.618092345903,
    13.874179220372));
#1045 = CARTESIAN_POINT('',(-26.52404129949,1.520684776542,
    13.967266226368));
#1046 = CARTESIAN_POINT('',(-26.62012053622,1.411919290743,
    14.057297582455));
#1047 = CARTESIAN_POINT('',(-26.75887342547,1.226751326741,
    14.186953149131));
#1048 = CARTESIAN_POINT('',(-26.80461237749,1.160627489544,
    14.229627486867));
#1049 = CARTESIAN_POINT('',(-26.84902019024,1.090672064393,
    14.270998935202));
#1050 = CARTESIAN_POINT('',(-26.89184535554,1.016551383608,
    14.310839739635));
#1051 = CARTESIAN_POINT('',(-26.93272323191,0.937956499493,
    14.348818457561));
#1052 = CARTESIAN_POINT('',(-26.97117701203,0.854610109372,
    14.384501693707));
#1053 = CARTESIAN_POINT('',(-27.00661499047,0.766267128119,
    14.417351728597));
#1054 = CARTESIAN_POINT('',(-27.04797159453,0.644243947917,
    14.455655308531));
#1055 = CARTESIAN_POINT('',(-27.0572696416,0.615308586945,
    14.464264349078));
#1056 = CARTESIAN_POINT('',(-27.06619693134,0.585902816119,
    14.472527730417));
#1057 = CARTESIAN_POINT('',(-27.07473051819,0.556029762215,
    14.480424552978));
#1058 = CARTESIAN_POINT('',(-27.08284630153,0.5256961551,14.487932858955
    ));
#1059 = CARTESIAN_POINT('',(-27.09051947468,0.494912794895,14.4950300424
    ));
#1060 = CARTESIAN_POINT('',(-27.09772497371,0.463695019146,
    14.501693259327));
#1061 = CARTESIAN_POINT('',(-27.10808622085,0.414872180938,
    14.511272932501));
#1062 = CARTESIAN_POINT('',(-27.11158905391,0.397559048838,
    14.51451116968));
#1063 = CARTESIAN_POINT('',(-27.11494234481,0.380127155606,
    14.517610829008));
#1064 = CARTESIAN_POINT('',(-27.11814212056,0.362580386328,
    14.520568288219));
#1065 = CARTESIAN_POINT('',(-27.12118451599,0.344923129258,
    14.523380023114));
#1066 = CARTESIAN_POINT('',(-27.12406577375,0.327160275821,
    14.526042607565));
#1067 = CARTESIAN_POINT('',(-27.12678224436,0.309297220605,
    14.52855271351));
#1068 = CARTESIAN_POINT('',(-27.13440752449,0.255560063912,
    14.535598216292));
#1069 = CARTESIAN_POINT('',(-27.13881706752,0.219402236694,
    14.539671775012));
#1070 = CARTESIAN_POINT('',(-27.14253077726,0.182917849132,
    14.543102027355));
#1071 = CARTESIAN_POINT('',(-27.14552437614,0.146163087386,
    14.545866827851));
#1072 = CARTESIAN_POINT('',(-27.14777842163,0.109199012038,
    14.547948442213));
#1073 = CARTESIAN_POINT('',(-27.14927918089,7.209171576872E-02,
    14.549334344213));
#1074 = CARTESIAN_POINT('',(-27.15001950532,3.491248104044E-02,
    14.550018012569));
#1075 = CARTESIAN_POINT('',(-27.14997704805,-4.480094218929E-02,
    14.54997880458));
#1076 = CARTESIAN_POINT('',(-27.14895903679,-8.734309173196E-02,
    14.549038699561));
#1077 = CARTESIAN_POINT('',(-27.14694555919,-0.129772028121,
    14.547179316153));
#1078 = CARTESIAN_POINT('',(-27.14394940482,-0.171981593466,
    14.544412321418));
#1079 = CARTESIAN_POINT('',(-27.13999439804,-0.213875532305,
    14.540759445239));
#1080 = CARTESIAN_POINT('',(-27.135113531,-0.255367069183,
    14.536250779466));
#1081 = CARTESIAN_POINT('',(-27.12934709661,-0.296378486236,
    14.530923077051));
#1082 = CARTESIAN_POINT('',(-27.11923234583,-0.35832946613,
    14.521575780105));
#1083 = CARTESIAN_POINT('',(-27.11548668584,-0.379665273889,
    14.518113981672));
#1084 = CARTESIAN_POINT('',(-27.11151044326,-0.400838968804,
    14.514438675995));
#1085 = CARTESIAN_POINT('',(-27.10731049362,-0.421842567492,
    14.510556132204));
#1086 = CARTESIAN_POINT('',(-27.10289389715,-0.442669189762,
    14.506472787193));
#1087 = CARTESIAN_POINT('',(-27.09826780977,-0.463312989947,
    14.502195164358));
#1088 = CARTESIAN_POINT('',(-27.09343939393,-0.483769088229,
    14.497729792338));
#1089 = CARTESIAN_POINT('',(-27.0778473468,-0.546664152733,
    14.483307834501));
#1090 = CARTESIAN_POINT('',(-27.06641561613,-0.588442983647,
    14.472730890504));
#1091 = CARTESIAN_POINT('',(-27.05418594892,-0.629338243276,
    14.461411889007));
#1092 = CARTESIAN_POINT('',(-27.04122204095,-0.66933142464,
    14.449408859988));
#1093 = CARTESIAN_POINT('',(-27.02758459222,-0.708415645889,
    14.43677709337));
#1094 = CARTESIAN_POINT('',(-27.01333002693,-0.746594030972,
    14.423567966247));
#1095 = CARTESIAN_POINT('',(-26.99850921333,-0.783878090308,
    14.409827770098));
#1096 = CARTESIAN_POINT('',(-26.95830529758,-0.879279366405,
    14.37253713932));
#1097 = CARTESIAN_POINT('',(-26.93208215627,-0.935952538899,
    14.348196700677));
#1098 = CARTESIAN_POINT('',(-26.9046819045,-0.9903988458,14.322743481131
    ));
#1099 = CARTESIAN_POINT('',(-26.8762642014,-1.042711428682,
    14.296322529052));
#1100 = CARTESIAN_POINT('',(-26.84696469613,-1.092985574272,
    14.26905705498));
#1101 = CARTESIAN_POINT('',(-26.81689590214,-1.141319773537,
    14.241049190675));
#1102 = CARTESIAN_POINT('',(-26.78614746991,-1.187815609383,
    14.212380134365));
#1103 = CARTESIAN_POINT('',(-26.68994844513,-1.325115678032,
    14.122595559877));
#1104 = CARTESIAN_POINT('',(-26.62256400576,-1.410134973503,
    14.059579853931));
#1105 = CARTESIAN_POINT('',(-26.55323486994,-1.488567317944,
    13.99460554074));
#1106 = CARTESIAN_POINT('',(-26.48239752508,-1.561033142952,
    13.928065543423));
#1107 = CARTESIAN_POINT('',(-26.41038406718,-1.628038314249,
    13.860258767976));
#1108 = CARTESIAN_POINT('',(-26.33743820285,-1.690024655867,
    13.791403844155));
#1109 = CARTESIAN_POINT('',(-26.26371484615,-1.747364012025,
    13.721637453746));
#1110 = CARTESIAN_POINT('',(-26.10094380251,-1.863331346007,
    13.567197522005));
#1111 = CARTESIAN_POINT('',(-26.01169409609,-1.920132232291,
    13.482257172596));
#1112 = CARTESIAN_POINT('',(-25.92175509439,-1.971301503121,
    13.396388578783));
#1113 = CARTESIAN_POINT('',(-25.83129558055,-2.017202661878,
    13.309738885253));
#1114 = CARTESIAN_POINT('',(-25.74045264217,-2.058118937832,
    13.222426996757));
#1115 = CARTESIAN_POINT('',(-25.64933603056,-2.094278007527,
    13.134547168205));
#1116 = CARTESIAN_POINT('',(-25.55802955244,-2.125857026505,
    13.046169793143));
#1117 = CARTESIAN_POINT('',(-25.39577660938,-2.174007619139,
    12.888547088167));
#1118 = CARTESIAN_POINT('',(-25.32489155644,-2.192354928521,
    12.819490857588));
#1119 = CARTESIAN_POINT('',(-25.25397279378,-2.208095103145,
    12.750203118675));
#1120 = CARTESIAN_POINT('',(-25.18305249817,-2.221274928114,
    12.680710742801));
#1121 = CARTESIAN_POINT('',(-25.11216079427,-2.23192773651,
    12.611038927144));
#1122 = CARTESIAN_POINT('',(-25.04132593045,-2.240074541421,
    12.541211347104));
#1123 = CARTESIAN_POINT('',(-24.97057445449,-2.245725167981,
    12.471250308702));
#1124 = CARTESIAN_POINT('',(-24.8871932976,-2.249448142026,
    12.388541527603));
#1125 = CARTESIAN_POINT('',(-24.87445876593,-2.249935721609,
    12.375902535712));
#1126 = CARTESIAN_POINT('',(-24.86172794937,-2.250342118885,
    12.363260057182));
#1127 = CARTESIAN_POINT('',(-24.84900100278,-2.250667316974,
    12.350614224161));
#1128 = CARTESIAN_POINT('',(-24.83627808093,-2.250911287378,
    12.337965169077));
#1129 = CARTESIAN_POINT('',(-24.82355933853,-2.251073989984,
    12.325313024644));
#1130 = CARTESIAN_POINT('',(-24.81084493021,-2.251155373064,
    12.312657923858));
#1131 = CARTESIAN_POINT('',(-24.79813501052,-2.251155373271,12.3));
#1132 = PCURVE('',#58,#1133);
#1133 = DEFINITIONAL_REPRESENTATION('',(#1134),#1263);
#1134 = B_SPLINE_CURVE_WITH_KNOTS('',8,(#1135,#1136,#1137,#1138,#1139,
    #1140,#1141,#1142,#1143,#1144,#1145,#1146,#1147,#1148,#1149,#1150,
    #1151,#1152,#1153,#1154,#1155,#1156,#1157,#1158,#1159,#1160,#1161,
    #1162,#1163,#1164,#1165,#1166,#1167,#1168,#1169,#1170,#1171,#1172,
    #1173,#1174,#1175,#1176,#1177,#1178,#1179,#1180,#1181,#1182,#1183,
    #1184,#1185,#1186,#1187,#1188,#1189,#1190,#1191,#1192,#1193,#1194,
    #1195,#1196,#1197,#1198,#1199,#1200,#1201,#1202,#1203,#1204,#1205,
    #1206,#1207,#1208,#1209,#1210,#1211,#1212,#1213,#1214,#1215,#1216,
    #1217,#1218,#1219,#1220,#1221,#1222,#1223,#1224,#1225,#1226,#1227,
    #1228,#1229,#1230,#1231,#1232,#1233,#1234,#1235,#1236,#1237,#1238,
    #1239,#1240,#1241,#1242,#1243,#1244,#1245,#1246,#1247,#1248,#1249,
    #1250,#1251,#1252,#1253,#1254,#1255,#1256,#1257,#1258,#1259,#1260,
    #1261,#1262),.UNSPECIFIED.,.F.,.F.,(9,7,7,7,7,7,7,7,7,7,7,7,7,7,7,7,
    7,7,9),(0.,4.759845123516E-02,0.140942034872,0.245266038565,
    0.26731308516,0.404055405029,0.520014583342,0.579292644895,
    0.597327913927,0.607129557542,0.626659201001,0.649006998331,
    0.660875517602,0.685843557965,0.726300209505,0.809940829232,
    0.909232419771,0.986133488457,1.),.UNSPECIFIED.);
#1135 = CARTESIAN_POINT('',(2.214297435588,11.539481792466));
#1136 = CARTESIAN_POINT('',(2.242008840363,11.504927432623));
#1137 = CARTESIAN_POINT('',(2.269086428859,11.469624780282));
#1138 = CARTESIAN_POINT('',(2.295584215714,11.433658583175));
#1139 = CARTESIAN_POINT('',(2.321547540618,11.397101082536));
#1140 = CARTESIAN_POINT('',(2.347016172762,11.360013590974));
#1141 = CARTESIAN_POINT('',(2.372026543494,11.322447517317));
#1142 = CARTESIAN_POINT('',(2.396613107147,11.284444838436));
#1143 = CARTESIAN_POINT('',(2.468258178284,11.170719805801));
#1144 = CARTESIAN_POINT('',(2.514186477661,11.093876197928));
#1145 = CARTESIAN_POINT('',(2.558843415264,11.015756237931));
#1146 = CARTESIAN_POINT('',(2.602407067493,10.936557122233));
#1147 = CARTESIAN_POINT('',(2.645022828345,10.856437947598));
#1148 = CARTESIAN_POINT('',(2.686818252914,10.775523773711));
#1149 = CARTESIAN_POINT('',(2.72790790108,10.693905755612));
#1150 = CARTESIAN_POINT('',(2.813660163528,10.519703524463));
#1151 = CARTESIAN_POINT('',(2.858159688073,10.426988869313));
#1152 = CARTESIAN_POINT('',(2.902043767424,10.333605221676));
#1153 = CARTESIAN_POINT('',(2.945430708398,10.239647079845));
#1154 = CARTESIAN_POINT('',(2.988424042206,10.14519885217));
#1155 = CARTESIAN_POINT('',(3.031119972279,10.050335786471));
#1156 = CARTESIAN_POINT('',(3.073612424895,9.955124330629));
#1157 = CARTESIAN_POINT('',(3.124952664243,9.839439167501));
#1158 = CARTESIAN_POINT('',(3.133904621117,9.819243720638));
#1159 = CARTESIAN_POINT('',(3.142852427895,9.799036207536));
#1160 = CARTESIAN_POINT('',(3.15179693829,9.778817251522));
#1161 = CARTESIAN_POINT('',(3.16073900507,9.758587475476));
#1162 = CARTESIAN_POINT('',(3.16967948005,9.738347501836));
#1163 = CARTESIAN_POINT('',(3.178619214098,9.718097952598));
#1164 = CARTESIAN_POINT('',(3.243006614285,9.572190205347));
#1165 = CARTESIAN_POINT('',(3.29844542521,9.446225741806));
#1166 = CARTESIAN_POINT('',(3.354095507581,9.320059114582));
#1167 = CARTESIAN_POINT('',(3.410164449392,9.193833327455));
#1168 = CARTESIAN_POINT('',(3.466870868057,9.067725644206));
#1169 = CARTESIAN_POINT('',(3.524454604692,8.941948999759));
#1170 = CARTESIAN_POINT('',(3.583202657585,8.816758161335));
#1171 = CARTESIAN_POINT('',(3.694669591408,8.587068943059));
#1172 = CARTESIAN_POINT('',(3.746864692879,8.482489597449));
#1173 = CARTESIAN_POINT('',(3.800415513166,8.378770491658));
#1174 = CARTESIAN_POINT('',(3.855639465403,8.276138102582));
#1175 = CARTESIAN_POINT('',(3.912855481779,8.174988618442));
#1176 = CARTESIAN_POINT('',(3.972495236201,8.075958700505));
#1177 = CARTESIAN_POINT('',(4.035044402272,7.979879463779));
#1178 = CARTESIAN_POINT('',(4.135510221888,7.841126574526));
#1179 = CARTESIAN_POINT('',(4.170462521882,7.795387622503));
#1180 = CARTESIAN_POINT('',(4.206537158855,7.750979809755));
#1181 = CARTESIAN_POINT('',(4.24387224656,7.708154644456));
#1182 = CARTESIAN_POINT('',(4.282591328206,7.667276768085));
#1183 = CARTESIAN_POINT('',(4.322809509864,7.628822987966));
#1184 = CARTESIAN_POINT('',(4.364643480495,7.593385009529));
#1185 = CARTESIAN_POINT('',(4.421485163588,7.552028405466));
#1186 = CARTESIAN_POINT('',(4.434900960992,7.542730358392));
#1187 = CARTESIAN_POINT('',(4.448473762208,7.533803068652));
#1188 = CARTESIAN_POINT('',(4.462203376003,7.525269481809));
#1189 = CARTESIAN_POINT('',(4.476088313362,7.517153698461));
#1190 = CARTESIAN_POINT('',(4.490125632314,7.509480525318));
#1191 = CARTESIAN_POINT('',(4.504310782761,7.502275026281));
#1192 = CARTESIAN_POINT('',(4.526423578538,7.491913779149));
#1193 = CARTESIAN_POINT('',(4.534251432644,7.48841094609));
#1194 = CARTESIAN_POINT('',(4.542119945016,7.485057655183));
#1195 = CARTESIAN_POINT('',(4.550027863574,7.481857879433));
#1196 = CARTESIAN_POINT('',(4.557973752772,7.478815484008));
#1197 = CARTESIAN_POINT('',(4.565955993597,7.475934226242));
#1198 = CARTESIAN_POINT('',(4.573972783571,7.473217755634));
#1199 = CARTESIAN_POINT('',(4.598060364999,7.46559247551));
#1200 = CARTESIAN_POINT('',(4.614229512913,7.461182932479));
#1201 = CARTESIAN_POINT('',(4.630511659067,7.45746922274));
#1202 = CARTESIAN_POINT('',(4.646887510623,7.45447562386));
#1203 = CARTESIAN_POINT('',(4.663336166318,7.452221578362));
#1204 = CARTESIAN_POINT('',(4.679834879464,7.45072081911));
#1205 = CARTESIAN_POINT('',(4.696358820934,7.449980494676));
#1206 = CARTESIAN_POINT('',(4.731787013322,7.450022951946));
#1207 = CARTESIAN_POINT('',(4.750694810849,7.45104096321));
#1208 = CARTESIAN_POINT('',(4.769562851776,7.453054440806));
#1209 = CARTESIAN_POINT('',(4.788354186523,7.456050595179));
#1210 = CARTESIAN_POINT('',(4.807035815196,7.46000560196));
#1211 = CARTESIAN_POINT('',(4.825578203864,7.464886468997));
#1212 = CARTESIAN_POINT('',(4.843954800853,7.470652903382));
#1213 = CARTESIAN_POINT('',(4.871800214935,7.480767654163));
#1214 = CARTESIAN_POINT('',(4.881406212277,7.484513314151));
#1215 = CARTESIAN_POINT('',(4.890956497787,7.488489556731));
#1216 = CARTESIAN_POINT('',(4.900448455537,7.492689506378));
#1217 = CARTESIAN_POINT('',(4.909879873345,7.497106102841));
#1218 = CARTESIAN_POINT('',(4.919248915185,7.501732190223));
#1219 = CARTESIAN_POINT('',(4.928554093599,7.506560606065));
#1220 = CARTESIAN_POINT('',(4.957232926527,7.522152653198));
#1221 = CARTESIAN_POINT('',(4.976382213235,7.53358438387));
#1222 = CARTESIAN_POINT('',(4.995233685558,7.545814051071));
#1223 = CARTESIAN_POINT('',(5.013783294868,7.558777959049));
#1224 = CARTESIAN_POINT('',(5.032030919054,7.572415407779));
#1225 = CARTESIAN_POINT('',(5.049979921006,7.586669973068));
#1226 = CARTESIAN_POINT('',(5.067636707104,7.601490786666));
#1227 = CARTESIAN_POINT('',(5.113161346207,7.641694702416));
#1228 = CARTESIAN_POINT('',(5.140559300181,7.667917843727));
#1229 = CARTESIAN_POINT('',(5.167249473497,7.6953180955));
#1230 = CARTESIAN_POINT('',(5.193273374088,7.7237357986));
#1231 = CARTESIAN_POINT('',(5.218671128009,7.753035303862));
#1232 = CARTESIAN_POINT('',(5.243483289812,7.783104097852));
#1233 = CARTESIAN_POINT('',(5.267752027234,7.813852530087));
#1234 = CARTESIAN_POINT('',(5.340663376981,7.910051554868));
#1235 = CARTESIAN_POINT('',(5.387616456907,7.977435994238));
#1236 = CARTESIAN_POINT('',(5.432776135281,8.046765130052));
#1237 = CARTESIAN_POINT('',(5.476392622054,8.117602474917));
#1238 = CARTESIAN_POINT('',(5.51866541629,8.189615932819));
#1239 = CARTESIAN_POINT('',(5.559771523024,8.262561797145));
#1240 = CARTESIAN_POINT('',(5.599868734337,8.336285153841));
#1241 = CARTESIAN_POINT('',(5.685705346361,8.499056197486));
#1242 = CARTESIAN_POINT('',(5.731051883334,8.588305903909));
#1243 = CARTESIAN_POINT('',(5.775379382807,8.678244905607));
#1244 = CARTESIAN_POINT('',(5.818852610934,8.768704419445));
#1245 = CARTESIAN_POINT('',(5.861607458355,8.859547357829));
#1246 = CARTESIAN_POINT('',(5.903763547162,8.950663969436));
#1247 = CARTESIAN_POINT('',(5.945429076567,9.041970447559));
#1248 = CARTESIAN_POINT('',(6.018679395499,9.204223390619));
#1249 = CARTESIAN_POINT('',(6.050414381609,9.275108443553));
#1250 = CARTESIAN_POINT('',(6.081958953898,9.346027206215));
#1251 = CARTESIAN_POINT('',(6.113354606466,9.416947501828));
#1252 = CARTESIAN_POINT('',(6.144640008452,9.487839205721));
#1253 = CARTESIAN_POINT('',(6.175852127808,9.558674069549));
#1254 = CARTESIAN_POINT('',(6.20702735508,9.629425545504));
#1255 = CARTESIAN_POINT('',(6.243824035034,9.712806702391));
#1256 = CARTESIAN_POINT('',(6.249445427289,9.725541234064));
#1257 = CARTESIAN_POINT('',(6.25506701562,9.738272050623));
#1258 = CARTESIAN_POINT('',(6.260689011698,9.750998997216));
#1259 = CARTESIAN_POINT('',(6.266311627201,9.763721919064));
#1260 = CARTESIAN_POINT('',(6.271935073818,9.776440661463));
#1261 = CARTESIAN_POINT('',(6.277559563243,9.789155069786));
#1262 = CARTESIAN_POINT('',(6.28318530718,9.80186498948));
#1263 = ( GEOMETRIC_REPRESENTATION_CONTEXT(2) 
PARAMETRIC_REPRESENTATION_CONTEXT() REPRESENTATION_CONTEXT('2D SPACE',''
  ) );
#1264 = PCURVE('',#595,#1265);
#1265 = DEFINITIONAL_REPRESENTATION('',(#1266),#1395);
#1266 = B_SPLINE_CURVE_WITH_KNOTS('',8,(#1267,#1268,#1269,#1270,#1271,
    #1272,#1273,#1274,#1275,#1276,#1277,#1278,#1279,#1280,#1281,#1282,
    #1283,#1284,#1285,#1286,#1287,#1288,#1289,#1290,#1291,#1292,#1293,
    #1294,#1295,#1296,#1297,#1298,#1299,#1300,#1301,#1302,#1303,#1304,
    #1305,#1306,#1307,#1308,#1309,#1310,#1311,#1312,#1313,#1314,#1315,
    #1316,#1317,#1318,#1319,#1320,#1321,#1322,#1323,#1324,#1325,#1326,
    #1327,#1328,#1329,#1330,#1331,#1332,#1333,#1334,#1335,#1336,#1337,
    #1338,#1339,#1340,#1341,#1342,#1343,#1344,#1345,#1346,#1347,#1348,
    #1349,#1350,#1351,#1352,#1353,#1354,#1355,#1356,#1357,#1358,#1359,
    #1360,#1361,#1362,#1363,#1364,#1365,#1366,#1367,#1368,#1369,#1370,
    #1371,#1372,#1373,#1374,#1375,#1376,#1377,#1378,#1379,#1380,#1381,
    #1382,#1383,#1384,#1385,#1386,#1387,#1388,#1389,#1390,#1391,#1392,
    #1393,#1394),.UNSPECIFIED.,.F.,.F.,(9,7,7,7,7,7,7,7,7,7,7,7,7,7,7,7,
    7,7,9),(0.,4.759845123516E-02,0.140942034872,0.245266038565,
    0.26731308516,0.404055405029,0.520014583342,0.579292644895,
    0.597327913927,0.607129557542,0.626659201001,0.649006998331,
    0.660875517602,0.685843557965,0.726300209505,0.809940829232,
    0.909232419771,0.986133488457,1.),.UNSPECIFIED.);
#1267 = CARTESIAN_POINT('',(4.653914103673,-8.881784197001E-16));
#1268 = CARTESIAN_POINT('',(4.651845884464,3.741039644609E-02));
#1269 = CARTESIAN_POINT('',(4.649887719917,7.554481365868E-02));
#1270 = CARTESIAN_POINT('',(4.648033152154,0.114306182362));
#1271 = CARTESIAN_POINT('',(4.646276525646,0.153612146374));
#1272 = CARTESIAN_POINT('',(4.64461274788,0.193393142343));
#1273 = CARTESIAN_POINT('',(4.643037131748,0.233591079549));
#1274 = CARTESIAN_POINT('',(4.641545319666,0.274158619766));
#1275 = CARTESIAN_POINT('',(4.63736420844,0.395267410641));
#1276 = CARTESIAN_POINT('',(4.634902992363,0.476725295374));
#1277 = CARTESIAN_POINT('',(4.632718946525,0.559151902488));
#1278 = CARTESIAN_POINT('',(4.630789041315,0.642329070861));
#1279 = CARTESIAN_POINT('',(4.629094250213,0.726084352733));
#1280 = CARTESIAN_POINT('',(4.627618330505,0.810284909549));
#1281 = CARTESIAN_POINT('',(4.626347641322,0.894835877019));
#1282 = CARTESIAN_POINT('',(4.624066848084,1.074498018605));
#1283 = CARTESIAN_POINT('',(4.623105373621,1.169650346499));
#1284 = CARTESIAN_POINT('',(4.622370104153,1.265025874557));
#1285 = CARTESIAN_POINT('',(4.621848424689,1.36053162365));
#1286 = CARTESIAN_POINT('',(4.621530233665,1.456087308748));
#1287 = CARTESIAN_POINT('',(4.621407362017,1.551623756351));
#1288 = CARTESIAN_POINT('',(4.621473349001,1.647082013632));
#1289 = CARTESIAN_POINT('',(4.621776455583,1.762559711117));
#1290 = CARTESIAN_POINT('',(4.621837563623,1.782700291658));
#1291 = CARTESIAN_POINT('',(4.621906854413,1.802834348615));
#1292 = CARTESIAN_POINT('',(4.621984286698,1.822961342421));
#1293 = CARTESIAN_POINT('',(4.622069822442,1.843080736254));
#1294 = CARTESIAN_POINT('',(4.622163426824,1.863191996025));
#1295 = CARTESIAN_POINT('',(4.622265068241,1.88329459039));
#1296 = CARTESIAN_POINT('',(4.623054800512,2.028013217359));
#1297 = CARTESIAN_POINT('',(4.624042793699,2.15225576882));
#1298 = CARTESIAN_POINT('',(4.625331918591,2.276025031783));
#1299 = CARTESIAN_POINT('',(4.626920221921,2.399202726682));
#1300 = CARTESIAN_POINT('',(4.628810433526,2.521639923308));
#1301 = CARTESIAN_POINT('',(4.631009724583,2.643156564258));
#1302 = CARTESIAN_POINT('',(4.6335313627,2.763536475109));
#1303 = CARTESIAN_POINT('',(4.638833119543,2.983402572987));
#1304 = CARTESIAN_POINT('',(4.641511766214,3.083118817098));
#1305 = CARTESIAN_POINT('',(4.644453247524,3.181643284678));
#1306 = CARTESIAN_POINT('',(4.647679974278,3.278781016977));
#1307 = CARTESIAN_POINT('',(4.651217111605,3.374179220368));
#1308 = CARTESIAN_POINT('',(4.655100569812,3.467266226369));
#1309 = CARTESIAN_POINT('',(4.659371026774,3.557297582455));
#1310 = CARTESIAN_POINT('',(4.666537289738,3.686953149131));
#1311 = CARTESIAN_POINT('',(4.669080414351,3.729627486868));
#1312 = CARTESIAN_POINT('',(4.671754826025,3.770998935202));
#1313 = CARTESIAN_POINT('',(4.674572214692,3.810839739635));
#1314 = CARTESIAN_POINT('',(4.677543289667,3.848818457561));
#1315 = CARTESIAN_POINT('',(4.680677711339,3.884501693707));
#1316 = CARTESIAN_POINT('',(4.683984307968,3.917351728597));
#1317 = CARTESIAN_POINT('',(4.68853257459,3.955655308531));
#1318 = CARTESIAN_POINT('',(4.689609835376,3.964264349078));
#1319 = CARTESIAN_POINT('',(4.690703371894,3.972527730417));
#1320 = CARTESIAN_POINT('',(4.691813086415,3.980424552978));
#1321 = CARTESIAN_POINT('',(4.692938755516,3.987932858955));
#1322 = CARTESIAN_POINT('',(4.694080014078,3.9950300424));
#1323 = CARTESIAN_POINT('',(4.695236339277,4.001693259327));
#1324 = CARTESIAN_POINT('',(4.697043273391,4.011272932501));
#1325 = CARTESIAN_POINT('',(4.697683750709,4.01451116968));
#1326 = CARTESIAN_POINT('',(4.698328350358,4.017610829008));
#1327 = CARTESIAN_POINT('',(4.698976938554,4.020568288219));
#1328 = CARTESIAN_POINT('',(4.699629363904,4.023380023114));
#1329 = CARTESIAN_POINT('',(4.700285457412,4.026042607565));
#1330 = CARTESIAN_POINT('',(4.700945032472,4.02855271351));
#1331 = CARTESIAN_POINT('',(4.702928609387,4.035598216292));
#1332 = CARTESIAN_POINT('',(4.704262479664,4.039671775012));
#1333 = CARTESIAN_POINT('',(4.705607701306,4.043102027355));
#1334 = CARTESIAN_POINT('',(4.706962322866,4.045866827851));
#1335 = CARTESIAN_POINT('',(4.708324226197,4.047948442213));
#1336 = CARTESIAN_POINT('',(4.709691116817,4.049334344213));
#1337 = CARTESIAN_POINT('',(4.711060514254,4.050018012569));
#1338 = CARTESIAN_POINT('',(4.713996552033,4.04997880458));
#1339 = CARTESIAN_POINT('',(4.715563485688,4.049038699561));
#1340 = CARTESIAN_POINT('',(4.717126473152,4.047179316153));
#1341 = CARTESIAN_POINT('',(4.718681820879,4.044412321418));
#1342 = CARTESIAN_POINT('',(4.720226189645,4.040759445239));
#1343 = CARTESIAN_POINT('',(4.72175657219,4.036250779466));
#1344 = CARTESIAN_POINT('',(4.723270270861,4.030923077051));
#1345 = CARTESIAN_POINT('',(4.725558633181,4.021575780105));
#1346 = CARTESIAN_POINT('',(4.726347077572,4.018113981672));
#1347 = CARTESIAN_POINT('',(4.727129891888,4.014438675995));
#1348 = CARTESIAN_POINT('',(4.727906800681,4.010556132204));
#1349 = CARTESIAN_POINT('',(4.728677567141,4.006472787193));
#1350 = CARTESIAN_POINT('',(4.729441990633,4.002195164358));
#1351 = CARTESIAN_POINT('',(4.730199904237,3.997729792338));
#1352 = CARTESIAN_POINT('',(4.732531629832,3.983307834501));
#1353 = CARTESIAN_POINT('',(4.73408254693,3.972730890504));
#1354 = CARTESIAN_POINT('',(4.735602858273,3.961411889007));
#1355 = CARTESIAN_POINT('',(4.737091951489,3.949408859988));
#1356 = CARTESIAN_POINT('',(4.738549613815,3.93677709337));
#1357 = CARTESIAN_POINT('',(4.739975978781,3.923567966247));
#1358 = CARTESIAN_POINT('',(4.741371472892,3.909827770098));
#1359 = CARTESIAN_POINT('',(4.744948991915,3.87253713932));
#1360 = CARTESIAN_POINT('',(4.747081168197,3.848196700677));
#1361 = CARTESIAN_POINT('',(4.749136697515,3.822743481131));
#1362 = CARTESIAN_POINT('',(4.751118895136,3.796322529052));
#1363 = CARTESIAN_POINT('',(4.753031102751,3.76905705498));
#1364 = CARTESIAN_POINT('',(4.754876757894,3.741049190675));
#1365 = CARTESIAN_POINT('',(4.756659415252,3.712380134365));
#1366 = CARTESIAN_POINT('',(4.76194550283,3.622595559877));
#1367 = CARTESIAN_POINT('',(4.76525058416,3.559579853931));
#1368 = CARTESIAN_POINT('',(4.768330796844,3.49460554074));
#1369 = CARTESIAN_POINT('',(4.771207307024,3.428065543423));
#1370 = CARTESIAN_POINT('',(4.773897067823,3.360258767976));
#1371 = CARTESIAN_POINT('',(4.776414796826,3.291403844155));
#1372 = CARTESIAN_POINT('',(4.778772833533,3.221637453746));
#1373 = CARTESIAN_POINT('',(4.783605059021,3.067197522005));
#1374 = CARTESIAN_POINT('',(4.78601589761,2.982257172596));
#1375 = CARTESIAN_POINT('',(4.788231420211,2.896388578783));
#1376 = CARTESIAN_POINT('',(4.790262866036,2.809738885253));
#1377 = CARTESIAN_POINT('',(4.792118549916,2.722426996757));
#1378 = CARTESIAN_POINT('',(4.793804773586,2.634547168205));
#1379 = CARTESIAN_POINT('',(4.79532600415,2.546169793143));
#1380 = CARTESIAN_POINT('',(4.797737864132,2.388547088167));
#1381 = CARTESIAN_POINT('',(4.798693204327,2.319490857588));
#1382 = CARTESIAN_POINT('',(4.799552480303,2.250203118675));
#1383 = CARTESIAN_POINT('',(4.800316408372,2.180710742801));
#1384 = CARTESIAN_POINT('',(4.800985178745,2.111038927144));
#1385 = CARTESIAN_POINT('',(4.801558489414,2.041211347104));
#1386 = CARTESIAN_POINT('',(4.80203558002,1.971250308702));
#1387 = CARTESIAN_POINT('',(4.802483729227,1.888541527603));
#1388 = CARTESIAN_POINT('',(4.80254902523,1.875902535712));
#1389 = CARTESIAN_POINT('',(4.802611146609,1.863260057182));
#1390 = CARTESIAN_POINT('',(4.802670085743,1.850614224161));
#1391 = CARTESIAN_POINT('',(4.80272583451,1.837965169077));
#1392 = CARTESIAN_POINT('',(4.802778384293,1.825313024643));
#1393 = CARTESIAN_POINT('',(4.802827725978,1.812657923858));
#1394 = CARTESIAN_POINT('',(4.80287384995,1.8));
#1395 = ( GEOMETRIC_REPRESENTATION_CONTEXT(2) 
PARAMETRIC_REPRESENTATION_CONTEXT() REPRESENTATION_CONTEXT('2D SPACE',''
  ) );
#1396 = ORIENTED_EDGE('',*,*,#1397,.T.);
#1397 = EDGE_CURVE('',#1000,#1398,#1400,.T.);
#1398 = VERTEX_POINT('',#1399);
#1399 = CARTESIAN_POINT('',(23.060518207534,1.348844626729,10.5));
#1400 = SURFACE_CURVE('',#1401,(#1405,#1411),.PCURVE_S1.);
#1401 = LINE('',#1402,#1403);
#1402 = CARTESIAN_POINT('',(-34.6,1.348844626729,10.5));
#1403 = VECTOR('',#1404,1.);
#1404 = DIRECTION('',(1.,0.,0.));
#1405 = PCURVE('',#58,#1406);
#1406 = DEFINITIONAL_REPRESENTATION('',(#1407),#1410);
#1407 = B_SPLINE_CURVE_WITH_KNOTS('',1,(#1408,#1409),.UNSPECIFIED.,.F.,
  .F.,(2,2),(6.88,62.32),.PIECEWISE_BEZIER_KNOTS.);
#1408 = CARTESIAN_POINT('',(2.214297435588,6.88));
#1409 = CARTESIAN_POINT('',(2.214297435588,62.32));
#1410 = ( GEOMETRIC_REPRESENTATION_CONTEXT(2) 
PARAMETRIC_REPRESENTATION_CONTEXT() REPRESENTATION_CONTEXT('2D SPACE',''
  ) );
#1411 = PCURVE('',#1412,#1417);
#1412 = PLANE('',#1413);
#1413 = AXIS2_PLACEMENT_3D('',#1414,#1415,#1416);
#1414 = CARTESIAN_POINT('',(0.,-1.155373271063E-03,10.5));
#1415 = DIRECTION('',(0.,1.110223024625E-16,1.));
#1416 = DIRECTION('',(0.,-1.,1.110223024625E-16));
#1417 = DEFINITIONAL_REPRESENTATION('',(#1418),#1421);
#1418 = B_SPLINE_CURVE_WITH_KNOTS('',1,(#1419,#1420),.UNSPECIFIED.,.F.,
  .F.,(2,2),(6.88,62.32),.PIECEWISE_BEZIER_KNOTS.);
#1419 = CARTESIAN_POINT('',(-1.35,-27.72));
#1420 = CARTESIAN_POINT('',(-1.35,27.72));
#1421 = ( GEOMETRIC_REPRESENTATION_CONTEXT(2) 
PARAMETRIC_REPRESENTATION_CONTEXT() REPRESENTATION_CONTEXT('2D SPACE',''
  ) );
#1422 = ORIENTED_EDGE('',*,*,#1423,.T.);
#1423 = EDGE_CURVE('',#1398,#523,#1424,.T.);
#1424 = SURFACE_CURVE('',#1425,(#1554,#1686),.PCURVE_S1.);
#1425 = B_SPLINE_CURVE_WITH_KNOTS('',8,(#1426,#1427,#1428,#1429,#1430,
    #1431,#1432,#1433,#1434,#1435,#1436,#1437,#1438,#1439,#1440,#1441,
    #1442,#1443,#1444,#1445,#1446,#1447,#1448,#1449,#1450,#1451,#1452,
    #1453,#1454,#1455,#1456,#1457,#1458,#1459,#1460,#1461,#1462,#1463,
    #1464,#1465,#1466,#1467,#1468,#1469,#1470,#1471,#1472,#1473,#1474,
    #1475,#1476,#1477,#1478,#1479,#1480,#1481,#1482,#1483,#1484,#1485,
    #1486,#1487,#1488,#1489,#1490,#1491,#1492,#1493,#1494,#1495,#1496,
    #1497,#1498,#1499,#1500,#1501,#1502,#1503,#1504,#1505,#1506,#1507,
    #1508,#1509,#1510,#1511,#1512,#1513,#1514,#1515,#1516,#1517,#1518,
    #1519,#1520,#1521,#1522,#1523,#1524,#1525,#1526,#1527,#1528,#1529,
    #1530,#1531,#1532,#1533,#1534,#1535,#1536,#1537,#1538,#1539,#1540,
    #1541,#1542,#1543,#1544,#1545,#1546,#1547,#1548,#1549,#1550,#1551,
    #1552,#1553),.UNSPECIFIED.,.F.,.F.,(9,7,7,7,7,7,7,7,7,7,7,7,7,7,7,7,
    7,7,9),(0.,4.759845123538E-02,0.140942034873,0.245266038567,
    0.267313085162,0.404055405031,0.520014583344,0.579292644897,
    0.597327913929,0.607129557545,0.626659201003,0.649006998333,
    0.660875517604,0.685843557966,0.726300209506,0.809940829233,
    0.909232419771,0.986133488457,1.),.UNSPECIFIED.);
#1426 = CARTESIAN_POINT('',(23.060518207534,1.348844626729,10.5));
#1427 = CARTESIAN_POINT('',(23.095072567377,1.398725155324,
    10.537410396446));
#1428 = CARTESIAN_POINT('',(23.130375219718,1.446280030373,
    10.575544813659));
#1429 = CARTESIAN_POINT('',(23.166341416825,1.491642912219,
    10.614306182363));
#1430 = CARTESIAN_POINT('',(23.202898917464,1.534929137556,
    10.653612146374));
#1431 = CARTESIAN_POINT('',(23.239986409026,1.576241532639,
    10.693393142343));
#1432 = CARTESIAN_POINT('',(23.277552482683,1.615674286678,
    10.733591079549));
#1433 = CARTESIAN_POINT('',(23.315555161564,1.653314885443,
    10.774158619766));
#1434 = CARTESIAN_POINT('',(23.4292801942,1.759703584926,10.895267410641
    ));
#1435 = CARTESIAN_POINT('',(23.506123802071,1.823554930708,
    10.976725295373));
#1436 = CARTESIAN_POINT('',(23.58424376207,1.881414826693,
    11.059151902489));
#1437 = CARTESIAN_POINT('',(23.663442877767,1.933730842407,
    11.142329070861));
#1438 = CARTESIAN_POINT('',(23.743562052401,1.980865259339,
    11.226084352733));
#1439 = CARTESIAN_POINT('',(23.82447622629,2.023123119587,11.31028490955
    ));
#1440 = CARTESIAN_POINT('',(23.906094244388,2.060756207195,
    11.394835877019));
#1441 = CARTESIAN_POINT('',(24.080296475537,2.131100774242,
    11.574498018605));
#1442 = CARTESIAN_POINT('',(24.173011130687,2.162700417623,
    11.669650346499));
#1443 = CARTESIAN_POINT('',(24.266394778324,2.189062068376,
    11.765025874557));
#1444 = CARTESIAN_POINT('',(24.360352920155,2.210399688909,
    11.86053162365));
#1445 = CARTESIAN_POINT('',(24.45480114783,2.226873436097,
    11.956087308748));
#1446 = CARTESIAN_POINT('',(24.549664213529,2.238602037023,
    12.051623756351));
#1447 = CARTESIAN_POINT('',(24.644875669371,2.245666843101,
    12.147082013632));
#1448 = CARTESIAN_POINT('',(24.760560832499,2.2486233658,12.262559711117
    ));
#1449 = CARTESIAN_POINT('',(24.780756279362,2.248932650123,
    12.282700291658));
#1450 = CARTESIAN_POINT('',(24.800963792464,2.249035804744,
    12.302834348615));
#1451 = CARTESIAN_POINT('',(24.821182748478,2.248933144095,
    12.322961342421));
#1452 = CARTESIAN_POINT('',(24.841412524524,2.248624907861,
    12.343080736254));
#1453 = CARTESIAN_POINT('',(24.861652498164,2.248111260972,
    12.363191996025));
#1454 = CARTESIAN_POINT('',(24.881902047402,2.247392293608,
    12.38329459039));
#1455 = CARTESIAN_POINT('',(25.027809794653,2.240735409674,
    12.528013217359));
#1456 = CARTESIAN_POINT('',(25.153774258195,2.227106637687,
    12.652255768821));
#1457 = CARTESIAN_POINT('',(25.279940885418,2.205588535948,
    12.776025031782));
#1458 = CARTESIAN_POINT('',(25.406166672545,2.176071642155,
    12.899202726682));
#1459 = CARTESIAN_POINT('',(25.532274355795,2.138327256953,
    13.021639923308));
#1460 = CARTESIAN_POINT('',(25.65805100024,2.092011103184,
    13.143156564258));
#1461 = CARTESIAN_POINT('',(25.783241838665,2.036616858913,
    13.263536475109));
#1462 = CARTESIAN_POINT('',(26.01293105694,1.915952694735,
    13.483402572985));
#1463 = CARTESIAN_POINT('',(26.117510402555,1.853552811021,
    13.583118817101));
#1464 = CARTESIAN_POINT('',(26.221229508335,1.783588544582,
    13.681643284676));
#1465 = CARTESIAN_POINT('',(26.323861897425,1.705363817891,
    13.778781016978));
#1466 = CARTESIAN_POINT('',(26.425011381554,1.618092345907,
    13.874179220368));
#1467 = CARTESIAN_POINT('',(26.524041299497,1.520684776541,
    13.967266226369));
#1468 = CARTESIAN_POINT('',(26.620120536221,1.411919290743,
    14.057297582454));
#1469 = CARTESIAN_POINT('',(26.758873425474,1.226751326741,
    14.186953149131));
#1470 = CARTESIAN_POINT('',(26.804612377497,1.160627489544,
    14.229627486868));
#1471 = CARTESIAN_POINT('',(26.849020190245,1.090672064393,
    14.270998935202));
#1472 = CARTESIAN_POINT('',(26.891845355544,1.016551383608,
    14.310839739635));
#1473 = CARTESIAN_POINT('',(26.932723231916,0.937956499493,
    14.348818457561));
#1474 = CARTESIAN_POINT('',(26.971177012034,0.854610109372,
    14.384501693707));
#1475 = CARTESIAN_POINT('',(27.006614990471,0.766267128119,
    14.417351728597));
#1476 = CARTESIAN_POINT('',(27.047971594534,0.644243947917,
    14.455655308531));
#1477 = CARTESIAN_POINT('',(27.057269641608,0.615308586945,
    14.464264349078));
#1478 = CARTESIAN_POINT('',(27.066196931348,0.585902816119,
    14.472527730417));
#1479 = CARTESIAN_POINT('',(27.074730518191,0.556029762215,
    14.480424552978));
#1480 = CARTESIAN_POINT('',(27.082846301539,0.5256961551,14.487932858955
    ));
#1481 = CARTESIAN_POINT('',(27.090519474682,0.494912794895,14.4950300424
    ));
#1482 = CARTESIAN_POINT('',(27.097724973719,0.463695019146,
    14.501693259327));
#1483 = CARTESIAN_POINT('',(27.108086220851,0.414872180938,
    14.511272932501));
#1484 = CARTESIAN_POINT('',(27.11158905391,0.397559048838,14.51451116968
    ));
#1485 = CARTESIAN_POINT('',(27.114942344817,0.380127155606,
    14.517610829008));
#1486 = CARTESIAN_POINT('',(27.118142120567,0.362580386328,
    14.520568288219));
#1487 = CARTESIAN_POINT('',(27.121184515992,0.344923129258,
    14.523380023114));
#1488 = CARTESIAN_POINT('',(27.124065773758,0.327160275821,
    14.526042607565));
#1489 = CARTESIAN_POINT('',(27.126782244366,0.309297220605,
    14.52855271351));
#1490 = CARTESIAN_POINT('',(27.13440752449,0.255560063912,
    14.535598216292));
#1491 = CARTESIAN_POINT('',(27.138817067521,0.219402236694,
    14.539671775012));
#1492 = CARTESIAN_POINT('',(27.14253077726,0.182917849132,
    14.543102027355));
#1493 = CARTESIAN_POINT('',(27.14552437614,0.146163087386,
    14.545866827851));
#1494 = CARTESIAN_POINT('',(27.147778421638,0.109199012038,
    14.547948442213));
#1495 = CARTESIAN_POINT('',(27.14927918089,7.209171576871E-02,
    14.549334344213));
#1496 = CARTESIAN_POINT('',(27.150019505324,3.491248104045E-02,
    14.550018012569));
#1497 = CARTESIAN_POINT('',(27.149977048054,-4.480094218928E-02,
    14.54997880458));
#1498 = CARTESIAN_POINT('',(27.14895903679,-8.734309173196E-02,
    14.549038699561));
#1499 = CARTESIAN_POINT('',(27.146945559194,-0.129772028121,
    14.547179316153));
#1500 = CARTESIAN_POINT('',(27.143949404821,-0.171981593466,
    14.544412321418));
#1501 = CARTESIAN_POINT('',(27.13999439804,-0.213875532305,
    14.540759445239));
#1502 = CARTESIAN_POINT('',(27.135113531003,-0.255367069183,
    14.536250779466));
#1503 = CARTESIAN_POINT('',(27.129347096618,-0.296378486236,
    14.530923077051));
#1504 = CARTESIAN_POINT('',(27.119232345837,-0.35832946613,
    14.521575780105));
#1505 = CARTESIAN_POINT('',(27.115486685849,-0.379665273889,
    14.518113981672));
#1506 = CARTESIAN_POINT('',(27.111510443269,-0.400838968804,
    14.514438675995));
#1507 = CARTESIAN_POINT('',(27.107310493622,-0.421842567492,
    14.510556132204));
#1508 = CARTESIAN_POINT('',(27.102893897159,-0.442669189762,
    14.506472787193));
#1509 = CARTESIAN_POINT('',(27.098267809777,-0.463312989947,
    14.502195164358));
#1510 = CARTESIAN_POINT('',(27.093439393935,-0.483769088229,
    14.497729792338));
#1511 = CARTESIAN_POINT('',(27.077847346802,-0.546664152733,
    14.483307834501));
#1512 = CARTESIAN_POINT('',(27.06641561613,-0.588442983647,
    14.472730890504));
#1513 = CARTESIAN_POINT('',(27.054185948929,-0.629338243276,
    14.461411889007));
#1514 = CARTESIAN_POINT('',(27.041222040951,-0.66933142464,
    14.449408859988));
#1515 = CARTESIAN_POINT('',(27.027584592221,-0.708415645889,
    14.43677709337));
#1516 = CARTESIAN_POINT('',(27.013330026932,-0.746594030972,
    14.423567966247));
#1517 = CARTESIAN_POINT('',(26.998509213334,-0.783878090308,
    14.409827770098));
#1518 = CARTESIAN_POINT('',(26.958305297584,-0.879279366405,
    14.37253713932));
#1519 = CARTESIAN_POINT('',(26.932082156273,-0.935952538899,
    14.348196700677));
#1520 = CARTESIAN_POINT('',(26.9046819045,-0.9903988458,14.322743481131)
  );
#1521 = CARTESIAN_POINT('',(26.8762642014,-1.042711428682,
    14.296322529052));
#1522 = CARTESIAN_POINT('',(26.846964696138,-1.092985574272,
    14.26905705498));
#1523 = CARTESIAN_POINT('',(26.816895902148,-1.141319773537,
    14.241049190675));
#1524 = CARTESIAN_POINT('',(26.786147469913,-1.187815609383,
    14.212380134365));
#1525 = CARTESIAN_POINT('',(26.689948445132,-1.325115678032,
    14.122595559877));
#1526 = CARTESIAN_POINT('',(26.622564005761,-1.410134973504,
    14.059579853931));
#1527 = CARTESIAN_POINT('',(26.553234869949,-1.488567317943,
    13.99460554074));
#1528 = CARTESIAN_POINT('',(26.482397525083,-1.561033142952,
    13.928065543423));
#1529 = CARTESIAN_POINT('',(26.41038406718,-1.628038314249,
    13.860258767975));
#1530 = CARTESIAN_POINT('',(26.337438202856,-1.690024655867,
    13.791403844156));
#1531 = CARTESIAN_POINT('',(26.263714846158,-1.747364012025,
    13.721637453745));
#1532 = CARTESIAN_POINT('',(26.100943802513,-1.863331346007,
    13.567197522005));
#1533 = CARTESIAN_POINT('',(26.011694096093,-1.92013223229,
    13.482257172597));
#1534 = CARTESIAN_POINT('',(25.921755094392,-1.971301503121,
    13.396388578782));
#1535 = CARTESIAN_POINT('',(25.831295580555,-2.017202661878,
    13.309738885253));
#1536 = CARTESIAN_POINT('',(25.740452642172,-2.058118937831,
    13.222426996758));
#1537 = CARTESIAN_POINT('',(25.649336030563,-2.094278007528,
    13.134547168204));
#1538 = CARTESIAN_POINT('',(25.558029552442,-2.125857026505,
    13.046169793144));
#1539 = CARTESIAN_POINT('',(25.395776609381,-2.174007619139,
    12.888547088167));
#1540 = CARTESIAN_POINT('',(25.324891556447,-2.192354928521,
    12.819490857588));
#1541 = CARTESIAN_POINT('',(25.253972793785,-2.208095103145,
    12.750203118675));
#1542 = CARTESIAN_POINT('',(25.183052498172,-2.221274928114,
    12.680710742801));
#1543 = CARTESIAN_POINT('',(25.112160794279,-2.23192773651,
    12.611038927144));
#1544 = CARTESIAN_POINT('',(25.041325930451,-2.240074541421,
    12.541211347104));
#1545 = CARTESIAN_POINT('',(24.970574454496,-2.245725167981,
    12.471250308702));
#1546 = CARTESIAN_POINT('',(24.887193297609,-2.249448142026,
    12.388541527603));
#1547 = CARTESIAN_POINT('',(24.874458765936,-2.249935721609,
    12.375902535712));
#1548 = CARTESIAN_POINT('',(24.861727949377,-2.250342118885,
    12.363260057182));
#1549 = CARTESIAN_POINT('',(24.849001002784,-2.250667316974,
    12.350614224161));
#1550 = CARTESIAN_POINT('',(24.836278080936,-2.250911287378,
    12.337965169077));
#1551 = CARTESIAN_POINT('',(24.823559338537,-2.251073989984,
    12.325313024644));
#1552 = CARTESIAN_POINT('',(24.810844930214,-2.251155373064,
    12.312657923858));
#1553 = CARTESIAN_POINT('',(24.79813501052,-2.251155373271,12.3));
#1554 = PCURVE('',#58,#1555);
#1555 = DEFINITIONAL_REPRESENTATION('',(#1556),#1685);
#1556 = B_SPLINE_CURVE_WITH_KNOTS('',8,(#1557,#1558,#1559,#1560,#1561,
    #1562,#1563,#1564,#1565,#1566,#1567,#1568,#1569,#1570,#1571,#1572,
    #1573,#1574,#1575,#1576,#1577,#1578,#1579,#1580,#1581,#1582,#1583,
    #1584,#1585,#1586,#1587,#1588,#1589,#1590,#1591,#1592,#1593,#1594,
    #1595,#1596,#1597,#1598,#1599,#1600,#1601,#1602,#1603,#1604,#1605,
    #1606,#1607,#1608,#1609,#1610,#1611,#1612,#1613,#1614,#1615,#1616,
    #1617,#1618,#1619,#1620,#1621,#1622,#1623,#1624,#1625,#1626,#1627,
    #1628,#1629,#1630,#1631,#1632,#1633,#1634,#1635,#1636,#1637,#1638,
    #1639,#1640,#1641,#1642,#1643,#1644,#1645,#1646,#1647,#1648,#1649,
    #1650,#1651,#1652,#1653,#1654,#1655,#1656,#1657,#1658,#1659,#1660,
    #1661,#1662,#1663,#1664,#1665,#1666,#1667,#1668,#1669,#1670,#1671,
    #1672,#1673,#1674,#1675,#1676,#1677,#1678,#1679,#1680,#1681,#1682,
    #1683,#1684),.UNSPECIFIED.,.F.,.F.,(9,7,7,7,7,7,7,7,7,7,7,7,7,7,7,7,
    7,7,9),(0.,4.759845123538E-02,0.140942034873,0.245266038567,
    0.267313085162,0.404055405031,0.520014583344,0.579292644897,
    0.597327913929,0.607129557545,0.626659201003,0.649006998333,
    0.660875517604,0.685843557966,0.726300209506,0.809940829233,
    0.909232419771,0.986133488457,1.),.UNSPECIFIED.);
#1557 = CARTESIAN_POINT('',(2.214297435588,57.660518207534));
#1558 = CARTESIAN_POINT('',(2.242008840363,57.695072567377));
#1559 = CARTESIAN_POINT('',(2.269086428859,57.730375219718));
#1560 = CARTESIAN_POINT('',(2.295584215714,57.766341416825));
#1561 = CARTESIAN_POINT('',(2.321547540618,57.802898917464));
#1562 = CARTESIAN_POINT('',(2.347016172762,57.839986409026));
#1563 = CARTESIAN_POINT('',(2.372026543494,57.877552482683));
#1564 = CARTESIAN_POINT('',(2.396613107147,57.915555161564));
#1565 = CARTESIAN_POINT('',(2.468258178284,58.0292801942));
#1566 = CARTESIAN_POINT('',(2.514186477661,58.106123802071));
#1567 = CARTESIAN_POINT('',(2.558843415264,58.18424376207));
#1568 = CARTESIAN_POINT('',(2.602407067493,58.263442877767));
#1569 = CARTESIAN_POINT('',(2.645022828345,58.343562052401));
#1570 = CARTESIAN_POINT('',(2.686818252914,58.42447622629));
#1571 = CARTESIAN_POINT('',(2.72790790108,58.506094244388));
#1572 = CARTESIAN_POINT('',(2.813660163528,58.680296475537));
#1573 = CARTESIAN_POINT('',(2.858159688073,58.773011130687));
#1574 = CARTESIAN_POINT('',(2.902043767424,58.866394778324));
#1575 = CARTESIAN_POINT('',(2.945430708398,58.960352920155));
#1576 = CARTESIAN_POINT('',(2.988424042206,59.05480114783));
#1577 = CARTESIAN_POINT('',(3.031119972279,59.149664213529));
#1578 = CARTESIAN_POINT('',(3.073612424895,59.244875669371));
#1579 = CARTESIAN_POINT('',(3.124952664243,59.360560832499));
#1580 = CARTESIAN_POINT('',(3.133904621117,59.380756279362));
#1581 = CARTESIAN_POINT('',(3.142852427895,59.400963792464));
#1582 = CARTESIAN_POINT('',(3.15179693829,59.421182748478));
#1583 = CARTESIAN_POINT('',(3.16073900507,59.441412524524));
#1584 = CARTESIAN_POINT('',(3.16967948005,59.461652498164));
#1585 = CARTESIAN_POINT('',(3.178619214098,59.481902047402));
#1586 = CARTESIAN_POINT('',(3.243006614285,59.627809794653));
#1587 = CARTESIAN_POINT('',(3.29844542521,59.753774258195));
#1588 = CARTESIAN_POINT('',(3.354095507581,59.879940885418));
#1589 = CARTESIAN_POINT('',(3.410164449392,60.006166672545));
#1590 = CARTESIAN_POINT('',(3.466870868057,60.132274355795));
#1591 = CARTESIAN_POINT('',(3.524454604692,60.25805100024));
#1592 = CARTESIAN_POINT('',(3.583202657585,60.383241838665));
#1593 = CARTESIAN_POINT('',(3.694669591407,60.61293105694));
#1594 = CARTESIAN_POINT('',(3.746864692882,60.717510402555));
#1595 = CARTESIAN_POINT('',(3.80041551316,60.821229508335));
#1596 = CARTESIAN_POINT('',(3.85563946541,60.923861897425));
#1597 = CARTESIAN_POINT('',(3.912855481774,61.025011381554));
#1598 = CARTESIAN_POINT('',(3.972495236202,61.124041299497));
#1599 = CARTESIAN_POINT('',(4.035044402272,61.220120536221));
#1600 = CARTESIAN_POINT('',(4.135510221888,61.358873425474));
#1601 = CARTESIAN_POINT('',(4.170462521882,61.404612377497));
#1602 = CARTESIAN_POINT('',(4.206537158855,61.449020190245));
#1603 = CARTESIAN_POINT('',(4.24387224656,61.491845355544));
#1604 = CARTESIAN_POINT('',(4.282591328206,61.532723231916));
#1605 = CARTESIAN_POINT('',(4.322809509864,61.571177012034));
#1606 = CARTESIAN_POINT('',(4.364643480496,61.606614990471));
#1607 = CARTESIAN_POINT('',(4.421485163588,61.647971594534));
#1608 = CARTESIAN_POINT('',(4.434900960992,61.657269641608));
#1609 = CARTESIAN_POINT('',(4.448473762208,61.666196931348));
#1610 = CARTESIAN_POINT('',(4.462203376003,61.674730518191));
#1611 = CARTESIAN_POINT('',(4.476088313362,61.682846301539));
#1612 = CARTESIAN_POINT('',(4.490125632314,61.690519474682));
#1613 = CARTESIAN_POINT('',(4.504310782762,61.697724973719));
#1614 = CARTESIAN_POINT('',(4.526423578538,61.708086220851));
#1615 = CARTESIAN_POINT('',(4.534251432644,61.71158905391));
#1616 = CARTESIAN_POINT('',(4.542119945016,61.714942344817));
#1617 = CARTESIAN_POINT('',(4.550027863574,61.718142120567));
#1618 = CARTESIAN_POINT('',(4.557973752772,61.721184515992));
#1619 = CARTESIAN_POINT('',(4.565955993597,61.724065773758));
#1620 = CARTESIAN_POINT('',(4.573972783571,61.726782244366));
#1621 = CARTESIAN_POINT('',(4.598060364999,61.73440752449));
#1622 = CARTESIAN_POINT('',(4.614229512913,61.738817067521));
#1623 = CARTESIAN_POINT('',(4.630511659067,61.74253077726));
#1624 = CARTESIAN_POINT('',(4.646887510623,61.74552437614));
#1625 = CARTESIAN_POINT('',(4.663336166318,61.747778421638));
#1626 = CARTESIAN_POINT('',(4.679834879464,61.74927918089));
#1627 = CARTESIAN_POINT('',(4.696358820934,61.750019505324));
#1628 = CARTESIAN_POINT('',(4.731787013322,61.749977048054));
#1629 = CARTESIAN_POINT('',(4.750694810849,61.74895903679));
#1630 = CARTESIAN_POINT('',(4.769562851776,61.746945559194));
#1631 = CARTESIAN_POINT('',(4.788354186523,61.743949404821));
#1632 = CARTESIAN_POINT('',(4.807035815196,61.73999439804));
#1633 = CARTESIAN_POINT('',(4.825578203864,61.735113531003));
#1634 = CARTESIAN_POINT('',(4.843954800853,61.729347096618));
#1635 = CARTESIAN_POINT('',(4.871800214935,61.719232345837));
#1636 = CARTESIAN_POINT('',(4.881406212277,61.715486685849));
#1637 = CARTESIAN_POINT('',(4.890956497787,61.711510443269));
#1638 = CARTESIAN_POINT('',(4.900448455537,61.707310493622));
#1639 = CARTESIAN_POINT('',(4.909879873345,61.702893897159));
#1640 = CARTESIAN_POINT('',(4.919248915185,61.698267809777));
#1641 = CARTESIAN_POINT('',(4.928554093599,61.693439393935));
#1642 = CARTESIAN_POINT('',(4.957232926527,61.677847346802));
#1643 = CARTESIAN_POINT('',(4.976382213235,61.66641561613));
#1644 = CARTESIAN_POINT('',(4.995233685558,61.654185948929));
#1645 = CARTESIAN_POINT('',(5.013783294868,61.641222040951));
#1646 = CARTESIAN_POINT('',(5.032030919054,61.627584592221));
#1647 = CARTESIAN_POINT('',(5.049979921006,61.613330026932));
#1648 = CARTESIAN_POINT('',(5.067636707104,61.598509213334));
#1649 = CARTESIAN_POINT('',(5.113161346207,61.558305297584));
#1650 = CARTESIAN_POINT('',(5.140559300181,61.532082156273));
#1651 = CARTESIAN_POINT('',(5.167249473497,61.5046819045));
#1652 = CARTESIAN_POINT('',(5.193273374088,61.4762642014));
#1653 = CARTESIAN_POINT('',(5.218671128009,61.446964696138));
#1654 = CARTESIAN_POINT('',(5.243483289812,61.416895902148));
#1655 = CARTESIAN_POINT('',(5.267752027234,61.386147469913));
#1656 = CARTESIAN_POINT('',(5.34066337698,61.289948445132));
#1657 = CARTESIAN_POINT('',(5.387616456907,61.222564005761));
#1658 = CARTESIAN_POINT('',(5.43277613528,61.153234869949));
#1659 = CARTESIAN_POINT('',(5.476392622054,61.082397525083));
#1660 = CARTESIAN_POINT('',(5.518665416291,61.01038406718));
#1661 = CARTESIAN_POINT('',(5.559771523024,60.937438202856));
#1662 = CARTESIAN_POINT('',(5.599868734337,60.863714846158));
#1663 = CARTESIAN_POINT('',(5.685705346361,60.700943802513));
#1664 = CARTESIAN_POINT('',(5.731051883334,60.611694096093));
#1665 = CARTESIAN_POINT('',(5.775379382807,60.521755094392));
#1666 = CARTESIAN_POINT('',(5.818852610935,60.431295580555));
#1667 = CARTESIAN_POINT('',(5.861607458355,60.340452642172));
#1668 = CARTESIAN_POINT('',(5.903763547162,60.249336030563));
#1669 = CARTESIAN_POINT('',(5.945429076566,60.158029552442));
#1670 = CARTESIAN_POINT('',(6.018679395499,59.995776609381));
#1671 = CARTESIAN_POINT('',(6.050414381609,59.924891556447));
#1672 = CARTESIAN_POINT('',(6.081958953897,59.853972793785));
#1673 = CARTESIAN_POINT('',(6.113354606466,59.783052498172));
#1674 = CARTESIAN_POINT('',(6.144640008452,59.712160794279));
#1675 = CARTESIAN_POINT('',(6.175852127808,59.641325930451));
#1676 = CARTESIAN_POINT('',(6.20702735508,59.570574454496));
#1677 = CARTESIAN_POINT('',(6.243824035034,59.487193297609));
#1678 = CARTESIAN_POINT('',(6.249445427289,59.474458765936));
#1679 = CARTESIAN_POINT('',(6.25506701562,59.461727949377));
#1680 = CARTESIAN_POINT('',(6.260689011698,59.449001002784));
#1681 = CARTESIAN_POINT('',(6.266311627201,59.436278080936));
#1682 = CARTESIAN_POINT('',(6.271935073818,59.423559338537));
#1683 = CARTESIAN_POINT('',(6.277559563243,59.410844930214));
#1684 = CARTESIAN_POINT('',(6.28318530718,59.39813501052));
#1685 = ( GEOMETRIC_REPRESENTATION_CONTEXT(2) 
PARAMETRIC_REPRESENTATION_CONTEXT() REPRESENTATION_CONTEXT('2D SPACE',''
  ) );
#1686 = PCURVE('',#595,#1687);
#1687 = DEFINITIONAL_REPRESENTATION('',(#1688),#1817);
#1688 = B_SPLINE_CURVE_WITH_KNOTS('',8,(#1689,#1690,#1691,#1692,#1693,
    #1694,#1695,#1696,#1697,#1698,#1699,#1700,#1701,#1702,#1703,#1704,
    #1705,#1706,#1707,#1708,#1709,#1710,#1711,#1712,#1713,#1714,#1715,
    #1716,#1717,#1718,#1719,#1720,#1721,#1722,#1723,#1724,#1725,#1726,
    #1727,#1728,#1729,#1730,#1731,#1732,#1733,#1734,#1735,#1736,#1737,
    #1738,#1739,#1740,#1741,#1742,#1743,#1744,#1745,#1746,#1747,#1748,
    #1749,#1750,#1751,#1752,#1753,#1754,#1755,#1756,#1757,#1758,#1759,
    #1760,#1761,#1762,#1763,#1764,#1765,#1766,#1767,#1768,#1769,#1770,
    #1771,#1772,#1773,#1774,#1775,#1776,#1777,#1778,#1779,#1780,#1781,
    #1782,#1783,#1784,#1785,#1786,#1787,#1788,#1789,#1790,#1791,#1792,
    #1793,#1794,#1795,#1796,#1797,#1798,#1799,#1800,#1801,#1802,#1803,
    #1804,#1805,#1806,#1807,#1808,#1809,#1810,#1811,#1812,#1813,#1814,
    #1815,#1816),.UNSPECIFIED.,.F.,.F.,(9,7,7,7,7,7,7,7,7,7,7,7,7,7,7,7,
    7,7,9),(0.,4.759845123538E-02,0.140942034873,0.245266038567,
    0.267313085162,0.404055405031,0.520014583344,0.579292644897,
    0.597327913929,0.607129557545,0.626659201003,0.649006998333,
    0.660875517604,0.685843557966,0.726300209506,0.809940829233,
    0.909232419771,0.986133488457,1.),.UNSPECIFIED.);
#1689 = CARTESIAN_POINT('',(1.629271203507,-8.881784197001E-16));
#1690 = CARTESIAN_POINT('',(1.631339422715,3.741039644612E-02));
#1691 = CARTESIAN_POINT('',(1.633297587263,7.554481365864E-02));
#1692 = CARTESIAN_POINT('',(1.635152155025,0.114306182363));
#1693 = CARTESIAN_POINT('',(1.636908781533,0.153612146374));
#1694 = CARTESIAN_POINT('',(1.6385725593,0.193393142343));
#1695 = CARTESIAN_POINT('',(1.640148175431,0.233591079549));
#1696 = CARTESIAN_POINT('',(1.641639987514,0.274158619766));
#1697 = CARTESIAN_POINT('',(1.64582109874,0.395267410641));
#1698 = CARTESIAN_POINT('',(1.648282314816,0.476725295373));
#1699 = CARTESIAN_POINT('',(1.650466360655,0.559151902489));
#1700 = CARTESIAN_POINT('',(1.652396265864,0.642329070861));
#1701 = CARTESIAN_POINT('',(1.654091056966,0.726084352733));
#1702 = CARTESIAN_POINT('',(1.655566976675,0.81028490955));
#1703 = CARTESIAN_POINT('',(1.656837665857,0.894835877019));
#1704 = CARTESIAN_POINT('',(1.659118459096,1.074498018605));
#1705 = CARTESIAN_POINT('',(1.660079933559,1.169650346499));
#1706 = CARTESIAN_POINT('',(1.660815203026,1.265025874557));
#1707 = CARTESIAN_POINT('',(1.661336882491,1.36053162365));
#1708 = CARTESIAN_POINT('',(1.661655073515,1.456087308748));
#1709 = CARTESIAN_POINT('',(1.661777945162,1.551623756351));
#1710 = CARTESIAN_POINT('',(1.661711958179,1.647082013632));
#1711 = CARTESIAN_POINT('',(1.661408851597,1.762559711117));
#1712 = CARTESIAN_POINT('',(1.661347743556,1.782700291658));
#1713 = CARTESIAN_POINT('',(1.661278452767,1.802834348615));
#1714 = CARTESIAN_POINT('',(1.661201020482,1.822961342421));
#1715 = CARTESIAN_POINT('',(1.661115484738,1.843080736254));
#1716 = CARTESIAN_POINT('',(1.661021880355,1.863191996025));
#1717 = CARTESIAN_POINT('',(1.660920238938,1.88329459039));
#1718 = CARTESIAN_POINT('',(1.660130506668,2.028013217359));
#1719 = CARTESIAN_POINT('',(1.65914251348,2.152255768821));
#1720 = CARTESIAN_POINT('',(1.657853388589,2.276025031782));
#1721 = CARTESIAN_POINT('',(1.656265085258,2.399202726682));
#1722 = CARTESIAN_POINT('',(1.654374873653,2.521639923308));
#1723 = CARTESIAN_POINT('',(1.652175582597,2.643156564257));
#1724 = CARTESIAN_POINT('',(1.64965394448,2.763536475109));
#1725 = CARTESIAN_POINT('',(1.644352187637,2.983402572985));
#1726 = CARTESIAN_POINT('',(1.641673540966,3.083118817103));
#1727 = CARTESIAN_POINT('',(1.638732059656,3.18164328467));
#1728 = CARTESIAN_POINT('',(1.635505332902,3.278781016985));
#1729 = CARTESIAN_POINT('',(1.631968195574,3.374179220363));
#1730 = CARTESIAN_POINT('',(1.628084737368,3.467266226371));
#1731 = CARTESIAN_POINT('',(1.623814280406,3.557297582454));
#1732 = CARTESIAN_POINT('',(1.616648017442,3.686953149131));
#1733 = CARTESIAN_POINT('',(1.614104892829,3.729627486867));
#1734 = CARTESIAN_POINT('',(1.611430481155,3.770998935202));
#1735 = CARTESIAN_POINT('',(1.608613092487,3.810839739635));
#1736 = CARTESIAN_POINT('',(1.605642017512,3.848818457561));
#1737 = CARTESIAN_POINT('',(1.602507595841,3.884501693707));
#1738 = CARTESIAN_POINT('',(1.599200999212,3.917351728597));
#1739 = CARTESIAN_POINT('',(1.59465273259,3.955655308531));
#1740 = CARTESIAN_POINT('',(1.593575471804,3.964264349078));
#1741 = CARTESIAN_POINT('',(1.592481935285,3.972527730417));
#1742 = CARTESIAN_POINT('',(1.591372220765,3.980424552978));
#1743 = CARTESIAN_POINT('',(1.590246551664,3.987932858955));
#1744 = CARTESIAN_POINT('',(1.589105293102,3.9950300424));
#1745 = CARTESIAN_POINT('',(1.587948967902,4.001693259327));
#1746 = CARTESIAN_POINT('',(1.586142033789,4.011272932501));
#1747 = CARTESIAN_POINT('',(1.58550155647,4.01451116968));
#1748 = CARTESIAN_POINT('',(1.584856956821,4.017610829008));
#1749 = CARTESIAN_POINT('',(1.584208368626,4.020568288219));
#1750 = CARTESIAN_POINT('',(1.583555943275,4.023380023114));
#1751 = CARTESIAN_POINT('',(1.582899849767,4.026042607565));
#1752 = CARTESIAN_POINT('',(1.582240274708,4.02855271351));
#1753 = CARTESIAN_POINT('',(1.580256697793,4.035598216292));
#1754 = CARTESIAN_POINT('',(1.578922827516,4.039671775012));
#1755 = CARTESIAN_POINT('',(1.577577605873,4.043102027355));
#1756 = CARTESIAN_POINT('',(1.576222984314,4.045866827851));
#1757 = CARTESIAN_POINT('',(1.574861080982,4.047948442213));
#1758 = CARTESIAN_POINT('',(1.573494190363,4.049334344213));
#1759 = CARTESIAN_POINT('',(1.572124792926,4.050018012569));
#1760 = CARTESIAN_POINT('',(1.569188755147,4.04997880458));
#1761 = CARTESIAN_POINT('',(1.567621821492,4.049038699561));
#1762 = CARTESIAN_POINT('',(1.566058834028,4.047179316153));
#1763 = CARTESIAN_POINT('',(1.5645034863,4.044412321418));
#1764 = CARTESIAN_POINT('',(1.562959117534,4.040759445239));
#1765 = CARTESIAN_POINT('',(1.56142873499,4.036250779466));
#1766 = CARTESIAN_POINT('',(1.559915036318,4.030923077051));
#1767 = CARTESIAN_POINT('',(1.557626673999,4.021575780105));
#1768 = CARTESIAN_POINT('',(1.556838229607,4.018113981672));
#1769 = CARTESIAN_POINT('',(1.556055415292,4.014438675995));
#1770 = CARTESIAN_POINT('',(1.555278506499,4.010556132204));
#1771 = CARTESIAN_POINT('',(1.554507740039,4.006472787193));
#1772 = CARTESIAN_POINT('',(1.553743316546,4.002195164358));
#1773 = CARTESIAN_POINT('',(1.552985402942,3.997729792338));
#1774 = CARTESIAN_POINT('',(1.550653677348,3.983307834501));
#1775 = CARTESIAN_POINT('',(1.54910276025,3.972730890504));
#1776 = CARTESIAN_POINT('',(1.547582448906,3.961411889007));
#1777 = CARTESIAN_POINT('',(1.546093355691,3.949408859988));
#1778 = CARTESIAN_POINT('',(1.544635693365,3.93677709337));
#1779 = CARTESIAN_POINT('',(1.543209328399,3.923567966247));
#1780 = CARTESIAN_POINT('',(1.541813834288,3.909827770098));
#1781 = CARTESIAN_POINT('',(1.538236315265,3.87253713932));
#1782 = CARTESIAN_POINT('',(1.536104138982,3.848196700677));
#1783 = CARTESIAN_POINT('',(1.534048609665,3.822743481131));
#1784 = CARTESIAN_POINT('',(1.532066412044,3.796322529052));
#1785 = CARTESIAN_POINT('',(1.530154204428,3.76905705498));
#1786 = CARTESIAN_POINT('',(1.528308549286,3.741049190675));
#1787 = CARTESIAN_POINT('',(1.526525891928,3.712380134365));
#1788 = CARTESIAN_POINT('',(1.521239804349,3.622595559877));
#1789 = CARTESIAN_POINT('',(1.517934723019,3.559579853931));
#1790 = CARTESIAN_POINT('',(1.514854510336,3.49460554074));
#1791 = CARTESIAN_POINT('',(1.511978000155,3.428065543423));
#1792 = CARTESIAN_POINT('',(1.509288239357,3.360258767975));
#1793 = CARTESIAN_POINT('',(1.506770510354,3.291403844156));
#1794 = CARTESIAN_POINT('',(1.504412473646,3.221637453745));
#1795 = CARTESIAN_POINT('',(1.499580248158,3.067197522005));
#1796 = CARTESIAN_POINT('',(1.49716940957,2.982257172597));
#1797 = CARTESIAN_POINT('',(1.494953886969,2.896388578782));
#1798 = CARTESIAN_POINT('',(1.492922441144,2.809738885253));
#1799 = CARTESIAN_POINT('',(1.491066757264,2.722426996758));
#1800 = CARTESIAN_POINT('',(1.489380533593,2.634547168204));
#1801 = CARTESIAN_POINT('',(1.48785930303,2.546169793144));
#1802 = CARTESIAN_POINT('',(1.485447443047,2.388547088167));
#1803 = CARTESIAN_POINT('',(1.484492102853,2.319490857588));
#1804 = CARTESIAN_POINT('',(1.483632826876,2.250203118675));
#1805 = CARTESIAN_POINT('',(1.482868898808,2.180710742801));
#1806 = CARTESIAN_POINT('',(1.482200128434,2.111038927144));
#1807 = CARTESIAN_POINT('',(1.481626817766,2.041211347104));
#1808 = CARTESIAN_POINT('',(1.48114972716,1.971250308702));
#1809 = CARTESIAN_POINT('',(1.480701577952,1.888541527603));
#1810 = CARTESIAN_POINT('',(1.48063628195,1.875902535712));
#1811 = CARTESIAN_POINT('',(1.48057416057,1.863260057182));
#1812 = CARTESIAN_POINT('',(1.480515221437,1.850614224161));
#1813 = CARTESIAN_POINT('',(1.480459472669,1.837965169077));
#1814 = CARTESIAN_POINT('',(1.480406922886,1.825313024643));
#1815 = CARTESIAN_POINT('',(1.480357581202,1.812657923858));
#1816 = CARTESIAN_POINT('',(1.480311457229,1.8));
#1817 = ( GEOMETRIC_REPRESENTATION_CONTEXT(2) 
PARAMETRIC_REPRESENTATION_CONTEXT() REPRESENTATION_CONTEXT('2D SPACE',''
  ) );
#1818 = ORIENTED_EDGE('',*,*,#522,.T.);
#1819 = ORIENTED_EDGE('',*,*,#1820,.F.);
#1820 = EDGE_CURVE('',#258,#354,#1821,.T.);
#1821 = SURFACE_CURVE('',#1822,(#1840,#1861),.PCURVE_S1.);
#1822 = B_SPLINE_CURVE_WITH_KNOTS('',6,(#1823,#1824,#1825,#1826,#1827,
    #1828,#1829,#1830,#1831,#1832,#1833,#1834,#1835,#1836,#1837,#1838,
    #1839),.UNSPECIFIED.,.F.,.F.,(7,5,5,7),(0.,0.264871875549,
    0.456737333496,1.),.UNSPECIFIED.);
#1823 = CARTESIAN_POINT('',(27.588176861112,-0.808928534499,14.4000006)
  );
#1824 = CARTESIAN_POINT('',(27.584339118546,-0.940000382062,
    14.349583318855));
#1825 = CARTESIAN_POINT('',(27.579945626135,-1.064505551414,
    14.290422695851));
#1826 = CARTESIAN_POINT('',(27.575151227191,-1.181956493607,
    14.223604390108));
#1827 = CARTESIAN_POINT('',(27.570112207476,-1.292000097094,
    14.150192770947));
#1828 = CARTESIAN_POINT('',(27.564974537378,-1.394414694644,
    14.071232465557));
#1829 = CARTESIAN_POINT('',(27.55615882383,-1.557699464107,
    13.927277576948));
#1830 = CARTESIAN_POINT('',(27.552464714597,-1.622316257172,
    13.864365059481));
#1831 = CARTESIAN_POINT('',(27.548822023535,-1.683000327015,
    13.799307447458));
#1832 = CARTESIAN_POINT('',(27.545267405787,-1.739802163872,
    13.732369349516));
#1833 = CARTESIAN_POINT('',(27.541832157452,-1.792778716406,
    13.663785574645));
#1834 = CARTESIAN_POINT('',(27.529227674509,-1.981339199515,
    13.39549114529));
#1835 = CARTESIAN_POINT('',(27.52107645355,-2.090563399456,
    13.185608649366));
#1836 = CARTESIAN_POINT('',(27.514675646231,-2.17118657988,
    12.968536614723));
#1837 = CARTESIAN_POINT('',(27.510317068248,-2.224481255675,
    12.747151944633));
#1838 = CARTESIAN_POINT('',(27.508135162178,-2.251155350907,
    12.523639995466));
#1839 = CARTESIAN_POINT('',(27.508135160348,-2.251155373271,12.3));
#1840 = PCURVE('',#58,#1841);
#1841 = DEFINITIONAL_REPRESENTATION('',(#1842),#1860);
#1842 = B_SPLINE_CURVE_WITH_KNOTS('',6,(#1843,#1844,#1845,#1846,#1847,
    #1848,#1849,#1850,#1851,#1852,#1853,#1854,#1855,#1856,#1857,#1858,
    #1859),.UNSPECIFIED.,.F.,.F.,(7,5,5,7),(0.,0.264871875549,
    0.456737333496,1.),.UNSPECIFIED.);
#1843 = CARTESIAN_POINT('',(5.07959625816,62.188176861112));
#1844 = CARTESIAN_POINT('',(5.142011405834,62.184339118546));
#1845 = CARTESIAN_POINT('',(5.203097912375,62.179945626135));
#1846 = CARTESIAN_POINT('',(5.262916841063,62.175151227191));
#1847 = CARTESIAN_POINT('',(5.321498841132,62.170112207476));
#1848 = CARTESIAN_POINT('',(5.378849599203,62.164974537378));
#1849 = CARTESIAN_POINT('',(5.47559661653,62.15615882383));
#1850 = CARTESIAN_POINT('',(5.515629781161,62.152464714597));
#1851 = CARTESIAN_POINT('',(5.5551030523,62.148822023535));
#1852 = CARTESIAN_POINT('',(5.594058526728,62.145267405787));
#1853 = CARTESIAN_POINT('',(5.632535650602,62.141832157452));
#1854 = CARTESIAN_POINT('',(5.778281552681,62.129227674509));
#1855 = CARTESIAN_POINT('',(5.882513557757,62.12107645355));
#1856 = CARTESIAN_POINT('',(5.984293683694,62.114675646231));
#1857 = CARTESIAN_POINT('',(6.084450234131,62.110317068248));
#1858 = CARTESIAN_POINT('',(6.183789753639,62.108135162178));
#1859 = CARTESIAN_POINT('',(6.28318530718,62.108135160348));
#1860 = ( GEOMETRIC_REPRESENTATION_CONTEXT(2) 
PARAMETRIC_REPRESENTATION_CONTEXT() REPRESENTATION_CONTEXT('2D SPACE',''
  ) );
#1861 = PCURVE('',#295,#1862);
#1862 = DEFINITIONAL_REPRESENTATION('',(#1863),#1881);
#1863 = B_SPLINE_CURVE_WITH_KNOTS('',6,(#1864,#1865,#1866,#1867,#1868,
    #1869,#1870,#1871,#1872,#1873,#1874,#1875,#1876,#1877,#1878,#1879,
    #1880),.UNSPECIFIED.,.F.,.F.,(7,5,5,7),(0.,0.264871875549,
    0.456737333496,1.),.UNSPECIFIED.);
#1864 = CARTESIAN_POINT('',(1.541525003456,6.4000006));
#1865 = CARTESIAN_POINT('',(1.536773988257,6.349583318855));
#1866 = CARTESIAN_POINT('',(1.532260205426,6.290422695851));
#1867 = CARTESIAN_POINT('',(1.528001280946,6.223604390108));
#1868 = CARTESIAN_POINT('',(1.524010077636,6.150192770947));
#1869 = CARTESIAN_POINT('',(1.520294764209,6.071232465557));
#1870 = CARTESIAN_POINT('',(1.514370033207,5.927277576948));
#1871 = CARTESIAN_POINT('',(1.512025034008,5.864365059481));
#1872 = CARTESIAN_POINT('',(1.50982239038,5.799307447458));
#1873 = CARTESIAN_POINT('',(1.507760335187,5.732369349516));
#1874 = CARTESIAN_POINT('',(1.505836867499,5.663785574645));
#1875 = CARTESIAN_POINT('',(1.498989719232,5.39549114529));
#1876 = CARTESIAN_POINT('',(1.495021433874,5.185608649366));
#1877 = CARTESIAN_POINT('',(1.492091112362,4.968536614723));
#1878 = CARTESIAN_POINT('',(1.490153702629,4.747151944633));
#1879 = CARTESIAN_POINT('',(1.489184021251,4.523639995466));
#1880 = CARTESIAN_POINT('',(1.489184020438,4.3));
#1881 = ( GEOMETRIC_REPRESENTATION_CONTEXT(2) 
PARAMETRIC_REPRESENTATION_CONTEXT() REPRESENTATION_CONTEXT('2D SPACE',''
  ) );
#1882 = ORIENTED_EDGE('',*,*,#257,.T.);
#1883 = ORIENTED_EDGE('',*,*,#181,.F.);
#1884 = ORIENTED_EDGE('',*,*,#1885,.F.);
#1885 = EDGE_CURVE('',#356,#182,#1886,.T.);
#1886 = SURFACE_CURVE('',#1887,(#1891,#1897),.PCURVE_S1.);
#1887 = LINE('',#1888,#1889);
#1888 = CARTESIAN_POINT('',(-34.6,0.806619347799,14.4));
#1889 = VECTOR('',#1890,1.);
#1890 = DIRECTION('',(1.,0.,0.));
#1891 = PCURVE('',#58,#1892);
#1892 = DEFINITIONAL_REPRESENTATION('',(#1893),#1896);
#1893 = B_SPLINE_CURVE_WITH_KNOTS('',1,(#1894,#1895),.UNSPECIFIED.,.F.,
  .F.,(2,2),(-5.999999999062E-07,69.2000006),.PIECEWISE_BEZIER_KNOTS.);
#1894 = CARTESIAN_POINT('',(4.345180959827,-5.999999999062E-07));
#1895 = CARTESIAN_POINT('',(4.345180959827,69.2000006));
#1896 = ( GEOMETRIC_REPRESENTATION_CONTEXT(2) 
PARAMETRIC_REPRESENTATION_CONTEXT() REPRESENTATION_CONTEXT('2D SPACE',''
  ) );
#1897 = PCURVE('',#240,#1898);
#1898 = DEFINITIONAL_REPRESENTATION('',(#1899),#1902);
#1899 = B_SPLINE_CURVE_WITH_KNOTS('',1,(#1900,#1901),.UNSPECIFIED.,.F.,
  .F.,(2,2),(-5.999999999062E-07,69.2000006),.PIECEWISE_BEZIER_KNOTS.);
#1900 = CARTESIAN_POINT('',(-0.80777472107,-34.6000006));
#1901 = CARTESIAN_POINT('',(-0.80777472107,34.6000006));
#1902 = ( GEOMETRIC_REPRESENTATION_CONTEXT(2) 
PARAMETRIC_REPRESENTATION_CONTEXT() REPRESENTATION_CONTEXT('2D SPACE',''
  ) );
#1903 = ADVANCED_FACE('',(#1904),#240,.F.);
#1904 = FACE_BOUND('',#1905,.F.);
#1905 = EDGE_LOOP('',(#1906,#1907,#1908,#1909));
#1906 = ORIENTED_EDGE('',*,*,#1885,.T.);
#1907 = ORIENTED_EDGE('',*,*,#225,.T.);
#1908 = ORIENTED_EDGE('',*,*,#914,.T.);
#1909 = ORIENTED_EDGE('',*,*,#1910,.F.);
#1910 = EDGE_CURVE('',#356,#748,#1911,.T.);
#1911 = SURFACE_CURVE('',#1912,(#1917,#1924),.PCURVE_S1.);
#1912 = CIRCLE('',#1913,27.6);
#1913 = AXIS2_PLACEMENT_3D('',#1914,#1915,#1916);
#1914 = CARTESIAN_POINT('',(0.,-1.155373271062E-03,14.4));
#1915 = DIRECTION('',(-0.,1.110223024625E-16,1.));
#1916 = DIRECTION('',(0.,-1.,1.110223024625E-16));
#1917 = PCURVE('',#240,#1918);
#1918 = DEFINITIONAL_REPRESENTATION('',(#1919),#1923);
#1919 = CIRCLE('',#1920,27.6);
#1920 = AXIS2_PLACEMENT_2D('',#1921,#1922);
#1921 = CARTESIAN_POINT('',(0.,0.));
#1922 = DIRECTION('',(1.,0.));
#1923 = ( GEOMETRIC_REPRESENTATION_CONTEXT(2) 
PARAMETRIC_REPRESENTATION_CONTEXT() REPRESENTATION_CONTEXT('2D SPACE',''
  ) );
#1924 = PCURVE('',#295,#1925);
#1925 = DEFINITIONAL_REPRESENTATION('',(#1926),#1930);
#1926 = LINE('',#1927,#1928);
#1927 = CARTESIAN_POINT('',(0.,6.4));
#1928 = VECTOR('',#1929,1.);
#1929 = DIRECTION('',(1.,0.));
#1930 = ( GEOMETRIC_REPRESENTATION_CONTEXT(2) 
PARAMETRIC_REPRESENTATION_CONTEXT() REPRESENTATION_CONTEXT('2D SPACE',''
  ) );
#1931 = ADVANCED_FACE('',(#1932,#1935,#2089,#2243,#2397,#2551,#2582,
    #2736),#144,.T.);
#1932 = FACE_BOUND('',#1933,.T.);
#1933 = EDGE_LOOP('',(#1934));
#1934 = ORIENTED_EDGE('',*,*,#129,.T.);
#1935 = FACE_BOUND('',#1936,.T.);
#1936 = EDGE_LOOP('',(#1937,#1972,#1998,#2040,#2061));
#1937 = ORIENTED_EDGE('',*,*,#1938,.F.);
#1938 = EDGE_CURVE('',#1939,#1941,#1943,.T.);
#1939 = VERTEX_POINT('',#1940);
#1940 = CARTESIAN_POINT('',(-13.94109297504,15.236120247653,41.));
#1941 = VERTEX_POINT('',#1942);
#1942 = CARTESIAN_POINT('',(-10.06614678711,13.55089753059,41.));
#1943 = SURFACE_CURVE('',#1944,(#1949,#1956),.PCURVE_S1.);
#1944 = ELLIPSE('',#1945,6.265954988795,4.8);
#1945 = AXIS2_PLACEMENT_3D('',#1946,#1947,#1948);
#1946 = CARTESIAN_POINT('',(-11.25,19.484416211879,41.));
#1947 = DIRECTION('',(0.,1.110223024625E-16,1.));
#1948 = DIRECTION('',(-0.5,0.866025403784,-9.614813431918E-17));
#1949 = PCURVE('',#144,#1950);
#1950 = DEFINITIONAL_REPRESENTATION('',(#1951),#1955);
#1951 = ELLIPSE('',#1952,6.265954988795,4.8);
#1952 = AXIS2_PLACEMENT_2D('',#1953,#1954);
#1953 = CARTESIAN_POINT('',(-19.48557158515,-11.25));
#1954 = DIRECTION('',(-0.866025403784,-0.5));
#1955 = ( GEOMETRIC_REPRESENTATION_CONTEXT(2) 
PARAMETRIC_REPRESENTATION_CONTEXT() REPRESENTATION_CONTEXT('2D SPACE',''
  ) );
#1956 = PCURVE('',#1957,#1962);
#1957 = CYLINDRICAL_SURFACE('',#1958,4.8);
#1958 = AXIS2_PLACEMENT_3D('',#1959,#1960,#1961);
#1959 = CARTESIAN_POINT('',(-9.160940268519,15.866058616907,
    36.020711119727));
#1960 = DIRECTION('',(-0.321393804843,0.556670399226,0.766044443119));
#1961 = DIRECTION('',(0.,-0.808963493304,0.587858883153));
#1962 = DEFINITIONAL_REPRESENTATION('',(#1963),#1971);
#1963 = B_SPLINE_CURVE_WITH_KNOTS('',6,(#1964,#1965,#1966,#1967,#1968,
    #1969,#1970),.UNSPECIFIED.,.F.,.F.,(7,7),(1.952414635071,
    2.72518057226),.PIECEWISE_BEZIER_KNOTS.);
#1964 = CARTESIAN_POINT('',(5.51041936999,5.0000006));
#1965 = CARTESIAN_POINT('',(5.639213692855,4.518575178457));
#1966 = CARTESIAN_POINT('',(5.76800801572,4.067008667738));
#1967 = CARTESIAN_POINT('',(5.896802338585,3.659671472325));
#1968 = CARTESIAN_POINT('',(6.02559666145,3.309467710688));
#1969 = CARTESIAN_POINT('',(6.154390984315,3.026324405152));
#1970 = CARTESIAN_POINT('',(6.28318530718,2.816502698403));
#1971 = ( GEOMETRIC_REPRESENTATION_CONTEXT(2) 
PARAMETRIC_REPRESENTATION_CONTEXT() REPRESENTATION_CONTEXT('2D SPACE',''
  ) );
#1972 = ORIENTED_EDGE('',*,*,#1973,.F.);
#1973 = EDGE_CURVE('',#1974,#1939,#1976,.T.);
#1974 = VERTEX_POINT('',#1975);
#1975 = CARTESIAN_POINT('',(-13.4700615989,15.508070339465,41.));
#1976 = SURFACE_CURVE('',#1977,(#1981,#1987),.PCURVE_S1.);
#1977 = LINE('',#1978,#1979);
#1978 = CARTESIAN_POINT('',(-10.08320712985,17.463471678878,41.));
#1979 = VECTOR('',#1980,1.);
#1980 = DIRECTION('',(-0.866025403784,-0.5,5.551115123126E-17));
#1981 = PCURVE('',#144,#1982);
#1982 = DEFINITIONAL_REPRESENTATION('',(#1983),#1986);
#1983 = B_SPLINE_CURVE_WITH_KNOTS('',1,(#1984,#1985),.UNSPECIFIED.,.F.,
  .F.,(2,2),(-4.45787945041,6.039131362625),.PIECEWISE_BEZIER_KNOTS.);
#1984 = CARTESIAN_POINT('',(-19.69356677735,-6.222570278791));
#1985 = CARTESIAN_POINT('',(-14.44506137083,-15.31324830667));
#1986 = ( GEOMETRIC_REPRESENTATION_CONTEXT(2) 
PARAMETRIC_REPRESENTATION_CONTEXT() REPRESENTATION_CONTEXT('2D SPACE',''
  ) );
#1987 = PCURVE('',#1988,#1993);
#1988 = PLANE('',#1989);
#1989 = AXIS2_PLACEMENT_3D('',#1990,#1991,#1992);
#1990 = CARTESIAN_POINT('',(-10.76790929273,18.649410613039,
    39.850933335322));
#1991 = DIRECTION('',(-0.321393804843,0.556670399226,0.766044443119));
#1992 = DIRECTION('',(0.,-0.808963493304,0.587858883153));
#1993 = DEFINITIONAL_REPRESENTATION('',(#1994),#1997);
#1994 = B_SPLINE_CURVE_WITH_KNOTS('',1,(#1995,#1996),.UNSPECIFIED.,.F.,
  .F.,(2,2),(-4.45787945041,6.039131362625),.PIECEWISE_BEZIER_KNOTS.);
#1995 = CARTESIAN_POINT('',(-0.168260517276,4.8));
#1996 = CARTESIAN_POINT('',(4.077588751005,-4.8));
#1997 = ( GEOMETRIC_REPRESENTATION_CONTEXT(2) 
PARAMETRIC_REPRESENTATION_CONTEXT() REPRESENTATION_CONTEXT('2D SPACE',''
  ) );
#1998 = ORIENTED_EDGE('',*,*,#1999,.F.);
#1999 = EDGE_CURVE('',#2000,#1974,#2002,.T.);
#2000 = VERTEX_POINT('',#2001);
#2001 = CARTESIAN_POINT('',(-6.696352660803,19.418873018291,41.));
#2002 = SURFACE_CURVE('',#2003,(#2008,#2015),.PCURVE_S1.);
#2003 = ELLIPSE('',#2004,5.613251344129,4.3);
#2004 = AXIS2_PLACEMENT_3D('',#2005,#2006,#2007);
#2005 = CARTESIAN_POINT('',(-11.25,19.484416211879,41.));
#2006 = DIRECTION('',(0.,1.110223024625E-16,1.));
#2007 = DIRECTION('',(-0.5,0.866025403784,-9.614813431918E-17));
#2008 = PCURVE('',#144,#2009);
#2009 = DEFINITIONAL_REPRESENTATION('',(#2010),#2014);
#2010 = ELLIPSE('',#2011,5.613251344129,4.3);
#2011 = AXIS2_PLACEMENT_2D('',#2012,#2013);
#2012 = CARTESIAN_POINT('',(-19.48557158515,-11.25));
#2013 = DIRECTION('',(-0.866025403784,-0.5));
#2014 = ( GEOMETRIC_REPRESENTATION_CONTEXT(2) 
PARAMETRIC_REPRESENTATION_CONTEXT() REPRESENTATION_CONTEXT('2D SPACE',''
  ) );
#2015 = PCURVE('',#2016,#2021);
#2016 = CYLINDRICAL_SURFACE('',#2017,4.3);
#2017 = AXIS2_PLACEMENT_3D('',#2018,#2019,#2020);
#2018 = CARTESIAN_POINT('',(-10.76790929273,18.649410613039,
    39.850933335322));
#2019 = DIRECTION('',(-0.321393804843,0.556670399226,0.766044443119));
#2020 = DIRECTION('',(0.,-0.808963493304,0.587858883153));
#2021 = DEFINITIONAL_REPRESENTATION('',(#2022),#2039);
#2022 = B_SPLINE_CURVE_WITH_KNOTS('',8,(#2023,#2024,#2025,#2026,#2027,
    #2028,#2029,#2030,#2031,#2032,#2033,#2034,#2035,#2036,#2037,#2038),
  .UNSPECIFIED.,.F.,.F.,(9,7,9),(4.283645694221,6.28318530718,
    8.282724920139),.UNSPECIFIED.);
#2023 = CARTESIAN_POINT('',(1.558465121961,-6.000000070117E-07));
#2024 = CARTESIAN_POINT('',(1.80840757358,0.820198754739));
#2025 = CARTESIAN_POINT('',(2.058350025203,1.747493406825));
#2026 = CARTESIAN_POINT('',(2.308292476799,2.703789363341));
#2027 = CARTESIAN_POINT('',(2.558234928454,3.596804621113));
#2028 = CARTESIAN_POINT('',(2.808177380044,4.335323308569));
#2029 = CARTESIAN_POINT('',(3.058119831682,4.85052201504));
#2030 = CARTESIAN_POINT('',(3.3080622833,5.108128414062));
#2031 = CARTESIAN_POINT('',(3.80794718654,5.108128414062));
#2032 = CARTESIAN_POINT('',(4.057889638157,4.850522015035));
#2033 = CARTESIAN_POINT('',(4.307832089789,4.335323308573));
#2034 = CARTESIAN_POINT('',(4.557774541365,3.596804621093));
#2035 = CARTESIAN_POINT('',(4.807716993026,2.703789363353));
#2036 = CARTESIAN_POINT('',(5.057659444637,1.747493406818));
#2037 = CARTESIAN_POINT('',(5.307601896259,0.820198754739));
#2038 = CARTESIAN_POINT('',(5.557544347879,-6.000000070117E-07));
#2039 = ( GEOMETRIC_REPRESENTATION_CONTEXT(2) 
PARAMETRIC_REPRESENTATION_CONTEXT() REPRESENTATION_CONTEXT('2D SPACE',''
  ) );
#2040 = ORIENTED_EDGE('',*,*,#2041,.F.);
#2041 = EDGE_CURVE('',#2042,#2000,#2044,.T.);
#2042 = VERTEX_POINT('',#2043);
#2043 = CARTESIAN_POINT('',(-6.225321284663,19.690823110103,41.));
#2044 = SURFACE_CURVE('',#2045,(#2049,#2055),.PCURVE_S1.);
#2045 = LINE('',#2046,#2047);
#2046 = CARTESIAN_POINT('',(-10.08320712985,17.463471678878,41.));
#2047 = VECTOR('',#2048,1.);
#2048 = DIRECTION('',(-0.866025403784,-0.5,5.551115123126E-17));
#2049 = PCURVE('',#144,#2050);
#2050 = DEFINITIONAL_REPRESENTATION('',(#2051),#2054);
#2051 = B_SPLINE_CURVE_WITH_KNOTS('',1,(#2052,#2053),.UNSPECIFIED.,.F.,
  .F.,(2,2),(-4.45787945041,6.039131362625),.PIECEWISE_BEZIER_KNOTS.);
#2052 = CARTESIAN_POINT('',(-19.69356677735,-6.222570278791));
#2053 = CARTESIAN_POINT('',(-14.44506137083,-15.31324830667));
#2054 = ( GEOMETRIC_REPRESENTATION_CONTEXT(2) 
PARAMETRIC_REPRESENTATION_CONTEXT() REPRESENTATION_CONTEXT('2D SPACE',''
  ) );
#2055 = PCURVE('',#1988,#2056);
#2056 = DEFINITIONAL_REPRESENTATION('',(#2057),#2060);
#2057 = B_SPLINE_CURVE_WITH_KNOTS('',1,(#2058,#2059),.UNSPECIFIED.,.F.,
  .F.,(2,2),(-4.45787945041,6.039131362625),.PIECEWISE_BEZIER_KNOTS.);
#2058 = CARTESIAN_POINT('',(-0.168260517276,4.8));
#2059 = CARTESIAN_POINT('',(4.077588751005,-4.8));
#2060 = ( GEOMETRIC_REPRESENTATION_CONTEXT(2) 
PARAMETRIC_REPRESENTATION_CONTEXT() REPRESENTATION_CONTEXT('2D SPACE',''
  ) );
#2061 = ORIENTED_EDGE('',*,*,#2062,.F.);
#2062 = EDGE_CURVE('',#1941,#2042,#2063,.T.);
#2063 = SURFACE_CURVE('',#2064,(#2069,#2076),.PCURVE_S1.);
#2064 = ELLIPSE('',#2065,6.265954988795,4.8);
#2065 = AXIS2_PLACEMENT_3D('',#2066,#2067,#2068);
#2066 = CARTESIAN_POINT('',(-11.25,19.484416211879,41.));
#2067 = DIRECTION('',(0.,1.110223024625E-16,1.));
#2068 = DIRECTION('',(-0.5,0.866025403784,-9.614813431918E-17));
#2069 = PCURVE('',#144,#2070);
#2070 = DEFINITIONAL_REPRESENTATION('',(#2071),#2075);
#2071 = ELLIPSE('',#2072,6.265954988795,4.8);
#2072 = AXIS2_PLACEMENT_2D('',#2073,#2074);
#2073 = CARTESIAN_POINT('',(-19.48557158515,-11.25));
#2074 = DIRECTION('',(-0.866025403784,-0.5));
#2075 = ( GEOMETRIC_REPRESENTATION_CONTEXT(2) 
PARAMETRIC_REPRESENTATION_CONTEXT() REPRESENTATION_CONTEXT('2D SPACE',''
  ) );
#2076 = PCURVE('',#1957,#2077);
#2077 = DEFINITIONAL_REPRESENTATION('',(#2078),#2088);
#2078 = B_SPLINE_CURVE_WITH_KNOTS('',8,(#2079,#2080,#2081,#2082,#2083,
    #2084,#2085,#2086,#2087),.UNSPECIFIED.,.F.,.F.,(9,9),(2.72518057226,
    4.330770672109),.PIECEWISE_BEZIER_KNOTS.);
#2079 = CARTESIAN_POINT('',(0.,2.816502698403));
#2080 = CARTESIAN_POINT('',(0.200698762481,2.489539863788));
#2081 = CARTESIAN_POINT('',(0.401397524962,2.332144268835));
#2082 = CARTESIAN_POINT('',(0.602096287439,2.364383706124));
#2083 = CARTESIAN_POINT('',(0.802795049924,2.591759288109));
#2084 = CARTESIAN_POINT('',(1.0034938124,3.002602488681));
#2085 = CARTESIAN_POINT('',(1.204192574887,3.568652086612));
#2086 = CARTESIAN_POINT('',(1.404891337368,4.249800714));
#2087 = CARTESIAN_POINT('',(1.605590099849,5.0000006));
#2088 = ( GEOMETRIC_REPRESENTATION_CONTEXT(2) 
PARAMETRIC_REPRESENTATION_CONTEXT() REPRESENTATION_CONTEXT('2D SPACE',''
  ) );
#2089 = FACE_BOUND('',#2090,.T.);
#2090 = EDGE_LOOP('',(#2091,#2127,#2153,#2195,#2216));
#2091 = ORIENTED_EDGE('',*,*,#2092,.F.);
#2092 = EDGE_CURVE('',#2093,#2095,#2097,.T.);
#2093 = VERTEX_POINT('',#2094);
#2094 = CARTESIAN_POINT('',(-20.1664142597,-4.45585823572,41.));
#2095 = VERTEX_POINT('',#2096);
#2096 = CARTESIAN_POINT('',(-16.2340450112,-1.155373271063E-03,41.));
#2097 = SURFACE_CURVE('',#2098,(#2103,#2110),.PCURVE_S1.);
#2098 = ELLIPSE('',#2099,6.265954988795,4.8);
#2099 = AXIS2_PLACEMENT_3D('',#2100,#2101,#2102);
#2100 = CARTESIAN_POINT('',(-22.5,-1.155373271062E-03,41.));
#2101 = DIRECTION('',(0.,1.110223024625E-16,1.));
#2102 = DIRECTION('',(-1.,-1.224646799147E-16,1.359631073447E-32));
#2103 = PCURVE('',#144,#2104);
#2104 = DEFINITIONAL_REPRESENTATION('',(#2105),#2109);
#2105 = ELLIPSE('',#2106,6.265954988795,4.8);
#2106 = AXIS2_PLACEMENT_2D('',#2107,#2108);
#2107 = CARTESIAN_POINT('',(2.755455298082E-15,-22.5));
#2108 = DIRECTION('',(1.224646799147E-16,-1.));
#2109 = ( GEOMETRIC_REPRESENTATION_CONTEXT(2) 
PARAMETRIC_REPRESENTATION_CONTEXT() REPRESENTATION_CONTEXT('2D SPACE',''
  ) );
#2110 = PCURVE('',#2111,#2116);
#2111 = CYLINDRICAL_SURFACE('',#2112,4.8);
#2112 = AXIS2_PLACEMENT_3D('',#2113,#2114,#2115);
#2113 = CARTESIAN_POINT('',(-18.32188053703,-1.155373271062E-03,
    36.020711119727));
#2114 = DIRECTION('',(-0.642787609687,6.329238990265E-18,0.766044443119)
  );
#2115 = DIRECTION('',(0.766044443119,7.136376042178E-17,0.642787609687)
  );
#2116 = DEFINITIONAL_REPRESENTATION('',(#2117),#2126);
#2117 = B_SPLINE_CURVE_WITH_KNOTS('',7,(#2118,#2119,#2120,#2121,#2122,
    #2123,#2124,#2125),.UNSPECIFIED.,.F.,.F.,(8,8),(1.952414635071,
    3.14159265359),.PIECEWISE_BEZIER_KNOTS.);
#2118 = CARTESIAN_POINT('',(5.094007288661,5.0000006));
#2119 = CARTESIAN_POINT('',(5.263889862735,4.364989770196));
#2120 = CARTESIAN_POINT('',(5.433772436809,3.780484559094));
#2121 = CARTESIAN_POINT('',(5.603655010881,3.276414306957));
#2122 = CARTESIAN_POINT('',(5.773537584962,2.879156116701));
#2123 = CARTESIAN_POINT('',(5.94342015903,2.60793462817));
#2124 = CARTESIAN_POINT('',(6.113302733105,2.472321770349));
#2125 = CARTESIAN_POINT('',(6.28318530718,2.472321770349));
#2126 = ( GEOMETRIC_REPRESENTATION_CONTEXT(2) 
PARAMETRIC_REPRESENTATION_CONTEXT() REPRESENTATION_CONTEXT('2D SPACE',''
  ) );
#2127 = ORIENTED_EDGE('',*,*,#2128,.F.);
#2128 = EDGE_CURVE('',#2129,#2093,#2131,.T.);
#2129 = VERTEX_POINT('',#2130);
#2130 = CARTESIAN_POINT('',(-20.1664142597,-3.911958052097,41.));
#2131 = SURFACE_CURVE('',#2132,(#2136,#2142),.PCURVE_S1.);
#2132 = LINE('',#2133,#2134);
#2133 = CARTESIAN_POINT('',(-20.1664142597,-1.155373271062E-03,41.));
#2134 = VECTOR('',#2135,1.);
#2135 = DIRECTION('',(1.224646799147E-16,-1.,1.110223024625E-16));
#2136 = PCURVE('',#144,#2137);
#2137 = DEFINITIONAL_REPRESENTATION('',(#2138),#2141);
#2138 = B_SPLINE_CURVE_WITH_KNOTS('',1,(#2139,#2140),.UNSPECIFIED.,.F.,
  .F.,(2,2),(-4.8,4.8),.PIECEWISE_BEZIER_KNOTS.);
#2139 = CARTESIAN_POINT('',(-4.8,-20.1664142597));
#2140 = CARTESIAN_POINT('',(4.8,-20.1664142597));
#2141 = ( GEOMETRIC_REPRESENTATION_CONTEXT(2) 
PARAMETRIC_REPRESENTATION_CONTEXT() REPRESENTATION_CONTEXT('2D SPACE',''
  ) );
#2142 = PCURVE('',#2143,#2148);
#2143 = PLANE('',#2144);
#2144 = AXIS2_PLACEMENT_3D('',#2145,#2146,#2147);
#2145 = CARTESIAN_POINT('',(-21.53581858547,-1.155373271062E-03,
    39.850933335322));
#2146 = DIRECTION('',(-0.642787609687,6.329238990265E-18,0.766044443119)
  );
#2147 = DIRECTION('',(0.766044443119,7.136376042178E-17,0.642787609687)
  );
#2148 = DEFINITIONAL_REPRESENTATION('',(#2149),#2152);
#2149 = B_SPLINE_CURVE_WITH_KNOTS('',1,(#2150,#2151),.UNSPECIFIED.,.F.,
  .F.,(2,2),(-4.8,4.8),.PIECEWISE_BEZIER_KNOTS.);
#2150 = CARTESIAN_POINT('',(1.787630388891,4.8));
#2151 = CARTESIAN_POINT('',(1.787630388891,-4.8));
#2152 = ( GEOMETRIC_REPRESENTATION_CONTEXT(2) 
PARAMETRIC_REPRESENTATION_CONTEXT() REPRESENTATION_CONTEXT('2D SPACE',''
  ) );
#2153 = ORIENTED_EDGE('',*,*,#2154,.F.);
#2154 = EDGE_CURVE('',#2155,#2129,#2157,.T.);
#2155 = VERTEX_POINT('',#2156);
#2156 = CARTESIAN_POINT('',(-20.1664142597,3.909647305555,41.));
#2157 = SURFACE_CURVE('',#2158,(#2163,#2170),.PCURVE_S1.);
#2158 = ELLIPSE('',#2159,5.613251344129,4.3);
#2159 = AXIS2_PLACEMENT_3D('',#2160,#2161,#2162);
#2160 = CARTESIAN_POINT('',(-22.5,-1.155373271062E-03,41.));
#2161 = DIRECTION('',(0.,1.110223024625E-16,1.));
#2162 = DIRECTION('',(-1.,-1.224646799147E-16,1.359631073447E-32));
#2163 = PCURVE('',#144,#2164);
#2164 = DEFINITIONAL_REPRESENTATION('',(#2165),#2169);
#2165 = ELLIPSE('',#2166,5.613251344129,4.3);
#2166 = AXIS2_PLACEMENT_2D('',#2167,#2168);
#2167 = CARTESIAN_POINT('',(2.755455298082E-15,-22.5));
#2168 = DIRECTION('',(1.224646799147E-16,-1.));
#2169 = ( GEOMETRIC_REPRESENTATION_CONTEXT(2) 
PARAMETRIC_REPRESENTATION_CONTEXT() REPRESENTATION_CONTEXT('2D SPACE',''
  ) );
#2170 = PCURVE('',#2171,#2176);
#2171 = CYLINDRICAL_SURFACE('',#2172,4.3);
#2172 = AXIS2_PLACEMENT_3D('',#2173,#2174,#2175);
#2173 = CARTESIAN_POINT('',(-21.53581858547,-1.155373271062E-03,
    39.850933335322));
#2174 = DIRECTION('',(-0.642787609687,6.329238990265E-18,0.766044443119)
  );
#2175 = DIRECTION('',(0.766044443119,7.136376042178E-17,0.642787609687)
  );
#2176 = DEFINITIONAL_REPRESENTATION('',(#2177),#2194);
#2177 = B_SPLINE_CURVE_WITH_KNOTS('',8,(#2178,#2179,#2180,#2181,#2182,
    #2183,#2184,#2185,#2186,#2187,#2188,#2189,#2190,#2191,#2192,#2193),
  .UNSPECIFIED.,.F.,.F.,(9,7,9),(4.283645694221,6.28318530718,
    8.282724920139),.UNSPECIFIED.);
#2178 = CARTESIAN_POINT('',(1.142053040631,-6.000000070117E-07));
#2179 = CARTESIAN_POINT('',(1.391995492251,0.820198754739));
#2180 = CARTESIAN_POINT('',(1.641937943868,1.747493406824));
#2181 = CARTESIAN_POINT('',(1.891880395503,2.703789363335));
#2182 = CARTESIAN_POINT('',(2.141822847083,3.596804621102));
#2183 = CARTESIAN_POINT('',(2.391765298742,4.335323308556));
#2184 = CARTESIAN_POINT('',(2.641707750346,4.85052201504));
#2185 = CARTESIAN_POINT('',(2.89165020197,5.108128414062));
#2186 = CARTESIAN_POINT('',(3.39153510521,5.108128414062));
#2187 = CARTESIAN_POINT('',(3.641477556826,4.850522015039));
#2188 = CARTESIAN_POINT('',(3.89142000846,4.335323308558));
#2189 = CARTESIAN_POINT('',(4.14136246005,3.596804621096));
#2190 = CARTESIAN_POINT('',(4.391304911702,2.703789363341));
#2191 = CARTESIAN_POINT('',(4.641247363305,1.747493406825));
#2192 = CARTESIAN_POINT('',(4.891189814929,0.820198754739));
#2193 = CARTESIAN_POINT('',(5.141132266549,-5.999999999062E-07));
#2194 = ( GEOMETRIC_REPRESENTATION_CONTEXT(2) 
PARAMETRIC_REPRESENTATION_CONTEXT() REPRESENTATION_CONTEXT('2D SPACE',''
  ) );
#2195 = ORIENTED_EDGE('',*,*,#2196,.F.);
#2196 = EDGE_CURVE('',#2197,#2155,#2199,.T.);
#2197 = VERTEX_POINT('',#2198);
#2198 = CARTESIAN_POINT('',(-20.1664142597,4.453547489178,41.));
#2199 = SURFACE_CURVE('',#2200,(#2204,#2210),.PCURVE_S1.);
#2200 = LINE('',#2201,#2202);
#2201 = CARTESIAN_POINT('',(-20.1664142597,-1.155373271062E-03,41.));
#2202 = VECTOR('',#2203,1.);
#2203 = DIRECTION('',(1.224646799147E-16,-1.,1.110223024625E-16));
#2204 = PCURVE('',#144,#2205);
#2205 = DEFINITIONAL_REPRESENTATION('',(#2206),#2209);
#2206 = B_SPLINE_CURVE_WITH_KNOTS('',1,(#2207,#2208),.UNSPECIFIED.,.F.,
  .F.,(2,2),(-4.8,4.8),.PIECEWISE_BEZIER_KNOTS.);
#2207 = CARTESIAN_POINT('',(-4.8,-20.1664142597));
#2208 = CARTESIAN_POINT('',(4.8,-20.1664142597));
#2209 = ( GEOMETRIC_REPRESENTATION_CONTEXT(2) 
PARAMETRIC_REPRESENTATION_CONTEXT() REPRESENTATION_CONTEXT('2D SPACE',''
  ) );
#2210 = PCURVE('',#2143,#2211);
#2211 = DEFINITIONAL_REPRESENTATION('',(#2212),#2215);
#2212 = B_SPLINE_CURVE_WITH_KNOTS('',1,(#2213,#2214),.UNSPECIFIED.,.F.,
  .F.,(2,2),(-4.8,4.8),.PIECEWISE_BEZIER_KNOTS.);
#2213 = CARTESIAN_POINT('',(1.787630388891,4.8));
#2214 = CARTESIAN_POINT('',(1.787630388891,-4.8));
#2215 = ( GEOMETRIC_REPRESENTATION_CONTEXT(2) 
PARAMETRIC_REPRESENTATION_CONTEXT() REPRESENTATION_CONTEXT('2D SPACE',''
  ) );
#2216 = ORIENTED_EDGE('',*,*,#2217,.F.);
#2217 = EDGE_CURVE('',#2095,#2197,#2218,.T.);
#2218 = SURFACE_CURVE('',#2219,(#2224,#2231),.PCURVE_S1.);
#2219 = ELLIPSE('',#2220,6.265954988795,4.8);
#2220 = AXIS2_PLACEMENT_3D('',#2221,#2222,#2223);
#2221 = CARTESIAN_POINT('',(-22.5,-1.155373271062E-03,41.));
#2222 = DIRECTION('',(0.,1.110223024625E-16,1.));
#2223 = DIRECTION('',(-1.,-1.224646799147E-16,1.359631073447E-32));
#2224 = PCURVE('',#144,#2225);
#2225 = DEFINITIONAL_REPRESENTATION('',(#2226),#2230);
#2226 = ELLIPSE('',#2227,6.265954988795,4.8);
#2227 = AXIS2_PLACEMENT_2D('',#2228,#2229);
#2228 = CARTESIAN_POINT('',(2.755455298082E-15,-22.5));
#2229 = DIRECTION('',(1.224646799147E-16,-1.));
#2230 = ( GEOMETRIC_REPRESENTATION_CONTEXT(2) 
PARAMETRIC_REPRESENTATION_CONTEXT() REPRESENTATION_CONTEXT('2D SPACE',''
  ) );
#2231 = PCURVE('',#2111,#2232);
#2232 = DEFINITIONAL_REPRESENTATION('',(#2233),#2242);
#2233 = B_SPLINE_CURVE_WITH_KNOTS('',7,(#2234,#2235,#2236,#2237,#2238,
    #2239,#2240,#2241),.UNSPECIFIED.,.F.,.F.,(8,8),(3.14159265359,
    4.330770672109),.PIECEWISE_BEZIER_KNOTS.);
#2234 = CARTESIAN_POINT('',(-8.881784197001E-16,2.472321770349));
#2235 = CARTESIAN_POINT('',(0.169882574074,2.472321770349));
#2236 = CARTESIAN_POINT('',(0.339765148148,2.607934628171));
#2237 = CARTESIAN_POINT('',(0.509647722222,2.879156116699));
#2238 = CARTESIAN_POINT('',(0.679530296297,3.276414306958));
#2239 = CARTESIAN_POINT('',(0.849412870371,3.780484559094));
#2240 = CARTESIAN_POINT('',(1.019295444445,4.364989770196));
#2241 = CARTESIAN_POINT('',(1.189178018519,5.0000006));
#2242 = ( GEOMETRIC_REPRESENTATION_CONTEXT(2) 
PARAMETRIC_REPRESENTATION_CONTEXT() REPRESENTATION_CONTEXT('2D SPACE',''
  ) );
#2243 = FACE_BOUND('',#2244,.T.);
#2244 = EDGE_LOOP('',(#2245,#2282,#2308,#2343,#2378));
#2245 = ORIENTED_EDGE('',*,*,#2246,.F.);
#2246 = EDGE_CURVE('',#2247,#2249,#2251,.T.);
#2247 = VERTEX_POINT('',#2248);
#2248 = CARTESIAN_POINT('',(-6.225321284663,-19.69313385664,41.));
#2249 = VERTEX_POINT('',#2250);
#2250 = CARTESIAN_POINT('',(-13.94109297504,-15.23843099419,41.));
#2251 = SURFACE_CURVE('',#2252,(#2257,#2264),.PCURVE_S1.);
#2252 = ELLIPSE('',#2253,6.265954988795,4.8);
#2253 = AXIS2_PLACEMENT_3D('',#2254,#2255,#2256);
#2254 = CARTESIAN_POINT('',(-11.25,-19.48672695842,41.));
#2255 = DIRECTION('',(0.,1.110223024625E-16,1.));
#2256 = DIRECTION('',(-0.5,-0.866025403784,9.614813431918E-17));
#2257 = PCURVE('',#144,#2258);
#2258 = DEFINITIONAL_REPRESENTATION('',(#2259),#2263);
#2259 = ELLIPSE('',#2260,6.265954988795,4.8);
#2260 = AXIS2_PLACEMENT_2D('',#2261,#2262);
#2261 = CARTESIAN_POINT('',(19.48557158515,-11.25));
#2262 = DIRECTION('',(0.866025403784,-0.5));
#2263 = ( GEOMETRIC_REPRESENTATION_CONTEXT(2) 
PARAMETRIC_REPRESENTATION_CONTEXT() REPRESENTATION_CONTEXT('2D SPACE',''
  ) );
#2264 = PCURVE('',#2265,#2270);
#2265 = CYLINDRICAL_SURFACE('',#2266,4.8);
#2266 = AXIS2_PLACEMENT_3D('',#2267,#2268,#2269);
#2267 = CARTESIAN_POINT('',(-9.160940268519,-15.86836936344,
    36.020711119727));
#2268 = DIRECTION('',(-0.321393804843,-0.556670399226,0.766044443119));
#2269 = DIRECTION('',(0.,-0.808963493304,-0.587858883153));
#2270 = DEFINITIONAL_REPRESENTATION('',(#2271),#2281);
#2271 = B_SPLINE_CURVE_WITH_KNOTS('',8,(#2272,#2273,#2274,#2275,#2276,
    #2277,#2278,#2279,#2280),.UNSPECIFIED.,.F.,.F.,(9,9),(1.952414635071
    ,4.330770672109),.PIECEWISE_BEZIER_KNOTS.);
#2272 = CARTESIAN_POINT('',(1.536002553741,5.0000006));
#2273 = CARTESIAN_POINT('',(1.833297058371,3.888731647843));
#2274 = CARTESIAN_POINT('',(2.130591562999,2.928977297727));
#2275 = CARTESIAN_POINT('',(2.427886067624,2.270413165955));
#2276 = CARTESIAN_POINT('',(2.725180572252,2.034081034832));
#2277 = CARTESIAN_POINT('',(3.022475076883,2.27041316595));
#2278 = CARTESIAN_POINT('',(3.319769581519,2.928977297728));
#2279 = CARTESIAN_POINT('',(3.617064086149,3.888731647843));
#2280 = CARTESIAN_POINT('',(3.914358590779,5.0000006));
#2281 = ( GEOMETRIC_REPRESENTATION_CONTEXT(2) 
PARAMETRIC_REPRESENTATION_CONTEXT() REPRESENTATION_CONTEXT('2D SPACE',''
  ) );
#2282 = ORIENTED_EDGE('',*,*,#2283,.F.);
#2283 = EDGE_CURVE('',#2284,#2247,#2286,.T.);
#2284 = VERTEX_POINT('',#2285);
#2285 = CARTESIAN_POINT('',(-6.696352660803,-19.42118376483,41.));
#2286 = SURFACE_CURVE('',#2287,(#2291,#2297),.PCURVE_S1.);
#2287 = LINE('',#2288,#2289);
#2288 = CARTESIAN_POINT('',(-10.08320712985,-17.46578242542,41.));
#2289 = VECTOR('',#2290,1.);
#2290 = DIRECTION('',(0.866025403784,-0.5,5.551115123126E-17));
#2291 = PCURVE('',#144,#2292);
#2292 = DEFINITIONAL_REPRESENTATION('',(#2293),#2296);
#2293 = B_SPLINE_CURVE_WITH_KNOTS('',1,(#2294,#2295),.UNSPECIFIED.,.F.,
  .F.,(2,2),(-6.039131362625,4.45787945041),.PIECEWISE_BEZIER_KNOTS.);
#2294 = CARTESIAN_POINT('',(14.445061370837,-15.31324830667));
#2295 = CARTESIAN_POINT('',(19.693566777354,-6.222570278791));
#2296 = ( GEOMETRIC_REPRESENTATION_CONTEXT(2) 
PARAMETRIC_REPRESENTATION_CONTEXT() REPRESENTATION_CONTEXT('2D SPACE',''
  ) );
#2297 = PCURVE('',#2298,#2303);
#2298 = PLANE('',#2299);
#2299 = AXIS2_PLACEMENT_3D('',#2300,#2301,#2302);
#2300 = CARTESIAN_POINT('',(-10.76790929273,-18.65172135958,
    39.850933335322));
#2301 = DIRECTION('',(-0.321393804843,-0.556670399226,0.766044443119));
#2302 = DIRECTION('',(0.,-0.808963493304,-0.587858883153));
#2303 = DEFINITIONAL_REPRESENTATION('',(#2304),#2307);
#2304 = B_SPLINE_CURVE_WITH_KNOTS('',1,(#2305,#2306),.UNSPECIFIED.,.F.,
  .F.,(2,2),(-6.039131362625,4.45787945041),.PIECEWISE_BEZIER_KNOTS.);
#2305 = CARTESIAN_POINT('',(-4.077588751005,-4.8));
#2306 = CARTESIAN_POINT('',(0.168260517276,4.8));
#2307 = ( GEOMETRIC_REPRESENTATION_CONTEXT(2) 
PARAMETRIC_REPRESENTATION_CONTEXT() REPRESENTATION_CONTEXT('2D SPACE',''
  ) );
#2308 = ORIENTED_EDGE('',*,*,#2309,.F.);
#2309 = EDGE_CURVE('',#2310,#2284,#2312,.T.);
#2310 = VERTEX_POINT('',#2311);
#2311 = CARTESIAN_POINT('',(-12.31053516988,-24.80217077707,41.));
#2312 = SURFACE_CURVE('',#2313,(#2318,#2325),.PCURVE_S1.);
#2313 = ELLIPSE('',#2314,5.613251344129,4.3);
#2314 = AXIS2_PLACEMENT_3D('',#2315,#2316,#2317);
#2315 = CARTESIAN_POINT('',(-11.25,-19.48672695842,41.));
#2316 = DIRECTION('',(0.,1.110223024625E-16,1.));
#2317 = DIRECTION('',(-0.5,-0.866025403784,9.614813431918E-17));
#2318 = PCURVE('',#144,#2319);
#2319 = DEFINITIONAL_REPRESENTATION('',(#2320),#2324);
#2320 = ELLIPSE('',#2321,5.613251344129,4.3);
#2321 = AXIS2_PLACEMENT_2D('',#2322,#2323);
#2322 = CARTESIAN_POINT('',(19.48557158515,-11.25));
#2323 = DIRECTION('',(0.866025403784,-0.5));
#2324 = ( GEOMETRIC_REPRESENTATION_CONTEXT(2) 
PARAMETRIC_REPRESENTATION_CONTEXT() REPRESENTATION_CONTEXT('2D SPACE',''
  ) );
#2325 = PCURVE('',#2326,#2331);
#2326 = CYLINDRICAL_SURFACE('',#2327,4.3);
#2327 = AXIS2_PLACEMENT_3D('',#2328,#2329,#2330);
#2328 = CARTESIAN_POINT('',(-10.76790929273,-18.65172135958,
    39.850933335322));
#2329 = DIRECTION('',(-0.321393804843,-0.556670399226,0.766044443119));
#2330 = DIRECTION('',(0.,-0.808963493304,-0.587858883153));
#2331 = DEFINITIONAL_REPRESENTATION('',(#2332),#2342);
#2332 = B_SPLINE_CURVE_WITH_KNOTS('',8,(#2333,#2334,#2335,#2336,#2337,
    #2338,#2339,#2340,#2341),.UNSPECIFIED.,.F.,.F.,(9,9),(0.41641208133,
    1.999539612959),.PIECEWISE_BEZIER_KNOTS.);
#2333 = CARTESIAN_POINT('',(6.28318530718,4.799799666014));
#2334 = CARTESIAN_POINT('',(6.481076248633,4.510993256018));
#2335 = CARTESIAN_POINT('',(6.678967190087,4.074503336441));
#2336 = CARTESIAN_POINT('',(6.876858131541,3.507566036318));
#2337 = CARTESIAN_POINT('',(7.074749072992,2.839744886764));
#2338 = CARTESIAN_POINT('',(7.272640014447,2.11081388393));
#2339 = CARTESIAN_POINT('',(7.4705309559,1.365911650989));
#2340 = CARTESIAN_POINT('',(7.668421897355,0.649388975228));
#2341 = CARTESIAN_POINT('',(7.866312838809,-5.999999999062E-07));
#2342 = ( GEOMETRIC_REPRESENTATION_CONTEXT(2) 
PARAMETRIC_REPRESENTATION_CONTEXT() REPRESENTATION_CONTEXT('2D SPACE',''
  ) );
#2343 = ORIENTED_EDGE('',*,*,#2344,.F.);
#2344 = EDGE_CURVE('',#2345,#2310,#2347,.T.);
#2345 = VERTEX_POINT('',#2346);
#2346 = CARTESIAN_POINT('',(-13.4700615989,-15.510381086,41.));
#2347 = SURFACE_CURVE('',#2348,(#2353,#2360),.PCURVE_S1.);
#2348 = ELLIPSE('',#2349,5.613251344129,4.3);
#2349 = AXIS2_PLACEMENT_3D('',#2350,#2351,#2352);
#2350 = CARTESIAN_POINT('',(-11.25,-19.48672695842,41.));
#2351 = DIRECTION('',(0.,1.110223024625E-16,1.));
#2352 = DIRECTION('',(-0.5,-0.866025403784,9.614813431918E-17));
#2353 = PCURVE('',#144,#2354);
#2354 = DEFINITIONAL_REPRESENTATION('',(#2355),#2359);
#2355 = ELLIPSE('',#2356,5.613251344129,4.3);
#2356 = AXIS2_PLACEMENT_2D('',#2357,#2358);
#2357 = CARTESIAN_POINT('',(19.48557158515,-11.25));
#2358 = DIRECTION('',(0.866025403784,-0.5));
#2359 = ( GEOMETRIC_REPRESENTATION_CONTEXT(2) 
PARAMETRIC_REPRESENTATION_CONTEXT() REPRESENTATION_CONTEXT('2D SPACE',''
  ) );
#2360 = PCURVE('',#2326,#2361);
#2361 = DEFINITIONAL_REPRESENTATION('',(#2362),#2377);
#2362 = B_SPLINE_CURVE_WITH_KNOTS('',7,(#2363,#2364,#2365,#2366,#2367,
    #2368,#2369,#2370,#2371,#2372,#2373,#2374,#2375,#2376),
  .UNSPECIFIED.,.F.,.F.,(8,6,8),(4.283645694221,5.491621541365,
    6.699597388509),.UNSPECIFIED.);
#2363 = CARTESIAN_POINT('',(3.867233612891,-5.999999999062E-07));
#2364 = CARTESIAN_POINT('',(4.039801591054,0.566290333857));
#2365 = CARTESIAN_POINT('',(4.212369569218,1.184695697144));
#2366 = CARTESIAN_POINT('',(4.384937547383,1.827671556351));
#2367 = CARTESIAN_POINT('',(4.557505525544,2.46386944625));
#2368 = CARTESIAN_POINT('',(4.730073503709,3.061491515705));
#2369 = CARTESIAN_POINT('',(4.902641481872,3.5925687641));
#2370 = CARTESIAN_POINT('',(5.247777438199,4.47853758714));
#2371 = CARTESIAN_POINT('',(5.420345416361,4.833428701069));
#2372 = CARTESIAN_POINT('',(5.592913394531,5.078684502515));
#2373 = CARTESIAN_POINT('',(5.765481372687,5.199166605235));
#2374 = CARTESIAN_POINT('',(5.938049350853,5.188853184864));
#2375 = CARTESIAN_POINT('',(6.110617329016,5.051649184176));
#2376 = CARTESIAN_POINT('',(6.28318530718,4.799799666014));
#2377 = ( GEOMETRIC_REPRESENTATION_CONTEXT(2) 
PARAMETRIC_REPRESENTATION_CONTEXT() REPRESENTATION_CONTEXT('2D SPACE',''
  ) );
#2378 = ORIENTED_EDGE('',*,*,#2379,.F.);
#2379 = EDGE_CURVE('',#2249,#2345,#2380,.T.);
#2380 = SURFACE_CURVE('',#2381,(#2385,#2391),.PCURVE_S1.);
#2381 = LINE('',#2382,#2383);
#2382 = CARTESIAN_POINT('',(-10.08320712985,-17.46578242542,41.));
#2383 = VECTOR('',#2384,1.);
#2384 = DIRECTION('',(0.866025403784,-0.5,5.551115123126E-17));
#2385 = PCURVE('',#144,#2386);
#2386 = DEFINITIONAL_REPRESENTATION('',(#2387),#2390);
#2387 = B_SPLINE_CURVE_WITH_KNOTS('',1,(#2388,#2389),.UNSPECIFIED.,.F.,
  .F.,(2,2),(-6.039131362625,4.45787945041),.PIECEWISE_BEZIER_KNOTS.);
#2388 = CARTESIAN_POINT('',(14.445061370837,-15.31324830667));
#2389 = CARTESIAN_POINT('',(19.693566777354,-6.222570278791));
#2390 = ( GEOMETRIC_REPRESENTATION_CONTEXT(2) 
PARAMETRIC_REPRESENTATION_CONTEXT() REPRESENTATION_CONTEXT('2D SPACE',''
  ) );
#2391 = PCURVE('',#2298,#2392);
#2392 = DEFINITIONAL_REPRESENTATION('',(#2393),#2396);
#2393 = B_SPLINE_CURVE_WITH_KNOTS('',1,(#2394,#2395),.UNSPECIFIED.,.F.,
  .F.,(2,2),(-6.039131362625,4.45787945041),.PIECEWISE_BEZIER_KNOTS.);
#2394 = CARTESIAN_POINT('',(-4.077588751005,-4.8));
#2395 = CARTESIAN_POINT('',(0.168260517276,4.8));
#2396 = ( GEOMETRIC_REPRESENTATION_CONTEXT(2) 
PARAMETRIC_REPRESENTATION_CONTEXT() REPRESENTATION_CONTEXT('2D SPACE',''
  ) );
#2397 = FACE_BOUND('',#2398,.T.);
#2398 = EDGE_LOOP('',(#2399,#2436,#2462,#2504,#2525));
#2399 = ORIENTED_EDGE('',*,*,#2400,.F.);
#2400 = EDGE_CURVE('',#2401,#2403,#2405,.T.);
#2401 = VERTEX_POINT('',#2402);
#2402 = CARTESIAN_POINT('',(6.225321284663,19.690823110103,41.));
#2403 = VERTEX_POINT('',#2404);
#2404 = CARTESIAN_POINT('',(10.06614678711,13.55089753059,41.));
#2405 = SURFACE_CURVE('',#2406,(#2411,#2418),.PCURVE_S1.);
#2406 = ELLIPSE('',#2407,6.265954988795,4.8);
#2407 = AXIS2_PLACEMENT_3D('',#2408,#2409,#2410);
#2408 = CARTESIAN_POINT('',(11.25,19.484416211879,41.));
#2409 = DIRECTION('',(0.,1.110223024625E-16,1.));
#2410 = DIRECTION('',(0.5,0.866025403784,-9.614813431918E-17));
#2411 = PCURVE('',#144,#2412);
#2412 = DEFINITIONAL_REPRESENTATION('',(#2413),#2417);
#2413 = ELLIPSE('',#2414,6.265954988795,4.8);
#2414 = AXIS2_PLACEMENT_2D('',#2415,#2416);
#2415 = CARTESIAN_POINT('',(-19.48557158515,11.25));
#2416 = DIRECTION('',(-0.866025403784,0.5));
#2417 = ( GEOMETRIC_REPRESENTATION_CONTEXT(2) 
PARAMETRIC_REPRESENTATION_CONTEXT() REPRESENTATION_CONTEXT('2D SPACE',''
  ) );
#2418 = PCURVE('',#2419,#2424);
#2419 = CYLINDRICAL_SURFACE('',#2420,4.8);
#2420 = AXIS2_PLACEMENT_3D('',#2421,#2422,#2423);
#2421 = CARTESIAN_POINT('',(9.160940268519,15.866058616907,
    36.020711119727));
#2422 = DIRECTION('',(0.321393804843,0.556670399226,0.766044443119));
#2423 = DIRECTION('',(-2.775557561563E-17,-0.808963493304,0.587858883153
    ));
#2424 = DEFINITIONAL_REPRESENTATION('',(#2425),#2435);
#2425 = B_SPLINE_CURVE_WITH_KNOTS('',8,(#2426,#2427,#2428,#2429,#2430,
    #2431,#2432,#2433,#2434),.UNSPECIFIED.,.F.,.F.,(9,9),(1.952414635071
    ,3.55800473492),.PIECEWISE_BEZIER_KNOTS.);
#2426 = CARTESIAN_POINT('',(4.677595207331,5.0000006));
#2427 = CARTESIAN_POINT('',(4.878293969812,4.249800714));
#2428 = CARTESIAN_POINT('',(5.078992732293,3.568652086611));
#2429 = CARTESIAN_POINT('',(5.279691494778,3.002602488684));
#2430 = CARTESIAN_POINT('',(5.480390257257,2.591759288089));
#2431 = CARTESIAN_POINT('',(5.681089019739,2.364383706124));
#2432 = CARTESIAN_POINT('',(5.881787782217,2.332144268835));
#2433 = CARTESIAN_POINT('',(6.082486544698,2.489539863788));
#2434 = CARTESIAN_POINT('',(6.28318530718,2.816502698403));
#2435 = ( GEOMETRIC_REPRESENTATION_CONTEXT(2) 
PARAMETRIC_REPRESENTATION_CONTEXT() REPRESENTATION_CONTEXT('2D SPACE',''
  ) );
#2436 = ORIENTED_EDGE('',*,*,#2437,.F.);
#2437 = EDGE_CURVE('',#2438,#2401,#2440,.T.);
#2438 = VERTEX_POINT('',#2439);
#2439 = CARTESIAN_POINT('',(6.696352660803,19.418873018291,41.));
#2440 = SURFACE_CURVE('',#2441,(#2445,#2451),.PCURVE_S1.);
#2441 = LINE('',#2442,#2443);
#2442 = CARTESIAN_POINT('',(10.083207129855,17.463471678878,41.));
#2443 = VECTOR('',#2444,1.);
#2444 = DIRECTION('',(-0.866025403784,0.5,-5.551115123126E-17));
#2445 = PCURVE('',#144,#2446);
#2446 = DEFINITIONAL_REPRESENTATION('',(#2447),#2450);
#2447 = B_SPLINE_CURVE_WITH_KNOTS('',1,(#2448,#2449),.UNSPECIFIED.,.F.,
  .F.,(2,2),(-6.039131362625,4.45787945041),.PIECEWISE_BEZIER_KNOTS.);
#2448 = CARTESIAN_POINT('',(-14.44506137083,15.313248306679));
#2449 = CARTESIAN_POINT('',(-19.69356677735,6.222570278791));
#2450 = ( GEOMETRIC_REPRESENTATION_CONTEXT(2) 
PARAMETRIC_REPRESENTATION_CONTEXT() REPRESENTATION_CONTEXT('2D SPACE',''
  ) );
#2451 = PCURVE('',#2452,#2457);
#2452 = PLANE('',#2453);
#2453 = AXIS2_PLACEMENT_3D('',#2454,#2455,#2456);
#2454 = CARTESIAN_POINT('',(10.767909292735,18.649410613039,
    39.850933335322));
#2455 = DIRECTION('',(0.321393804843,0.556670399226,0.766044443119));
#2456 = DIRECTION('',(-2.775557561563E-17,-0.808963493304,0.587858883153
    ));
#2457 = DEFINITIONAL_REPRESENTATION('',(#2458),#2461);
#2458 = B_SPLINE_CURVE_WITH_KNOTS('',1,(#2459,#2460),.UNSPECIFIED.,.F.,
  .F.,(2,2),(-6.039131362625,4.45787945041),.PIECEWISE_BEZIER_KNOTS.);
#2459 = CARTESIAN_POINT('',(4.077588751005,4.8));
#2460 = CARTESIAN_POINT('',(-0.168260517276,-4.8));
#2461 = ( GEOMETRIC_REPRESENTATION_CONTEXT(2) 
PARAMETRIC_REPRESENTATION_CONTEXT() REPRESENTATION_CONTEXT('2D SPACE',''
  ) );
#2462 = ORIENTED_EDGE('',*,*,#2463,.F.);
#2463 = EDGE_CURVE('',#2464,#2438,#2466,.T.);
#2464 = VERTEX_POINT('',#2465);
#2465 = CARTESIAN_POINT('',(13.470061598906,15.508070339465,41.));
#2466 = SURFACE_CURVE('',#2467,(#2472,#2479),.PCURVE_S1.);
#2467 = ELLIPSE('',#2468,5.613251344129,4.3);
#2468 = AXIS2_PLACEMENT_3D('',#2469,#2470,#2471);
#2469 = CARTESIAN_POINT('',(11.25,19.484416211879,41.));
#2470 = DIRECTION('',(0.,1.110223024625E-16,1.));
#2471 = DIRECTION('',(0.5,0.866025403784,-9.614813431918E-17));
#2472 = PCURVE('',#144,#2473);
#2473 = DEFINITIONAL_REPRESENTATION('',(#2474),#2478);
#2474 = ELLIPSE('',#2475,5.613251344129,4.3);
#2475 = AXIS2_PLACEMENT_2D('',#2476,#2477);
#2476 = CARTESIAN_POINT('',(-19.48557158515,11.25));
#2477 = DIRECTION('',(-0.866025403784,0.5));
#2478 = ( GEOMETRIC_REPRESENTATION_CONTEXT(2) 
PARAMETRIC_REPRESENTATION_CONTEXT() REPRESENTATION_CONTEXT('2D SPACE',''
  ) );
#2479 = PCURVE('',#2480,#2485);
#2480 = CYLINDRICAL_SURFACE('',#2481,4.3);
#2481 = AXIS2_PLACEMENT_3D('',#2482,#2483,#2484);
#2482 = CARTESIAN_POINT('',(10.767909292735,18.649410613039,
    39.850933335322));
#2483 = DIRECTION('',(0.321393804843,0.556670399226,0.766044443119));
#2484 = DIRECTION('',(-2.775557561563E-17,-0.808963493304,0.587858883153
    ));
#2485 = DEFINITIONAL_REPRESENTATION('',(#2486),#2503);
#2486 = B_SPLINE_CURVE_WITH_KNOTS('',8,(#2487,#2488,#2489,#2490,#2491,
    #2492,#2493,#2494,#2495,#2496,#2497,#2498,#2499,#2500,#2501,#2502),
  .UNSPECIFIED.,.F.,.F.,(9,7,9),(4.283645694221,6.28318530718,
    8.282724920139),.UNSPECIFIED.);
#2487 = CARTESIAN_POINT('',(0.725640959301,-6.000000070117E-07));
#2488 = CARTESIAN_POINT('',(0.975583410921,0.820198754739));
#2489 = CARTESIAN_POINT('',(1.22552586254,1.747493406822));
#2490 = CARTESIAN_POINT('',(1.475468314159,2.703789363337));
#2491 = CARTESIAN_POINT('',(1.725410765785,3.596804621106));
#2492 = CARTESIAN_POINT('',(1.975353217393,4.335323308562));
#2493 = CARTESIAN_POINT('',(2.225295669019,4.850522015037));
#2494 = CARTESIAN_POINT('',(2.47523812064,5.108128414062));
#2495 = CARTESIAN_POINT('',(2.97512302388,5.108128414062));
#2496 = CARTESIAN_POINT('',(3.225065475503,4.85052201504));
#2497 = CARTESIAN_POINT('',(3.475007927102,4.335323308555));
#2498 = CARTESIAN_POINT('',(3.724950378746,3.59680462112));
#2499 = CARTESIAN_POINT('',(3.974892830334,2.703789363337));
#2500 = CARTESIAN_POINT('',(4.224835281983,1.747493406824));
#2501 = CARTESIAN_POINT('',(4.474777733599,0.820198754739));
#2502 = CARTESIAN_POINT('',(4.724720185219,-5.999999999062E-07));
#2503 = ( GEOMETRIC_REPRESENTATION_CONTEXT(2) 
PARAMETRIC_REPRESENTATION_CONTEXT() REPRESENTATION_CONTEXT('2D SPACE',''
  ) );
#2504 = ORIENTED_EDGE('',*,*,#2505,.F.);
#2505 = EDGE_CURVE('',#2506,#2464,#2508,.T.);
#2506 = VERTEX_POINT('',#2507);
#2507 = CARTESIAN_POINT('',(13.941092975047,15.236120247653,41.));
#2508 = SURFACE_CURVE('',#2509,(#2513,#2519),.PCURVE_S1.);
#2509 = LINE('',#2510,#2511);
#2510 = CARTESIAN_POINT('',(10.083207129855,17.463471678878,41.));
#2511 = VECTOR('',#2512,1.);
#2512 = DIRECTION('',(-0.866025403784,0.5,-5.551115123126E-17));
#2513 = PCURVE('',#144,#2514);
#2514 = DEFINITIONAL_REPRESENTATION('',(#2515),#2518);
#2515 = B_SPLINE_CURVE_WITH_KNOTS('',1,(#2516,#2517),.UNSPECIFIED.,.F.,
  .F.,(2,2),(-6.039131362625,4.45787945041),.PIECEWISE_BEZIER_KNOTS.);
#2516 = CARTESIAN_POINT('',(-14.44506137083,15.313248306679));
#2517 = CARTESIAN_POINT('',(-19.69356677735,6.222570278791));
#2518 = ( GEOMETRIC_REPRESENTATION_CONTEXT(2) 
PARAMETRIC_REPRESENTATION_CONTEXT() REPRESENTATION_CONTEXT('2D SPACE',''
  ) );
#2519 = PCURVE('',#2452,#2520);
#2520 = DEFINITIONAL_REPRESENTATION('',(#2521),#2524);
#2521 = B_SPLINE_CURVE_WITH_KNOTS('',1,(#2522,#2523),.UNSPECIFIED.,.F.,
  .F.,(2,2),(-6.039131362625,4.45787945041),.PIECEWISE_BEZIER_KNOTS.);
#2522 = CARTESIAN_POINT('',(4.077588751005,4.8));
#2523 = CARTESIAN_POINT('',(-0.168260517276,-4.8));
#2524 = ( GEOMETRIC_REPRESENTATION_CONTEXT(2) 
PARAMETRIC_REPRESENTATION_CONTEXT() REPRESENTATION_CONTEXT('2D SPACE',''
  ) );
#2525 = ORIENTED_EDGE('',*,*,#2526,.F.);
#2526 = EDGE_CURVE('',#2403,#2506,#2527,.T.);
#2527 = SURFACE_CURVE('',#2528,(#2533,#2540),.PCURVE_S1.);
#2528 = ELLIPSE('',#2529,6.265954988795,4.8);
#2529 = AXIS2_PLACEMENT_3D('',#2530,#2531,#2532);
#2530 = CARTESIAN_POINT('',(11.25,19.484416211879,41.));
#2531 = DIRECTION('',(0.,1.110223024625E-16,1.));
#2532 = DIRECTION('',(0.5,0.866025403784,-9.614813431918E-17));
#2533 = PCURVE('',#144,#2534);
#2534 = DEFINITIONAL_REPRESENTATION('',(#2535),#2539);
#2535 = ELLIPSE('',#2536,6.265954988795,4.8);
#2536 = AXIS2_PLACEMENT_2D('',#2537,#2538);
#2537 = CARTESIAN_POINT('',(-19.48557158515,11.25));
#2538 = DIRECTION('',(-0.866025403784,0.5));
#2539 = ( GEOMETRIC_REPRESENTATION_CONTEXT(2) 
PARAMETRIC_REPRESENTATION_CONTEXT() REPRESENTATION_CONTEXT('2D SPACE',''
  ) );
#2540 = PCURVE('',#2419,#2541);
#2541 = DEFINITIONAL_REPRESENTATION('',(#2542),#2550);
#2542 = B_SPLINE_CURVE_WITH_KNOTS('',6,(#2543,#2544,#2545,#2546,#2547,
    #2548,#2549),.UNSPECIFIED.,.F.,.F.,(7,7),(3.55800473492,
    4.330770672109),.PIECEWISE_BEZIER_KNOTS.);
#2543 = CARTESIAN_POINT('',(4.625929269271E-16,2.816502698403));
#2544 = CARTESIAN_POINT('',(0.128794322865,3.026324405152));
#2545 = CARTESIAN_POINT('',(0.25758864573,3.309467710688));
#2546 = CARTESIAN_POINT('',(0.386382968595,3.659671472325));
#2547 = CARTESIAN_POINT('',(0.515177291459,4.067008667738));
#2548 = CARTESIAN_POINT('',(0.643971614324,4.518575178457));
#2549 = CARTESIAN_POINT('',(0.772765937189,5.0000006));
#2550 = ( GEOMETRIC_REPRESENTATION_CONTEXT(2) 
PARAMETRIC_REPRESENTATION_CONTEXT() REPRESENTATION_CONTEXT('2D SPACE',''
  ) );
#2551 = FACE_BOUND('',#2552,.T.);
#2552 = EDGE_LOOP('',(#2553));
#2553 = ORIENTED_EDGE('',*,*,#2554,.F.);
#2554 = EDGE_CURVE('',#2555,#2555,#2557,.T.);
#2555 = VERTEX_POINT('',#2556);
#2556 = CARTESIAN_POINT('',(-3.066976183798E-15,-12.5230359103,41.));
#2557 = SURFACE_CURVE('',#2558,(#2563,#2570),.PCURVE_S1.);
#2558 = CIRCLE('',#2559,12.521880537037);
#2559 = AXIS2_PLACEMENT_3D('',#2560,#2561,#2562);
#2560 = CARTESIAN_POINT('',(0.,-1.155373271059E-03,41.));
#2561 = DIRECTION('',(-0.,1.110223024625E-16,1.));
#2562 = DIRECTION('',(0.,-1.,1.110223024625E-16));
#2563 = PCURVE('',#144,#2564);
#2564 = DEFINITIONAL_REPRESENTATION('',(#2565),#2569);
#2565 = CIRCLE('',#2566,12.521880537037);
#2566 = AXIS2_PLACEMENT_2D('',#2567,#2568);
#2567 = CARTESIAN_POINT('',(0.,0.));
#2568 = DIRECTION('',(1.,0.));
#2569 = ( GEOMETRIC_REPRESENTATION_CONTEXT(2) 
PARAMETRIC_REPRESENTATION_CONTEXT() REPRESENTATION_CONTEXT('2D SPACE',''
  ) );
#2570 = PCURVE('',#2571,#2576);
#2571 = CYLINDRICAL_SURFACE('',#2572,12.521880537037);
#2572 = AXIS2_PLACEMENT_3D('',#2573,#2574,#2575);
#2573 = CARTESIAN_POINT('',(0.,-1.15537327106E-03,35.020711119727));
#2574 = DIRECTION('',(0.,1.110223024625E-16,1.));
#2575 = DIRECTION('',(0.,-1.,1.110223024625E-16));
#2576 = DEFINITIONAL_REPRESENTATION('',(#2577),#2581);
#2577 = LINE('',#2578,#2579);
#2578 = CARTESIAN_POINT('',(0.,5.979288880273));
#2579 = VECTOR('',#2580,1.);
#2580 = DIRECTION('',(1.,0.));
#2581 = ( GEOMETRIC_REPRESENTATION_CONTEXT(2) 
PARAMETRIC_REPRESENTATION_CONTEXT() REPRESENTATION_CONTEXT('2D SPACE',''
  ) );
#2582 = FACE_BOUND('',#2583,.T.);
#2583 = EDGE_LOOP('',(#2584,#2621,#2647,#2687,#2717));
#2584 = ORIENTED_EDGE('',*,*,#2585,.F.);
#2585 = EDGE_CURVE('',#2586,#2588,#2590,.T.);
#2586 = VERTEX_POINT('',#2587);
#2587 = CARTESIAN_POINT('',(13.941092975047,-15.23843099419,41.));
#2588 = VERTEX_POINT('',#2589);
#2589 = CARTESIAN_POINT('',(6.225321284663,-19.69313385664,41.));
#2590 = SURFACE_CURVE('',#2591,(#2596,#2603),.PCURVE_S1.);
#2591 = ELLIPSE('',#2592,6.265954988795,4.8);
#2592 = AXIS2_PLACEMENT_3D('',#2593,#2594,#2595);
#2593 = CARTESIAN_POINT('',(11.25,-19.48672695842,41.));
#2594 = DIRECTION('',(0.,1.110223024625E-16,1.));
#2595 = DIRECTION('',(0.5,-0.866025403784,9.614813431918E-17));
#2596 = PCURVE('',#144,#2597);
#2597 = DEFINITIONAL_REPRESENTATION('',(#2598),#2602);
#2598 = ELLIPSE('',#2599,6.265954988795,4.8);
#2599 = AXIS2_PLACEMENT_2D('',#2600,#2601);
#2600 = CARTESIAN_POINT('',(19.48557158515,11.25));
#2601 = DIRECTION('',(0.866025403784,0.5));
#2602 = ( GEOMETRIC_REPRESENTATION_CONTEXT(2) 
PARAMETRIC_REPRESENTATION_CONTEXT() REPRESENTATION_CONTEXT('2D SPACE',''
  ) );
#2603 = PCURVE('',#2604,#2609);
#2604 = CYLINDRICAL_SURFACE('',#2605,4.8);
#2605 = AXIS2_PLACEMENT_3D('',#2606,#2607,#2608);
#2606 = CARTESIAN_POINT('',(9.160940268519,-15.86836936344,
    36.020711119727));
#2607 = DIRECTION('',(0.321393804843,-0.556670399226,0.766044443119));
#2608 = DIRECTION('',(2.775557561563E-17,-0.808963493304,-0.587858883153
    ));
#2609 = DEFINITIONAL_REPRESENTATION('',(#2610),#2620);
#2610 = B_SPLINE_CURVE_WITH_KNOTS('',8,(#2611,#2612,#2613,#2614,#2615,
    #2616,#2617,#2618,#2619),.UNSPECIFIED.,.F.,.F.,(9,9),(1.952414635071
    ,4.330770672109),.PIECEWISE_BEZIER_KNOTS.);
#2611 = CARTESIAN_POINT('',(2.368826716401,5.0000006));
#2612 = CARTESIAN_POINT('',(2.66612122103,3.888731647843));
#2613 = CARTESIAN_POINT('',(2.963415725661,2.928977297727));
#2614 = CARTESIAN_POINT('',(3.260710230274,2.270413165953));
#2615 = CARTESIAN_POINT('',(3.558004734918,2.034081034839));
#2616 = CARTESIAN_POINT('',(3.855299239529,2.270413165952));
#2617 = CARTESIAN_POINT('',(4.152593744181,2.928977297728));
#2618 = CARTESIAN_POINT('',(4.449888248809,3.888731647843));
#2619 = CARTESIAN_POINT('',(4.747182753439,5.0000006));
#2620 = ( GEOMETRIC_REPRESENTATION_CONTEXT(2) 
PARAMETRIC_REPRESENTATION_CONTEXT() REPRESENTATION_CONTEXT('2D SPACE',''
  ) );
#2621 = ORIENTED_EDGE('',*,*,#2622,.F.);
#2622 = EDGE_CURVE('',#2623,#2586,#2625,.T.);
#2623 = VERTEX_POINT('',#2624);
#2624 = CARTESIAN_POINT('',(13.470061598906,-15.510381086,41.));
#2625 = SURFACE_CURVE('',#2626,(#2630,#2636),.PCURVE_S1.);
#2626 = LINE('',#2627,#2628);
#2627 = CARTESIAN_POINT('',(10.083207129855,-17.46578242542,41.));
#2628 = VECTOR('',#2629,1.);
#2629 = DIRECTION('',(0.866025403784,0.5,-5.551115123126E-17));
#2630 = PCURVE('',#144,#2631);
#2631 = DEFINITIONAL_REPRESENTATION('',(#2632),#2635);
#2632 = B_SPLINE_CURVE_WITH_KNOTS('',1,(#2633,#2634),.UNSPECIFIED.,.F.,
  .F.,(2,2),(-4.45787945041,6.039131362625),.PIECEWISE_BEZIER_KNOTS.);
#2633 = CARTESIAN_POINT('',(19.693566777354,6.222570278791));
#2634 = CARTESIAN_POINT('',(14.445061370837,15.313248306679));
#2635 = ( GEOMETRIC_REPRESENTATION_CONTEXT(2) 
PARAMETRIC_REPRESENTATION_CONTEXT() REPRESENTATION_CONTEXT('2D SPACE',''
  ) );
#2636 = PCURVE('',#2637,#2642);
#2637 = PLANE('',#2638);
#2638 = AXIS2_PLACEMENT_3D('',#2639,#2640,#2641);
#2639 = CARTESIAN_POINT('',(10.767909292735,-18.65172135958,
    39.850933335322));
#2640 = DIRECTION('',(0.321393804843,-0.556670399226,0.766044443119));
#2641 = DIRECTION('',(2.775557561563E-17,-0.808963493304,-0.587858883153
    ));
#2642 = DEFINITIONAL_REPRESENTATION('',(#2643),#2646);
#2643 = B_SPLINE_CURVE_WITH_KNOTS('',1,(#2644,#2645),.UNSPECIFIED.,.F.,
  .F.,(2,2),(-4.45787945041,6.039131362625),.PIECEWISE_BEZIER_KNOTS.);
#2644 = CARTESIAN_POINT('',(0.168260517276,-4.8));
#2645 = CARTESIAN_POINT('',(-4.077588751005,4.8));
#2646 = ( GEOMETRIC_REPRESENTATION_CONTEXT(2) 
PARAMETRIC_REPRESENTATION_CONTEXT() REPRESENTATION_CONTEXT('2D SPACE',''
  ) );
#2647 = ORIENTED_EDGE('',*,*,#2648,.F.);
#2648 = EDGE_CURVE('',#2649,#2623,#2651,.T.);
#2649 = VERTEX_POINT('',#2650);
#2650 = CARTESIAN_POINT('',(12.310535169881,-24.80217077707,41.));
#2651 = SURFACE_CURVE('',#2652,(#2657,#2664),.PCURVE_S1.);
#2652 = ELLIPSE('',#2653,5.613251344129,4.3);
#2653 = AXIS2_PLACEMENT_3D('',#2654,#2655,#2656);
#2654 = CARTESIAN_POINT('',(11.25,-19.48672695842,41.));
#2655 = DIRECTION('',(0.,1.110223024625E-16,1.));
#2656 = DIRECTION('',(0.5,-0.866025403784,9.614813431918E-17));
#2657 = PCURVE('',#144,#2658);
#2658 = DEFINITIONAL_REPRESENTATION('',(#2659),#2663);
#2659 = ELLIPSE('',#2660,5.613251344129,4.3);
#2660 = AXIS2_PLACEMENT_2D('',#2661,#2662);
#2661 = CARTESIAN_POINT('',(19.48557158515,11.25));
#2662 = DIRECTION('',(0.866025403784,0.5));
#2663 = ( GEOMETRIC_REPRESENTATION_CONTEXT(2) 
PARAMETRIC_REPRESENTATION_CONTEXT() REPRESENTATION_CONTEXT('2D SPACE',''
  ) );
#2664 = PCURVE('',#2665,#2670);
#2665 = CYLINDRICAL_SURFACE('',#2666,4.3);
#2666 = AXIS2_PLACEMENT_3D('',#2667,#2668,#2669);
#2667 = CARTESIAN_POINT('',(10.767909292735,-18.65172135958,
    39.850933335322));
#2668 = DIRECTION('',(0.321393804843,-0.556670399226,0.766044443119));
#2669 = DIRECTION('',(2.775557561563E-17,-0.808963493304,-0.587858883153
    ));
#2670 = DEFINITIONAL_REPRESENTATION('',(#2671),#2686);
#2671 = B_SPLINE_CURVE_WITH_KNOTS('',7,(#2672,#2673,#2674,#2675,#2676,
    #2677,#2678,#2679,#2680,#2681,#2682,#2683,#2684,#2685),
  .UNSPECIFIED.,.F.,.F.,(8,6,8),(5.86677322585,7.074749072994,
    8.282724920139),.UNSPECIFIED.);
#2672 = CARTESIAN_POINT('',(-8.881784197001E-16,4.799799666014));
#2673 = CARTESIAN_POINT('',(0.172567978163,5.051649184176));
#2674 = CARTESIAN_POINT('',(0.345135956327,5.188853184864));
#2675 = CARTESIAN_POINT('',(0.51770393449,5.199166605237));
#2676 = CARTESIAN_POINT('',(0.690271912654,5.078684502513));
#2677 = CARTESIAN_POINT('',(0.862839890817,4.83342870107));
#2678 = CARTESIAN_POINT('',(1.035407868981,4.47853758714));
#2679 = CARTESIAN_POINT('',(1.380543825308,3.5925687641));
#2680 = CARTESIAN_POINT('',(1.553111803471,3.061491515705));
#2681 = CARTESIAN_POINT('',(1.725679781635,2.46386944625));
#2682 = CARTESIAN_POINT('',(1.898247759799,1.82767155635));
#2683 = CARTESIAN_POINT('',(2.070815737962,1.184695697145));
#2684 = CARTESIAN_POINT('',(2.243383716125,0.566290333857));
#2685 = CARTESIAN_POINT('',(2.415951694289,-5.999999999062E-07));
#2686 = ( GEOMETRIC_REPRESENTATION_CONTEXT(2) 
PARAMETRIC_REPRESENTATION_CONTEXT() REPRESENTATION_CONTEXT('2D SPACE',''
  ) );
#2687 = ORIENTED_EDGE('',*,*,#2688,.F.);
#2688 = EDGE_CURVE('',#2689,#2649,#2691,.T.);
#2689 = VERTEX_POINT('',#2690);
#2690 = CARTESIAN_POINT('',(6.696352660803,-19.42118376483,41.));
#2691 = SURFACE_CURVE('',#2692,(#2697,#2704),.PCURVE_S1.);
#2692 = ELLIPSE('',#2693,5.613251344129,4.3);
#2693 = AXIS2_PLACEMENT_3D('',#2694,#2695,#2696);
#2694 = CARTESIAN_POINT('',(11.25,-19.48672695842,41.));
#2695 = DIRECTION('',(0.,1.110223024625E-16,1.));
#2696 = DIRECTION('',(0.5,-0.866025403784,9.614813431918E-17));
#2697 = PCURVE('',#144,#2698);
#2698 = DEFINITIONAL_REPRESENTATION('',(#2699),#2703);
#2699 = ELLIPSE('',#2700,5.613251344129,4.3);
#2700 = AXIS2_PLACEMENT_2D('',#2701,#2702);
#2701 = CARTESIAN_POINT('',(19.48557158515,11.25));
#2702 = DIRECTION('',(0.866025403784,0.5));
#2703 = ( GEOMETRIC_REPRESENTATION_CONTEXT(2) 
PARAMETRIC_REPRESENTATION_CONTEXT() REPRESENTATION_CONTEXT('2D SPACE',''
  ) );
#2704 = PCURVE('',#2665,#2705);
#2705 = DEFINITIONAL_REPRESENTATION('',(#2706),#2716);
#2706 = B_SPLINE_CURVE_WITH_KNOTS('',8,(#2707,#2708,#2709,#2710,#2711,
    #2712,#2713,#2714,#2715),.UNSPECIFIED.,.F.,.F.,(9,9),(4.283645694221
    ,5.86677322585),.PIECEWISE_BEZIER_KNOTS.);
#2707 = CARTESIAN_POINT('',(-1.583127531629,-6.000000070117E-07));
#2708 = CARTESIAN_POINT('',(-1.385236590176,0.649388975228));
#2709 = CARTESIAN_POINT('',(-1.187345648722,1.365911650991));
#2710 = CARTESIAN_POINT('',(-0.989454707268,2.110813883921));
#2711 = CARTESIAN_POINT('',(-0.791563765811,2.839744886784));
#2712 = CARTESIAN_POINT('',(-0.593672824368,3.507566036313));
#2713 = CARTESIAN_POINT('',(-0.395781882906,4.074503336445));
#2714 = CARTESIAN_POINT('',(-0.197890941454,4.510993256018));
#2715 = CARTESIAN_POINT('',(-8.881784197001E-16,4.799799666014));
#2716 = ( GEOMETRIC_REPRESENTATION_CONTEXT(2) 
PARAMETRIC_REPRESENTATION_CONTEXT() REPRESENTATION_CONTEXT('2D SPACE',''
  ) );
#2717 = ORIENTED_EDGE('',*,*,#2718,.F.);
#2718 = EDGE_CURVE('',#2588,#2689,#2719,.T.);
#2719 = SURFACE_CURVE('',#2720,(#2724,#2730),.PCURVE_S1.);
#2720 = LINE('',#2721,#2722);
#2721 = CARTESIAN_POINT('',(10.083207129855,-17.46578242542,41.));
#2722 = VECTOR('',#2723,1.);
#2723 = DIRECTION('',(0.866025403784,0.5,-5.551115123126E-17));
#2724 = PCURVE('',#144,#2725);
#2725 = DEFINITIONAL_REPRESENTATION('',(#2726),#2729);
#2726 = B_SPLINE_CURVE_WITH_KNOTS('',1,(#2727,#2728),.UNSPECIFIED.,.F.,
  .F.,(2,2),(-4.45787945041,6.039131362625),.PIECEWISE_BEZIER_KNOTS.);
#2727 = CARTESIAN_POINT('',(19.693566777354,6.222570278791));
#2728 = CARTESIAN_POINT('',(14.445061370837,15.313248306679));
#2729 = ( GEOMETRIC_REPRESENTATION_CONTEXT(2) 
PARAMETRIC_REPRESENTATION_CONTEXT() REPRESENTATION_CONTEXT('2D SPACE',''
  ) );
#2730 = PCURVE('',#2637,#2731);
#2731 = DEFINITIONAL_REPRESENTATION('',(#2732),#2735);
#2732 = B_SPLINE_CURVE_WITH_KNOTS('',1,(#2733,#2734),.UNSPECIFIED.,.F.,
  .F.,(2,2),(-4.45787945041,6.039131362625),.PIECEWISE_BEZIER_KNOTS.);
#2733 = CARTESIAN_POINT('',(0.168260517276,-4.8));
#2734 = CARTESIAN_POINT('',(-4.077588751005,4.8));
#2735 = ( GEOMETRIC_REPRESENTATION_CONTEXT(2) 
PARAMETRIC_REPRESENTATION_CONTEXT() REPRESENTATION_CONTEXT('2D SPACE',''
  ) );
#2736 = FACE_BOUND('',#2737,.T.);
#2737 = EDGE_LOOP('',(#2738,#2775,#2801,#2836,#2866));
#2738 = ORIENTED_EDGE('',*,*,#2739,.F.);
#2739 = EDGE_CURVE('',#2740,#2742,#2744,.T.);
#2740 = VERTEX_POINT('',#2741);
#2741 = CARTESIAN_POINT('',(20.166414259709,4.453547489178,41.));
#2742 = VERTEX_POINT('',#2743);
#2743 = CARTESIAN_POINT('',(20.166414259709,-4.45585823572,41.));
#2744 = SURFACE_CURVE('',#2745,(#2750,#2757),.PCURVE_S1.);
#2745 = ELLIPSE('',#2746,6.265954988795,4.8);
#2746 = AXIS2_PLACEMENT_3D('',#2747,#2748,#2749);
#2747 = CARTESIAN_POINT('',(22.5,-1.155373271059E-03,41.));
#2748 = DIRECTION('',(-0.,1.110223024625E-16,1.));
#2749 = DIRECTION('',(1.,0.,0.));
#2750 = PCURVE('',#144,#2751);
#2751 = DEFINITIONAL_REPRESENTATION('',(#2752),#2756);
#2752 = ELLIPSE('',#2753,6.265954988795,4.8);
#2753 = AXIS2_PLACEMENT_2D('',#2754,#2755);
#2754 = CARTESIAN_POINT('',(0.,22.5));
#2755 = DIRECTION('',(0.,1.));
#2756 = ( GEOMETRIC_REPRESENTATION_CONTEXT(2) 
PARAMETRIC_REPRESENTATION_CONTEXT() REPRESENTATION_CONTEXT('2D SPACE',''
  ) );
#2757 = PCURVE('',#2758,#2763);
#2758 = CYLINDRICAL_SURFACE('',#2759,4.8);
#2759 = AXIS2_PLACEMENT_3D('',#2760,#2761,#2762);
#2760 = CARTESIAN_POINT('',(18.321880537037,-1.15537327106E-03,
    36.020711119727));
#2761 = DIRECTION('',(0.642787609687,8.504801786368E-17,0.766044443119)
  );
#2762 = DIRECTION('',(0.766044443119,-7.136376042178E-17,-0.642787609687
    ));
#2763 = DEFINITIONAL_REPRESENTATION('',(#2764),#2774);
#2764 = B_SPLINE_CURVE_WITH_KNOTS('',8,(#2765,#2766,#2767,#2768,#2769,
    #2770,#2771,#2772,#2773),.UNSPECIFIED.,.F.,.F.,(9,9),(1.952414635071
    ,4.330770672109),.PIECEWISE_BEZIER_KNOTS.);
#2765 = CARTESIAN_POINT('',(1.952414635071,5.0000006));
#2766 = CARTESIAN_POINT('',(2.2497091397,3.888731647843));
#2767 = CARTESIAN_POINT('',(2.547003644327,2.928977297727));
#2768 = CARTESIAN_POINT('',(2.844298148952,2.270413165959));
#2769 = CARTESIAN_POINT('',(3.141592653592,2.034081034833));
#2770 = CARTESIAN_POINT('',(3.43888715821,2.270413165961));
#2771 = CARTESIAN_POINT('',(3.736181662847,2.928977297726));
#2772 = CARTESIAN_POINT('',(4.033476167479,3.888731647843));
#2773 = CARTESIAN_POINT('',(4.330770672109,5.0000006));
#2774 = ( GEOMETRIC_REPRESENTATION_CONTEXT(2) 
PARAMETRIC_REPRESENTATION_CONTEXT() REPRESENTATION_CONTEXT('2D SPACE',''
  ) );
#2775 = ORIENTED_EDGE('',*,*,#2776,.F.);
#2776 = EDGE_CURVE('',#2777,#2740,#2779,.T.);
#2777 = VERTEX_POINT('',#2778);
#2778 = CARTESIAN_POINT('',(20.166414259709,3.909647305555,41.));
#2779 = SURFACE_CURVE('',#2780,(#2784,#2790),.PCURVE_S1.);
#2780 = LINE('',#2781,#2782);
#2781 = CARTESIAN_POINT('',(20.166414259709,-1.155373271059E-03,41.));
#2782 = VECTOR('',#2783,1.);
#2783 = DIRECTION('',(0.,1.,-1.110223024625E-16));
#2784 = PCURVE('',#144,#2785);
#2785 = DEFINITIONAL_REPRESENTATION('',(#2786),#2789);
#2786 = B_SPLINE_CURVE_WITH_KNOTS('',1,(#2787,#2788),.UNSPECIFIED.,.F.,
  .F.,(2,2),(-4.8,4.8),.PIECEWISE_BEZIER_KNOTS.);
#2787 = CARTESIAN_POINT('',(4.8,20.166414259709));
#2788 = CARTESIAN_POINT('',(-4.8,20.166414259709));
#2789 = ( GEOMETRIC_REPRESENTATION_CONTEXT(2) 
PARAMETRIC_REPRESENTATION_CONTEXT() REPRESENTATION_CONTEXT('2D SPACE',''
  ) );
#2790 = PCURVE('',#2791,#2796);
#2791 = PLANE('',#2792);
#2792 = AXIS2_PLACEMENT_3D('',#2793,#2794,#2795);
#2793 = CARTESIAN_POINT('',(21.53581858547,-1.15537327106E-03,
    39.850933335322));
#2794 = DIRECTION('',(0.642787609687,8.504801786368E-17,0.766044443119)
  );
#2795 = DIRECTION('',(0.766044443119,-7.136376042178E-17,-0.642787609687
    ));
#2796 = DEFINITIONAL_REPRESENTATION('',(#2797),#2800);
#2797 = B_SPLINE_CURVE_WITH_KNOTS('',1,(#2798,#2799),.UNSPECIFIED.,.F.,
  .F.,(2,2),(-4.8,4.8),.PIECEWISE_BEZIER_KNOTS.);
#2798 = CARTESIAN_POINT('',(-1.787630388891,-4.8));
#2799 = CARTESIAN_POINT('',(-1.787630388891,4.8));
#2800 = ( GEOMETRIC_REPRESENTATION_CONTEXT(2) 
PARAMETRIC_REPRESENTATION_CONTEXT() REPRESENTATION_CONTEXT('2D SPACE',''
  ) );
#2801 = ORIENTED_EDGE('',*,*,#2802,.F.);
#2802 = EDGE_CURVE('',#2803,#2777,#2805,.T.);
#2803 = VERTEX_POINT('',#2804);
#2804 = CARTESIAN_POINT('',(28.113251344129,-1.15537327106E-03,41.));
#2805 = SURFACE_CURVE('',#2806,(#2811,#2818),.PCURVE_S1.);
#2806 = ELLIPSE('',#2807,5.613251344129,4.3);
#2807 = AXIS2_PLACEMENT_3D('',#2808,#2809,#2810);
#2808 = CARTESIAN_POINT('',(22.5,-1.155373271059E-03,41.));
#2809 = DIRECTION('',(-0.,1.110223024625E-16,1.));
#2810 = DIRECTION('',(1.,0.,0.));
#2811 = PCURVE('',#144,#2812);
#2812 = DEFINITIONAL_REPRESENTATION('',(#2813),#2817);
#2813 = ELLIPSE('',#2814,5.613251344129,4.3);
#2814 = AXIS2_PLACEMENT_2D('',#2815,#2816);
#2815 = CARTESIAN_POINT('',(0.,22.5));
#2816 = DIRECTION('',(0.,1.));
#2817 = ( GEOMETRIC_REPRESENTATION_CONTEXT(2) 
PARAMETRIC_REPRESENTATION_CONTEXT() REPRESENTATION_CONTEXT('2D SPACE',''
  ) );
#2818 = PCURVE('',#2819,#2824);
#2819 = CYLINDRICAL_SURFACE('',#2820,4.3);
#2820 = AXIS2_PLACEMENT_3D('',#2821,#2822,#2823);
#2821 = CARTESIAN_POINT('',(21.53581858547,-1.15537327106E-03,
    39.850933335322));
#2822 = DIRECTION('',(0.642787609687,8.504801786368E-17,0.766044443119)
  );
#2823 = DIRECTION('',(0.766044443119,-7.136376042178E-17,-0.642787609687
    ));
#2824 = DEFINITIONAL_REPRESENTATION('',(#2825),#2835);
#2825 = B_SPLINE_CURVE_WITH_KNOTS('',8,(#2826,#2827,#2828,#2829,#2830,
    #2831,#2832,#2833,#2834),.UNSPECIFIED.,.F.,.F.,(9,9),(0.,
    1.999539612959),.PIECEWISE_BEZIER_KNOTS.);
#2826 = CARTESIAN_POINT('',(0.,5.108128414062));
#2827 = CARTESIAN_POINT('',(0.24994245162,5.108128414062));
#2828 = CARTESIAN_POINT('',(0.49988490324,4.850522015035));
#2829 = CARTESIAN_POINT('',(0.749827354857,4.335323308575));
#2830 = CARTESIAN_POINT('',(0.999769806483,3.596804621084));
#2831 = CARTESIAN_POINT('',(1.249712258096,2.703789363362));
#2832 = CARTESIAN_POINT('',(1.499654709719,1.74749340682));
#2833 = CARTESIAN_POINT('',(1.749597161339,0.820198754739));
#2834 = CARTESIAN_POINT('',(1.999539612959,-6.000000070117E-07));
#2835 = ( GEOMETRIC_REPRESENTATION_CONTEXT(2) 
PARAMETRIC_REPRESENTATION_CONTEXT() REPRESENTATION_CONTEXT('2D SPACE',''
  ) );
#2836 = ORIENTED_EDGE('',*,*,#2837,.F.);
#2837 = EDGE_CURVE('',#2838,#2803,#2840,.T.);
#2838 = VERTEX_POINT('',#2839);
#2839 = CARTESIAN_POINT('',(20.166414259709,-3.911958052097,41.));
#2840 = SURFACE_CURVE('',#2841,(#2846,#2853),.PCURVE_S1.);
#2841 = ELLIPSE('',#2842,5.613251344129,4.3);
#2842 = AXIS2_PLACEMENT_3D('',#2843,#2844,#2845);
#2843 = CARTESIAN_POINT('',(22.5,-1.155373271059E-03,41.));
#2844 = DIRECTION('',(-0.,1.110223024625E-16,1.));
#2845 = DIRECTION('',(1.,0.,0.));
#2846 = PCURVE('',#144,#2847);
#2847 = DEFINITIONAL_REPRESENTATION('',(#2848),#2852);
#2848 = ELLIPSE('',#2849,5.613251344129,4.3);
#2849 = AXIS2_PLACEMENT_2D('',#2850,#2851);
#2850 = CARTESIAN_POINT('',(0.,22.5));
#2851 = DIRECTION('',(0.,1.));
#2852 = ( GEOMETRIC_REPRESENTATION_CONTEXT(2) 
PARAMETRIC_REPRESENTATION_CONTEXT() REPRESENTATION_CONTEXT('2D SPACE',''
  ) );
#2853 = PCURVE('',#2819,#2854);
#2854 = DEFINITIONAL_REPRESENTATION('',(#2855),#2865);
#2855 = B_SPLINE_CURVE_WITH_KNOTS('',8,(#2856,#2857,#2858,#2859,#2860,
    #2861,#2862,#2863,#2864),.UNSPECIFIED.,.F.,.F.,(9,9),(4.283645694221
    ,6.28318530718),.PIECEWISE_BEZIER_KNOTS.);
#2856 = CARTESIAN_POINT('',(-1.999539612959,-6.000000070117E-07));
#2857 = CARTESIAN_POINT('',(-1.749597161339,0.820198754739));
#2858 = CARTESIAN_POINT('',(-1.49965470972,1.747493406824));
#2859 = CARTESIAN_POINT('',(-1.249712258129,2.703789363335));
#2860 = CARTESIAN_POINT('',(-0.999769806457,3.596804621102));
#2861 = CARTESIAN_POINT('',(-0.749827354866,4.335323308556));
#2862 = CARTESIAN_POINT('',(-0.49988490324,4.85052201504));
#2863 = CARTESIAN_POINT('',(-0.24994245162,5.108128414062));
#2864 = CARTESIAN_POINT('',(0.,5.108128414062));
#2865 = ( GEOMETRIC_REPRESENTATION_CONTEXT(2) 
PARAMETRIC_REPRESENTATION_CONTEXT() REPRESENTATION_CONTEXT('2D SPACE',''
  ) );
#2866 = ORIENTED_EDGE('',*,*,#2867,.F.);
#2867 = EDGE_CURVE('',#2742,#2838,#2868,.T.);
#2868 = SURFACE_CURVE('',#2869,(#2873,#2879),.PCURVE_S1.);
#2869 = LINE('',#2870,#2871);
#2870 = CARTESIAN_POINT('',(20.166414259709,-1.155373271059E-03,41.));
#2871 = VECTOR('',#2872,1.);
#2872 = DIRECTION('',(0.,1.,-1.110223024625E-16));
#2873 = PCURVE('',#144,#2874);
#2874 = DEFINITIONAL_REPRESENTATION('',(#2875),#2878);
#2875 = B_SPLINE_CURVE_WITH_KNOTS('',1,(#2876,#2877),.UNSPECIFIED.,.F.,
  .F.,(2,2),(-4.8,4.8),.PIECEWISE_BEZIER_KNOTS.);
#2876 = CARTESIAN_POINT('',(4.8,20.166414259709));
#2877 = CARTESIAN_POINT('',(-4.8,20.166414259709));
#2878 = ( GEOMETRIC_REPRESENTATION_CONTEXT(2) 
PARAMETRIC_REPRESENTATION_CONTEXT() REPRESENTATION_CONTEXT('2D SPACE',''
  ) );
#2879 = PCURVE('',#2791,#2880);
#2880 = DEFINITIONAL_REPRESENTATION('',(#2881),#2884);
#2881 = B_SPLINE_CURVE_WITH_KNOTS('',1,(#2882,#2883),.UNSPECIFIED.,.F.,
  .F.,(2,2),(-4.8,4.8),.PIECEWISE_BEZIER_KNOTS.);
#2882 = CARTESIAN_POINT('',(-1.787630388891,-4.8));
#2883 = CARTESIAN_POINT('',(-1.787630388891,4.8));
#2884 = ( GEOMETRIC_REPRESENTATION_CONTEXT(2) 
PARAMETRIC_REPRESENTATION_CONTEXT() REPRESENTATION_CONTEXT('2D SPACE',''
  ) );
#2885 = ADVANCED_FACE('',(#2886),#295,.T.);
#2886 = FACE_BOUND('',#2887,.T.);
#2887 = EDGE_LOOP('',(#2888,#2911,#2912,#2913,#2914,#2915,#2916,#2917,
    #2918,#2919));
#2888 = ORIENTED_EDGE('',*,*,#2889,.T.);
#2889 = EDGE_CURVE('',#2890,#279,#2892,.T.);
#2890 = VERTEX_POINT('',#2891);
#2891 = CARTESIAN_POINT('',(-6.760050331293E-15,-27.60115537327,9.));
#2892 = SEAM_CURVE('',#2893,(#2897,#2904),.PCURVE_S1.);
#2893 = LINE('',#2894,#2895);
#2894 = CARTESIAN_POINT('',(-6.760050331293E-15,-27.60115537327,8.));
#2895 = VECTOR('',#2896,1.);
#2896 = DIRECTION('',(0.,1.110223024625E-16,1.));
#2897 = PCURVE('',#295,#2898);
#2898 = DEFINITIONAL_REPRESENTATION('',(#2899),#2903);
#2899 = LINE('',#2900,#2901);
#2900 = CARTESIAN_POINT('',(6.28318530718,-0.));
#2901 = VECTOR('',#2902,1.);
#2902 = DIRECTION('',(0.,1.));
#2903 = ( GEOMETRIC_REPRESENTATION_CONTEXT(2) 
PARAMETRIC_REPRESENTATION_CONTEXT() REPRESENTATION_CONTEXT('2D SPACE',''
  ) );
#2904 = PCURVE('',#295,#2905);
#2905 = DEFINITIONAL_REPRESENTATION('',(#2906),#2910);
#2906 = LINE('',#2907,#2908);
#2907 = CARTESIAN_POINT('',(0.,-0.));
#2908 = VECTOR('',#2909,1.);
#2909 = DIRECTION('',(0.,1.));
#2910 = ( GEOMETRIC_REPRESENTATION_CONTEXT(2) 
PARAMETRIC_REPRESENTATION_CONTEXT() REPRESENTATION_CONTEXT('2D SPACE',''
  ) );
#2911 = ORIENTED_EDGE('',*,*,#307,.F.);
#2912 = ORIENTED_EDGE('',*,*,#935,.T.);
#2913 = ORIENTED_EDGE('',*,*,#747,.T.);
#2914 = ORIENTED_EDGE('',*,*,#1910,.F.);
#2915 = ORIENTED_EDGE('',*,*,#353,.F.);
#2916 = ORIENTED_EDGE('',*,*,#1820,.F.);
#2917 = ORIENTED_EDGE('',*,*,#278,.F.);
#2918 = ORIENTED_EDGE('',*,*,#2889,.F.);
#2919 = ORIENTED_EDGE('',*,*,#2920,.T.);
#2920 = EDGE_CURVE('',#2890,#2890,#2921,.T.);
#2921 = SURFACE_CURVE('',#2922,(#2927,#2934),.PCURVE_S1.);
#2922 = CIRCLE('',#2923,27.6);
#2923 = AXIS2_PLACEMENT_3D('',#2924,#2925,#2926);
#2924 = CARTESIAN_POINT('',(0.,-1.155373271063E-03,9.));
#2925 = DIRECTION('',(-0.,1.110223024625E-16,1.));
#2926 = DIRECTION('',(0.,-1.,1.110223024625E-16));
#2927 = PCURVE('',#295,#2928);
#2928 = DEFINITIONAL_REPRESENTATION('',(#2929),#2933);
#2929 = LINE('',#2930,#2931);
#2930 = CARTESIAN_POINT('',(0.,1.));
#2931 = VECTOR('',#2932,1.);
#2932 = DIRECTION('',(1.,0.));
#2933 = ( GEOMETRIC_REPRESENTATION_CONTEXT(2) 
PARAMETRIC_REPRESENTATION_CONTEXT() REPRESENTATION_CONTEXT('2D SPACE',''
  ) );
#2934 = PCURVE('',#2935,#2940);
#2935 = PLANE('',#2936);
#2936 = AXIS2_PLACEMENT_3D('',#2937,#2938,#2939);
#2937 = CARTESIAN_POINT('',(0.,-1.155373271063E-03,9.));
#2938 = DIRECTION('',(0.,1.110223024625E-16,1.));
#2939 = DIRECTION('',(0.,-1.,1.110223024625E-16));
#2940 = DEFINITIONAL_REPRESENTATION('',(#2941),#2945);
#2941 = CIRCLE('',#2942,27.6);
#2942 = AXIS2_PLACEMENT_2D('',#2943,#2944);
#2943 = CARTESIAN_POINT('',(0.,0.));
#2944 = DIRECTION('',(1.,0.));
#2945 = ( GEOMETRIC_REPRESENTATION_CONTEXT(2) 
PARAMETRIC_REPRESENTATION_CONTEXT() REPRESENTATION_CONTEXT('2D SPACE',''
  ) );
#2946 = ADVANCED_FACE('',(#2947),#595,.F.);
#2947 = FACE_BOUND('',#2948,.F.);
#2948 = EDGE_LOOP('',(#2949,#2974,#3000,#3001,#3023,#3024,#3025,#3047,
    #3048,#3049));
#2949 = ORIENTED_EDGE('',*,*,#2950,.T.);
#2950 = EDGE_CURVE('',#2951,#2953,#2955,.T.);
#2951 = VERTEX_POINT('',#2952);
#2952 = CARTESIAN_POINT('',(-5.657868212061E-15,-23.10115537327,10.5));
#2953 = VERTEX_POINT('',#2954);
#2954 = CARTESIAN_POINT('',(-7.004979691123E-15,-28.60115537327,16.));
#2955 = SEAM_CURVE('',#2956,(#2960,#2967),.PCURVE_S1.);
#2956 = LINE('',#2957,#2958);
#2957 = CARTESIAN_POINT('',(-5.657868212061E-15,-23.10115537327,10.5));
#2958 = VECTOR('',#2959,1.);
#2959 = DIRECTION('',(-1.731912112471E-16,-0.707106781187,0.707106781187
    ));
#2960 = PCURVE('',#595,#2961);
#2961 = DEFINITIONAL_REPRESENTATION('',(#2962),#2966);
#2962 = LINE('',#2963,#2964);
#2963 = CARTESIAN_POINT('',(6.28318530718,-0.));
#2964 = VECTOR('',#2965,1.);
#2965 = DIRECTION('',(0.,1.));
#2966 = ( GEOMETRIC_REPRESENTATION_CONTEXT(2) 
PARAMETRIC_REPRESENTATION_CONTEXT() REPRESENTATION_CONTEXT('2D SPACE',''
  ) );
#2967 = PCURVE('',#595,#2968);
#2968 = DEFINITIONAL_REPRESENTATION('',(#2969),#2973);
#2969 = LINE('',#2970,#2971);
#2970 = CARTESIAN_POINT('',(0.,-0.));
#2971 = VECTOR('',#2972,1.);
#2972 = DIRECTION('',(0.,1.));
#2973 = ( GEOMETRIC_REPRESENTATION_CONTEXT(2) 
PARAMETRIC_REPRESENTATION_CONTEXT() REPRESENTATION_CONTEXT('2D SPACE',''
  ) );
#2974 = ORIENTED_EDGE('',*,*,#2975,.F.);
#2975 = EDGE_CURVE('',#2953,#2953,#2976,.T.);
#2976 = SURFACE_CURVE('',#2977,(#2982,#2989),.PCURVE_S1.);
#2977 = CIRCLE('',#2978,28.6);
#2978 = AXIS2_PLACEMENT_3D('',#2979,#2980,#2981);
#2979 = CARTESIAN_POINT('',(0.,-1.155373271062E-03,16.));
#2980 = DIRECTION('',(-0.,1.110223024625E-16,1.));
#2981 = DIRECTION('',(0.,-1.,1.110223024625E-16));
#2982 = PCURVE('',#595,#2983);
#2983 = DEFINITIONAL_REPRESENTATION('',(#2984),#2988);
#2984 = LINE('',#2985,#2986);
#2985 = CARTESIAN_POINT('',(0.,5.5));
#2986 = VECTOR('',#2987,1.);
#2987 = DIRECTION('',(1.,0.));
#2988 = ( GEOMETRIC_REPRESENTATION_CONTEXT(2) 
PARAMETRIC_REPRESENTATION_CONTEXT() REPRESENTATION_CONTEXT('2D SPACE',''
  ) );
#2989 = PCURVE('',#2990,#2995);
#2990 = CYLINDRICAL_SURFACE('',#2991,28.6);
#2991 = AXIS2_PLACEMENT_3D('',#2992,#2993,#2994);
#2992 = CARTESIAN_POINT('',(0.,-1.155373271062E-03,16.));
#2993 = DIRECTION('',(0.,1.110223024625E-16,1.));
#2994 = DIRECTION('',(0.,-1.,1.110223024625E-16));
#2995 = DEFINITIONAL_REPRESENTATION('',(#2996),#2999);
#2996 = B_SPLINE_CURVE_WITH_KNOTS('',1,(#2997,#2998),.UNSPECIFIED.,.F.,
  .F.,(2,2),(0.,6.28318530718),.PIECEWISE_BEZIER_KNOTS.);
#2997 = CARTESIAN_POINT('',(0.,0.));
#2998 = CARTESIAN_POINT('',(6.28318530718,0.));
#2999 = ( GEOMETRIC_REPRESENTATION_CONTEXT(2) 
PARAMETRIC_REPRESENTATION_CONTEXT() REPRESENTATION_CONTEXT('2D SPACE',''
  ) );
#3000 = ORIENTED_EDGE('',*,*,#2950,.F.);
#3001 = ORIENTED_EDGE('',*,*,#3002,.T.);
#3002 = EDGE_CURVE('',#2951,#546,#3003,.T.);
#3003 = SURFACE_CURVE('',#3004,(#3009,#3016),.PCURVE_S1.);
#3004 = CIRCLE('',#3005,23.1);
#3005 = AXIS2_PLACEMENT_3D('',#3006,#3007,#3008);
#3006 = CARTESIAN_POINT('',(0.,-1.155373271063E-03,10.5));
#3007 = DIRECTION('',(-0.,1.110223024625E-16,1.));
#3008 = DIRECTION('',(0.,-1.,1.110223024625E-16));
#3009 = PCURVE('',#595,#3010);
#3010 = DEFINITIONAL_REPRESENTATION('',(#3011),#3015);
#3011 = LINE('',#3012,#3013);
#3012 = CARTESIAN_POINT('',(0.,0.));
#3013 = VECTOR('',#3014,1.);
#3014 = DIRECTION('',(1.,0.));
#3015 = ( GEOMETRIC_REPRESENTATION_CONTEXT(2) 
PARAMETRIC_REPRESENTATION_CONTEXT() REPRESENTATION_CONTEXT('2D SPACE',''
  ) );
#3016 = PCURVE('',#639,#3017);
#3017 = DEFINITIONAL_REPRESENTATION('',(#3018),#3022);
#3018 = CIRCLE('',#3019,23.1);
#3019 = AXIS2_PLACEMENT_2D('',#3020,#3021);
#3020 = CARTESIAN_POINT('',(0.,0.));
#3021 = DIRECTION('',(1.,0.));
#3022 = ( GEOMETRIC_REPRESENTATION_CONTEXT(2) 
PARAMETRIC_REPRESENTATION_CONTEXT() REPRESENTATION_CONTEXT('2D SPACE',''
  ) );
#3023 = ORIENTED_EDGE('',*,*,#545,.F.);
#3024 = ORIENTED_EDGE('',*,*,#1423,.F.);
#3025 = ORIENTED_EDGE('',*,*,#3026,.T.);
#3026 = EDGE_CURVE('',#1398,#1000,#3027,.T.);
#3027 = SURFACE_CURVE('',#3028,(#3033,#3040),.PCURVE_S1.);
#3028 = CIRCLE('',#3029,23.1);
#3029 = AXIS2_PLACEMENT_3D('',#3030,#3031,#3032);
#3030 = CARTESIAN_POINT('',(0.,-1.155373271063E-03,10.5));
#3031 = DIRECTION('',(-0.,1.110223024625E-16,1.));
#3032 = DIRECTION('',(0.,-1.,1.110223024625E-16));
#3033 = PCURVE('',#595,#3034);
#3034 = DEFINITIONAL_REPRESENTATION('',(#3035),#3039);
#3035 = LINE('',#3036,#3037);
#3036 = CARTESIAN_POINT('',(0.,0.));
#3037 = VECTOR('',#3038,1.);
#3038 = DIRECTION('',(1.,0.));
#3039 = ( GEOMETRIC_REPRESENTATION_CONTEXT(2) 
PARAMETRIC_REPRESENTATION_CONTEXT() REPRESENTATION_CONTEXT('2D SPACE',''
  ) );
#3040 = PCURVE('',#1412,#3041);
#3041 = DEFINITIONAL_REPRESENTATION('',(#3042),#3046);
#3042 = CIRCLE('',#3043,23.1);
#3043 = AXIS2_PLACEMENT_2D('',#3044,#3045);
#3044 = CARTESIAN_POINT('',(0.,0.));
#3045 = DIRECTION('',(1.,0.));
#3046 = ( GEOMETRIC_REPRESENTATION_CONTEXT(2) 
PARAMETRIC_REPRESENTATION_CONTEXT() REPRESENTATION_CONTEXT('2D SPACE',''
  ) );
#3047 = ORIENTED_EDGE('',*,*,#999,.T.);
#3048 = ORIENTED_EDGE('',*,*,#650,.T.);
#3049 = ORIENTED_EDGE('',*,*,#3050,.T.);
#3050 = EDGE_CURVE('',#625,#2951,#3051,.T.);
#3051 = SURFACE_CURVE('',#3052,(#3057,#3064),.PCURVE_S1.);
#3052 = CIRCLE('',#3053,23.1);
#3053 = AXIS2_PLACEMENT_3D('',#3054,#3055,#3056);
#3054 = CARTESIAN_POINT('',(0.,-1.155373271063E-03,10.5));
#3055 = DIRECTION('',(-0.,1.110223024625E-16,1.));
#3056 = DIRECTION('',(0.,-1.,1.110223024625E-16));
#3057 = PCURVE('',#595,#3058);
#3058 = DEFINITIONAL_REPRESENTATION('',(#3059),#3063);
#3059 = LINE('',#3060,#3061);
#3060 = CARTESIAN_POINT('',(0.,0.));
#3061 = VECTOR('',#3062,1.);
#3062 = DIRECTION('',(1.,0.));
#3063 = ( GEOMETRIC_REPRESENTATION_CONTEXT(2) 
PARAMETRIC_REPRESENTATION_CONTEXT() REPRESENTATION_CONTEXT('2D SPACE',''
  ) );
#3064 = PCURVE('',#639,#3065);
#3065 = DEFINITIONAL_REPRESENTATION('',(#3066),#3070);
#3066 = CIRCLE('',#3067,23.1);
#3067 = AXIS2_PLACEMENT_2D('',#3068,#3069);
#3068 = CARTESIAN_POINT('',(0.,0.));
#3069 = DIRECTION('',(1.,0.));
#3070 = ( GEOMETRIC_REPRESENTATION_CONTEXT(2) 
PARAMETRIC_REPRESENTATION_CONTEXT() REPRESENTATION_CONTEXT('2D SPACE',''
  ) );
#3071 = ADVANCED_FACE('',(#3072),#1412,.T.);
#3072 = FACE_BOUND('',#3073,.T.);
#3073 = EDGE_LOOP('',(#3074,#3075));
#3074 = ORIENTED_EDGE('',*,*,#1397,.T.);
#3075 = ORIENTED_EDGE('',*,*,#3026,.T.);
#3076 = ADVANCED_FACE('',(#3077),#639,.T.);
#3077 = FACE_BOUND('',#3078,.T.);
#3078 = EDGE_LOOP('',(#3079,#3080,#3081));
#3079 = ORIENTED_EDGE('',*,*,#3050,.T.);
#3080 = ORIENTED_EDGE('',*,*,#3002,.T.);
#3081 = ORIENTED_EDGE('',*,*,#624,.F.);
#3082 = ADVANCED_FACE('',(#3083),#1957,.F.);
#3083 = FACE_BOUND('',#3084,.F.);
#3084 = EDGE_LOOP('',(#3085,#3107,#3108,#3131,#3158,#3159));
#3085 = ORIENTED_EDGE('',*,*,#3086,.F.);
#3086 = EDGE_CURVE('',#2042,#1939,#3087,.T.);
#3087 = SURFACE_CURVE('',#3088,(#3093,#3100),.PCURVE_S1.);
#3088 = CIRCLE('',#3089,4.8);
#3089 = AXIS2_PLACEMENT_3D('',#3090,#3091,#3092);
#3090 = CARTESIAN_POINT('',(-10.76790929273,18.649410613039,
    39.850933335322));
#3091 = DIRECTION('',(-0.321393804843,0.556670399226,0.766044443119));
#3092 = DIRECTION('',(0.,-0.808963493304,0.587858883153));
#3093 = PCURVE('',#1957,#3094);
#3094 = DEFINITIONAL_REPRESENTATION('',(#3095),#3099);
#3095 = LINE('',#3096,#3097);
#3096 = CARTESIAN_POINT('',(0.,5.));
#3097 = VECTOR('',#3098,1.);
#3098 = DIRECTION('',(1.,0.));
#3099 = ( GEOMETRIC_REPRESENTATION_CONTEXT(2) 
PARAMETRIC_REPRESENTATION_CONTEXT() REPRESENTATION_CONTEXT('2D SPACE',''
  ) );
#3100 = PCURVE('',#1988,#3101);
#3101 = DEFINITIONAL_REPRESENTATION('',(#3102),#3106);
#3102 = CIRCLE('',#3103,4.8);
#3103 = AXIS2_PLACEMENT_2D('',#3104,#3105);
#3104 = CARTESIAN_POINT('',(0.,0.));
#3105 = DIRECTION('',(1.,0.));
#3106 = ( GEOMETRIC_REPRESENTATION_CONTEXT(2) 
PARAMETRIC_REPRESENTATION_CONTEXT() REPRESENTATION_CONTEXT('2D SPACE',''
  ) );
#3107 = ORIENTED_EDGE('',*,*,#2062,.F.);
#3108 = ORIENTED_EDGE('',*,*,#3109,.F.);
#3109 = EDGE_CURVE('',#3110,#1941,#3112,.T.);
#3110 = VERTEX_POINT('',#3111);
#3111 = CARTESIAN_POINT('',(-9.160940268519,11.983033849048,
    38.842433758859));
#3112 = SEAM_CURVE('',#3113,(#3117,#3124),.PCURVE_S1.);
#3113 = LINE('',#3114,#3115);
#3114 = CARTESIAN_POINT('',(-9.160940268519,11.983033849048,
    38.842433758859));
#3115 = VECTOR('',#3116,1.);
#3116 = DIRECTION('',(-0.321393804843,0.556670399226,0.766044443119));
#3117 = PCURVE('',#1957,#3118);
#3118 = DEFINITIONAL_REPRESENTATION('',(#3119),#3123);
#3119 = LINE('',#3120,#3121);
#3120 = CARTESIAN_POINT('',(6.28318530718,-0.));
#3121 = VECTOR('',#3122,1.);
#3122 = DIRECTION('',(0.,1.));
#3123 = ( GEOMETRIC_REPRESENTATION_CONTEXT(2) 
PARAMETRIC_REPRESENTATION_CONTEXT() REPRESENTATION_CONTEXT('2D SPACE',''
  ) );
#3124 = PCURVE('',#1957,#3125);
#3125 = DEFINITIONAL_REPRESENTATION('',(#3126),#3130);
#3126 = LINE('',#3127,#3128);
#3127 = CARTESIAN_POINT('',(0.,-0.));
#3128 = VECTOR('',#3129,1.);
#3129 = DIRECTION('',(0.,1.));
#3130 = ( GEOMETRIC_REPRESENTATION_CONTEXT(2) 
PARAMETRIC_REPRESENTATION_CONTEXT() REPRESENTATION_CONTEXT('2D SPACE',''
  ) );
#3131 = ORIENTED_EDGE('',*,*,#3132,.T.);
#3132 = EDGE_CURVE('',#3110,#3110,#3133,.T.);
#3133 = SURFACE_CURVE('',#3134,(#3139,#3146),.PCURVE_S1.);
#3134 = CIRCLE('',#3135,4.8);
#3135 = AXIS2_PLACEMENT_3D('',#3136,#3137,#3138);
#3136 = CARTESIAN_POINT('',(-9.160940268519,15.866058616907,
    36.020711119727));
#3137 = DIRECTION('',(-0.321393804843,0.556670399226,0.766044443119));
#3138 = DIRECTION('',(0.,-0.808963493304,0.587858883153));
#3139 = PCURVE('',#1957,#3140);
#3140 = DEFINITIONAL_REPRESENTATION('',(#3141),#3145);
#3141 = LINE('',#3142,#3143);
#3142 = CARTESIAN_POINT('',(0.,0.));
#3143 = VECTOR('',#3144,1.);
#3144 = DIRECTION('',(1.,0.));
#3145 = ( GEOMETRIC_REPRESENTATION_CONTEXT(2) 
PARAMETRIC_REPRESENTATION_CONTEXT() REPRESENTATION_CONTEXT('2D SPACE',''
  ) );
#3146 = PCURVE('',#3147,#3152);
#3147 = PLANE('',#3148);
#3148 = AXIS2_PLACEMENT_3D('',#3149,#3150,#3151);
#3149 = CARTESIAN_POINT('',(-9.160940268519,15.866058616907,
    36.020711119727));
#3150 = DIRECTION('',(-0.321393804843,0.556670399226,0.766044443119));
#3151 = DIRECTION('',(0.,-0.808963493304,0.587858883153));
#3152 = DEFINITIONAL_REPRESENTATION('',(#3153),#3157);
#3153 = CIRCLE('',#3154,4.8);
#3154 = AXIS2_PLACEMENT_2D('',#3155,#3156);
#3155 = CARTESIAN_POINT('',(0.,0.));
#3156 = DIRECTION('',(1.,0.));
#3157 = ( GEOMETRIC_REPRESENTATION_CONTEXT(2) 
PARAMETRIC_REPRESENTATION_CONTEXT() REPRESENTATION_CONTEXT('2D SPACE',''
  ) );
#3158 = ORIENTED_EDGE('',*,*,#3109,.T.);
#3159 = ORIENTED_EDGE('',*,*,#1938,.F.);
#3160 = ADVANCED_FACE('',(#3161),#1988,.F.);
#3161 = FACE_BOUND('',#3162,.F.);
#3162 = EDGE_LOOP('',(#3163,#3164,#3165,#3166));
#3163 = ORIENTED_EDGE('',*,*,#2041,.F.);
#3164 = ORIENTED_EDGE('',*,*,#3086,.T.);
#3165 = ORIENTED_EDGE('',*,*,#1973,.F.);
#3166 = ORIENTED_EDGE('',*,*,#3167,.F.);
#3167 = EDGE_CURVE('',#2000,#1974,#3168,.T.);
#3168 = SURFACE_CURVE('',#3169,(#3174,#3181),.PCURVE_S1.);
#3169 = CIRCLE('',#3170,4.3);
#3170 = AXIS2_PLACEMENT_3D('',#3171,#3172,#3173);
#3171 = CARTESIAN_POINT('',(-10.76790929273,18.649410613039,
    39.850933335322));
#3172 = DIRECTION('',(-0.321393804843,0.556670399226,0.766044443119));
#3173 = DIRECTION('',(0.,-0.808963493304,0.587858883153));
#3174 = PCURVE('',#1988,#3175);
#3175 = DEFINITIONAL_REPRESENTATION('',(#3176),#3180);
#3176 = CIRCLE('',#3177,4.3);
#3177 = AXIS2_PLACEMENT_2D('',#3178,#3179);
#3178 = CARTESIAN_POINT('',(2.874015668311E-15,1.010884214683E-15));
#3179 = DIRECTION('',(1.,0.));
#3180 = ( GEOMETRIC_REPRESENTATION_CONTEXT(2) 
PARAMETRIC_REPRESENTATION_CONTEXT() REPRESENTATION_CONTEXT('2D SPACE',''
  ) );
#3181 = PCURVE('',#2016,#3182);
#3182 = DEFINITIONAL_REPRESENTATION('',(#3183),#3187);
#3183 = LINE('',#3184,#3185);
#3184 = CARTESIAN_POINT('',(0.,0.));
#3185 = VECTOR('',#3186,1.);
#3186 = DIRECTION('',(1.,0.));
#3187 = ( GEOMETRIC_REPRESENTATION_CONTEXT(2) 
PARAMETRIC_REPRESENTATION_CONTEXT() REPRESENTATION_CONTEXT('2D SPACE',''
  ) );
#3188 = ADVANCED_FACE('',(#3189),#2016,.F.);
#3189 = FACE_BOUND('',#3190,.F.);
#3190 = EDGE_LOOP('',(#3191,#3192));
#3191 = ORIENTED_EDGE('',*,*,#1999,.F.);
#3192 = ORIENTED_EDGE('',*,*,#3167,.T.);
#3193 = ADVANCED_FACE('',(#3194),#2111,.F.);
#3194 = FACE_BOUND('',#3195,.F.);
#3195 = EDGE_LOOP('',(#3196,#3218,#3219,#3242,#3269,#3270));
#3196 = ORIENTED_EDGE('',*,*,#3197,.F.);
#3197 = EDGE_CURVE('',#2197,#2093,#3198,.T.);
#3198 = SURFACE_CURVE('',#3199,(#3204,#3211),.PCURVE_S1.);
#3199 = CIRCLE('',#3200,4.8);
#3200 = AXIS2_PLACEMENT_3D('',#3201,#3202,#3203);
#3201 = CARTESIAN_POINT('',(-21.53581858547,-1.155373271062E-03,
    39.850933335322));
#3202 = DIRECTION('',(-0.642787609687,6.329238990265E-18,0.766044443119)
  );
#3203 = DIRECTION('',(0.766044443119,7.136376042178E-17,0.642787609687)
  );
#3204 = PCURVE('',#2111,#3205);
#3205 = DEFINITIONAL_REPRESENTATION('',(#3206),#3210);
#3206 = LINE('',#3207,#3208);
#3207 = CARTESIAN_POINT('',(0.,5.));
#3208 = VECTOR('',#3209,1.);
#3209 = DIRECTION('',(1.,0.));
#3210 = ( GEOMETRIC_REPRESENTATION_CONTEXT(2) 
PARAMETRIC_REPRESENTATION_CONTEXT() REPRESENTATION_CONTEXT('2D SPACE',''
  ) );
#3211 = PCURVE('',#2143,#3212);
#3212 = DEFINITIONAL_REPRESENTATION('',(#3213),#3217);
#3213 = CIRCLE('',#3214,4.8);
#3214 = AXIS2_PLACEMENT_2D('',#3215,#3216);
#3215 = CARTESIAN_POINT('',(0.,0.));
#3216 = DIRECTION('',(1.,0.));
#3217 = ( GEOMETRIC_REPRESENTATION_CONTEXT(2) 
PARAMETRIC_REPRESENTATION_CONTEXT() REPRESENTATION_CONTEXT('2D SPACE',''
  ) );
#3218 = ORIENTED_EDGE('',*,*,#2217,.F.);
#3219 = ORIENTED_EDGE('',*,*,#3220,.F.);
#3220 = EDGE_CURVE('',#3221,#2095,#3223,.T.);
#3221 = VERTEX_POINT('',#3222);
#3222 = CARTESIAN_POINT('',(-14.64486721006,-1.155373271063E-03,
    39.106091646222));
#3223 = SEAM_CURVE('',#3224,(#3228,#3235),.PCURVE_S1.);
#3224 = LINE('',#3225,#3226);
#3225 = CARTESIAN_POINT('',(-14.64486721006,-1.155373271063E-03,
    39.106091646222));
#3226 = VECTOR('',#3227,1.);
#3227 = DIRECTION('',(-0.642787609687,6.329238990265E-18,0.766044443119)
  );
#3228 = PCURVE('',#2111,#3229);
#3229 = DEFINITIONAL_REPRESENTATION('',(#3230),#3234);
#3230 = LINE('',#3231,#3232);
#3231 = CARTESIAN_POINT('',(6.28318530718,-0.));
#3232 = VECTOR('',#3233,1.);
#3233 = DIRECTION('',(0.,1.));
#3234 = ( GEOMETRIC_REPRESENTATION_CONTEXT(2) 
PARAMETRIC_REPRESENTATION_CONTEXT() REPRESENTATION_CONTEXT('2D SPACE',''
  ) );
#3235 = PCURVE('',#2111,#3236);
#3236 = DEFINITIONAL_REPRESENTATION('',(#3237),#3241);
#3237 = LINE('',#3238,#3239);
#3238 = CARTESIAN_POINT('',(0.,-0.));
#3239 = VECTOR('',#3240,1.);
#3240 = DIRECTION('',(0.,1.));
#3241 = ( GEOMETRIC_REPRESENTATION_CONTEXT(2) 
PARAMETRIC_REPRESENTATION_CONTEXT() REPRESENTATION_CONTEXT('2D SPACE',''
  ) );
#3242 = ORIENTED_EDGE('',*,*,#3243,.T.);
#3243 = EDGE_CURVE('',#3221,#3221,#3244,.T.);
#3244 = SURFACE_CURVE('',#3245,(#3250,#3257),.PCURVE_S1.);
#3245 = CIRCLE('',#3246,4.8);
#3246 = AXIS2_PLACEMENT_3D('',#3247,#3248,#3249);
#3247 = CARTESIAN_POINT('',(-18.32188053703,-1.155373271062E-03,
    36.020711119727));
#3248 = DIRECTION('',(-0.642787609687,6.329238990265E-18,0.766044443119)
  );
#3249 = DIRECTION('',(0.766044443119,7.136376042178E-17,0.642787609687)
  );
#3250 = PCURVE('',#2111,#3251);
#3251 = DEFINITIONAL_REPRESENTATION('',(#3252),#3256);
#3252 = LINE('',#3253,#3254);
#3253 = CARTESIAN_POINT('',(0.,0.));
#3254 = VECTOR('',#3255,1.);
#3255 = DIRECTION('',(1.,0.));
#3256 = ( GEOMETRIC_REPRESENTATION_CONTEXT(2) 
PARAMETRIC_REPRESENTATION_CONTEXT() REPRESENTATION_CONTEXT('2D SPACE',''
  ) );
#3257 = PCURVE('',#3258,#3263);
#3258 = PLANE('',#3259);
#3259 = AXIS2_PLACEMENT_3D('',#3260,#3261,#3262);
#3260 = CARTESIAN_POINT('',(-18.32188053703,-1.155373271062E-03,
    36.020711119727));
#3261 = DIRECTION('',(-0.642787609687,6.329238990265E-18,0.766044443119)
  );
#3262 = DIRECTION('',(0.766044443119,7.136376042178E-17,0.642787609687)
  );
#3263 = DEFINITIONAL_REPRESENTATION('',(#3264),#3268);
#3264 = CIRCLE('',#3265,4.8);
#3265 = AXIS2_PLACEMENT_2D('',#3266,#3267);
#3266 = CARTESIAN_POINT('',(0.,0.));
#3267 = DIRECTION('',(1.,0.));
#3268 = ( GEOMETRIC_REPRESENTATION_CONTEXT(2) 
PARAMETRIC_REPRESENTATION_CONTEXT() REPRESENTATION_CONTEXT('2D SPACE',''
  ) );
#3269 = ORIENTED_EDGE('',*,*,#3220,.T.);
#3270 = ORIENTED_EDGE('',*,*,#2092,.F.);
#3271 = ADVANCED_FACE('',(#3272),#2143,.F.);
#3272 = FACE_BOUND('',#3273,.F.);
#3273 = EDGE_LOOP('',(#3274,#3275,#3276,#3277));
#3274 = ORIENTED_EDGE('',*,*,#2196,.F.);
#3275 = ORIENTED_EDGE('',*,*,#3197,.T.);
#3276 = ORIENTED_EDGE('',*,*,#2128,.F.);
#3277 = ORIENTED_EDGE('',*,*,#3278,.F.);
#3278 = EDGE_CURVE('',#2155,#2129,#3279,.T.);
#3279 = SURFACE_CURVE('',#3280,(#3285,#3292),.PCURVE_S1.);
#3280 = CIRCLE('',#3281,4.3);
#3281 = AXIS2_PLACEMENT_3D('',#3282,#3283,#3284);
#3282 = CARTESIAN_POINT('',(-21.53581858547,-1.155373271062E-03,
    39.850933335322));
#3283 = DIRECTION('',(-0.642787609687,6.329238990265E-18,0.766044443119)
  );
#3284 = DIRECTION('',(0.766044443119,7.136376042178E-17,0.642787609687)
  );
#3285 = PCURVE('',#2143,#3286);
#3286 = DEFINITIONAL_REPRESENTATION('',(#3287),#3291);
#3287 = CIRCLE('',#3288,4.3);
#3288 = AXIS2_PLACEMENT_2D('',#3289,#3290);
#3289 = CARTESIAN_POINT('',(4.861730685829E-63,7.88860905221E-31));
#3290 = DIRECTION('',(1.,1.232595164408E-32));
#3291 = ( GEOMETRIC_REPRESENTATION_CONTEXT(2) 
PARAMETRIC_REPRESENTATION_CONTEXT() REPRESENTATION_CONTEXT('2D SPACE',''
  ) );
#3292 = PCURVE('',#2171,#3293);
#3293 = DEFINITIONAL_REPRESENTATION('',(#3294),#3298);
#3294 = LINE('',#3295,#3296);
#3295 = CARTESIAN_POINT('',(0.,0.));
#3296 = VECTOR('',#3297,1.);
#3297 = DIRECTION('',(1.,0.));
#3298 = ( GEOMETRIC_REPRESENTATION_CONTEXT(2) 
PARAMETRIC_REPRESENTATION_CONTEXT() REPRESENTATION_CONTEXT('2D SPACE',''
  ) );
#3299 = ADVANCED_FACE('',(#3300),#2171,.F.);
#3300 = FACE_BOUND('',#3301,.F.);
#3301 = EDGE_LOOP('',(#3302,#3303));
#3302 = ORIENTED_EDGE('',*,*,#2154,.F.);
#3303 = ORIENTED_EDGE('',*,*,#3278,.T.);
#3304 = ADVANCED_FACE('',(#3305),#2265,.F.);
#3305 = FACE_BOUND('',#3306,.F.);
#3306 = EDGE_LOOP('',(#3307,#3332,#3354,#3355,#3377,#3378));
#3307 = ORIENTED_EDGE('',*,*,#3308,.T.);
#3308 = EDGE_CURVE('',#3309,#3311,#3313,.T.);
#3309 = VERTEX_POINT('',#3310);
#3310 = CARTESIAN_POINT('',(-9.160940268519,-19.7513941313,
    33.198988480594));
#3311 = VERTEX_POINT('',#3312);
#3312 = CARTESIAN_POINT('',(-10.76790929273,-22.53474612744,
    37.029210696189));
#3313 = SEAM_CURVE('',#3314,(#3318,#3325),.PCURVE_S1.);
#3314 = LINE('',#3315,#3316);
#3315 = CARTESIAN_POINT('',(-9.160940268519,-19.7513941313,
    33.198988480594));
#3316 = VECTOR('',#3317,1.);
#3317 = DIRECTION('',(-0.321393804843,-0.556670399226,0.766044443119));
#3318 = PCURVE('',#2265,#3319);
#3319 = DEFINITIONAL_REPRESENTATION('',(#3320),#3324);
#3320 = LINE('',#3321,#3322);
#3321 = CARTESIAN_POINT('',(6.28318530718,-0.));
#3322 = VECTOR('',#3323,1.);
#3323 = DIRECTION('',(0.,1.));
#3324 = ( GEOMETRIC_REPRESENTATION_CONTEXT(2) 
PARAMETRIC_REPRESENTATION_CONTEXT() REPRESENTATION_CONTEXT('2D SPACE',''
  ) );
#3325 = PCURVE('',#2265,#3326);
#3326 = DEFINITIONAL_REPRESENTATION('',(#3327),#3331);
#3327 = LINE('',#3328,#3329);
#3328 = CARTESIAN_POINT('',(0.,-0.));
#3329 = VECTOR('',#3330,1.);
#3330 = DIRECTION('',(0.,1.));
#3331 = ( GEOMETRIC_REPRESENTATION_CONTEXT(2) 
PARAMETRIC_REPRESENTATION_CONTEXT() REPRESENTATION_CONTEXT('2D SPACE',''
  ) );
#3332 = ORIENTED_EDGE('',*,*,#3333,.F.);
#3333 = EDGE_CURVE('',#2249,#3311,#3334,.T.);
#3334 = SURFACE_CURVE('',#3335,(#3340,#3347),.PCURVE_S1.);
#3335 = CIRCLE('',#3336,4.8);
#3336 = AXIS2_PLACEMENT_3D('',#3337,#3338,#3339);
#3337 = CARTESIAN_POINT('',(-10.76790929273,-18.65172135958,
    39.850933335322));
#3338 = DIRECTION('',(-0.321393804843,-0.556670399226,0.766044443119));
#3339 = DIRECTION('',(0.,-0.808963493304,-0.587858883153));
#3340 = PCURVE('',#2265,#3341);
#3341 = DEFINITIONAL_REPRESENTATION('',(#3342),#3346);
#3342 = LINE('',#3343,#3344);
#3343 = CARTESIAN_POINT('',(0.,5.));
#3344 = VECTOR('',#3345,1.);
#3345 = DIRECTION('',(1.,0.));
#3346 = ( GEOMETRIC_REPRESENTATION_CONTEXT(2) 
PARAMETRIC_REPRESENTATION_CONTEXT() REPRESENTATION_CONTEXT('2D SPACE',''
  ) );
#3347 = PCURVE('',#2298,#3348);
#3348 = DEFINITIONAL_REPRESENTATION('',(#3349),#3353);
#3349 = CIRCLE('',#3350,4.8);
#3350 = AXIS2_PLACEMENT_2D('',#3351,#3352);
#3351 = CARTESIAN_POINT('',(0.,0.));
#3352 = DIRECTION('',(1.,0.));
#3353 = ( GEOMETRIC_REPRESENTATION_CONTEXT(2) 
PARAMETRIC_REPRESENTATION_CONTEXT() REPRESENTATION_CONTEXT('2D SPACE',''
  ) );
#3354 = ORIENTED_EDGE('',*,*,#2246,.F.);
#3355 = ORIENTED_EDGE('',*,*,#3356,.F.);
#3356 = EDGE_CURVE('',#3311,#2247,#3357,.T.);
#3357 = SURFACE_CURVE('',#3358,(#3363,#3370),.PCURVE_S1.);
#3358 = CIRCLE('',#3359,4.8);
#3359 = AXIS2_PLACEMENT_3D('',#3360,#3361,#3362);
#3360 = CARTESIAN_POINT('',(-10.76790929273,-18.65172135958,
    39.850933335322));
#3361 = DIRECTION('',(-0.321393804843,-0.556670399226,0.766044443119));
#3362 = DIRECTION('',(0.,-0.808963493304,-0.587858883153));
#3363 = PCURVE('',#2265,#3364);
#3364 = DEFINITIONAL_REPRESENTATION('',(#3365),#3369);
#3365 = LINE('',#3366,#3367);
#3366 = CARTESIAN_POINT('',(0.,5.));
#3367 = VECTOR('',#3368,1.);
#3368 = DIRECTION('',(1.,0.));
#3369 = ( GEOMETRIC_REPRESENTATION_CONTEXT(2) 
PARAMETRIC_REPRESENTATION_CONTEXT() REPRESENTATION_CONTEXT('2D SPACE',''
  ) );
#3370 = PCURVE('',#2298,#3371);
#3371 = DEFINITIONAL_REPRESENTATION('',(#3372),#3376);
#3372 = CIRCLE('',#3373,4.8);
#3373 = AXIS2_PLACEMENT_2D('',#3374,#3375);
#3374 = CARTESIAN_POINT('',(0.,0.));
#3375 = DIRECTION('',(1.,0.));
#3376 = ( GEOMETRIC_REPRESENTATION_CONTEXT(2) 
PARAMETRIC_REPRESENTATION_CONTEXT() REPRESENTATION_CONTEXT('2D SPACE',''
  ) );
#3377 = ORIENTED_EDGE('',*,*,#3308,.F.);
#3378 = ORIENTED_EDGE('',*,*,#3379,.T.);
#3379 = EDGE_CURVE('',#3309,#3309,#3380,.T.);
#3380 = SURFACE_CURVE('',#3381,(#3386,#3393),.PCURVE_S1.);
#3381 = CIRCLE('',#3382,4.8);
#3382 = AXIS2_PLACEMENT_3D('',#3383,#3384,#3385);
#3383 = CARTESIAN_POINT('',(-9.160940268519,-15.86836936344,
    36.020711119727));
#3384 = DIRECTION('',(-0.321393804843,-0.556670399226,0.766044443119));
#3385 = DIRECTION('',(0.,-0.808963493304,-0.587858883153));
#3386 = PCURVE('',#2265,#3387);
#3387 = DEFINITIONAL_REPRESENTATION('',(#3388),#3392);
#3388 = LINE('',#3389,#3390);
#3389 = CARTESIAN_POINT('',(0.,0.));
#3390 = VECTOR('',#3391,1.);
#3391 = DIRECTION('',(1.,0.));
#3392 = ( GEOMETRIC_REPRESENTATION_CONTEXT(2) 
PARAMETRIC_REPRESENTATION_CONTEXT() REPRESENTATION_CONTEXT('2D SPACE',''
  ) );
#3393 = PCURVE('',#3394,#3399);
#3394 = PLANE('',#3395);
#3395 = AXIS2_PLACEMENT_3D('',#3396,#3397,#3398);
#3396 = CARTESIAN_POINT('',(-9.160940268519,-15.86836936344,
    36.020711119727));
#3397 = DIRECTION('',(-0.321393804843,-0.556670399226,0.766044443119));
#3398 = DIRECTION('',(0.,-0.808963493304,-0.587858883153));
#3399 = DEFINITIONAL_REPRESENTATION('',(#3400),#3404);
#3400 = CIRCLE('',#3401,4.8);
#3401 = AXIS2_PLACEMENT_2D('',#3402,#3403);
#3402 = CARTESIAN_POINT('',(0.,0.));
#3403 = DIRECTION('',(1.,0.));
#3404 = ( GEOMETRIC_REPRESENTATION_CONTEXT(2) 
PARAMETRIC_REPRESENTATION_CONTEXT() REPRESENTATION_CONTEXT('2D SPACE',''
  ) );
#3405 = ADVANCED_FACE('',(#3406),#2298,.F.);
#3406 = FACE_BOUND('',#3407,.F.);
#3407 = EDGE_LOOP('',(#3408,#3409,#3410,#3411,#3412,#3436));
#3408 = ORIENTED_EDGE('',*,*,#2379,.F.);
#3409 = ORIENTED_EDGE('',*,*,#3333,.T.);
#3410 = ORIENTED_EDGE('',*,*,#3356,.T.);
#3411 = ORIENTED_EDGE('',*,*,#2283,.F.);
#3412 = ORIENTED_EDGE('',*,*,#3413,.F.);
#3413 = EDGE_CURVE('',#3414,#2284,#3416,.T.);
#3414 = VERTEX_POINT('',#3415);
#3415 = CARTESIAN_POINT('',(-10.76790929273,-22.13026438078,
    37.323140137766));
#3416 = SURFACE_CURVE('',#3417,(#3422,#3429),.PCURVE_S1.);
#3417 = CIRCLE('',#3418,4.3);
#3418 = AXIS2_PLACEMENT_3D('',#3419,#3420,#3421);
#3419 = CARTESIAN_POINT('',(-10.76790929273,-18.65172135958,
    39.850933335322));
#3420 = DIRECTION('',(-0.321393804843,-0.556670399226,0.766044443119));
#3421 = DIRECTION('',(0.,-0.808963493304,-0.587858883153));
#3422 = PCURVE('',#2298,#3423);
#3423 = DEFINITIONAL_REPRESENTATION('',(#3424),#3428);
#3424 = CIRCLE('',#3425,4.3);
#3425 = AXIS2_PLACEMENT_2D('',#3426,#3427);
#3426 = CARTESIAN_POINT('',(-2.874015668311E-15,1.010884214683E-15));
#3427 = DIRECTION('',(1.,-2.775557561563E-17));
#3428 = ( GEOMETRIC_REPRESENTATION_CONTEXT(2) 
PARAMETRIC_REPRESENTATION_CONTEXT() REPRESENTATION_CONTEXT('2D SPACE',''
  ) );
#3429 = PCURVE('',#2326,#3430);
#3430 = DEFINITIONAL_REPRESENTATION('',(#3431),#3435);
#3431 = LINE('',#3432,#3433);
#3432 = CARTESIAN_POINT('',(6.28318530718,0.));
#3433 = VECTOR('',#3434,1.);
#3434 = DIRECTION('',(1.,0.));
#3435 = ( GEOMETRIC_REPRESENTATION_CONTEXT(2) 
PARAMETRIC_REPRESENTATION_CONTEXT() REPRESENTATION_CONTEXT('2D SPACE',''
  ) );
#3436 = ORIENTED_EDGE('',*,*,#3437,.F.);
#3437 = EDGE_CURVE('',#2345,#3414,#3438,.T.);
#3438 = SURFACE_CURVE('',#3439,(#3444,#3451),.PCURVE_S1.);
#3439 = CIRCLE('',#3440,4.3);
#3440 = AXIS2_PLACEMENT_3D('',#3441,#3442,#3443);
#3441 = CARTESIAN_POINT('',(-10.76790929273,-18.65172135958,
    39.850933335322));
#3442 = DIRECTION('',(-0.321393804843,-0.556670399226,0.766044443119));
#3443 = DIRECTION('',(0.,-0.808963493304,-0.587858883153));
#3444 = PCURVE('',#2298,#3445);
#3445 = DEFINITIONAL_REPRESENTATION('',(#3446),#3450);
#3446 = CIRCLE('',#3447,4.3);
#3447 = AXIS2_PLACEMENT_2D('',#3448,#3449);
#3448 = CARTESIAN_POINT('',(-2.874015668311E-15,1.010884214683E-15));
#3449 = DIRECTION('',(1.,-2.775557561563E-17));
#3450 = ( GEOMETRIC_REPRESENTATION_CONTEXT(2) 
PARAMETRIC_REPRESENTATION_CONTEXT() REPRESENTATION_CONTEXT('2D SPACE',''
  ) );
#3451 = PCURVE('',#2326,#3452);
#3452 = DEFINITIONAL_REPRESENTATION('',(#3453),#3457);
#3453 = LINE('',#3454,#3455);
#3454 = CARTESIAN_POINT('',(0.,0.));
#3455 = VECTOR('',#3456,1.);
#3456 = DIRECTION('',(1.,0.));
#3457 = ( GEOMETRIC_REPRESENTATION_CONTEXT(2) 
PARAMETRIC_REPRESENTATION_CONTEXT() REPRESENTATION_CONTEXT('2D SPACE',''
  ) );
#3458 = ADVANCED_FACE('',(#3459),#2419,.F.);
#3459 = FACE_BOUND('',#3460,.F.);
#3460 = EDGE_LOOP('',(#3461,#3483,#3484,#3507,#3534,#3535));
#3461 = ORIENTED_EDGE('',*,*,#3462,.F.);
#3462 = EDGE_CURVE('',#2506,#2401,#3463,.T.);
#3463 = SURFACE_CURVE('',#3464,(#3469,#3476),.PCURVE_S1.);
#3464 = CIRCLE('',#3465,4.8);
#3465 = AXIS2_PLACEMENT_3D('',#3466,#3467,#3468);
#3466 = CARTESIAN_POINT('',(10.767909292735,18.649410613039,
    39.850933335322));
#3467 = DIRECTION('',(0.321393804843,0.556670399226,0.766044443119));
#3468 = DIRECTION('',(-5.551115123126E-17,-0.808963493304,0.587858883153
    ));
#3469 = PCURVE('',#2419,#3470);
#3470 = DEFINITIONAL_REPRESENTATION('',(#3471),#3475);
#3471 = LINE('',#3472,#3473);
#3472 = CARTESIAN_POINT('',(0.,5.));
#3473 = VECTOR('',#3474,1.);
#3474 = DIRECTION('',(1.,0.));
#3475 = ( GEOMETRIC_REPRESENTATION_CONTEXT(2) 
PARAMETRIC_REPRESENTATION_CONTEXT() REPRESENTATION_CONTEXT('2D SPACE',''
  ) );
#3476 = PCURVE('',#2452,#3477);
#3477 = DEFINITIONAL_REPRESENTATION('',(#3478),#3482);
#3478 = CIRCLE('',#3479,4.8);
#3479 = AXIS2_PLACEMENT_2D('',#3480,#3481);
#3480 = CARTESIAN_POINT('',(0.,0.));
#3481 = DIRECTION('',(1.,0.));
#3482 = ( GEOMETRIC_REPRESENTATION_CONTEXT(2) 
PARAMETRIC_REPRESENTATION_CONTEXT() REPRESENTATION_CONTEXT('2D SPACE',''
  ) );
#3483 = ORIENTED_EDGE('',*,*,#2526,.F.);
#3484 = ORIENTED_EDGE('',*,*,#3485,.F.);
#3485 = EDGE_CURVE('',#3486,#2403,#3488,.T.);
#3486 = VERTEX_POINT('',#3487);
#3487 = CARTESIAN_POINT('',(9.160940268519,11.983033849048,
    38.842433758859));
#3488 = SEAM_CURVE('',#3489,(#3493,#3500),.PCURVE_S1.);
#3489 = LINE('',#3490,#3491);
#3490 = CARTESIAN_POINT('',(9.160940268519,11.983033849048,
    38.842433758859));
#3491 = VECTOR('',#3492,1.);
#3492 = DIRECTION('',(0.321393804843,0.556670399226,0.766044443119));
#3493 = PCURVE('',#2419,#3494);
#3494 = DEFINITIONAL_REPRESENTATION('',(#3495),#3499);
#3495 = LINE('',#3496,#3497);
#3496 = CARTESIAN_POINT('',(6.28318530718,-0.));
#3497 = VECTOR('',#3498,1.);
#3498 = DIRECTION('',(0.,1.));
#3499 = ( GEOMETRIC_REPRESENTATION_CONTEXT(2) 
PARAMETRIC_REPRESENTATION_CONTEXT() REPRESENTATION_CONTEXT('2D SPACE',''
  ) );
#3500 = PCURVE('',#2419,#3501);
#3501 = DEFINITIONAL_REPRESENTATION('',(#3502),#3506);
#3502 = LINE('',#3503,#3504);
#3503 = CARTESIAN_POINT('',(0.,-0.));
#3504 = VECTOR('',#3505,1.);
#3505 = DIRECTION('',(0.,1.));
#3506 = ( GEOMETRIC_REPRESENTATION_CONTEXT(2) 
PARAMETRIC_REPRESENTATION_CONTEXT() REPRESENTATION_CONTEXT('2D SPACE',''
  ) );
#3507 = ORIENTED_EDGE('',*,*,#3508,.T.);
#3508 = EDGE_CURVE('',#3486,#3486,#3509,.T.);
#3509 = SURFACE_CURVE('',#3510,(#3515,#3522),.PCURVE_S1.);
#3510 = CIRCLE('',#3511,4.8);
#3511 = AXIS2_PLACEMENT_3D('',#3512,#3513,#3514);
#3512 = CARTESIAN_POINT('',(9.160940268519,15.866058616907,
    36.020711119727));
#3513 = DIRECTION('',(0.321393804843,0.556670399226,0.766044443119));
#3514 = DIRECTION('',(-5.551115123126E-17,-0.808963493304,0.587858883153
    ));
#3515 = PCURVE('',#2419,#3516);
#3516 = DEFINITIONAL_REPRESENTATION('',(#3517),#3521);
#3517 = LINE('',#3518,#3519);
#3518 = CARTESIAN_POINT('',(0.,0.));
#3519 = VECTOR('',#3520,1.);
#3520 = DIRECTION('',(1.,0.));
#3521 = ( GEOMETRIC_REPRESENTATION_CONTEXT(2) 
PARAMETRIC_REPRESENTATION_CONTEXT() REPRESENTATION_CONTEXT('2D SPACE',''
  ) );
#3522 = PCURVE('',#3523,#3528);
#3523 = PLANE('',#3524);
#3524 = AXIS2_PLACEMENT_3D('',#3525,#3526,#3527);
#3525 = CARTESIAN_POINT('',(9.160940268519,15.866058616907,
    36.020711119727));
#3526 = DIRECTION('',(0.321393804843,0.556670399226,0.766044443119));
#3527 = DIRECTION('',(-2.775557561563E-17,-0.808963493304,0.587858883153
    ));
#3528 = DEFINITIONAL_REPRESENTATION('',(#3529),#3533);
#3529 = CIRCLE('',#3530,4.8);
#3530 = AXIS2_PLACEMENT_2D('',#3531,#3532);
#3531 = CARTESIAN_POINT('',(0.,0.));
#3532 = DIRECTION('',(1.,0.));
#3533 = ( GEOMETRIC_REPRESENTATION_CONTEXT(2) 
PARAMETRIC_REPRESENTATION_CONTEXT() REPRESENTATION_CONTEXT('2D SPACE',''
  ) );
#3534 = ORIENTED_EDGE('',*,*,#3485,.T.);
#3535 = ORIENTED_EDGE('',*,*,#2400,.F.);
#3536 = ADVANCED_FACE('',(#3537),#2452,.F.);
#3537 = FACE_BOUND('',#3538,.F.);
#3538 = EDGE_LOOP('',(#3539,#3540,#3541,#3542));
#3539 = ORIENTED_EDGE('',*,*,#2505,.F.);
#3540 = ORIENTED_EDGE('',*,*,#3462,.T.);
#3541 = ORIENTED_EDGE('',*,*,#2437,.F.);
#3542 = ORIENTED_EDGE('',*,*,#3543,.F.);
#3543 = EDGE_CURVE('',#2464,#2438,#3544,.T.);
#3544 = SURFACE_CURVE('',#3545,(#3550,#3557),.PCURVE_S1.);
#3545 = CIRCLE('',#3546,4.3);
#3546 = AXIS2_PLACEMENT_3D('',#3547,#3548,#3549);
#3547 = CARTESIAN_POINT('',(10.767909292735,18.649410613039,
    39.850933335322));
#3548 = DIRECTION('',(0.321393804843,0.556670399226,0.766044443119));
#3549 = DIRECTION('',(-5.551115123126E-17,-0.808963493304,0.587858883153
    ));
#3550 = PCURVE('',#2452,#3551);
#3551 = DEFINITIONAL_REPRESENTATION('',(#3552),#3556);
#3552 = CIRCLE('',#3553,4.3);
#3553 = AXIS2_PLACEMENT_2D('',#3554,#3555);
#3554 = CARTESIAN_POINT('',(2.874015668311E-15,-1.010884214683E-15));
#3555 = DIRECTION('',(1.,-5.551115123126E-17));
#3556 = ( GEOMETRIC_REPRESENTATION_CONTEXT(2) 
PARAMETRIC_REPRESENTATION_CONTEXT() REPRESENTATION_CONTEXT('2D SPACE',''
  ) );
#3557 = PCURVE('',#2480,#3558);
#3558 = DEFINITIONAL_REPRESENTATION('',(#3559),#3563);
#3559 = LINE('',#3560,#3561);
#3560 = CARTESIAN_POINT('',(0.,0.));
#3561 = VECTOR('',#3562,1.);
#3562 = DIRECTION('',(1.,0.));
#3563 = ( GEOMETRIC_REPRESENTATION_CONTEXT(2) 
PARAMETRIC_REPRESENTATION_CONTEXT() REPRESENTATION_CONTEXT('2D SPACE',''
  ) );
#3564 = ADVANCED_FACE('',(#3565),#2480,.F.);
#3565 = FACE_BOUND('',#3566,.F.);
#3566 = EDGE_LOOP('',(#3567,#3568));
#3567 = ORIENTED_EDGE('',*,*,#2463,.F.);
#3568 = ORIENTED_EDGE('',*,*,#3543,.T.);
#3569 = ADVANCED_FACE('',(#3570),#2571,.F.);
#3570 = FACE_BOUND('',#3571,.F.);
#3571 = EDGE_LOOP('',(#3572,#3573,#3596,#3622));
#3572 = ORIENTED_EDGE('',*,*,#2554,.F.);
#3573 = ORIENTED_EDGE('',*,*,#3574,.F.);
#3574 = EDGE_CURVE('',#3575,#2555,#3577,.T.);
#3575 = VERTEX_POINT('',#3576);
#3576 = CARTESIAN_POINT('',(-3.066976183798E-15,-12.5230359103,
    35.020711119727));
#3577 = SEAM_CURVE('',#3578,(#3582,#3589),.PCURVE_S1.);
#3578 = LINE('',#3579,#3580);
#3579 = CARTESIAN_POINT('',(-3.066976183798E-15,-12.5230359103,
    35.020711119727));
#3580 = VECTOR('',#3581,1.);
#3581 = DIRECTION('',(0.,1.110223024625E-16,1.));
#3582 = PCURVE('',#2571,#3583);
#3583 = DEFINITIONAL_REPRESENTATION('',(#3584),#3588);
#3584 = LINE('',#3585,#3586);
#3585 = CARTESIAN_POINT('',(6.28318530718,-0.));
#3586 = VECTOR('',#3587,1.);
#3587 = DIRECTION('',(0.,1.));
#3588 = ( GEOMETRIC_REPRESENTATION_CONTEXT(2) 
PARAMETRIC_REPRESENTATION_CONTEXT() REPRESENTATION_CONTEXT('2D SPACE',''
  ) );
#3589 = PCURVE('',#2571,#3590);
#3590 = DEFINITIONAL_REPRESENTATION('',(#3591),#3595);
#3591 = LINE('',#3592,#3593);
#3592 = CARTESIAN_POINT('',(0.,-0.));
#3593 = VECTOR('',#3594,1.);
#3594 = DIRECTION('',(0.,1.));
#3595 = ( GEOMETRIC_REPRESENTATION_CONTEXT(2) 
PARAMETRIC_REPRESENTATION_CONTEXT() REPRESENTATION_CONTEXT('2D SPACE',''
  ) );
#3596 = ORIENTED_EDGE('',*,*,#3597,.T.);
#3597 = EDGE_CURVE('',#3575,#3575,#3598,.T.);
#3598 = SURFACE_CURVE('',#3599,(#3604,#3610),.PCURVE_S1.);
#3599 = CIRCLE('',#3600,12.521880537037);
#3600 = AXIS2_PLACEMENT_3D('',#3601,#3602,#3603);
#3601 = CARTESIAN_POINT('',(0.,-1.15537327106E-03,35.020711119727));
#3602 = DIRECTION('',(-0.,1.110223024625E-16,1.));
#3603 = DIRECTION('',(0.,-1.,1.110223024625E-16));
#3604 = PCURVE('',#2571,#3605);
#3605 = DEFINITIONAL_REPRESENTATION('',(#3606),#3609);
#3606 = B_SPLINE_CURVE_WITH_KNOTS('',1,(#3607,#3608),.UNSPECIFIED.,.F.,
  .F.,(2,2),(0.,6.28318530718),.PIECEWISE_BEZIER_KNOTS.);
#3607 = CARTESIAN_POINT('',(0.,0.));
#3608 = CARTESIAN_POINT('',(6.28318530718,0.));
#3609 = ( GEOMETRIC_REPRESENTATION_CONTEXT(2) 
PARAMETRIC_REPRESENTATION_CONTEXT() REPRESENTATION_CONTEXT('2D SPACE',''
  ) );
#3610 = PCURVE('',#3611,#3616);
#3611 = CONICAL_SURFACE('',#3612,28.6,0.854379279347);
#3612 = AXIS2_PLACEMENT_3D('',#3613,#3614,#3615);
#3613 = CARTESIAN_POINT('',(0.,-1.155373271062E-03,21.020711119727));
#3614 = DIRECTION('',(-0.,-1.110223024625E-16,-1.));
#3615 = DIRECTION('',(0.,-1.,1.110223024625E-16));
#3616 = DEFINITIONAL_REPRESENTATION('',(#3617),#3621);
#3617 = LINE('',#3618,#3619);
#3618 = CARTESIAN_POINT('',(-0.,-14.));
#3619 = VECTOR('',#3620,1.);
#3620 = DIRECTION('',(-1.,-0.));
#3621 = ( GEOMETRIC_REPRESENTATION_CONTEXT(2) 
PARAMETRIC_REPRESENTATION_CONTEXT() REPRESENTATION_CONTEXT('2D SPACE',''
  ) );
#3622 = ORIENTED_EDGE('',*,*,#3574,.T.);
#3623 = ADVANCED_FACE('',(#3624),#2604,.F.);
#3624 = FACE_BOUND('',#3625,.F.);
#3625 = EDGE_LOOP('',(#3626,#3651,#3673,#3674,#3696,#3697));
#3626 = ORIENTED_EDGE('',*,*,#3627,.T.);
#3627 = EDGE_CURVE('',#3628,#3630,#3632,.T.);
#3628 = VERTEX_POINT('',#3629);
#3629 = CARTESIAN_POINT('',(9.160940268519,-19.7513941313,
    33.198988480594));
#3630 = VERTEX_POINT('',#3631);
#3631 = CARTESIAN_POINT('',(10.767909292735,-22.53474612744,
    37.029210696189));
#3632 = SEAM_CURVE('',#3633,(#3637,#3644),.PCURVE_S1.);
#3633 = LINE('',#3634,#3635);
#3634 = CARTESIAN_POINT('',(9.160940268519,-19.7513941313,
    33.198988480594));
#3635 = VECTOR('',#3636,1.);
#3636 = DIRECTION('',(0.321393804843,-0.556670399226,0.766044443119));
#3637 = PCURVE('',#2604,#3638);
#3638 = DEFINITIONAL_REPRESENTATION('',(#3639),#3643);
#3639 = LINE('',#3640,#3641);
#3640 = CARTESIAN_POINT('',(6.28318530718,-0.));
#3641 = VECTOR('',#3642,1.);
#3642 = DIRECTION('',(0.,1.));
#3643 = ( GEOMETRIC_REPRESENTATION_CONTEXT(2) 
PARAMETRIC_REPRESENTATION_CONTEXT() REPRESENTATION_CONTEXT('2D SPACE',''
  ) );
#3644 = PCURVE('',#2604,#3645);
#3645 = DEFINITIONAL_REPRESENTATION('',(#3646),#3650);
#3646 = LINE('',#3647,#3648);
#3647 = CARTESIAN_POINT('',(0.,-0.));
#3648 = VECTOR('',#3649,1.);
#3649 = DIRECTION('',(0.,1.));
#3650 = ( GEOMETRIC_REPRESENTATION_CONTEXT(2) 
PARAMETRIC_REPRESENTATION_CONTEXT() REPRESENTATION_CONTEXT('2D SPACE',''
  ) );
#3651 = ORIENTED_EDGE('',*,*,#3652,.F.);
#3652 = EDGE_CURVE('',#2588,#3630,#3653,.T.);
#3653 = SURFACE_CURVE('',#3654,(#3659,#3666),.PCURVE_S1.);
#3654 = CIRCLE('',#3655,4.8);
#3655 = AXIS2_PLACEMENT_3D('',#3656,#3657,#3658);
#3656 = CARTESIAN_POINT('',(10.767909292735,-18.65172135958,
    39.850933335322));
#3657 = DIRECTION('',(0.321393804843,-0.556670399226,0.766044443119));
#3658 = DIRECTION('',(5.551115123126E-17,-0.808963493304,-0.587858883153
    ));
#3659 = PCURVE('',#2604,#3660);
#3660 = DEFINITIONAL_REPRESENTATION('',(#3661),#3665);
#3661 = LINE('',#3662,#3663);
#3662 = CARTESIAN_POINT('',(0.,5.));
#3663 = VECTOR('',#3664,1.);
#3664 = DIRECTION('',(1.,0.));
#3665 = ( GEOMETRIC_REPRESENTATION_CONTEXT(2) 
PARAMETRIC_REPRESENTATION_CONTEXT() REPRESENTATION_CONTEXT('2D SPACE',''
  ) );
#3666 = PCURVE('',#2637,#3667);
#3667 = DEFINITIONAL_REPRESENTATION('',(#3668),#3672);
#3668 = CIRCLE('',#3669,4.8);
#3669 = AXIS2_PLACEMENT_2D('',#3670,#3671);
#3670 = CARTESIAN_POINT('',(0.,0.));
#3671 = DIRECTION('',(1.,0.));
#3672 = ( GEOMETRIC_REPRESENTATION_CONTEXT(2) 
PARAMETRIC_REPRESENTATION_CONTEXT() REPRESENTATION_CONTEXT('2D SPACE',''
  ) );
#3673 = ORIENTED_EDGE('',*,*,#2585,.F.);
#3674 = ORIENTED_EDGE('',*,*,#3675,.F.);
#3675 = EDGE_CURVE('',#3630,#2586,#3676,.T.);
#3676 = SURFACE_CURVE('',#3677,(#3682,#3689),.PCURVE_S1.);
#3677 = CIRCLE('',#3678,4.8);
#3678 = AXIS2_PLACEMENT_3D('',#3679,#3680,#3681);
#3679 = CARTESIAN_POINT('',(10.767909292735,-18.65172135958,
    39.850933335322));
#3680 = DIRECTION('',(0.321393804843,-0.556670399226,0.766044443119));
#3681 = DIRECTION('',(5.551115123126E-17,-0.808963493304,-0.587858883153
    ));
#3682 = PCURVE('',#2604,#3683);
#3683 = DEFINITIONAL_REPRESENTATION('',(#3684),#3688);
#3684 = LINE('',#3685,#3686);
#3685 = CARTESIAN_POINT('',(0.,5.));
#3686 = VECTOR('',#3687,1.);
#3687 = DIRECTION('',(1.,0.));
#3688 = ( GEOMETRIC_REPRESENTATION_CONTEXT(2) 
PARAMETRIC_REPRESENTATION_CONTEXT() REPRESENTATION_CONTEXT('2D SPACE',''
  ) );
#3689 = PCURVE('',#2637,#3690);
#3690 = DEFINITIONAL_REPRESENTATION('',(#3691),#3695);
#3691 = CIRCLE('',#3692,4.8);
#3692 = AXIS2_PLACEMENT_2D('',#3693,#3694);
#3693 = CARTESIAN_POINT('',(0.,0.));
#3694 = DIRECTION('',(1.,0.));
#3695 = ( GEOMETRIC_REPRESENTATION_CONTEXT(2) 
PARAMETRIC_REPRESENTATION_CONTEXT() REPRESENTATION_CONTEXT('2D SPACE',''
  ) );
#3696 = ORIENTED_EDGE('',*,*,#3627,.F.);
#3697 = ORIENTED_EDGE('',*,*,#3698,.T.);
#3698 = EDGE_CURVE('',#3628,#3628,#3699,.T.);
#3699 = SURFACE_CURVE('',#3700,(#3705,#3712),.PCURVE_S1.);
#3700 = CIRCLE('',#3701,4.8);
#3701 = AXIS2_PLACEMENT_3D('',#3702,#3703,#3704);
#3702 = CARTESIAN_POINT('',(9.160940268519,-15.86836936344,
    36.020711119727));
#3703 = DIRECTION('',(0.321393804843,-0.556670399226,0.766044443119));
#3704 = DIRECTION('',(5.551115123126E-17,-0.808963493304,-0.587858883153
    ));
#3705 = PCURVE('',#2604,#3706);
#3706 = DEFINITIONAL_REPRESENTATION('',(#3707),#3711);
#3707 = LINE('',#3708,#3709);
#3708 = CARTESIAN_POINT('',(0.,0.));
#3709 = VECTOR('',#3710,1.);
#3710 = DIRECTION('',(1.,0.));
#3711 = ( GEOMETRIC_REPRESENTATION_CONTEXT(2) 
PARAMETRIC_REPRESENTATION_CONTEXT() REPRESENTATION_CONTEXT('2D SPACE',''
  ) );
#3712 = PCURVE('',#3713,#3718);
#3713 = PLANE('',#3714);
#3714 = AXIS2_PLACEMENT_3D('',#3715,#3716,#3717);
#3715 = CARTESIAN_POINT('',(9.160940268519,-15.86836936344,
    36.020711119727));
#3716 = DIRECTION('',(0.321393804843,-0.556670399226,0.766044443119));
#3717 = DIRECTION('',(2.775557561563E-17,-0.808963493304,-0.587858883153
    ));
#3718 = DEFINITIONAL_REPRESENTATION('',(#3719),#3723);
#3719 = CIRCLE('',#3720,4.8);
#3720 = AXIS2_PLACEMENT_2D('',#3721,#3722);
#3721 = CARTESIAN_POINT('',(0.,0.));
#3722 = DIRECTION('',(1.,0.));
#3723 = ( GEOMETRIC_REPRESENTATION_CONTEXT(2) 
PARAMETRIC_REPRESENTATION_CONTEXT() REPRESENTATION_CONTEXT('2D SPACE',''
  ) );
#3724 = ADVANCED_FACE('',(#3725),#2637,.F.);
#3725 = FACE_BOUND('',#3726,.F.);
#3726 = EDGE_LOOP('',(#3727,#3728,#3729,#3730,#3731,#3755));
#3727 = ORIENTED_EDGE('',*,*,#2718,.F.);
#3728 = ORIENTED_EDGE('',*,*,#3652,.T.);
#3729 = ORIENTED_EDGE('',*,*,#3675,.T.);
#3730 = ORIENTED_EDGE('',*,*,#2622,.F.);
#3731 = ORIENTED_EDGE('',*,*,#3732,.F.);
#3732 = EDGE_CURVE('',#3733,#2623,#3735,.T.);
#3733 = VERTEX_POINT('',#3734);
#3734 = CARTESIAN_POINT('',(10.767909292735,-22.13026438078,
    37.323140137766));
#3735 = SURFACE_CURVE('',#3736,(#3741,#3748),.PCURVE_S1.);
#3736 = CIRCLE('',#3737,4.3);
#3737 = AXIS2_PLACEMENT_3D('',#3738,#3739,#3740);
#3738 = CARTESIAN_POINT('',(10.767909292735,-18.65172135958,
    39.850933335322));
#3739 = DIRECTION('',(0.321393804843,-0.556670399226,0.766044443119));
#3740 = DIRECTION('',(5.551115123126E-17,-0.808963493304,-0.587858883153
    ));
#3741 = PCURVE('',#2637,#3742);
#3742 = DEFINITIONAL_REPRESENTATION('',(#3743),#3747);
#3743 = CIRCLE('',#3744,4.3);
#3744 = AXIS2_PLACEMENT_2D('',#3745,#3746);
#3745 = CARTESIAN_POINT('',(-2.874015668311E-15,-1.010884214683E-15));
#3746 = DIRECTION('',(1.,5.551115123126E-17));
#3747 = ( GEOMETRIC_REPRESENTATION_CONTEXT(2) 
PARAMETRIC_REPRESENTATION_CONTEXT() REPRESENTATION_CONTEXT('2D SPACE',''
  ) );
#3748 = PCURVE('',#2665,#3749);
#3749 = DEFINITIONAL_REPRESENTATION('',(#3750),#3754);
#3750 = LINE('',#3751,#3752);
#3751 = CARTESIAN_POINT('',(0.,0.));
#3752 = VECTOR('',#3753,1.);
#3753 = DIRECTION('',(1.,0.));
#3754 = ( GEOMETRIC_REPRESENTATION_CONTEXT(2) 
PARAMETRIC_REPRESENTATION_CONTEXT() REPRESENTATION_CONTEXT('2D SPACE',''
  ) );
#3755 = ORIENTED_EDGE('',*,*,#3756,.F.);
#3756 = EDGE_CURVE('',#2689,#3733,#3757,.T.);
#3757 = SURFACE_CURVE('',#3758,(#3763,#3770),.PCURVE_S1.);
#3758 = CIRCLE('',#3759,4.3);
#3759 = AXIS2_PLACEMENT_3D('',#3760,#3761,#3762);
#3760 = CARTESIAN_POINT('',(10.767909292735,-18.65172135958,
    39.850933335322));
#3761 = DIRECTION('',(0.321393804843,-0.556670399226,0.766044443119));
#3762 = DIRECTION('',(5.551115123126E-17,-0.808963493304,-0.587858883153
    ));
#3763 = PCURVE('',#2637,#3764);
#3764 = DEFINITIONAL_REPRESENTATION('',(#3765),#3769);
#3765 = CIRCLE('',#3766,4.3);
#3766 = AXIS2_PLACEMENT_2D('',#3767,#3768);
#3767 = CARTESIAN_POINT('',(-2.874015668311E-15,-1.010884214683E-15));
#3768 = DIRECTION('',(1.,5.551115123126E-17));
#3769 = ( GEOMETRIC_REPRESENTATION_CONTEXT(2) 
PARAMETRIC_REPRESENTATION_CONTEXT() REPRESENTATION_CONTEXT('2D SPACE',''
  ) );
#3770 = PCURVE('',#2665,#3771);
#3771 = DEFINITIONAL_REPRESENTATION('',(#3772),#3776);
#3772 = LINE('',#3773,#3774);
#3773 = CARTESIAN_POINT('',(-6.28318530718,0.));
#3774 = VECTOR('',#3775,1.);
#3775 = DIRECTION('',(1.,0.));
#3776 = ( GEOMETRIC_REPRESENTATION_CONTEXT(2) 
PARAMETRIC_REPRESENTATION_CONTEXT() REPRESENTATION_CONTEXT('2D SPACE',''
  ) );
#3777 = ADVANCED_FACE('',(#3778),#2758,.F.);
#3778 = FACE_BOUND('',#3779,.F.);
#3779 = EDGE_LOOP('',(#3780,#3805,#3827,#3828,#3850,#3851));
#3780 = ORIENTED_EDGE('',*,*,#3781,.T.);
#3781 = EDGE_CURVE('',#3782,#3784,#3786,.T.);
#3782 = VERTEX_POINT('',#3783);
#3783 = CARTESIAN_POINT('',(21.998893864009,-1.155373271061E-03,
    32.935330593231));
#3784 = VERTEX_POINT('',#3785);
#3785 = CARTESIAN_POINT('',(25.212831912441,-1.155373271061E-03,
    36.765552808826));
#3786 = SEAM_CURVE('',#3787,(#3791,#3798),.PCURVE_S1.);
#3787 = LINE('',#3788,#3789);
#3788 = CARTESIAN_POINT('',(21.998893864009,-1.155373271061E-03,
    32.935330593231));
#3789 = VECTOR('',#3790,1.);
#3790 = DIRECTION('',(0.642787609687,8.504801786368E-17,0.766044443119)
  );
#3791 = PCURVE('',#2758,#3792);
#3792 = DEFINITIONAL_REPRESENTATION('',(#3793),#3797);
#3793 = LINE('',#3794,#3795);
#3794 = CARTESIAN_POINT('',(6.28318530718,-0.));
#3795 = VECTOR('',#3796,1.);
#3796 = DIRECTION('',(0.,1.));
#3797 = ( GEOMETRIC_REPRESENTATION_CONTEXT(2) 
PARAMETRIC_REPRESENTATION_CONTEXT() REPRESENTATION_CONTEXT('2D SPACE',''
  ) );
#3798 = PCURVE('',#2758,#3799);
#3799 = DEFINITIONAL_REPRESENTATION('',(#3800),#3804);
#3800 = LINE('',#3801,#3802);
#3801 = CARTESIAN_POINT('',(0.,-0.));
#3802 = VECTOR('',#3803,1.);
#3803 = DIRECTION('',(0.,1.));
#3804 = ( GEOMETRIC_REPRESENTATION_CONTEXT(2) 
PARAMETRIC_REPRESENTATION_CONTEXT() REPRESENTATION_CONTEXT('2D SPACE',''
  ) );
#3805 = ORIENTED_EDGE('',*,*,#3806,.F.);
#3806 = EDGE_CURVE('',#2742,#3784,#3807,.T.);
#3807 = SURFACE_CURVE('',#3808,(#3813,#3820),.PCURVE_S1.);
#3808 = CIRCLE('',#3809,4.8);
#3809 = AXIS2_PLACEMENT_3D('',#3810,#3811,#3812);
#3810 = CARTESIAN_POINT('',(21.53581858547,-1.15537327106E-03,
    39.850933335322));
#3811 = DIRECTION('',(0.642787609687,8.504801786368E-17,0.766044443119)
  );
#3812 = DIRECTION('',(0.766044443119,-7.136376042178E-17,-0.642787609687
    ));
#3813 = PCURVE('',#2758,#3814);
#3814 = DEFINITIONAL_REPRESENTATION('',(#3815),#3819);
#3815 = LINE('',#3816,#3817);
#3816 = CARTESIAN_POINT('',(0.,5.));
#3817 = VECTOR('',#3818,1.);
#3818 = DIRECTION('',(1.,0.));
#3819 = ( GEOMETRIC_REPRESENTATION_CONTEXT(2) 
PARAMETRIC_REPRESENTATION_CONTEXT() REPRESENTATION_CONTEXT('2D SPACE',''
  ) );
#3820 = PCURVE('',#2791,#3821);
#3821 = DEFINITIONAL_REPRESENTATION('',(#3822),#3826);
#3822 = CIRCLE('',#3823,4.8);
#3823 = AXIS2_PLACEMENT_2D('',#3824,#3825);
#3824 = CARTESIAN_POINT('',(0.,0.));
#3825 = DIRECTION('',(1.,0.));
#3826 = ( GEOMETRIC_REPRESENTATION_CONTEXT(2) 
PARAMETRIC_REPRESENTATION_CONTEXT() REPRESENTATION_CONTEXT('2D SPACE',''
  ) );
#3827 = ORIENTED_EDGE('',*,*,#2739,.F.);
#3828 = ORIENTED_EDGE('',*,*,#3829,.F.);
#3829 = EDGE_CURVE('',#3784,#2740,#3830,.T.);
#3830 = SURFACE_CURVE('',#3831,(#3836,#3843),.PCURVE_S1.);
#3831 = CIRCLE('',#3832,4.8);
#3832 = AXIS2_PLACEMENT_3D('',#3833,#3834,#3835);
#3833 = CARTESIAN_POINT('',(21.53581858547,-1.15537327106E-03,
    39.850933335322));
#3834 = DIRECTION('',(0.642787609687,8.504801786368E-17,0.766044443119)
  );
#3835 = DIRECTION('',(0.766044443119,-7.136376042178E-17,-0.642787609687
    ));
#3836 = PCURVE('',#2758,#3837);
#3837 = DEFINITIONAL_REPRESENTATION('',(#3838),#3842);
#3838 = LINE('',#3839,#3840);
#3839 = CARTESIAN_POINT('',(0.,5.));
#3840 = VECTOR('',#3841,1.);
#3841 = DIRECTION('',(1.,0.));
#3842 = ( GEOMETRIC_REPRESENTATION_CONTEXT(2) 
PARAMETRIC_REPRESENTATION_CONTEXT() REPRESENTATION_CONTEXT('2D SPACE',''
  ) );
#3843 = PCURVE('',#2791,#3844);
#3844 = DEFINITIONAL_REPRESENTATION('',(#3845),#3849);
#3845 = CIRCLE('',#3846,4.8);
#3846 = AXIS2_PLACEMENT_2D('',#3847,#3848);
#3847 = CARTESIAN_POINT('',(0.,0.));
#3848 = DIRECTION('',(1.,0.));
#3849 = ( GEOMETRIC_REPRESENTATION_CONTEXT(2) 
PARAMETRIC_REPRESENTATION_CONTEXT() REPRESENTATION_CONTEXT('2D SPACE',''
  ) );
#3850 = ORIENTED_EDGE('',*,*,#3781,.F.);
#3851 = ORIENTED_EDGE('',*,*,#3852,.T.);
#3852 = EDGE_CURVE('',#3782,#3782,#3853,.T.);
#3853 = SURFACE_CURVE('',#3854,(#3859,#3866),.PCURVE_S1.);
#3854 = CIRCLE('',#3855,4.8);
#3855 = AXIS2_PLACEMENT_3D('',#3856,#3857,#3858);
#3856 = CARTESIAN_POINT('',(18.321880537037,-1.15537327106E-03,
    36.020711119727));
#3857 = DIRECTION('',(0.642787609687,8.504801786368E-17,0.766044443119)
  );
#3858 = DIRECTION('',(0.766044443119,-7.136376042178E-17,-0.642787609687
    ));
#3859 = PCURVE('',#2758,#3860);
#3860 = DEFINITIONAL_REPRESENTATION('',(#3861),#3865);
#3861 = LINE('',#3862,#3863);
#3862 = CARTESIAN_POINT('',(0.,0.));
#3863 = VECTOR('',#3864,1.);
#3864 = DIRECTION('',(1.,0.));
#3865 = ( GEOMETRIC_REPRESENTATION_CONTEXT(2) 
PARAMETRIC_REPRESENTATION_CONTEXT() REPRESENTATION_CONTEXT('2D SPACE',''
  ) );
#3866 = PCURVE('',#3867,#3872);
#3867 = PLANE('',#3868);
#3868 = AXIS2_PLACEMENT_3D('',#3869,#3870,#3871);
#3869 = CARTESIAN_POINT('',(18.321880537037,-1.15537327106E-03,
    36.020711119727));
#3870 = DIRECTION('',(0.642787609687,8.504801786368E-17,0.766044443119)
  );
#3871 = DIRECTION('',(0.766044443119,-7.136376042178E-17,-0.642787609687
    ));
#3872 = DEFINITIONAL_REPRESENTATION('',(#3873),#3877);
#3873 = CIRCLE('',#3874,4.8);
#3874 = AXIS2_PLACEMENT_2D('',#3875,#3876);
#3875 = CARTESIAN_POINT('',(0.,0.));
#3876 = DIRECTION('',(1.,0.));
#3877 = ( GEOMETRIC_REPRESENTATION_CONTEXT(2) 
PARAMETRIC_REPRESENTATION_CONTEXT() REPRESENTATION_CONTEXT('2D SPACE',''
  ) );
#3878 = ADVANCED_FACE('',(#3879),#2791,.F.);
#3879 = FACE_BOUND('',#3880,.F.);
#3880 = EDGE_LOOP('',(#3881,#3882,#3883,#3884,#3885,#3909));
#3881 = ORIENTED_EDGE('',*,*,#2867,.F.);
#3882 = ORIENTED_EDGE('',*,*,#3806,.T.);
#3883 = ORIENTED_EDGE('',*,*,#3829,.T.);
#3884 = ORIENTED_EDGE('',*,*,#2776,.F.);
#3885 = ORIENTED_EDGE('',*,*,#3886,.F.);
#3886 = EDGE_CURVE('',#3887,#2777,#3889,.T.);
#3887 = VERTEX_POINT('',#3888);
#3888 = CARTESIAN_POINT('',(24.829809690882,-1.155373271061E-03,
    37.086946613669));
#3889 = SURFACE_CURVE('',#3890,(#3895,#3902),.PCURVE_S1.);
#3890 = CIRCLE('',#3891,4.3);
#3891 = AXIS2_PLACEMENT_3D('',#3892,#3893,#3894);
#3892 = CARTESIAN_POINT('',(21.53581858547,-1.15537327106E-03,
    39.850933335322));
#3893 = DIRECTION('',(0.642787609687,8.504801786368E-17,0.766044443119)
  );
#3894 = DIRECTION('',(0.766044443119,-7.136376042178E-17,-0.642787609687
    ));
#3895 = PCURVE('',#2791,#3896);
#3896 = DEFINITIONAL_REPRESENTATION('',(#3897),#3901);
#3897 = CIRCLE('',#3898,4.3);
#3898 = AXIS2_PLACEMENT_2D('',#3899,#3900);
#3899 = CARTESIAN_POINT('',(0.,0.));
#3900 = DIRECTION('',(1.,0.));
#3901 = ( GEOMETRIC_REPRESENTATION_CONTEXT(2) 
PARAMETRIC_REPRESENTATION_CONTEXT() REPRESENTATION_CONTEXT('2D SPACE',''
  ) );
#3902 = PCURVE('',#2819,#3903);
#3903 = DEFINITIONAL_REPRESENTATION('',(#3904),#3908);
#3904 = LINE('',#3905,#3906);
#3905 = CARTESIAN_POINT('',(0.,0.));
#3906 = VECTOR('',#3907,1.);
#3907 = DIRECTION('',(1.,0.));
#3908 = ( GEOMETRIC_REPRESENTATION_CONTEXT(2) 
PARAMETRIC_REPRESENTATION_CONTEXT() REPRESENTATION_CONTEXT('2D SPACE',''
  ) );
#3909 = ORIENTED_EDGE('',*,*,#3910,.F.);
#3910 = EDGE_CURVE('',#2838,#3887,#3911,.T.);
#3911 = SURFACE_CURVE('',#3912,(#3917,#3924),.PCURVE_S1.);
#3912 = CIRCLE('',#3913,4.3);
#3913 = AXIS2_PLACEMENT_3D('',#3914,#3915,#3916);
#3914 = CARTESIAN_POINT('',(21.53581858547,-1.15537327106E-03,
    39.850933335322));
#3915 = DIRECTION('',(0.642787609687,8.504801786368E-17,0.766044443119)
  );
#3916 = DIRECTION('',(0.766044443119,-7.136376042178E-17,-0.642787609687
    ));
#3917 = PCURVE('',#2791,#3918);
#3918 = DEFINITIONAL_REPRESENTATION('',(#3919),#3923);
#3919 = CIRCLE('',#3920,4.3);
#3920 = AXIS2_PLACEMENT_2D('',#3921,#3922);
#3921 = CARTESIAN_POINT('',(0.,0.));
#3922 = DIRECTION('',(1.,0.));
#3923 = ( GEOMETRIC_REPRESENTATION_CONTEXT(2) 
PARAMETRIC_REPRESENTATION_CONTEXT() REPRESENTATION_CONTEXT('2D SPACE',''
  ) );
#3924 = PCURVE('',#2819,#3925);
#3925 = DEFINITIONAL_REPRESENTATION('',(#3926),#3930);
#3926 = LINE('',#3927,#3928);
#3927 = CARTESIAN_POINT('',(-6.28318530718,0.));
#3928 = VECTOR('',#3929,1.);
#3929 = DIRECTION('',(1.,0.));
#3930 = ( GEOMETRIC_REPRESENTATION_CONTEXT(2) 
PARAMETRIC_REPRESENTATION_CONTEXT() REPRESENTATION_CONTEXT('2D SPACE',''
  ) );
#3931 = ADVANCED_FACE('',(#3932,#3963),#2935,.T.);
#3932 = FACE_BOUND('',#3933,.T.);
#3933 = EDGE_LOOP('',(#3934));
#3934 = ORIENTED_EDGE('',*,*,#3935,.T.);
#3935 = EDGE_CURVE('',#3936,#3936,#3938,.T.);
#3936 = VERTEX_POINT('',#3937);
#3937 = CARTESIAN_POINT('',(-7.739767770611E-15,-31.60115537327,9.));
#3938 = SURFACE_CURVE('',#3939,(#3944,#3951),.PCURVE_S1.);
#3939 = CIRCLE('',#3940,31.6);
#3940 = AXIS2_PLACEMENT_3D('',#3941,#3942,#3943);
#3941 = CARTESIAN_POINT('',(0.,-1.155373271063E-03,9.));
#3942 = DIRECTION('',(-0.,1.110223024625E-16,1.));
#3943 = DIRECTION('',(0.,-1.,1.110223024625E-16));
#3944 = PCURVE('',#2935,#3945);
#3945 = DEFINITIONAL_REPRESENTATION('',(#3946),#3950);
#3946 = CIRCLE('',#3947,31.6);
#3947 = AXIS2_PLACEMENT_2D('',#3948,#3949);
#3948 = CARTESIAN_POINT('',(0.,0.));
#3949 = DIRECTION('',(1.,0.));
#3950 = ( GEOMETRIC_REPRESENTATION_CONTEXT(2) 
PARAMETRIC_REPRESENTATION_CONTEXT() REPRESENTATION_CONTEXT('2D SPACE',''
  ) );
#3951 = PCURVE('',#3952,#3957);
#3952 = CYLINDRICAL_SURFACE('',#3953,31.6);
#3953 = AXIS2_PLACEMENT_3D('',#3954,#3955,#3956);
#3954 = CARTESIAN_POINT('',(0.,-1.155373271064E-03,3.552713678801E-15));
#3955 = DIRECTION('',(0.,1.110223024625E-16,1.));
#3956 = DIRECTION('',(0.,-1.,1.110223024625E-16));
#3957 = DEFINITIONAL_REPRESENTATION('',(#3958),#3962);
#3958 = LINE('',#3959,#3960);
#3959 = CARTESIAN_POINT('',(0.,9.));
#3960 = VECTOR('',#3961,1.);
#3961 = DIRECTION('',(1.,0.));
#3962 = ( GEOMETRIC_REPRESENTATION_CONTEXT(2) 
PARAMETRIC_REPRESENTATION_CONTEXT() REPRESENTATION_CONTEXT('2D SPACE',''
  ) );
#3963 = FACE_BOUND('',#3964,.T.);
#3964 = EDGE_LOOP('',(#3965));
#3965 = ORIENTED_EDGE('',*,*,#2920,.F.);
#3966 = ADVANCED_FACE('',(#3967),#2990,.F.);
#3967 = FACE_BOUND('',#3968,.F.);
#3968 = EDGE_LOOP('',(#3969,#3992,#4013,#4014));
#3969 = ORIENTED_EDGE('',*,*,#3970,.F.);
#3970 = EDGE_CURVE('',#3971,#3971,#3973,.T.);
#3971 = VERTEX_POINT('',#3972);
#3972 = CARTESIAN_POINT('',(-7.004979691123E-15,-28.60115537327,
    21.020711119727));
#3973 = SURFACE_CURVE('',#3974,(#3979,#3986),.PCURVE_S1.);
#3974 = CIRCLE('',#3975,28.6);
#3975 = AXIS2_PLACEMENT_3D('',#3976,#3977,#3978);
#3976 = CARTESIAN_POINT('',(0.,-1.155373271062E-03,21.020711119727));
#3977 = DIRECTION('',(-0.,1.110223024625E-16,1.));
#3978 = DIRECTION('',(0.,-1.,1.110223024625E-16));
#3979 = PCURVE('',#2990,#3980);
#3980 = DEFINITIONAL_REPRESENTATION('',(#3981),#3985);
#3981 = LINE('',#3982,#3983);
#3982 = CARTESIAN_POINT('',(0.,5.020711119727));
#3983 = VECTOR('',#3984,1.);
#3984 = DIRECTION('',(1.,0.));
#3985 = ( GEOMETRIC_REPRESENTATION_CONTEXT(2) 
PARAMETRIC_REPRESENTATION_CONTEXT() REPRESENTATION_CONTEXT('2D SPACE',''
  ) );
#3986 = PCURVE('',#3611,#3987);
#3987 = DEFINITIONAL_REPRESENTATION('',(#3988),#3991);
#3988 = B_SPLINE_CURVE_WITH_KNOTS('',1,(#3989,#3990),.UNSPECIFIED.,.F.,
  .F.,(2,2),(0.,6.28318530718),.PIECEWISE_BEZIER_KNOTS.);
#3989 = CARTESIAN_POINT('',(0.,0.));
#3990 = CARTESIAN_POINT('',(-6.28318530718,0.));
#3991 = ( GEOMETRIC_REPRESENTATION_CONTEXT(2) 
PARAMETRIC_REPRESENTATION_CONTEXT() REPRESENTATION_CONTEXT('2D SPACE',''
  ) );
#3992 = ORIENTED_EDGE('',*,*,#3993,.F.);
#3993 = EDGE_CURVE('',#2953,#3971,#3994,.T.);
#3994 = SEAM_CURVE('',#3995,(#3999,#4006),.PCURVE_S1.);
#3995 = LINE('',#3996,#3997);
#3996 = CARTESIAN_POINT('',(-7.004979691123E-15,-28.60115537327,16.));
#3997 = VECTOR('',#3998,1.);
#3998 = DIRECTION('',(0.,1.110223024625E-16,1.));
#3999 = PCURVE('',#2990,#4000);
#4000 = DEFINITIONAL_REPRESENTATION('',(#4001),#4005);
#4001 = LINE('',#4002,#4003);
#4002 = CARTESIAN_POINT('',(6.28318530718,-0.));
#4003 = VECTOR('',#4004,1.);
#4004 = DIRECTION('',(0.,1.));
#4005 = ( GEOMETRIC_REPRESENTATION_CONTEXT(2) 
PARAMETRIC_REPRESENTATION_CONTEXT() REPRESENTATION_CONTEXT('2D SPACE',''
  ) );
#4006 = PCURVE('',#2990,#4007);
#4007 = DEFINITIONAL_REPRESENTATION('',(#4008),#4012);
#4008 = LINE('',#4009,#4010);
#4009 = CARTESIAN_POINT('',(0.,-0.));
#4010 = VECTOR('',#4011,1.);
#4011 = DIRECTION('',(0.,1.));
#4012 = ( GEOMETRIC_REPRESENTATION_CONTEXT(2) 
PARAMETRIC_REPRESENTATION_CONTEXT() REPRESENTATION_CONTEXT('2D SPACE',''
  ) );
#4013 = ORIENTED_EDGE('',*,*,#2975,.T.);
#4014 = ORIENTED_EDGE('',*,*,#3993,.T.);
#4015 = ADVANCED_FACE('',(#4016,#4019),#3147,.T.);
#4016 = FACE_BOUND('',#4017,.T.);
#4017 = EDGE_LOOP('',(#4018));
#4018 = ORIENTED_EDGE('',*,*,#3132,.T.);
#4019 = FACE_BOUND('',#4020,.T.);
#4020 = EDGE_LOOP('',(#4021));
#4021 = ORIENTED_EDGE('',*,*,#4022,.T.);
#4022 = EDGE_CURVE('',#4023,#4023,#4025,.T.);
#4023 = VERTEX_POINT('',#4024);
#4024 = CARTESIAN_POINT('',(-9.160940268519,17.079503856863,
    35.138922794998));
#4025 = SURFACE_CURVE('',#4026,(#4031,#4042),.PCURVE_S1.);
#4026 = CIRCLE('',#4027,1.5);
#4027 = AXIS2_PLACEMENT_3D('',#4028,#4029,#4030);
#4028 = CARTESIAN_POINT('',(-9.160940268519,15.866058616907,
    36.020711119727));
#4029 = DIRECTION('',(0.321393804843,-0.556670399226,-0.766044443119));
#4030 = DIRECTION('',(0.,0.808963493304,-0.587858883153));
#4031 = PCURVE('',#3147,#4032);
#4032 = DEFINITIONAL_REPRESENTATION('',(#4033),#4041);
#4033 = ( BOUNDED_CURVE() B_SPLINE_CURVE(2,(#4034,#4035,#4036,#4037,
#4038,#4039,#4040),.UNSPECIFIED.,.T.,.F.) B_SPLINE_CURVE_WITH_KNOTS((1,2
    ,2,2,2,1),(-2.094395102393,0.,2.094395102393,4.188790204786,
6.28318530718,8.377580409573),.UNSPECIFIED.) CURVE() 
GEOMETRIC_REPRESENTATION_ITEM() RATIONAL_B_SPLINE_CURVE((1.,0.5,1.,0.5,
1.,0.5,1.)) REPRESENTATION_ITEM('') );
#4034 = CARTESIAN_POINT('',(-1.5,0.));
#4035 = CARTESIAN_POINT('',(-1.5,2.598076211353));
#4036 = CARTESIAN_POINT('',(0.75,1.299038105677));
#4037 = CARTESIAN_POINT('',(3.,3.673940397442E-16));
#4038 = CARTESIAN_POINT('',(0.75,-1.299038105677));
#4039 = CARTESIAN_POINT('',(-1.5,-2.598076211353));
#4040 = CARTESIAN_POINT('',(-1.5,0.));
#4041 = ( GEOMETRIC_REPRESENTATION_CONTEXT(2) 
PARAMETRIC_REPRESENTATION_CONTEXT() REPRESENTATION_CONTEXT('2D SPACE',''
  ) );
#4042 = PCURVE('',#4043,#4048);
#4043 = CYLINDRICAL_SURFACE('',#4044,1.5);
#4044 = AXIS2_PLACEMENT_3D('',#4045,#4046,#4047);
#4045 = CARTESIAN_POINT('',(-9.160940268519,15.866058616907,
    36.020711119727));
#4046 = DIRECTION('',(0.321393804843,-0.556670399226,-0.766044443119));
#4047 = DIRECTION('',(0.,0.808963493304,-0.587858883153));
#4048 = DEFINITIONAL_REPRESENTATION('',(#4049),#4053);
#4049 = LINE('',#4050,#4051);
#4050 = CARTESIAN_POINT('',(0.,0.));
#4051 = VECTOR('',#4052,1.);
#4052 = DIRECTION('',(1.,0.));
#4053 = ( GEOMETRIC_REPRESENTATION_CONTEXT(2) 
PARAMETRIC_REPRESENTATION_CONTEXT() REPRESENTATION_CONTEXT('2D SPACE',''
  ) );
#4054 = ADVANCED_FACE('',(#4055,#4058),#3258,.T.);
#4055 = FACE_BOUND('',#4056,.T.);
#4056 = EDGE_LOOP('',(#4057));
#4057 = ORIENTED_EDGE('',*,*,#3243,.T.);
#4058 = FACE_BOUND('',#4059,.T.);
#4059 = EDGE_LOOP('',(#4060));
#4060 = ORIENTED_EDGE('',*,*,#4061,.T.);
#4061 = EDGE_CURVE('',#4062,#4062,#4064,.T.);
#4062 = VERTEX_POINT('',#4063);
#4063 = CARTESIAN_POINT('',(-19.47094720171,-1.155373271063E-03,
    35.056529705197));
#4064 = SURFACE_CURVE('',#4065,(#4070,#4081),.PCURVE_S1.);
#4065 = CIRCLE('',#4066,1.5);
#4066 = AXIS2_PLACEMENT_3D('',#4067,#4068,#4069);
#4067 = CARTESIAN_POINT('',(-18.32188053703,-1.155373271062E-03,
    36.020711119727));
#4068 = DIRECTION('',(0.642787609687,-6.329238990265E-18,-0.766044443119
    ));
#4069 = DIRECTION('',(-0.766044443119,-7.136376042178E-17,
    -0.642787609687));
#4070 = PCURVE('',#3258,#4071);
#4071 = DEFINITIONAL_REPRESENTATION('',(#4072),#4080);
#4072 = ( BOUNDED_CURVE() B_SPLINE_CURVE(2,(#4073,#4074,#4075,#4076,
#4077,#4078,#4079),.UNSPECIFIED.,.T.,.F.) B_SPLINE_CURVE_WITH_KNOTS((1,2
    ,2,2,2,1),(-2.094395102393,0.,2.094395102393,4.188790204786,
6.28318530718,8.377580409573),.UNSPECIFIED.) CURVE() 
GEOMETRIC_REPRESENTATION_ITEM() RATIONAL_B_SPLINE_CURVE((1.,0.5,1.,0.5,
1.,0.5,1.)) REPRESENTATION_ITEM('') );
#4073 = CARTESIAN_POINT('',(-1.5,-1.848892746612E-32));
#4074 = CARTESIAN_POINT('',(-1.5,2.598076211353));
#4075 = CARTESIAN_POINT('',(0.75,1.299038105677));
#4076 = CARTESIAN_POINT('',(3.,3.673940397442E-16));
#4077 = CARTESIAN_POINT('',(0.75,-1.299038105677));
#4078 = CARTESIAN_POINT('',(-1.5,-2.598076211353));
#4079 = CARTESIAN_POINT('',(-1.5,-1.848892746612E-32));
#4080 = ( GEOMETRIC_REPRESENTATION_CONTEXT(2) 
PARAMETRIC_REPRESENTATION_CONTEXT() REPRESENTATION_CONTEXT('2D SPACE',''
  ) );
#4081 = PCURVE('',#4082,#4087);
#4082 = CYLINDRICAL_SURFACE('',#4083,1.5);
#4083 = AXIS2_PLACEMENT_3D('',#4084,#4085,#4086);
#4084 = CARTESIAN_POINT('',(-18.32188053703,-1.155373271062E-03,
    36.020711119727));
#4085 = DIRECTION('',(0.642787609687,-6.329238990265E-18,-0.766044443119
    ));
#4086 = DIRECTION('',(-0.766044443119,-7.136376042178E-17,
    -0.642787609687));
#4087 = DEFINITIONAL_REPRESENTATION('',(#4088),#4092);
#4088 = LINE('',#4089,#4090);
#4089 = CARTESIAN_POINT('',(0.,0.));
#4090 = VECTOR('',#4091,1.);
#4091 = DIRECTION('',(1.,0.));
#4092 = ( GEOMETRIC_REPRESENTATION_CONTEXT(2) 
PARAMETRIC_REPRESENTATION_CONTEXT() REPRESENTATION_CONTEXT('2D SPACE',''
  ) );
#4093 = ADVANCED_FACE('',(#4094,#4097),#3394,.T.);
#4094 = FACE_BOUND('',#4095,.T.);
#4095 = EDGE_LOOP('',(#4096));
#4096 = ORIENTED_EDGE('',*,*,#3379,.T.);
#4097 = FACE_BOUND('',#4098,.T.);
#4098 = EDGE_LOOP('',(#4099));
#4099 = ORIENTED_EDGE('',*,*,#4100,.T.);
#4100 = EDGE_CURVE('',#4101,#4101,#4103,.T.);
#4101 = VERTEX_POINT('',#4102);
#4102 = CARTESIAN_POINT('',(-9.160940268519,-14.65492412349,
    36.902499444455));
#4103 = SURFACE_CURVE('',#4104,(#4109,#4120),.PCURVE_S1.);
#4104 = CIRCLE('',#4105,1.5);
#4105 = AXIS2_PLACEMENT_3D('',#4106,#4107,#4108);
#4106 = CARTESIAN_POINT('',(-9.160940268519,-15.86836936344,
    36.020711119727));
#4107 = DIRECTION('',(0.321393804843,0.556670399226,-0.766044443119));
#4108 = DIRECTION('',(0.,0.808963493304,0.587858883153));
#4109 = PCURVE('',#3394,#4110);
#4110 = DEFINITIONAL_REPRESENTATION('',(#4111),#4119);
#4111 = ( BOUNDED_CURVE() B_SPLINE_CURVE(2,(#4112,#4113,#4114,#4115,
#4116,#4117,#4118),.UNSPECIFIED.,.T.,.F.) B_SPLINE_CURVE_WITH_KNOTS((1,2
    ,2,2,2,1),(-2.094395102393,0.,2.094395102393,4.188790204786,
6.28318530718,8.377580409573),.UNSPECIFIED.) CURVE() 
GEOMETRIC_REPRESENTATION_ITEM() RATIONAL_B_SPLINE_CURVE((1.,0.5,1.,0.5,
1.,0.5,1.)) REPRESENTATION_ITEM('') );
#4112 = CARTESIAN_POINT('',(-1.5,4.163336342344E-17));
#4113 = CARTESIAN_POINT('',(-1.5,2.598076211353));
#4114 = CARTESIAN_POINT('',(0.75,1.299038105677));
#4115 = CARTESIAN_POINT('',(3.,2.841273128973E-16));
#4116 = CARTESIAN_POINT('',(0.75,-1.299038105677));
#4117 = CARTESIAN_POINT('',(-1.5,-2.598076211353));
#4118 = CARTESIAN_POINT('',(-1.5,4.163336342344E-17));
#4119 = ( GEOMETRIC_REPRESENTATION_CONTEXT(2) 
PARAMETRIC_REPRESENTATION_CONTEXT() REPRESENTATION_CONTEXT('2D SPACE',''
  ) );
#4120 = PCURVE('',#4121,#4126);
#4121 = CYLINDRICAL_SURFACE('',#4122,1.5);
#4122 = AXIS2_PLACEMENT_3D('',#4123,#4124,#4125);
#4123 = CARTESIAN_POINT('',(-9.160940268519,-15.86836936344,
    36.020711119727));
#4124 = DIRECTION('',(0.321393804843,0.556670399226,-0.766044443119));
#4125 = DIRECTION('',(0.,0.808963493304,0.587858883153));
#4126 = DEFINITIONAL_REPRESENTATION('',(#4127),#4131);
#4127 = LINE('',#4128,#4129);
#4128 = CARTESIAN_POINT('',(0.,0.));
#4129 = VECTOR('',#4130,1.);
#4130 = DIRECTION('',(1.,0.));
#4131 = ( GEOMETRIC_REPRESENTATION_CONTEXT(2) 
PARAMETRIC_REPRESENTATION_CONTEXT() REPRESENTATION_CONTEXT('2D SPACE',''
  ) );
#4132 = ADVANCED_FACE('',(#4133,#4136),#3523,.T.);
#4133 = FACE_BOUND('',#4134,.T.);
#4134 = EDGE_LOOP('',(#4135));
#4135 = ORIENTED_EDGE('',*,*,#3508,.T.);
#4136 = FACE_BOUND('',#4137,.T.);
#4137 = EDGE_LOOP('',(#4138));
#4138 = ORIENTED_EDGE('',*,*,#4139,.T.);
#4139 = EDGE_CURVE('',#4140,#4140,#4142,.T.);
#4140 = VERTEX_POINT('',#4141);
#4141 = CARTESIAN_POINT('',(9.160940268519,17.079503856863,
    35.138922794998));
#4142 = SURFACE_CURVE('',#4143,(#4148,#4159),.PCURVE_S1.);
#4143 = CIRCLE('',#4144,1.5);
#4144 = AXIS2_PLACEMENT_3D('',#4145,#4146,#4147);
#4145 = CARTESIAN_POINT('',(9.160940268519,15.866058616907,
    36.020711119727));
#4146 = DIRECTION('',(-0.321393804843,-0.556670399226,-0.766044443119));
#4147 = DIRECTION('',(5.551115123126E-17,0.808963493304,-0.587858883153)
  );
#4148 = PCURVE('',#3523,#4149);
#4149 = DEFINITIONAL_REPRESENTATION('',(#4150),#4158);
#4150 = ( BOUNDED_CURVE() B_SPLINE_CURVE(2,(#4151,#4152,#4153,#4154,
#4155,#4156,#4157),.UNSPECIFIED.,.T.,.F.) B_SPLINE_CURVE_WITH_KNOTS((1,2
    ,2,2,2,1),(-2.094395102393,0.,2.094395102393,4.188790204786,
6.28318530718,8.377580409573),.UNSPECIFIED.) CURVE() 
GEOMETRIC_REPRESENTATION_ITEM() RATIONAL_B_SPLINE_CURVE((1.,0.5,1.,0.5,
1.,0.5,1.)) REPRESENTATION_ITEM('') );
#4151 = CARTESIAN_POINT('',(-1.5,8.326672684689E-17));
#4152 = CARTESIAN_POINT('',(-1.5,2.598076211353));
#4153 = CARTESIAN_POINT('',(0.75,1.299038105677));
#4154 = CARTESIAN_POINT('',(3.,2.008605860504E-16));
#4155 = CARTESIAN_POINT('',(0.75,-1.299038105677));
#4156 = CARTESIAN_POINT('',(-1.5,-2.598076211353));
#4157 = CARTESIAN_POINT('',(-1.5,8.326672684689E-17));
#4158 = ( GEOMETRIC_REPRESENTATION_CONTEXT(2) 
PARAMETRIC_REPRESENTATION_CONTEXT() REPRESENTATION_CONTEXT('2D SPACE',''
  ) );
#4159 = PCURVE('',#4160,#4165);
#4160 = CYLINDRICAL_SURFACE('',#4161,1.5);
#4161 = AXIS2_PLACEMENT_3D('',#4162,#4163,#4164);
#4162 = CARTESIAN_POINT('',(9.160940268519,15.866058616907,
    36.020711119727));
#4163 = DIRECTION('',(-0.321393804843,-0.556670399226,-0.766044443119));
#4164 = DIRECTION('',(2.775557561563E-17,0.808963493304,-0.587858883153)
  );
#4165 = DEFINITIONAL_REPRESENTATION('',(#4166),#4170);
#4166 = LINE('',#4167,#4168);
#4167 = CARTESIAN_POINT('',(0.,0.));
#4168 = VECTOR('',#4169,1.);
#4169 = DIRECTION('',(1.,0.));
#4170 = ( GEOMETRIC_REPRESENTATION_CONTEXT(2) 
PARAMETRIC_REPRESENTATION_CONTEXT() REPRESENTATION_CONTEXT('2D SPACE',''
  ) );
#4171 = ADVANCED_FACE('',(#4172,#4198,#4630,#5032,#5429,#5841,#6223),
  #3611,.F.);
#4172 = FACE_BOUND('',#4173,.F.);
#4173 = EDGE_LOOP('',(#4174,#4175,#4196,#4197));
#4174 = ORIENTED_EDGE('',*,*,#3970,.T.);
#4175 = ORIENTED_EDGE('',*,*,#4176,.T.);
#4176 = EDGE_CURVE('',#3971,#3575,#4177,.T.);
#4177 = SEAM_CURVE('',#4178,(#4182,#4189),.PCURVE_S1.);
#4178 = LINE('',#4179,#4180);
#4179 = CARTESIAN_POINT('',(-7.004979691123E-15,-28.60115537327,
    21.020711119727));
#4180 = VECTOR('',#4181,1.);
#4181 = DIRECTION('',(1.84716769157E-16,0.754163442413,0.656686761042));
#4182 = PCURVE('',#3611,#4183);
#4183 = DEFINITIONAL_REPRESENTATION('',(#4184),#4188);
#4184 = LINE('',#4185,#4186);
#4185 = CARTESIAN_POINT('',(0.,-0.));
#4186 = VECTOR('',#4187,1.);
#4187 = DIRECTION('',(-0.,-1.));
#4188 = ( GEOMETRIC_REPRESENTATION_CONTEXT(2) 
PARAMETRIC_REPRESENTATION_CONTEXT() REPRESENTATION_CONTEXT('2D SPACE',''
  ) );
#4189 = PCURVE('',#3611,#4190);
#4190 = DEFINITIONAL_REPRESENTATION('',(#4191),#4195);
#4191 = LINE('',#4192,#4193);
#4192 = CARTESIAN_POINT('',(-6.28318530718,0.));
#4193 = VECTOR('',#4194,1.);
#4194 = DIRECTION('',(-0.,-1.));
#4195 = ( GEOMETRIC_REPRESENTATION_CONTEXT(2) 
PARAMETRIC_REPRESENTATION_CONTEXT() REPRESENTATION_CONTEXT('2D SPACE',''
  ) );
#4196 = ORIENTED_EDGE('',*,*,#3597,.F.);
#4197 = ORIENTED_EDGE('',*,*,#4176,.F.);
#4198 = FACE_BOUND('',#4199,.F.);
#4199 = EDGE_LOOP('',(#4200));
#4200 = ORIENTED_EDGE('',*,*,#4201,.T.);
#4201 = EDGE_CURVE('',#4202,#4202,#4204,.T.);
#4202 = VERTEX_POINT('',#4203);
#4203 = CARTESIAN_POINT('',(7.699548466951,-12.12371927341,
    33.419261585043));
#4204 = SURFACE_CURVE('',#4205,(#4343,#4484),.PCURVE_S1.);
#4205 = B_SPLINE_CURVE_WITH_KNOTS('',6,(#4206,#4207,#4208,#4209,#4210,
    #4211,#4212,#4213,#4214,#4215,#4216,#4217,#4218,#4219,#4220,#4221,
    #4222,#4223,#4224,#4225,#4226,#4227,#4228,#4229,#4230,#4231,#4232,
    #4233,#4234,#4235,#4236,#4237,#4238,#4239,#4240,#4241,#4242,#4243,
    #4244,#4245,#4246,#4247,#4248,#4249,#4250,#4251,#4252,#4253,#4254,
    #4255,#4256,#4257,#4258,#4259,#4260,#4261,#4262,#4263,#4264,#4265,
    #4266,#4267,#4268,#4269,#4270,#4271,#4272,#4273,#4274,#4275,#4276,
    #4277,#4278,#4279,#4280,#4281,#4282,#4283,#4284,#4285,#4286,#4287,
    #4288,#4289,#4290,#4291,#4292,#4293,#4294,#4295,#4296,#4297,#4298,
    #4299,#4300,#4301,#4302,#4303,#4304,#4305,#4306,#4307,#4308,#4309,
    #4310,#4311,#4312,#4313,#4314,#4315,#4316,#4317,#4318,#4319,#4320,
    #4321,#4322,#4323,#4324,#4325,#4326,#4327,#4328,#4329,#4330,#4331,
    #4332,#4333,#4334,#4335,#4336,#4337,#4338,#4339,#4340,#4341,#4342),
  .UNSPECIFIED.,.T.,.F.,(7,5,5,5,5,5,5,5,5,5,5,5,5,5,5,5,5,5,5,5,5,5,5,5
    ,5,5,5,7),(0.,4.834210772157E-02,8.203863271375E-02,0.108473046858,
    0.179500359123,0.266350637064,0.300243390716,0.345349813343,
    0.381989106273,0.401373205874,0.413767060639,0.441281810636,
    0.481186957199,0.501025676945,0.537202698632,0.58230210164,
    0.616190558702,0.703036767531,0.765830111715,0.789272173706,
    0.819901988235,0.859884757761,0.890836268316,0.907508829906,
    0.941284589545,0.967522957698,0.979524525202,1.),.UNSPECIFIED.);
#4206 = CARTESIAN_POINT('',(7.699548466951,-12.12371927341,
    33.419261585043));
#4207 = CARTESIAN_POINT('',(7.776766656023,-12.10664375077,33.3957636282
    ));
#4208 = CARTESIAN_POINT('',(7.852550449088,-12.09407783025,
    33.369218572228));
#4209 = CARTESIAN_POINT('',(7.926461633757,-12.08587186875,
    33.340018048644));
#4210 = CARTESIAN_POINT('',(7.998204704743,-12.08180292765,
    33.308545314503));
#4211 = CARTESIAN_POINT('',(8.067592021286,-12.08163479068,
    33.275132992718));
#4212 = CARTESIAN_POINT('',(8.181173846548,-12.08759820003,
    33.215596352156));
#4213 = CARTESIAN_POINT('',(8.226629419667,-12.09183652084,
    33.190332155964));
#4214 = CARTESIAN_POINT('',(8.270852148786,-12.0977894292,
    33.164349841574));
#4215 = CARTESIAN_POINT('',(8.313815979621,-12.10538611157,
    33.137731827384));
#4216 = CARTESIAN_POINT('',(8.355502996493,-12.11456076019,
    33.110550684006));
#4217 = CARTESIAN_POINT('',(8.427593988086,-12.13364280637,33.0611529289
    ));
#4218 = CARTESIAN_POINT('',(8.458492623702,-12.14296596487,
    33.03912939665));
#4219 = CARTESIAN_POINT('',(8.48859174039,-12.15319470951,
    33.016828772858));
#4220 = CARTESIAN_POINT('',(8.517886022214,-12.16430213454,
    32.994279098091));
#4221 = CARTESIAN_POINT('',(8.546370768919,-12.17626326251,
    32.971505966903));
#4222 = CARTESIAN_POINT('',(8.64839216403,-12.22342561404,
    32.886804599181));
#4223 = CARTESIAN_POINT('',(8.716855227373,-12.26378711577,
    32.823641544906));
#4224 = CARTESIAN_POINT('',(8.779374949775,-12.30969976238,
    32.759476308577));
#4225 = CARTESIAN_POINT('',(8.83583492323,-12.36080415022,
    32.694677902185));
#4226 = CARTESIAN_POINT('',(8.88609676884,-12.41677961839,
    32.629570880728));
#4227 = CARTESIAN_POINT('',(8.983607352083,-12.55144746492,
    32.484798845156));
#4228 = CARTESIAN_POINT('',(9.027665366046,-12.63238784349,
    32.405159173322));
#4229 = CARTESIAN_POINT('',(9.061808197714,-12.71970697756,
    32.326029453778));
#4230 = CARTESIAN_POINT('',(9.085473434141,-12.81292583933,
    32.247976412846));
#4231 = CARTESIAN_POINT('',(9.097994478993,-12.91147038722,
    32.171631988149));
#4232 = CARTESIAN_POINT('',(9.098705564594,-13.05495621561,
    32.068881794078));
#4233 = CARTESIAN_POINT('',(9.097076183491,-13.09593758683,
    32.040414773273));
#4234 = CARTESIAN_POINT('',(9.093567208885,-13.13758048073,
    32.012368489278));
#4235 = CARTESIAN_POINT('',(9.08812447546,-13.1798346813,31.984793857025
    ));
#4236 = CARTESIAN_POINT('',(9.080691536784,-13.22264214193,
    31.957747002266));
#4237 = CARTESIAN_POINT('',(9.05859361725,-13.32355445069,31.89607758733
    ));
#4238 = CARTESIAN_POINT('',(9.042350226572,-13.38203096196,
    31.861911481372));
#4239 = CARTESIAN_POINT('',(9.02234566544,-13.44121177487,31.82893307329
    ));
#4240 = CARTESIAN_POINT('',(8.998443060069,-13.5008990835,
    31.797311592686));
#4241 = CARTESIAN_POINT('',(8.970521465557,-13.56084838968,
    31.767238403201));
#4242 = CARTESIAN_POINT('',(8.912477767874,-13.66943556066,
    31.715921213229));
#4243 = CARTESIAN_POINT('',(8.883753986352,-13.71808163016,
    31.694080828992));
#4244 = CARTESIAN_POINT('',(8.852278574333,-13.76654298194,
    31.673513926536));
#4245 = CARTESIAN_POINT('',(8.818027507613,-13.81462894893,
    31.654344568606));
#4246 = CARTESIAN_POINT('',(8.781010950469,-13.86212239914,
    31.636700835459));
#4247 = CARTESIAN_POINT('',(8.720272211015,-13.93346899758,
    31.612246555978));
#4248 = CARTESIAN_POINT('',(8.698499355936,-13.9579217575,
    31.604247326999));
#4249 = CARTESIAN_POINT('',(8.675978032991,-13.9821051712,
    31.596728919607));
#4250 = CARTESIAN_POINT('',(8.652721510812,-14.00598196335,
    31.589709296296));
#4251 = CARTESIAN_POINT('',(8.628747549575,-14.02951375903,
    31.583205514716));
#4252 = CARTESIAN_POINT('',(8.588305378211,-14.06746107886,
    31.573415471324));
#4253 = CARTESIAN_POINT('',(8.572248193854,-14.08210397261,
    31.569814641611));
#4254 = CARTESIAN_POINT('',(8.555912749906,-14.09657947257,
    31.566435415889));
#4255 = CARTESIAN_POINT('',(8.539305767681,-14.11087733318,
    31.563281656369));
#4256 = CARTESIAN_POINT('',(8.522434787825,-14.12498735571,
    31.560356910112));
#4257 = CARTESIAN_POINT('',(8.467286537184,-14.16978454103,
    31.551686971389));
#4258 = CARTESIAN_POINT('',(8.428003307097,-14.1996953328,
    31.546853858636));
#4259 = CARTESIAN_POINT('',(8.387553096392,-14.22851857962,
    31.543200646819));
#4260 = CARTESIAN_POINT('',(8.346045945044,-14.25614915678,
    31.540752574819));
#4261 = CARTESIAN_POINT('',(8.303607579218,-14.28249241552,
    31.539523020265));
#4262 = CARTESIAN_POINT('',(8.197685449776,-14.34368711731,
    31.539495956971));
#4263 = CARTESIAN_POINT('',(8.133317940142,-14.37703496559,
    31.542043125862));
#4264 = CARTESIAN_POINT('',(8.067719287301,-14.40725355223,
    31.547154134276));
#4265 = CARTESIAN_POINT('',(8.001335853645,-14.43418400376,
    31.55476912709));
#4266 = CARTESIAN_POINT('',(7.934605600555,-14.45775103741,
    31.564780414432));
#4267 = CARTESIAN_POINT('',(7.834805589088,-14.48799010392,
    31.583142516526));
#4268 = CARTESIAN_POINT('',(7.801680040169,-14.49719941796,
    31.589797463221));
#4269 = CARTESIAN_POINT('',(7.768617444601,-14.50557722993,
    31.596992678602));
#4270 = CARTESIAN_POINT('',(7.735662917346,-14.51312764789,
    31.604709871241));
#4271 = CARTESIAN_POINT('',(7.702858064352,-14.51985843283,
    31.61292976395));
#4272 = CARTESIAN_POINT('',(7.610761898678,-14.53658113069,
    31.637501281885));
#4273 = CARTESIAN_POINT('',(7.551907901651,-14.54469282073,
    31.654974975136));
#4274 = CARTESIAN_POINT('',(7.49390642592,-14.55018346304,
    31.673932734753));
#4275 = CARTESIAN_POINT('',(7.436942742503,-14.55314929963,
    31.694251362729));
#4276 = CARTESIAN_POINT('',(7.3811641066,-14.55370203787,31.715811534365
    ));
#4277 = CARTESIAN_POINT('',(7.258767187794,-14.54977813958,
    31.76679410291));
#4278 = CARTESIAN_POINT('',(7.192872981754,-14.54402769341,
    31.796842149893));
#4279 = CARTESIAN_POINT('',(7.129212719105,-14.53492659908,
    31.828439910846));
#4280 = CARTESIAN_POINT('',(7.067938014157,-14.52270178389,
    31.861395943933));
#4281 = CARTESIAN_POINT('',(7.009151997809,-14.50757069403,
    31.895540929406));
#4282 = CARTESIAN_POINT('',(6.910667463879,-14.4763195682,
    31.957176170791));
#4283 = CARTESIAN_POINT('',(6.869858673727,-14.46138104102,
    31.984209497145));
#4284 = CARTESIAN_POINT('',(6.83052335533,-14.44499487678,
    32.011771259432));
#4285 = CARTESIAN_POINT('',(6.792683615862,-14.42723901259,
    32.039805296501));
#4286 = CARTESIAN_POINT('',(6.756355903678,-14.40818549826,
    32.068260662801));
#4287 = CARTESIAN_POINT('',(6.632360895833,-14.33591339538,
    32.170977265982));
#4288 = CARTESIAN_POINT('',(6.553211370083,-14.27585346781,
    32.247303296911));
#4289 = CARTESIAN_POINT('',(6.484243999738,-14.20880082216,
    32.325341473075));
#4290 = CARTESIAN_POINT('',(6.42562261237,-14.13562047544,
    32.404459537841));
#4291 = CARTESIAN_POINT('',(6.377480550985,-14.05703954351,
    32.484090680379));
#4292 = CARTESIAN_POINT('',(6.313014704303,-13.91324412288,
    32.621306020539));
#4293 = CARTESIAN_POINT('',(6.291579302604,-13.85037302562,
    32.678871216056));
#4294 = CARTESIAN_POINT('',(6.275851768715,-13.7851820234,
    32.736221796363));
#4295 = CARTESIAN_POINT('',(6.265968462539,-13.71786786887,
    32.793136016949));
#4296 = CARTESIAN_POINT('',(6.262095444028,-13.6486232656,
    32.849367565245));
#4297 = CARTESIAN_POINT('',(6.265335933792,-13.55112780341,
    32.925269196065));
#4298 = CARTESIAN_POINT('',(6.267085419341,-13.5243822359,
    32.945767161764));
#4299 = CARTESIAN_POINT('',(6.269714959423,-13.49740420145,
    32.966115128563));
#4300 = CARTESIAN_POINT('',(6.273236919821,-13.47020446173,
    32.986296801356));
#4301 = CARTESIAN_POINT('',(6.277664574798,-13.44279441276,
    33.006294605559));
#4302 = CARTESIAN_POINT('',(6.289999287778,-13.37911255348,
    33.051954292226));
#4303 = CARTESIAN_POINT('',(6.298556663556,-13.34270119267,
    33.077472330576));
#4304 = CARTESIAN_POINT('',(6.30871634905,-13.30597814836,33.10260212345
    ));
#4305 = CARTESIAN_POINT('',(6.320512034273,-13.2689741825,
    33.127296280732));
#4306 = CARTESIAN_POINT('',(6.333978984632,-13.2317246732,
    33.151501700896));
#4307 = CARTESIAN_POINT('',(6.368962870595,-13.1453774815,
    33.206041480772));
#4308 = CARTESIAN_POINT('',(6.391680636453,-13.09613868117,
    33.235988120067));
#4309 = CARTESIAN_POINT('',(6.417388855492,-13.04663956102,
    33.264870984562));
#4310 = CARTESIAN_POINT('',(6.446167504667,-12.996995585,33.292534231951
    ));
#4311 = CARTESIAN_POINT('',(6.47808277687,-12.94735325843,
    33.318799074236));
#4312 = CARTESIAN_POINT('',(6.540340345421,-12.85960308353,
    33.36256504065));
#4313 = CARTESIAN_POINT('',(6.569407951957,-12.82142501771,
    33.380704445551));
#4314 = CARTESIAN_POINT('',(6.600393683682,-12.78344358168,
    33.397794161992));
#4315 = CARTESIAN_POINT('',(6.633299317108,-12.74576277342,
    33.413732219299));
#4316 = CARTESIAN_POINT('',(6.668103637882,-12.7085037351,
    33.428412880575));
#4317 = CARTESIAN_POINT('',(6.724495884972,-12.65203448302,
    33.448907532751));
#4318 = CARTESIAN_POINT('',(6.744773368314,-12.63242763316,
    33.45568760488));
#4319 = CARTESIAN_POINT('',(6.765577751725,-12.61300493469,
    33.462056336197));
#4320 = CARTESIAN_POINT('',(6.786897478684,-12.59378927369,
    33.467997997088));
#4321 = CARTESIAN_POINT('',(6.808717835049,-12.57480456394,
    33.473497632959));
#4322 = CARTESIAN_POINT('',(6.876203245381,-12.51813436525,
    33.488758193854));
#4323 = CARTESIAN_POINT('',(6.923373408344,-12.4812372263,33.49710496111
    ));
#4324 = CARTESIAN_POINT('',(6.972368923749,-12.44560131016,
    33.503462278152));
#4325 = CARTESIAN_POINT('',(7.022983616303,-12.4114391341,
    33.507739495262));
#4326 = CARTESIAN_POINT('',(7.074963876165,-12.37894946801,
    33.509885784496));
#4327 = CARTESIAN_POINT('',(7.169209274196,-12.32450456415,
    33.509913749861));
#4328 = CARTESIAN_POINT('',(7.211059782539,-12.3018129548,
    33.508640264265));
#4329 = CARTESIAN_POINT('',(7.253416277557,-12.28031438334,
    33.506080788653));
#4330 = CARTESIAN_POINT('',(7.296138682935,-12.26007111985,
    33.502253367344));
#4331 = CARTESIAN_POINT('',(7.339088812986,-12.24112820115,
    33.497191674601));
#4332 = CARTESIAN_POINT('',(7.401820481126,-12.21545875877,
    33.488083835825));
#4333 = CARTESIAN_POINT('',(7.421528813173,-12.20768044131,
    33.48497677222));
#4334 = CARTESIAN_POINT('',(7.441244760566,-12.20018274346,
    33.481625566852));
#4335 = CARTESIAN_POINT('',(7.460956447225,-12.19296755132,
    33.478035037951));
#4336 = CARTESIAN_POINT('',(7.480652563196,-12.18603603009,
    33.474210386684));
#4337 = CARTESIAN_POINT('',(7.533880358136,-12.16804770598,
    33.463242185433));
#4338 = CARTESIAN_POINT('',(7.567361889215,-12.15753376992,
    33.455661887596));
#4339 = CARTESIAN_POINT('',(7.600713746087,-12.14784921275,
    33.447443767521));
#4340 = CARTESIAN_POINT('',(7.633888771301,-12.13899079231,
    33.438617393244));
#4341 = CARTESIAN_POINT('',(7.666845611465,-12.13095097335,
    33.429213255297));
#4342 = CARTESIAN_POINT('',(7.699548466951,-12.12371927341,
    33.419261585043));
#4343 = PCURVE('',#3611,#4344);
#4344 = DEFINITIONAL_REPRESENTATION('',(#4345),#4483);
#4345 = B_SPLINE_CURVE_WITH_KNOTS('',6,(#4346,#4347,#4348,#4349,#4350,
    #4351,#4352,#4353,#4354,#4355,#4356,#4357,#4358,#4359,#4360,#4361,
    #4362,#4363,#4364,#4365,#4366,#4367,#4368,#4369,#4370,#4371,#4372,
    #4373,#4374,#4375,#4376,#4377,#4378,#4379,#4380,#4381,#4382,#4383,
    #4384,#4385,#4386,#4387,#4388,#4389,#4390,#4391,#4392,#4393,#4394,
    #4395,#4396,#4397,#4398,#4399,#4400,#4401,#4402,#4403,#4404,#4405,
    #4406,#4407,#4408,#4409,#4410,#4411,#4412,#4413,#4414,#4415,#4416,
    #4417,#4418,#4419,#4420,#4421,#4422,#4423,#4424,#4425,#4426,#4427,
    #4428,#4429,#4430,#4431,#4432,#4433,#4434,#4435,#4436,#4437,#4438,
    #4439,#4440,#4441,#4442,#4443,#4444,#4445,#4446,#4447,#4448,#4449,
    #4450,#4451,#4452,#4453,#4454,#4455,#4456,#4457,#4458,#4459,#4460,
    #4461,#4462,#4463,#4464,#4465,#4466,#4467,#4468,#4469,#4470,#4471,
    #4472,#4473,#4474,#4475,#4476,#4477,#4478,#4479,#4480,#4481,#4482),
  .UNSPECIFIED.,.T.,.F.,(7,5,5,5,5,5,5,5,5,5,5,5,5,5,5,5,5,5,5,5,5,5,5,5
    ,5,5,5,7),(0.,4.834210772157E-02,8.203863271375E-02,0.108473046858,
    0.179500359123,0.266350637064,0.300243390716,0.345349813343,
    0.381989106273,0.401373205874,0.413767060639,0.441281810636,
    0.481186957199,0.501025676945,0.537202698632,0.58230210164,
    0.616190558702,0.703036767531,0.765830111715,0.789272173706,
    0.819901988235,0.859884757761,0.890836268316,0.907508829906,
    0.941284589545,0.967522957698,0.979524525202,1.),.UNSPECIFIED.);
#4346 = CARTESIAN_POINT('',(-0.565859159115,-12.39855046531));
#4347 = CARTESIAN_POINT('',(-0.571035450353,-12.37505250864));
#4348 = CARTESIAN_POINT('',(-0.575935729329,-12.34850745215));
#4349 = CARTESIAN_POINT('',(-0.580536721708,-12.31930692922));
#4350 = CARTESIAN_POINT('',(-0.58482885417,-12.28783419466));
#4351 = CARTESIAN_POINT('',(-0.588811179313,-12.25442187299));
#4352 = CARTESIAN_POINT('',(-0.595050831273,-12.19488523242));
#4353 = CARTESIAN_POINT('',(-0.597465099922,-12.16962103623));
#4354 = CARTESIAN_POINT('',(-0.599732157691,-12.14363872184));
#4355 = CARTESIAN_POINT('',(-0.601854065638,-12.11702070765));
#4356 = CARTESIAN_POINT('',(-0.603833318823,-12.08983956427));
#4357 = CARTESIAN_POINT('',(-0.607115510805,-12.04044180917));
#4358 = CARTESIAN_POINT('',(-0.608472237437,-12.01841827692));
#4359 = CARTESIAN_POINT('',(-0.609744088177,-11.99611765313));
#4360 = CARTESIAN_POINT('',(-0.610932343251,-11.97356797836));
#4361 = CARTESIAN_POINT('',(-0.612038267464,-11.95079484717));
#4362 = CARTESIAN_POINT('',(-0.615816786682,-11.86609347945));
#4363 = CARTESIAN_POINT('',(-0.617984580601,-11.80293042517));
#4364 = CARTESIAN_POINT('',(-0.619591598441,-11.73876518885));
#4365 = CARTESIAN_POINT('',(-0.620657219036,-11.67396678245));
#4366 = CARTESIAN_POINT('',(-0.62119796667,-11.608859761));
#4367 = CARTESIAN_POINT('',(-0.621257368708,-11.46408772543));
#4368 = CARTESIAN_POINT('',(-0.620521484391,-11.38444805359));
#4369 = CARTESIAN_POINT('',(-0.6190382501,-11.30531833405));
#4370 = CARTESIAN_POINT('',(-0.6168157074,-11.22726529312));
#4371 = CARTESIAN_POINT('',(-0.61385845232,-11.15092086842));
#4372 = CARTESIAN_POINT('',(-0.608717337913,-11.04817067435));
#4373 = CARTESIAN_POINT('',(-0.607161615272,-11.01970365354));
#4374 = CARTESIAN_POINT('',(-0.605493108282,-10.99165736955));
#4375 = CARTESIAN_POINT('',(-0.603711625643,-10.96408273729));
#4376 = CARTESIAN_POINT('',(-0.601817022518,-10.93703588253));
#4377 = CARTESIAN_POINT('',(-0.597137209496,-10.8753664676));
#4378 = CARTESIAN_POINT('',(-0.594264894751,-10.84120036164));
#4379 = CARTESIAN_POINT('',(-0.591192113808,-10.80822195356));
#4380 = CARTESIAN_POINT('',(-0.58791966421,-10.77660047296));
#4381 = CARTESIAN_POINT('',(-0.584450083885,-10.74652728347));
#4382 = CARTESIAN_POINT('',(-0.577814056618,-10.6952100935));
#4383 = CARTESIAN_POINT('',(-0.574713124209,-10.67336970926));
#4384 = CARTESIAN_POINT('',(-0.571488563207,-10.65280280681));
#4385 = CARTESIAN_POINT('',(-0.568144927821,-10.63363344888));
#4386 = CARTESIAN_POINT('',(-0.564688917149,-10.61598971573));
#4387 = CARTESIAN_POINT('',(-0.559247043223,-10.59153543625));
#4388 = CARTESIAN_POINT('',(-0.557335351683,-10.58353620727));
#4389 = CARTESIAN_POINT('',(-0.555396271929,-10.57601779988));
#4390 = CARTESIAN_POINT('',(-0.55343144429,-10.56899817657));
#4391 = CARTESIAN_POINT('',(-0.551442735036,-10.56249439498));
#4392 = CARTESIAN_POINT('',(-0.548146758648,-10.55270435159));
#4393 = CARTESIAN_POINT('',(-0.54685237312,-10.54910352188));
#4394 = CARTESIAN_POINT('',(-0.545549630235,-10.54572429616));
#4395 = CARTESIAN_POINT('',(-0.544239115584,-10.54257053664));
#4396 = CARTESIAN_POINT('',(-0.542921449904,-10.53964579038));
#4397 = CARTESIAN_POINT('',(-0.538657610137,-10.53097585166));
#4398 = CARTESIAN_POINT('',(-0.535685787847,-10.5261427389));
#4399 = CARTESIAN_POINT('',(-0.532689235494,-10.52248952709));
#4400 = CARTESIAN_POINT('',(-0.529675782672,-10.52004145509));
#4401 = CARTESIAN_POINT('',(-0.526653687191,-10.51881190053));
#4402 = CARTESIAN_POINT('',(-0.519248726619,-10.51878483724));
#4403 = CARTESIAN_POINT('',(-0.514865056441,-10.52133200613));
#4404 = CARTESIAN_POINT('',(-0.510507891187,-10.52644301454));
#4405 = CARTESIAN_POINT('',(-0.506201814865,-10.53405800736));
#4406 = CARTESIAN_POINT('',(-0.501968903543,-10.5440692947));
#4407 = CARTESIAN_POINT('',(-0.49577069236,-10.5624313968));
#4408 = CARTESIAN_POINT('',(-0.493735273148,-10.56908634349));
#4409 = CARTESIAN_POINT('',(-0.491724876636,-10.57628155887));
#4410 = CARTESIAN_POINT('',(-0.48974150138,-10.58399875151));
#4411 = CARTESIAN_POINT('',(-0.487786898368,-10.59221864422));
#4412 = CARTESIAN_POINT('',(-0.482353451855,-10.61679016215));
#4413 = CARTESIAN_POINT('',(-0.478945072927,-10.6342638554));
#4414 = CARTESIAN_POINT('',(-0.475646408591,-10.65322161502));
#4415 = CARTESIAN_POINT('',(-0.472463874794,-10.673540243));
#4416 = CARTESIAN_POINT('',(-0.469401852002,-10.69510041463));
#4417 = CARTESIAN_POINT('',(-0.46279980305,-10.74608298318));
#4418 = CARTESIAN_POINT('',(-0.459328385138,-10.77613103016));
#4419 = CARTESIAN_POINT('',(-0.456053997654,-10.80772879111));
#4420 = CARTESIAN_POINT('',(-0.452979193444,-10.8406848242));
#4421 = CARTESIAN_POINT('',(-0.450104779364,-10.87482980967));
#4422 = CARTESIAN_POINT('',(-0.445421107408,-10.93646505106));
#4423 = CARTESIAN_POINT('',(-0.443524782102,-10.96349837741));
#4424 = CARTESIAN_POINT('',(-0.441741545886,-10.9910601397));
#4425 = CARTESIAN_POINT('',(-0.440071254915,-11.01909417677));
#4426 = CARTESIAN_POINT('',(-0.438513717966,-11.04754954307));
#4427 = CARTESIAN_POINT('',(-0.433365733719,-11.15026614625));
#4428 = CARTESIAN_POINT('',(-0.430403371605,-11.22659217718));
#4429 = CARTESIAN_POINT('',(-0.428175622157,-11.30463035334));
#4430 = CARTESIAN_POINT('',(-0.42668704967,-11.38374841811));
#4431 = CARTESIAN_POINT('',(-0.425945653504,-11.46337956065));
#4432 = CARTESIAN_POINT('',(-0.425992071741,-11.60059490081));
#4433 = CARTESIAN_POINT('',(-0.426413223622,-11.65816009632));
#4434 = CARTESIAN_POINT('',(-0.427243601766,-11.71551067663));
#4435 = CARTESIAN_POINT('',(-0.428494047404,-11.77242489722));
#4436 = CARTESIAN_POINT('',(-0.43017741462,-11.82865644551));
#4437 = CARTESIAN_POINT('',(-0.433106106767,-11.90455807633));
#4438 = CARTESIAN_POINT('',(-0.433964809086,-11.92505604203));
#4439 = CARTESIAN_POINT('',(-0.434886908757,-11.94540400883));
#4440 = CARTESIAN_POINT('',(-0.435873257479,-11.96558568163));
#4441 = CARTESIAN_POINT('',(-0.436924733743,-11.98558348583));
#4442 = CARTESIAN_POINT('',(-0.439502400065,-12.0312431725));
#4443 = CARTESIAN_POINT('',(-0.441075246834,-12.05676121084));
#4444 = CARTESIAN_POINT('',(-0.442762865754,-12.08189100372));
#4445 = CARTESIAN_POINT('',(-0.444567222564,-12.106585161));
#4446 = CARTESIAN_POINT('',(-0.446490166134,-12.13079058117));
#4447 = CARTESIAN_POINT('',(-0.451200610361,-12.18533036104));
#4448 = CARTESIAN_POINT('',(-0.454072593556,-12.21527700034));
#4449 = CARTESIAN_POINT('',(-0.457153216216,-12.24415986483));
#4450 = CARTESIAN_POINT('',(-0.460445041878,-12.27182311222));
#4451 = CARTESIAN_POINT('',(-0.463948253566,-12.29808795451));
#4452 = CARTESIAN_POINT('',(-0.470532539637,-12.34185392092));
#4453 = CARTESIAN_POINT('',(-0.473530051199,-12.35999332582));
#4454 = CARTESIAN_POINT('',(-0.476650312147,-12.37708304226));
#4455 = CARTESIAN_POINT('',(-0.479889774076,-12.39302109957));
#4456 = CARTESIAN_POINT('',(-0.483242523351,-12.40770176084));
#4457 = CARTESIAN_POINT('',(-0.488561957955,-12.42819641302));
#4458 = CARTESIAN_POINT('',(-0.490454501626,-12.43497648515));
#4459 = CARTESIAN_POINT('',(-0.492375918307,-12.44134521647));
#4460 = CARTESIAN_POINT('',(-0.494324534902,-12.44728687736));
#4461 = CARTESIAN_POINT('',(-0.496298411755,-12.45278651323));
#4462 = CARTESIAN_POINT('',(-0.502340783278,-12.46804707412));
#4463 = CARTESIAN_POINT('',(-0.506481439865,-12.47639384138));
#4464 = CARTESIAN_POINT('',(-0.510697828334,-12.48275115842));
#4465 = CARTESIAN_POINT('',(-0.514967234319,-12.48702837553));
#4466 = CARTESIAN_POINT('',(-0.519264145986,-12.48917466477));
#4467 = CARTESIAN_POINT('',(-0.526898412579,-12.48920263013));
#4468 = CARTESIAN_POINT('',(-0.530236404227,-12.48792914453));
#4469 = CARTESIAN_POINT('',(-0.533561810525,-12.48536966892));
#4470 = CARTESIAN_POINT('',(-0.536862456631,-12.48154224761));
#4471 = CARTESIAN_POINT('',(-0.540127004369,-12.47648055487));
#4472 = CARTESIAN_POINT('',(-0.544817092026,-12.46737271609));
#4473 = CARTESIAN_POINT('',(-0.546279395729,-12.46426565249));
#4474 = CARTESIAN_POINT('',(-0.547731066047,-12.46091444712));
#4475 = CARTESIAN_POINT('',(-0.549171214978,-12.45732391822));
#4476 = CARTESIAN_POINT('',(-0.550599024046,-12.45349926695));
#4477 = CARTESIAN_POINT('',(-0.554427351433,-12.4425310657));
#4478 = CARTESIAN_POINT('',(-0.556802869244,-12.43495076791));
#4479 = CARTESIAN_POINT('',(-0.559136581172,-12.42673264776));
#4480 = CARTESIAN_POINT('',(-0.561425426954,-12.41790627345));
#4481 = CARTESIAN_POINT('',(-0.563666935726,-12.40850213564));
#4482 = CARTESIAN_POINT('',(-0.565859159115,-12.39855046531));
#4483 = ( GEOMETRIC_REPRESENTATION_CONTEXT(2) 
PARAMETRIC_REPRESENTATION_CONTEXT() REPRESENTATION_CONTEXT('2D SPACE',''
  ) );
#4484 = PCURVE('',#4485,#4490);
#4485 = CYLINDRICAL_SURFACE('',#4486,1.5);
#4486 = AXIS2_PLACEMENT_3D('',#4487,#4488,#4489);
#4487 = CARTESIAN_POINT('',(9.160940268519,-15.86836936344,
    36.020711119727));
#4488 = DIRECTION('',(-0.321393804843,0.556670399226,-0.766044443119));
#4489 = DIRECTION('',(-2.775557561563E-17,0.808963493304,0.587858883153)
  );
#4490 = DEFINITIONAL_REPRESENTATION('',(#4491),#4629);
#4491 = B_SPLINE_CURVE_WITH_KNOTS('',6,(#4492,#4493,#4494,#4495,#4496,
    #4497,#4498,#4499,#4500,#4501,#4502,#4503,#4504,#4505,#4506,#4507,
    #4508,#4509,#4510,#4511,#4512,#4513,#4514,#4515,#4516,#4517,#4518,
    #4519,#4520,#4521,#4522,#4523,#4524,#4525,#4526,#4527,#4528,#4529,
    #4530,#4531,#4532,#4533,#4534,#4535,#4536,#4537,#4538,#4539,#4540,
    #4541,#4542,#4543,#4544,#4545,#4546,#4547,#4548,#4549,#4550,#4551,
    #4552,#4553,#4554,#4555,#4556,#4557,#4558,#4559,#4560,#4561,#4562,
    #4563,#4564,#4565,#4566,#4567,#4568,#4569,#4570,#4571,#4572,#4573,
    #4574,#4575,#4576,#4577,#4578,#4579,#4580,#4581,#4582,#4583,#4584,
    #4585,#4586,#4587,#4588,#4589,#4590,#4591,#4592,#4593,#4594,#4595,
    #4596,#4597,#4598,#4599,#4600,#4601,#4602,#4603,#4604,#4605,#4606,
    #4607,#4608,#4609,#4610,#4611,#4612,#4613,#4614,#4615,#4616,#4617,
    #4618,#4619,#4620,#4621,#4622,#4623,#4624,#4625,#4626,#4627,#4628),
  .UNSPECIFIED.,.F.,.F.,(7,5,5,5,5,5,5,5,5,5,5,5,5,5,5,5,5,5,5,5,5,5,5,5
    ,5,5,5,7),(0.,4.834210772157E-02,8.203863271375E-02,0.108473046858,
    0.179500359123,0.266350637064,0.300243390716,0.345349813343,
    0.381989106273,0.401373205874,0.413767060639,0.441281810636,
    0.481186957199,0.501025676945,0.537202698632,0.58230210164,
    0.616190558702,0.703036767531,0.765830111715,0.789272173706,
    0.819901988235,0.859884757761,0.890836268316,0.907508829906,
    0.941284589545,0.967522957698,0.979524525202,1.),.UNSPECIFIED.);
#4492 = CARTESIAN_POINT('',(2.960594732334E-16,4.547044092155));
#4493 = CARTESIAN_POINT('',(5.497129878762E-02,4.549732561832));
#4494 = CARTESIAN_POINT('',(0.108997182327,4.552705888848));
#4495 = CARTESIAN_POINT('',(0.162051188715,4.555888206679));
#4496 = CARTESIAN_POINT('',(0.214155203665,4.559205000289));
#4497 = CARTESIAN_POINT('',(0.265356978057,4.562593266928));
#4498 = CARTESIAN_POINT('',(0.350855659621,4.568376831146));
#4499 = CARTESIAN_POINT('',(0.385572519791,4.570761840914));
#4500 = CARTESIAN_POINT('',(0.419915079103,4.573138729428));
#4501 = CARTESIAN_POINT('',(0.453909765879,4.575492154011));
#4502 = CARTESIAN_POINT('',(0.487584054397,4.577808913582));
#4503 = CARTESIAN_POINT('',(0.547156532895,4.581857781033));
#4504 = CARTESIAN_POINT('',(0.573165984963,4.583608229104));
#4505 = CARTESIAN_POINT('',(0.599009652718,4.585323789039));
#4506 = CARTESIAN_POINT('',(0.624700977935,4.586999666665));
#4507 = CARTESIAN_POINT('',(0.650253173614,4.588631670262));
#4508 = CARTESIAN_POINT('',(0.743997137513,4.594473752923));
#4509 = CARTESIAN_POINT('',(0.811392988107,4.59838780196));
#4510 = CARTESIAN_POINT('',(0.878142436621,4.601889561912));
#4511 = CARTESIAN_POINT('',(0.944461469516,4.604933835383));
#4512 = CARTESIAN_POINT('',(1.01055914041,4.607494975365));
#4513 = CARTESIAN_POINT('',(1.157500630529,4.612091887481));
#4514 = CARTESIAN_POINT('',(1.238311909689,4.613882329948));
#4515 = CARTESIAN_POINT('',(1.319532595725,4.614917940091));
#4516 = CARTESIAN_POINT('',(1.401511047229,4.61521199699));
#4517 = CARTESIAN_POINT('',(1.484590910217,4.614814200232));
#4518 = CARTESIAN_POINT('',(1.602242664364,4.613422563548));
#4519 = CARTESIAN_POINT('',(1.635498656354,4.612940123366));
#4520 = CARTESIAN_POINT('',(1.669009234886,4.612371219694));
#4521 = CARTESIAN_POINT('',(1.702796687065,4.611722211606));
#4522 = CARTESIAN_POINT('',(1.736882838784,4.611000558644));
#4523 = CARTESIAN_POINT('',(1.817080858639,4.609169310502));
#4524 = CARTESIAN_POINT('',(1.863437470795,4.608010448371));
#4525 = CARTESIAN_POINT('',(1.910414167437,4.606758509891));
#4526 = CARTESIAN_POINT('',(1.958054562562,4.605437960757));
#4527 = CARTESIAN_POINT('',(2.006392669333,4.604077183737));
#4528 = CARTESIAN_POINT('',(2.095305966721,4.60159605298));
#4529 = CARTESIAN_POINT('',(2.135632944371,4.60047857646));
#4530 = CARTESIAN_POINT('',(2.176445007722,4.599372740187));
#4531 = CARTESIAN_POINT('',(2.217742508546,4.598297366516));
#4532 = CARTESIAN_POINT('',(2.259513269973,4.597271944503));
#4533 = CARTESIAN_POINT('',(2.324064385608,4.595809524547));
#4534 = CARTESIAN_POINT('',(2.346523577674,4.595322822565));
#4535 = CARTESIAN_POINT('',(2.369102879715,4.594858279883));
#4536 = CARTESIAN_POINT('',(2.391796533123,4.594418622045));
#4537 = CARTESIAN_POINT('',(2.414597410096,4.594006436308));
#4538 = CARTESIAN_POINT('',(2.45213862023,4.593379758297));
#4539 = CARTESIAN_POINT('',(2.466820584152,4.593147567956));
#4540 = CARTESIAN_POINT('',(2.481540650018,4.592928233187));
#4541 = CARTESIAN_POINT('',(2.496296344819,4.592722338573));
#4542 = CARTESIAN_POINT('',(2.511084977923,4.59253042072));
#4543 = CARTESIAN_POINT('',(2.558801542474,4.591959018168));
#4544 = CARTESIAN_POINT('',(2.591848914391,4.591636331727));
#4545 = CARTESIAN_POINT('',(2.625011096044,4.59139025315));
#4546 = CARTESIAN_POINT('',(2.658252822952,4.591224601983));
#4547 = CARTESIAN_POINT('',(2.691536179717,4.591141410917));
#4548 = CARTESIAN_POINT('',(2.773088588936,4.591139579729));
#4549 = CARTESIAN_POINT('',(2.821365951083,4.591311893965));
#4550 = CARTESIAN_POINT('',(2.869513160018,4.591657842316));
#4551 = CARTESIAN_POINT('',(2.917420467576,4.592168258501));
#4552 = CARTESIAN_POINT('',(2.964993365118,4.592826787374));
#4553 = CARTESIAN_POINT('',(3.0355789409,4.594002513282));
#4554 = CARTESIAN_POINT('',(3.05891456687,4.594424322029));
#4555 = CARTESIAN_POINT('',(3.082137843281,4.594874900721));
#4556 = CARTESIAN_POINT('',(3.1052411424,4.595351474903));
#4557 = CARTESIAN_POINT('',(3.128218335377,4.595851119552));
#4558 = CARTESIAN_POINT('',(3.192726591803,4.597318350986));
#4559 = CARTESIAN_POINT('',(3.233952877453,4.598332497671));
#4560 = CARTESIAN_POINT('',(3.274717517437,4.599394848187));
#4561 = CARTESIAN_POINT('',(3.31500898082,4.600486657645));
#4562 = CARTESIAN_POINT('',(3.354827630747,4.601589822978));
#4563 = CARTESIAN_POINT('',(3.443244669923,4.604056839114));
#4564 = CARTESIAN_POINT('',(3.491583083567,4.605417792452));
#4565 = CARTESIAN_POINT('',(3.539223703151,4.606738827107));
#4566 = CARTESIAN_POINT('',(3.586200433266,4.607991544409));
#4567 = CARTESIAN_POINT('',(3.632556810825,4.609151459327));
#4568 = CARTESIAN_POINT('',(3.712754836075,4.610985020931));
#4569 = CARTESIAN_POINT('',(3.746841353584,4.611707819727));
#4570 = CARTESIAN_POINT('',(3.780628946569,4.612358105117));
#4571 = CARTESIAN_POINT('',(3.814139424295,4.612928408654));
#4572 = CARTESIAN_POINT('',(3.84739506105,4.613412362489));
#4573 = CARTESIAN_POINT('',(3.965051371136,4.614809847125));
#4574 = CARTESIAN_POINT('',(4.048134404011,4.615212466356));
#4575 = CARTESIAN_POINT('',(4.130113993625,4.614923663743));
#4576 = CARTESIAN_POINT('',(4.211333720992,4.613893593432));
#4577 = CARTESIAN_POINT('',(4.292141882535,4.612108838221));
#4578 = CARTESIAN_POINT('',(4.431413188433,4.607761367338));
#4579 = CARTESIAN_POINT('',(4.489849615678,4.605551553319));
#4580 = CARTESIAN_POINT('',(4.548436124927,4.602963093152));
#4581 = CARTESIAN_POINT('',(4.607317654525,4.600012501394));
#4582 = CARTESIAN_POINT('',(4.666644125419,4.596727821394));
#4583 = CARTESIAN_POINT('',(4.748978914271,4.591815163405));
#4584 = CARTESIAN_POINT('',(4.771447169989,4.590439002615));
#4585 = CARTESIAN_POINT('',(4.794010770681,4.589024311031));
#4586 = CARTESIAN_POINT('',(4.816678712497,4.587573606452));
#4587 = CARTESIAN_POINT('',(4.839460172583,4.586089741694));
#4588 = CARTESIAN_POINT('',(4.892291721913,4.582597898139));
#4589 = CARTESIAN_POINT('',(4.922428441158,4.580568785858));
#4590 = CARTESIAN_POINT('',(4.952795801589,4.578495619434));
#4591 = CARTESIAN_POINT('',(4.983414901003,4.576386749763));
#4592 = CARTESIAN_POINT('',(5.014306800213,4.574251826948));
#4593 = CARTESIAN_POINT('',(5.086200950051,4.569295253106));
#4594 = CARTESIAN_POINT('',(5.12740747741,4.566463229912));
#4595 = CARTESIAN_POINT('',(5.169162202141,4.563629904706));
#4596 = CARTESIAN_POINT('',(5.211505974018,4.560824680159));
#4597 = CARTESIAN_POINT('',(5.25447123975,4.558081686663));
#4598 = CARTESIAN_POINT('',(5.33184358911,4.553393739348));
#4599 = CARTESIAN_POINT('',(5.365989600006,4.551408599506));
#4600 = CARTESIAN_POINT('',(5.400529711894,4.549501636133));
#4601 = CARTESIAN_POINT('',(5.435464729978,4.547692499752));
#4602 = CARTESIAN_POINT('',(5.470785333657,4.546001571417));
#4603 = CARTESIAN_POINT('',(5.525692060977,4.543612399248));
#4604 = CARTESIAN_POINT('',(5.545019593097,4.542816058079));
#4605 = CARTESIAN_POINT('',(5.56444890124,4.542062968216));
#4606 = CARTESIAN_POINT('',(5.583975141127,4.541356153423));
#4607 = CARTESIAN_POINT('',(5.603592256865,4.540698486523));
#4608 = CARTESIAN_POINT('',(5.66320328014,4.538865447982));
#4609 = CARTESIAN_POINT('',(5.703462783707,4.537850800228));
#4610 = CARTESIAN_POINT('',(5.743998687912,4.537071417386));
#4611 = CARTESIAN_POINT('',(5.784732829073,4.536544702552));
#4612 = CARTESIAN_POINT('',(5.825574156662,4.536280451509));
#4613 = CARTESIAN_POINT('',(5.898135068627,4.536277008101));
#4614 = CARTESIAN_POINT('',(5.929860886034,4.536433807788));
#4615 = CARTESIAN_POINT('',(5.961538262899,4.536748983126));
#4616 = CARTESIAN_POINT('',(5.99312288366,4.537219067102));
#4617 = CARTESIAN_POINT('',(6.024574343594,4.5378376051));
#4618 = CARTESIAN_POINT('',(6.070161449345,4.538942463609));
#4619 = CARTESIAN_POINT('',(6.084433361345,4.539318435684));
#4620 = CARTESIAN_POINT('',(6.098666362968,4.539722771038));
#4621 = CARTESIAN_POINT('',(6.112857424829,4.540154545664));
#4622 = CARTESIAN_POINT('',(6.127003840672,4.540612761553));
#4623 = CARTESIAN_POINT('',(6.165157721659,4.541921375196));
#4624 = CARTESIAN_POINT('',(6.189075387523,4.542820260554));
#4625 = CARTESIAN_POINT('',(6.212844388317,4.543787731898));
#4626 = CARTESIAN_POINT('',(6.236456030265,4.544818099727));
#4627 = CARTESIAN_POINT('',(6.259904284176,4.545905492319));
#4628 = CARTESIAN_POINT('',(6.28318530718,4.547044092155));
#4629 = ( GEOMETRIC_REPRESENTATION_CONTEXT(2) 
PARAMETRIC_REPRESENTATION_CONTEXT() REPRESENTATION_CONTEXT('2D SPACE',''
  ) );
#4630 = FACE_BOUND('',#4631,.F.);
#4631 = EDGE_LOOP('',(#4632));
#4632 = ORIENTED_EDGE('',*,*,#4633,.T.);
#4633 = EDGE_CURVE('',#4634,#4634,#4636,.T.);
#4634 = VERTEX_POINT('',#4635);
#4635 = CARTESIAN_POINT('',(14.256950255271,-1.155373271061E-03,
    33.509901593077));
#4636 = SURFACE_CURVE('',#4637,(#4765,#4896),.PCURVE_S1.);
#4637 = B_SPLINE_CURVE_WITH_KNOTS('',6,(#4638,#4639,#4640,#4641,#4642,
    #4643,#4644,#4645,#4646,#4647,#4648,#4649,#4650,#4651,#4652,#4653,
    #4654,#4655,#4656,#4657,#4658,#4659,#4660,#4661,#4662,#4663,#4664,
    #4665,#4666,#4667,#4668,#4669,#4670,#4671,#4672,#4673,#4674,#4675,
    #4676,#4677,#4678,#4679,#4680,#4681,#4682,#4683,#4684,#4685,#4686,
    #4687,#4688,#4689,#4690,#4691,#4692,#4693,#4694,#4695,#4696,#4697,
    #4698,#4699,#4700,#4701,#4702,#4703,#4704,#4705,#4706,#4707,#4708,
    #4709,#4710,#4711,#4712,#4713,#4714,#4715,#4716,#4717,#4718,#4719,
    #4720,#4721,#4722,#4723,#4724,#4725,#4726,#4727,#4728,#4729,#4730,
    #4731,#4732,#4733,#4734,#4735,#4736,#4737,#4738,#4739,#4740,#4741,
    #4742,#4743,#4744,#4745,#4746,#4747,#4748,#4749,#4750,#4751,#4752,
    #4753,#4754,#4755,#4756,#4757,#4758,#4759,#4760,#4761,#4762,#4763,
    #4764),.UNSPECIFIED.,.T.,.F.,(7,5,5,5,5,5,5,5,5,5,5,5,5,5,5,5,5,5,5,
    5,5,5,5,5,5,7),(0.,5.043645743368E-02,8.138571024128E-02,
    0.121365470962,0.151993510276,0.175434678811,0.23822785934,
    0.32507901134,0.358970751406,0.404075173827,0.440256115327,
    0.460096625346,0.500003897627,0.527518709955,0.539912245027,
    0.559752344675,0.595932537826,0.641036027328,0.674927066394,
    0.761776422006,0.82456830375,0.848008987439,0.878636393258,
    0.918615327056,0.949563939724,1.),.UNSPECIFIED.);
#4638 = CARTESIAN_POINT('',(14.256950255271,-1.155373271061E-03,
    33.509901593076));
#4639 = CARTESIAN_POINT('',(14.256950261968,9.033223858205E-02,
    33.509901586825));
#4640 = CARTESIAN_POINT('',(14.261703640898,0.181851722588,
    33.505149183721));
#4641 = CARTESIAN_POINT('',(14.271215895131,0.272186033378,
    33.495638552497));
#4642 = CARTESIAN_POINT('',(14.285245088819,0.360341064512,
    33.481638093408));
#4643 = CARTESIAN_POINT('',(14.303433002275,0.445534158841,
    33.463553366283));
#4644 = CARTESIAN_POINT('',(14.33878865427,0.577269777113,
    33.428560736773));
#4645 = CARTESIAN_POINT('',(14.353640928215,0.626048076788,
    33.413892428673));
#4646 = CARTESIAN_POINT('',(14.3698082028,0.673393831454,33.397966241525
    ));
#4647 = CARTESIAN_POINT('',(14.387196187698,0.719227956071,
    33.380887895718));
#4648 = CARTESIAN_POINT('',(14.405713926475,0.76349986879,
    33.362759365807));
#4649 = CARTESIAN_POINT('',(14.450553197934,0.861314638204,
    33.31901728222));
#4650 = CARTESIAN_POINT('',(14.477573141194,0.913789050581,
    33.292765132157));
#4651 = CARTESIAN_POINT('',(14.50616344083,0.963548565879,
    33.265113815496));
#4652 = CARTESIAN_POINT('',(14.536164078749,1.010577117395,
    33.236242172049));
#4653 = CARTESIAN_POINT('',(14.567435023063,1.054886147405,
    33.206306101889));
#4654 = CARTESIAN_POINT('',(14.624701631593,1.128385243165,
    33.151783517147));
#4655 = CARTESIAN_POINT('',(14.650218917514,1.158685598529,
    33.127584951885));
#4656 = CARTESIAN_POINT('',(14.676359474091,1.187415979542,
    33.102897303168));
#4657 = CARTESIAN_POINT('',(14.703075011683,1.214589224836,
    33.077773695551));
#4658 = CARTESIAN_POINT('',(14.730322028914,1.240219124493,33.0522615393
    ));
#4659 = CARTESIAN_POINT('',(14.779292454948,1.282766345548,
    33.006611339062));
#4660 = CARTESIAN_POINT('',(14.800811472108,1.300316540093,
    32.986617249554));
#4661 = CARTESIAN_POINT('',(14.822601347468,1.316977272051,
    32.966439124658));
#4662 = CARTESIAN_POINT('',(14.844645569048,1.332754341366,
    32.946094546598));
#4663 = CARTESIAN_POINT('',(14.866928629576,1.347653079566,
    32.925599817032));
#4664 = CARTESIAN_POINT('',(14.949727860281,1.399248632239,
    32.849707587342));
#4665 = CARTESIAN_POINT('',(15.011623338742,1.430547318365,
    32.793481229284));
#4666 = CARTESIAN_POINT('',(15.074853099922,1.455675774912,
    32.736571208519));
#4667 = CARTESIAN_POINT('',(15.139167184575,1.474681575836,
    32.679223919421));
#4668 = CARTESIAN_POINT('',(15.204327019987,1.487584561708,
    32.62166114631));
#4669 = CARTESIAN_POINT('',(15.361084241939,1.503728751109,
    32.484444757998));
#4670 = CARTESIAN_POINT('',(15.453209020243,1.5013704441,32.404809346057
    ));
#4671 = CARTESIAN_POINT('',(15.545898394772,1.487236220662,
    32.325685449207));
#4672 = CARTESIAN_POINT('',(15.638456151127,1.461078265955,
    32.247639835925));
#4673 = CARTESIAN_POINT('',(15.730051552793,1.422606130703,
    32.171304603243));
#4674 = CARTESIAN_POINT('',(15.85465401024,1.351419191382,
    32.068571197974));
#4675 = CARTESIAN_POINT('',(15.889324463334,1.329501322174,
    32.040110002842));
#4676 = CARTESIAN_POINT('',(15.923627573658,1.305625044795,
    32.012069840711));
#4677 = CARTESIAN_POINT('',(15.957492745128,1.279768568854,
    31.984501641822));
#4678 = CARTESIAN_POINT('',(15.99084145667,1.251912052369,
    31.957461549623));
#4679 = CARTESIAN_POINT('',(16.067166561427,1.182283018262,
    31.895809218085));
#4680 = CARTESIAN_POINT('',(16.109675246912,1.138957973999,
    31.861653670614));
#4681 = CARTESIAN_POINT('',(16.150912329716,1.092024017043,
    31.82868644823));
#4682 = CARTESIAN_POINT('',(16.190637999214,1.041461626154,
    31.797076825614));
#4683 = CARTESIAN_POINT('',(16.228579982351,0.987288474189,
    31.767016205531));
#4684 = CARTESIAN_POINT('',(16.293205333181,0.883281750148,
    31.716009721549));
#4685 = CARTESIAN_POINT('',(16.320629419229,0.834712529786,
    31.694438464703));
#4686 = CARTESIAN_POINT('',(16.346556972467,0.783909713885,
    31.674108260292));
#4687 = CARTESIAN_POINT('',(16.370817624992,0.730944825851,
    31.655138432629));
#4688 = CARTESIAN_POINT('',(16.393235365679,0.675930022182,
    31.637652199207));
#4689 = CARTESIAN_POINT('',(16.424826245844,0.587825273848,
    31.613060761755));
#4690 = CARTESIAN_POINT('',(16.435408611229,0.55605508343,
    31.604833770827));
#4691 = CARTESIAN_POINT('',(16.445356199719,0.523745058779,
    31.597109341361));
#4692 = CARTESIAN_POINT('',(16.454641473148,0.490927319032,
    31.589906760313));
#4693 = CARTESIAN_POINT('',(16.463238297988,0.457638849639,
    31.583244331952));
#4694 = CARTESIAN_POINT('',(16.486979141635,0.356102310375,
    31.564859851527));
#4695 = CARTESIAN_POINT('',(16.499954389283,0.286535930328,
    31.554833194668));
#4696 = CARTESIAN_POINT('',(16.50984409515,0.215586055546,
    31.547202374629));
#4697 = CARTESIAN_POINT('',(16.516494221696,0.143669397244,
    31.54207525872));
#4698 = CARTESIAN_POINT('',(16.519818871445,7.125184492046E-02,
    31.53951191539));
#4699 = CARTESIAN_POINT('',(16.519818871445,-5.107787876548E-02,
    31.53951191539));
#4700 = CARTESIAN_POINT('',(16.518238515463,-0.101002315394,
    31.5407303734));
#4701 = CARTESIAN_POINT('',(16.515077666794,-0.150765118957,
    31.543167368766));
#4702 = CARTESIAN_POINT('',(16.510355329861,-0.200210059342,
    31.546809594415));
#4703 = CARTESIAN_POINT('',(16.504107433344,-0.2491892248,
    31.551631875899));
#4704 = CARTESIAN_POINT('',(16.492906012766,-0.319353526105,
    31.560286330975));
#4705 = CARTESIAN_POINT('',(16.489128084339,-0.3410208644,
    31.563206245817));
#4706 = CARTESIAN_POINT('',(16.485055432536,-0.362553699327,
    31.566355208155));
#4707 = CARTESIAN_POINT('',(16.48069311276,-0.383940394625,
    31.569729675571));
#4708 = CARTESIAN_POINT('',(16.476046631303,-0.405169999556,
    31.573325790025));
#4709 = CARTESIAN_POINT('',(16.463238297988,-0.459949596181,
    31.583244331952));
#4710 = CARTESIAN_POINT('',(16.454641473148,-0.493238065574,
    31.589906760313));
#4711 = CARTESIAN_POINT('',(16.445356199719,-0.526055805321,
    31.597109341361));
#4712 = CARTESIAN_POINT('',(16.435408611229,-0.558365829973,
    31.604833770827));
#4713 = CARTESIAN_POINT('',(16.424826245844,-0.59013602039,
    31.613060761755));
#4714 = CARTESIAN_POINT('',(16.393235365679,-0.678240768725,
    31.637652199207));
#4715 = CARTESIAN_POINT('',(16.370817624992,-0.733255572393,
    31.655138432629));
#4716 = CARTESIAN_POINT('',(16.346556972467,-0.786220460427,
    31.674108260292));
#4717 = CARTESIAN_POINT('',(16.320629419229,-0.837023276328,
    31.694438464703));
#4718 = CARTESIAN_POINT('',(16.293205333181,-0.885592496691,
    31.716009721549));
#4719 = CARTESIAN_POINT('',(16.228579982351,-0.989599220731,
    31.767016205531));
#4720 = CARTESIAN_POINT('',(16.190637999214,-1.043772372696,
    31.797076825614));
#4721 = CARTESIAN_POINT('',(16.150912329716,-1.094334763585,
    31.82868644823));
#4722 = CARTESIAN_POINT('',(16.109675246912,-1.141268720541,
    31.861653670614));
#4723 = CARTESIAN_POINT('',(16.067166561427,-1.184593764804,
    31.895809218085));
#4724 = CARTESIAN_POINT('',(15.99084145667,-1.254222798911,
    31.957461549623));
#4725 = CARTESIAN_POINT('',(15.957492745128,-1.282079315396,
    31.984501641822));
#4726 = CARTESIAN_POINT('',(15.923627573658,-1.307935791337,
    32.012069840711));
#4727 = CARTESIAN_POINT('',(15.889324463334,-1.331812068716,
    32.040110002842));
#4728 = CARTESIAN_POINT('',(15.85465401024,-1.353729937925,
    32.068571197974));
#4729 = CARTESIAN_POINT('',(15.730051552793,-1.424916877245,
    32.171304603243));
#4730 = CARTESIAN_POINT('',(15.638456151127,-1.463389012497,
    32.247639835925));
#4731 = CARTESIAN_POINT('',(15.545898394772,-1.489546967204,
    32.325685449207));
#4732 = CARTESIAN_POINT('',(15.453209020243,-1.503681190642,
    32.404809346057));
#4733 = CARTESIAN_POINT('',(15.361084241939,-1.506039497651,
    32.484444757998));
#4734 = CARTESIAN_POINT('',(15.204327019987,-1.489895308251,
    32.62166114631));
#4735 = CARTESIAN_POINT('',(15.139167184575,-1.476992322378,
    32.679223919421));
#4736 = CARTESIAN_POINT('',(15.074853099922,-1.457986521454,
    32.736571208519));
#4737 = CARTESIAN_POINT('',(15.011623338742,-1.432858064907,
    32.793481229284));
#4738 = CARTESIAN_POINT('',(14.949727860281,-1.401559378781,
    32.849707587342));
#4739 = CARTESIAN_POINT('',(14.866928629575,-1.349963826108,
    32.925599817032));
#4740 = CARTESIAN_POINT('',(14.844645569048,-1.335065087908,
    32.946094546598));
#4741 = CARTESIAN_POINT('',(14.822601347468,-1.319288018593,
    32.966439124658));
#4742 = CARTESIAN_POINT('',(14.800811472108,-1.302627286635,
    32.986617249554));
#4743 = CARTESIAN_POINT('',(14.779292454948,-1.28507709209,
    33.006611339062));
#4744 = CARTESIAN_POINT('',(14.730322028914,-1.242529871035,
    33.0522615393));
#4745 = CARTESIAN_POINT('',(14.703075011683,-1.216899971378,
    33.077773695551));
#4746 = CARTESIAN_POINT('',(14.676359474091,-1.189726726084,
    33.102897303168));
#4747 = CARTESIAN_POINT('',(14.650218917514,-1.160996345071,
    33.127584951885));
#4748 = CARTESIAN_POINT('',(14.624701631593,-1.130695989707,
    33.151783517147));
#4749 = CARTESIAN_POINT('',(14.567435023063,-1.057196893947,
    33.206306101889));
#4750 = CARTESIAN_POINT('',(14.536164078749,-1.012887863937,
    33.236242172049));
#4751 = CARTESIAN_POINT('',(14.50616344083,-0.965859312421,
    33.265113815496));
#4752 = CARTESIAN_POINT('',(14.477573141194,-0.916099797123,
    33.292765132157));
#4753 = CARTESIAN_POINT('',(14.450553197933,-0.863625384746,
    33.31901728222));
#4754 = CARTESIAN_POINT('',(14.405713926475,-0.765810615332,
    33.362759365807));
#4755 = CARTESIAN_POINT('',(14.387196187697,-0.721538702613,
    33.380887895718));
#4756 = CARTESIAN_POINT('',(14.3698082028,-0.675704577996,
    33.397966241525));
#4757 = CARTESIAN_POINT('',(14.353640928214,-0.62835882333,
    33.413892428673));
#4758 = CARTESIAN_POINT('',(14.33878865427,-0.579580523655,
    33.428560736773));
#4759 = CARTESIAN_POINT('',(14.303432721614,-0.447843859635,
    33.463553644063));
#4760 = CARTESIAN_POINT('',(14.285245177862,-0.362651683863,
    33.481638006155));
#4761 = CARTESIAN_POINT('',(14.271215616531,-0.274496064031,
    33.495638828982));
#4762 = CARTESIAN_POINT('',(14.26170324358,-0.184159419234,
    33.505149581143));
#4763 = CARTESIAN_POINT('',(14.256950261968,-9.263922764225E-02,
    33.509901586826));
#4764 = CARTESIAN_POINT('',(14.256950255271,-1.155373271061E-03,
    33.509901593076));
#4765 = PCURVE('',#3611,#4766);
#4766 = DEFINITIONAL_REPRESENTATION('',(#4767),#4895);
#4767 = B_SPLINE_CURVE_WITH_KNOTS('',6,(#4768,#4769,#4770,#4771,#4772,
    #4773,#4774,#4775,#4776,#4777,#4778,#4779,#4780,#4781,#4782,#4783,
    #4784,#4785,#4786,#4787,#4788,#4789,#4790,#4791,#4792,#4793,#4794,
    #4795,#4796,#4797,#4798,#4799,#4800,#4801,#4802,#4803,#4804,#4805,
    #4806,#4807,#4808,#4809,#4810,#4811,#4812,#4813,#4814,#4815,#4816,
    #4817,#4818,#4819,#4820,#4821,#4822,#4823,#4824,#4825,#4826,#4827,
    #4828,#4829,#4830,#4831,#4832,#4833,#4834,#4835,#4836,#4837,#4838,
    #4839,#4840,#4841,#4842,#4843,#4844,#4845,#4846,#4847,#4848,#4849,
    #4850,#4851,#4852,#4853,#4854,#4855,#4856,#4857,#4858,#4859,#4860,
    #4861,#4862,#4863,#4864,#4865,#4866,#4867,#4868,#4869,#4870,#4871,
    #4872,#4873,#4874,#4875,#4876,#4877,#4878,#4879,#4880,#4881,#4882,
    #4883,#4884,#4885,#4886,#4887,#4888,#4889,#4890,#4891,#4892,#4893,
    #4894),.UNSPECIFIED.,.T.,.F.,(7,5,5,5,5,5,5,5,5,5,5,5,5,5,5,5,5,5,5,
    5,5,5,5,5,5,7),(0.,5.043645743368E-02,8.138571024128E-02,
    0.121365470962,0.151993510276,0.175434678811,0.23822785934,
    0.32507901134,0.358970751406,0.404075173827,0.440256115327,
    0.460096625346,0.500003897627,0.527518709955,0.539912245027,
    0.559752344675,0.595932537826,0.641036027328,0.674927066394,
    0.761776422006,0.82456830375,0.848008987439,0.878636393258,
    0.918615327056,0.949563939724,1.),.UNSPECIFIED.);
#4768 = CARTESIAN_POINT('',(-1.570796326795,-12.48919047335));
#4769 = CARTESIAN_POINT('',(-1.577213380247,-12.48919046733));
#4770 = CARTESIAN_POINT('',(-1.583632670237,-12.48443806351));
#4771 = CARTESIAN_POINT('',(-1.589958246707,-12.47492743319));
#4772 = CARTESIAN_POINT('',(-1.596109783266,-12.46092697352));
#4773 = CARTESIAN_POINT('',(-1.60202545979,-12.44284224655));
#4774 = CARTESIAN_POINT('',(-1.61111805186,-12.40784961704));
#4775 = CARTESIAN_POINT('',(-1.614471430973,-12.39318130894));
#4776 = CARTESIAN_POINT('',(-1.617711590471,-12.37725512179));
#4777 = CARTESIAN_POINT('',(-1.62083260479,-12.36017677599));
#4778 = CARTESIAN_POINT('',(-1.623830915208,-12.34204824608));
#4779 = CARTESIAN_POINT('',(-1.630417108119,-12.29830616249));
#4780 = CARTESIAN_POINT('',(-1.633921453586,-12.27205401243));
#4781 = CARTESIAN_POINT('',(-1.637214458107,-12.24440269576));
#4782 = CARTESIAN_POINT('',(-1.640296292375,-12.21553105232));
#4783 = CARTESIAN_POINT('',(-1.643169511718,-12.18559498216));
#4784 = CARTESIAN_POINT('',(-1.64788220849,-12.13107239742));
#4785 = CARTESIAN_POINT('',(-1.649806156248,-12.10687383215));
#4786 = CARTESIAN_POINT('',(-1.651611522186,-12.08218618344));
#4787 = CARTESIAN_POINT('',(-1.653300153671,-12.05706257582));
#4788 = CARTESIAN_POINT('',(-1.654874015576,-12.03155041957));
#4789 = CARTESIAN_POINT('',(-1.657453500268,-11.98590021933));
#4790 = CARTESIAN_POINT('',(-1.658505776137,-11.96590612982));
#4791 = CARTESIAN_POINT('',(-1.659492923076,-11.94572800493));
#4792 = CARTESIAN_POINT('',(-1.660415819583,-11.92538342687));
#4793 = CARTESIAN_POINT('',(-1.661275317454,-11.9048886973));
#4794 = CARTESIAN_POINT('',(-1.664207007962,-11.82899646761));
#4795 = CARTESIAN_POINT('',(-1.665892538999,-11.77277010955));
#4796 = CARTESIAN_POINT('',(-1.667145114267,-11.71586008879));
#4797 = CARTESIAN_POINT('',(-1.667977595036,-11.65851279969));
#4798 = CARTESIAN_POINT('',(-1.668400830593,-11.60095002658));
#4799 = CARTESIAN_POINT('',(-1.668452190611,-11.46373363827));
#4800 = CARTESIAN_POINT('',(-1.667713550163,-11.38409822633));
#4801 = CARTESIAN_POINT('',(-1.66622764657,-11.30497432948));
#4802 = CARTESIAN_POINT('',(-1.664002500288,-11.22692871619));
#4803 = CARTESIAN_POINT('',(-1.661042691471,-11.15059348351));
#4804 = CARTESIAN_POINT('',(-1.655898141777,-11.04786007824));
#4805 = CARTESIAN_POINT('',(-1.654341511858,-11.01939888311));
#4806 = CARTESIAN_POINT('',(-1.652672112752,-10.99135872098));
#4807 = CARTESIAN_POINT('',(-1.650889753195,-10.96379052209));
#4808 = CARTESIAN_POINT('',(-1.648994288845,-10.93675042989));
#4809 = CARTESIAN_POINT('',(-1.64431254604,-10.87509809835));
#4810 = CARTESIAN_POINT('',(-1.641439181447,-10.84094255088));
#4811 = CARTESIAN_POINT('',(-1.638365388679,-10.8079753285));
#4812 = CARTESIAN_POINT('',(-1.635091969934,-10.77636570588));
#4813 = CARTESIAN_POINT('',(-1.631621470592,-10.7463050858));
#4814 = CARTESIAN_POINT('',(-1.625020975472,-10.69529860182));
#4815 = CARTESIAN_POINT('',(-1.621959610605,-10.67372734497));
#4816 = CARTESIAN_POINT('',(-1.618777690149,-10.65339714056));
#4817 = CARTESIAN_POINT('',(-1.615479587328,-10.6344273129));
#4818 = CARTESIAN_POINT('',(-1.612071709646,-10.61694107948));
#4819 = CARTESIAN_POINT('',(-1.606638965794,-10.59234964202));
#4820 = CARTESIAN_POINT('',(-1.604684614278,-10.5841226511));
#4821 = CARTESIAN_POINT('',(-1.602701468992,-10.57639822163));
#4822 = CARTESIAN_POINT('',(-1.600691279309,-10.56919564058));
#4823 = CARTESIAN_POINT('',(-1.598656042207,-10.56253321222));
#4824 = CARTESIAN_POINT('',(-1.592458453435,-10.5441487318));
#4825 = CARTESIAN_POINT('',(-1.588225909836,-10.53412207494));
#4826 = CARTESIAN_POINT('',(-1.583920087124,-10.5264912549));
#4827 = CARTESIAN_POINT('',(-1.579563050448,-10.52136413899));
#4828 = CARTESIAN_POINT('',(-1.575179378374,-10.51880079566));
#4829 = CARTESIAN_POINT('',(-1.567774350229,-10.51880079566));
#4830 = CARTESIAN_POINT('',(-1.564752257184,-10.52001925367));
#4831 = CARTESIAN_POINT('',(-1.561738745185,-10.52245624903));
#4832 = CARTESIAN_POINT('',(-1.558742073238,-10.52609847468));
#4833 = CARTESIAN_POINT('',(-1.555770073586,-10.53092075617));
#4834 = CARTESIAN_POINT('',(-1.551505935667,-10.53957521124));
#4835 = CARTESIAN_POINT('',(-1.550188191717,-10.54249512609));
#4836 = CARTESIAN_POINT('',(-1.548877587796,-10.54564408842));
#4837 = CARTESIAN_POINT('',(-1.547574744975,-10.54901855584));
#4838 = CARTESIAN_POINT('',(-1.546280249204,-10.55261467029));
#4839 = CARTESIAN_POINT('',(-1.542936611383,-10.56253321222));
#4840 = CARTESIAN_POINT('',(-1.540901374281,-10.56919564058));
#4841 = CARTESIAN_POINT('',(-1.538891184597,-10.57639822163));
#4842 = CARTESIAN_POINT('',(-1.536908039312,-10.5841226511));
#4843 = CARTESIAN_POINT('',(-1.534953687796,-10.59234964202));
#4844 = CARTESIAN_POINT('',(-1.529520943943,-10.61694107948));
#4845 = CARTESIAN_POINT('',(-1.526113066262,-10.6344273129));
#4846 = CARTESIAN_POINT('',(-1.522814963441,-10.65339714056));
#4847 = CARTESIAN_POINT('',(-1.519633042985,-10.67372734497));
#4848 = CARTESIAN_POINT('',(-1.516571678118,-10.69529860182));
#4849 = CARTESIAN_POINT('',(-1.509971182998,-10.7463050858));
#4850 = CARTESIAN_POINT('',(-1.506500683656,-10.77636570588));
#4851 = CARTESIAN_POINT('',(-1.50322726491,-10.8079753285));
#4852 = CARTESIAN_POINT('',(-1.500153472143,-10.84094255088));
#4853 = CARTESIAN_POINT('',(-1.497280107549,-10.87509809835));
#4854 = CARTESIAN_POINT('',(-1.492598364745,-10.93675042989));
#4855 = CARTESIAN_POINT('',(-1.490702900395,-10.96379052209));
#4856 = CARTESIAN_POINT('',(-1.488920540838,-10.99135872098));
#4857 = CARTESIAN_POINT('',(-1.487251141732,-11.01939888311));
#4858 = CARTESIAN_POINT('',(-1.485694511813,-11.04786007824));
#4859 = CARTESIAN_POINT('',(-1.480549962119,-11.15059348351));
#4860 = CARTESIAN_POINT('',(-1.477590153302,-11.22692871619));
#4861 = CARTESIAN_POINT('',(-1.47536500702,-11.30497432948));
#4862 = CARTESIAN_POINT('',(-1.473879103426,-11.38409822633));
#4863 = CARTESIAN_POINT('',(-1.473140462979,-11.46373363827));
#4864 = CARTESIAN_POINT('',(-1.473191822997,-11.60095002658));
#4865 = CARTESIAN_POINT('',(-1.473615058554,-11.65851279969));
#4866 = CARTESIAN_POINT('',(-1.474447539323,-11.71586008879));
#4867 = CARTESIAN_POINT('',(-1.475700114591,-11.77277010955));
#4868 = CARTESIAN_POINT('',(-1.477385645628,-11.82899646761));
#4869 = CARTESIAN_POINT('',(-1.480317336136,-11.9048886973));
#4870 = CARTESIAN_POINT('',(-1.481176834007,-11.92538342687));
#4871 = CARTESIAN_POINT('',(-1.482099730514,-11.94572800493));
#4872 = CARTESIAN_POINT('',(-1.483086877453,-11.96590612982));
#4873 = CARTESIAN_POINT('',(-1.484139153321,-11.98590021933));
#4874 = CARTESIAN_POINT('',(-1.486718638014,-12.03155041957));
#4875 = CARTESIAN_POINT('',(-1.488292499919,-12.05706257582));
#4876 = CARTESIAN_POINT('',(-1.489981131404,-12.08218618344));
#4877 = CARTESIAN_POINT('',(-1.491786497342,-12.10687383215));
#4878 = CARTESIAN_POINT('',(-1.4937104451,-12.13107239742));
#4879 = CARTESIAN_POINT('',(-1.498423141871,-12.18559498216));
#4880 = CARTESIAN_POINT('',(-1.501296361215,-12.21553105232));
#4881 = CARTESIAN_POINT('',(-1.504378195483,-12.24440269577));
#4882 = CARTESIAN_POINT('',(-1.507671200004,-12.27205401243));
#4883 = CARTESIAN_POINT('',(-1.511175545471,-12.29830616249));
#4884 = CARTESIAN_POINT('',(-1.517761738382,-12.34204824608));
#4885 = CARTESIAN_POINT('',(-1.5207600488,-12.36017677599));
#4886 = CARTESIAN_POINT('',(-1.523881063119,-12.37725512179));
#4887 = CARTESIAN_POINT('',(-1.527121222617,-12.39318130894));
#4888 = CARTESIAN_POINT('',(-1.53047460173,-12.40784961704));
#4889 = CARTESIAN_POINT('',(-1.539567265979,-12.44284252433));
#4890 = CARTESIAN_POINT('',(-1.545482880002,-12.46092688626));
#4891 = CARTESIAN_POINT('',(-1.551634455529,-12.4749277097));
#4892 = CARTESIAN_POINT('',(-1.557960197341,-12.48443846092));
#4893 = CARTESIAN_POINT('',(-1.564379536897,-12.48919046733));
#4894 = CARTESIAN_POINT('',(-1.570796326795,-12.48919047335));
#4895 = ( GEOMETRIC_REPRESENTATION_CONTEXT(2) 
PARAMETRIC_REPRESENTATION_CONTEXT() REPRESENTATION_CONTEXT('2D SPACE',''
  ) );
#4896 = PCURVE('',#4897,#4902);
#4897 = CYLINDRICAL_SURFACE('',#4898,1.5);
#4898 = AXIS2_PLACEMENT_3D('',#4899,#4900,#4901);
#4899 = CARTESIAN_POINT('',(18.321880537037,-1.15537327106E-03,
    36.020711119727));
#4900 = DIRECTION('',(-0.642787609687,-8.504801786368E-17,
    -0.766044443119));
#4901 = DIRECTION('',(-0.766044443119,7.136376042178E-17,0.642787609687)
  );
#4902 = DEFINITIONAL_REPRESENTATION('',(#4903),#5031);
#4903 = B_SPLINE_CURVE_WITH_KNOTS('',6,(#4904,#4905,#4906,#4907,#4908,
    #4909,#4910,#4911,#4912,#4913,#4914,#4915,#4916,#4917,#4918,#4919,
    #4920,#4921,#4922,#4923,#4924,#4925,#4926,#4927,#4928,#4929,#4930,
    #4931,#4932,#4933,#4934,#4935,#4936,#4937,#4938,#4939,#4940,#4941,
    #4942,#4943,#4944,#4945,#4946,#4947,#4948,#4949,#4950,#4951,#4952,
    #4953,#4954,#4955,#4956,#4957,#4958,#4959,#4960,#4961,#4962,#4963,
    #4964,#4965,#4966,#4967,#4968,#4969,#4970,#4971,#4972,#4973,#4974,
    #4975,#4976,#4977,#4978,#4979,#4980,#4981,#4982,#4983,#4984,#4985,
    #4986,#4987,#4988,#4989,#4990,#4991,#4992,#4993,#4994,#4995,#4996,
    #4997,#4998,#4999,#5000,#5001,#5002,#5003,#5004,#5005,#5006,#5007,
    #5008,#5009,#5010,#5011,#5012,#5013,#5014,#5015,#5016,#5017,#5018,
    #5019,#5020,#5021,#5022,#5023,#5024,#5025,#5026,#5027,#5028,#5029,
    #5030),.UNSPECIFIED.,.F.,.F.,(7,5,5,5,5,5,5,5,5,5,5,5,5,5,5,5,5,5,5,
    5,5,5,5,5,5,7),(0.,5.043645743368E-02,8.138571024128E-02,
    0.121365470962,0.151993510276,0.175434678811,0.23822785934,
    0.32507901134,0.358970751406,0.404075173827,0.440256115327,
    0.460096625346,0.500003897627,0.527518709955,0.539912245027,
    0.559752344675,0.595932537826,0.641036027328,0.674927066394,
    0.761776422006,0.82456830375,0.848008987439,0.878636393258,
    0.918615327056,0.949563939724,1.),.UNSPECIFIED.);
#4904 = CARTESIAN_POINT('',(0.,4.53627850498));
#4905 = CARTESIAN_POINT('',(6.099174123541E-02,4.536278505463));
#4906 = CARTESIAN_POINT('',(0.122004625683,4.536863644372));
#4907 = CARTESIAN_POINT('',(0.182636426459,4.538034851411));
#4908 = CARTESIAN_POINT('',(0.242631556694,4.539742033421));
#4909 = CARTESIAN_POINT('',(0.301788446308,4.541904772725));
#4910 = CARTESIAN_POINT('',(0.395625503989,4.545984507077));
#4911 = CARTESIAN_POINT('',(0.430945966893,4.547674225319));
#4912 = CARTESIAN_POINT('',(0.465881003661,4.549482268698));
#4913 = CARTESIAN_POINT('',(0.500421237593,4.551388259351));
#4914 = CARTESIAN_POINT('',(0.534567426371,4.553372545906));
#4915 = CARTESIAN_POINT('',(0.611940112622,4.558058797847));
#4916 = CARTESIAN_POINT('',(0.654905551868,4.560801026781));
#4917 = CARTESIAN_POINT('',(0.697249442586,4.56360567389));
#4918 = CARTESIAN_POINT('',(0.739004176211,4.56643859758));
#4919 = CARTESIAN_POINT('',(0.780210566054,4.569270382227));
#4920 = CARTESIAN_POINT('',(0.852104708342,4.574226838881));
#4921 = CARTESIAN_POINT('',(0.882996798516,4.576361820109));
#4922 = CARTESIAN_POINT('',(0.913615968723,4.578470830344));
#4923 = CARTESIAN_POINT('',(0.943983273098,4.580544213799));
#4924 = CARTESIAN_POINT('',(0.974119805064,4.582573614251));
#4925 = CARTESIAN_POINT('',(1.026951242999,4.586066113375));
#4926 = CARTESIAN_POINT('',(1.04973282911,4.587550316934));
#4927 = CARTESIAN_POINT('',(1.072400813252,4.589001395486));
#4928 = CARTESIAN_POINT('',(1.094964372234,4.590416493959));
#4929 = CARTESIAN_POINT('',(1.117432502081,4.591793092443));
#4930 = CARTESIAN_POINT('',(1.199768647421,4.596707593684));
#4931 = CARTESIAN_POINT('',(1.259096033517,4.599993836181));
#4932 = CARTESIAN_POINT('',(1.317977853546,4.602946134296));
#4933 = CARTESIAN_POINT('',(1.376564040488,4.605536409694));
#4934 = CARTESIAN_POINT('',(1.43499954199,4.607748117315));
#4935 = CARTESIAN_POINT('',(1.574272027286,4.612100369086));
#4936 = CARTESIAN_POINT('',(1.655081747468,4.61388796784));
#4937 = CARTESIAN_POINT('',(1.736301954102,4.614920807843));
#4938 = CARTESIAN_POINT('',(1.8182809747,4.615212237242));
#4939 = CARTESIAN_POINT('',(1.901362422795,4.614812028758));
#4940 = CARTESIAN_POINT('',(2.019016455144,4.613417467203));
#4941 = CARTESIAN_POINT('',(2.052272269448,4.612934269907));
#4942 = CARTESIAN_POINT('',(2.085782797549,4.612364666001));
#4943 = CARTESIAN_POINT('',(2.119570320145,4.611715018947));
#4944 = CARTESIAN_POINT('',(2.153656654823,4.610992792739));
#4945 = CARTESIAN_POINT('',(2.233854677188,4.609160387073));
#4946 = CARTESIAN_POINT('',(2.280211171829,4.60800099808));
#4947 = CARTESIAN_POINT('',(2.327187885107,4.606748669708));
#4948 = CARTESIAN_POINT('',(2.374828392495,4.605427877321));
#4949 = CARTESIAN_POINT('',(2.423166652899,4.604067011646));
#4950 = CARTESIAN_POINT('',(2.511583366347,4.601599870477));
#4951 = CARTESIAN_POINT('',(2.551401825676,4.600496549197));
#4952 = CARTESIAN_POINT('',(2.591693162139,4.599404479343));
#4953 = CARTESIAN_POINT('',(2.632457787049,4.598341763565));
#4954 = CARTESIAN_POINT('',(2.673684225479,4.597327149558));
#4955 = CARTESIAN_POINT('',(2.738192670713,4.595859057218));
#4956 = CARTESIAN_POINT('',(2.761169728922,4.595359084551));
#4957 = CARTESIAN_POINT('',(2.784272969899,4.594882154192));
#4958 = CARTESIAN_POINT('',(2.807496275681,4.594431192667));
#4959 = CARTESIAN_POINT('',(2.830832029227,4.594008976401));
#4960 = CARTESIAN_POINT('',(2.90141657357,4.59283198533));
#4961 = CARTESIAN_POINT('',(2.948988607314,4.59217252168));
#4962 = CARTESIAN_POINT('',(2.996895557498,4.591661088573));
#4963 = CARTESIAN_POINT('',(3.045042984162,4.591314068277));
#4964 = CARTESIAN_POINT('',(3.093321174795,4.591140659526));
#4965 = CARTESIAN_POINT('',(3.174874323919,4.591140659526));
#4966 = CARTESIAN_POINT('',(3.2081572669,4.591223099782));
#4967 = CARTESIAN_POINT('',(3.241398869798,4.591388007384));
#4968 = CARTESIAN_POINT('',(3.274561209083,4.591633360334));
#4969 = CARTESIAN_POINT('',(3.307609003198,4.591955348869));
#4970 = CARTESIAN_POINT('',(3.355326110285,4.592525786007));
#4971 = CARTESIAN_POINT('',(3.370114675396,4.592717407052));
#4972 = CARTESIAN_POINT('',(3.384870350354,4.592923012068));
#4973 = CARTESIAN_POINT('',(3.399590442288,4.593142065158));
#4974 = CARTESIAN_POINT('',(3.414272475759,4.593373982373));
#4975 = CARTESIAN_POINT('',(3.452353277953,4.594008976401));
#4976 = CARTESIAN_POINT('',(3.475689031498,4.594431192667));
#4977 = CARTESIAN_POINT('',(3.498912337281,4.594882154192));
#4978 = CARTESIAN_POINT('',(3.522015578258,4.595359084551));
#4979 = CARTESIAN_POINT('',(3.544992636466,4.595859057218));
#4980 = CARTESIAN_POINT('',(3.6095010817,4.597327149558));
#4981 = CARTESIAN_POINT('',(3.65072752013,4.598341763565));
#4982 = CARTESIAN_POINT('',(3.691492145041,4.599404479343));
#4983 = CARTESIAN_POINT('',(3.731783481504,4.600496549197));
#4984 = CARTESIAN_POINT('',(3.771601940832,4.601599870477));
#4985 = CARTESIAN_POINT('',(3.86001865428,4.604067011646));
#4986 = CARTESIAN_POINT('',(3.908356914685,4.605427877321));
#4987 = CARTESIAN_POINT('',(3.955997422073,4.606748669708));
#4988 = CARTESIAN_POINT('',(4.00297413535,4.60800099808));
#4989 = CARTESIAN_POINT('',(4.049330629992,4.609160387073));
#4990 = CARTESIAN_POINT('',(4.129528652357,4.610992792739));
#4991 = CARTESIAN_POINT('',(4.163614987035,4.611715018947));
#4992 = CARTESIAN_POINT('',(4.197402509631,4.612364666001));
#4993 = CARTESIAN_POINT('',(4.230913037732,4.612934269907));
#4994 = CARTESIAN_POINT('',(4.264168852036,4.613417467203));
#4995 = CARTESIAN_POINT('',(4.381822884385,4.614812028758));
#4996 = CARTESIAN_POINT('',(4.464904332479,4.615212237242));
#4997 = CARTESIAN_POINT('',(4.546883353077,4.614920807843));
#4998 = CARTESIAN_POINT('',(4.628103559712,4.61388796784));
#4999 = CARTESIAN_POINT('',(4.708913279893,4.612100369086));
#5000 = CARTESIAN_POINT('',(4.84818576519,4.607748117315));
#5001 = CARTESIAN_POINT('',(4.906621266692,4.605536409694));
#5002 = CARTESIAN_POINT('',(4.965207453634,4.602946134296));
#5003 = CARTESIAN_POINT('',(5.024089273662,4.599993836181));
#5004 = CARTESIAN_POINT('',(5.083416659759,4.596707593684));
#5005 = CARTESIAN_POINT('',(5.165752805098,4.591793092443));
#5006 = CARTESIAN_POINT('',(5.188220934946,4.590416493959));
#5007 = CARTESIAN_POINT('',(5.210784493928,4.589001395486));
#5008 = CARTESIAN_POINT('',(5.23345247807,4.587550316934));
#5009 = CARTESIAN_POINT('',(5.256234064181,4.586066113375));
#5010 = CARTESIAN_POINT('',(5.309065502116,4.582573614251));
#5011 = CARTESIAN_POINT('',(5.339202034082,4.580544213799));
#5012 = CARTESIAN_POINT('',(5.369569338457,4.578470830344));
#5013 = CARTESIAN_POINT('',(5.400188508664,4.576361820109));
#5014 = CARTESIAN_POINT('',(5.431080598838,4.574226838881));
#5015 = CARTESIAN_POINT('',(5.502974741126,4.569270382227));
#5016 = CARTESIAN_POINT('',(5.544181130969,4.56643859758));
#5017 = CARTESIAN_POINT('',(5.585935864593,4.56360567389));
#5018 = CARTESIAN_POINT('',(5.628279755311,4.560801026781));
#5019 = CARTESIAN_POINT('',(5.671245194558,4.558058797847));
#5020 = CARTESIAN_POINT('',(5.748617880808,4.553372545906));
#5021 = CARTESIAN_POINT('',(5.782764069587,4.551388259351));
#5022 = CARTESIAN_POINT('',(5.817304303519,4.549482268698));
#5023 = CARTESIAN_POINT('',(5.852239340287,4.547674225319));
#5024 = CARTESIAN_POINT('',(5.887559803191,4.545984507077));
#5025 = CARTESIAN_POINT('',(5.981397605773,4.541904740339));
#5026 = CARTESIAN_POINT('',(6.040553803195,4.539742043024));
#5027 = CARTESIAN_POINT('',(6.10054942185,4.538034818693));
#5028 = CARTESIAN_POINT('',(6.161182710765,4.536863595321));
#5029 = CARTESIAN_POINT('',(6.222196070932,4.536278505463));
#5030 = CARTESIAN_POINT('',(6.28318530718,4.53627850498));
#5031 = ( GEOMETRIC_REPRESENTATION_CONTEXT(2) 
PARAMETRIC_REPRESENTATION_CONTEXT() REPRESENTATION_CONTEXT('2D SPACE',''
  ) );
#5032 = FACE_BOUND('',#5033,.F.);
#5033 = EDGE_LOOP('',(#5034));
#5034 = ORIENTED_EDGE('',*,*,#5035,.T.);
#5035 = EDGE_CURVE('',#5036,#5036,#5038,.T.);
#5036 = VERTEX_POINT('',#5037);
#5037 = CARTESIAN_POINT('',(7.68376388941,14.520959316506,
    31.618062281601));
#5038 = SURFACE_CURVE('',#5039,(#5167,#5298),.PCURVE_S1.);
#5039 = B_SPLINE_CURVE_WITH_KNOTS('',6,(#5040,#5041,#5042,#5043,#5044,
    #5045,#5046,#5047,#5048,#5049,#5050,#5051,#5052,#5053,#5054,#5055,
    #5056,#5057,#5058,#5059,#5060,#5061,#5062,#5063,#5064,#5065,#5066,
    #5067,#5068,#5069,#5070,#5071,#5072,#5073,#5074,#5075,#5076,#5077,
    #5078,#5079,#5080,#5081,#5082,#5083,#5084,#5085,#5086,#5087,#5088,
    #5089,#5090,#5091,#5092,#5093,#5094,#5095,#5096,#5097,#5098,#5099,
    #5100,#5101,#5102,#5103,#5104,#5105,#5106,#5107,#5108,#5109,#5110,
    #5111,#5112,#5113,#5114,#5115,#5116,#5117,#5118,#5119,#5120,#5121,
    #5122,#5123,#5124,#5125,#5126,#5127,#5128,#5129,#5130,#5131,#5132,
    #5133,#5134,#5135,#5136,#5137,#5138,#5139,#5140,#5141,#5142,#5143,
    #5144,#5145,#5146,#5147,#5148,#5149,#5150,#5151,#5152,#5153,#5154,
    #5155,#5156,#5157,#5158,#5159,#5160,#5161,#5162,#5163,#5164,#5165,
    #5166),.UNSPECIFIED.,.T.,.F.,(7,5,5,5,5,5,5,5,5,5,5,5,5,5,5,5,5,5,5,
    5,5,5,5,5,5,7),(0.,2.113706770452E-02,5.837372891909E-02,
    9.828090434825E-02,0.11766523262,0.154304957776,0.199411912514,
    0.233305065992,0.320156368489,0.382945919867,0.40638490142,
    0.437009475778,0.476984023126,0.507929312911,0.524599194753,
    0.558372361809,0.592147842058,0.608820265734,0.63977152026,
    0.679753959051,0.710383520212,0.796625292042,0.872062765725,
    0.902172837104,0.942297435491,1.),.UNSPECIFIED.);
#5040 = CARTESIAN_POINT('',(7.68376388941,14.520959316506,
    31.618062281601));
#5041 = CARTESIAN_POINT('',(7.718585967341,14.514350696026,
    31.60896804282));
#5042 = CARTESIAN_POINT('',(7.753606586823,14.506821405358,
    31.600428590217));
#5043 = CARTESIAN_POINT('',(7.788780891101,14.498358846154,
    31.592467204852));
#5044 = CARTESIAN_POINT('',(7.824058358062,14.488953980953,
    31.58510703712));
#5045 = CARTESIAN_POINT('',(7.85938292412,14.47860289917,31.578370100214
    ));
#5046 = CARTESIAN_POINT('',(7.956898205658,14.447411107153,
    31.561540898925));
#5047 = CARTESIAN_POINT('',(8.019069596175,14.424582296349,
    31.552799597643));
#5048 = CARTESIAN_POINT('',(8.080862560268,14.398838705852,
    31.546163175728));
#5049 = CARTESIAN_POINT('',(8.1419191815,14.37025130424,31.54171392483)
  );
#5050 = CARTESIAN_POINT('',(8.201877334621,14.338954580873,
    31.539497028005));
#5051 = CARTESIAN_POINT('',(8.323077645037,14.26893317089,
    31.539527994902));
#5052 = CARTESIAN_POINT('',(8.384120027736,14.229827135605,
    31.542107512927));
#5053 = CARTESIAN_POINT('',(8.44306380893,14.188092932554,
    31.547250735847));
#5054 = CARTESIAN_POINT('',(8.499548711752,14.144038105269,
    31.554897381975));
#5055 = CARTESIAN_POINT('',(8.553291186383,14.098004521187,
    31.564939406716));
#5056 = CARTESIAN_POINT('',(8.628747549575,14.027203012494,
    31.583205514716));
#5057 = CARTESIAN_POINT('',(8.652721510812,14.003671216815,
    31.589709296296));
#5058 = CARTESIAN_POINT('',(8.675978032991,13.979794424663,
    31.596728919607));
#5059 = CARTESIAN_POINT('',(8.698499355936,13.955611010967,
    31.604247326999));
#5060 = CARTESIAN_POINT('',(8.720272211015,13.931158251047,
    31.612246555978));
#5061 = CARTESIAN_POINT('',(8.781010950469,13.859811652607,
    31.636700835459));
#5062 = CARTESIAN_POINT('',(8.818027507613,13.812318202397,
    31.654344568606));
#5063 = CARTESIAN_POINT('',(8.852278574333,13.764232235402,
    31.673513926536));
#5064 = CARTESIAN_POINT('',(8.883753986352,13.715770883627,
    31.694080828992));
#5065 = CARTESIAN_POINT('',(8.912477767874,13.667124814121,
    31.715921213229));
#5066 = CARTESIAN_POINT('',(8.970521465557,13.558537643146,
    31.767238403201));
#5067 = CARTESIAN_POINT('',(8.998443060069,13.498588336958,
    31.797311592686));
#5068 = CARTESIAN_POINT('',(9.02234566544,13.438901028336,31.82893307329
    ));
#5069 = CARTESIAN_POINT('',(9.042350226572,13.379720215423,
    31.861911481372));
#5070 = CARTESIAN_POINT('',(9.05859361725,13.321243704148,31.89607758733
    ));
#5071 = CARTESIAN_POINT('',(9.080691536784,13.220331395393,
    31.957747002266));
#5072 = CARTESIAN_POINT('',(9.08812447546,13.177523934765,
    31.984793857025));
#5073 = CARTESIAN_POINT('',(9.093567208885,13.135269734195,
    32.012368489278));
#5074 = CARTESIAN_POINT('',(9.097076183491,13.093626840288,
    32.040414773273));
#5075 = CARTESIAN_POINT('',(9.098705564594,13.052645469074,
    32.068881794078));
#5076 = CARTESIAN_POINT('',(9.097994478993,12.909159640682,
    32.171631988149));
#5077 = CARTESIAN_POINT('',(9.085473434141,12.810615092793,
    32.247976412846));
#5078 = CARTESIAN_POINT('',(9.061808197714,12.717396231022,
    32.326029453779));
#5079 = CARTESIAN_POINT('',(9.027665366046,12.630077096956,
    32.405159173322));
#5080 = CARTESIAN_POINT('',(8.983607352083,12.549136718386,
    32.484798845156));
#5081 = CARTESIAN_POINT('',(8.891185148352,12.421496223022,
    32.622016264243));
#5082 = CARTESIAN_POINT('',(8.84740695876,12.371538220115,
    32.679576607448));
#5083 = CARTESIAN_POINT('',(8.798767164723,12.325364709282,
    32.736920597778));
#5084 = CARTESIAN_POINT('',(8.745367761323,12.283192283773,
    32.793826411018));
#5085 = CARTESIAN_POINT('',(8.687292451162,12.245261295787,
    32.850047570888));
#5086 = CARTESIAN_POINT('',(8.6011809037,12.199385765207,32.925930388314
    ));
#5087 = CARTESIAN_POINT('',(8.577129558406,12.187546796506,
    32.946421878889));
#5088 = CARTESIAN_POINT('',(8.552437087515,12.176353923978,
    32.966763065318));
#5089 = CARTESIAN_POINT('',(8.527106626862,12.165823248629,
    32.986937639385));
#5090 = CARTESIAN_POINT('',(8.501141410524,12.155971976127,
    33.006928011221));
#5091 = CARTESIAN_POINT('',(8.43979450795,12.134858688191,
    33.052568718498));
#5092 = CARTESIAN_POINT('',(8.403967058098,12.124090146147,
    33.078074989078));
#5093 = CARTESIAN_POINT('',(8.367069015654,12.114553700283,
    33.103192407785));
#5094 = CARTESIAN_POINT('',(8.329110201266,12.106293929874,
    33.127873544201));
#5095 = CARTESIAN_POINT('',(8.290103661834,12.099359083851,
    33.152065250736));
#5096 = CARTESIAN_POINT('',(8.197803700736,12.086546166723,
    33.206570632408));
#5097 = CARTESIAN_POINT('',(8.143788206235,12.081637570227,
    33.23649612926));
#5098 = CARTESIAN_POINT('',(8.088053339339,12.079189081826,
    33.265356547325));
#5099 = CARTESIAN_POINT('',(8.030659307239,12.079327691991,
    33.292995928781));
#5100 = CARTESIAN_POINT('',(7.97170017564,12.082183915956,
    33.319235382065));
#5101 = CARTESIAN_POINT('',(7.86456343246,12.092293238623,
    33.362953575597));
#5102 = CARTESIAN_POINT('',(7.816961474938,12.098407233286,
    33.381071227749));
#5103 = CARTESIAN_POINT('',(7.768572217651,12.106280770645,
    33.398138200139));
#5104 = CARTESIAN_POINT('',(7.719485050798,12.115967272417,
    33.414052514412));
#5105 = CARTESIAN_POINT('',(7.669815724639,12.127508770157,
    33.428708466799));
#5106 = CARTESIAN_POINT('',(7.592718201555,12.148156422247,
    33.449164038936));
#5107 = CARTESIAN_POINT('',(7.565600181461,12.155929731418,
    33.455930331427));
#5108 = CARTESIAN_POINT('',(7.538378846405,12.164251308883,
    33.462285009754));
#5109 = CARTESIAN_POINT('',(7.51107983099,12.173122549723,
    33.468212362553));
#5110 = CARTESIAN_POINT('',(7.483731234893,12.182542624264,
    33.473697459464));
#5111 = CARTESIAN_POINT('',(7.400916863156,12.212699289781,
    33.488914276357));
#5112 = CARTESIAN_POINT('',(7.345383574982,12.235133136587,
    33.497230899729));
#5113 = CARTESIAN_POINT('',(7.290033250745,12.259777350042,
    33.503557155629));
#5114 = CARTESIAN_POINT('',(7.235153175577,12.286559187422,
    33.507802744444));
#5115 = CARTESIAN_POINT('',(7.181042262149,12.315357983662,
    33.509917261054));
#5116 = CARTESIAN_POINT('',(7.074963876164,12.376638721471,
    33.509885784496));
#5117 = CARTESIAN_POINT('',(7.022983616302,12.409128387559,
    33.507739495262));
#5118 = CARTESIAN_POINT('',(6.972368923748,12.44329056362,
    33.503462278151));
#5119 = CARTESIAN_POINT('',(6.923373408344,12.478926479765,
    33.49710496111));
#5120 = CARTESIAN_POINT('',(6.87620324538,12.515823618715,
    33.488758193854));
#5121 = CARTESIAN_POINT('',(6.808717835049,12.572493817405,
    33.473497632959));
#5122 = CARTESIAN_POINT('',(6.786897478683,12.591478527151,
    33.467997997088));
#5123 = CARTESIAN_POINT('',(6.765577751725,12.610694188152,
    33.462056336197));
#5124 = CARTESIAN_POINT('',(6.744773368314,12.630116886628,
    33.45568760488));
#5125 = CARTESIAN_POINT('',(6.724495884971,12.649723736479,
    33.448907532751));
#5126 = CARTESIAN_POINT('',(6.668103637882,12.706192988558,
    33.428412880575));
#5127 = CARTESIAN_POINT('',(6.633299317107,12.743452026878,
    33.413732219298));
#5128 = CARTESIAN_POINT('',(6.600393683682,12.781132835143,
    33.397794161992));
#5129 = CARTESIAN_POINT('',(6.569407951957,12.819114271169,
    33.380704445551));
#5130 = CARTESIAN_POINT('',(6.540340345421,12.857292336996,
    33.36256504065));
#5131 = CARTESIAN_POINT('',(6.47808277687,12.945042511892,
    33.318799074236));
#5132 = CARTESIAN_POINT('',(6.446167504667,12.994684838464,
    33.292534231951));
#5133 = CARTESIAN_POINT('',(6.417388855492,13.044328814486,
    33.264870984562));
#5134 = CARTESIAN_POINT('',(6.391680636453,13.093827934635,
    33.235988120067));
#5135 = CARTESIAN_POINT('',(6.368962870595,13.14306673496,
    33.206041480772));
#5136 = CARTESIAN_POINT('',(6.333978984632,13.229413926665,
    33.151501700896));
#5137 = CARTESIAN_POINT('',(6.320512034273,13.266663435962,
    33.127296280732));
#5138 = CARTESIAN_POINT('',(6.30871634905,13.303667401819,33.10260212345
    ));
#5139 = CARTESIAN_POINT('',(6.298556663556,13.340390446136,
    33.077472330576));
#5140 = CARTESIAN_POINT('',(6.289999287778,13.376801806941,
    33.051954292226));
#5141 = CARTESIAN_POINT('',(6.263338732135,13.514445362613,
    32.953264309004));
#5142 = CARTESIAN_POINT('',(6.256122698545,13.61329343191,32.87772268004
    ));
#5143 = CARTESIAN_POINT('',(6.260626717177,13.708907963727,
    32.800347225461));
#5144 = CARTESIAN_POINT('',(6.276361972947,13.800772187955,
    32.721844397073));
#5145 = CARTESIAN_POINT('',(6.302912515335,13.888399762242,
    32.642808496144));
#5146 = CARTESIAN_POINT('',(6.372565957809,14.043766465302,
    32.494551375602));
#5147 = CARTESIAN_POINT('',(6.413162965554,14.112587680987,
    32.425373770864));
#5148 = CARTESIAN_POINT('',(6.461693154053,14.177382320861,
    32.356535430398));
#5149 = CARTESIAN_POINT('',(6.518054671701,14.237690974492,
    32.288404487578));
#5150 = CARTESIAN_POINT('',(6.582143820964,14.292975548462,
    32.221380704656));
#5151 = CARTESIAN_POINT('',(6.682509866049,14.362386982611,
    32.129776385135));
#5152 = CARTESIAN_POINT('',(6.712357403694,14.381282816103,32.1038932267
    ));
#5153 = CARTESIAN_POINT('',(6.743413900408,14.399230906136,
    32.078288831503));
#5154 = CARTESIAN_POINT('',(6.775670460609,14.416185443267,
    32.052995413263));
#5155 = CARTESIAN_POINT('',(6.809115952509,14.432097041672,
    32.028047896054));
#5156 = CARTESIAN_POINT('',(6.889872931691,14.466656096879,
    31.970750019723));
#5157 = CARTESIAN_POINT('',(6.938094521027,14.484452659242,
    31.938698441669));
#5158 = CARTESIAN_POINT('',(6.988370722609,14.500178268891,
    31.907417127066));
#5159 = CARTESIAN_POINT('',(7.040654906197,14.513694397351,
    31.877007952505));
#5160 = CARTESIAN_POINT('',(7.094880123339,14.524852337439,
    31.847585577129));
#5161 = CARTESIAN_POINT('',(7.231593867081,14.545929720286,
    31.778565155365));
#5162 = CARTESIAN_POINT('',(7.316052662523,14.553164632171,
    31.740158251054));
#5163 = CARTESIAN_POINT('',(7.404056231056,14.55474222313,
    31.704431531944));
#5164 = CARTESIAN_POINT('',(7.495160240628,14.550172506198,
    31.671839548623));
#5165 = CARTESIAN_POINT('',(7.588703435054,14.539000109607,
    31.642888567995));
#5166 = CARTESIAN_POINT('',(7.68376388941,14.520959316506,
    31.618062281601));
#5167 = PCURVE('',#3611,#5168);
#5168 = DEFINITIONAL_REPRESENTATION('',(#5169),#5297);
#5169 = B_SPLINE_CURVE_WITH_KNOTS('',6,(#5170,#5171,#5172,#5173,#5174,
    #5175,#5176,#5177,#5178,#5179,#5180,#5181,#5182,#5183,#5184,#5185,
    #5186,#5187,#5188,#5189,#5190,#5191,#5192,#5193,#5194,#5195,#5196,
    #5197,#5198,#5199,#5200,#5201,#5202,#5203,#5204,#5205,#5206,#5207,
    #5208,#5209,#5210,#5211,#5212,#5213,#5214,#5215,#5216,#5217,#5218,
    #5219,#5220,#5221,#5222,#5223,#5224,#5225,#5226,#5227,#5228,#5229,
    #5230,#5231,#5232,#5233,#5234,#5235,#5236,#5237,#5238,#5239,#5240,
    #5241,#5242,#5243,#5244,#5245,#5246,#5247,#5248,#5249,#5250,#5251,
    #5252,#5253,#5254,#5255,#5256,#5257,#5258,#5259,#5260,#5261,#5262,
    #5263,#5264,#5265,#5266,#5267,#5268,#5269,#5270,#5271,#5272,#5273,
    #5274,#5275,#5276,#5277,#5278,#5279,#5280,#5281,#5282,#5283,#5284,
    #5285,#5286,#5287,#5288,#5289,#5290,#5291,#5292,#5293,#5294,#5295,
    #5296),.UNSPECIFIED.,.F.,.F.,(7,5,5,5,5,5,5,5,5,5,5,5,5,5,5,5,5,5,5,
    5,5,5,5,5,5,7),(0.,2.113706770452E-02,5.837372891909E-02,
    9.828090434825E-02,0.11766523262,0.154304957776,0.199411912514,
    0.233305065992,0.320156368489,0.382945919867,0.40638490142,
    0.437009475778,0.476984023126,0.507929312911,0.524599194753,
    0.558372361809,0.592147842058,0.608820265734,0.63977152026,
    0.679753959051,0.710383520212,0.796625292042,0.872062765725,
    0.902172837104,0.942297435491,1.),.UNSPECIFIED.);
#5170 = CARTESIAN_POINT('',(-2.654930886982,-10.59735116187));
#5171 = CARTESIAN_POINT('',(-2.652869370744,-10.58825692316));
#5172 = CARTESIAN_POINT('',(-2.65077411075,-10.57971747044));
#5173 = CARTESIAN_POINT('',(-2.648646883462,-10.57175608509));
#5174 = CARTESIAN_POINT('',(-2.646489810993,-10.56439591742));
#5175 = CARTESIAN_POINT('',(-2.644305402078,-10.55765898048));
#5176 = CARTESIAN_POINT('',(-2.638205387563,-10.54082977919));
#5177 = CARTESIAN_POINT('',(-2.634237767227,-10.53208847791));
#5178 = CARTESIAN_POINT('',(-2.630210312749,-10.525452056));
#5179 = CARTESIAN_POINT('',(-2.626141314619,-10.5210028051));
#5180 = CARTESIAN_POINT('',(-2.622050874498,-10.51878590827));
#5181 = CARTESIAN_POINT('',(-2.613577824298,-10.51881687517));
#5182 = CARTESIAN_POINT('',(-2.609194150829,-10.5213963932));
#5183 = CARTESIAN_POINT('',(-2.604837243225,-10.52653961612));
#5184 = CARTESIAN_POINT('',(-2.600531674586,-10.53418626224));
#5185 = CARTESIAN_POINT('',(-2.596299499127,-10.54422828699));
#5186 = CARTESIAN_POINT('',(-2.590149918554,-10.56249439498));
#5187 = CARTESIAN_POINT('',(-2.5881612093,-10.56899817657));
#5188 = CARTESIAN_POINT('',(-2.586196381661,-10.57601779988));
#5189 = CARTESIAN_POINT('',(-2.584257301907,-10.58353620727));
#5190 = CARTESIAN_POINT('',(-2.582345610366,-10.59153543625));
#5191 = CARTESIAN_POINT('',(-2.576903736441,-10.61598971573));
#5192 = CARTESIAN_POINT('',(-2.573447725768,-10.63363344888));
#5193 = CARTESIAN_POINT('',(-2.570104090383,-10.65280280681));
#5194 = CARTESIAN_POINT('',(-2.56687952938,-10.67336970926));
#5195 = CARTESIAN_POINT('',(-2.563778596972,-10.6952100935));
#5196 = CARTESIAN_POINT('',(-2.557142569705,-10.74652728347));
#5197 = CARTESIAN_POINT('',(-2.55367298938,-10.77660047296));
#5198 = CARTESIAN_POINT('',(-2.550400539782,-10.80822195356));
#5199 = CARTESIAN_POINT('',(-2.547327758839,-10.84120036164));
#5200 = CARTESIAN_POINT('',(-2.544455444094,-10.8753664676));
#5201 = CARTESIAN_POINT('',(-2.539775631071,-10.93703588253));
#5202 = CARTESIAN_POINT('',(-2.537881027946,-10.96408273729));
#5203 = CARTESIAN_POINT('',(-2.536099545307,-10.99165736955));
#5204 = CARTESIAN_POINT('',(-2.534431038318,-11.01970365354));
#5205 = CARTESIAN_POINT('',(-2.532875315677,-11.04817067435));
#5206 = CARTESIAN_POINT('',(-2.52773420127,-11.15092086842));
#5207 = CARTESIAN_POINT('',(-2.52477694619,-11.22726529312));
#5208 = CARTESIAN_POINT('',(-2.52255440349,-11.30531833405));
#5209 = CARTESIAN_POINT('',(-2.521071169199,-11.38444805359));
#5210 = CARTESIAN_POINT('',(-2.520335284882,-11.46408772543));
#5211 = CARTESIAN_POINT('',(-2.520391587152,-11.60130514451));
#5212 = CARTESIAN_POINT('',(-2.520816906431,-11.65886548772));
#5213 = CARTESIAN_POINT('',(-2.521651489859,-11.71620947805));
#5214 = CARTESIAN_POINT('',(-2.522906194778,-11.77311529129));
#5215 = CARTESIAN_POINT('',(-2.524593889637,-11.82933645116));
#5216 = CARTESIAN_POINT('',(-2.527528578411,-11.90521926858));
#5217 = CARTESIAN_POINT('',(-2.528388871764,-11.92571075916));
#5218 = CARTESIAN_POINT('',(-2.52931256503,-11.94605194559));
#5219 = CARTESIAN_POINT('',(-2.530300510107,-11.96622651965));
#5220 = CARTESIAN_POINT('',(-2.531353585492,-11.98621689149));
#5221 = CARTESIAN_POINT('',(-2.533934888306,-12.03185759877));
#5222 = CARTESIAN_POINT('',(-2.535509765183,-12.05736386935));
#5223 = CARTESIAN_POINT('',(-2.537199409056,-12.08248128805));
#5224 = CARTESIAN_POINT('',(-2.539005783925,-12.10716242447));
#5225 = CARTESIAN_POINT('',(-2.540930735653,-12.131354131));
#5226 = CARTESIAN_POINT('',(-2.545645684428,-12.18585951268));
#5227 = CARTESIAN_POINT('',(-2.548520139588,-12.21578500953));
#5228 = CARTESIAN_POINT('',(-2.551603185087,-12.24464542759));
#5229 = CARTESIAN_POINT('',(-2.554897368032,-12.27228480905));
#5230 = CARTESIAN_POINT('',(-2.558402846765,-12.29852426233));
#5231 = CARTESIAN_POINT('',(-2.564990945573,-12.34224245587));
#5232 = CARTESIAN_POINT('',(-2.567990054464,-12.36036010802));
#5233 = CARTESIAN_POINT('',(-2.571111821715,-12.37742708041));
#5234 = CARTESIAN_POINT('',(-2.574352678284,-12.39334139468));
#5235 = CARTESIAN_POINT('',(-2.577706686668,-12.40799734707));
#5236 = CARTESIAN_POINT('',(-2.583027883819,-12.4284529192));
#5237 = CARTESIAN_POINT('',(-2.584921048767,-12.4352192117));
#5238 = CARTESIAN_POINT('',(-2.586843037851,-12.44157389002));
#5239 = CARTESIAN_POINT('',(-2.588792173727,-12.44750124282));
#5240 = CARTESIAN_POINT('',(-2.590766512602,-12.45298633973));
#5241 = CARTESIAN_POINT('',(-2.596810436492,-12.46820315663));
#5242 = CARTESIAN_POINT('',(-2.600952010326,-12.47651978));
#5243 = CARTESIAN_POINT('',(-2.605169041862,-12.4828460359));
#5244 = CARTESIAN_POINT('',(-2.609438787397,-12.48709162471));
#5245 = CARTESIAN_POINT('',(-2.613735720101,-12.48920614132));
#5246 = CARTESIAN_POINT('',(-2.622328507604,-12.48917466477));
#5247 = CARTESIAN_POINT('',(-2.626625419271,-12.48702837553));
#5248 = CARTESIAN_POINT('',(-2.630894825255,-12.48275115842));
#5249 = CARTESIAN_POINT('',(-2.635111213725,-12.47639384138));
#5250 = CARTESIAN_POINT('',(-2.639251870312,-12.46804707412));
#5251 = CARTESIAN_POINT('',(-2.645294241835,-12.45278651323));
#5252 = CARTESIAN_POINT('',(-2.647268118688,-12.44728687736));
#5253 = CARTESIAN_POINT('',(-2.649216735283,-12.44134521647));
#5254 = CARTESIAN_POINT('',(-2.651138151964,-12.43497648515));
#5255 = CARTESIAN_POINT('',(-2.653030695635,-12.42819641302));
#5256 = CARTESIAN_POINT('',(-2.658350130238,-12.40770176084));
#5257 = CARTESIAN_POINT('',(-2.661702879514,-12.39302109957));
#5258 = CARTESIAN_POINT('',(-2.664942341443,-12.37708304226));
#5259 = CARTESIAN_POINT('',(-2.668062602391,-12.35999332582));
#5260 = CARTESIAN_POINT('',(-2.671060113953,-12.34185392092));
#5261 = CARTESIAN_POINT('',(-2.677644400023,-12.2980879545));
#5262 = CARTESIAN_POINT('',(-2.681147611712,-12.27182311222));
#5263 = CARTESIAN_POINT('',(-2.684439437374,-12.24415986483));
#5264 = CARTESIAN_POINT('',(-2.687520060034,-12.21527700034));
#5265 = CARTESIAN_POINT('',(-2.690392043229,-12.18533036104));
#5266 = CARTESIAN_POINT('',(-2.695102487456,-12.13079058117));
#5267 = CARTESIAN_POINT('',(-2.697025431026,-12.106585161));
#5268 = CARTESIAN_POINT('',(-2.698829787836,-12.08189100372));
#5269 = CARTESIAN_POINT('',(-2.700517406756,-12.05676121084));
#5270 = CARTESIAN_POINT('',(-2.702090253525,-12.0312431725));
#5271 = CARTESIAN_POINT('',(-2.707661685671,-11.93255318927));
#5272 = CARTESIAN_POINT('',(-2.710877711359,-11.85701156031));
#5273 = CARTESIAN_POINT('',(-2.713247881277,-11.77963610573));
#5274 = CARTESIAN_POINT('',(-2.714808859404,-11.70113327734));
#5275 = CARTESIAN_POINT('',(-2.715593307829,-11.62209737641));
#5276 = CARTESIAN_POINT('',(-2.715643461363,-11.47384025587));
#5277 = CARTESIAN_POINT('',(-2.715087123435,-11.40466265113));
#5278 = CARTESIAN_POINT('',(-2.713964727471,-11.33582431067));
#5279 = CARTESIAN_POINT('',(-2.71228291676,-11.26769336785));
#5280 = CARTESIAN_POINT('',(-2.710045481868,-11.20066958492));
#5281 = CARTESIAN_POINT('',(-2.706134670386,-11.1090652654));
#5282 = CARTESIAN_POINT('',(-2.704930252574,-11.08318210697));
#5283 = CARTESIAN_POINT('',(-2.703637005303,-11.05757771177));
#5284 = CARTESIAN_POINT('',(-2.702254834739,-11.03228429353));
#5285 = CARTESIAN_POINT('',(-2.700783621435,-11.00733677632));
#5286 = CARTESIAN_POINT('',(-2.697143834109,-10.95003889999));
#5287 = CARTESIAN_POINT('',(-2.694906152181,-10.91798732194));
#5288 = CARTESIAN_POINT('',(-2.692509802646,-10.88670600734));
#5289 = CARTESIAN_POINT('',(-2.689954691354,-10.85629683277));
#5290 = CARTESIAN_POINT('',(-2.687241261487,-10.8268744574));
#5291 = CARTESIAN_POINT('',(-2.680242719476,-10.75785403563));
#5292 = CARTESIAN_POINT('',(-2.675790077733,-10.71944713118));
#5293 = CARTESIAN_POINT('',(-2.671016538562,-10.68372041258));
#5294 = CARTESIAN_POINT('',(-2.665932608795,-10.65112842848));
#5295 = CARTESIAN_POINT('',(-2.660558599797,-10.62217744846));
#5296 = CARTESIAN_POINT('',(-2.654930886982,-10.59735116187));
#5297 = ( GEOMETRIC_REPRESENTATION_CONTEXT(2) 
PARAMETRIC_REPRESENTATION_CONTEXT() REPRESENTATION_CONTEXT('2D SPACE',''
  ) );
#5298 = PCURVE('',#4160,#5299);
#5299 = DEFINITIONAL_REPRESENTATION('',(#5300),#5428);
#5300 = B_SPLINE_CURVE_WITH_KNOTS('',6,(#5301,#5302,#5303,#5304,#5305,
    #5306,#5307,#5308,#5309,#5310,#5311,#5312,#5313,#5314,#5315,#5316,
    #5317,#5318,#5319,#5320,#5321,#5322,#5323,#5324,#5325,#5326,#5327,
    #5328,#5329,#5330,#5331,#5332,#5333,#5334,#5335,#5336,#5337,#5338,
    #5339,#5340,#5341,#5342,#5343,#5344,#5345,#5346,#5347,#5348,#5349,
    #5350,#5351,#5352,#5353,#5354,#5355,#5356,#5357,#5358,#5359,#5360,
    #5361,#5362,#5363,#5364,#5365,#5366,#5367,#5368,#5369,#5370,#5371,
    #5372,#5373,#5374,#5375,#5376,#5377,#5378,#5379,#5380,#5381,#5382,
    #5383,#5384,#5385,#5386,#5387,#5388,#5389,#5390,#5391,#5392,#5393,
    #5394,#5395,#5396,#5397,#5398,#5399,#5400,#5401,#5402,#5403,#5404,
    #5405,#5406,#5407,#5408,#5409,#5410,#5411,#5412,#5413,#5414,#5415,
    #5416,#5417,#5418,#5419,#5420,#5421,#5422,#5423,#5424,#5425,#5426,
    #5427),.UNSPECIFIED.,.F.,.F.,(7,5,5,5,5,5,5,5,5,5,5,5,5,5,5,5,5,5,5,
    5,5,5,5,5,5,7),(0.,2.113706770452E-02,5.837372891909E-02,
    9.828090434825E-02,0.11766523262,0.154304957776,0.199411912514,
    0.233305065992,0.320156368489,0.382945919867,0.40638490142,
    0.437009475778,0.476984023126,0.507929312911,0.524599194753,
    0.558372361809,0.592147842058,0.608820265734,0.63977152026,
    0.679753959051,0.710383520212,0.796625292042,0.872062765725,
    0.902172837104,0.942297435491,1.),.UNSPECIFIED.);
#5301 = CARTESIAN_POINT('',(8.881784197001E-16,4.59615697891));
#5302 = CARTESIAN_POINT('',(2.439178218939E-02,4.595610793275));
#5303 = CARTESIAN_POINT('',(4.892871478333E-02,4.595088316587));
#5304 = CARTESIAN_POINT('',(7.360611159173E-02,4.594593144331));
#5305 = CARTESIAN_POINT('',(9.841695645671E-02,4.594128810658));
#5306 = CARTESIAN_POINT('',(0.12335149709,4.593698647877));
#5307 = CARTESIAN_POINT('',(0.192518612165,4.592613303958));
#5308 = CARTESIAN_POINT('',(0.236992119659,4.592036152704));
#5309 = CARTESIAN_POINT('',(0.281740154681,4.591590765791));
#5310 = CARTESIAN_POINT('',(0.326683407739,4.591289630177));
#5311 = CARTESIAN_POINT('',(0.371731514008,4.591139652198));
#5312 = CARTESIAN_POINT('',(0.465047021962,4.591141747516));
#5313 = CARTESIAN_POINT('',(0.513326040721,4.591316250709));
#5314 = CARTESIAN_POINT('',(0.561473684846,4.591664342735));
#5315 = CARTESIAN_POINT('',(0.609380277616,4.59217679242));
#5316 = CARTESIAN_POINT('',(0.656951447846,4.592837190394));
#5317 = CARTESIAN_POINT('',(0.726995243494,4.594006436308));
#5318 = CARTESIAN_POINT('',(0.749796120467,4.594418622045));
#5319 = CARTESIAN_POINT('',(0.772489773875,4.594858279883));
#5320 = CARTESIAN_POINT('',(0.795069075916,4.595322822565));
#5321 = CARTESIAN_POINT('',(0.817528267982,4.595809524547));
#5322 = CARTESIAN_POINT('',(0.882079383617,4.597271944503));
#5323 = CARTESIAN_POINT('',(0.923850145044,4.598297366516));
#5324 = CARTESIAN_POINT('',(0.965147645867,4.599372740187));
#5325 = CARTESIAN_POINT('',(1.005959709219,4.60047857646));
#5326 = CARTESIAN_POINT('',(1.046286686868,4.60159605298));
#5327 = CARTESIAN_POINT('',(1.135199984257,4.604077183737));
#5328 = CARTESIAN_POINT('',(1.183538091028,4.605437960757));
#5329 = CARTESIAN_POINT('',(1.231178486152,4.606758509891));
#5330 = CARTESIAN_POINT('',(1.278155182795,4.608010448371));
#5331 = CARTESIAN_POINT('',(1.32451179495,4.609169310502));
#5332 = CARTESIAN_POINT('',(1.404709814806,4.611000558644));
#5333 = CARTESIAN_POINT('',(1.438795966525,4.611722211606));
#5334 = CARTESIAN_POINT('',(1.472583418704,4.612371219694));
#5335 = CARTESIAN_POINT('',(1.506093997236,4.612940123366));
#5336 = CARTESIAN_POINT('',(1.539349989226,4.613422563548));
#5337 = CARTESIAN_POINT('',(1.657001743373,4.614814200232));
#5338 = CARTESIAN_POINT('',(1.740081606361,4.61521199699));
#5339 = CARTESIAN_POINT('',(1.822060057865,4.614917940091));
#5340 = CARTESIAN_POINT('',(1.9032807439,4.613882329948));
#5341 = CARTESIAN_POINT('',(1.98409202306,4.612091887481));
#5342 = CARTESIAN_POINT('',(2.123365688387,4.607734855311));
#5343 = CARTESIAN_POINT('',(2.181800264163,4.6055212546));
#5344 = CARTESIAN_POINT('',(2.240386128809,4.602929164643));
#5345 = CARTESIAN_POINT('',(2.299268239274,4.599975161008));
#5346 = CARTESIAN_POINT('',(2.358596540562,4.596687357029));
#5347 = CARTESIAN_POINT('',(2.440934042389,4.591771014214));
#5348 = CARTESIAN_POINT('',(2.463402046401,4.590393978537));
#5349 = CARTESIAN_POINT('',(2.485965563689,4.588978473697));
#5350 = CARTESIAN_POINT('',(2.508633590149,4.587527021718));
#5351 = CARTESIAN_POINT('',(2.531415302252,4.586042479926));
#5352 = CARTESIAN_POINT('',(2.584246628916,4.582549326595));
#5353 = CARTESIAN_POINT('',(2.614382973732,4.580519638777));
#5354 = CARTESIAN_POINT('',(2.644750222113,4.578446039129));
#5355 = CARTESIAN_POINT('',(2.675369463093,4.576336889203));
#5356 = CARTESIAN_POINT('',(2.706261744112,4.574201850468));
#5357 = CARTESIAN_POINT('',(2.778155879292,4.569245513095));
#5358 = CARTESIAN_POINT('',(2.819362132111,4.566413968194));
#5359 = CARTESIAN_POINT('',(2.861116874874,4.563581447258));
#5360 = CARTESIAN_POINT('',(2.903460884375,4.560777378859));
#5361 = CARTESIAN_POINT('',(2.946426496697,4.55803591578));
#5362 = CARTESIAN_POINT('',(3.023799519673,4.553351361406));
#5363 = CARTESIAN_POINT('',(3.057945886841,4.551367929049));
#5364 = CARTESIAN_POINT('',(3.092486243028,4.549462912016));
#5365 = CARTESIAN_POINT('',(3.127421298355,4.547655962517));
#5366 = CARTESIAN_POINT('',(3.162741619997,4.545967455196));
#5367 = CARTESIAN_POINT('',(3.217647985157,4.543582307386));
#5368 = CARTESIAN_POINT('',(3.23697577093,4.54278741916));
#5369 = CARTESIAN_POINT('',(3.256405189007,4.542035845737));
#5370 = CARTESIAN_POINT('',(3.275931374235,4.541330607315));
#5371 = CARTESIAN_POINT('',(3.295548250138,4.540674572008));
#5372 = CARTESIAN_POINT('',(3.355161277694,4.538846516981));
#5373 = CARTESIAN_POINT('',(3.395422454794,4.537835410185));
#5374 = CARTESIAN_POINT('',(3.435959055598,4.537059764171));
#5375 = CARTESIAN_POINT('',(3.476692778775,4.536536914513));
#5376 = CARTESIAN_POINT('',(3.517532501449,4.536276575764));
#5377 = CARTESIAN_POINT('',(3.599203804107,4.536280451509));
#5378 = CARTESIAN_POINT('',(3.640045131697,4.536544702552));
#5379 = CARTESIAN_POINT('',(3.680779272858,4.537071417386));
#5380 = CARTESIAN_POINT('',(3.721315177062,4.537850800228));
#5381 = CARTESIAN_POINT('',(3.761574680629,4.538865447982));
#5382 = CARTESIAN_POINT('',(3.821185703904,4.540698486523));
#5383 = CARTESIAN_POINT('',(3.840802819642,4.541356153423));
#5384 = CARTESIAN_POINT('',(3.86032905953,4.542062968216));
#5385 = CARTESIAN_POINT('',(3.879758367673,4.542816058079));
#5386 = CARTESIAN_POINT('',(3.899085899792,4.543612399248));
#5387 = CARTESIAN_POINT('',(3.953992627113,4.546001571417));
#5388 = CARTESIAN_POINT('',(3.989313230791,4.547692499752));
#5389 = CARTESIAN_POINT('',(4.024248248876,4.549501636133));
#5390 = CARTESIAN_POINT('',(4.058788360763,4.551408599506));
#5391 = CARTESIAN_POINT('',(4.09293437166,4.553393739348));
#5392 = CARTESIAN_POINT('',(4.17030672102,4.558081686663));
#5393 = CARTESIAN_POINT('',(4.213271986751,4.560824680159));
#5394 = CARTESIAN_POINT('',(4.255615758628,4.563629904706));
#5395 = CARTESIAN_POINT('',(4.29737048336,4.566463229912));
#5396 = CARTESIAN_POINT('',(4.338577010719,4.569295253106));
#5397 = CARTESIAN_POINT('',(4.410471160556,4.574251826948));
#5398 = CARTESIAN_POINT('',(4.441363059767,4.576386749763));
#5399 = CARTESIAN_POINT('',(4.471982159181,4.578495619434));
#5400 = CARTESIAN_POINT('',(4.502349519611,4.580568785858));
#5401 = CARTESIAN_POINT('',(4.532486238856,4.582597898139));
#5402 = CARTESIAN_POINT('',(4.646677664546,4.59014525571));
#5403 = CARTESIAN_POINT('',(4.729246833485,4.595306895094));
#5404 = CARTESIAN_POINT('',(4.810662448398,4.599906588825));
#5405 = CARTESIAN_POINT('',(4.891303113354,4.603847936183));
#5406 = CARTESIAN_POINT('',(4.971540114436,4.607080092296));
#5407 = CARTESIAN_POINT('',(5.122018645208,4.611777406124));
#5408 = CARTESIAN_POINT('',(5.192220439587,4.613412165427));
#5409 = CARTESIAN_POINT('',(5.262688006626,4.614478833636));
#5410 = CARTESIAN_POINT('',(5.333654029857,4.614983878891));
#5411 = CARTESIAN_POINT('',(5.405349407549,4.614953933962));
#5412 = CARTESIAN_POINT('',(5.507072601313,4.61423059803));
#5413 = CARTESIAN_POINT('',(5.536250263095,4.613946682857));
#5414 = CARTESIAN_POINT('',(5.565602559385,4.613588251429));
#5415 = CARTESIAN_POINT('',(5.595145475746,4.613158986352));
#5416 = CARTESIAN_POINT('',(5.624894930846,4.612663203546));
#5417 = CARTESIAN_POINT('',(5.694807175577,4.611363127447));
#5418 = CARTESIAN_POINT('',(5.735141200398,4.61051112116));
#5419 = CARTESIAN_POINT('',(5.775908285098,4.609561557264));
#5420 = CARTESIAN_POINT('',(5.817143244227,4.608528495134));
#5421 = CARTESIAN_POINT('',(5.858877845313,4.607428398476));
#5422 = CARTESIAN_POINT('',(5.961922357388,4.60462900363));
#5423 = CARTESIAN_POINT('',(6.023794672397,4.602878404348));
#5424 = CARTESIAN_POINT('',(6.086849289826,4.601084659073));
#5425 = CARTESIAN_POINT('',(6.151119635226,4.599315128663));
#5426 = CARTESIAN_POINT('',(6.216598416468,4.597648005793));
#5427 = CARTESIAN_POINT('',(6.28318530718,4.59615697891));
#5428 = ( GEOMETRIC_REPRESENTATION_CONTEXT(2) 
PARAMETRIC_REPRESENTATION_CONTEXT() REPRESENTATION_CONTEXT('2D SPACE',''
  ) );
#5429 = FACE_BOUND('',#5430,.F.);
#5430 = EDGE_LOOP('',(#5431));
#5431 = ORIENTED_EDGE('',*,*,#5432,.T.);
#5432 = EDGE_CURVE('',#5433,#5433,#5435,.T.);
#5433 = VERTEX_POINT('',#5434);
#5434 = CARTESIAN_POINT('',(-7.68376388941,14.520959316506,
    31.618062281601));
#5435 = SURFACE_CURVE('',#5436,(#5569,#5705),.PCURVE_S1.);
#5436 = B_SPLINE_CURVE_WITH_KNOTS('',6,(#5437,#5438,#5439,#5440,#5441,
    #5442,#5443,#5444,#5445,#5446,#5447,#5448,#5449,#5450,#5451,#5452,
    #5453,#5454,#5455,#5456,#5457,#5458,#5459,#5460,#5461,#5462,#5463,
    #5464,#5465,#5466,#5467,#5468,#5469,#5470,#5471,#5472,#5473,#5474,
    #5475,#5476,#5477,#5478,#5479,#5480,#5481,#5482,#5483,#5484,#5485,
    #5486,#5487,#5488,#5489,#5490,#5491,#5492,#5493,#5494,#5495,#5496,
    #5497,#5498,#5499,#5500,#5501,#5502,#5503,#5504,#5505,#5506,#5507,
    #5508,#5509,#5510,#5511,#5512,#5513,#5514,#5515,#5516,#5517,#5518,
    #5519,#5520,#5521,#5522,#5523,#5524,#5525,#5526,#5527,#5528,#5529,
    #5530,#5531,#5532,#5533,#5534,#5535,#5536,#5537,#5538,#5539,#5540,
    #5541,#5542,#5543,#5544,#5545,#5546,#5547,#5548,#5549,#5550,#5551,
    #5552,#5553,#5554,#5555,#5556,#5557,#5558,#5559,#5560,#5561,#5562,
    #5563,#5564,#5565,#5566,#5567,#5568),.UNSPECIFIED.,.T.,.F.,(7,5,5,5,
    5,5,5,5,5,5,5,5,5,5,5,5,5,5,5,5,5,5,5,5,5,5,7),(0.,5.92020861625E-02
    ,9.88840785923E-02,0.128482232811,0.203373262814,0.289614834232,
    0.320244324216,0.360226670094,0.391177852694,0.407850237626,
    0.441625639387,0.475398727959,0.492068571063,0.523013788936,
    0.562988243389,0.593612746581,0.617051673666,0.679841079132,
    0.7666921798,0.800585254516,0.845692104433,0.882331744444,
    0.90171602767,0.914109999841,0.941625010483,0.980640290037,1.),
  .UNSPECIFIED.);
#5437 = CARTESIAN_POINT('',(-7.68376388941,14.520959316506,
    31.618062281601));
#5438 = CARTESIAN_POINT('',(-7.586227137194,14.539470067148,
    31.64353528571));
#5439 = CARTESIAN_POINT('',(-7.490294585761,14.550748597273,
    31.673348898902));
#5440 = CARTESIAN_POINT('',(-7.396955052239,14.55508521399,
    31.706981147192));
#5441 = CARTESIAN_POINT('',(-7.306912162984,14.552975883594,
    31.743886638068));
#5442 = CARTESIAN_POINT('',(-7.220635138401,14.544950662741,
    31.783577582505));
#5443 = CARTESIAN_POINT('',(-7.083298504767,14.522492779017,
    31.853852797505));
#5444 = CARTESIAN_POINT('',(-7.030007783809,14.511045345132,
    31.88312416995));
#5445 = CARTESIAN_POINT('',(-6.978625000548,14.497311743105,
    31.913344949955));
#5446 = CARTESIAN_POINT('',(-6.92921267741,14.481434805363,
    31.944405581897));
#5447 = CARTESIAN_POINT('',(-6.88181450986,14.463547458497,
    31.976208618243));
#5448 = CARTESIAN_POINT('',(-6.802630363838,14.429016472358,
    32.032881943592));
#5449 = CARTESIAN_POINT('',(-6.769938804467,14.413212221465,
    32.057459632731));
#5450 = CARTESIAN_POINT('',(-6.738397443429,14.396406127134,
    32.082367364992));
#5451 = CARTESIAN_POINT('',(-6.708016630675,14.378644794507,
    32.107572210958));
#5452 = CARTESIAN_POINT('',(-6.67880469069,14.359971498837,
    32.133043742558));
#5453 = CARTESIAN_POINT('',(-6.579827605312,14.290971458107,
    32.223807756446));
#5454 = CARTESIAN_POINT('',(-6.516424886425,14.23594294388,
    32.290377852624));
#5455 = CARTESIAN_POINT('',(-6.460640400395,14.175974412182,
    32.358030575052));
#5456 = CARTESIAN_POINT('',(-6.412575547974,14.111591022415,
    32.426375409901));
#5457 = CARTESIAN_POINT('',(-6.372330618009,14.043241524,32.495052295583
    ));
#5458 = CARTESIAN_POINT('',(-6.302912515335,13.888399762242,
    32.642808496144));
#5459 = CARTESIAN_POINT('',(-6.276361972947,13.800772187955,
    32.721844397073));
#5460 = CARTESIAN_POINT('',(-6.260626717177,13.708907963726,
    32.800347225461));
#5461 = CARTESIAN_POINT('',(-6.256122698545,13.61329343191,
    32.87772268004));
#5462 = CARTESIAN_POINT('',(-6.263338732135,13.514445362613,
    32.953264309004));
#5463 = CARTESIAN_POINT('',(-6.289999287778,13.376801806941,
    33.051954292226));
#5464 = CARTESIAN_POINT('',(-6.298556663556,13.340390446136,
    33.077472330576));
#5465 = CARTESIAN_POINT('',(-6.30871634905,13.303667401819,
    33.10260212345));
#5466 = CARTESIAN_POINT('',(-6.320512034273,13.266663435962,
    33.127296280732));
#5467 = CARTESIAN_POINT('',(-6.333978984632,13.229413926664,
    33.151501700896));
#5468 = CARTESIAN_POINT('',(-6.368962870595,13.14306673496,
    33.206041480772));
#5469 = CARTESIAN_POINT('',(-6.391680636453,13.093827934635,
    33.235988120067));
#5470 = CARTESIAN_POINT('',(-6.417388855492,13.044328814486,
    33.264870984562));
#5471 = CARTESIAN_POINT('',(-6.446167504667,12.994684838464,
    33.292534231951));
#5472 = CARTESIAN_POINT('',(-6.47808277687,12.945042511892,
    33.318799074236));
#5473 = CARTESIAN_POINT('',(-6.540340345421,12.857292336996,
    33.36256504065));
#5474 = CARTESIAN_POINT('',(-6.569407951957,12.819114271169,
    33.380704445551));
#5475 = CARTESIAN_POINT('',(-6.600393683682,12.781132835143,
    33.397794161992));
#5476 = CARTESIAN_POINT('',(-6.633299317107,12.743452026878,
    33.413732219299));
#5477 = CARTESIAN_POINT('',(-6.668103637882,12.706192988558,
    33.428412880575));
#5478 = CARTESIAN_POINT('',(-6.724495884971,12.649723736479,
    33.448907532751));
#5479 = CARTESIAN_POINT('',(-6.744773368314,12.630116886627,
    33.45568760488));
#5480 = CARTESIAN_POINT('',(-6.765577751725,12.610694188152,
    33.462056336197));
#5481 = CARTESIAN_POINT('',(-6.786897478683,12.591478527151,
    33.467997997088));
#5482 = CARTESIAN_POINT('',(-6.808717835049,12.572493817405,
    33.473497632959));
#5483 = CARTESIAN_POINT('',(-6.876203245381,12.515823618715,
    33.488758193854));
#5484 = CARTESIAN_POINT('',(-6.923373408344,12.478926479765,
    33.49710496111));
#5485 = CARTESIAN_POINT('',(-6.972368923748,12.44329056362,
    33.503462278152));
#5486 = CARTESIAN_POINT('',(-7.022983616303,12.409128387559,
    33.507739495262));
#5487 = CARTESIAN_POINT('',(-7.074963876165,12.376638721471,
    33.509885784496));
#5488 = CARTESIAN_POINT('',(-7.181042262149,12.315357983662,
    33.509917261054));
#5489 = CARTESIAN_POINT('',(-7.235153175577,12.286559187421,
    33.507802744444));
#5490 = CARTESIAN_POINT('',(-7.290033250745,12.259777350042,
    33.503557155629));
#5491 = CARTESIAN_POINT('',(-7.345383574982,12.235133136587,
    33.497230899729));
#5492 = CARTESIAN_POINT('',(-7.400916863156,12.212699289781,
    33.488914276357));
#5493 = CARTESIAN_POINT('',(-7.483731234894,12.182542624264,
    33.473697459464));
#5494 = CARTESIAN_POINT('',(-7.51107983099,12.173122549723,
    33.468212362553));
#5495 = CARTESIAN_POINT('',(-7.538378846405,12.164251308883,
    33.462285009754));
#5496 = CARTESIAN_POINT('',(-7.565600181462,12.155929731418,
    33.455930331427));
#5497 = CARTESIAN_POINT('',(-7.592718201555,12.148156422247,
    33.449164038936));
#5498 = CARTESIAN_POINT('',(-7.669815724639,12.127508770157,
    33.428708466799));
#5499 = CARTESIAN_POINT('',(-7.719485050798,12.115967272417,
    33.414052514412));
#5500 = CARTESIAN_POINT('',(-7.768572217651,12.106280770645,
    33.398138200139));
#5501 = CARTESIAN_POINT('',(-7.816961474938,12.098407233286,
    33.381071227749));
#5502 = CARTESIAN_POINT('',(-7.86456343246,12.092293238623,
    33.362953575597));
#5503 = CARTESIAN_POINT('',(-7.97170017564,12.082183915956,
    33.319235382065));
#5504 = CARTESIAN_POINT('',(-8.030659307239,12.079327691991,
    33.292995928781));
#5505 = CARTESIAN_POINT('',(-8.088053339339,12.079189081826,
    33.265356547325));
#5506 = CARTESIAN_POINT('',(-8.143788206235,12.081637570227,
    33.23649612926));
#5507 = CARTESIAN_POINT('',(-8.197803700736,12.086546166723,
    33.206570632408));
#5508 = CARTESIAN_POINT('',(-8.290103661834,12.099359083851,
    33.152065250736));
#5509 = CARTESIAN_POINT('',(-8.329110201266,12.106293929874,
    33.127873544201));
#5510 = CARTESIAN_POINT('',(-8.367069015655,12.114553700283,
    33.103192407785));
#5511 = CARTESIAN_POINT('',(-8.403967058098,12.124090146147,
    33.078074989077));
#5512 = CARTESIAN_POINT('',(-8.43979450795,12.134858688191,
    33.052568718498));
#5513 = CARTESIAN_POINT('',(-8.501141410524,12.155971976127,
    33.006928011221));
#5514 = CARTESIAN_POINT('',(-8.527106626862,12.165823248629,
    32.986937639385));
#5515 = CARTESIAN_POINT('',(-8.552437087515,12.176353923978,
    32.966763065318));
#5516 = CARTESIAN_POINT('',(-8.577129558406,12.187546796506,
    32.946421878889));
#5517 = CARTESIAN_POINT('',(-8.6011809037,12.199385765207,
    32.925930388314));
#5518 = CARTESIAN_POINT('',(-8.687292451162,12.245261295788,
    32.850047570888));
#5519 = CARTESIAN_POINT('',(-8.745367761323,12.283192283773,
    32.793826411018));
#5520 = CARTESIAN_POINT('',(-8.798767164723,12.325364709282,
    32.736920597778));
#5521 = CARTESIAN_POINT('',(-8.84740695876,12.371538220115,
    32.679576607447));
#5522 = CARTESIAN_POINT('',(-8.891185148352,12.421496223022,
    32.622016264243));
#5523 = CARTESIAN_POINT('',(-8.983607352083,12.549136718386,
    32.484798845156));
#5524 = CARTESIAN_POINT('',(-9.027665366046,12.630077096955,
    32.405159173322));
#5525 = CARTESIAN_POINT('',(-9.061808197714,12.717396231023,
    32.326029453778));
#5526 = CARTESIAN_POINT('',(-9.085473434141,12.810615092793,
    32.247976412846));
#5527 = CARTESIAN_POINT('',(-9.097994478993,12.909159640682,
    32.171631988149));
#5528 = CARTESIAN_POINT('',(-9.098705564594,13.052645469074,
    32.068881794078));
#5529 = CARTESIAN_POINT('',(-9.097076183491,13.093626840288,
    32.040414773273));
#5530 = CARTESIAN_POINT('',(-9.093567208885,13.135269734195,
    32.012368489278));
#5531 = CARTESIAN_POINT('',(-9.08812447546,13.177523934766,
    31.984793857025));
#5532 = CARTESIAN_POINT('',(-9.080691536784,13.220331395393,
    31.957747002266));
#5533 = CARTESIAN_POINT('',(-9.05859361725,13.321243704148,
    31.89607758733));
#5534 = CARTESIAN_POINT('',(-9.042350226572,13.379720215423,
    31.861911481372));
#5535 = CARTESIAN_POINT('',(-9.02234566544,13.438901028336,
    31.82893307329));
#5536 = CARTESIAN_POINT('',(-8.998443060069,13.498588336958,
    31.797311592686));
#5537 = CARTESIAN_POINT('',(-8.970521465557,13.558537643146,
    31.767238403201));
#5538 = CARTESIAN_POINT('',(-8.912477767874,13.667124814121,
    31.715921213229));
#5539 = CARTESIAN_POINT('',(-8.883753986352,13.715770883627,
    31.694080828992));
#5540 = CARTESIAN_POINT('',(-8.852278574333,13.764232235402,
    31.673513926536));
#5541 = CARTESIAN_POINT('',(-8.818027507612,13.812318202397,
    31.654344568606));
#5542 = CARTESIAN_POINT('',(-8.781010950468,13.859811652607,
    31.636700835459));
#5543 = CARTESIAN_POINT('',(-8.720272211015,13.931158251047,
    31.612246555978));
#5544 = CARTESIAN_POINT('',(-8.698499355936,13.955611010967,
    31.604247326999));
#5545 = CARTESIAN_POINT('',(-8.675978032991,13.979794424663,
    31.596728919607));
#5546 = CARTESIAN_POINT('',(-8.652721510812,14.003671216815,
    31.589709296296));
#5547 = CARTESIAN_POINT('',(-8.628747549575,14.027203012494,
    31.583205514716));
#5548 = CARTESIAN_POINT('',(-8.588305378211,14.065150332325,
    31.573415471324));
#5549 = CARTESIAN_POINT('',(-8.572248193854,14.079793226072,
    31.569814641611));
#5550 = CARTESIAN_POINT('',(-8.555912749906,14.094268726028,
    31.566435415889));
#5551 = CARTESIAN_POINT('',(-8.539305767681,14.108566586639,
    31.563281656369));
#5552 = CARTESIAN_POINT('',(-8.522434787825,14.122676609173,
    31.560356910112));
#5553 = CARTESIAN_POINT('',(-8.467286537183,14.167473794495,
    31.551686971389));
#5554 = CARTESIAN_POINT('',(-8.428003307097,14.197384586259,
    31.546853858636));
#5555 = CARTESIAN_POINT('',(-8.387553096392,14.22620783308,
    31.543200646819));
#5556 = CARTESIAN_POINT('',(-8.346045945044,14.25383841024,
    31.540752574819));
#5557 = CARTESIAN_POINT('',(-8.303607579218,14.280181668987,
    31.539523020265));
#5558 = CARTESIAN_POINT('',(-8.19908408372,14.34056833389,
    31.539496314325));
#5559 = CARTESIAN_POINT('',(-8.136189478278,14.373234649722,
    31.541930737016));
#5560 = CARTESIAN_POINT('',(-8.072108328655,14.402915450278,
    31.546815846882));
#5561 = CARTESIAN_POINT('',(-8.007257591438,14.429460171164,
    31.554097032657));
#5562 = CARTESIAN_POINT('',(-7.942047404678,14.452794696683,
    31.563675633723));
#5563 = CARTESIAN_POINT('',(-7.844528100156,14.482889920117,
    31.581247811015));
#5564 = CARTESIAN_POINT('',(-7.812191737189,14.492078637581,
    31.587609353601));
#5565 = CARTESIAN_POINT('',(-7.779906273399,14.500475004686,
    31.594488873078));
#5566 = CARTESIAN_POINT('',(-7.747714142395,14.508082252223,
    31.601869548679));
#5567 = CARTESIAN_POINT('',(-7.715654633032,14.514907011935,
    31.60973359892));
#5568 = CARTESIAN_POINT('',(-7.68376388941,14.520959316506,
    31.618062281601));
#5569 = PCURVE('',#3611,#5570);
#5570 = DEFINITIONAL_REPRESENTATION('',(#5571),#5704);
#5571 = B_SPLINE_CURVE_WITH_KNOTS('',6,(#5572,#5573,#5574,#5575,#5576,
    #5577,#5578,#5579,#5580,#5581,#5582,#5583,#5584,#5585,#5586,#5587,
    #5588,#5589,#5590,#5591,#5592,#5593,#5594,#5595,#5596,#5597,#5598,
    #5599,#5600,#5601,#5602,#5603,#5604,#5605,#5606,#5607,#5608,#5609,
    #5610,#5611,#5612,#5613,#5614,#5615,#5616,#5617,#5618,#5619,#5620,
    #5621,#5622,#5623,#5624,#5625,#5626,#5627,#5628,#5629,#5630,#5631,
    #5632,#5633,#5634,#5635,#5636,#5637,#5638,#5639,#5640,#5641,#5642,
    #5643,#5644,#5645,#5646,#5647,#5648,#5649,#5650,#5651,#5652,#5653,
    #5654,#5655,#5656,#5657,#5658,#5659,#5660,#5661,#5662,#5663,#5664,
    #5665,#5666,#5667,#5668,#5669,#5670,#5671,#5672,#5673,#5674,#5675,
    #5676,#5677,#5678,#5679,#5680,#5681,#5682,#5683,#5684,#5685,#5686,
    #5687,#5688,#5689,#5690,#5691,#5692,#5693,#5694,#5695,#5696,#5697,
    #5698,#5699,#5700,#5701,#5702,#5703),.UNSPECIFIED.,.T.,.F.,(7,5,5,5,
    5,5,5,5,5,5,5,5,5,5,5,5,5,5,5,5,5,5,5,5,5,5,7),(0.,5.92020861625E-02
    ,9.88840785923E-02,0.128482232811,0.203373262814,0.289614834232,
    0.320244324216,0.360226670094,0.391177852694,0.407850237626,
    0.441625639387,0.475398727959,0.492068571063,0.523013788936,
    0.562988243389,0.593612746581,0.617051673666,0.679841079132,
    0.7666921798,0.800585254516,0.845692104433,0.882331744444,
    0.90171602767,0.914109999841,0.941625010483,0.980640290037,1.),
  .UNSPECIFIED.);
#5572 = CARTESIAN_POINT('',(-3.628254420198,-10.59735116187));
#5573 = CARTESIAN_POINT('',(-3.622480107061,-10.62282416618));
#5574 = CARTESIAN_POINT('',(-3.616973294895,-10.65263777876));
#5575 = CARTESIAN_POINT('',(-3.611772809082,-10.68627002783));
#5576 = CARTESIAN_POINT('',(-3.606899997171,-10.7231755182));
#5577 = CARTESIAN_POINT('',(-3.602365752126,-10.76286646277));
#5578 = CARTESIAN_POINT('',(-3.595363970408,-10.83314167777));
#5579 = CARTESIAN_POINT('',(-3.592708001687,-10.86241305022));
#5580 = CARTESIAN_POINT('',(-3.590206949795,-10.89263383022));
#5581 = CARTESIAN_POINT('',(-3.587861179268,-10.92369446217));
#5582 = CARTESIAN_POINT('',(-3.58567057204,-10.95549749851));
#5583 = CARTESIAN_POINT('',(-3.582116288144,-11.01217082386));
#5584 = CARTESIAN_POINT('',(-3.580683977508,-11.036748513));
#5585 = CARTESIAN_POINT('',(-3.579337693033,-11.06165624526));
#5586 = CARTESIAN_POINT('',(-3.578077321921,-11.08686109123));
#5587 = CARTESIAN_POINT('',(-3.576902777827,-11.11233262283));
#5588 = CARTESIAN_POINT('',(-3.573059111879,-11.20309663671));
#5589 = CARTESIAN_POINT('',(-3.570853862069,-11.26966673289));
#5590 = CARTESIAN_POINT('',(-3.569196292954,-11.33731945532));
#5591 = CARTESIAN_POINT('',(-3.568090156797,-11.40566429017));
#5592 = CARTESIAN_POINT('',(-3.567542015271,-11.47434117585));
#5593 = CARTESIAN_POINT('',(-3.56759199935,-11.62209737641));
#5594 = CARTESIAN_POINT('',(-3.568376447775,-11.70113327734));
#5595 = CARTESIAN_POINT('',(-3.569937425903,-11.77963610573));
#5596 = CARTESIAN_POINT('',(-3.572307595821,-11.85701156031));
#5597 = CARTESIAN_POINT('',(-3.575523621508,-11.93255318927));
#5598 = CARTESIAN_POINT('',(-3.581095053655,-12.0312431725));
#5599 = CARTESIAN_POINT('',(-3.582667900424,-12.05676121084));
#5600 = CARTESIAN_POINT('',(-3.584355519343,-12.08189100372));
#5601 = CARTESIAN_POINT('',(-3.586159876153,-12.106585161));
#5602 = CARTESIAN_POINT('',(-3.588082819724,-12.13079058117));
#5603 = CARTESIAN_POINT('',(-3.592793263951,-12.18533036104));
#5604 = CARTESIAN_POINT('',(-3.595665247146,-12.21527700034));
#5605 = CARTESIAN_POINT('',(-3.598745869806,-12.24415986483));
#5606 = CARTESIAN_POINT('',(-3.602037695467,-12.27182311222));
#5607 = CARTESIAN_POINT('',(-3.605540907156,-12.2980879545));
#5608 = CARTESIAN_POINT('',(-3.612125193227,-12.34185392092));
#5609 = CARTESIAN_POINT('',(-3.615122704789,-12.35999332582));
#5610 = CARTESIAN_POINT('',(-3.618242965736,-12.37708304226));
#5611 = CARTESIAN_POINT('',(-3.621482427666,-12.39302109957));
#5612 = CARTESIAN_POINT('',(-3.624835176941,-12.40770176084));
#5613 = CARTESIAN_POINT('',(-3.630154611544,-12.42819641302));
#5614 = CARTESIAN_POINT('',(-3.632047155216,-12.43497648515));
#5615 = CARTESIAN_POINT('',(-3.633968571897,-12.44134521647));
#5616 = CARTESIAN_POINT('',(-3.635917188491,-12.44728687736));
#5617 = CARTESIAN_POINT('',(-3.637891065345,-12.45278651323));
#5618 = CARTESIAN_POINT('',(-3.643933436868,-12.46804707412));
#5619 = CARTESIAN_POINT('',(-3.648074093455,-12.47639384138));
#5620 = CARTESIAN_POINT('',(-3.652290481924,-12.48275115842));
#5621 = CARTESIAN_POINT('',(-3.656559887908,-12.48702837553));
#5622 = CARTESIAN_POINT('',(-3.660856799575,-12.48917466477));
#5623 = CARTESIAN_POINT('',(-3.669449587078,-12.48920614132));
#5624 = CARTESIAN_POINT('',(-3.673746519783,-12.48709162471));
#5625 = CARTESIAN_POINT('',(-3.678016265318,-12.4828460359));
#5626 = CARTESIAN_POINT('',(-3.682233296853,-12.47651978));
#5627 = CARTESIAN_POINT('',(-3.686374870687,-12.46820315663));
#5628 = CARTESIAN_POINT('',(-3.692418794578,-12.45298633973));
#5629 = CARTESIAN_POINT('',(-3.694393133453,-12.44750124282));
#5630 = CARTESIAN_POINT('',(-3.696342269329,-12.44157389002));
#5631 = CARTESIAN_POINT('',(-3.698264258413,-12.4352192117));
#5632 = CARTESIAN_POINT('',(-3.70015742336,-12.4284529192));
#5633 = CARTESIAN_POINT('',(-3.705478620512,-12.40799734707));
#5634 = CARTESIAN_POINT('',(-3.708832628896,-12.39334139468));
#5635 = CARTESIAN_POINT('',(-3.712073485464,-12.37742708041));
#5636 = CARTESIAN_POINT('',(-3.715195252716,-12.36036010802));
#5637 = CARTESIAN_POINT('',(-3.718194361606,-12.34224245587));
#5638 = CARTESIAN_POINT('',(-3.724782460415,-12.29852426233));
#5639 = CARTESIAN_POINT('',(-3.728287939148,-12.27228480905));
#5640 = CARTESIAN_POINT('',(-3.731582122092,-12.24464542759));
#5641 = CARTESIAN_POINT('',(-3.734665167592,-12.21578500953));
#5642 = CARTESIAN_POINT('',(-3.737539622752,-12.18585951268));
#5643 = CARTESIAN_POINT('',(-3.742254571526,-12.131354131));
#5644 = CARTESIAN_POINT('',(-3.744179523255,-12.10716242447));
#5645 = CARTESIAN_POINT('',(-3.745985898124,-12.08248128805));
#5646 = CARTESIAN_POINT('',(-3.747675541996,-12.05736386935));
#5647 = CARTESIAN_POINT('',(-3.749250418873,-12.03185759877));
#5648 = CARTESIAN_POINT('',(-3.751831721687,-11.98621689149));
#5649 = CARTESIAN_POINT('',(-3.752884797073,-11.96622651965));
#5650 = CARTESIAN_POINT('',(-3.75387274215,-11.94605194559));
#5651 = CARTESIAN_POINT('',(-3.754796435416,-11.92571075916));
#5652 = CARTESIAN_POINT('',(-3.755656728769,-11.90521926858));
#5653 = CARTESIAN_POINT('',(-3.758591417542,-11.82933645116));
#5654 = CARTESIAN_POINT('',(-3.760279112401,-11.77311529129));
#5655 = CARTESIAN_POINT('',(-3.76153381732,-11.71620947805));
#5656 = CARTESIAN_POINT('',(-3.762368400748,-11.65886548772));
#5657 = CARTESIAN_POINT('',(-3.762793720027,-11.60130514451));
#5658 = CARTESIAN_POINT('',(-3.762850022298,-11.46408772543));
#5659 = CARTESIAN_POINT('',(-3.762114137981,-11.38444805359));
#5660 = CARTESIAN_POINT('',(-3.760630903689,-11.30531833405));
#5661 = CARTESIAN_POINT('',(-3.75840836099,-11.22726529312));
#5662 = CARTESIAN_POINT('',(-3.75545110591,-11.15092086842));
#5663 = CARTESIAN_POINT('',(-3.750309991503,-11.04817067435));
#5664 = CARTESIAN_POINT('',(-3.748754268862,-11.01970365354));
#5665 = CARTESIAN_POINT('',(-3.747085761872,-10.99165736955));
#5666 = CARTESIAN_POINT('',(-3.745304279233,-10.96408273729));
#5667 = CARTESIAN_POINT('',(-3.743409676108,-10.93703588253));
#5668 = CARTESIAN_POINT('',(-3.738729863086,-10.8753664676));
#5669 = CARTESIAN_POINT('',(-3.735857548341,-10.84120036164));
#5670 = CARTESIAN_POINT('',(-3.732784767397,-10.80822195356));
#5671 = CARTESIAN_POINT('',(-3.729512317799,-10.77660047295));
#5672 = CARTESIAN_POINT('',(-3.726042737474,-10.74652728347));
#5673 = CARTESIAN_POINT('',(-3.719406710208,-10.6952100935));
#5674 = CARTESIAN_POINT('',(-3.716305777799,-10.67336970926));
#5675 = CARTESIAN_POINT('',(-3.713081216797,-10.65280280681));
#5676 = CARTESIAN_POINT('',(-3.709737581411,-10.63363344888));
#5677 = CARTESIAN_POINT('',(-3.706281570739,-10.61598971573));
#5678 = CARTESIAN_POINT('',(-3.700839696813,-10.59153543625));
#5679 = CARTESIAN_POINT('',(-3.698928005272,-10.58353620727));
#5680 = CARTESIAN_POINT('',(-3.696988925518,-10.57601779988));
#5681 = CARTESIAN_POINT('',(-3.695024097879,-10.56899817656));
#5682 = CARTESIAN_POINT('',(-3.693035388626,-10.56249439498));
#5683 = CARTESIAN_POINT('',(-3.689739412238,-10.55270435159));
#5684 = CARTESIAN_POINT('',(-3.68844502671,-10.54910352188));
#5685 = CARTESIAN_POINT('',(-3.687142283825,-10.54572429616));
#5686 = CARTESIAN_POINT('',(-3.685831769173,-10.54257053664));
#5687 = CARTESIAN_POINT('',(-3.684514103494,-10.53964579038));
#5688 = CARTESIAN_POINT('',(-3.680250263727,-10.53097585166));
#5689 = CARTESIAN_POINT('',(-3.677278441437,-10.5261427389));
#5690 = CARTESIAN_POINT('',(-3.674281889083,-10.52248952709));
#5691 = CARTESIAN_POINT('',(-3.671268436262,-10.52004145509));
#5692 = CARTESIAN_POINT('',(-3.668246340781,-10.51881190053));
#5693 = CARTESIAN_POINT('',(-3.660939157975,-10.51878519459));
#5694 = CARTESIAN_POINT('',(-3.656653328686,-10.52121961729));
#5695 = CARTESIAN_POINT('',(-3.652392233402,-10.52610472715));
#5696 = CARTESIAN_POINT('',(-3.648178897111,-10.53338591293));
#5697 = CARTESIAN_POINT('',(-3.644034088713,-10.54296451399));
#5698 = CARTESIAN_POINT('',(-3.637963031461,-10.56053669128));
#5699 = CARTESIAN_POINT('',(-3.635970903123,-10.56689823384));
#5700 = CARTESIAN_POINT('',(-3.634002195669,-10.57377775332));
#5701 = CARTESIAN_POINT('',(-3.632058803884,-10.58115842897));
#5702 = CARTESIAN_POINT('',(-3.630142397301,-10.58902247925));
#5703 = CARTESIAN_POINT('',(-3.628254420198,-10.59735116187));
#5704 = ( GEOMETRIC_REPRESENTATION_CONTEXT(2) 
PARAMETRIC_REPRESENTATION_CONTEXT() REPRESENTATION_CONTEXT('2D SPACE',''
  ) );
#5705 = PCURVE('',#4043,#5706);
#5706 = DEFINITIONAL_REPRESENTATION('',(#5707),#5840);
#5707 = B_SPLINE_CURVE_WITH_KNOTS('',6,(#5708,#5709,#5710,#5711,#5712,
    #5713,#5714,#5715,#5716,#5717,#5718,#5719,#5720,#5721,#5722,#5723,
    #5724,#5725,#5726,#5727,#5728,#5729,#5730,#5731,#5732,#5733,#5734,
    #5735,#5736,#5737,#5738,#5739,#5740,#5741,#5742,#5743,#5744,#5745,
    #5746,#5747,#5748,#5749,#5750,#5751,#5752,#5753,#5754,#5755,#5756,
    #5757,#5758,#5759,#5760,#5761,#5762,#5763,#5764,#5765,#5766,#5767,
    #5768,#5769,#5770,#5771,#5772,#5773,#5774,#5775,#5776,#5777,#5778,
    #5779,#5780,#5781,#5782,#5783,#5784,#5785,#5786,#5787,#5788,#5789,
    #5790,#5791,#5792,#5793,#5794,#5795,#5796,#5797,#5798,#5799,#5800,
    #5801,#5802,#5803,#5804,#5805,#5806,#5807,#5808,#5809,#5810,#5811,
    #5812,#5813,#5814,#5815,#5816,#5817,#5818,#5819,#5820,#5821,#5822,
    #5823,#5824,#5825,#5826,#5827,#5828,#5829,#5830,#5831,#5832,#5833,
    #5834,#5835,#5836,#5837,#5838,#5839),.UNSPECIFIED.,.F.,.F.,(7,5,5,5,
    5,5,5,5,5,5,5,5,5,5,5,5,5,5,5,5,5,5,5,5,5,5,7),(0.,5.92020861625E-02
    ,9.88840785923E-02,0.128482232811,0.203373262814,0.289614834232,
    0.320244324216,0.360226670094,0.391177852694,0.407850237626,
    0.441625639387,0.475398727959,0.492068571063,0.523013788936,
    0.562988243389,0.593612746581,0.617051673666,0.679841079132,
    0.7666921798,0.800585254516,0.845692104433,0.882331744444,
    0.90171602767,0.914109999841,0.941625010483,0.980640290037,1.),
  .UNSPECIFIED.);
#5708 = CARTESIAN_POINT('',(0.,4.59615697891));
#5709 = CARTESIAN_POINT('',(6.832146031906E-02,4.59768684662));
#5710 = CARTESIAN_POINT('',(0.135471510503,4.599401997751));
#5711 = CARTESIAN_POINT('',(0.201346779016,4.6012228825));
#5712 = CARTESIAN_POINT('',(0.265943803424,4.603065064864));
#5713 = CARTESIAN_POINT('',(0.329300701589,4.604856341534));
#5714 = CARTESIAN_POINT('',(0.433216126488,4.607663185921));
#5715 = CARTESIAN_POINT('',(0.474402953521,4.608739768879));
#5716 = CARTESIAN_POINT('',(0.515105437291,4.609748506228));
#5717 = CARTESIAN_POINT('',(0.555354693949,4.610673717541));
#5718 = CARTESIAN_POINT('',(0.595184593583,4.611502012206));
#5719 = CARTESIAN_POINT('',(0.664057432196,4.612759398062));
#5720 = CARTESIAN_POINT('',(0.693268819359,4.613236419179));
#5721 = CARTESIAN_POINT('',(0.722282528149,4.613648642564));
#5722 = CARTESIAN_POINT('',(0.75111368957,4.613992023502));
#5723 = CARTESIAN_POINT('',(0.77977748879,4.614263105756));
#5724 = CARTESIAN_POINT('',(0.88043112351,4.614954739564));
#5725 = CARTESIAN_POINT('',(0.951586371012,4.614969073353));
#5726 = CARTESIAN_POINT('',(1.022027725076,4.614455575972));
#5727 = CARTESIAN_POINT('',(1.091981342135,4.613388468105));
#5728 = CARTESIAN_POINT('',(1.161675087486,4.611761535194));
#5729 = CARTESIAN_POINT('',(1.311645192743,4.607080092296));
#5730 = CARTESIAN_POINT('',(1.391882193826,4.603847936183));
#5731 = CARTESIAN_POINT('',(1.472522858782,4.599906588825));
#5732 = CARTESIAN_POINT('',(1.553938473695,4.595306895094));
#5733 = CARTESIAN_POINT('',(1.636507642634,4.59014525571));
#5734 = CARTESIAN_POINT('',(1.750699068323,4.582597898139));
#5735 = CARTESIAN_POINT('',(1.780835787568,4.580568785858));
#5736 = CARTESIAN_POINT('',(1.811203147999,4.578495619434));
#5737 = CARTESIAN_POINT('',(1.841822247413,4.576386749763));
#5738 = CARTESIAN_POINT('',(1.872714146624,4.574251826948));
#5739 = CARTESIAN_POINT('',(1.944608296461,4.569295253105));
#5740 = CARTESIAN_POINT('',(1.98581482382,4.566463229912));
#5741 = CARTESIAN_POINT('',(2.027569548551,4.563629904706));
#5742 = CARTESIAN_POINT('',(2.069913320428,4.560824680159));
#5743 = CARTESIAN_POINT('',(2.11287858616,4.558081686663));
#5744 = CARTESIAN_POINT('',(2.19025093552,4.553393739348));
#5745 = CARTESIAN_POINT('',(2.224396946416,4.551408599506));
#5746 = CARTESIAN_POINT('',(2.258937058304,4.549501636133));
#5747 = CARTESIAN_POINT('',(2.293872076388,4.547692499752));
#5748 = CARTESIAN_POINT('',(2.329192680067,4.546001571417));
#5749 = CARTESIAN_POINT('',(2.384099407387,4.543612399248));
#5750 = CARTESIAN_POINT('',(2.403426939507,4.542816058079));
#5751 = CARTESIAN_POINT('',(2.42285624765,4.542062968216));
#5752 = CARTESIAN_POINT('',(2.442382487537,4.541356153423));
#5753 = CARTESIAN_POINT('',(2.461999603275,4.540698486523));
#5754 = CARTESIAN_POINT('',(2.52161062655,4.538865447982));
#5755 = CARTESIAN_POINT('',(2.561870130117,4.537850800228));
#5756 = CARTESIAN_POINT('',(2.602406034322,4.537071417386));
#5757 = CARTESIAN_POINT('',(2.643140175483,4.536544702552));
#5758 = CARTESIAN_POINT('',(2.683981503073,4.536280451508));
#5759 = CARTESIAN_POINT('',(2.76565280573,4.536276575764));
#5760 = CARTESIAN_POINT('',(2.806492528405,4.536536914513));
#5761 = CARTESIAN_POINT('',(2.847226251582,4.537059764171));
#5762 = CARTESIAN_POINT('',(2.887762852385,4.537835410185));
#5763 = CARTESIAN_POINT('',(2.928024029485,4.538846516981));
#5764 = CARTESIAN_POINT('',(2.987637057042,4.540674572008));
#5765 = CARTESIAN_POINT('',(3.007253932944,4.541330607315));
#5766 = CARTESIAN_POINT('',(3.026780118172,4.542035845737));
#5767 = CARTESIAN_POINT('',(3.046209536249,4.54278741916));
#5768 = CARTESIAN_POINT('',(3.065537322023,4.543582307386));
#5769 = CARTESIAN_POINT('',(3.120443687182,4.545967455196));
#5770 = CARTESIAN_POINT('',(3.155764008825,4.547655962517));
#5771 = CARTESIAN_POINT('',(3.190699064152,4.549462912016));
#5772 = CARTESIAN_POINT('',(3.225239420339,4.551367929049));
#5773 = CARTESIAN_POINT('',(3.259385787507,4.553351361406));
#5774 = CARTESIAN_POINT('',(3.336758810483,4.55803591578));
#5775 = CARTESIAN_POINT('',(3.379724422805,4.560777378859));
#5776 = CARTESIAN_POINT('',(3.422068432305,4.563581447258));
#5777 = CARTESIAN_POINT('',(3.463823175069,4.566413968194));
#5778 = CARTESIAN_POINT('',(3.505029427888,4.569245513095));
#5779 = CARTESIAN_POINT('',(3.576923563068,4.574201850468));
#5780 = CARTESIAN_POINT('',(3.607815844087,4.576336889203));
#5781 = CARTESIAN_POINT('',(3.638435085066,4.578446039129));
#5782 = CARTESIAN_POINT('',(3.668802333448,4.580519638777));
#5783 = CARTESIAN_POINT('',(3.698938678264,4.582549326595));
#5784 = CARTESIAN_POINT('',(3.751770004928,4.586042479926));
#5785 = CARTESIAN_POINT('',(3.77455171703,4.587527021718));
#5786 = CARTESIAN_POINT('',(3.797219743491,4.588978473697));
#5787 = CARTESIAN_POINT('',(3.819783260779,4.590393978537));
#5788 = CARTESIAN_POINT('',(3.842251264791,4.591771014214));
#5789 = CARTESIAN_POINT('',(3.924588766618,4.596687357029));
#5790 = CARTESIAN_POINT('',(3.983917067905,4.599975161008));
#5791 = CARTESIAN_POINT('',(4.042799178371,4.602929164643));
#5792 = CARTESIAN_POINT('',(4.101385043017,4.6055212546));
#5793 = CARTESIAN_POINT('',(4.159819618792,4.607734855311));
#5794 = CARTESIAN_POINT('',(4.299093284119,4.612091887481));
#5795 = CARTESIAN_POINT('',(4.379904563279,4.613882329948));
#5796 = CARTESIAN_POINT('',(4.461125249315,4.614917940091));
#5797 = CARTESIAN_POINT('',(4.543103700819,4.61521199699));
#5798 = CARTESIAN_POINT('',(4.626183563807,4.614814200232));
#5799 = CARTESIAN_POINT('',(4.743835317954,4.613422563548));
#5800 = CARTESIAN_POINT('',(4.777091309944,4.612940123366));
#5801 = CARTESIAN_POINT('',(4.810601888476,4.612371219694));
#5802 = CARTESIAN_POINT('',(4.844389340655,4.611722211606));
#5803 = CARTESIAN_POINT('',(4.878475492374,4.611000558643));
#5804 = CARTESIAN_POINT('',(4.958673512229,4.609169310502));
#5805 = CARTESIAN_POINT('',(5.005030124385,4.608010448371));
#5806 = CARTESIAN_POINT('',(5.052006821027,4.606758509891));
#5807 = CARTESIAN_POINT('',(5.099647216152,4.605437960756));
#5808 = CARTESIAN_POINT('',(5.147985322923,4.604077183737));
#5809 = CARTESIAN_POINT('',(5.236898620311,4.60159605298));
#5810 = CARTESIAN_POINT('',(5.277225597961,4.60047857646));
#5811 = CARTESIAN_POINT('',(5.318037661312,4.599372740187));
#5812 = CARTESIAN_POINT('',(5.359335162136,4.598297366516));
#5813 = CARTESIAN_POINT('',(5.401105923562,4.597271944503));
#5814 = CARTESIAN_POINT('',(5.465657039198,4.595809524547));
#5815 = CARTESIAN_POINT('',(5.488116231264,4.595322822565));
#5816 = CARTESIAN_POINT('',(5.510695533305,4.594858279883));
#5817 = CARTESIAN_POINT('',(5.533389186713,4.594418622045));
#5818 = CARTESIAN_POINT('',(5.556190063686,4.594006436308));
#5819 = CARTESIAN_POINT('',(5.59373127382,4.593379758297));
#5820 = CARTESIAN_POINT('',(5.608413237742,4.593147567956));
#5821 = CARTESIAN_POINT('',(5.623133303608,4.592928233187));
#5822 = CARTESIAN_POINT('',(5.637888998409,4.592722338573));
#5823 = CARTESIAN_POINT('',(5.652677631513,4.59253042072));
#5824 = CARTESIAN_POINT('',(5.700394196064,4.591959018168));
#5825 = CARTESIAN_POINT('',(5.733441567981,4.591636331727));
#5826 = CARTESIAN_POINT('',(5.766603749634,4.59139025315));
#5827 = CARTESIAN_POINT('',(5.799845476542,4.591224601983));
#5828 = CARTESIAN_POINT('',(5.833128833307,4.591141410917));
#5829 = CARTESIAN_POINT('',(5.913604395144,4.591139603908));
#5830 = CARTESIAN_POINT('',(5.96080426722,4.591304293405));
#5831 = CARTESIAN_POINT('',(6.007882851024,4.59163494354));
#5832 = CARTESIAN_POINT('',(6.054737113684,4.592123196446));
#5833 = CARTESIAN_POINT('',(6.101277752514,4.592754072727));
#5834 = CARTESIAN_POINT('',(6.170313158755,4.593881984241));
#5835 = CARTESIAN_POINT('',(6.193111634312,4.594286379603));
#5836 = CARTESIAN_POINT('',(6.215804725206,4.594718700957));
#5837 = CARTESIAN_POINT('',(6.238385109944,4.595176397372));
#5838 = CARTESIAN_POINT('',(6.260846833472,4.595656771367));
#5839 = CARTESIAN_POINT('',(6.28318530718,4.59615697891));
#5840 = ( GEOMETRIC_REPRESENTATION_CONTEXT(2) 
PARAMETRIC_REPRESENTATION_CONTEXT() REPRESENTATION_CONTEXT('2D SPACE',''
  ) );
#5841 = FACE_BOUND('',#5842,.F.);
#5842 = EDGE_LOOP('',(#5843));
#5843 = ORIENTED_EDGE('',*,*,#5844,.T.);
#5844 = EDGE_CURVE('',#5845,#5845,#5847,.T.);
#5845 = VERTEX_POINT('',#5846);
#5846 = CARTESIAN_POINT('',(-16.51981887144,-1.155373271063E-03,
    31.53951191539));
#5847 = SURFACE_CURVE('',#5848,(#5971,#6097),.PCURVE_S1.);
#5848 = B_SPLINE_CURVE_WITH_KNOTS('',6,(#5849,#5850,#5851,#5852,#5853,
    #5854,#5855,#5856,#5857,#5858,#5859,#5860,#5861,#5862,#5863,#5864,
    #5865,#5866,#5867,#5868,#5869,#5870,#5871,#5872,#5873,#5874,#5875,
    #5876,#5877,#5878,#5879,#5880,#5881,#5882,#5883,#5884,#5885,#5886,
    #5887,#5888,#5889,#5890,#5891,#5892,#5893,#5894,#5895,#5896,#5897,
    #5898,#5899,#5900,#5901,#5902,#5903,#5904,#5905,#5906,#5907,#5908,
    #5909,#5910,#5911,#5912,#5913,#5914,#5915,#5916,#5917,#5918,#5919,
    #5920,#5921,#5922,#5923,#5924,#5925,#5926,#5927,#5928,#5929,#5930,
    #5931,#5932,#5933,#5934,#5935,#5936,#5937,#5938,#5939,#5940,#5941,
    #5942,#5943,#5944,#5945,#5946,#5947,#5948,#5949,#5950,#5951,#5952,
    #5953,#5954,#5955,#5956,#5957,#5958,#5959,#5960,#5961,#5962,#5963,
    #5964,#5965,#5966,#5967,#5968,#5969,#5970),.UNSPECIFIED.,.T.,.F.,(7,
    5,5,5,5,5,5,5,5,5,5,5,5,5,5,5,5,5,5,5,5,5,5,5,7),(0.,
    5.973292615296E-02,9.591387284467E-02,0.141018301738,0.174910046667,
    0.261761211129,0.324554400669,0.347995572567,0.378623616277,
    0.418603382734,0.449552639983,0.466224323104,0.499999720768,
    0.533775118432,0.550446801553,0.581396058802,0.621375825259,
    0.652003868968,0.675445040867,0.738238230406,0.825089394869,
    0.858981139798,0.904085568691,0.940266515383,1.),.UNSPECIFIED.);
#5849 = CARTESIAN_POINT('',(-16.51981887144,-1.155373271063E-03,
    31.53951191539));
#5850 = CARTESIAN_POINT('',(-16.51981886306,0.107246724585,
    31.539511922262));
#5851 = CARTESIAN_POINT('',(-16.51236738136,0.215696766239,
    31.545257054319));
#5852 = CARTESIAN_POINT('',(-16.49745340745,0.322412330653,
    31.556755463154));
#5853 = CARTESIAN_POINT('',(-16.47554062581,0.425927302051,
    31.573679647995));
#5854 = CARTESIAN_POINT('',(-16.44732184766,0.525086618683,
    31.595549404609));
#5855 = CARTESIAN_POINT('',(-16.39323536567,0.675930022182,
    31.637652199207));
#5856 = CARTESIAN_POINT('',(-16.37081762499,0.730944825851,
    31.655138432629));
#5857 = CARTESIAN_POINT('',(-16.34655697246,0.783909713885,
    31.674108260292));
#5858 = CARTESIAN_POINT('',(-16.32062941922,0.834712529786,
    31.694438464703));
#5859 = CARTESIAN_POINT('',(-16.29320533318,0.883281750148,
    31.716009721549));
#5860 = CARTESIAN_POINT('',(-16.22857998235,0.987288474189,
    31.767016205531));
#5861 = CARTESIAN_POINT('',(-16.19063799921,1.041461626154,
    31.797076825614));
#5862 = CARTESIAN_POINT('',(-16.15091232971,1.092024017043,
    31.82868644823));
#5863 = CARTESIAN_POINT('',(-16.10967524691,1.138957973999,
    31.861653670614));
#5864 = CARTESIAN_POINT('',(-16.06716656142,1.182283018262,
    31.895809218085));
#5865 = CARTESIAN_POINT('',(-15.99084145667,1.251912052369,
    31.957461549623));
#5866 = CARTESIAN_POINT('',(-15.95749274512,1.279768568854,
    31.984501641822));
#5867 = CARTESIAN_POINT('',(-15.92362757365,1.305625044795,
    32.012069840711));
#5868 = CARTESIAN_POINT('',(-15.88932446333,1.329501322174,
    32.040110002842));
#5869 = CARTESIAN_POINT('',(-15.85465401024,1.351419191382,
    32.068571197974));
#5870 = CARTESIAN_POINT('',(-15.73005155279,1.422606130703,
    32.171304603243));
#5871 = CARTESIAN_POINT('',(-15.63845615112,1.461078265954,
    32.247639835925));
#5872 = CARTESIAN_POINT('',(-15.54589839477,1.487236220662,
    32.325685449207));
#5873 = CARTESIAN_POINT('',(-15.45320902024,1.5013704441,32.404809346057
    ));
#5874 = CARTESIAN_POINT('',(-15.36108424193,1.503728751109,
    32.484444757998));
#5875 = CARTESIAN_POINT('',(-15.20432701998,1.487584561708,
    32.62166114631));
#5876 = CARTESIAN_POINT('',(-15.13916718457,1.474681575836,
    32.679223919421));
#5877 = CARTESIAN_POINT('',(-15.07485309992,1.455675774912,
    32.736571208519));
#5878 = CARTESIAN_POINT('',(-15.01162333874,1.430547318365,
    32.793481229284));
#5879 = CARTESIAN_POINT('',(-14.94972786028,1.399248632239,
    32.849707587342));
#5880 = CARTESIAN_POINT('',(-14.86692862957,1.347653079566,
    32.925599817032));
#5881 = CARTESIAN_POINT('',(-14.84464556904,1.332754341366,
    32.946094546598));
#5882 = CARTESIAN_POINT('',(-14.82260134746,1.316977272051,
    32.966439124658));
#5883 = CARTESIAN_POINT('',(-14.8008114721,1.300316540093,
    32.986617249554));
#5884 = CARTESIAN_POINT('',(-14.77929245494,1.282766345548,
    33.006611339062));
#5885 = CARTESIAN_POINT('',(-14.73032202891,1.240219124493,33.0522615393
    ));
#5886 = CARTESIAN_POINT('',(-14.70307501168,1.214589224836,
    33.077773695551));
#5887 = CARTESIAN_POINT('',(-14.67635947409,1.187415979542,
    33.102897303168));
#5888 = CARTESIAN_POINT('',(-14.65021891751,1.158685598529,
    33.127584951885));
#5889 = CARTESIAN_POINT('',(-14.62470163159,1.128385243165,
    33.151783517147));
#5890 = CARTESIAN_POINT('',(-14.56743502306,1.054886147405,
    33.206306101889));
#5891 = CARTESIAN_POINT('',(-14.53616407874,1.010577117395,
    33.236242172049));
#5892 = CARTESIAN_POINT('',(-14.50616344083,0.963548565879,
    33.265113815496));
#5893 = CARTESIAN_POINT('',(-14.47757314119,0.913789050581,
    33.292765132157));
#5894 = CARTESIAN_POINT('',(-14.45055319793,0.861314638204,
    33.31901728222));
#5895 = CARTESIAN_POINT('',(-14.40571392647,0.76349986879,
    33.362759365807));
#5896 = CARTESIAN_POINT('',(-14.38719618769,0.719227956071,
    33.380887895718));
#5897 = CARTESIAN_POINT('',(-14.3698082028,0.673393831454,
    33.397966241525));
#5898 = CARTESIAN_POINT('',(-14.35364092821,0.626048076788,
    33.413892428673));
#5899 = CARTESIAN_POINT('',(-14.33878865427,0.577269777113,
    33.428560736773));
#5900 = CARTESIAN_POINT('',(-14.31810112633,0.500187779505,
    33.449035850638));
#5901 = CARTESIAN_POINT('',(-14.31126691834,0.472819883089,
    33.455809033522));
#5902 = CARTESIAN_POINT('',(-14.30485575367,0.445088066215,
    33.462170738882));
#5903 = CARTESIAN_POINT('',(-14.29888166592,0.41701380587,
    33.468105246218));
#5904 = CARTESIAN_POINT('',(-14.29335799718,0.388621826849,
    33.473597613041));
#5905 = CARTESIAN_POINT('',(-14.27804505909,0.301833390903,
    33.488836303486));
#5906 = CARTESIAN_POINT('',(-14.26969148783,0.242528742018,
    33.497167999807));
#5907 = CARTESIAN_POINT('',(-14.26334323823,0.182275631648,
    33.503509786988));
#5908 = CARTESIAN_POINT('',(-14.259081112,0.121359049565,33.507771190272
    ));
#5909 = CARTESIAN_POINT('',(-14.25695025527,6.009810397705E-02,
    33.509901593076));
#5910 = CARTESIAN_POINT('',(-14.25695025527,-6.240885051932E-02,
    33.509901593076));
#5911 = CARTESIAN_POINT('',(-14.259081112,-0.123669796107,
    33.507771190272));
#5912 = CARTESIAN_POINT('',(-14.26334323823,-0.18458637819,
    33.503509786988));
#5913 = CARTESIAN_POINT('',(-14.26969148783,-0.24483948856,
    33.497167999807));
#5914 = CARTESIAN_POINT('',(-14.27804505909,-0.304144137446,
    33.488836303486));
#5915 = CARTESIAN_POINT('',(-14.29335799718,-0.390932573391,
    33.473597613041));
#5916 = CARTESIAN_POINT('',(-14.29888166592,-0.419324552412,
    33.468105246218));
#5917 = CARTESIAN_POINT('',(-14.30485575367,-0.447398812757,
    33.462170738882));
#5918 = CARTESIAN_POINT('',(-14.31126691834,-0.475130629631,
    33.455809033522));
#5919 = CARTESIAN_POINT('',(-14.31810112633,-0.502498526048,
    33.449035850638));
#5920 = CARTESIAN_POINT('',(-14.33878865427,-0.579580523655,
    33.428560736773));
#5921 = CARTESIAN_POINT('',(-14.35364092821,-0.62835882333,
    33.413892428673));
#5922 = CARTESIAN_POINT('',(-14.3698082028,-0.675704577996,
    33.397966241525));
#5923 = CARTESIAN_POINT('',(-14.38719618769,-0.721538702614,
    33.380887895718));
#5924 = CARTESIAN_POINT('',(-14.40571392647,-0.765810615332,
    33.362759365807));
#5925 = CARTESIAN_POINT('',(-14.45055319793,-0.863625384746,
    33.31901728222));
#5926 = CARTESIAN_POINT('',(-14.47757314119,-0.916099797123,
    33.292765132157));
#5927 = CARTESIAN_POINT('',(-14.50616344083,-0.965859312421,
    33.265113815496));
#5928 = CARTESIAN_POINT('',(-14.53616407874,-1.012887863937,
    33.236242172049));
#5929 = CARTESIAN_POINT('',(-14.56743502306,-1.057196893947,
    33.206306101889));
#5930 = CARTESIAN_POINT('',(-14.62470163159,-1.130695989707,
    33.151783517147));
#5931 = CARTESIAN_POINT('',(-14.65021891751,-1.160996345071,
    33.127584951885));
#5932 = CARTESIAN_POINT('',(-14.67635947409,-1.189726726084,
    33.102897303168));
#5933 = CARTESIAN_POINT('',(-14.70307501168,-1.216899971378,
    33.077773695551));
#5934 = CARTESIAN_POINT('',(-14.73032202891,-1.242529871035,
    33.0522615393));
#5935 = CARTESIAN_POINT('',(-14.77929245494,-1.28507709209,
    33.006611339061));
#5936 = CARTESIAN_POINT('',(-14.8008114721,-1.302627286635,
    32.986617249554));
#5937 = CARTESIAN_POINT('',(-14.82260134746,-1.319288018593,
    32.966439124658));
#5938 = CARTESIAN_POINT('',(-14.84464556904,-1.335065087908,
    32.946094546598));
#5939 = CARTESIAN_POINT('',(-14.86692862957,-1.349963826108,
    32.925599817032));
#5940 = CARTESIAN_POINT('',(-14.94972786028,-1.401559378781,
    32.849707587342));
#5941 = CARTESIAN_POINT('',(-15.01162333874,-1.432858064907,
    32.793481229284));
#5942 = CARTESIAN_POINT('',(-15.07485309992,-1.457986521454,
    32.736571208519));
#5943 = CARTESIAN_POINT('',(-15.13916718457,-1.476992322379,
    32.679223919421));
#5944 = CARTESIAN_POINT('',(-15.20432701998,-1.489895308251,
    32.62166114631));
#5945 = CARTESIAN_POINT('',(-15.36108424193,-1.506039497651,
    32.484444757998));
#5946 = CARTESIAN_POINT('',(-15.45320902024,-1.503681190642,
    32.404809346057));
#5947 = CARTESIAN_POINT('',(-15.54589839477,-1.489546967204,
    32.325685449207));
#5948 = CARTESIAN_POINT('',(-15.63845615112,-1.463389012497,
    32.247639835925));
#5949 = CARTESIAN_POINT('',(-15.73005155279,-1.424916877245,
    32.171304603243));
#5950 = CARTESIAN_POINT('',(-15.85465401024,-1.353729937924,
    32.068571197974));
#5951 = CARTESIAN_POINT('',(-15.88932446333,-1.331812068716,
    32.040110002841));
#5952 = CARTESIAN_POINT('',(-15.92362757365,-1.307935791337,
    32.012069840711));
#5953 = CARTESIAN_POINT('',(-15.95749274512,-1.282079315396,
    31.984501641822));
#5954 = CARTESIAN_POINT('',(-15.99084145667,-1.254222798911,
    31.957461549623));
#5955 = CARTESIAN_POINT('',(-16.06716656142,-1.184593764804,
    31.895809218085));
#5956 = CARTESIAN_POINT('',(-16.10967524691,-1.141268720541,
    31.861653670614));
#5957 = CARTESIAN_POINT('',(-16.15091232971,-1.094334763585,
    31.82868644823));
#5958 = CARTESIAN_POINT('',(-16.19063799921,-1.043772372696,
    31.797076825614));
#5959 = CARTESIAN_POINT('',(-16.22857998235,-0.989599220731,
    31.767016205531));
#5960 = CARTESIAN_POINT('',(-16.29320533318,-0.88559249669,
    31.716009721549));
#5961 = CARTESIAN_POINT('',(-16.32062941922,-0.837023276328,
    31.694438464703));
#5962 = CARTESIAN_POINT('',(-16.34655697246,-0.786220460427,
    31.674108260292));
#5963 = CARTESIAN_POINT('',(-16.37081762499,-0.733255572393,
    31.655138432629));
#5964 = CARTESIAN_POINT('',(-16.39323536567,-0.678240768724,
    31.637652199207));
#5965 = CARTESIAN_POINT('',(-16.44732216258,-0.527396486931,
    31.595549159463));
#5966 = CARTESIAN_POINT('',(-16.47554052127,-0.428237940676,
    31.573679730224));
#5967 = CARTESIAN_POINT('',(-16.49745372021,-0.324722512812,
    31.556755220025));
#5968 = CARTESIAN_POINT('',(-16.51236783697,-0.218004869374,
    31.545256703384));
#5969 = CARTESIAN_POINT('',(-16.51981886306,-0.109554227462,
    31.539511922262));
#5970 = CARTESIAN_POINT('',(-16.51981887144,-1.155373271063E-03,
    31.53951191539));
#5971 = PCURVE('',#3611,#5972);
#5972 = DEFINITIONAL_REPRESENTATION('',(#5973),#6096);
#5973 = B_SPLINE_CURVE_WITH_KNOTS('',6,(#5974,#5975,#5976,#5977,#5978,
    #5979,#5980,#5981,#5982,#5983,#5984,#5985,#5986,#5987,#5988,#5989,
    #5990,#5991,#5992,#5993,#5994,#5995,#5996,#5997,#5998,#5999,#6000,
    #6001,#6002,#6003,#6004,#6005,#6006,#6007,#6008,#6009,#6010,#6011,
    #6012,#6013,#6014,#6015,#6016,#6017,#6018,#6019,#6020,#6021,#6022,
    #6023,#6024,#6025,#6026,#6027,#6028,#6029,#6030,#6031,#6032,#6033,
    #6034,#6035,#6036,#6037,#6038,#6039,#6040,#6041,#6042,#6043,#6044,
    #6045,#6046,#6047,#6048,#6049,#6050,#6051,#6052,#6053,#6054,#6055,
    #6056,#6057,#6058,#6059,#6060,#6061,#6062,#6063,#6064,#6065,#6066,
    #6067,#6068,#6069,#6070,#6071,#6072,#6073,#6074,#6075,#6076,#6077,
    #6078,#6079,#6080,#6081,#6082,#6083,#6084,#6085,#6086,#6087,#6088,
    #6089,#6090,#6091,#6092,#6093,#6094,#6095),.UNSPECIFIED.,.T.,.F.,(7,
    5,5,5,5,5,5,5,5,5,5,5,5,5,5,5,5,5,5,5,5,5,5,5,7),(0.,
    5.973292615296E-02,9.591387284467E-02,0.141018301738,0.174910046667,
    0.261761211129,0.324554400669,0.347995572567,0.378623616277,
    0.418603382734,0.449552639983,0.466224323104,0.499999720768,
    0.533775118432,0.550446801553,0.581396058802,0.621375825259,
    0.652003868968,0.675445040867,0.738238230406,0.825089394869,
    0.858981139798,0.904085568691,0.940266515383,1.),.UNSPECIFIED.);
#5974 = CARTESIAN_POINT('',(-4.712388980385,-10.51880079566));
#5975 = CARTESIAN_POINT('',(-4.705827038108,-10.51880080278));
#5976 = CARTESIAN_POINT('',(-4.699262195919,-10.52454593408));
#5977 = CARTESIAN_POINT('',(-4.692790032219,-10.53604434388));
#5978 = CARTESIAN_POINT('',(-4.686486993809,-10.5529685281));
#5979 = CARTESIAN_POINT('',(-4.680414952892,-10.57483828488));
#5980 = CARTESIAN_POINT('',(-4.671113597533,-10.61694107948));
#5981 = CARTESIAN_POINT('',(-4.667705719851,-10.6344273129));
#5982 = CARTESIAN_POINT('',(-4.66440761703,-10.65339714056));
#5983 = CARTESIAN_POINT('',(-4.661225696575,-10.67372734497));
#5984 = CARTESIAN_POINT('',(-4.658164331708,-10.69529860182));
#5985 = CARTESIAN_POINT('',(-4.651563836588,-10.7463050858));
#5986 = CARTESIAN_POINT('',(-4.648093337246,-10.77636570588));
#5987 = CARTESIAN_POINT('',(-4.6448199185,-10.8079753285));
#5988 = CARTESIAN_POINT('',(-4.641746125733,-10.84094255088));
#5989 = CARTESIAN_POINT('',(-4.638872761139,-10.87509809835));
#5990 = CARTESIAN_POINT('',(-4.634191018334,-10.93675042989));
#5991 = CARTESIAN_POINT('',(-4.632295553985,-10.96379052209));
#5992 = CARTESIAN_POINT('',(-4.630513194428,-10.99135872098));
#5993 = CARTESIAN_POINT('',(-4.628843795321,-11.01939888311));
#5994 = CARTESIAN_POINT('',(-4.627287165402,-11.04786007824));
#5995 = CARTESIAN_POINT('',(-4.622142615708,-11.15059348351));
#5996 = CARTESIAN_POINT('',(-4.619182806892,-11.22692871619));
#5997 = CARTESIAN_POINT('',(-4.61695766061,-11.30497432948));
#5998 = CARTESIAN_POINT('',(-4.615471757016,-11.38409822633));
#5999 = CARTESIAN_POINT('',(-4.614733116569,-11.46373363827));
#6000 = CARTESIAN_POINT('',(-4.614784476587,-11.60095002658));
#6001 = CARTESIAN_POINT('',(-4.615207712144,-11.65851279969));
#6002 = CARTESIAN_POINT('',(-4.616040192913,-11.71586008879));
#6003 = CARTESIAN_POINT('',(-4.617292768181,-11.77277010955));
#6004 = CARTESIAN_POINT('',(-4.618978299218,-11.82899646761));
#6005 = CARTESIAN_POINT('',(-4.621909989726,-11.9048886973));
#6006 = CARTESIAN_POINT('',(-4.622769487597,-11.92538342687));
#6007 = CARTESIAN_POINT('',(-4.623692384103,-11.94572800493));
#6008 = CARTESIAN_POINT('',(-4.624679531043,-11.96590612982));
#6009 = CARTESIAN_POINT('',(-4.625731806911,-11.98590021933));
#6010 = CARTESIAN_POINT('',(-4.628311291603,-12.03155041957));
#6011 = CARTESIAN_POINT('',(-4.629885153509,-12.05706257582));
#6012 = CARTESIAN_POINT('',(-4.631573784994,-12.08218618344));
#6013 = CARTESIAN_POINT('',(-4.633379150931,-12.10687383215));
#6014 = CARTESIAN_POINT('',(-4.635303098689,-12.13107239742));
#6015 = CARTESIAN_POINT('',(-4.640015795461,-12.18559498216));
#6016 = CARTESIAN_POINT('',(-4.642889014805,-12.21553105232));
#6017 = CARTESIAN_POINT('',(-4.645970849073,-12.24440269576));
#6018 = CARTESIAN_POINT('',(-4.649263853594,-12.27205401243));
#6019 = CARTESIAN_POINT('',(-4.65276819906,-12.29830616249));
#6020 = CARTESIAN_POINT('',(-4.659354391972,-12.34204824608));
#6021 = CARTESIAN_POINT('',(-4.66235270239,-12.36017677599));
#6022 = CARTESIAN_POINT('',(-4.665473716708,-12.37725512179));
#6023 = CARTESIAN_POINT('',(-4.668713876207,-12.39318130894));
#6024 = CARTESIAN_POINT('',(-4.67206725532,-12.40784961704));
#6025 = CARTESIAN_POINT('',(-4.677387571643,-12.42832473091));
#6026 = CARTESIAN_POINT('',(-4.679280426091,-12.43509791379));
#6027 = CARTESIAN_POINT('',(-4.681202129121,-12.44145961915));
#6028 = CARTESIAN_POINT('',(-4.683151005514,-12.44739412649));
#6029 = CARTESIAN_POINT('',(-4.685125113545,-12.45288649331));
#6030 = CARTESIAN_POINT('',(-4.691168261696,-12.46812518376));
#6031 = CARTESIAN_POINT('',(-4.695309377217,-12.47645688008));
#6032 = CARTESIAN_POINT('',(-4.699526087567,-12.48279866726));
#6033 = CARTESIAN_POINT('',(-4.703795663699,-12.48706007054));
#6034 = CARTESIAN_POINT('',(-4.708092586265,-12.48919047335));
#6035 = CARTESIAN_POINT('',(-4.716685374505,-12.48919047335));
#6036 = CARTESIAN_POINT('',(-4.720982297071,-12.48706007054));
#6037 = CARTESIAN_POINT('',(-4.725251873202,-12.48279866726));
#6038 = CARTESIAN_POINT('',(-4.729468583552,-12.47645688008));
#6039 = CARTESIAN_POINT('',(-4.733609699073,-12.46812518376));
#6040 = CARTESIAN_POINT('',(-4.739652847225,-12.45288649331));
#6041 = CARTESIAN_POINT('',(-4.741626955255,-12.44739412649));
#6042 = CARTESIAN_POINT('',(-4.743575831648,-12.44145961915));
#6043 = CARTESIAN_POINT('',(-4.745497534679,-12.43509791379));
#6044 = CARTESIAN_POINT('',(-4.747390389127,-12.42832473091));
#6045 = CARTESIAN_POINT('',(-4.75271070545,-12.40784961704));
#6046 = CARTESIAN_POINT('',(-4.756064084562,-12.39318130894));
#6047 = CARTESIAN_POINT('',(-4.759304244061,-12.37725512179));
#6048 = CARTESIAN_POINT('',(-4.76242525838,-12.36017677599));
#6049 = CARTESIAN_POINT('',(-4.765423568798,-12.34204824608));
#6050 = CARTESIAN_POINT('',(-4.772009761709,-12.29830616249));
#6051 = CARTESIAN_POINT('',(-4.775514107176,-12.27205401243));
#6052 = CARTESIAN_POINT('',(-4.778807111697,-12.24440269576));
#6053 = CARTESIAN_POINT('',(-4.781888945965,-12.21553105232));
#6054 = CARTESIAN_POINT('',(-4.784762165308,-12.18559498216));
#6055 = CARTESIAN_POINT('',(-4.78947486208,-12.13107239742));
#6056 = CARTESIAN_POINT('',(-4.791398809838,-12.10687383215));
#6057 = CARTESIAN_POINT('',(-4.793204175775,-12.08218618344));
#6058 = CARTESIAN_POINT('',(-4.794892807261,-12.05706257582));
#6059 = CARTESIAN_POINT('',(-4.796466669166,-12.03155041957));
#6060 = CARTESIAN_POINT('',(-4.799046153858,-11.98590021933));
#6061 = CARTESIAN_POINT('',(-4.800098429727,-11.96590612982));
#6062 = CARTESIAN_POINT('',(-4.801085576666,-11.94572800493));
#6063 = CARTESIAN_POINT('',(-4.802008473172,-11.92538342687));
#6064 = CARTESIAN_POINT('',(-4.802867971043,-11.9048886973));
#6065 = CARTESIAN_POINT('',(-4.805799661552,-11.82899646761));
#6066 = CARTESIAN_POINT('',(-4.807485192589,-11.77277010955));
#6067 = CARTESIAN_POINT('',(-4.808737767857,-11.71586008879));
#6068 = CARTESIAN_POINT('',(-4.809570248626,-11.65851279969));
#6069 = CARTESIAN_POINT('',(-4.809993484183,-11.60095002658));
#6070 = CARTESIAN_POINT('',(-4.8100448442,-11.46373363827));
#6071 = CARTESIAN_POINT('',(-4.809306203753,-11.38409822633));
#6072 = CARTESIAN_POINT('',(-4.80782030016,-11.30497432948));
#6073 = CARTESIAN_POINT('',(-4.805595153878,-11.22692871619));
#6074 = CARTESIAN_POINT('',(-4.802635345061,-11.15059348351));
#6075 = CARTESIAN_POINT('',(-4.797490795367,-11.04786007824));
#6076 = CARTESIAN_POINT('',(-4.795934165448,-11.01939888311));
#6077 = CARTESIAN_POINT('',(-4.794264766342,-10.99135872098));
#6078 = CARTESIAN_POINT('',(-4.792482406784,-10.96379052209));
#6079 = CARTESIAN_POINT('',(-4.790586942435,-10.93675042989));
#6080 = CARTESIAN_POINT('',(-4.78590519963,-10.87509809835));
#6081 = CARTESIAN_POINT('',(-4.783031835036,-10.84094255088));
#6082 = CARTESIAN_POINT('',(-4.779958042269,-10.8079753285));
#6083 = CARTESIAN_POINT('',(-4.776684623523,-10.77636570588));
#6084 = CARTESIAN_POINT('',(-4.773214124182,-10.7463050858));
#6085 = CARTESIAN_POINT('',(-4.766613629061,-10.69529860182));
#6086 = CARTESIAN_POINT('',(-4.763552264194,-10.67372734497));
#6087 = CARTESIAN_POINT('',(-4.760370343739,-10.65339714056));
#6088 = CARTESIAN_POINT('',(-4.757072240918,-10.6344273129));
#6089 = CARTESIAN_POINT('',(-4.753664363236,-10.61694107948));
#6090 = CARTESIAN_POINT('',(-4.74436295372,-10.57483803973));
#6091 = CARTESIAN_POINT('',(-4.738290961091,-10.55296861032));
#6092 = CARTESIAN_POINT('',(-4.731987893046,-10.53604410076));
#6093 = CARTESIAN_POINT('',(-4.725515604895,-10.52454558313));
#6094 = CARTESIAN_POINT('',(-4.718950726311,-10.51880080278));
#6095 = CARTESIAN_POINT('',(-4.712388980385,-10.51880079566));
#6096 = ( GEOMETRIC_REPRESENTATION_CONTEXT(2) 
PARAMETRIC_REPRESENTATION_CONTEXT() REPRESENTATION_CONTEXT('2D SPACE',''
  ) );
#6097 = PCURVE('',#4082,#6098);
#6098 = DEFINITIONAL_REPRESENTATION('',(#6099),#6222);
#6099 = B_SPLINE_CURVE_WITH_KNOTS('',6,(#6100,#6101,#6102,#6103,#6104,
    #6105,#6106,#6107,#6108,#6109,#6110,#6111,#6112,#6113,#6114,#6115,
    #6116,#6117,#6118,#6119,#6120,#6121,#6122,#6123,#6124,#6125,#6126,
    #6127,#6128,#6129,#6130,#6131,#6132,#6133,#6134,#6135,#6136,#6137,
    #6138,#6139,#6140,#6141,#6142,#6143,#6144,#6145,#6146,#6147,#6148,
    #6149,#6150,#6151,#6152,#6153,#6154,#6155,#6156,#6157,#6158,#6159,
    #6160,#6161,#6162,#6163,#6164,#6165,#6166,#6167,#6168,#6169,#6170,
    #6171,#6172,#6173,#6174,#6175,#6176,#6177,#6178,#6179,#6180,#6181,
    #6182,#6183,#6184,#6185,#6186,#6187,#6188,#6189,#6190,#6191,#6192,
    #6193,#6194,#6195,#6196,#6197,#6198,#6199,#6200,#6201,#6202,#6203,
    #6204,#6205,#6206,#6207,#6208,#6209,#6210,#6211,#6212,#6213,#6214,
    #6215,#6216,#6217,#6218,#6219,#6220,#6221),.UNSPECIFIED.,.F.,.F.,(7,
    5,5,5,5,5,5,5,5,5,5,5,5,5,5,5,5,5,5,5,5,5,5,5,7),(0.,
    5.973292615296E-02,9.591387284467E-02,0.141018301738,0.174910046667,
    0.261761211129,0.324554400669,0.347995572567,0.378623616277,
    0.418603382734,0.449552639983,0.466224323104,0.499999720768,
    0.533775118432,0.550446801553,0.581396058802,0.621375825259,
    0.652003868968,0.675445040867,0.738238230406,0.825089394869,
    0.858981139798,0.904085568691,0.940266515383,1.),.UNSPECIFIED.);
#6100 = CARTESIAN_POINT('',(0.,4.591140659526));
#6101 = CARTESIAN_POINT('',(7.226806523735E-02,4.591140659651));
#6102 = CARTESIAN_POINT('',(0.144567863472,4.591529353271));
#6103 = CARTESIAN_POINT('',(0.216392119108,4.592307578719));
#6104 = CARTESIAN_POINT('',(0.287439814847,4.593428165501));
#6105 = CARTESIAN_POINT('',(0.357464058,4.594813640928));
#6106 = CARTESIAN_POINT('',(0.46790842811,4.597327149558));
#6107 = CARTESIAN_POINT('',(0.50913486654,4.598341763565));
#6108 = CARTESIAN_POINT('',(0.549899491451,4.599404479343));
#6109 = CARTESIAN_POINT('',(0.590190827914,4.600496549197));
#6110 = CARTESIAN_POINT('',(0.630009287242,4.601599870477));
#6111 = CARTESIAN_POINT('',(0.71842600069,4.604067011646));
#6112 = CARTESIAN_POINT('',(0.766764261095,4.605427877321));
#6113 = CARTESIAN_POINT('',(0.814404768483,4.606748669708));
#6114 = CARTESIAN_POINT('',(0.86138148176,4.60800099808));
#6115 = CARTESIAN_POINT('',(0.907737976402,4.609160387073));
#6116 = CARTESIAN_POINT('',(0.987935998767,4.610992792739));
#6117 = CARTESIAN_POINT('',(1.022022333445,4.611715018947));
#6118 = CARTESIAN_POINT('',(1.055809856041,4.612364666001));
#6119 = CARTESIAN_POINT('',(1.089320384142,4.612934269907));
#6120 = CARTESIAN_POINT('',(1.122576198446,4.613417467203));
#6121 = CARTESIAN_POINT('',(1.240230230795,4.614812028758));
#6122 = CARTESIAN_POINT('',(1.323311678889,4.615212237242));
#6123 = CARTESIAN_POINT('',(1.405290699488,4.614920807843));
#6124 = CARTESIAN_POINT('',(1.486510906121,4.61388796784));
#6125 = CARTESIAN_POINT('',(1.567320626304,4.612100369086));
#6126 = CARTESIAN_POINT('',(1.7065931116,4.607748117315));
#6127 = CARTESIAN_POINT('',(1.765028613102,4.605536409694));
#6128 = CARTESIAN_POINT('',(1.823614800044,4.602946134296));
#6129 = CARTESIAN_POINT('',(1.882496620073,4.599993836181));
#6130 = CARTESIAN_POINT('',(1.941824006169,4.596707593684));
#6131 = CARTESIAN_POINT('',(2.024160151508,4.591793092443));
#6132 = CARTESIAN_POINT('',(2.046628281356,4.590416493959));
#6133 = CARTESIAN_POINT('',(2.069191840338,4.589001395486));
#6134 = CARTESIAN_POINT('',(2.09185982448,4.587550316934));
#6135 = CARTESIAN_POINT('',(2.114641410591,4.586066113375));
#6136 = CARTESIAN_POINT('',(2.167472848526,4.582573614251));
#6137 = CARTESIAN_POINT('',(2.197609380492,4.580544213799));
#6138 = CARTESIAN_POINT('',(2.227976684867,4.578470830344));
#6139 = CARTESIAN_POINT('',(2.258595855074,4.576361820109));
#6140 = CARTESIAN_POINT('',(2.289487945248,4.574226838881));
#6141 = CARTESIAN_POINT('',(2.361382087536,4.569270382227));
#6142 = CARTESIAN_POINT('',(2.402588477379,4.56643859758));
#6143 = CARTESIAN_POINT('',(2.444343211003,4.56360567389));
#6144 = CARTESIAN_POINT('',(2.486687101721,4.560801026781));
#6145 = CARTESIAN_POINT('',(2.529652540968,4.558058797847));
#6146 = CARTESIAN_POINT('',(2.607025227218,4.553372545906));
#6147 = CARTESIAN_POINT('',(2.641171415997,4.551388259351));
#6148 = CARTESIAN_POINT('',(2.675711649929,4.549482268698));
#6149 = CARTESIAN_POINT('',(2.710646686697,4.547674225319));
#6150 = CARTESIAN_POINT('',(2.745967149601,4.545984507077));
#6151 = CARTESIAN_POINT('',(2.800873696142,4.543597346507));
#6152 = CARTESIAN_POINT('',(2.82020135501,4.542801731616));
#6153 = CARTESIAN_POINT('',(2.839630718095,4.542049399789));
#6154 = CARTESIAN_POINT('',(2.859156930681,4.541343373009));
#6155 = CARTESIAN_POINT('',(2.878773926581,4.540686521748));
#6156 = CARTESIAN_POINT('',(2.938385951728,4.538855974484));
#6157 = CARTESIAN_POINT('',(2.978646291891,4.537843096921));
#6158 = CARTESIAN_POINT('',(3.019182544417,4.537065582277));
#6159 = CARTESIAN_POINT('',(3.059916476744,4.536540799905));
#6160 = CARTESIAN_POINT('',(3.100757002091,4.53627850498));
#6161 = CARTESIAN_POINT('',(3.182428305089,4.53627850498));
#6162 = CARTESIAN_POINT('',(3.223268830436,4.536540799905));
#6163 = CARTESIAN_POINT('',(3.264002762763,4.537065582277));
#6164 = CARTESIAN_POINT('',(3.304539015289,4.537843096921));
#6165 = CARTESIAN_POINT('',(3.344799355451,4.538855974484));
#6166 = CARTESIAN_POINT('',(3.404411380599,4.540686521748));
#6167 = CARTESIAN_POINT('',(3.424028376498,4.541343373009));
#6168 = CARTESIAN_POINT('',(3.443554589084,4.542049399789));
#6169 = CARTESIAN_POINT('',(3.46298395217,4.542801731616));
#6170 = CARTESIAN_POINT('',(3.482311611038,4.543597346507));
#6171 = CARTESIAN_POINT('',(3.537218157578,4.545984507077));
#6172 = CARTESIAN_POINT('',(3.572538620483,4.547674225319));
#6173 = CARTESIAN_POINT('',(3.607473657251,4.549482268698));
#6174 = CARTESIAN_POINT('',(3.642013891183,4.551388259351));
#6175 = CARTESIAN_POINT('',(3.676160079961,4.553372545906));
#6176 = CARTESIAN_POINT('',(3.753532766211,4.558058797847));
#6177 = CARTESIAN_POINT('',(3.796498205458,4.560801026781));
#6178 = CARTESIAN_POINT('',(3.838842096176,4.56360567389));
#6179 = CARTESIAN_POINT('',(3.8805968298,4.56643859758));
#6180 = CARTESIAN_POINT('',(3.921803219643,4.569270382227));
#6181 = CARTESIAN_POINT('',(3.993697361932,4.574226838881));
#6182 = CARTESIAN_POINT('',(4.024589452106,4.576361820109));
#6183 = CARTESIAN_POINT('',(4.055208622312,4.578470830344));
#6184 = CARTESIAN_POINT('',(4.085575926688,4.580544213799));
#6185 = CARTESIAN_POINT('',(4.115712458654,4.582573614251));
#6186 = CARTESIAN_POINT('',(4.168543896589,4.586066113375));
#6187 = CARTESIAN_POINT('',(4.1913254827,4.587550316934));
#6188 = CARTESIAN_POINT('',(4.213993466842,4.589001395486));
#6189 = CARTESIAN_POINT('',(4.236557025824,4.590416493959));
#6190 = CARTESIAN_POINT('',(4.259025155671,4.591793092443));
#6191 = CARTESIAN_POINT('',(4.34136130101,4.596707593685));
#6192 = CARTESIAN_POINT('',(4.400688687107,4.599993836181));
#6193 = CARTESIAN_POINT('',(4.459570507136,4.602946134296));
#6194 = CARTESIAN_POINT('',(4.518156694078,4.605536409694));
#6195 = CARTESIAN_POINT('',(4.57659219558,4.607748117315));
#6196 = CARTESIAN_POINT('',(4.715864680876,4.612100369086));
#6197 = CARTESIAN_POINT('',(4.796674401058,4.61388796784));
#6198 = CARTESIAN_POINT('',(4.877894607692,4.614920807843));
#6199 = CARTESIAN_POINT('',(4.95987362829,4.615212237242));
#6200 = CARTESIAN_POINT('',(5.042955076385,4.614812028758));
#6201 = CARTESIAN_POINT('',(5.160609108734,4.613417467203));
#6202 = CARTESIAN_POINT('',(5.193864923038,4.612934269907));
#6203 = CARTESIAN_POINT('',(5.227375451138,4.612364666001));
#6204 = CARTESIAN_POINT('',(5.261162973734,4.611715018947));
#6205 = CARTESIAN_POINT('',(5.295249308413,4.610992792739));
#6206 = CARTESIAN_POINT('',(5.375447330778,4.609160387073));
#6207 = CARTESIAN_POINT('',(5.421803825419,4.60800099808));
#6208 = CARTESIAN_POINT('',(5.468780538696,4.606748669708));
#6209 = CARTESIAN_POINT('',(5.516421046085,4.605427877321));
#6210 = CARTESIAN_POINT('',(5.564759306489,4.604067011646));
#6211 = CARTESIAN_POINT('',(5.653176019937,4.601599870477));
#6212 = CARTESIAN_POINT('',(5.692994479266,4.600496549197));
#6213 = CARTESIAN_POINT('',(5.733285815729,4.599404479343));
#6214 = CARTESIAN_POINT('',(5.774050440639,4.598341763565));
#6215 = CARTESIAN_POINT('',(5.815276879069,4.597327149558));
#6216 = CARTESIAN_POINT('',(5.925721892248,4.594813626293));
#6217 = CARTESIAN_POINT('',(5.995745524609,4.593428169707));
#6218 = CARTESIAN_POINT('',(6.066793641769,4.592307563927));
#6219 = CARTESIAN_POINT('',(6.138619201258,4.591529329245));
#6220 = CARTESIAN_POINT('',(6.210919404386,4.591140659651));
#6221 = CARTESIAN_POINT('',(6.28318530718,4.591140659526));
#6222 = ( GEOMETRIC_REPRESENTATION_CONTEXT(2) 
PARAMETRIC_REPRESENTATION_CONTEXT() REPRESENTATION_CONTEXT('2D SPACE',''
  ) );
#6223 = FACE_BOUND('',#6224,.F.);
#6224 = EDGE_LOOP('',(#6225));
#6225 = ORIENTED_EDGE('',*,*,#6226,.T.);
#6226 = EDGE_CURVE('',#6227,#6227,#6229,.T.);
#6227 = VERTEX_POINT('',#6228);
#6228 = CARTESIAN_POINT('',(-7.699548466951,-12.12371927341,
    33.419261585043));
#6229 = SURFACE_CURVE('',#6230,(#6363,#6499),.PCURVE_S1.);
#6230 = B_SPLINE_CURVE_WITH_KNOTS('',6,(#6231,#6232,#6233,#6234,#6235,
    #6236,#6237,#6238,#6239,#6240,#6241,#6242,#6243,#6244,#6245,#6246,
    #6247,#6248,#6249,#6250,#6251,#6252,#6253,#6254,#6255,#6256,#6257,
    #6258,#6259,#6260,#6261,#6262,#6263,#6264,#6265,#6266,#6267,#6268,
    #6269,#6270,#6271,#6272,#6273,#6274,#6275,#6276,#6277,#6278,#6279,
    #6280,#6281,#6282,#6283,#6284,#6285,#6286,#6287,#6288,#6289,#6290,
    #6291,#6292,#6293,#6294,#6295,#6296,#6297,#6298,#6299,#6300,#6301,
    #6302,#6303,#6304,#6305,#6306,#6307,#6308,#6309,#6310,#6311,#6312,
    #6313,#6314,#6315,#6316,#6317,#6318,#6319,#6320,#6321,#6322,#6323,
    #6324,#6325,#6326,#6327,#6328,#6329,#6330,#6331,#6332,#6333,#6334,
    #6335,#6336,#6337,#6338,#6339,#6340,#6341,#6342,#6343,#6344,#6345,
    #6346,#6347,#6348,#6349,#6350,#6351,#6352,#6353,#6354,#6355,#6356,
    #6357,#6358,#6359,#6360,#6361,#6362),.UNSPECIFIED.,.T.,.F.,(7,5,5,5,
    5,5,5,5,5,5,5,5,5,5,5,5,5,5,5,5,5,5,5,5,5,5,7),(0.,2.18182905515E-02
    ,5.871462193802E-02,9.249037165562E-02,0.109162928348,0.14011442981,
    0.18009718759,0.210726993121,0.234169048227,0.296962373964,
    0.38380855728,0.417697004387,0.462796394146,0.498973405206,
    0.518812119124,0.558717253964,0.586231995878,0.598625847002,
    0.618009940909,0.654649223075,0.699755632451,0.733648376147,
    0.820498628575,0.893166353453,0.919552579225,0.953673567656,1.),
  .UNSPECIFIED.);
#6231 = CARTESIAN_POINT('',(-7.699548466951,-12.12371927341,
    33.419261585043));
#6232 = CARTESIAN_POINT('',(-7.664699042485,-12.13142564601,
    33.429866473373));
#6233 = CARTESIAN_POINT('',(-7.629563942059,-12.14004911917,
    33.439848740356));
#6234 = CARTESIAN_POINT('',(-7.594184290152,-12.14960257235,
    33.449172715206));
#6235 = CARTESIAN_POINT('',(-7.558609515289,-12.16009524321,
    33.457801701051));
#6236 = CARTESIAN_POINT('',(-7.522897634778,-12.17153050095,
    33.465699944388));
#6237 = CARTESIAN_POINT('',(-7.426605388801,-12.20482747184,
    33.484899838685));
#6238 = CARTESIAN_POINT('',(-7.365879661822,-12.2284386157,
    33.494784300992));
#6239 = CARTESIAN_POINT('',(-7.305278407932,-12.25470981198,
    33.502324547793));
#6240 = CARTESIAN_POINT('',(-7.245170909291,-12.28355893156,
    33.507393442854));
#6241 = CARTESIAN_POINT('',(-7.185946416692,-12.3148356346,
    33.50991871626));
#6242 = CARTESIAN_POINT('',(-7.074963876164,-12.37894946801,
    33.509885784496));
#6243 = CARTESIAN_POINT('',(-7.022983616303,-12.4114391341,
    33.507739495262));
#6244 = CARTESIAN_POINT('',(-6.972368923748,-12.44560131016,
    33.503462278151));
#6245 = CARTESIAN_POINT('',(-6.923373408344,-12.4812372263,
    33.49710496111));
#6246 = CARTESIAN_POINT('',(-6.876203245381,-12.51813436525,
    33.488758193854));
#6247 = CARTESIAN_POINT('',(-6.808717835049,-12.57480456394,
    33.473497632959));
#6248 = CARTESIAN_POINT('',(-6.786897478683,-12.59378927369,
    33.467997997088));
#6249 = CARTESIAN_POINT('',(-6.765577751725,-12.61300493469,
    33.462056336197));
#6250 = CARTESIAN_POINT('',(-6.744773368314,-12.63242763317,
    33.45568760488));
#6251 = CARTESIAN_POINT('',(-6.724495884971,-12.65203448302,
    33.448907532751));
#6252 = CARTESIAN_POINT('',(-6.668103637882,-12.7085037351,
    33.428412880575));
#6253 = CARTESIAN_POINT('',(-6.633299317107,-12.74576277342,
    33.413732219299));
#6254 = CARTESIAN_POINT('',(-6.600393683682,-12.78344358168,
    33.397794161992));
#6255 = CARTESIAN_POINT('',(-6.569407951957,-12.82142501771,
    33.380704445551));
#6256 = CARTESIAN_POINT('',(-6.540340345421,-12.85960308353,
    33.36256504065));
#6257 = CARTESIAN_POINT('',(-6.47808277687,-12.94735325843,
    33.318799074236));
#6258 = CARTESIAN_POINT('',(-6.446167504667,-12.996995585,
    33.292534231951));
#6259 = CARTESIAN_POINT('',(-6.417388855492,-13.04663956102,
    33.264870984562));
#6260 = CARTESIAN_POINT('',(-6.391680636453,-13.09613868117,
    33.235988120067));
#6261 = CARTESIAN_POINT('',(-6.368962870595,-13.1453774815,
    33.206041480772));
#6262 = CARTESIAN_POINT('',(-6.333978984632,-13.2317246732,
    33.151501700896));
#6263 = CARTESIAN_POINT('',(-6.320512034273,-13.2689741825,
    33.127296280732));
#6264 = CARTESIAN_POINT('',(-6.30871634905,-13.30597814836,
    33.10260212345));
#6265 = CARTESIAN_POINT('',(-6.298556663556,-13.34270119267,
    33.077472330576));
#6266 = CARTESIAN_POINT('',(-6.289999287778,-13.37911255348,
    33.051954292226));
#6267 = CARTESIAN_POINT('',(-6.277664574798,-13.44279441276,
    33.006294605559));
#6268 = CARTESIAN_POINT('',(-6.273236919821,-13.47020446173,
    32.986296801356));
#6269 = CARTESIAN_POINT('',(-6.269714959423,-13.49740420145,
    32.966115128563));
#6270 = CARTESIAN_POINT('',(-6.267085419341,-13.5243822359,
    32.945767161764));
#6271 = CARTESIAN_POINT('',(-6.265335933792,-13.55112780341,
    32.925269196065));
#6272 = CARTESIAN_POINT('',(-6.262095444028,-13.6486232656,
    32.849367565245));
#6273 = CARTESIAN_POINT('',(-6.265968462539,-13.71786786887,
    32.793136016949));
#6274 = CARTESIAN_POINT('',(-6.275851768715,-13.7851820234,
    32.736221796363));
#6275 = CARTESIAN_POINT('',(-6.291579302604,-13.85037302562,
    32.678871216056));
#6276 = CARTESIAN_POINT('',(-6.313014704303,-13.91324412288,
    32.621306020539));
#6277 = CARTESIAN_POINT('',(-6.377480550985,-14.05703954351,
    32.484090680379));
#6278 = CARTESIAN_POINT('',(-6.42562261237,-14.13562047544,
    32.404459537841));
#6279 = CARTESIAN_POINT('',(-6.484243999738,-14.20880082216,
    32.325341473075));
#6280 = CARTESIAN_POINT('',(-6.553211370083,-14.27585346781,
    32.247303296911));
#6281 = CARTESIAN_POINT('',(-6.632360895833,-14.33591339538,
    32.170977265982));
#6282 = CARTESIAN_POINT('',(-6.756355903678,-14.40818549826,
    32.068260662801));
#6283 = CARTESIAN_POINT('',(-6.792683615862,-14.42723901259,
    32.039805296501));
#6284 = CARTESIAN_POINT('',(-6.83052335533,-14.44499487678,
    32.011771259432));
#6285 = CARTESIAN_POINT('',(-6.869858673727,-14.46138104102,
    31.984209497145));
#6286 = CARTESIAN_POINT('',(-6.910667463879,-14.4763195682,
    31.957176170791));
#6287 = CARTESIAN_POINT('',(-7.009151997809,-14.50757069403,
    31.895540929406));
#6288 = CARTESIAN_POINT('',(-7.067938014157,-14.52270178389,
    31.861395943933));
#6289 = CARTESIAN_POINT('',(-7.129212719105,-14.53492659908,
    31.828439910846));
#6290 = CARTESIAN_POINT('',(-7.192872981754,-14.54402769341,
    31.796842149893));
#6291 = CARTESIAN_POINT('',(-7.258767187794,-14.54977813958,
    31.76679410291));
#6292 = CARTESIAN_POINT('',(-7.3811641066,-14.55370203787,
    31.715811534365));
#6293 = CARTESIAN_POINT('',(-7.436942742503,-14.55314929963,
    31.694251362729));
#6294 = CARTESIAN_POINT('',(-7.49390642592,-14.55018346304,
    31.673932734753));
#6295 = CARTESIAN_POINT('',(-7.551907901651,-14.54469282073,
    31.654974975136));
#6296 = CARTESIAN_POINT('',(-7.610761898678,-14.53658113069,
    31.637501281885));
#6297 = CARTESIAN_POINT('',(-7.702858064352,-14.51985843283,
    31.61292976395));
#6298 = CARTESIAN_POINT('',(-7.735662917346,-14.51312764789,
    31.604709871241));
#6299 = CARTESIAN_POINT('',(-7.768617444601,-14.50557722993,
    31.596992678602));
#6300 = CARTESIAN_POINT('',(-7.801680040169,-14.49719941796,
    31.589797463221));
#6301 = CARTESIAN_POINT('',(-7.834805589088,-14.48799010392,
    31.583142516526));
#6302 = CARTESIAN_POINT('',(-7.934605600555,-14.45775103741,
    31.564780414432));
#6303 = CARTESIAN_POINT('',(-8.001335853645,-14.43418400376,
    31.55476912709));
#6304 = CARTESIAN_POINT('',(-8.067719287301,-14.40725355223,
    31.547154134276));
#6305 = CARTESIAN_POINT('',(-8.133317940142,-14.37703496559,
    31.542043125862));
#6306 = CARTESIAN_POINT('',(-8.197685449776,-14.34368711731,
    31.539495956971));
#6307 = CARTESIAN_POINT('',(-8.303607579218,-14.28249241552,
    31.539523020265));
#6308 = CARTESIAN_POINT('',(-8.346045945044,-14.25614915678,
    31.540752574819));
#6309 = CARTESIAN_POINT('',(-8.387553096392,-14.22851857962,
    31.543200646819));
#6310 = CARTESIAN_POINT('',(-8.428003307097,-14.1996953328,
    31.546853858636));
#6311 = CARTESIAN_POINT('',(-8.467286537184,-14.16978454103,
    31.551686971389));
#6312 = CARTESIAN_POINT('',(-8.522434787825,-14.12498735571,
    31.560356910112));
#6313 = CARTESIAN_POINT('',(-8.539305767681,-14.11087733318,
    31.563281656369));
#6314 = CARTESIAN_POINT('',(-8.555912749906,-14.09657947257,
    31.566435415889));
#6315 = CARTESIAN_POINT('',(-8.572248193854,-14.08210397261,
    31.569814641611));
#6316 = CARTESIAN_POINT('',(-8.588305378211,-14.06746107886,
    31.573415471324));
#6317 = CARTESIAN_POINT('',(-8.628747549575,-14.02951375903,
    31.583205514716));
#6318 = CARTESIAN_POINT('',(-8.652721510812,-14.00598196335,
    31.589709296296));
#6319 = CARTESIAN_POINT('',(-8.675978032991,-13.9821051712,
    31.596728919607));
#6320 = CARTESIAN_POINT('',(-8.698499355936,-13.9579217575,
    31.604247326999));
#6321 = CARTESIAN_POINT('',(-8.720272211015,-13.93346899758,
    31.612246555978));
#6322 = CARTESIAN_POINT('',(-8.781010950469,-13.86212239914,
    31.636700835459));
#6323 = CARTESIAN_POINT('',(-8.818027507613,-13.81462894893,
    31.654344568606));
#6324 = CARTESIAN_POINT('',(-8.852278574333,-13.76654298194,
    31.673513926536));
#6325 = CARTESIAN_POINT('',(-8.883753986353,-13.71808163016,
    31.694080828992));
#6326 = CARTESIAN_POINT('',(-8.912477767874,-13.66943556066,
    31.715921213229));
#6327 = CARTESIAN_POINT('',(-8.970521465557,-13.56084838968,
    31.767238403201));
#6328 = CARTESIAN_POINT('',(-8.998443060069,-13.5008990835,
    31.797311592686));
#6329 = CARTESIAN_POINT('',(-9.02234566544,-13.44121177487,
    31.82893307329));
#6330 = CARTESIAN_POINT('',(-9.042350226572,-13.38203096196,
    31.861911481372));
#6331 = CARTESIAN_POINT('',(-9.05859361725,-13.32355445069,
    31.89607758733));
#6332 = CARTESIAN_POINT('',(-9.080691536784,-13.22264214193,
    31.957747002266));
#6333 = CARTESIAN_POINT('',(-9.088124475461,-13.1798346813,
    31.984793857025));
#6334 = CARTESIAN_POINT('',(-9.093567208885,-13.13758048073,
    32.012368489278));
#6335 = CARTESIAN_POINT('',(-9.097076183491,-13.09593758683,
    32.040414773273));
#6336 = CARTESIAN_POINT('',(-9.098705564594,-13.05495621561,
    32.068881794078));
#6337 = CARTESIAN_POINT('',(-9.097994478993,-12.91147038722,
    32.171631988149));
#6338 = CARTESIAN_POINT('',(-9.085473434141,-12.81292583933,
    32.247976412847));
#6339 = CARTESIAN_POINT('',(-9.061808197714,-12.71970697756,
    32.326029453778));
#6340 = CARTESIAN_POINT('',(-9.027665366046,-12.63238784349,
    32.405159173323));
#6341 = CARTESIAN_POINT('',(-8.983607352083,-12.55144746492,
    32.484798845156));
#6342 = CARTESIAN_POINT('',(-8.885083580887,-12.41538034628,
    32.631075140855));
#6343 = CARTESIAN_POINT('',(-8.833510394768,-12.35822179452,
    32.69768445047));
#6344 = CARTESIAN_POINT('',(-8.775454254219,-12.30616762454,
    32.763964249128));
#6345 = CARTESIAN_POINT('',(-8.711061267485,-12.25956290877,
    32.829566176829));
#6346 = CARTESIAN_POINT('',(-8.64045534558,-12.21879502348,
    32.894092282645));
#6347 = CARTESIAN_POINT('',(-8.535821915775,-12.17183101583,
    32.979941346047));
#6348 = CARTESIAN_POINT('',(-8.507139876635,-12.16015402923,
    33.002604592454));
#6349 = CARTESIAN_POINT('',(-8.477652353973,-12.14933369107,
    33.025039024595));
#6350 = CARTESIAN_POINT('',(-8.447364101225,-12.13939518648,
    33.047218765953));
#6351 = CARTESIAN_POINT('',(-8.416280570282,-12.13036563413,
    33.069115447506));
#6352 = CARTESIAN_POINT('',(-8.343192216924,-12.11181061126,
    33.118607660114));
#6353 = CARTESIAN_POINT('',(-8.300658313379,-12.10291598345,
    33.145991242994));
#6354 = CARTESIAN_POINT('',(-8.256818553088,-12.09565255503,
    33.172782985669));
#6355 = CARTESIAN_POINT('',(-8.211692561744,-12.0900895642,
    33.198906010396));
#6356 = CARTESIAN_POINT('',(-8.165309121313,-12.08630138956,
    33.224272880957));
#6357 = CARTESIAN_POINT('',(-8.053079571082,-12.08173784009,
    33.282067609911));
#6358 = CARTESIAN_POINT('',(-7.986213182738,-12.08252514105,
    33.313772011038));
#6359 = CARTESIAN_POINT('',(-7.917204179562,-12.08692130305,
    33.343657744912));
#6360 = CARTESIAN_POINT('',(-7.846224529589,-12.09513384799,
    33.371428475951));
#6361 = CARTESIAN_POINT('',(-7.77354197402,-12.10735683575,
    33.396744918223));
#6362 = CARTESIAN_POINT('',(-7.699548466951,-12.12371927341,
    33.419261585043));
#6363 = PCURVE('',#3611,#6364);
#6364 = DEFINITIONAL_REPRESENTATION('',(#6365),#6498);
#6365 = B_SPLINE_CURVE_WITH_KNOTS('',6,(#6366,#6367,#6368,#6369,#6370,
    #6371,#6372,#6373,#6374,#6375,#6376,#6377,#6378,#6379,#6380,#6381,
    #6382,#6383,#6384,#6385,#6386,#6387,#6388,#6389,#6390,#6391,#6392,
    #6393,#6394,#6395,#6396,#6397,#6398,#6399,#6400,#6401,#6402,#6403,
    #6404,#6405,#6406,#6407,#6408,#6409,#6410,#6411,#6412,#6413,#6414,
    #6415,#6416,#6417,#6418,#6419,#6420,#6421,#6422,#6423,#6424,#6425,
    #6426,#6427,#6428,#6429,#6430,#6431,#6432,#6433,#6434,#6435,#6436,
    #6437,#6438,#6439,#6440,#6441,#6442,#6443,#6444,#6445,#6446,#6447,
    #6448,#6449,#6450,#6451,#6452,#6453,#6454,#6455,#6456,#6457,#6458,
    #6459,#6460,#6461,#6462,#6463,#6464,#6465,#6466,#6467,#6468,#6469,
    #6470,#6471,#6472,#6473,#6474,#6475,#6476,#6477,#6478,#6479,#6480,
    #6481,#6482,#6483,#6484,#6485,#6486,#6487,#6488,#6489,#6490,#6491,
    #6492,#6493,#6494,#6495,#6496,#6497),.UNSPECIFIED.,.T.,.F.,(7,5,5,5,
    5,5,5,5,5,5,5,5,5,5,5,5,5,5,5,5,5,5,5,5,5,5,7),(0.,2.18182905515E-02
    ,5.871462193802E-02,9.249037165562E-02,0.109162928348,0.14011442981,
    0.18009718759,0.210726993121,0.234169048227,0.296962373964,
    0.38380855728,0.417697004387,0.462796394146,0.498973405206,
    0.518812119124,0.558717253964,0.586231995878,0.598625847002,
    0.618009940909,0.654649223075,0.699755632451,0.733648376147,
    0.820498628575,0.893166353453,0.919552579225,0.953673567656,1.),
  .UNSPECIFIED.);
#6366 = CARTESIAN_POINT('',(-5.717326148065,-12.39855046531));
#6367 = CARTESIAN_POINT('',(-5.719662265665,-12.40915535356));
#6368 = CARTESIAN_POINT('',(-5.722054167581,-12.41913762067));
#6369 = CARTESIAN_POINT('',(-5.724499631589,-12.42846159551));
#6370 = CARTESIAN_POINT('',(-5.726995701614,-12.43709058128));
#6371 = CARTESIAN_POINT('',(-5.729538584331,-12.44498882466));
#6372 = CARTESIAN_POINT('',(-5.736494905329,-12.46418871895));
#6373 = CARTESIAN_POINT('',(-5.740987664305,-12.47407318126));
#6374 = CARTESIAN_POINT('',(-5.74557784153,-12.48161342806));
#6375 = CARTESIAN_POINT('',(-5.750236655561,-12.48668232312));
#6376 = CARTESIAN_POINT('',(-5.754931116913,-12.48920759653));
#6377 = CARTESIAN_POINT('',(-5.763921161194,-12.48917466477));
#6378 = CARTESIAN_POINT('',(-5.768218072861,-12.48702837553));
#6379 = CARTESIAN_POINT('',(-5.772487478845,-12.48275115842));
#6380 = CARTESIAN_POINT('',(-5.776703867315,-12.47639384138));
#6381 = CARTESIAN_POINT('',(-5.780844523901,-12.46804707412));
#6382 = CARTESIAN_POINT('',(-5.786886895425,-12.45278651323));
#6383 = CARTESIAN_POINT('',(-5.788860772278,-12.44728687736));
#6384 = CARTESIAN_POINT('',(-5.790809388873,-12.44134521647));
#6385 = CARTESIAN_POINT('',(-5.792730805554,-12.43497648515));
#6386 = CARTESIAN_POINT('',(-5.794623349225,-12.42819641302));
#6387 = CARTESIAN_POINT('',(-5.799942783828,-12.40770176084));
#6388 = CARTESIAN_POINT('',(-5.803295533104,-12.39302109957));
#6389 = CARTESIAN_POINT('',(-5.806534995033,-12.37708304226));
#6390 = CARTESIAN_POINT('',(-5.809655255981,-12.35999332582));
#6391 = CARTESIAN_POINT('',(-5.812652767542,-12.34185392092));
#6392 = CARTESIAN_POINT('',(-5.819237053613,-12.2980879545));
#6393 = CARTESIAN_POINT('',(-5.822740265302,-12.27182311222));
#6394 = CARTESIAN_POINT('',(-5.826032090964,-12.24415986483));
#6395 = CARTESIAN_POINT('',(-5.829112713624,-12.21527700034));
#6396 = CARTESIAN_POINT('',(-5.831984696818,-12.18533036104));
#6397 = CARTESIAN_POINT('',(-5.836695141046,-12.13079058117));
#6398 = CARTESIAN_POINT('',(-5.838618084616,-12.106585161));
#6399 = CARTESIAN_POINT('',(-5.840422441426,-12.08189100372));
#6400 = CARTESIAN_POINT('',(-5.842110060346,-12.05676121084));
#6401 = CARTESIAN_POINT('',(-5.843682907115,-12.0312431725));
#6402 = CARTESIAN_POINT('',(-5.846260573437,-11.98558348583));
#6403 = CARTESIAN_POINT('',(-5.847312049701,-11.96558568163));
#6404 = CARTESIAN_POINT('',(-5.848298398422,-11.94540400883));
#6405 = CARTESIAN_POINT('',(-5.849220498093,-11.92505604203));
#6406 = CARTESIAN_POINT('',(-5.850079200413,-11.90455807633));
#6407 = CARTESIAN_POINT('',(-5.85300789256,-11.82865644551));
#6408 = CARTESIAN_POINT('',(-5.854691259776,-11.77242489722));
#6409 = CARTESIAN_POINT('',(-5.855941705413,-11.71551067663));
#6410 = CARTESIAN_POINT('',(-5.856772083558,-11.65816009632));
#6411 = CARTESIAN_POINT('',(-5.857193235438,-11.60059490081));
#6412 = CARTESIAN_POINT('',(-5.857239653676,-11.46337956065));
#6413 = CARTESIAN_POINT('',(-5.856498257509,-11.38374841811));
#6414 = CARTESIAN_POINT('',(-5.855009685022,-11.30463035334));
#6415 = CARTESIAN_POINT('',(-5.852781935574,-11.22659217718));
#6416 = CARTESIAN_POINT('',(-5.84981957346,-11.15026614625));
#6417 = CARTESIAN_POINT('',(-5.844671589214,-11.04754954307));
#6418 = CARTESIAN_POINT('',(-5.843114052264,-11.01909417677));
#6419 = CARTESIAN_POINT('',(-5.841443761294,-10.9910601397));
#6420 = CARTESIAN_POINT('',(-5.839660525078,-10.96349837741));
#6421 = CARTESIAN_POINT('',(-5.837764199772,-10.93646505106));
#6422 = CARTESIAN_POINT('',(-5.833080527816,-10.87482980967));
#6423 = CARTESIAN_POINT('',(-5.830206113736,-10.8406848242));
#6424 = CARTESIAN_POINT('',(-5.827131309526,-10.80772879111));
#6425 = CARTESIAN_POINT('',(-5.823856922042,-10.77613103016));
#6426 = CARTESIAN_POINT('',(-5.82038550413,-10.74608298318));
#6427 = CARTESIAN_POINT('',(-5.813783455178,-10.69510041463));
#6428 = CARTESIAN_POINT('',(-5.810721432385,-10.673540243));
#6429 = CARTESIAN_POINT('',(-5.807538898589,-10.65322161502));
#6430 = CARTESIAN_POINT('',(-5.804240234253,-10.6342638554));
#6431 = CARTESIAN_POINT('',(-5.800831855324,-10.61679016215));
#6432 = CARTESIAN_POINT('',(-5.795398408811,-10.59221864422));
#6433 = CARTESIAN_POINT('',(-5.7934438058,-10.58399875151));
#6434 = CARTESIAN_POINT('',(-5.791460430543,-10.57628155887));
#6435 = CARTESIAN_POINT('',(-5.789450034032,-10.56908634349));
#6436 = CARTESIAN_POINT('',(-5.787414614819,-10.5624313968));
#6437 = CARTESIAN_POINT('',(-5.781216403636,-10.5440692947));
#6438 = CARTESIAN_POINT('',(-5.776983492315,-10.53405800736));
#6439 = CARTESIAN_POINT('',(-5.772677415992,-10.52644301454));
#6440 = CARTESIAN_POINT('',(-5.768320250739,-10.52133200613));
#6441 = CARTESIAN_POINT('',(-5.763936580561,-10.51878483724));
#6442 = CARTESIAN_POINT('',(-5.756531619988,-10.51881190053));
#6443 = CARTESIAN_POINT('',(-5.753509524508,-10.52004145509));
#6444 = CARTESIAN_POINT('',(-5.750496071686,-10.52248952709));
#6445 = CARTESIAN_POINT('',(-5.747499519332,-10.5261427389));
#6446 = CARTESIAN_POINT('',(-5.744527697042,-10.53097585166));
#6447 = CARTESIAN_POINT('',(-5.740263857276,-10.53964579038));
#6448 = CARTESIAN_POINT('',(-5.738946191596,-10.54257053664));
#6449 = CARTESIAN_POINT('',(-5.737635676944,-10.54572429616));
#6450 = CARTESIAN_POINT('',(-5.736332934059,-10.54910352188));
#6451 = CARTESIAN_POINT('',(-5.735038548531,-10.55270435159));
#6452 = CARTESIAN_POINT('',(-5.731742572144,-10.56249439498));
#6453 = CARTESIAN_POINT('',(-5.72975386289,-10.56899817657));
#6454 = CARTESIAN_POINT('',(-5.727789035251,-10.57601779988));
#6455 = CARTESIAN_POINT('',(-5.725849955497,-10.58353620727));
#6456 = CARTESIAN_POINT('',(-5.723938263956,-10.59153543625));
#6457 = CARTESIAN_POINT('',(-5.71849639003,-10.61598971573));
#6458 = CARTESIAN_POINT('',(-5.715040379358,-10.63363344888));
#6459 = CARTESIAN_POINT('',(-5.711696743973,-10.65280280681));
#6460 = CARTESIAN_POINT('',(-5.70847218297,-10.67336970926));
#6461 = CARTESIAN_POINT('',(-5.705371250562,-10.6952100935));
#6462 = CARTESIAN_POINT('',(-5.698735223295,-10.74652728347));
#6463 = CARTESIAN_POINT('',(-5.69526564297,-10.77660047296));
#6464 = CARTESIAN_POINT('',(-5.691993193372,-10.80822195356));
#6465 = CARTESIAN_POINT('',(-5.688920412428,-10.84120036164));
#6466 = CARTESIAN_POINT('',(-5.686048097683,-10.8753664676));
#6467 = CARTESIAN_POINT('',(-5.681368284661,-10.93703588253));
#6468 = CARTESIAN_POINT('',(-5.679473681536,-10.96408273729));
#6469 = CARTESIAN_POINT('',(-5.677692198897,-10.99165736955));
#6470 = CARTESIAN_POINT('',(-5.676023691908,-11.01970365354));
#6471 = CARTESIAN_POINT('',(-5.674467969267,-11.04817067435));
#6472 = CARTESIAN_POINT('',(-5.669326854859,-11.15092086842));
#6473 = CARTESIAN_POINT('',(-5.666369599779,-11.22726529312));
#6474 = CARTESIAN_POINT('',(-5.66414705708,-11.30531833405));
#6475 = CARTESIAN_POINT('',(-5.662663822789,-11.38444805359));
#6476 = CARTESIAN_POINT('',(-5.661927938471,-11.46408772543));
#6477 = CARTESIAN_POINT('',(-5.661987957729,-11.61036402112));
#6478 = CARTESIAN_POINT('',(-5.662553340536,-11.67697333074));
#6479 = CARTESIAN_POINT('',(-5.663668356097,-11.7432531294));
#6480 = CARTESIAN_POINT('',(-5.665350883847,-11.8088550571));
#6481 = CARTESIAN_POINT('',(-5.667621824925,-11.87338116291));
#6482 = CARTESIAN_POINT('',(-5.671556511271,-11.95923022632));
#6483 = CARTESIAN_POINT('',(-5.672685732071,-11.98189347272));
#6484 = CARTESIAN_POINT('',(-5.673897295704,-12.00432790486));
#6485 = CARTESIAN_POINT('',(-5.675192464999,-12.02650764622));
#6486 = CARTESIAN_POINT('',(-5.676572512524,-12.04840432777));
#6487 = CARTESIAN_POINT('',(-5.679934727557,-12.09789654038));
#6488 = CARTESIAN_POINT('',(-5.681974744295,-12.12528012326));
#6489 = CARTESIAN_POINT('',(-5.684161557053,-12.15207186594));
#6490 = CARTESIAN_POINT('',(-5.686497712595,-12.17819489067));
#6491 = CARTESIAN_POINT('',(-5.688985253293,-12.20356176123));
#6492 = CARTESIAN_POINT('',(-5.695210078678,-12.26135649018));
#6493 = CARTESIAN_POINT('',(-5.699075742448,-12.29306089119));
#6494 = CARTESIAN_POINT('',(-5.703225815014,-12.3229466255));
#6495 = CARTESIAN_POINT('',(-5.707658924901,-12.35071735587));
#6496 = CARTESIAN_POINT('',(-5.712366022129,-12.37603379866));
#6497 = CARTESIAN_POINT('',(-5.717326148065,-12.39855046531));
#6498 = ( GEOMETRIC_REPRESENTATION_CONTEXT(2) 
PARAMETRIC_REPRESENTATION_CONTEXT() REPRESENTATION_CONTEXT('2D SPACE',''
  ) );
#6499 = PCURVE('',#4121,#6500);
#6500 = DEFINITIONAL_REPRESENTATION('',(#6501),#6634);
#6501 = B_SPLINE_CURVE_WITH_KNOTS('',6,(#6502,#6503,#6504,#6505,#6506,
    #6507,#6508,#6509,#6510,#6511,#6512,#6513,#6514,#6515,#6516,#6517,
    #6518,#6519,#6520,#6521,#6522,#6523,#6524,#6525,#6526,#6527,#6528,
    #6529,#6530,#6531,#6532,#6533,#6534,#6535,#6536,#6537,#6538,#6539,
    #6540,#6541,#6542,#6543,#6544,#6545,#6546,#6547,#6548,#6549,#6550,
    #6551,#6552,#6553,#6554,#6555,#6556,#6557,#6558,#6559,#6560,#6561,
    #6562,#6563,#6564,#6565,#6566,#6567,#6568,#6569,#6570,#6571,#6572,
    #6573,#6574,#6575,#6576,#6577,#6578,#6579,#6580,#6581,#6582,#6583,
    #6584,#6585,#6586,#6587,#6588,#6589,#6590,#6591,#6592,#6593,#6594,
    #6595,#6596,#6597,#6598,#6599,#6600,#6601,#6602,#6603,#6604,#6605,
    #6606,#6607,#6608,#6609,#6610,#6611,#6612,#6613,#6614,#6615,#6616,
    #6617,#6618,#6619,#6620,#6621,#6622,#6623,#6624,#6625,#6626,#6627,
    #6628,#6629,#6630,#6631,#6632,#6633),.UNSPECIFIED.,.F.,.F.,(7,5,5,5,
    5,5,5,5,5,5,5,5,5,5,5,5,5,5,5,5,5,5,5,5,5,5,7),(0.,2.18182905515E-02
    ,5.871462193802E-02,9.249037165562E-02,0.109162928348,0.14011442981,
    0.18009718759,0.210726993121,0.234169048227,0.296962373964,
    0.38380855728,0.417697004387,0.462796394146,0.498973405206,
    0.518812119124,0.558717253964,0.586231995878,0.598625847002,
    0.618009940909,0.654649223075,0.699755632451,0.733648376147,
    0.820498628575,0.893166353453,0.919552579225,0.953673567656,1.),
  .UNSPECIFIED.);
#6502 = CARTESIAN_POINT('',(0.,4.547044092155));
#6503 = CARTESIAN_POINT('',(2.480915633913E-02,4.545830755996));
#6504 = CARTESIAN_POINT('',(4.980626862494E-02,4.544675667202));
#6505 = CARTESIAN_POINT('',(7.498823412059E-02,4.543585764427));
#6506 = CARTESIAN_POINT('',(0.100348340844,4.542568130744));
#6507 = CARTESIAN_POINT('',(0.125875623341,4.541629632988));
#6508 = CARTESIAN_POINT('',(0.194978608336,4.539333953886));
#6509 = CARTESIAN_POINT('',(0.238846512903,4.538135264032));
#6510 = CARTESIAN_POINT('',(0.283068201534,4.537211570112));
#6511 = CARTESIAN_POINT('',(0.327546271513,4.536587297993));
#6512 = CARTESIAN_POINT('',(0.372164067466,4.536276396583));
#6513 = CARTESIAN_POINT('',(0.457611150517,4.536280451509));
#6514 = CARTESIAN_POINT('',(0.498452478107,4.536544702552));
#6515 = CARTESIAN_POINT('',(0.539186619268,4.537071417386));
#6516 = CARTESIAN_POINT('',(0.579722523473,4.537850800228));
#6517 = CARTESIAN_POINT('',(0.619982027039,4.538865447982));
#6518 = CARTESIAN_POINT('',(0.679593050314,4.540698486523));
#6519 = CARTESIAN_POINT('',(0.699210166053,4.541356153423));
#6520 = CARTESIAN_POINT('',(0.71873640594,4.542062968216));
#6521 = CARTESIAN_POINT('',(0.738165714083,4.542816058079));
#6522 = CARTESIAN_POINT('',(0.757493246202,4.543612399248));
#6523 = CARTESIAN_POINT('',(0.812399973523,4.546001571417));
#6524 = CARTESIAN_POINT('',(0.847720577202,4.547692499752));
#6525 = CARTESIAN_POINT('',(0.882655595286,4.549501636133));
#6526 = CARTESIAN_POINT('',(0.917195707174,4.551408599506));
#6527 = CARTESIAN_POINT('',(0.95134171807,4.553393739349));
#6528 = CARTESIAN_POINT('',(1.02871406743,4.558081686663));
#6529 = CARTESIAN_POINT('',(1.071679333162,4.560824680159));
#6530 = CARTESIAN_POINT('',(1.114023105038,4.563629904706));
#6531 = CARTESIAN_POINT('',(1.15577782977,4.566463229912));
#6532 = CARTESIAN_POINT('',(1.196984357129,4.569295253106));
#6533 = CARTESIAN_POINT('',(1.268878506966,4.574251826948));
#6534 = CARTESIAN_POINT('',(1.299770406177,4.576386749763));
#6535 = CARTESIAN_POINT('',(1.330389505591,4.578495619434));
#6536 = CARTESIAN_POINT('',(1.360756866022,4.580568785858));
#6537 = CARTESIAN_POINT('',(1.390893585266,4.582597898139));
#6538 = CARTESIAN_POINT('',(1.443725134597,4.586089741694));
#6539 = CARTESIAN_POINT('',(1.466506594683,4.587573606452));
#6540 = CARTESIAN_POINT('',(1.489174536499,4.589024311031));
#6541 = CARTESIAN_POINT('',(1.51173813719,4.590439002615));
#6542 = CARTESIAN_POINT('',(1.534206392909,4.591815163405));
#6543 = CARTESIAN_POINT('',(1.61654118176,4.596727821394));
#6544 = CARTESIAN_POINT('',(1.675867652655,4.600012501394));
#6545 = CARTESIAN_POINT('',(1.734749182252,4.602963093152));
#6546 = CARTESIAN_POINT('',(1.793335691502,4.605551553319));
#6547 = CARTESIAN_POINT('',(1.851772118746,4.607761367338));
#6548 = CARTESIAN_POINT('',(1.991043424644,4.612108838221));
#6549 = CARTESIAN_POINT('',(2.071851586188,4.613893593432));
#6550 = CARTESIAN_POINT('',(2.153071313554,4.614923663743));
#6551 = CARTESIAN_POINT('',(2.235050903169,4.615212466356));
#6552 = CARTESIAN_POINT('',(2.318133936044,4.614809847125));
#6553 = CARTESIAN_POINT('',(2.43579024613,4.613412362489));
#6554 = CARTESIAN_POINT('',(2.469045882884,4.612928408654));
#6555 = CARTESIAN_POINT('',(2.502556360611,4.612358105117));
#6556 = CARTESIAN_POINT('',(2.536343953595,4.611707819727));
#6557 = CARTESIAN_POINT('',(2.570430471105,4.610985020931));
#6558 = CARTESIAN_POINT('',(2.650628496354,4.609151459327));
#6559 = CARTESIAN_POINT('',(2.696984873914,4.607991544409));
#6560 = CARTESIAN_POINT('',(2.743961604029,4.606738827107));
#6561 = CARTESIAN_POINT('',(2.791602223613,4.605417792452));
#6562 = CARTESIAN_POINT('',(2.839940637256,4.604056839114));
#6563 = CARTESIAN_POINT('',(2.928357676433,4.601589822978));
#6564 = CARTESIAN_POINT('',(2.96817632636,4.600486657645));
#6565 = CARTESIAN_POINT('',(3.008467789743,4.599394848187));
#6566 = CARTESIAN_POINT('',(3.049232429727,4.598332497671));
#6567 = CARTESIAN_POINT('',(3.090458715377,4.597318350986));
#6568 = CARTESIAN_POINT('',(3.154966971802,4.595851119552));
#6569 = CARTESIAN_POINT('',(3.17794416478,4.595351474903));
#6570 = CARTESIAN_POINT('',(3.201047463899,4.594874900721));
#6571 = CARTESIAN_POINT('',(3.22427074031,4.594424322029));
#6572 = CARTESIAN_POINT('',(3.247606366279,4.594002513282));
#6573 = CARTESIAN_POINT('',(3.318191942062,4.592826787374));
#6574 = CARTESIAN_POINT('',(3.365764839603,4.592168258501));
#6575 = CARTESIAN_POINT('',(3.413672147162,4.591657842316));
#6576 = CARTESIAN_POINT('',(3.461819356097,4.591311893965));
#6577 = CARTESIAN_POINT('',(3.510096718244,4.591139579729));
#6578 = CARTESIAN_POINT('',(3.591649127462,4.591141410917));
#6579 = CARTESIAN_POINT('',(3.624932484227,4.591224601983));
#6580 = CARTESIAN_POINT('',(3.658174211135,4.59139025315));
#6581 = CARTESIAN_POINT('',(3.691336392789,4.591636331727));
#6582 = CARTESIAN_POINT('',(3.724383764706,4.591959018168));
#6583 = CARTESIAN_POINT('',(3.772100329256,4.59253042072));
#6584 = CARTESIAN_POINT('',(3.78688896236,4.592722338573));
#6585 = CARTESIAN_POINT('',(3.801644657161,4.592928233187));
#6586 = CARTESIAN_POINT('',(3.816364723027,4.593147567956));
#6587 = CARTESIAN_POINT('',(3.831046686949,4.593379758297));
#6588 = CARTESIAN_POINT('',(3.868587897084,4.594006436308));
#6589 = CARTESIAN_POINT('',(3.891388774057,4.594418622045));
#6590 = CARTESIAN_POINT('',(3.914082427464,4.594858279883));
#6591 = CARTESIAN_POINT('',(3.936661729505,4.595322822565));
#6592 = CARTESIAN_POINT('',(3.959120921572,4.595809524547));
#6593 = CARTESIAN_POINT('',(4.023672037207,4.597271944503));
#6594 = CARTESIAN_POINT('',(4.065442798634,4.598297366516));
#6595 = CARTESIAN_POINT('',(4.106740299457,4.599372740187));
#6596 = CARTESIAN_POINT('',(4.147552362809,4.60047857646));
#6597 = CARTESIAN_POINT('',(4.187879340458,4.60159605298));
#6598 = CARTESIAN_POINT('',(4.276792637846,4.604077183737));
#6599 = CARTESIAN_POINT('',(4.325130744618,4.605437960757));
#6600 = CARTESIAN_POINT('',(4.372771139742,4.606758509891));
#6601 = CARTESIAN_POINT('',(4.419747836385,4.608010448371));
#6602 = CARTESIAN_POINT('',(4.46610444854,4.609169310502));
#6603 = CARTESIAN_POINT('',(4.546302468396,4.611000558644));
#6604 = CARTESIAN_POINT('',(4.580388620115,4.611722211606));
#6605 = CARTESIAN_POINT('',(4.614176072293,4.612371219694));
#6606 = CARTESIAN_POINT('',(4.647686650826,4.612940123366));
#6607 = CARTESIAN_POINT('',(4.680942642816,4.613422563548));
#6608 = CARTESIAN_POINT('',(4.798594396962,4.614814200232));
#6609 = CARTESIAN_POINT('',(4.881674259951,4.61521199699));
#6610 = CARTESIAN_POINT('',(4.963652711454,4.614917940091));
#6611 = CARTESIAN_POINT('',(5.044873397491,4.613882329948));
#6612 = CARTESIAN_POINT('',(5.12568467665,4.612091887481));
#6613 = CARTESIAN_POINT('',(5.274152968709,4.60744721095));
#6614 = CARTESIAN_POINT('',(5.341776158779,4.604815295799));
#6615 = CARTESIAN_POINT('',(5.409636960875,4.601677923836));
#6616 = CARTESIAN_POINT('',(5.477959076125,4.598062904408));
#6617 = CARTESIAN_POINT('',(5.546973469693,4.594019620478));
#6618 = CARTESIAN_POINT('',(5.642397501154,4.588027431517));
#6619 = CARTESIAN_POINT('',(5.66794566147,4.586384840029));
#6620 = CARTESIAN_POINT('',(5.693635678936,4.584699537017));
#6621 = CARTESIAN_POINT('',(5.719480741975,4.582975797511));
#6622 = CARTESIAN_POINT('',(5.745494251289,4.581218505078));
#6623 = CARTESIAN_POINT('',(5.805564262532,4.577124446596));
#6624 = CARTESIAN_POINT('',(5.839742187619,4.574768914203));
#6625 = CARTESIAN_POINT('',(5.87425450938,4.572378411567));
#6626 = CARTESIAN_POINT('',(5.909129653753,4.569966980023));
#6627 = CARTESIAN_POINT('',(5.944394757982,4.567550944881));
#6628 = CARTESIAN_POINT('',(6.02852285719,4.561887888994));
#6629 = CARTESIAN_POINT('',(6.07773254568,4.558653084514));
#6630 = CARTESIAN_POINT('',(6.127777316961,4.555491136993));
#6631 = CARTESIAN_POINT('',(6.178697709433,4.5524582619));
#6632 = CARTESIAN_POINT('',(6.230509645729,4.549620289583));
#6633 = CARTESIAN_POINT('',(6.28318530718,4.547044092155));
#6634 = ( GEOMETRIC_REPRESENTATION_CONTEXT(2) 
PARAMETRIC_REPRESENTATION_CONTEXT() REPRESENTATION_CONTEXT('2D SPACE',''
  ) );
#6635 = ADVANCED_FACE('',(#6636,#6639),#3713,.T.);
#6636 = FACE_BOUND('',#6637,.T.);
#6637 = EDGE_LOOP('',(#6638));
#6638 = ORIENTED_EDGE('',*,*,#3698,.T.);
#6639 = FACE_BOUND('',#6640,.T.);
#6640 = EDGE_LOOP('',(#6641));
#6641 = ORIENTED_EDGE('',*,*,#6642,.T.);
#6642 = EDGE_CURVE('',#6643,#6643,#6645,.T.);
#6643 = VERTEX_POINT('',#6644);
#6644 = CARTESIAN_POINT('',(9.160940268519,-14.65492412349,
    36.902499444455));
#6645 = SURFACE_CURVE('',#6646,(#6651,#6662),.PCURVE_S1.);
#6646 = CIRCLE('',#6647,1.5);
#6647 = AXIS2_PLACEMENT_3D('',#6648,#6649,#6650);
#6648 = CARTESIAN_POINT('',(9.160940268519,-15.86836936344,
    36.020711119727));
#6649 = DIRECTION('',(-0.321393804843,0.556670399226,-0.766044443119));
#6650 = DIRECTION('',(-5.551115123126E-17,0.808963493304,0.587858883153)
  );
#6651 = PCURVE('',#3713,#6652);
#6652 = DEFINITIONAL_REPRESENTATION('',(#6653),#6661);
#6653 = ( BOUNDED_CURVE() B_SPLINE_CURVE(2,(#6654,#6655,#6656,#6657,
#6658,#6659,#6660),.UNSPECIFIED.,.T.,.F.) B_SPLINE_CURVE_WITH_KNOTS((1,2
    ,2,2,2,1),(-2.094395102393,0.,2.094395102393,4.188790204786,
6.28318530718,8.377580409573),.UNSPECIFIED.) CURVE() 
GEOMETRIC_REPRESENTATION_ITEM() RATIONAL_B_SPLINE_CURVE((1.,0.5,1.,0.5,
1.,0.5,1.)) REPRESENTATION_ITEM('') );
#6654 = CARTESIAN_POINT('',(-1.5,-8.326672684689E-17));
#6655 = CARTESIAN_POINT('',(-1.5,2.598076211353));
#6656 = CARTESIAN_POINT('',(0.75,1.299038105677));
#6657 = CARTESIAN_POINT('',(3.,5.33927493438E-16));
#6658 = CARTESIAN_POINT('',(0.75,-1.299038105677));
#6659 = CARTESIAN_POINT('',(-1.5,-2.598076211353));
#6660 = CARTESIAN_POINT('',(-1.5,-8.326672684689E-17));
#6661 = ( GEOMETRIC_REPRESENTATION_CONTEXT(2) 
PARAMETRIC_REPRESENTATION_CONTEXT() REPRESENTATION_CONTEXT('2D SPACE',''
  ) );
#6662 = PCURVE('',#4485,#6663);
#6663 = DEFINITIONAL_REPRESENTATION('',(#6664),#6668);
#6664 = LINE('',#6665,#6666);
#6665 = CARTESIAN_POINT('',(0.,0.));
#6666 = VECTOR('',#6667,1.);
#6667 = DIRECTION('',(1.,0.));
#6668 = ( GEOMETRIC_REPRESENTATION_CONTEXT(2) 
PARAMETRIC_REPRESENTATION_CONTEXT() REPRESENTATION_CONTEXT('2D SPACE',''
  ) );
#6669 = ADVANCED_FACE('',(#6670,#6673),#3867,.T.);
#6670 = FACE_BOUND('',#6671,.T.);
#6671 = EDGE_LOOP('',(#6672));
#6672 = ORIENTED_EDGE('',*,*,#3852,.T.);
#6673 = FACE_BOUND('',#6674,.T.);
#6674 = EDGE_LOOP('',(#6675));
#6675 = ORIENTED_EDGE('',*,*,#6676,.T.);
#6676 = EDGE_CURVE('',#6677,#6677,#6679,.T.);
#6677 = VERTEX_POINT('',#6678);
#6678 = CARTESIAN_POINT('',(17.172813872359,-1.15537327106E-03,
    36.984892534256));
#6679 = SURFACE_CURVE('',#6680,(#6685,#6696),.PCURVE_S1.);
#6680 = CIRCLE('',#6681,1.5);
#6681 = AXIS2_PLACEMENT_3D('',#6682,#6683,#6684);
#6682 = CARTESIAN_POINT('',(18.321880537037,-1.15537327106E-03,
    36.020711119727));
#6683 = DIRECTION('',(-0.642787609687,-8.504801786368E-17,
    -0.766044443119));
#6684 = DIRECTION('',(-0.766044443119,7.136376042178E-17,0.642787609687)
  );
#6685 = PCURVE('',#3867,#6686);
#6686 = DEFINITIONAL_REPRESENTATION('',(#6687),#6695);
#6687 = ( BOUNDED_CURVE() B_SPLINE_CURVE(2,(#6688,#6689,#6690,#6691,
#6692,#6693,#6694),.UNSPECIFIED.,.T.,.F.) B_SPLINE_CURVE_WITH_KNOTS((1,2
    ,2,2,2,1),(-2.094395102393,0.,2.094395102393,4.188790204786,
6.28318530718,8.377580409573),.UNSPECIFIED.) CURVE() 
GEOMETRIC_REPRESENTATION_ITEM() RATIONAL_B_SPLINE_CURVE((1.,0.5,1.,0.5,
1.,0.5,1.)) REPRESENTATION_ITEM('') );
#6688 = CARTESIAN_POINT('',(-1.5,0.));
#6689 = CARTESIAN_POINT('',(-1.5,2.598076211353));
#6690 = CARTESIAN_POINT('',(0.75,1.299038105677));
#6691 = CARTESIAN_POINT('',(3.,3.673940397442E-16));
#6692 = CARTESIAN_POINT('',(0.75,-1.299038105677));
#6693 = CARTESIAN_POINT('',(-1.5,-2.598076211353));
#6694 = CARTESIAN_POINT('',(-1.5,0.));
#6695 = ( GEOMETRIC_REPRESENTATION_CONTEXT(2) 
PARAMETRIC_REPRESENTATION_CONTEXT() REPRESENTATION_CONTEXT('2D SPACE',''
  ) );
#6696 = PCURVE('',#4897,#6697);
#6697 = DEFINITIONAL_REPRESENTATION('',(#6698),#6702);
#6698 = LINE('',#6699,#6700);
#6699 = CARTESIAN_POINT('',(0.,0.));
#6700 = VECTOR('',#6701,1.);
#6701 = DIRECTION('',(1.,0.));
#6702 = ( GEOMETRIC_REPRESENTATION_CONTEXT(2) 
PARAMETRIC_REPRESENTATION_CONTEXT() REPRESENTATION_CONTEXT('2D SPACE',''
  ) );
#6703 = ADVANCED_FACE('',(#6704,#7049),#3952,.T.);
#6704 = FACE_BOUND('',#6705,.T.);
#6705 = EDGE_LOOP('',(#6706,#6729,#6730,#6731,#6810,#6872,#6895,#6922,
    #6923));
#6706 = ORIENTED_EDGE('',*,*,#6707,.T.);
#6707 = EDGE_CURVE('',#6708,#3936,#6710,.T.);
#6708 = VERTEX_POINT('',#6709);
#6709 = CARTESIAN_POINT('',(-7.739767770611E-15,-31.60115537327,8.55));
#6710 = SEAM_CURVE('',#6711,(#6715,#6722),.PCURVE_S1.);
#6711 = LINE('',#6712,#6713);
#6712 = CARTESIAN_POINT('',(-7.739767770611E-15,-31.60115537327,
    7.061018436616E-15));
#6713 = VECTOR('',#6714,1.);
#6714 = DIRECTION('',(0.,1.110223024625E-16,1.));
#6715 = PCURVE('',#3952,#6716);
#6716 = DEFINITIONAL_REPRESENTATION('',(#6717),#6721);
#6717 = LINE('',#6718,#6719);
#6718 = CARTESIAN_POINT('',(6.28318530718,-0.));
#6719 = VECTOR('',#6720,1.);
#6720 = DIRECTION('',(0.,1.));
#6721 = ( GEOMETRIC_REPRESENTATION_CONTEXT(2) 
PARAMETRIC_REPRESENTATION_CONTEXT() REPRESENTATION_CONTEXT('2D SPACE',''
  ) );
#6722 = PCURVE('',#3952,#6723);
#6723 = DEFINITIONAL_REPRESENTATION('',(#6724),#6728);
#6724 = LINE('',#6725,#6726);
#6725 = CARTESIAN_POINT('',(0.,-0.));
#6726 = VECTOR('',#6727,1.);
#6727 = DIRECTION('',(0.,1.));
#6728 = ( GEOMETRIC_REPRESENTATION_CONTEXT(2) 
PARAMETRIC_REPRESENTATION_CONTEXT() REPRESENTATION_CONTEXT('2D SPACE',''
  ) );
#6729 = ORIENTED_EDGE('',*,*,#3935,.F.);
#6730 = ORIENTED_EDGE('',*,*,#6707,.F.);
#6731 = ORIENTED_EDGE('',*,*,#6732,.F.);
#6732 = EDGE_CURVE('',#6733,#6708,#6735,.T.);
#6733 = VERTEX_POINT('',#6734);
#6734 = CARTESIAN_POINT('',(4.05,-31.34054751798,4.5));
#6735 = SURFACE_CURVE('',#6736,(#6757,#6781),.PCURVE_S1.);
#6736 = B_SPLINE_CURVE_WITH_KNOTS('',7,(#6737,#6738,#6739,#6740,#6741,
    #6742,#6743,#6744,#6745,#6746,#6747,#6748,#6749,#6750,#6751,#6752,
    #6753,#6754,#6755,#6756),.UNSPECIFIED.,.F.,.F.,(8,6,6,8),(0.,
    0.520953658545,0.812988416615,1.),.UNSPECIFIED.);
#6737 = CARTESIAN_POINT('',(4.05,-31.34054751798,4.5));
#6738 = CARTESIAN_POINT('',(4.049999959034,-31.34054752327,
    4.909659626096));
#6739 = CARTESIAN_POINT('',(4.001656509543,-31.34679487486,
    5.318772288829));
#6740 = CARTESIAN_POINT('',(3.905202331544,-31.35926011312,
    5.724287013715));
#6741 = CARTESIAN_POINT('',(3.759390751122,-31.37762474268,
    6.122894470863));
#6742 = CARTESIAN_POINT('',(3.561903857448,-31.40124937289,
    6.510093796988));
#6743 = CARTESIAN_POINT('',(3.30959221514,-31.42891088376,6.879587194001
    ));
#6744 = CARTESIAN_POINT('',(2.825206268997,-31.4750931582,7.413374272256
    ));
#6745 = CARTESIAN_POINT('',(2.632387137635,-31.49234394737,7.59712006653
    ));
#6746 = CARTESIAN_POINT('',(2.420466994163,-31.50984380273,
    7.770492364168));
#6747 = CARTESIAN_POINT('',(2.189389760244,-31.52707996297,
    7.930936947028));
#6748 = CARTESIAN_POINT('',(1.93937518114,-31.54344032103,8.075688779951
    ));
#6749 = CARTESIAN_POINT('',(1.670982044449,-31.55824107784,
    8.201732252355));
#6750 = CARTESIAN_POINT('',(1.202162279431,-31.57881149916,
    8.372368692057));
#6751 = CARTESIAN_POINT('',(1.012063144446,-31.58591221448,
    8.429930564236));
#6752 = CARTESIAN_POINT('',(0.816051894096,-31.59186083427,
    8.477250814373));
#6753 = CARTESIAN_POINT('',(0.615425666996,-31.59646626882,
    8.513413937512));
#6754 = CARTESIAN_POINT('',(0.411574591986,-31.59958950543,
    8.537782163267));
#6755 = CARTESIAN_POINT('',(0.205944674623,-31.60115537327,8.55));
#6756 = CARTESIAN_POINT('',(6.199774420683E-16,-31.60115537327,8.55));
#6757 = PCURVE('',#3952,#6758);
#6758 = DEFINITIONAL_REPRESENTATION('',(#6759),#6780);
#6759 = B_SPLINE_CURVE_WITH_KNOTS('',7,(#6760,#6761,#6762,#6763,#6764,
    #6765,#6766,#6767,#6768,#6769,#6770,#6771,#6772,#6773,#6774,#6775,
    #6776,#6777,#6778,#6779),.UNSPECIFIED.,.F.,.F.,(8,6,6,8),(0.,
    0.520953658545,0.812988416615,1.),.UNSPECIFIED.);
#6760 = CARTESIAN_POINT('',(0.128518051313,4.5));
#6761 = CARTESIAN_POINT('',(0.128518050006,4.909659626096));
#6762 = CARTESIAN_POINT('',(0.12697547334,5.318772288829));
#6763 = CARTESIAN_POINT('',(0.123897737689,5.724287013715));
#6764 = CARTESIAN_POINT('',(0.119247030526,6.122894470863));
#6765 = CARTESIAN_POINT('',(0.112953134693,6.510093796988));
#6766 = CARTESIAN_POINT('',(0.104921550795,6.879587194001));
#6767 = CARTESIAN_POINT('',(8.952336982986E-02,7.413374272256));
#6768 = CARTESIAN_POINT('',(8.33972322257E-02,7.59712006653));
#6769 = CARTESIAN_POINT('',(7.666833082836E-02,7.770492364168));
#6770 = CARTESIAN_POINT('',(6.933591062896E-02,7.930936947028));
#6771 = CARTESIAN_POINT('',(6.14077504006E-02,8.075688779951));
#6772 = CARTESIAN_POINT('',(5.290193069985E-02,8.201732252355));
#6773 = CARTESIAN_POINT('',(3.805158789686E-02,8.372368692057));
#6774 = CARTESIAN_POINT('',(3.203172467236E-02,8.429930564236));
#6775 = CARTESIAN_POINT('',(2.582623018319E-02,8.477250814373));
#6776 = CARTESIAN_POINT('',(1.947594722667E-02,8.513413937512));
#6777 = CARTESIAN_POINT('',(1.302451264309E-02,8.537782163267));
#6778 = CARTESIAN_POINT('',(6.517236538688E-03,8.55));
#6779 = CARTESIAN_POINT('',(0.,8.55));
#6780 = ( GEOMETRIC_REPRESENTATION_CONTEXT(2) 
PARAMETRIC_REPRESENTATION_CONTEXT() REPRESENTATION_CONTEXT('2D SPACE',''
  ) );
#6781 = PCURVE('',#6782,#6787);
#6782 = CYLINDRICAL_SURFACE('',#6783,4.05);
#6783 = AXIS2_PLACEMENT_3D('',#6784,#6785,#6786);
#6784 = CARTESIAN_POINT('',(0.,33.598844626729,4.5));
#6785 = DIRECTION('',(0.,-1.,1.110223024625E-16));
#6786 = DIRECTION('',(1.,0.,0.));
#6787 = DEFINITIONAL_REPRESENTATION('',(#6788),#6809);
#6788 = B_SPLINE_CURVE_WITH_KNOTS('',7,(#6789,#6790,#6791,#6792,#6793,
    #6794,#6795,#6796,#6797,#6798,#6799,#6800,#6801,#6802,#6803,#6804,
    #6805,#6806,#6807,#6808),.UNSPECIFIED.,.F.,.F.,(8,6,6,8),(0.,
    0.520953658545,0.812988416615,1.),.UNSPECIFIED.);
#6789 = CARTESIAN_POINT('',(0.,64.939392144711));
#6790 = CARTESIAN_POINT('',(0.101150524962,64.939392150005));
#6791 = CARTESIAN_POINT('',(0.202165824016,64.945639501594));
#6792 = CARTESIAN_POINT('',(0.30398411821,64.958104739858));
#6793 = CARTESIAN_POINT('',(0.407454558846,64.976469369417));
#6794 = CARTESIAN_POINT('',(0.513443819401,65.000093999624));
#6795 = CARTESIAN_POINT('',(0.622871626492,65.02775551049));
#6796 = CARTESIAN_POINT('',(0.80084791993,65.073937784931));
#6797 = CARTESIAN_POINT('',(0.866440109268,65.091188574107));
#6798 = CARTESIAN_POINT('',(0.93373111584,65.108688429468));
#6799 = CARTESIAN_POINT('',(1.00279122241,65.125924589705));
#6800 = CARTESIAN_POINT('',(1.073715801986,65.142284947765));
#6801 = CARTESIAN_POINT('',(1.146633562536,65.157085704575));
#6802 = CARTESIAN_POINT('',(1.269820617655,65.177656125889));
#6803 = CARTESIAN_POINT('',(1.318789026276,65.184756841216));
#6804 = CARTESIAN_POINT('',(1.368445952182,65.190705461001));
#6805 = CARTESIAN_POINT('',(1.41862459635,65.195310895558));
#6806 = CARTESIAN_POINT('',(1.469172973936,65.198434132162));
#6807 = CARTESIAN_POINT('',(1.519945789851,65.2));
#6808 = CARTESIAN_POINT('',(1.570796326795,65.2));
#6809 = ( GEOMETRIC_REPRESENTATION_CONTEXT(2) 
PARAMETRIC_REPRESENTATION_CONTEXT() REPRESENTATION_CONTEXT('2D SPACE',''
  ) );
#6810 = ORIENTED_EDGE('',*,*,#6811,.F.);
#6811 = EDGE_CURVE('',#6812,#6733,#6814,.T.);
#6812 = VERTEX_POINT('',#6813);
#6813 = CARTESIAN_POINT('',(-7.739767770611E-15,-31.60115537327,0.45));
#6814 = SURFACE_CURVE('',#6815,(#6832,#6852),.PCURVE_S1.);
#6815 = B_SPLINE_CURVE_WITH_KNOTS('',8,(#6816,#6817,#6818,#6819,#6820,
    #6821,#6822,#6823,#6824,#6825,#6826,#6827,#6828,#6829,#6830,#6831),
  .UNSPECIFIED.,.F.,.F.,(9,7,9),(0.,0.308983404784,1.),.UNSPECIFIED.);
#6816 = CARTESIAN_POINT('',(3.225136134544E-15,-31.60115537327,0.45));
#6817 = CARTESIAN_POINT('',(0.299353585805,-31.60115537327,0.45));
#6818 = CARTESIAN_POINT('',(0.596363432569,-31.59791438694,
    0.475287434543));
#6819 = CARTESIAN_POINT('',(0.887731965878,-31.59152138652,
    0.525169716782));
#6820 = CARTESIAN_POINT('',(1.170286493938,-31.58226181148,0.59828494689
    ));
#6821 = CARTESIAN_POINT('',(1.441094935955,-31.57060104424,
    0.692629172129));
#6822 = CARTESIAN_POINT('',(1.697572203327,-31.55712811447,
    0.805576618422));
#6823 = CARTESIAN_POINT('',(1.937574393059,-31.54248187835,
    0.933894620168));
#6824 = CARTESIAN_POINT('',(2.655747461101,-31.49328842908,
    1.386541437736));
#6825 = CARTESIAN_POINT('',(3.070389347185,-31.45591595296,
    1.762661916951));
#6826 = CARTESIAN_POINT('',(3.405850260128,-31.42012515805,
    2.179512891858));
#6827 = CARTESIAN_POINT('',(3.667163751344,-31.38928643612,
    2.622516999284));
#6828 = CARTESIAN_POINT('',(3.859296095036,-31.36519054072,3.08172025353
    ));
#6829 = CARTESIAN_POINT('',(3.986188476487,-31.34879423785,
    3.550483766251));
#6830 = CARTESIAN_POINT('',(4.049999952447,-31.34054752412,
    4.024468689139));
#6831 = CARTESIAN_POINT('',(4.05,-31.34054751798,4.5));
#6832 = PCURVE('',#3952,#6833);
#6833 = DEFINITIONAL_REPRESENTATION('',(#6834),#6851);
#6834 = B_SPLINE_CURVE_WITH_KNOTS('',8,(#6835,#6836,#6837,#6838,#6839,
    #6840,#6841,#6842,#6843,#6844,#6845,#6846,#6847,#6848,#6849,#6850),
  .UNSPECIFIED.,.F.,.F.,(9,7,9),(0.,0.308983404784,1.),.UNSPECIFIED.);
#6835 = CARTESIAN_POINT('',(0.,0.45));
#6836 = CARTESIAN_POINT('',(9.47321474068E-03,0.45));
#6837 = CARTESIAN_POINT('',(1.887226113719E-02,0.475287434543));
#6838 = CARTESIAN_POINT('',(2.809407723563E-02,0.525169716782));
#6839 = CARTESIAN_POINT('',(3.703948199433E-02,0.59828494689));
#6840 = CARTESIAN_POINT('',(4.561650379247E-02,0.692629172129));
#6841 = CARTESIAN_POINT('',(5.374356913483E-02,0.805576618422));
#6842 = CARTESIAN_POINT('',(6.135249302297E-02,0.933894620168));
#6843 = CARTESIAN_POINT('',(8.413274377791E-02,1.386541437736));
#6844 = CARTESIAN_POINT('',(9.730446557926E-02,1.762661916951));
#6845 = CARTESIAN_POINT('',(0.107978864579,2.179512891858));
#6846 = CARTESIAN_POINT('',(0.11630524994,2.622516999284));
#6847 = CARTESIAN_POINT('',(0.122432926776,3.08172025353));
#6848 = CARTESIAN_POINT('',(0.126481908438,3.550483766251));
#6849 = CARTESIAN_POINT('',(0.128518049796,4.024468689139));
#6850 = CARTESIAN_POINT('',(0.128518051313,4.5));
#6851 = ( GEOMETRIC_REPRESENTATION_CONTEXT(2) 
PARAMETRIC_REPRESENTATION_CONTEXT() REPRESENTATION_CONTEXT('2D SPACE',''
  ) );
#6852 = PCURVE('',#6782,#6853);
#6853 = DEFINITIONAL_REPRESENTATION('',(#6854),#6871);
#6854 = B_SPLINE_CURVE_WITH_KNOTS('',8,(#6855,#6856,#6857,#6858,#6859,
    #6860,#6861,#6862,#6863,#6864,#6865,#6866,#6867,#6868,#6869,#6870),
  .UNSPECIFIED.,.F.,.F.,(9,7,9),(0.,0.308983404784,1.),.UNSPECIFIED.);
#6855 = CARTESIAN_POINT('',(4.712388980385,65.2));
#6856 = CARTESIAN_POINT('',(4.786303446016,65.2));
#6857 = CARTESIAN_POINT('',(4.859639184918,65.196759013671));
#6858 = CARTESIAN_POINT('',(4.932197479236,65.190366013257));
#6859 = CARTESIAN_POINT('',(5.003769439154,65.181106438217));
#6860 = CARTESIAN_POINT('',(5.074121865286,65.169445670971));
#6861 = CARTESIAN_POINT('',(5.142980263437,65.155972741206));
#6862 = CARTESIAN_POINT('',(5.210007033033,65.141326505079));
#6863 = CARTESIAN_POINT('',(5.419616405044,65.092133055813));
#6864 = CARTESIAN_POINT('',(5.555747989456,65.054760579694));
#6865 = CARTESIAN_POINT('',(5.685328159294,65.018969784784));
#6866 = CARTESIAN_POINT('',(5.809803310265,64.988131062853));
#6867 = CARTESIAN_POINT('',(5.930529000214,64.964035167456));
#6868 = CARTESIAN_POINT('',(6.048736248377,64.947638864585));
#6869 = CARTESIAN_POINT('',(6.165770168695,64.939392150857));
#6870 = CARTESIAN_POINT('',(6.28318530718,64.939392144711));
#6871 = ( GEOMETRIC_REPRESENTATION_CONTEXT(2) 
PARAMETRIC_REPRESENTATION_CONTEXT() REPRESENTATION_CONTEXT('2D SPACE',''
  ) );
#6872 = ORIENTED_EDGE('',*,*,#6873,.F.);
#6873 = EDGE_CURVE('',#6874,#6812,#6876,.T.);
#6874 = VERTEX_POINT('',#6875);
#6875 = CARTESIAN_POINT('',(-7.739767770611E-15,-31.60115537327,
    7.105427357601E-15));
#6876 = SEAM_CURVE('',#6877,(#6881,#6888),.PCURVE_S1.);
#6877 = LINE('',#6878,#6879);
#6878 = CARTESIAN_POINT('',(-7.739767770611E-15,-31.60115537327,
    7.061018436616E-15));
#6879 = VECTOR('',#6880,1.);
#6880 = DIRECTION('',(0.,1.110223024625E-16,1.));
#6881 = PCURVE('',#3952,#6882);
#6882 = DEFINITIONAL_REPRESENTATION('',(#6883),#6887);
#6883 = LINE('',#6884,#6885);
#6884 = CARTESIAN_POINT('',(6.28318530718,-0.));
#6885 = VECTOR('',#6886,1.);
#6886 = DIRECTION('',(0.,1.));
#6887 = ( GEOMETRIC_REPRESENTATION_CONTEXT(2) 
PARAMETRIC_REPRESENTATION_CONTEXT() REPRESENTATION_CONTEXT('2D SPACE',''
  ) );
#6888 = PCURVE('',#3952,#6889);
#6889 = DEFINITIONAL_REPRESENTATION('',(#6890),#6894);
#6890 = LINE('',#6891,#6892);
#6891 = CARTESIAN_POINT('',(0.,-0.));
#6892 = VECTOR('',#6893,1.);
#6893 = DIRECTION('',(0.,1.));
#6894 = ( GEOMETRIC_REPRESENTATION_CONTEXT(2) 
PARAMETRIC_REPRESENTATION_CONTEXT() REPRESENTATION_CONTEXT('2D SPACE',''
  ) );
#6895 = ORIENTED_EDGE('',*,*,#6896,.T.);
#6896 = EDGE_CURVE('',#6874,#6874,#6897,.T.);
#6897 = SURFACE_CURVE('',#6898,(#6903,#6910),.PCURVE_S1.);
#6898 = CIRCLE('',#6899,31.6);
#6899 = AXIS2_PLACEMENT_3D('',#6900,#6901,#6902);
#6900 = CARTESIAN_POINT('',(0.,-1.155373271064E-03,3.552713678801E-15));
#6901 = DIRECTION('',(-0.,1.110223024625E-16,1.));
#6902 = DIRECTION('',(0.,-1.,1.110223024625E-16));
#6903 = PCURVE('',#3952,#6904);
#6904 = DEFINITIONAL_REPRESENTATION('',(#6905),#6909);
#6905 = LINE('',#6906,#6907);
#6906 = CARTESIAN_POINT('',(0.,0.));
#6907 = VECTOR('',#6908,1.);
#6908 = DIRECTION('',(1.,0.));
#6909 = ( GEOMETRIC_REPRESENTATION_CONTEXT(2) 
PARAMETRIC_REPRESENTATION_CONTEXT() REPRESENTATION_CONTEXT('2D SPACE',''
  ) );
#6910 = PCURVE('',#6911,#6916);
#6911 = PLANE('',#6912);
#6912 = AXIS2_PLACEMENT_3D('',#6913,#6914,#6915);
#6913 = CARTESIAN_POINT('',(0.,-1.155373271064E-03,3.552713678801E-15));
#6914 = DIRECTION('',(0.,1.110223024625E-16,1.));
#6915 = DIRECTION('',(0.,-1.,1.110223024625E-16));
#6916 = DEFINITIONAL_REPRESENTATION('',(#6917),#6921);
#6917 = CIRCLE('',#6918,31.6);
#6918 = AXIS2_PLACEMENT_2D('',#6919,#6920);
#6919 = CARTESIAN_POINT('',(0.,0.));
#6920 = DIRECTION('',(1.,0.));
#6921 = ( GEOMETRIC_REPRESENTATION_CONTEXT(2) 
PARAMETRIC_REPRESENTATION_CONTEXT() REPRESENTATION_CONTEXT('2D SPACE',''
  ) );
#6922 = ORIENTED_EDGE('',*,*,#6873,.T.);
#6923 = ORIENTED_EDGE('',*,*,#6924,.F.);
#6924 = EDGE_CURVE('',#6708,#6812,#6925,.T.);
#6925 = SURFACE_CURVE('',#6926,(#6965,#7007),.PCURVE_S1.);
#6926 = B_SPLINE_CURVE_WITH_KNOTS('',7,(#6927,#6928,#6929,#6930,#6931,
    #6932,#6933,#6934,#6935,#6936,#6937,#6938,#6939,#6940,#6941,#6942,
    #6943,#6944,#6945,#6946,#6947,#6948,#6949,#6950,#6951,#6952,#6953,
    #6954,#6955,#6956,#6957,#6958,#6959,#6960,#6961,#6962,#6963,#6964),
  .UNSPECIFIED.,.F.,.F.,(8,6,6,6,6,6,8),(0.,0.154504875976,
    0.304410670029,0.500012049732,0.695613568992,0.84551915276,1.),
  .UNSPECIFIED.);
#6927 = CARTESIAN_POINT('',(-3.552713678801E-15,-31.60115537327,8.55));
#6928 = CARTESIAN_POINT('',(-0.342118387878,-31.60115537327,8.55));
#6929 = CARTESIAN_POINT('',(-0.681111775331,-31.59683405809,
    8.516283419926));
#6930 = CARTESIAN_POINT('',(-1.01170408029,-31.58833378379,
    8.449958403103));
#6931 = CARTESIAN_POINT('',(-1.328868912893,-31.57618983902,
    8.353471701676));
#6932 = CARTESIAN_POINT('',(-1.628138304836,-31.56128638601,
    8.230536035804));
#6933 = CARTESIAN_POINT('',(-1.905873887717,-31.5446533009,8.08608542851
    ));
#6934 = CARTESIAN_POINT('',(-2.405533092002,-31.51042762354,
    7.771162523777));
#6935 = CARTESIAN_POINT('',(-2.631229246162,-31.49271677221,
    7.600107593829));
#6936 = CARTESIAN_POINT('',(-2.836777479934,-31.47480098942,
    7.416047333908));
#6937 = CARTESIAN_POINT('',(-3.022606752969,-31.45722275192,
    7.221429453201));
#6938 = CARTESIAN_POINT('',(-3.189272741357,-31.44041222517,
    7.018265733025));
#6939 = CARTESIAN_POINT('',(-3.337374068164,-31.42469857129,
    6.808210263211));
#6940 = CARTESIAN_POINT('',(-3.637236601115,-31.39159467914,
    6.311340343378));
#6941 = CARTESIAN_POINT('',(-3.776541068943,-31.37513232948,
    6.020334231455));
#6942 = CARTESIAN_POINT('',(-3.886617103461,-31.3615106452,
    5.722470037884));
#6943 = CARTESIAN_POINT('',(-3.968469092246,-31.35108358334,
    5.419899474516));
#6944 = CARTESIAN_POINT('',(-4.022809609074,-31.34406142077,
    5.114328967645));
#6945 = CARTESIAN_POINT('',(-4.05,-31.34054751798,4.807229875484));
#6946 = CARTESIAN_POINT('',(-4.05,-31.34054751798,4.192769905316));
#6947 = CARTESIAN_POINT('',(-4.022809568908,-31.34406142528,
    3.885670378731));
#6948 = CARTESIAN_POINT('',(-3.968468910154,-31.35108360851,
    3.580099702928));
#6949 = CARTESIAN_POINT('',(-3.88661684819,-31.36151067638,
    3.277529463133));
#6950 = CARTESIAN_POINT('',(-3.776541015644,-31.37513233198,
    2.979665907611));
#6951 = CARTESIAN_POINT('',(-3.637236927611,-31.39159464309,
    2.688660197623));
#6952 = CARTESIAN_POINT('',(-3.337374093272,-31.42469856852,
    2.191789778393));
#6953 = CARTESIAN_POINT('',(-3.189272723362,-31.4404122279,
    1.981734220481));
#6954 = CARTESIAN_POINT('',(-3.022606715346,-31.45722275451,
    1.778570523235));
#6955 = CARTESIAN_POINT('',(-2.836777500515,-31.4748009871,
    1.583952700288));
#6956 = CARTESIAN_POINT('',(-2.631229300838,-31.49271676877,
    1.399892432011));
#6957 = CARTESIAN_POINT('',(-2.405533044099,-31.51042762682,
    1.22883744603));
#6958 = CARTESIAN_POINT('',(-1.905913022115,-31.54465062027,
    0.913939236939));
#6959 = CARTESIAN_POINT('',(-1.62817230666,-31.56128479391,
    0.769475943557));
#6960 = CARTESIAN_POINT('',(-1.328867554139,-31.57619077076,
    0.646519530307));
#6961 = CARTESIAN_POINT('',(-1.011656989583,-31.58833626751,
    0.550022219317));
#6962 = CARTESIAN_POINT('',(-0.68103288641,-31.59683584852,
    0.483702620076));
#6963 = CARTESIAN_POINT('',(-0.342047545216,-31.60115537327,0.45));
#6964 = CARTESIAN_POINT('',(-8.881784197001E-16,-31.60115537327,0.45));
#6965 = PCURVE('',#3952,#6966);
#6966 = DEFINITIONAL_REPRESENTATION('',(#6967),#7006);
#6967 = B_SPLINE_CURVE_WITH_KNOTS('',7,(#6968,#6969,#6970,#6971,#6972,
    #6973,#6974,#6975,#6976,#6977,#6978,#6979,#6980,#6981,#6982,#6983,
    #6984,#6985,#6986,#6987,#6988,#6989,#6990,#6991,#6992,#6993,#6994,
    #6995,#6996,#6997,#6998,#6999,#7000,#7001,#7002,#7003,#7004,#7005),
  .UNSPECIFIED.,.F.,.F.,(8,6,6,6,6,6,8),(0.,0.154504875976,
    0.304410670029,0.500012049732,0.695613568992,0.84551915276,1.),
  .UNSPECIFIED.);
#6968 = CARTESIAN_POINT('',(6.28318530718,8.55));
#6969 = CARTESIAN_POINT('',(6.272358775918,8.55));
#6970 = CARTESIAN_POINT('',(6.261631136257,8.516283419926));
#6971 = CARTESIAN_POINT('',(6.251167286154,8.449958403103));
#6972 = CARTESIAN_POINT('',(6.241124364049,8.353471701676));
#6973 = CARTESIAN_POINT('',(6.231642869042,8.230536035804));
#6974 = CARTESIAN_POINT('',(6.222838345404,8.08608542851));
#6975 = CARTESIAN_POINT('',(6.20698929387,7.771162523777));
#6976 = CARTESIAN_POINT('',(6.199825406376,7.600107593829));
#6977 = CARTESIAN_POINT('',(6.193296399918,7.416047333908));
#6978 = CARTESIAN_POINT('',(6.187389706048,7.221429453201));
#6979 = CARTESIAN_POINT('',(6.182088823984,7.018265733025));
#6980 = CARTESIAN_POINT('',(6.177375809474,6.808210263211));
#6981 = CARTESIAN_POINT('',(6.167828838507,6.311340343378));
#6982 = CARTESIAN_POINT('',(6.163389923296,6.020334231455));
#6983 = CARTESIAN_POINT('',(6.159879985079,5.722470037884));
#6984 = CARTESIAN_POINT('',(6.157268799969,5.419899474516));
#6985 = CARTESIAN_POINT('',(6.155534867844,5.114328967645));
#6986 = CARTESIAN_POINT('',(6.154667255866,4.807229875484));
#6987 = CARTESIAN_POINT('',(6.154667255866,4.192769905316));
#6988 = CARTESIAN_POINT('',(6.155534869123,3.885670378731));
#6989 = CARTESIAN_POINT('',(6.157268805785,3.580099702928));
#6990 = CARTESIAN_POINT('',(6.159879993217,3.277529463133));
#6991 = CARTESIAN_POINT('',(6.163389924981,2.979665907611));
#6992 = CARTESIAN_POINT('',(6.167828828112,2.688660197623));
#6993 = CARTESIAN_POINT('',(6.177375808675,2.191789778393));
#6994 = CARTESIAN_POINT('',(6.182088824559,1.981734220481));
#6995 = CARTESIAN_POINT('',(6.187389707241,1.778570523235));
#6996 = CARTESIAN_POINT('',(6.193296399263,1.583952700288));
#6997 = CARTESIAN_POINT('',(6.199825404643,1.399892432011));
#6998 = CARTESIAN_POINT('',(6.206989295389,1.22883744603));
#6999 = CARTESIAN_POINT('',(6.222837104071,0.913939236939));
#7000 = CARTESIAN_POINT('',(6.231641792083,0.769475943557));
#7001 = CARTESIAN_POINT('',(6.241124408659,0.646519530307));
#7002 = CARTESIAN_POINT('',(6.251168777624,0.550022219317));
#7003 = CARTESIAN_POINT('',(6.261633632772,0.483702620076));
#7004 = CARTESIAN_POINT('',(6.272361017774,0.45));
#7005 = CARTESIAN_POINT('',(6.28318530718,0.45));
#7006 = ( GEOMETRIC_REPRESENTATION_CONTEXT(2) 
PARAMETRIC_REPRESENTATION_CONTEXT() REPRESENTATION_CONTEXT('2D SPACE',''
  ) );
#7007 = PCURVE('',#6782,#7008);
#7008 = DEFINITIONAL_REPRESENTATION('',(#7009),#7048);
#7009 = B_SPLINE_CURVE_WITH_KNOTS('',7,(#7010,#7011,#7012,#7013,#7014,
    #7015,#7016,#7017,#7018,#7019,#7020,#7021,#7022,#7023,#7024,#7025,
    #7026,#7027,#7028,#7029,#7030,#7031,#7032,#7033,#7034,#7035,#7036,
    #7037,#7038,#7039,#7040,#7041,#7042,#7043,#7044,#7045,#7046,#7047),
  .UNSPECIFIED.,.F.,.F.,(8,6,6,6,6,6,8),(0.,0.154504875976,
    0.304410670029,0.500012049732,0.695613568992,0.84551915276,1.),
  .UNSPECIFIED.);
#7010 = CARTESIAN_POINT('',(1.570796326795,65.2));
#7011 = CARTESIAN_POINT('',(1.655270002814,65.2));
#7012 = CARTESIAN_POINT('',(1.738972039523,65.195678684819));
#7013 = CARTESIAN_POINT('',(1.82158449721,65.187178410526));
#7014 = CARTESIAN_POINT('',(1.902769075346,65.175034465757));
#7015 = CARTESIAN_POINT('',(1.982129438405,65.16013101274));
#7016 = CARTESIAN_POINT('',(2.059162120743,65.143497927638));
#7017 = CARTESIAN_POINT('',(2.204995007954,65.109272250277));
#7018 = CARTESIAN_POINT('',(2.274660107964,65.091561398941));
#7019 = CARTESIAN_POINT('',(2.342433127815,65.073645616158));
#7020 = CARTESIAN_POINT('',(2.408525490662,65.056067378656));
#7021 = CARTESIAN_POINT('',(2.473129444793,65.039256851901));
#7022 = CARTESIAN_POINT('',(2.536429937612,65.023543198027));
#7023 = CARTESIAN_POINT('',(2.679724347721,64.990439305869));
#7024 = CARTESIAN_POINT('',(2.759015630628,64.973976956215));
#7025 = CARTESIAN_POINT('',(2.836898156332,64.960355271938));
#7026 = CARTESIAN_POINT('',(2.913744709833,64.949928210069));
#7027 = CARTESIAN_POINT('',(2.989906182589,64.9429060475));
#7028 = CARTESIAN_POINT('',(3.065733425075,64.939392144711));
#7029 = CARTESIAN_POINT('',(3.217451936228,64.939392144711));
#7030 = CARTESIAN_POINT('',(3.293279286566,64.94290605201));
#7031 = CARTESIAN_POINT('',(3.36944080076,64.949928235245));
#7032 = CARTESIAN_POINT('',(3.446287285271,64.960355303113));
#7033 = CARTESIAN_POINT('',(3.524169653495,64.97397695871));
#7034 = CARTESIAN_POINT('',(3.603460803437,64.990439269825));
#7035 = CARTESIAN_POINT('',(3.74675535757,65.023543195255));
#7036 = CARTESIAN_POINT('',(3.810055873918,65.039256854637));
#7037 = CARTESIAN_POINT('',(3.874659827447,65.056067381246));
#7038 = CARTESIAN_POINT('',(3.940752169574,65.073645613835));
#7039 = CARTESIAN_POINT('',(4.008525184873,65.091561395507));
#7040 = CARTESIAN_POINT('',(4.078190313207,65.109272253558));
#7041 = CARTESIAN_POINT('',(4.224011764487,65.143495247008));
#7042 = CARTESIAN_POINT('',(4.301047190306,65.160129420645));
#7043 = CARTESIAN_POINT('',(4.380417358586,65.175035397497));
#7044 = CARTESIAN_POINT('',(4.461613048759,65.187180894244));
#7045 = CARTESIAN_POINT('',(4.544232745347,65.195680475257));
#7046 = CARTESIAN_POINT('',(4.627932796381,65.2));
#7047 = CARTESIAN_POINT('',(4.712388980385,65.2));
#7048 = ( GEOMETRIC_REPRESENTATION_CONTEXT(2) 
PARAMETRIC_REPRESENTATION_CONTEXT() REPRESENTATION_CONTEXT('2D SPACE',''
  ) );
#7049 = FACE_BOUND('',#7050,.T.);
#7050 = EDGE_LOOP('',(#7051));
#7051 = ORIENTED_EDGE('',*,*,#7052,.T.);
#7052 = EDGE_CURVE('',#7053,#7053,#7055,.T.);
#7053 = VERTEX_POINT('',#7054);
#7054 = CARTESIAN_POINT('',(4.05,31.33823677144,4.5));
#7055 = SURFACE_CURVE('',#7056,(#7131,#7209),.PCURVE_S1.);
#7056 = B_SPLINE_CURVE_WITH_KNOTS('',7,(#7057,#7058,#7059,#7060,#7061,
    #7062,#7063,#7064,#7065,#7066,#7067,#7068,#7069,#7070,#7071,#7072,
    #7073,#7074,#7075,#7076,#7077,#7078,#7079,#7080,#7081,#7082,#7083,
    #7084,#7085,#7086,#7087,#7088,#7089,#7090,#7091,#7092,#7093,#7094,
    #7095,#7096,#7097,#7098,#7099,#7100,#7101,#7102,#7103,#7104,#7105,
    #7106,#7107,#7108,#7109,#7110,#7111,#7112,#7113,#7114,#7115,#7116,
    #7117,#7118,#7119,#7120,#7121,#7122,#7123,#7124,#7125,#7126,#7127,
    #7128,#7129,#7130),.UNSPECIFIED.,.T.,.F.,(8,6,6,6,6,6,6,6,6,6,6,6,8)
  ,(0.,0.129584196996,0.202226146972,0.248744192208,0.326020667268,
    0.400996885229,0.498828004905,0.596659195219,0.671635323772,
    0.728666615738,0.796030315328,0.869299582295,1.),.UNSPECIFIED.);
#7057 = CARTESIAN_POINT('',(4.05,31.33823677144,4.5));
#7058 = CARTESIAN_POINT('',(4.049999959034,31.338236776734,
    4.909659626095));
#7059 = CARTESIAN_POINT('',(4.001656509544,31.344484128323,
    5.318772288832));
#7060 = CARTESIAN_POINT('',(3.905202331543,31.356949366587,
    5.724287013711));
#7061 = CARTESIAN_POINT('',(3.759390751124,31.375313996146,
    6.122894470863));
#7062 = CARTESIAN_POINT('',(3.561903857446,31.398938626353,6.51009379699
    ));
#7063 = CARTESIAN_POINT('',(3.309592215141,31.426600137219,6.879587194)
  );
#7064 = CARTESIAN_POINT('',(2.825206269068,31.472782411654,
    7.413374272178));
#7065 = CARTESIAN_POINT('',(2.632387137647,31.490033200836,
    7.597120066539));
#7066 = CARTESIAN_POINT('',(2.4204669941,31.507533056203,7.770492364227)
  );
#7067 = CARTESIAN_POINT('',(2.189389760172,31.524769216438,
    7.930936947061));
#7068 = CARTESIAN_POINT('',(1.939375181147,31.541129574491,8.07568877993
    ));
#7069 = CARTESIAN_POINT('',(1.670982044546,31.555930331299,
    8.201732252319));
#7070 = CARTESIAN_POINT('',(1.202162279354,31.576500752621,
    8.372368692085));
#7071 = CARTESIAN_POINT('',(1.012063144433,31.583601467945,
    8.429930564231));
#7072 = CARTESIAN_POINT('',(0.816051894154,31.589550087728,
    8.477250814355));
#7073 = CARTESIAN_POINT('',(0.615425667062,31.594155522286,
    8.513413937507));
#7074 = CARTESIAN_POINT('',(0.411574591989,31.597278758892,
    8.537782163275));
#7075 = CARTESIAN_POINT('',(0.205944674558,31.598844626729,8.55));
#7076 = CARTESIAN_POINT('',(-0.342118384952,31.598844626729,8.55));
#7077 = CARTESIAN_POINT('',(-0.681111782349,31.594523311594,
    8.516283420379));
#7078 = CARTESIAN_POINT('',(-1.011704075188,31.586023037014,
    8.449958400859));
#7079 = CARTESIAN_POINT('',(-1.328868910841,31.573879092948,
    8.35347170589));
#7080 = CARTESIAN_POINT('',(-1.628138309717,31.558975639063,
    8.230536032106));
#7081 = CARTESIAN_POINT('',(-1.905873885565,31.542342554514,
    8.086085429867));
#7082 = CARTESIAN_POINT('',(-2.405533092002,31.508116877006,
    7.771162523777));
#7083 = CARTESIAN_POINT('',(-2.631229246162,31.49040602567,
    7.600107593829));
#7084 = CARTESIAN_POINT('',(-2.836777479934,31.472490242887,
    7.416047333908));
#7085 = CARTESIAN_POINT('',(-3.022606752969,31.454912005385,
    7.221429453201));
#7086 = CARTESIAN_POINT('',(-3.189272741357,31.43810147863,
    7.018265733025));
#7087 = CARTESIAN_POINT('',(-3.337374068164,31.422387824756,
    6.808210263211));
#7088 = CARTESIAN_POINT('',(-3.637236601115,31.389283932598,
    6.311340343378));
#7089 = CARTESIAN_POINT('',(-3.776541068943,31.372821582944,
    6.020334231454));
#7090 = CARTESIAN_POINT('',(-3.886617103461,31.359199898667,
    5.722470037885));
#7091 = CARTESIAN_POINT('',(-3.968469092246,31.348772836798,
    5.419899474516));
#7092 = CARTESIAN_POINT('',(-4.022809609074,31.341750674229,
    5.114328967645));
#7093 = CARTESIAN_POINT('',(-4.05,31.33823677144,4.807229875484));
#7094 = CARTESIAN_POINT('',(-4.05,31.33823677144,4.192769902684));
#7095 = CARTESIAN_POINT('',(-4.022809569992,31.341750678615,
    3.885670384819));
#7096 = CARTESIAN_POINT('',(-3.968468908561,31.348772862154,
    3.580099699363));
#7097 = CARTESIAN_POINT('',(-3.886616847685,31.359199929901,
    3.277529459444));
#7098 = CARTESIAN_POINT('',(-3.776541018047,31.372821585169,
    2.979665913551));
#7099 = CARTESIAN_POINT('',(-3.637236926127,31.389283896718,
    2.688660195164));
#7100 = CARTESIAN_POINT('',(-3.337374068164,31.422387824756,
    2.191789736789));
#7101 = CARTESIAN_POINT('',(-3.189272741357,31.43810147863,
    1.981734266975));
#7102 = CARTESIAN_POINT('',(-3.022606752969,31.454912005385,
    1.778570546799));
#7103 = CARTESIAN_POINT('',(-2.836777479934,31.472490242887,
    1.583952666092));
#7104 = CARTESIAN_POINT('',(-2.631229246162,31.49040602567,
    1.399892406171));
#7105 = CARTESIAN_POINT('',(-2.405533092002,31.508116877006,
    1.228837476223));
#7106 = CARTESIAN_POINT('',(-1.972313814715,31.53779154943,0.95579002304
    ));
#7107 = CARTESIAN_POINT('',(-1.772834881667,31.550153141565,
    0.846729934823));
#7108 = CARTESIAN_POINT('',(-1.561811388055,31.56169660419,
    0.748598053262));
#7109 = CARTESIAN_POINT('',(-1.340263381594,31.572048463127,
    0.663216863505));
#7110 = CARTESIAN_POINT('',(-1.109431254229,31.580851574448,
    0.592200930065));
#7111 = CARTESIAN_POINT('',(-0.870746272992,31.587795584311,
    0.536949833919));
#7112 = CARTESIAN_POINT('',(-0.336479025606,31.598378198865,
    0.453391961187));
#7113 = CARTESIAN_POINT('',(-4.016605907396E-02,31.601155373271,
    0.432053040541));
#7114 = CARTESIAN_POINT('',(0.258591767511,31.600621381536,
    0.436321404534));
#7115 = CARTESIAN_POINT('',(0.55502793022,31.596697155306,0.466473885934
    ));
#7116 = CARTESIAN_POINT('',(0.844431768529,31.589640129412,
    0.521397509662));
#7117 = CARTESIAN_POINT('',(1.122416885279,31.579999744081,
    0.598606358152));
#7118 = CARTESIAN_POINT('',(1.670982044494,31.555930331302,
    0.798267747662));
#7119 = CARTESIAN_POINT('',(1.939375181143,31.541129574492,
    0.924311220058));
#7120 = CARTESIAN_POINT('',(2.189389760211,31.524769216436,
    1.069063052957));
#7121 = CARTESIAN_POINT('',(2.420466994134,31.5075330562,1.229507635804)
  );
#7122 = CARTESIAN_POINT('',(2.63238713764,31.490033200836,1.402879933466
    ));
#7123 = CARTESIAN_POINT('',(2.82520626903,31.472782411657,1.586625727781
    ));
#7124 = CARTESIAN_POINT('',(3.309585483427,31.426600779034,
    2.120405387738));
#7125 = CARTESIAN_POINT('',(3.561902049049,31.398938955498,
    2.489900232952));
#7126 = CARTESIAN_POINT('',(3.75939411746,31.375313599592,2.877107946023
    ));
#7127 = CARTESIAN_POINT('',(3.905205451708,31.356948946655,
    3.275721983568));
#7128 = CARTESIAN_POINT('',(4.001657328618,31.344484029299,
    3.681236286111));
#7129 = CARTESIAN_POINT('',(4.049999959034,31.338236776734,4.09034379388
    ));
#7130 = CARTESIAN_POINT('',(4.05,31.33823677144,4.5));
#7131 = PCURVE('',#3952,#7132);
#7132 = DEFINITIONAL_REPRESENTATION('',(#7133),#7208);
#7133 = B_SPLINE_CURVE_WITH_KNOTS('',7,(#7134,#7135,#7136,#7137,#7138,
    #7139,#7140,#7141,#7142,#7143,#7144,#7145,#7146,#7147,#7148,#7149,
    #7150,#7151,#7152,#7153,#7154,#7155,#7156,#7157,#7158,#7159,#7160,
    #7161,#7162,#7163,#7164,#7165,#7166,#7167,#7168,#7169,#7170,#7171,
    #7172,#7173,#7174,#7175,#7176,#7177,#7178,#7179,#7180,#7181,#7182,
    #7183,#7184,#7185,#7186,#7187,#7188,#7189,#7190,#7191,#7192,#7193,
    #7194,#7195,#7196,#7197,#7198,#7199,#7200,#7201,#7202,#7203,#7204,
    #7205,#7206,#7207),.UNSPECIFIED.,.T.,.F.,(8,6,6,6,6,6,6,6,6,6,6,6,8)
  ,(0.,0.129584196996,0.202226146972,0.248744192208,0.326020667268,
    0.400996885229,0.498828004905,0.596659195219,0.671635323772,
    0.728666615738,0.796030315328,0.869299582295,1.),.UNSPECIFIED.);
#7134 = CARTESIAN_POINT('',(3.013074602276,4.5));
#7135 = CARTESIAN_POINT('',(3.013074603584,4.909659626095));
#7136 = CARTESIAN_POINT('',(3.01461718025,5.318772288832));
#7137 = CARTESIAN_POINT('',(3.017694915901,5.724287013711));
#7138 = CARTESIAN_POINT('',(3.022345623064,6.122894470863));
#7139 = CARTESIAN_POINT('',(3.028639518897,6.51009379699));
#7140 = CARTESIAN_POINT('',(3.036671102795,6.879587194));
#7141 = CARTESIAN_POINT('',(3.052069283758,7.413374272178));
#7142 = CARTESIAN_POINT('',(3.058195421364,7.597120066539));
#7143 = CARTESIAN_POINT('',(3.064924322763,7.770492364227));
#7144 = CARTESIAN_POINT('',(3.072256742963,7.930936947061));
#7145 = CARTESIAN_POINT('',(3.080184903189,8.07568877993));
#7146 = CARTESIAN_POINT('',(3.088690722887,8.201732252319));
#7147 = CARTESIAN_POINT('',(3.103541065695,8.372368692085));
#7148 = CARTESIAN_POINT('',(3.109560928918,8.429930564231));
#7149 = CARTESIAN_POINT('',(3.115766423405,8.477250814355));
#7150 = CARTESIAN_POINT('',(3.122116706361,8.513413937507));
#7151 = CARTESIAN_POINT('',(3.128568140947,8.537782163275));
#7152 = CARTESIAN_POINT('',(3.135075417053,8.55));
#7153 = CARTESIAN_POINT('',(3.152419184759,8.55));
#7154 = CARTESIAN_POINT('',(3.163146824734,8.516283420379));
#7155 = CARTESIAN_POINT('',(3.173610674454,8.449958400859));
#7156 = CARTESIAN_POINT('',(3.183653596655,8.35347170589));
#7157 = CARTESIAN_POINT('',(3.193135091882,8.230536032106));
#7158 = CARTESIAN_POINT('',(3.201939615297,8.086085429867));
#7159 = CARTESIAN_POINT('',(3.2177886669,7.771162523777));
#7160 = CARTESIAN_POINT('',(3.224952554393,7.600107593829));
#7161 = CARTESIAN_POINT('',(3.231481560851,7.416047333908));
#7162 = CARTESIAN_POINT('',(3.237388254722,7.221429453201));
#7163 = CARTESIAN_POINT('',(3.242689136785,7.018265733025));
#7164 = CARTESIAN_POINT('',(3.247402151295,6.808210263211));
#7165 = CARTESIAN_POINT('',(3.256949122263,6.311340343378));
#7166 = CARTESIAN_POINT('',(3.261388037473,6.020334231454));
#7167 = CARTESIAN_POINT('',(3.26489797569,5.722470037885));
#7168 = CARTESIAN_POINT('',(3.2675091608,5.419899474516));
#7169 = CARTESIAN_POINT('',(3.269243092926,5.114328967645));
#7170 = CARTESIAN_POINT('',(3.270110704903,4.807229875484));
#7171 = CARTESIAN_POINT('',(3.270110704903,4.192769902684));
#7172 = CARTESIAN_POINT('',(3.269243091681,3.885670384819));
#7173 = CARTESIAN_POINT('',(3.267509154933,3.580099699363));
#7174 = CARTESIAN_POINT('',(3.264897967536,3.277529459444));
#7175 = CARTESIAN_POINT('',(3.261388035865,2.979665913551));
#7176 = CARTESIAN_POINT('',(3.25694913261,2.688660195164));
#7177 = CARTESIAN_POINT('',(3.247402151295,2.191789736789));
#7178 = CARTESIAN_POINT('',(3.242689136785,1.981734266975));
#7179 = CARTESIAN_POINT('',(3.237388254722,1.778570546799));
#7180 = CARTESIAN_POINT('',(3.231481560851,1.583952666092));
#7181 = CARTESIAN_POINT('',(3.224952554393,1.399892406171));
#7182 = CARTESIAN_POINT('',(3.2177886669,1.228837476223));
#7183 = CARTESIAN_POINT('',(3.204047071443,0.95579002304));
#7184 = CARTESIAN_POINT('',(3.197722464677,0.846729934823));
#7185 = CARTESIAN_POINT('',(3.191034823877,0.748598053262));
#7186 = CARTESIAN_POINT('',(3.184016589117,0.663216863505));
#7187 = CARTESIAN_POINT('',(3.176706916222,0.592200930065));
#7188 = CARTESIAN_POINT('',(3.169150730576,0.536949833919));
#7189 = CARTESIAN_POINT('',(3.152240222797,0.453391961187));
#7190 = CARTESIAN_POINT('',(3.142863323942,0.432053040541));
#7191 = CARTESIAN_POINT('',(3.133409914168,0.436321404534));
#7192 = CARTESIAN_POINT('',(3.124029262187,0.466473885934));
#7193 = CARTESIAN_POINT('',(3.114869001743,0.521397509662));
#7194 = CARTESIAN_POINT('',(3.106067082146,0.598606358152));
#7195 = CARTESIAN_POINT('',(3.088690722889,0.798267747662));
#7196 = CARTESIAN_POINT('',(3.080184903189,0.924311220058));
#7197 = CARTESIAN_POINT('',(3.072256742962,1.069063052957));
#7198 = CARTESIAN_POINT('',(3.064924322762,1.229507635804));
#7199 = CARTESIAN_POINT('',(3.058195421364,1.402879933466));
#7200 = CARTESIAN_POINT('',(3.052069283759,1.586625727781));
#7201 = CARTESIAN_POINT('',(3.03667131679,2.120405387738));
#7202 = CARTESIAN_POINT('',(3.028639576848,2.489900232952));
#7203 = CARTESIAN_POINT('',(3.02234551593,2.877107946023));
#7204 = CARTESIAN_POINT('',(3.017694816175,3.275721983568));
#7205 = CARTESIAN_POINT('',(3.014617154184,3.681236286111));
#7206 = CARTESIAN_POINT('',(3.013074603584,4.09034379388));
#7207 = CARTESIAN_POINT('',(3.013074602276,4.5));
#7208 = ( GEOMETRIC_REPRESENTATION_CONTEXT(2) 
PARAMETRIC_REPRESENTATION_CONTEXT() REPRESENTATION_CONTEXT('2D SPACE',''
  ) );
#7209 = PCURVE('',#6782,#7210);
#7210 = DEFINITIONAL_REPRESENTATION('',(#7211),#7286);
#7211 = B_SPLINE_CURVE_WITH_KNOTS('',7,(#7212,#7213,#7214,#7215,#7216,
    #7217,#7218,#7219,#7220,#7221,#7222,#7223,#7224,#7225,#7226,#7227,
    #7228,#7229,#7230,#7231,#7232,#7233,#7234,#7235,#7236,#7237,#7238,
    #7239,#7240,#7241,#7242,#7243,#7244,#7245,#7246,#7247,#7248,#7249,
    #7250,#7251,#7252,#7253,#7254,#7255,#7256,#7257,#7258,#7259,#7260,
    #7261,#7262,#7263,#7264,#7265,#7266,#7267,#7268,#7269,#7270,#7271,
    #7272,#7273,#7274,#7275,#7276,#7277,#7278,#7279,#7280,#7281,#7282,
    #7283,#7284,#7285),.UNSPECIFIED.,.F.,.F.,(8,6,6,6,6,6,6,6,6,6,6,6,8)
  ,(0.,0.129584196996,0.202226146972,0.248744192208,0.326020667268,
    0.400996885229,0.498828004905,0.596659195219,0.671635323772,
    0.728666615738,0.796030315328,0.869299582295,1.),.UNSPECIFIED.);
#7212 = CARTESIAN_POINT('',(0.,2.260607855289));
#7213 = CARTESIAN_POINT('',(0.101150524962,2.260607849995));
#7214 = CARTESIAN_POINT('',(0.202165824017,2.254360498406));
#7215 = CARTESIAN_POINT('',(0.30398411821,2.241895260142));
#7216 = CARTESIAN_POINT('',(0.407454558846,2.223530630583));
#7217 = CARTESIAN_POINT('',(0.513443819401,2.199906000376));
#7218 = CARTESIAN_POINT('',(0.622871626491,2.17224448951));
#7219 = CARTESIAN_POINT('',(0.800847919905,2.126062215075));
#7220 = CARTESIAN_POINT('',(0.866440109268,2.108811425893));
#7221 = CARTESIAN_POINT('',(0.933731115861,2.091311570526));
#7222 = CARTESIAN_POINT('',(1.002791222429,2.074075410291));
#7223 = CARTESIAN_POINT('',(1.073715801983,2.057715052238));
#7224 = CARTESIAN_POINT('',(1.146633562511,2.04291429543));
#7225 = CARTESIAN_POINT('',(1.269820617675,2.022343874108));
#7226 = CARTESIAN_POINT('',(1.318789026279,2.015243158784));
#7227 = CARTESIAN_POINT('',(1.368445952167,2.009294539001));
#7228 = CARTESIAN_POINT('',(1.418624596334,2.004689104443));
#7229 = CARTESIAN_POINT('',(1.469172973935,2.001565867837));
#7230 = CARTESIAN_POINT('',(1.519945789867,2.));
#7231 = CARTESIAN_POINT('',(1.655270002092,2.));
#7232 = CARTESIAN_POINT('',(1.738972041215,2.004321315135));
#7233 = CARTESIAN_POINT('',(1.821584496115,2.012821589715));
#7234 = CARTESIAN_POINT('',(1.902769074552,2.024965533781));
#7235 = CARTESIAN_POINT('',(1.982129439862,2.039868987666));
#7236 = CARTESIAN_POINT('',(2.059162120115,2.056502072215));
#7237 = CARTESIAN_POINT('',(2.204995007954,2.090727749723));
#7238 = CARTESIAN_POINT('',(2.274660107964,2.108438601059));
#7239 = CARTESIAN_POINT('',(2.342433127815,2.126354383842));
#7240 = CARTESIAN_POINT('',(2.408525490662,2.143932621344));
#7241 = CARTESIAN_POINT('',(2.473129444792,2.160743148099));
#7242 = CARTESIAN_POINT('',(2.536429937612,2.176456801973));
#7243 = CARTESIAN_POINT('',(2.679724347721,2.209560694131));
#7244 = CARTESIAN_POINT('',(2.759015630628,2.226023043785));
#7245 = CARTESIAN_POINT('',(2.836898156332,2.239644728062));
#7246 = CARTESIAN_POINT('',(2.913744709833,2.250071789931));
#7247 = CARTESIAN_POINT('',(2.989906182589,2.2570939525));
#7248 = CARTESIAN_POINT('',(3.065733425075,2.260607855289));
#7249 = CARTESIAN_POINT('',(3.217451936878,2.260607855289));
#7250 = CARTESIAN_POINT('',(3.293279284998,2.257093948114));
#7251 = CARTESIAN_POINT('',(3.369440801741,2.250071764575));
#7252 = CARTESIAN_POINT('',(3.446287286208,2.239644696828));
#7253 = CARTESIAN_POINT('',(3.524169651873,2.22602304156));
#7254 = CARTESIAN_POINT('',(3.603460804146,2.209560730011));
#7255 = CARTESIAN_POINT('',(3.746755369568,2.176456801973));
#7256 = CARTESIAN_POINT('',(3.810055862387,2.160743148099));
#7257 = CARTESIAN_POINT('',(3.874659816517,2.143932621344));
#7258 = CARTESIAN_POINT('',(3.940752179365,2.126354383842));
#7259 = CARTESIAN_POINT('',(4.008525199215,2.108438601059));
#7260 = CARTESIAN_POINT('',(4.078190299226,2.090727749723));
#7261 = CARTESIAN_POINT('',(4.204631716617,2.061053077299));
#7262 = CARTESIAN_POINT('',(4.260658167184,2.048691485164));
#7263 = CARTESIAN_POINT('',(4.317924056267,2.037148022539));
#7264 = CARTESIAN_POINT('',(4.376303327781,2.026796163602));
#7265 = CARTESIAN_POINT('',(4.435698202986,2.017993052281));
#7266 = CARTESIAN_POINT('',(4.496033108186,2.011049042418));
#7267 = CARTESIAN_POINT('',(4.629554559779,2.000466427864));
#7268 = CARTESIAN_POINT('',(4.702653630429,1.997689253458));
#7269 = CARTESIAN_POINT('',(4.775989865589,1.998223245193));
#7270 = CARTESIAN_POINT('',(4.849067361651,2.002147471423));
#7271 = CARTESIAN_POINT('',(4.921391714955,2.009204497317));
#7272 = CARTESIAN_POINT('',(4.992410794237,2.018844882648));
#7273 = CARTESIAN_POINT('',(5.136551744655,2.042914295427));
#7274 = CARTESIAN_POINT('',(5.209469505195,2.057715052237));
#7275 = CARTESIAN_POINT('',(5.280394084761,2.074075410293));
#7276 = CARTESIAN_POINT('',(5.34945419133,2.091311570529));
#7277 = CARTESIAN_POINT('',(5.416745197911,2.108811425893));
#7278 = CARTESIAN_POINT('',(5.482337387261,2.126062215072));
#7279 = CARTESIAN_POINT('',(5.660311207277,2.172243847695));
#7280 = CARTESIAN_POINT('',(5.769740101487,2.199905671231));
#7281 = CARTESIAN_POINT('',(5.875731573577,2.223531027137));
#7282 = CARTESIAN_POINT('',(5.979203466819,2.241895680074));
#7283 = CARTESIAN_POINT('',(6.081021591524,2.25436059743));
#7284 = CARTESIAN_POINT('',(6.182035626656,2.260607849995));
#7285 = CARTESIAN_POINT('',(6.28318530718,2.260607855289));
#7286 = ( GEOMETRIC_REPRESENTATION_CONTEXT(2) 
PARAMETRIC_REPRESENTATION_CONTEXT() REPRESENTATION_CONTEXT('2D SPACE',''
  ) );
#7287 = ADVANCED_FACE('',(#7288),#4043,.F.);
#7288 = FACE_BOUND('',#7289,.F.);
#7289 = EDGE_LOOP('',(#7290,#7291,#7312,#7313));
#7290 = ORIENTED_EDGE('',*,*,#5432,.F.);
#7291 = ORIENTED_EDGE('',*,*,#7292,.F.);
#7292 = EDGE_CURVE('',#4023,#5433,#7293,.T.);
#7293 = SEAM_CURVE('',#7294,(#7298,#7305),.PCURVE_S1.);
#7294 = LINE('',#7295,#7296);
#7295 = CARTESIAN_POINT('',(-9.160940268519,17.079503856863,
    35.138922794998));
#7296 = VECTOR('',#7297,1.);
#7297 = DIRECTION('',(0.321393804843,-0.556670399226,-0.766044443119));
#7298 = PCURVE('',#4043,#7299);
#7299 = DEFINITIONAL_REPRESENTATION('',(#7300),#7304);
#7300 = LINE('',#7301,#7302);
#7301 = CARTESIAN_POINT('',(6.28318530718,-0.));
#7302 = VECTOR('',#7303,1.);
#7303 = DIRECTION('',(0.,1.));
#7304 = ( GEOMETRIC_REPRESENTATION_CONTEXT(2) 
PARAMETRIC_REPRESENTATION_CONTEXT() REPRESENTATION_CONTEXT('2D SPACE',''
  ) );
#7305 = PCURVE('',#4043,#7306);
#7306 = DEFINITIONAL_REPRESENTATION('',(#7307),#7311);
#7307 = LINE('',#7308,#7309);
#7308 = CARTESIAN_POINT('',(0.,-0.));
#7309 = VECTOR('',#7310,1.);
#7310 = DIRECTION('',(0.,1.));
#7311 = ( GEOMETRIC_REPRESENTATION_CONTEXT(2) 
PARAMETRIC_REPRESENTATION_CONTEXT() REPRESENTATION_CONTEXT('2D SPACE',''
  ) );
#7312 = ORIENTED_EDGE('',*,*,#4022,.T.);
#7313 = ORIENTED_EDGE('',*,*,#7292,.T.);
#7314 = ADVANCED_FACE('',(#7315),#4082,.F.);
#7315 = FACE_BOUND('',#7316,.F.);
#7316 = EDGE_LOOP('',(#7317,#7318,#7339,#7340));
#7317 = ORIENTED_EDGE('',*,*,#5844,.F.);
#7318 = ORIENTED_EDGE('',*,*,#7319,.F.);
#7319 = EDGE_CURVE('',#4062,#5845,#7320,.T.);
#7320 = SEAM_CURVE('',#7321,(#7325,#7332),.PCURVE_S1.);
#7321 = LINE('',#7322,#7323);
#7322 = CARTESIAN_POINT('',(-19.47094720171,-1.155373271063E-03,
    35.056529705197));
#7323 = VECTOR('',#7324,1.);
#7324 = DIRECTION('',(0.642787609687,-6.329238990265E-18,-0.766044443119
    ));
#7325 = PCURVE('',#4082,#7326);
#7326 = DEFINITIONAL_REPRESENTATION('',(#7327),#7331);
#7327 = LINE('',#7328,#7329);
#7328 = CARTESIAN_POINT('',(6.28318530718,-0.));
#7329 = VECTOR('',#7330,1.);
#7330 = DIRECTION('',(0.,1.));
#7331 = ( GEOMETRIC_REPRESENTATION_CONTEXT(2) 
PARAMETRIC_REPRESENTATION_CONTEXT() REPRESENTATION_CONTEXT('2D SPACE',''
  ) );
#7332 = PCURVE('',#4082,#7333);
#7333 = DEFINITIONAL_REPRESENTATION('',(#7334),#7338);
#7334 = LINE('',#7335,#7336);
#7335 = CARTESIAN_POINT('',(0.,-0.));
#7336 = VECTOR('',#7337,1.);
#7337 = DIRECTION('',(0.,1.));
#7338 = ( GEOMETRIC_REPRESENTATION_CONTEXT(2) 
PARAMETRIC_REPRESENTATION_CONTEXT() REPRESENTATION_CONTEXT('2D SPACE',''
  ) );
#7339 = ORIENTED_EDGE('',*,*,#4061,.T.);
#7340 = ORIENTED_EDGE('',*,*,#7319,.T.);
#7341 = ADVANCED_FACE('',(#7342),#4121,.F.);
#7342 = FACE_BOUND('',#7343,.F.);
#7343 = EDGE_LOOP('',(#7344,#7345,#7366,#7367));
#7344 = ORIENTED_EDGE('',*,*,#6226,.F.);
#7345 = ORIENTED_EDGE('',*,*,#7346,.F.);
#7346 = EDGE_CURVE('',#4101,#6227,#7347,.T.);
#7347 = SEAM_CURVE('',#7348,(#7352,#7359),.PCURVE_S1.);
#7348 = LINE('',#7349,#7350);
#7349 = CARTESIAN_POINT('',(-9.160940268519,-14.65492412349,
    36.902499444455));
#7350 = VECTOR('',#7351,1.);
#7351 = DIRECTION('',(0.321393804843,0.556670399226,-0.766044443119));
#7352 = PCURVE('',#4121,#7353);
#7353 = DEFINITIONAL_REPRESENTATION('',(#7354),#7358);
#7354 = LINE('',#7355,#7356);
#7355 = CARTESIAN_POINT('',(6.28318530718,-0.));
#7356 = VECTOR('',#7357,1.);
#7357 = DIRECTION('',(0.,1.));
#7358 = ( GEOMETRIC_REPRESENTATION_CONTEXT(2) 
PARAMETRIC_REPRESENTATION_CONTEXT() REPRESENTATION_CONTEXT('2D SPACE',''
  ) );
#7359 = PCURVE('',#4121,#7360);
#7360 = DEFINITIONAL_REPRESENTATION('',(#7361),#7365);
#7361 = LINE('',#7362,#7363);
#7362 = CARTESIAN_POINT('',(0.,-0.));
#7363 = VECTOR('',#7364,1.);
#7364 = DIRECTION('',(0.,1.));
#7365 = ( GEOMETRIC_REPRESENTATION_CONTEXT(2) 
PARAMETRIC_REPRESENTATION_CONTEXT() REPRESENTATION_CONTEXT('2D SPACE',''
  ) );
#7366 = ORIENTED_EDGE('',*,*,#4100,.T.);
#7367 = ORIENTED_EDGE('',*,*,#7346,.T.);
#7368 = ADVANCED_FACE('',(#7369),#4160,.F.);
#7369 = FACE_BOUND('',#7370,.F.);
#7370 = EDGE_LOOP('',(#7371,#7372,#7393,#7394));
#7371 = ORIENTED_EDGE('',*,*,#5035,.F.);
#7372 = ORIENTED_EDGE('',*,*,#7373,.F.);
#7373 = EDGE_CURVE('',#4140,#5036,#7374,.T.);
#7374 = SEAM_CURVE('',#7375,(#7379,#7386),.PCURVE_S1.);
#7375 = LINE('',#7376,#7377);
#7376 = CARTESIAN_POINT('',(9.160940268519,17.079503856863,
    35.138922794998));
#7377 = VECTOR('',#7378,1.);
#7378 = DIRECTION('',(-0.321393804843,-0.556670399226,-0.766044443119));
#7379 = PCURVE('',#4160,#7380);
#7380 = DEFINITIONAL_REPRESENTATION('',(#7381),#7385);
#7381 = LINE('',#7382,#7383);
#7382 = CARTESIAN_POINT('',(6.28318530718,-0.));
#7383 = VECTOR('',#7384,1.);
#7384 = DIRECTION('',(0.,1.));
#7385 = ( GEOMETRIC_REPRESENTATION_CONTEXT(2) 
PARAMETRIC_REPRESENTATION_CONTEXT() REPRESENTATION_CONTEXT('2D SPACE',''
  ) );
#7386 = PCURVE('',#4160,#7387);
#7387 = DEFINITIONAL_REPRESENTATION('',(#7388),#7392);
#7388 = LINE('',#7389,#7390);
#7389 = CARTESIAN_POINT('',(0.,-0.));
#7390 = VECTOR('',#7391,1.);
#7391 = DIRECTION('',(0.,1.));
#7392 = ( GEOMETRIC_REPRESENTATION_CONTEXT(2) 
PARAMETRIC_REPRESENTATION_CONTEXT() REPRESENTATION_CONTEXT('2D SPACE',''
  ) );
#7393 = ORIENTED_EDGE('',*,*,#4139,.T.);
#7394 = ORIENTED_EDGE('',*,*,#7373,.T.);
#7395 = ADVANCED_FACE('',(#7396),#4485,.F.);
#7396 = FACE_BOUND('',#7397,.F.);
#7397 = EDGE_LOOP('',(#7398,#7399,#7420,#7421));
#7398 = ORIENTED_EDGE('',*,*,#4201,.F.);
#7399 = ORIENTED_EDGE('',*,*,#7400,.F.);
#7400 = EDGE_CURVE('',#6643,#4202,#7401,.T.);
#7401 = SEAM_CURVE('',#7402,(#7406,#7413),.PCURVE_S1.);
#7402 = LINE('',#7403,#7404);
#7403 = CARTESIAN_POINT('',(9.160940268519,-14.65492412349,
    36.902499444455));
#7404 = VECTOR('',#7405,1.);
#7405 = DIRECTION('',(-0.321393804843,0.556670399226,-0.766044443119));
#7406 = PCURVE('',#4485,#7407);
#7407 = DEFINITIONAL_REPRESENTATION('',(#7408),#7412);
#7408 = LINE('',#7409,#7410);
#7409 = CARTESIAN_POINT('',(6.28318530718,-0.));
#7410 = VECTOR('',#7411,1.);
#7411 = DIRECTION('',(0.,1.));
#7412 = ( GEOMETRIC_REPRESENTATION_CONTEXT(2) 
PARAMETRIC_REPRESENTATION_CONTEXT() REPRESENTATION_CONTEXT('2D SPACE',''
  ) );
#7413 = PCURVE('',#4485,#7414);
#7414 = DEFINITIONAL_REPRESENTATION('',(#7415),#7419);
#7415 = LINE('',#7416,#7417);
#7416 = CARTESIAN_POINT('',(0.,-0.));
#7417 = VECTOR('',#7418,1.);
#7418 = DIRECTION('',(0.,1.));
#7419 = ( GEOMETRIC_REPRESENTATION_CONTEXT(2) 
PARAMETRIC_REPRESENTATION_CONTEXT() REPRESENTATION_CONTEXT('2D SPACE',''
  ) );
#7420 = ORIENTED_EDGE('',*,*,#6642,.T.);
#7421 = ORIENTED_EDGE('',*,*,#7400,.T.);
#7422 = ADVANCED_FACE('',(#7423),#4897,.F.);
#7423 = FACE_BOUND('',#7424,.F.);
#7424 = EDGE_LOOP('',(#7425,#7426,#7447,#7448));
#7425 = ORIENTED_EDGE('',*,*,#4633,.F.);
#7426 = ORIENTED_EDGE('',*,*,#7427,.F.);
#7427 = EDGE_CURVE('',#6677,#4634,#7428,.T.);
#7428 = SEAM_CURVE('',#7429,(#7433,#7440),.PCURVE_S1.);
#7429 = LINE('',#7430,#7431);
#7430 = CARTESIAN_POINT('',(17.172813872359,-1.15537327106E-03,
    36.984892534256));
#7431 = VECTOR('',#7432,1.);
#7432 = DIRECTION('',(-0.642787609687,-8.504801786368E-17,
    -0.766044443119));
#7433 = PCURVE('',#4897,#7434);
#7434 = DEFINITIONAL_REPRESENTATION('',(#7435),#7439);
#7435 = LINE('',#7436,#7437);
#7436 = CARTESIAN_POINT('',(6.28318530718,-0.));
#7437 = VECTOR('',#7438,1.);
#7438 = DIRECTION('',(0.,1.));
#7439 = ( GEOMETRIC_REPRESENTATION_CONTEXT(2) 
PARAMETRIC_REPRESENTATION_CONTEXT() REPRESENTATION_CONTEXT('2D SPACE',''
  ) );
#7440 = PCURVE('',#4897,#7441);
#7441 = DEFINITIONAL_REPRESENTATION('',(#7442),#7446);
#7442 = LINE('',#7443,#7444);
#7443 = CARTESIAN_POINT('',(0.,-0.));
#7444 = VECTOR('',#7445,1.);
#7445 = DIRECTION('',(0.,1.));
#7446 = ( GEOMETRIC_REPRESENTATION_CONTEXT(2) 
PARAMETRIC_REPRESENTATION_CONTEXT() REPRESENTATION_CONTEXT('2D SPACE',''
  ) );
#7447 = ORIENTED_EDGE('',*,*,#6676,.T.);
#7448 = ORIENTED_EDGE('',*,*,#7427,.T.);
#7449 = ADVANCED_FACE('',(#7450),#6782,.F.);
#7450 = FACE_BOUND('',#7451,.F.);
#7451 = EDGE_LOOP('',(#7452,#7453,#7474,#7475,#7476,#7477));
#7452 = ORIENTED_EDGE('',*,*,#6732,.F.);
#7453 = ORIENTED_EDGE('',*,*,#7454,.F.);
#7454 = EDGE_CURVE('',#7053,#6733,#7455,.T.);
#7455 = SEAM_CURVE('',#7456,(#7460,#7467),.PCURVE_S1.);
#7456 = LINE('',#7457,#7458);
#7457 = CARTESIAN_POINT('',(4.05,33.598844626729,4.5));
#7458 = VECTOR('',#7459,1.);
#7459 = DIRECTION('',(0.,-1.,1.110223024625E-16));
#7460 = PCURVE('',#6782,#7461);
#7461 = DEFINITIONAL_REPRESENTATION('',(#7462),#7466);
#7462 = LINE('',#7463,#7464);
#7463 = CARTESIAN_POINT('',(6.28318530718,-0.));
#7464 = VECTOR('',#7465,1.);
#7465 = DIRECTION('',(0.,1.));
#7466 = ( GEOMETRIC_REPRESENTATION_CONTEXT(2) 
PARAMETRIC_REPRESENTATION_CONTEXT() REPRESENTATION_CONTEXT('2D SPACE',''
  ) );
#7467 = PCURVE('',#6782,#7468);
#7468 = DEFINITIONAL_REPRESENTATION('',(#7469),#7473);
#7469 = LINE('',#7470,#7471);
#7470 = CARTESIAN_POINT('',(0.,-0.));
#7471 = VECTOR('',#7472,1.);
#7472 = DIRECTION('',(0.,1.));
#7473 = ( GEOMETRIC_REPRESENTATION_CONTEXT(2) 
PARAMETRIC_REPRESENTATION_CONTEXT() REPRESENTATION_CONTEXT('2D SPACE',''
  ) );
#7474 = ORIENTED_EDGE('',*,*,#7052,.T.);
#7475 = ORIENTED_EDGE('',*,*,#7454,.T.);
#7476 = ORIENTED_EDGE('',*,*,#6811,.F.);
#7477 = ORIENTED_EDGE('',*,*,#6924,.F.);
#7478 = ADVANCED_FACE('',(#7479),#6911,.F.);
#7479 = FACE_BOUND('',#7480,.T.);
#7480 = EDGE_LOOP('',(#7481));
#7481 = ORIENTED_EDGE('',*,*,#6896,.F.);
#7482 = ADVANCED_FACE('',(#7483),#2326,.F.);
#7483 = FACE_BOUND('',#7484,.F.);
#7484 = EDGE_LOOP('',(#7485,#7486,#7487,#7488));
#7485 = ORIENTED_EDGE('',*,*,#3437,.T.);
#7486 = ORIENTED_EDGE('',*,*,#3413,.T.);
#7487 = ORIENTED_EDGE('',*,*,#2309,.F.);
#7488 = ORIENTED_EDGE('',*,*,#2344,.F.);
#7489 = ADVANCED_FACE('',(#7490),#2665,.F.);
#7490 = FACE_BOUND('',#7491,.F.);
#7491 = EDGE_LOOP('',(#7492,#7493,#7494,#7495));
#7492 = ORIENTED_EDGE('',*,*,#3756,.T.);
#7493 = ORIENTED_EDGE('',*,*,#3732,.T.);
#7494 = ORIENTED_EDGE('',*,*,#2648,.F.);
#7495 = ORIENTED_EDGE('',*,*,#2688,.F.);
#7496 = ADVANCED_FACE('',(#7497),#2819,.F.);
#7497 = FACE_BOUND('',#7498,.F.);
#7498 = EDGE_LOOP('',(#7499,#7500,#7501,#7502));
#7499 = ORIENTED_EDGE('',*,*,#3910,.T.);
#7500 = ORIENTED_EDGE('',*,*,#3886,.T.);
#7501 = ORIENTED_EDGE('',*,*,#2802,.F.);
#7502 = ORIENTED_EDGE('',*,*,#2837,.F.);
#7503 = ( GEOMETRIC_REPRESENTATION_CONTEXT(3) 
GLOBAL_UNCERTAINTY_ASSIGNED_CONTEXT((#7507)) 
GLOBAL_UNIT_ASSIGNED_CONTEXT((#7504,#7505,#7506)) REPRESENTATION_CONTEXT
('Context #1','3D Context with UNIT and UNCERTAINTY') );
#7504 = ( LENGTH_UNIT() NAMED_UNIT(*) SI_UNIT(.MILLI.,.METRE.) );
#7505 = ( NAMED_UNIT(*) PLANE_ANGLE_UNIT() SI_UNIT($,.RADIAN.) );
#7506 = ( NAMED_UNIT(*) SI_UNIT($,.STERADIAN.) SOLID_ANGLE_UNIT() );
#7507 = UNCERTAINTY_MEASURE_WITH_UNIT(LENGTH_MEASURE(1.E-07),#7504,
  'distance_accuracy_value','confusion accuracy');
#7508 = PRODUCT_RELATED_PRODUCT_CATEGORY('part',$,(#7));
ENDSEC;
END-ISO-10303-21;
